split,source,sim_idx,frame,z0,z1,z2,z3,z4,z5
train,reid,0,0,-0.3856046497821808,0.21788084506988525,0.7487797141075134,0.6261628270149231,-0.7163461446762085,0.7741886377334595
train,reid,0,10,-0.4824162423610687,0.47283679246902466,1.1451064348220825,0.8742523193359375,-0.9685701727867126,1.0877000093460083
train,reid,0,20,-0.5713312029838562,0.7072983980178833,1.6132431030273438,1.142030119895935,-1.2666548490524292,1.4441680908203125
train,reid,0,30,-0.6692031621932983,0.9610646963119507,2.1047685146331787,1.4250679016113281,-1.5799342393875122,1.8297719955444336
train,reid,0,40,-0.7754331827163696,1.23245370388031,2.6145052909851074,1.7207026481628418,-1.9050861597061157,2.24074125289917
train,reid,0,50,-0.8894389867782593,1.5200163125991821,3.1402392387390137,2.0275392532348633,-2.24068021774292,2.674999475479126
train,reid,0,60,-1.011106252670288,1.8234905004501343,3.679527759552002,2.3445537090301514,-2.58514666557312,3.1306848526000977
train,reid,0,70,-1.1401151418685913,2.142162561416626,4.230602264404297,2.6708271503448486,-2.9373369216918945,3.60609769821167
train,reid,0,80,-1.2759134769439697,2.4747722148895264,4.791860103607178,3.0053019523620605,-3.2962074279785156,4.099464416503906
train,reid,0,90,-1.4179713726043701,2.8201065063476562,5.362362861633301,3.347184419631958,-3.661132335662842,4.60947847366333
train,reid,0,100,-1.5660501718521118,3.1777262687683105,5.940387725830078,3.6957015991210938,-4.031002998352051,5.134469985961914
train,reid,1,0,-0.31778836250305176,0.0404248982667923,0.41720202565193176,0.43539971113204956,-0.5005376935005188,0.48281896114349365
train,reid,1,10,-0.35728392004966736,0.1618153303861618,0.8717142343521118,0.6554316878318787,-0.7883381247520447,0.780224084854126
train,reid,1,20,-0.3876116871833801,0.2590963840484619,1.392822504043579,0.891844630241394,-1.1190402507781982,1.1182379722595215
train,reid,1,30,-0.4294213354587555,0.3811350464820862,1.9412399530410767,1.147152066230774,-1.4678847789764404,1.4924527406692505
train,reid,1,40,-0.4844575524330139,0.5317100882530212,2.515411615371704,1.4220125675201416,-1.8338967561721802,1.9041357040405273
train,reid,1,50,-0.5529403686523438,0.71101975440979,3.1154348850250244,1.7164394855499268,-2.2171380519866943,2.3540260791778564
train,reid,1,60,-0.6346145272254944,0.9182053208351135,3.7410693168640137,2.02994704246521,-2.6174402236938477,2.8420016765594482
train,reid,1,70,-0.7288897037506104,1.1516450643539429,4.391822814941406,2.3616790771484375,-3.034468650817871,3.3673863410949707
train,reid,1,80,-0.8350154161453247,1.4094080924987793,5.0664286613464355,2.7103891372680664,-3.467383861541748,3.928682565689087
train,reid,1,90,-0.9520553350448608,1.6891863346099854,5.7634477615356445,3.07464599609375,-3.9152302742004395,4.523944854736328
train,reid,1,100,-1.0785990953445435,1.987598180770874,6.4813385009765625,3.4525914192199707,-4.376964569091797,5.150580883026123
train,reid,2,0,-0.7526064515113831,1.0880600214004517,0.17503562569618225,0.7301769256591797,-0.34916168451309204,0.6252999305725098
train,reid,2,10,-0.9389396905899048,1.5564831495285034,0.2792997360229492,0.9418391585350037,-0.41613802313804626,0.8422607183456421
train,reid,2,20,-1.1366606950759888,2.0503344535827637,0.3978651463985443,1.1678227186203003,-0.49267441034317017,1.0836647748947144
train,reid,2,30,-1.3455495834350586,2.569145917892456,0.5326843857765198,1.4087395668029785,-0.5800008177757263,1.3503873348236084
train,reid,2,40,-1.5651570558547974,3.1118223667144775,0.6840509176254272,1.664311408996582,-0.6783003211021423,1.642184853553772
train,reid,2,50,-1.795190691947937,3.6776866912841797,0.8520169854164124,1.9343256950378418,-0.787591278553009,1.9586982727050781
train,reid,2,60,-2.035386323928833,4.266086101531982,1.0360503196716309,2.218332290649414,-0.9075284600257874,2.299349069595337
train,reid,2,70,-2.285289764404297,4.87596321105957,1.2365262508392334,2.5161027908325195,-1.038333773612976,2.6638271808624268
train,reid,2,80,-2.54433536529541,5.505967617034912,1.4529790878295898,2.826979398727417,-1.1796983480453491,3.0512211322784424
train,reid,2,90,-2.8120620250701904,6.155028820037842,1.6854429244995117,3.1505956649780273,-1.331624984741211,3.461000919342041
train,reid,2,100,-3.0879876613616943,6.8219895362854,1.9325590133666992,3.4859933853149414,-1.493234634399414,3.891791343688965
train,reid,3,0,-0.5615668892860413,0.6315875053405762,0.6092310547828674,0.7304853200912476,-0.6262885928153992,0.7342109680175781
train,reid,3,10,-0.774726152420044,1.1651908159255981,0.6947201490402222,0.9588221311569214,-0.68165123462677,0.9655483961105347
train,reid,3,20,-0.998203694820404,1.7214140892028809,0.7921594381332397,1.1994941234588623,-0.7450329661369324,1.21901273727417
train,reid,3,30,-1.231632113456726,2.2995243072509766,0.9056254029273987,1.4538133144378662,-0.8190288543701172,1.496741771697998
train,reid,3,40,-1.4742255210876465,2.897639751434326,1.036015272140503,1.7214512825012207,-0.9042029976844788,1.7985284328460693
train,reid,3,50,-1.7259347438812256,3.515631914138794,1.1827670335769653,2.0021471977233887,-1.000192642211914,2.1239519119262695
train,reid,3,60,-1.9860353469848633,4.15177059173584,1.3461122512817383,2.295374870300293,-1.1071324348449707,2.4724044799804688
train,reid,3,70,-2.254094123840332,4.805019378662109,1.5258419513702393,2.600682497024536,-1.2248791456222534,2.843294382095337
train,reid,3,80,-2.5297691822052,5.474584579467773,1.7213475704193115,2.9175546169281006,-1.3530328273773193,3.2358155250549316
train,reid,3,90,-2.8122453689575195,6.158531188964844,1.9325220584869385,3.245267868041992,-1.49150812625885,3.6490063667297363
train,reid,3,100,-3.1009342670440674,6.855493068695068,2.1592628955841064,3.5833067893981934,-1.640222191810608,4.082099437713623
train,reid,4,0,-0.3696326017379761,0.1612931489944458,0.33669808506965637,0.45070821046829224,-0.4486697316169739,0.45032545924186707
train,reid,4,10,-0.45967593789100647,0.4018523693084717,0.639028787612915,0.6562077403068542,-0.6403425931930542,0.6975926756858826
train,reid,4,20,-0.5541353225708008,0.6513211727142334,0.9637207388877869,0.8735489249229431,-0.8466297388076782,0.9669328331947327
train,reid,4,30,-0.6613563895225525,0.929909884929657,1.2994294166564941,1.1057175397872925,-1.060379147529602,1.2588661909103394
train,reid,4,40,-0.7819565534591675,1.2390979528427124,1.645351767539978,1.352952003479004,-1.2810821533203125,1.573441505432129
train,reid,4,50,-0.9161517024040222,1.5793919563293457,2.0007822513580322,1.6151671409606934,-1.5082882642745972,1.9103922843933105
train,reid,4,60,-1.0640498399734497,1.9510377645492554,2.3653979301452637,1.8923289775848389,-1.7417974472045898,2.2696266174316406
train,reid,4,70,-1.2253588438034058,2.353329658508301,2.739077568054199,2.184138059616089,-1.981520414352417,2.650733709335327
train,reid,4,80,-1.4002858400344849,2.7867507934570312,3.1209800243377686,2.4904403686523438,-2.226919412612915,3.0533647537231445
train,reid,4,90,-1.58848237991333,3.250458240509033,3.510749340057373,2.810793876647949,-2.477762460708618,3.476919651031494
train,reid,4,100,-1.7897217273712158,3.7439181804656982,3.9081645011901855,3.144918918609619,-2.7338900566101074,3.9209508895874023
train,reid,5,0,-0.4255417585372925,0.31601178646087646,0.7797863483428955,0.6733121871948242,-0.7375543713569641,0.8417462706565857
train,reid,5,10,-0.5019444823265076,0.5230101943016052,1.267668604850769,0.9390192031860352,-1.0473291873931885,1.1927123069763184
train,reid,5,20,-0.5655116438865662,0.6969261169433594,1.8204009532928467,1.2171248197555542,-1.3985694646835327,1.5783636569976807
train,reid,5,30,-0.6313932538032532,0.8739227056503296,2.3898768424987793,1.5021226406097412,-1.7608168125152588,1.9832754135131836
train,reid,5,40,-0.697858989238739,1.0497617721557617,2.977766752243042,1.7930017709732056,-2.135075569152832,2.407083749771118
train,reid,5,50,-0.7636120319366455,1.22121000289917,3.5855860710144043,2.0890400409698486,-2.5222463607788086,2.849726915359497
train,reid,5,60,-0.8277207016944885,1.3859598636627197,4.214606761932373,2.389773368835449,-2.9230594635009766,3.311128616333008
train,reid,5,70,-0.889585554599762,1.5424909591674805,4.865857124328613,2.6949217319488525,-3.3381011486053467,3.791382312774658
train,reid,5,80,-0.9483168125152588,1.6886374950408936,5.5405707359313965,3.0040595531463623,-3.7680773735046387,4.290351390838623
train,reid,5,90,-1.0037641525268555,1.824029564857483,6.2397308349609375,3.3173329830169678,-4.21354341506958,4.808364391326904
train,reid,5,100,-1.0556608438491821,1.9480564594268799,6.964275360107422,3.6347851753234863,-4.675018310546875,5.34554386138916
train,reid,6,0,-0.4590931534767151,0.38364285230636597,0.32922184467315674,0.5265206098556519,-0.44654902815818787,0.5646119117736816
train,reid,6,10,-0.5308495759963989,0.5800957083702087,0.7138068675994873,0.7480528354644775,-0.6906329989433289,0.8467531204223633
train,reid,6,20,-0.6049591898918152,0.7806336879730225,1.1474989652633667,0.9896863102912903,-0.9663777947425842,1.1674542427062988
train,reid,6,30,-0.6899845004081726,1.005398154258728,1.6053332090377808,1.249119758605957,-1.2579913139343262,1.519161343574524
train,reid,6,40,-0.7855420708656311,1.2533271312713623,2.0836076736450195,1.5245260000228882,-1.5631150007247925,1.8992831707000732
train,reid,6,50,-0.8911423087120056,1.5231900215148926,2.5789239406585693,1.8141306638717651,-1.8795572519302368,2.305124521255493
train,reid,6,60,-1.0055934190750122,1.8121552467346191,3.0898306369781494,2.1163437366485596,-2.206360101699829,2.7344605922698975
train,reid,6,70,-1.1279182434082031,2.117948055267334,3.614821195602417,2.429758071899414,-2.542527675628662,3.1851673126220703
train,reid,6,80,-1.2569398880004883,2.4378504753112793,4.15252161026001,2.752863645553589,-2.887143850326538,3.6549434661865234
train,reid,6,90,-1.3914058208465576,2.768990993499756,4.702484607696533,3.084451198577881,-3.239884853363037,4.141998767852783
train,reid,6,100,-1.5299725532531738,3.1082727909088135,5.263538837432861,3.4229531288146973,-3.5999631881713867,4.643993377685547
train,reid,7,0,-0.5382313132286072,0.5867716670036316,0.5644059181213379,0.6895543932914734,-0.600269615650177,0.8006681203842163
train,reid,7,10,-0.6499510407447815,0.8781195878982544,0.9484759569168091,0.9463527202606201,-0.8447767496109009,1.119781732559204
train,reid,7,20,-0.7619225978851318,1.1682066917419434,1.3637425899505615,1.214521050453186,-1.109485149383545,1.4638592004776
train,reid,7,30,-0.8808206915855408,1.472922682762146,1.7915494441986084,1.4926238059997559,-1.3826115131378174,1.827479600906372
train,reid,7,40,-1.0070381164550781,1.7931649684906006,2.2295126914978027,1.7800581455230713,-1.6626253128051758,2.2093822956085205
train,reid,7,50,-1.1404180526733398,2.1285369396209717,2.6770997047424316,2.0764503479003906,-1.9491816759109497,2.6090543270111084
train,reid,7,60,-1.2808012962341309,2.4786674976348877,3.133089303970337,2.381185531616211,-2.241488218307495,3.0254528522491455
train,reid,7,70,-1.4280891418457031,2.8433401584625244,3.596926212310791,2.693958282470703,-2.539174795150757,3.4580163955688477
train,reid,7,80,-1.5820256471633911,3.2219440937042236,4.068308353424072,3.0144119262695312,-2.842038154602051,3.9062459468841553
train,reid,7,90,-1.7422702312469482,3.6136956214904785,4.547304630279541,3.342266082763672,-3.1501004695892334,4.369755744934082
train,reid,7,100,-1.9085023403167725,4.017831802368164,5.033758163452148,3.6771631240844727,-3.4632468223571777,4.848074436187744
train,reid,8,0,-0.2393275797367096,-0.15542058646678925,0.6457247138023376,0.45641303062438965,-0.6451349258422852,0.4989938735961914
train,reid,8,10,-0.4351915419101715,0.3393767178058624,0.7612485289573669,0.6820328831672668,-0.7191619873046875,0.73039710521698
train,reid,8,20,-0.6435894966125488,0.8624403476715088,0.8928441405296326,0.9237874150276184,-0.8039354681968689,0.9885501265525818
train,reid,8,30,-0.8639074563980103,1.4123187065124512,1.043866753578186,1.182408332824707,-0.9015399217605591,1.2748597860336304
train,reid,8,40,-1.0956759452819824,1.987811803817749,1.2138160467147827,1.4572619199752808,-1.0116387605667114,1.5885440111160278
train,reid,8,50,-1.338486671447754,2.5879032611846924,1.4022666215896606,1.747817039489746,-1.1339445114135742,1.928901195526123
train,reid,8,60,-1.591928482055664,3.2115886211395264,1.608670949935913,2.0535027980804443,-1.2680951356887817,2.295135498046875
train,reid,8,70,-1.8553857803344727,3.8573882579803467,1.8328049182891846,2.3736987113952637,-1.4139297008514404,2.686440944671631
train,reid,8,80,-2.128288507461548,4.523935794830322,2.0740699768066406,2.7076826095581055,-1.571051001548767,3.101811170578003
train,reid,8,90,-2.410006046295166,5.209741115570068,2.3320016860961914,3.0547471046447754,-1.7391455173492432,3.540231704711914
train,reid,8,100,-2.699723958969116,5.912877082824707,2.6061947345733643,3.4140400886535645,-1.9179332256317139,4.000544548034668
train,reid,9,0,-0.7404011487960815,1.0637589693069458,0.24966400861740112,0.7482010722160339,-0.3979033827781677,0.6902462244033813
train,reid,9,10,-0.9139144420623779,1.5016250610351562,0.3923487067222595,0.9638289213180542,-0.48920267820358276,0.919047474861145
train,reid,9,20,-1.1004067659378052,1.9689085483551025,0.5487359762191772,1.195072889328003,-0.5897182822227478,1.173372745513916
train,reid,9,30,-1.2994282245635986,2.4644641876220703,0.7198101878166199,1.441881537437439,-0.7000393867492676,1.453343391418457
train,reid,9,40,-1.5107258558273315,2.9876182079315186,0.9054079651832581,1.7039300203323364,-0.8200535774230957,1.7586907148361206
train,reid,9,50,-1.7342784404754639,3.5382866859436035,1.1050009727478027,1.9809786081314087,-0.9494182467460632,2.0890560150146484
train,reid,9,60,-1.9697247743606567,4.1155619621276855,1.3186261653900146,2.2726962566375732,-1.088147759437561,2.4441559314727783
train,reid,9,70,-2.216543197631836,4.7181925773620605,1.5466172695159912,2.5787594318389893,-1.2364457845687866,2.823678493499756
train,reid,9,80,-2.4742624759674072,5.345005989074707,1.7881195545196533,2.8983957767486572,-1.3937543630599976,3.2266488075256348
train,reid,9,90,-2.7422406673431396,5.994486331939697,2.0433239936828613,3.2311325073242188,-1.5601764917373657,3.6524715423583984
train,reid,9,100,-3.019895553588867,6.665222644805908,2.311638355255127,3.576216459274292,-1.7353198528289795,4.1001996994018555
train,reid,10,0,-0.5634815096855164,0.6263477206230164,0.3158113360404968,0.6166906952857971,-0.43658941984176636,0.5384305715560913
train,reid,10,10,-0.7652058601379395,1.1335643529891968,0.4056757390499115,0.8371722102165222,-0.4945734143257141,0.759154200553894
train,reid,10,20,-0.9778362512588501,1.6648268699645996,0.5155608057975769,1.0736122131347656,-0.5657774209976196,1.0080492496490479
train,reid,10,30,-1.2008213996887207,2.2188217639923096,0.6455159187316895,1.3255767822265625,-0.6501948833465576,1.2843918800354004
train,reid,10,40,-1.433276653289795,2.7934226989746094,0.7953519225120544,1.5922282934188843,-0.7476832866668701,1.587128758430481
train,reid,10,50,-1.674649715423584,3.38733172416687,0.9642107486724854,1.8727778196334839,-0.8576762676239014,1.915054440498352
train,reid,10,60,-1.9240617752075195,3.9984793663024902,1.1516286134719849,2.1663129329681396,-0.9798557758331299,2.266883373260498
train,reid,10,70,-2.180978298187256,4.625627517700195,1.3566291332244873,2.472018241882324,-1.1135799884796143,2.641334295272827
train,reid,10,80,-2.444667339324951,5.267064094543457,1.5785794258117676,2.7890381813049316,-1.2584221363067627,3.037152051925659
train,reid,10,90,-2.7142889499664307,5.920859336853027,1.8168869018554688,3.116471529006958,-1.4139790534973145,3.452925443649292
train,reid,10,100,-2.989058256149292,6.585184574127197,2.0707437992095947,3.453355312347412,-1.5797102451324463,3.887211561203003
train,reid,11,0,-0.17018213868141174,-0.3166919946670532,0.6156378984451294,0.38196924328804016,-0.6260120868682861,0.47584202885627747
train,reid,11,10,-0.21382272243499756,-0.18565447628498077,1.0539312362670898,0.5992704629898071,-0.9036909937858582,0.7669972777366638
train,reid,11,20,-0.25394222140312195,-0.06496010720729828,1.5471874475479126,0.8336358666419983,-1.2167494297027588,1.0950164794921875
train,reid,11,30,-0.3042509853839874,0.07782232016324997,2.060551404953003,1.0833711624145508,-1.543102741241455,1.4510619640350342
train,reid,11,40,-0.36338895559310913,0.23931822180747986,2.5928330421447754,1.346735954284668,-1.8819293975830078,1.8330259323120117
train,reid,11,50,-0.42968934774398804,0.4154505133628845,3.1428279876708984,1.6217236518859863,-2.2323951721191406,2.238471746444702
train,reid,11,60,-0.5016747117042542,0.6026713848114014,3.7091946601867676,1.9064966440200806,-2.5935957431793213,2.6649749279022217
train,reid,11,70,-0.5780014991760254,0.7978057861328125,4.29051399230957,2.199329376220703,-2.964571475982666,3.1101255416870117
train,reid,11,80,-0.6568132638931274,0.9964523911476135,4.88604736328125,2.498305559158325,-3.3447935581207275,3.5714502334594727
train,reid,11,90,-0.7372546195983887,1.1966453790664673,5.4941182136535645,2.802051544189453,-3.7331533432006836,4.046820640563965
train,reid,11,100,-0.8177071213722229,1.3946166038513184,6.114080429077148,3.1089327335357666,-4.129186630249023,4.5339884757995605
train,reid,12,0,-0.689467191696167,0.9357188940048218,0.28675174713134766,0.717954695224762,-0.42017966508865356,0.6407505869865417
train,reid,12,10,-0.8896249532699585,1.4373071193695068,0.3572830557823181,0.9287079572677612,-0.46592557430267334,0.8497219681739807
train,reid,12,20,-1.1012052297592163,1.9641315937042236,0.4436410069465637,1.1540942192077637,-0.5222489237785339,1.0851402282714844
train,reid,12,30,-1.3213682174682617,2.5093135833740234,0.5521312952041626,1.3940763473510742,-0.5931026935577393,1.3480688333511353
train,reid,12,40,-1.5493618249893188,3.071017265319824,0.6818181276321411,1.6476356983184814,-0.6778716444969177,1.637117862701416
train,reid,12,50,-1.784710168838501,3.6481499671936035,0.8323351144790649,1.914269208908081,-0.7763042449951172,1.9513927698135376
train,reid,12,60,-2.0266668796539307,4.238951206207275,1.002860426902771,2.19303822517395,-0.8878536820411682,2.2895047664642334
train,reid,12,70,-2.274444341659546,4.841622352600098,1.1935689449310303,2.4833943843841553,-1.0126065015792847,2.650547981262207
train,reid,12,80,-2.5275349617004395,5.454988956451416,1.4024850130081177,2.784172773361206,-1.1492849588394165,3.0325846672058105
train,reid,12,90,-2.785146713256836,6.077269554138184,1.6296330690383911,3.0947747230529785,-1.2978763580322266,3.434584379196167
train,reid,12,100,-3.0465645790100098,6.706843376159668,1.8738160133361816,3.4141950607299805,-1.4575932025909424,3.854797601699829
train,reid,13,0,-0.49672597646713257,0.4909041225910187,0.637511670589447,0.6811263561248779,-0.6472306847572327,0.8304453492164612
train,reid,13,10,-0.6195372343063354,0.8067142963409424,0.981621265411377,0.9313459992408752,-0.8665304780006409,1.1367756128311157
train,reid,13,20,-0.7484680414199829,1.1357628107070923,1.3663558959960938,1.201797604560852,-1.1121315956115723,1.4796490669250488
train,reid,13,30,-0.891609787940979,1.4970611333847046,1.7760705947875977,1.493238925933838,-1.374176025390625,1.8574495315551758
train,reid,13,40,-1.0478837490081787,1.8875389099121094,2.2095797061920166,1.8039469718933105,-1.6518961191177368,2.269122838973999
train,reid,13,50,-1.2156294584274292,2.3028650283813477,2.665100574493408,2.13154935836792,-1.944126009941101,2.712395191192627
train,reid,13,60,-1.3926050662994385,2.7374608516693115,3.1406571865081787,2.473174571990967,-2.2495574951171875,3.184037923812866
train,reid,13,70,-1.5766947269439697,3.1861705780029297,3.6333773136138916,2.8257837295532227,-2.5663068294525146,3.6801319122314453
train,reid,13,80,-1.7657444477081299,3.643815517425537,4.140954494476318,3.1865673065185547,-2.8928403854370117,4.196968078613281
train,reid,13,90,-1.9574251174926758,4.104899883270264,4.661530017852783,3.5527968406677246,-3.2279107570648193,4.730811595916748
train,reid,13,100,-2.1495351791381836,4.564266681671143,5.192262649536133,3.921502113342285,-3.569641351699829,5.277313709259033
train,reid,14,0,-0.34915587306022644,0.11940666288137436,0.4955214262008667,0.4941856861114502,-0.5517449975013733,0.563287079334259
train,reid,14,10,-0.44018059968948364,0.36121004819869995,0.814940869808197,0.70682293176651,-0.754244863986969,0.8225761651992798
train,reid,14,20,-0.526092529296875,0.5887751579284668,1.1512504816055298,0.9206842184066772,-0.9675124883651733,1.0909932851791382
train,reid,14,30,-0.6209661364555359,0.8366681337356567,1.495733618736267,1.1449861526489258,-1.1862072944641113,1.3759957551956177
train,reid,14,40,-0.7272425293922424,1.1109369993209839,1.8511306047439575,1.382974624633789,-1.4121074676513672,1.681567668914795
train,reid,14,50,-0.8460008502006531,1.4142351150512695,2.219407081604004,1.6363672018051147,-1.6464817523956299,2.009995460510254
train,reid,14,60,-0.9783854484558105,1.7493011951446533,2.602149486541748,1.906749963760376,-1.8903590440750122,2.3634848594665527
train,reid,14,70,-1.125400185585022,2.1185247898101807,3.001004695892334,2.1956074237823486,-2.1448049545288086,2.7441511154174805
train,reid,14,80,-1.287864327430725,2.523820638656616,3.4167723655700684,2.5039329528808594,-2.4103424549102783,3.153393268585205
train,reid,14,90,-1.4666292667388916,2.9671740531921387,3.8507895469665527,2.832939624786377,-2.687840461730957,3.5930275917053223
train,reid,14,100,-1.662729263305664,3.4510116577148438,4.303544044494629,3.1836819648742676,-2.9776241779327393,4.064467430114746
train,reid,15,0,-0.6255894899368286,0.7920981049537659,0.38450539112091064,0.6980040073394775,-0.48412322998046875,0.7163074612617493
train,reid,15,10,-0.7415949106216431,1.093184232711792,0.6753414869308472,0.9211440086364746,-0.6691623330116272,0.9842921495437622
train,reid,15,20,-0.8623933792114258,1.4042307138442993,0.9926403164863586,1.1580581665039062,-0.8714964389801025,1.2777962684631348
train,reid,15,30,-0.9941232204437256,1.739820122718811,1.3205981254577637,1.4079265594482422,-1.0810692310333252,1.592435359954834
train,reid,15,40,-1.1362433433532715,2.098604679107666,1.6575804948806763,1.669621229171753,-1.2968121767044067,1.9265613555908203
train,reid,15,50,-1.2884823083877563,2.479940414428711,2.0025529861450195,1.942500114440918,-1.5180424451828003,2.2791402339935303
train,reid,15,60,-1.45004141330719,2.8819620609283447,2.355159282684326,2.225764513015747,-1.7445052862167358,2.648967981338501
train,reid,15,70,-1.6205687522888184,3.30385684967041,2.7146623134613037,2.5188252925872803,-1.975711703300476,3.0351309776306152
train,reid,15,80,-1.7991790771484375,3.743581533432007,3.0808470249176025,2.820875644683838,-2.2114920616149902,3.4363818168640137
train,reid,15,90,-1.9853739738464355,4.199989318847656,3.453073263168335,3.1312453746795654,-2.4514150619506836,3.8517024517059326
train,reid,15,100,-2.178434133529663,4.671429634094238,3.831343173980713,3.4493420124053955,-2.6954598426818848,4.280220031738281
train,reid,16,0,-0.5881220102310181,0.6896406412124634,0.24751487374305725,0.6115012764930725,-0.3936111629009247,0.5439404845237732
train,reid,16,10,-0.7510464787483215,1.1032295227050781,0.4137832224369049,0.8278347253799438,-0.4998091161251068,0.7748395800590515
train,reid,16,20,-0.9261798858642578,1.5444480180740356,0.5966395139694214,1.0603755712509155,-0.6170940399169922,1.0322844982147217
train,reid,16,30,-1.1134768724441528,2.0130999088287354,0.7959043383598328,1.3089648485183716,-0.7452902793884277,1.3159648180007935
train,reid,16,40,-1.3126780986785889,2.5085206031799316,1.011138916015625,1.5731894969940186,-0.8841007351875305,1.6253079175949097
train,reid,16,50,-1.5236420631408691,3.0303289890289307,1.2413562536239624,1.8525298833847046,-1.0328869819641113,1.959537148475647
train,reid,16,60,-1.7460038661956787,3.5776543617248535,1.4862048625946045,2.1465353965759277,-1.1914141178131104,2.3180177211761475
train,reid,16,70,-1.9791996479034424,4.149146556854248,1.7453052997589111,2.454576253890991,-1.359424114227295,2.6999006271362305
train,reid,16,80,-2.222816228866577,4.743831634521484,2.017946243286133,2.776026964187622,-1.5364466905593872,3.1042263507843018
train,reid,16,90,-2.4762656688690186,5.36031436920166,2.303591012954712,3.1101770401000977,-1.7221269607543945,3.5300350189208984
train,reid,16,100,-2.7389414310455322,5.99717903137207,2.600741147994995,3.455939769744873,-1.9154847860336304,3.9756240844726562
train,reid,17,0,-0.41793912649154663,0.2855603098869324,0.3527956008911133,0.49920162558555603,-0.4610613286495209,0.5447719693183899
train,reid,17,10,-0.4869551956653595,0.4752230644226074,0.7215055227279663,0.7119135856628418,-0.6947181224822998,0.8145346641540527
train,reid,17,20,-0.5531293153762817,0.6560192108154297,1.1032031774520874,0.9263456463813782,-0.9367942810058594,1.09346604347229
train,reid,17,30,-0.6257177591323853,0.850691556930542,1.4841735363006592,1.1455000638961792,-1.1787004470825195,1.3813709020614624
train,reid,17,40,-0.705102801322937,1.0603320598602295,1.8658663034439087,1.3703365325927734,-1.4213929176330566,1.6795251369476318
train,reid,17,50,-0.7919355630874634,1.286616325378418,2.249663829803467,1.601999282836914,-1.6657836437225342,1.989448070526123
train,reid,17,60,-0.8865338563919067,1.5303634405136108,2.636382579803467,1.8411078453063965,-1.9124066829681396,2.3119332790374756
train,reid,17,70,-0.989467978477478,1.7929697036743164,3.0270602703094482,2.088566541671753,-2.161940097808838,2.6482198238372803
train,reid,17,80,-1.1008514165878296,2.0747246742248535,3.4226202964782715,2.344834566116333,-2.41498064994812,2.9990267753601074
train,reid,17,90,-1.221478819847107,2.377556800842285,3.824014186859131,2.6109769344329834,-2.672147512435913,3.3657195568084717
train,reid,17,100,-1.3516736030578613,2.7022268772125244,4.231716156005859,2.887448787689209,-2.9337546825408936,3.7489795684814453
train,reid,18,0,-0.5125677585601807,0.5195347666740417,0.49159228801727295,0.6385958194732666,-0.5518826246261597,0.6999204754829407
train,reid,18,10,-0.6057351231575012,0.766417920589447,0.8403931260108948,0.8645491600036621,-0.7733142375946045,0.9808677434921265
train,reid,18,20,-0.6968122124671936,1.006605625152588,1.2193305492401123,1.099554181098938,-1.0140924453735352,1.2825201749801636
train,reid,18,30,-0.7958608269691467,1.2643492221832275,1.608199954032898,1.3445748090744019,-1.2614989280700684,1.6019320487976074
train,reid,18,40,-0.9032660722732544,1.5406136512756348,2.0072076320648193,1.6000313758850098,-1.515666127204895,1.9395421743392944
train,reid,18,50,-1.0190435647964478,1.8354604244232178,2.4169976711273193,1.8661890029907227,-1.7769980430603027,2.2957000732421875
train,reid,18,60,-1.143093466758728,2.148669958114624,2.8379483222961426,2.1431078910827637,-2.045724391937256,2.6704494953155518
train,reid,18,70,-1.2752071619033813,2.4797656536102295,3.2709858417510986,2.4309682846069336,-2.322425603866577,3.0641047954559326
train,reid,18,80,-1.4152072668075562,2.8283443450927734,3.716701030731201,2.729841709136963,-2.6074609756469727,3.476780414581299
train,reid,18,90,-1.5628103017807007,3.1937716007232666,4.175917625427246,3.039813995361328,-2.9013419151306152,3.908586025238037
train,reid,18,100,-1.7179304361343384,3.575845956802368,4.6487579345703125,3.3608510494232178,-3.2041358947753906,4.3594865798950195
train,reid,19,0,-0.6204400062561035,0.7882744073867798,0.4653968811035156,0.7234209179878235,-0.5382972359657288,0.8305389285087585
train,reid,19,10,-0.7292585968971252,1.0712897777557373,0.8341556787490845,0.9710789918899536,-0.772881805896759,1.138638973236084
train,reid,19,20,-0.8380323052406311,1.3523422479629517,1.2291597127914429,1.2280226945877075,-1.0245437622070312,1.46824049949646
train,reid,19,30,-0.9561657309532166,1.6543124914169312,1.63380765914917,1.4962103366851807,-1.282827377319336,1.8173243999481201
train,reid,19,40,-1.0839717388153076,1.9779776334762573,2.048095703125,1.7759382724761963,-1.547746181488037,2.1861579418182373
train,reid,19,50,-1.2210354804992676,2.322314739227295,2.4739274978637695,2.0675578117370605,-1.820532202720642,2.5756969451904297
train,reid,19,60,-1.3676344156265259,2.6879444122314453,2.9110355377197266,2.371184825897217,-2.101031541824341,2.9861221313476562
train,reid,19,70,-1.5241252183914185,3.0756709575653076,3.359187126159668,2.6870083808898926,-2.3891189098358154,3.4177584648132324
train,reid,19,80,-1.6906017065048218,3.4856200218200684,3.81864857673645,3.0151541233062744,-2.6849851608276367,3.871065139770508
train,reid,19,90,-1.8670992851257324,3.917788505554199,4.2896199226379395,3.3556647300720215,-2.988767385482788,4.346351146697998
train,reid,19,100,-2.0536952018737793,4.372279167175293,4.771227836608887,3.708224296569824,-3.2999215126037598,4.843259334564209
train,reid,20,0,-0.5816811323165894,0.6802552938461304,0.6061450242996216,0.7473087310791016,-0.6247532367706299,0.7530242204666138
train,reid,20,10,-0.7997254729270935,1.2254468202590942,0.6970424652099609,0.9820566177368164,-0.6837636232376099,0.9926348924636841
train,reid,20,20,-1.0300073623657227,1.7977910041809082,0.8029568791389465,1.2319283485412598,-0.7528245449066162,1.258677363395691
train,reid,20,30,-1.2706204652786255,2.392742395401001,0.9266318082809448,1.4963626861572266,-0.8336616158485413,1.550951361656189
train,reid,20,40,-1.5211557149887085,3.0093047618865967,1.0674797296524048,1.774769902229309,-0.9258973002433777,1.8686859607696533
train,reid,20,50,-1.7808759212493896,3.6457228660583496,1.2255935668945312,2.0665597915649414,-1.0295711755752563,2.2111353874206543
train,reid,20,60,-2.04925537109375,4.300734996795654,1.400006651878357,2.370903253555298,-1.144054651260376,2.5771186351776123
train,reid,20,70,-2.325688362121582,4.972894668579102,1.5899920463562012,2.6869988441467285,-1.2688721418380737,2.965521812438965
train,reid,20,80,-2.6094179153442383,5.660428524017334,1.7951083183288574,3.014042377471924,-1.4037220478057861,3.3752007484436035
train,reid,20,90,-2.899615526199341,6.361403942108154,2.0153298377990723,3.3513429164886475,-1.5485605001449585,3.8051466941833496
train,reid,20,100,-3.195603132247925,7.074217319488525,2.249295949935913,3.697783946990967,-1.7025065422058105,4.25377893447876
train,reid,21,0,-0.4070582687854767,0.25360584259033203,0.6007938981056213,0.5890428423881531,-0.6184200048446655,0.5998474359512329
train,reid,21,10,-0.5665690898895264,0.6591082215309143,0.7769503593444824,0.8059790134429932,-0.730709969997406,0.835033655166626
train,reid,21,20,-0.7360427975654602,1.0868076086044312,0.963638186454773,1.034920334815979,-0.8501160740852356,1.0900026559829712
train,reid,21,30,-0.9167187809944153,1.5398608446121216,1.1608413457870483,1.2770411968231201,-0.9766385555267334,1.3656929731369019
train,reid,21,40,-1.1082429885864258,2.0174219608306885,1.368962287902832,1.5321922302246094,-1.1105272769927979,1.6619949340820312
train,reid,21,50,-1.3104583024978638,2.5191214084625244,1.5875346660614014,1.8000684976577759,-1.2514792680740356,1.9784080982208252
train,reid,21,60,-1.522961139678955,3.044001817703247,1.8166108131408691,2.0803415775299072,-1.3995189666748047,2.314535140991211
train,reid,21,70,-1.745344638824463,3.591099262237549,2.0558269023895264,2.372528553009033,-1.554398536682129,2.669667959213257
train,reid,21,80,-1.9774699211120605,4.160111427307129,2.304640769958496,2.6763131618499756,-1.7157636880874634,3.0432417392730713
train,reid,21,90,-2.2189342975616455,4.750087738037109,2.5621674060821533,2.9910168647766113,-1.8830349445343018,3.4342050552368164
train,reid,21,100,-2.469097137451172,5.359529972076416,2.8288817405700684,3.3162784576416016,-2.056499719619751,3.842167854309082
train,reid,22,0,-0.4809388518333435,0.4306739568710327,0.2720142602920532,0.5247639417648315,-0.4084456264972687,0.49589696526527405
train,reid,22,10,-0.6059414744377136,0.7543270587921143,0.4990541934967041,0.7310580611228943,-0.552770733833313,0.7314801812171936
train,reid,22,20,-0.7419294118881226,1.1026840209960938,0.7373972535133362,0.9506273865699768,-0.704711377620697,0.9882845878601074
train,reid,22,30,-0.8897145986557007,1.4777852296829224,0.9861285090446472,1.1838679313659668,-0.8636635541915894,1.2663066387176514
train,reid,22,40,-1.0490728616714478,1.8791022300720215,1.2448371648788452,1.430433750152588,-1.0293586254119873,1.5650248527526855
train,reid,22,50,-1.219599962234497,2.3056938648223877,1.5133415460586548,1.6899182796478271,-1.2016676664352417,1.883846402168274
train,reid,22,60,-1.4007418155670166,2.7562525272369385,1.791609525680542,1.9618396759033203,-1.3805543184280396,2.222140073776245
train,reid,22,70,-1.5924170017242432,3.2306089401245117,2.078697919845581,2.2457752227783203,-1.56540846824646,2.579148530960083
train,reid,22,80,-1.7939164638519287,3.727100372314453,2.374601364135742,2.5411224365234375,-1.756203055381775,2.954064130783081
train,reid,22,90,-2.00472092628479,4.244523525238037,2.6787285804748535,2.8472237586975098,-1.952544927597046,3.3458821773529053
train,reid,22,100,-2.224573850631714,4.782285690307617,2.990041732788086,3.163457155227661,-2.1537575721740723,3.7536239624023438
train,reid,23,0,-0.4280349612236023,0.3108576536178589,0.3624587953090668,0.511839747428894,-0.46762198209762573,0.5650526285171509
train,reid,23,10,-0.5333659052848816,0.5867704153060913,0.6560987830162048,0.7273252010345459,-0.654354453086853,0.8221107721328735
train,reid,23,20,-0.647117555141449,0.8810984492301941,0.9726204872131348,0.9582964777946472,-0.8561962246894836,1.10611093044281
train,reid,23,30,-0.7763361930847168,1.2107625007629395,1.3038933277130127,1.2076793909072876,-1.0679322481155396,1.418365240097046
train,reid,23,40,-0.9215801954269409,1.577038049697876,1.6519665718078613,1.476676344871521,-1.2908879518508911,1.7609548568725586
train,reid,23,50,-1.0835272073745728,1.981480360031128,2.0176913738250732,1.7661534547805786,-1.5256189107894897,2.135223150253296
train,reid,23,60,-1.2624657154083252,2.424652338027954,2.402616500854492,2.076868772506714,-1.7731359004974365,2.542722225189209
train,reid,23,70,-1.4587901830673218,2.90738582611084,2.8074121475219727,2.409341335296631,-2.033879518508911,2.9844954013824463
train,reid,23,80,-1.672737717628479,3.4301140308380127,3.2319068908691406,2.7636308670043945,-2.3077592849731445,3.4609053134918213
train,reid,23,90,-1.9039772748947144,3.991912364959717,3.6768438816070557,3.1396446228027344,-2.59525203704834,3.972320795059204
train,reid,23,100,-2.1525135040283203,4.592686176300049,4.142302989959717,3.5373446941375732,-2.896411418914795,4.518982887268066
train,reid,24,0,-0.4618430435657501,0.38369423151016235,0.41468897461891174,0.5645656585693359,-0.4993554651737213,0.5377254486083984
train,reid,24,10,-0.6367754936218262,0.8261030912399292,0.5548338294029236,0.7819830775260925,-0.5890206694602966,0.7606514096260071
train,reid,24,20,-0.8228945732116699,1.2935017347335815,0.7074838280677795,1.013034462928772,-0.6870811581611633,1.0062556266784668
train,reid,24,30,-1.0210866928100586,1.788154125213623,0.8750032782554626,1.2594703435897827,-0.795055627822876,1.2767730951309204
train,reid,24,40,-1.2311245203018188,2.3095216751098633,1.058581829071045,1.521549105644226,-0.9137008190155029,1.5727673768997192
train,reid,24,50,-1.4530973434448242,2.857802152633667,1.2573175430297852,1.7989919185638428,-1.0424431562423706,1.8937582969665527
train,reid,24,60,-1.686653971672058,3.43214750289917,1.4718294143676758,2.091723680496216,-1.18166184425354,2.2397730350494385
train,reid,24,70,-1.9317173957824707,4.032378196716309,1.701826810836792,2.3995611667633057,-1.3311694860458374,2.6105523109436035
train,reid,24,80,-2.1881508827209473,4.658145904541016,1.9466077089309692,2.722090244293213,-1.4905107021331787,3.005521297454834
train,reid,24,90,-2.4554738998413086,5.308332920074463,2.2071075439453125,3.0592734813690186,-1.6602654457092285,3.4247255325317383
train,reid,24,100,-2.7334752082824707,5.982413291931152,2.4824612140655518,3.4105658531188965,-1.8398751020431519,3.867434501647949
train,reid,25,0,-0.2722392976284027,-0.07739823311567307,0.36343491077423096,0.3745165467262268,-0.4639577567577362,0.3713347017765045
train,reid,25,10,-0.3477495610713959,0.12934653460979462,0.6974260807037354,0.579238772392273,-0.6753385066986084,0.6252158284187317
train,reid,25,20,-0.4233717620372772,0.3344305753707886,1.0565954446792603,0.793035089969635,-0.9030877947807312,0.8990718126296997
train,reid,25,30,-0.5117315053939819,0.5686813592910767,1.427565097808838,1.022027850151062,-1.1388165950775146,1.1958671808242798
train,reid,25,40,-0.6137561798095703,0.8343862891197205,1.811121940612793,1.2673554420471191,-1.383042812347412,1.5169873237609863
train,reid,25,50,-0.7292729616165161,1.1311017274856567,2.2080302238464355,1.5291523933410645,-1.636256217956543,1.8628182411193848
train,reid,25,60,-0.8589235544204712,1.4603208303451538,2.617314100265503,1.8075850009918213,-1.8978524208068848,2.233443260192871
train,reid,25,70,-1.0020966529846191,1.820535659790039,3.0400424003601074,2.1025164127349854,-2.168510675430298,2.629023551940918
train,reid,25,80,-1.1594016551971436,2.213151693344116,3.474261999130249,2.4137017726898193,-2.4469947814941406,3.0489542484283447
train,reid,25,90,-1.3297181129455566,2.6354331970214844,3.922104597091675,2.740955114364624,-2.734653949737549,3.4936094284057617
train,reid,25,100,-1.5140435695648193,3.089730739593506,4.38021183013916,3.0838463306427,-3.0293664932250977,3.9618215560913086
train,reid,26,0,-0.5548070669174194,0.6041482090950012,0.1384306699037552,0.5389961004257202,-0.3225170075893402,0.44335871934890747
train,reid,26,10,-0.7123661041259766,1.0062485933303833,0.294776976108551,0.7462868690490723,-0.42202654480934143,0.6644583940505981
train,reid,26,20,-0.8836770057678223,1.4397592544555664,0.4670546352863312,0.9709069728851318,-0.5322047472000122,0.912977933883667
train,reid,26,30,-1.0670644044876099,1.900497555732727,0.6562620401382446,1.2117358446121216,-0.6536305546760559,1.1878364086151123
train,reid,26,40,-1.2623300552368164,2.387948751449585,0.8609957098960876,1.468050479888916,-0.7853963971138,1.4879000186920166
train,reid,26,50,-1.4690420627593994,2.9010515213012695,1.0807286500930786,1.739269733428955,-0.9271562099456787,1.8123886585235596
train,reid,26,60,-1.686791181564331,3.4388396739959717,1.314487338066101,2.0246829986572266,-1.0782723426818848,2.160154104232788
train,reid,26,70,-1.9149343967437744,3.999783515930176,1.5621296167373657,2.323685884475708,-1.2386376857757568,2.530412435531616
train,reid,26,80,-2.1532583236694336,4.58337926864624,1.8221336603164673,2.6355156898498535,-1.407271146774292,2.921893835067749
train,reid,26,90,-2.4009106159210205,5.187646389007568,2.094853162765503,2.959606647491455,-1.5843749046325684,3.3338379859924316
train,reid,26,100,-2.657675266265869,5.812082767486572,2.378546714782715,3.295102119445801,-1.768824815750122,3.764827251434326
train,reid,27,0,-0.4230716824531555,0.3004591166973114,0.42350903153419495,0.5319652557373047,-0.506587564945221,0.5881558656692505
train,reid,27,10,-0.480580598115921,0.4639193117618561,0.8718338012695312,0.765839159488678,-0.7905697226524353,0.8946523666381836
train,reid,27,20,-0.5298712253570557,0.6064735054969788,1.398796558380127,1.0219489336013794,-1.1247798204421997,1.247632384300232
train,reid,27,30,-0.5896103382110596,0.7721245288848877,1.9566787481307983,1.2978456020355225,-1.4792219400405884,1.6361013650894165
train,reid,27,40,-0.660048246383667,0.9611201286315918,2.544478416442871,1.593166708946228,-1.853298306465149,2.0601820945739746
train,reid,27,50,-0.7418166995048523,1.174729585647583,3.1610260009765625,1.9078710079193115,-2.2462925910949707,2.5200679302215576
train,reid,27,60,-0.8341902494430542,1.410986065864563,3.8055591583251953,2.240893602371216,-2.6577136516571045,3.0147902965545654
train,reid,27,70,-0.9373504519462585,1.6701525449752808,4.4766669273376465,2.5917396545410156,-3.0866708755493164,3.5437991619110107
train,reid,27,80,-1.0501528978347778,1.949341058731079,5.17280912399292,2.958726644515991,-3.5321595668792725,4.105048656463623
train,reid,27,90,-1.1722975969314575,2.2477385997772217,5.891631126403809,3.340623617172241,-3.9926676750183105,4.696724891662598
train,reid,27,100,-1.3031364679336548,2.5637290477752686,6.6308135986328125,3.7359261512756348,-4.4666948318481445,5.31666374206543
train,reid,28,0,-0.3966105580329895,0.21967144310474396,0.14792576432228088,0.400674045085907,-0.32670408487319946,0.33283621072769165
train,reid,28,10,-0.5380678176879883,0.5848792791366577,0.3429425060749054,0.6090810298919678,-0.45048797130584717,0.5636342763900757
train,reid,28,20,-0.6910372376441956,0.9760960936546326,0.5520564913749695,0.8322596549987793,-0.5837417244911194,0.8182937502861023
train,reid,28,30,-0.8567332029342651,1.396186351776123,0.7721676826477051,1.0700584650039673,-0.7244749069213867,1.095878005027771
train,reid,28,40,-1.0350297689437866,1.8448374271392822,1.0033516883850098,1.3223910331726074,-0.8727314472198486,1.3963127136230469
train,reid,28,50,-1.2259488105773926,2.32208514213562,1.2450002431869507,1.589033603668213,-1.0281168222427368,1.719205379486084
train,reid,28,60,-1.429020881652832,2.82678484916687,1.4972018003463745,1.869602084159851,-1.1906776428222656,2.06414794921875
train,reid,28,70,-1.6439273357391357,3.358168125152588,1.7597962617874146,2.163749933242798,-1.3603014945983887,2.4307005405426025
train,reid,28,80,-1.8703534603118896,3.9154720306396484,2.032167434692383,2.470961570739746,-1.5365815162658691,2.8181097507476807
train,reid,28,90,-2.1076371669769287,4.497115135192871,2.3140313625335693,2.790550947189331,-1.7193176746368408,3.2254769802093506
train,reid,28,100,-2.355201005935669,5.101737976074219,2.605156660079956,3.1219322681427,-1.908341646194458,3.651993751525879
train,reid,29,0,-0.24058791995048523,-0.14821790158748627,0.6507321000099182,0.4592376947402954,-0.6490702033042908,0.5301278233528137
train,reid,29,10,-0.371953547000885,0.19071339070796967,0.8724600672721863,0.669501781463623,-0.7898873090744019,0.7656216025352478
train,reid,29,20,-0.5141626596450806,0.5541780591011047,1.1092735528945923,0.8944380879402161,-0.9407269358634949,1.0244264602661133
train,reid,29,30,-0.6708452105522156,0.9510331749916077,1.3601223230361938,1.1368659734725952,-1.1009482145309448,1.3091696500778198
train,reid,29,40,-0.8425281047821045,1.3824974298477173,1.6246894598007202,1.3970998525619507,-1.2703616619110107,1.6202412843704224
train,reid,29,50,-1.028993844985962,1.8480064868927002,1.9041736125946045,1.6753791570663452,-1.4497284889221191,1.9582812786102295
train,reid,29,60,-1.2306504249572754,2.348479986190796,2.198173999786377,1.9718694686889648,-1.6387962102890015,2.323498487472534
train,reid,29,70,-1.4472401142120361,2.88325834274292,2.5070714950561523,2.286461114883423,-1.8378018140792847,2.715949773788452
train,reid,29,80,-1.6787208318710327,3.452205181121826,2.8307437896728516,2.619049310684204,-2.0466580390930176,3.135518789291382
train,reid,29,90,-1.9248723983764648,4.054742336273193,3.1690762042999268,2.969358205795288,-2.265287160873413,3.5819873809814453
train,reid,29,100,-2.185152769088745,4.689550876617432,3.522355556488037,3.337007522583008,-2.4938549995422363,4.054998397827148
train,depablo_low_temp,30,0,-0.570249080657959,0.6432187557220459,0.6090457439422607,0.720137894153595,-0.6386612057685852,1.0852398872375488
train,depablo_low_temp,30,10,-0.6777006983757019,0.9188437461853027,0.8509230613708496,0.9136765599250793,-0.7930060029029846,1.325840950012207
train,depablo_low_temp,30,20,-0.7804358005523682,1.1808662414550781,1.1322208642959595,1.1172170639038086,-0.9728646278381348,1.592558741569519
train,depablo_low_temp,30,30,-0.896458089351654,1.4728772640228271,1.4302932024002075,1.3379950523376465,-1.16390860080719,1.8869425058364868
train,depablo_low_temp,30,40,-1.0255978107452393,1.7944241762161255,1.7447588443756104,1.575683355331421,-1.365881085395813,2.2085936069488525
train,depablo_low_temp,30,50,-1.1673052310943604,2.144153118133545,2.0756852626800537,1.8298066854476929,-1.5788136720657349,2.557039499282837
train,depablo_low_temp,30,60,-1.3211466073989868,2.520988702774048,2.422511339187622,2.099752426147461,-1.8023326396942139,2.9314627647399902
train,depablo_low_temp,30,70,-1.4867157936096191,2.923961639404297,2.785024881362915,2.3850693702697754,-2.0362846851348877,3.3313069343566895
train,depablo_low_temp,30,80,-1.6630339622497559,3.3507373332977295,3.1629843711853027,2.6848056316375732,-2.2804861068725586,3.7553622722625732
train,depablo_low_temp,30,90,-1.8496460914611816,3.8002114295959473,3.5554051399230957,2.998171806335449,-2.534296751022339,4.202535152435303
train,depablo_low_temp,30,100,-2.045602798461914,4.270175457000732,3.962099075317383,3.324286699295044,-2.797558546066284,4.6715826988220215
train,depablo_low_temp,31,0,-0.39476561546325684,0.17909739911556244,0.7761421203613281,0.6182931065559387,-0.7474205493927002,1.0494649410247803
train,depablo_low_temp,31,10,-0.3302079439163208,0.03422120586037636,1.150133728981018,0.7071202397346497,-0.9844947457313538,1.2265725135803223
train,depablo_low_temp,31,20,-0.21303397417068481,-0.24165360629558563,1.6162763833999634,0.7821905612945557,-1.280250072479248,1.4233546257019043
train,depablo_low_temp,31,30,-0.09540378302335739,-0.5215141177177429,2.120089292526245,0.8689771890640259,-1.600301742553711,1.6510895490646362
train,depablo_low_temp,31,40,0.018740786239504814,-0.7958436012268066,2.6531317234039307,0.9676949381828308,-1.939260721206665,1.9077621698379517
train,depablo_low_temp,31,50,0.12927581369876862,-1.0642825365066528,3.212930202484131,1.0775200128555298,-2.295522451400757,2.191725015640259
train,depablo_low_temp,31,60,0.2360701560974121,-1.3264206647872925,3.7976770401000977,1.1979281902313232,-2.667919158935547,2.501692771911621
train,depablo_low_temp,31,70,0.3385295867919922,-1.5807217359542847,4.404570579528809,1.328438401222229,-3.054654359817505,2.8361752033233643
train,depablo_low_temp,31,80,0.43696221709251404,-1.8278694152832031,5.032463073730469,1.46836519241333,-3.4549784660339355,3.1940126419067383
train,depablo_low_temp,31,90,0.5312902331352234,-2.067544937133789,5.679614067077637,1.617200255393982,-3.8677687644958496,3.5738539695739746
train,depablo_low_temp,31,100,0.6213408708572388,-2.2992584705352783,6.343898296356201,1.7743380069732666,-4.291658878326416,3.974320888519287
train,depablo_low_temp,32,0,-0.5275019407272339,0.5289704203605652,0.8591121435165405,0.776146650314331,-0.8006479740142822,1.2075577974319458
train,depablo_low_temp,32,10,-0.5821546316146851,0.6725972294807434,1.1338436603546143,0.9334253072738647,-0.9754483103752136,1.4270062446594238
train,depablo_low_temp,32,20,-0.6380717158317566,0.8167969584465027,1.4408283233642578,1.1028015613555908,-1.1711492538452148,1.6744648218154907
train,depablo_low_temp,32,30,-0.7065897583961487,0.9891563653945923,1.767656683921814,1.2897425889968872,-1.3799169063568115,1.9513429403305054
train,depablo_low_temp,32,40,-0.7872535586357117,1.188535213470459,2.113480806350708,1.4934803247451782,-1.6011821031570435,2.2566137313842773
train,depablo_low_temp,32,50,-0.8793288469314575,1.4131511449813843,2.477097511291504,1.7128874063491821,-1.8341467380523682,2.5887248516082764
train,depablo_low_temp,32,60,-0.9817982912063599,1.6605720520019531,2.8589518070220947,1.9472286701202393,-2.079070806503296,2.9469499588012695
train,depablo_low_temp,32,70,-1.094016432762146,1.9292974472045898,3.257256507873535,2.1952733993530273,-2.334789991378784,3.3293426036834717
train,depablo_low_temp,32,80,-1.2151439189910889,2.2173547744750977,3.6709790229797363,2.455897331237793,-2.6006124019622803,3.734269142150879
train,depablo_low_temp,32,90,-1.3438130617141724,2.521517038345337,4.09945821762085,2.727663278579712,-2.876088857650757,4.159898281097412
train,depablo_low_temp,32,100,-1.4793572425842285,2.840301036834717,4.541235446929932,3.0094845294952393,-3.160252809524536,4.60430908203125
train,depablo_low_temp,33,0,-0.36666592955589294,0.1586180031299591,0.19338162243366241,0.3856242001056671,-0.36174094676971436,0.549052357673645
train,depablo_low_temp,33,10,-0.5851872563362122,0.7069212198257446,0.2546229660511017,0.608524739742279,-0.4014751613140106,0.7722008228302002
train,depablo_low_temp,33,20,-0.8159846663475037,1.2826169729232788,0.32465511560440063,0.8442962169647217,-0.4472113251686096,1.0169769525527954
train,depablo_low_temp,33,30,-1.056981086730957,1.8809409141540527,0.4120415449142456,1.0945297479629517,-0.50441974401474,1.286881446838379
train,depablo_low_temp,33,40,-1.308122158050537,2.5017542839050293,0.5174866914749146,1.3594447374343872,-0.5735607743263245,1.5824017524719238
train,depablo_low_temp,33,50,-1.5690959692001343,3.1443073749542236,0.6415572166442871,1.6390025615692139,-0.6549928188323975,1.9035699367523193
train,depablo_low_temp,33,60,-1.8398507833480835,3.808445930480957,0.783607006072998,1.9328994750976562,-0.7483057975769043,2.2499539852142334
train,depablo_low_temp,33,70,-2.1199705600738525,4.493165016174316,0.943940281867981,2.240893840789795,-0.8536828756332397,2.621312141418457
train,depablo_low_temp,33,80,-2.409376859664917,5.198259353637695,1.12212073802948,2.5627472400665283,-0.9708483219146729,3.017305374145508
train,depablo_low_temp,33,90,-2.707538604736328,5.9224724769592285,1.3181633949279785,2.8980278968811035,-1.0997980833053589,3.437342405319214
train,depablo_low_temp,33,100,-3.0143933296203613,6.665635585784912,1.531550645828247,3.246466875076294,-1.2401999235153198,3.881051540374756
train,depablo_low_temp,34,0,-0.3945046067237854,0.18063966929912567,0.8865071535110474,0.6619126796722412,-0.8182352185249329,1.1161774396896362
train,depablo_low_temp,34,10,-0.375333696603775,0.14573146402835846,1.2203333377838135,0.7758241891860962,-1.0301481485366821,1.3080657720565796
train,depablo_low_temp,34,20,-0.32964158058166504,0.04319796711206436,1.6044567823410034,0.8833988904953003,-1.27420175075531,1.5154777765274048
train,depablo_low_temp,34,30,-0.29287102818489075,-0.040332939475774765,2.0088746547698975,1.0049808025360107,-1.5315473079681396,1.749777913093567
train,depablo_low_temp,34,40,-0.26538822054862976,-0.10400965809822083,2.4342241287231445,1.1411077976226807,-1.8026039600372314,2.011857271194458
train,depablo_low_temp,34,50,-0.24777136743068695,-0.14643709361553192,2.8799893856048584,1.292111873626709,-2.0870628356933594,2.3018798828125
train,depablo_low_temp,34,60,-0.2406781017780304,-0.1660659909248352,3.3450634479522705,1.4581365585327148,-2.3842313289642334,2.6197850704193115
train,depablo_low_temp,34,70,-0.24426203966140747,-0.16254186630249023,3.8298568725585938,1.639469861984253,-2.6943764686584473,2.9659671783447266
train,depablo_low_temp,34,80,-0.2587922215461731,-0.1352383941411972,4.333298206329346,1.835930585861206,-3.016819953918457,3.339995861053467
train,depablo_low_temp,34,90,-0.28473615646362305,-0.08305443823337555,4.855013370513916,2.047788143157959,-3.3513474464416504,3.742098808288574
train,depablo_low_temp,34,100,-0.3227718770503998,-0.004340448882430792,5.3935956954956055,2.2751235961914062,-3.697061061859131,4.171886444091797
train,depablo_low_temp,35,0,-0.43358808755874634,0.3375959098339081,0.6332027316093445,0.6182024478912354,-0.6476571559906006,0.910164475440979
train,depablo_low_temp,35,10,-0.6465882062911987,0.8693855404853821,0.7328755855560303,0.851879894733429,-0.7122064232826233,1.1504783630371094
train,depablo_low_temp,35,20,-0.8699185252189636,1.4239978790283203,0.8541041016578674,1.1015558242797852,-0.7909227609634399,1.4193322658538818
train,depablo_low_temp,35,30,-1.103271245956421,2.000582456588745,0.9975509643554688,1.367151141166687,-0.8842006921768188,1.7168536186218262
train,depablo_low_temp,35,40,-1.3463770151138306,2.5984416007995605,1.1637074947357178,1.6485893726348877,-0.99234539270401,2.0431439876556396
train,depablo_low_temp,35,50,-1.5987447500228882,3.2163922786712646,1.353087306022644,1.9456558227539062,-1.1156690120697021,2.3979697227478027
train,depablo_low_temp,35,60,-1.8601126670837402,3.853792667388916,1.5655536651611328,2.2580604553222656,-1.2540708780288696,2.7809524536132812
train,depablo_low_temp,35,70,-2.1300063133239746,4.5095109939575195,1.8009823560714722,2.585359811782837,-1.4074549674987793,3.1914591789245605
train,depablo_low_temp,35,80,-2.407879590988159,5.182270526885986,2.0596354007720947,2.9272079467773438,-1.5759706497192383,3.6290123462677
train,depablo_low_temp,35,90,-2.693350315093994,5.871183395385742,2.3406741619110107,3.2829747200012207,-1.7590582370758057,4.092526912689209
train,depablo_low_temp,35,100,-2.9858014583587646,6.574801445007324,2.6435515880584717,3.6519293785095215,-1.956358551979065,4.580992221832275
train,depablo_low_temp,36,0,-0.20705357193946838,-0.26094117760658264,0.535400390625,0.3651484549045563,-0.5845469832420349,0.6794483065605164
train,depablo_low_temp,36,10,-0.2560962736606598,-0.12494762241840363,0.7952994704246521,0.5136833190917969,-0.7497318387031555,0.8793718218803406
train,depablo_low_temp,36,20,-0.30378279089927673,0.005503867752850056,1.0787744522094727,0.6690889596939087,-0.9302880764007568,1.097865104675293
train,depablo_low_temp,36,30,-0.3622087836265564,0.16000425815582275,1.373316764831543,0.8374495506286621,-1.1182749271392822,1.3370120525360107
train,depablo_low_temp,36,40,-0.4311099350452423,0.33794912695884705,1.6776846647262573,1.0180789232254028,-1.3128902912139893,1.5956546068191528
train,depablo_low_temp,36,50,-0.5095779895782471,0.5372032523155212,1.9922573566436768,1.2103520631790161,-1.5143542289733887,1.8730425834655762
train,depablo_low_temp,36,60,-0.5971002578735352,0.7565786242485046,2.316061496734619,1.4134721755981445,-1.722029447555542,2.1679272651672363
train,depablo_low_temp,36,70,-0.6931518912315369,0.9948610067367554,2.6485440731048584,1.6267879009246826,-1.9355450868606567,2.4793312549591064
train,depablo_low_temp,36,80,-0.7972102761268616,1.250832200050354,2.988896608352661,1.849548578262329,-2.1543726921081543,2.806138038635254
train,depablo_low_temp,36,90,-0.908437967300415,1.5225530862808228,3.3367035388946533,2.080889940261841,-2.378214120864868,3.1470868587493896
train,depablo_low_temp,36,100,-1.0262434482574463,1.808634877204895,3.6911144256591797,2.3199806213378906,-2.606520175933838,3.5010104179382324
train,depablo_low_temp,37,0,-0.29263943433761597,-0.07379494607448578,0.755314826965332,0.5177271962165833,-0.7318756580352783,0.9409862756729126
train,depablo_low_temp,37,10,-0.23582543432712555,-0.19763828814029694,1.1359142065048218,0.6170980930328369,-0.9740602970123291,1.1296029090881348
train,depablo_low_temp,37,20,-0.14246270060539246,-0.4133886694908142,1.5989189147949219,0.7135146260261536,-1.2691195011138916,1.3466370105743408
train,depablo_low_temp,37,30,-0.05743695795536041,-0.6120556592941284,2.09452486038208,0.8276188969612122,-1.5854113101959229,1.5995182991027832
train,depablo_low_temp,37,40,0.019286703318357468,-0.7938182353973389,2.6193931102752686,0.9580540657043457,-1.920762062072754,1.8859020471572876
train,depablo_low_temp,37,50,0.0880923792719841,-0.9596279263496399,3.1714677810668945,1.103679895401001,-2.2738375663757324,2.204033613204956
train,depablo_low_temp,37,60,0.14968782663345337,-1.111160159111023,3.7501912117004395,1.263674020767212,-2.6442573070526123,2.552731990814209
train,depablo_low_temp,37,70,0.2043943852186203,-1.2491670846939087,4.353968620300293,1.437153697013855,-3.030989408493042,2.9305694103240967
train,depablo_low_temp,37,80,0.25262635946273804,-1.3746006488800049,4.9814066886901855,1.6232404708862305,-3.4331276416778564,3.3361172676086426
train,depablo_low_temp,37,90,0.29487037658691406,-1.4885724782943726,5.631211280822754,1.8210411071777344,-3.8498282432556152,3.767929792404175
train,depablo_low_temp,37,100,0.33161959052085876,-1.5921872854232788,6.302476406097412,2.0298073291778564,-4.280482769012451,4.224730968475342
train,depablo_low_temp,38,0,-0.15536223351955414,-0.3780220150947571,0.5793498754501343,0.33979183435440063,-0.610936164855957,0.646336555480957
train,depablo_low_temp,38,10,-0.2317803055047989,-0.17444397509098053,0.823454737663269,0.5068715810775757,-0.7662692070007324,0.8598112463951111
train,depablo_low_temp,38,20,-0.30282750725746155,0.014124349690973759,1.1090524196624756,0.6842269897460938,-0.9484720230102539,1.1000370979309082
train,depablo_low_temp,38,30,-0.3854770064353943,0.22891154885292053,1.4120478630065918,0.8777216672897339,-1.1422172784805298,1.3661657571792603
train,depablo_low_temp,38,40,-0.47985076904296875,0.4701231122016907,1.7293641567230225,1.086245059967041,-1.345520257949829,1.6562621593475342
train,depablo_low_temp,38,50,-0.5850591659545898,0.7355965971946716,2.0605061054229736,1.3088243007659912,-1.5580408573150635,1.969074010848999
train,depablo_low_temp,38,60,-0.7008281350135803,1.0246859788894653,2.403993844985962,1.5446593761444092,-1.7788125276565552,2.303264856338501
train,depablo_low_temp,38,70,-0.8265560269355774,1.3359521627426147,2.7585575580596924,1.792745590209961,-2.0070061683654785,2.6573283672332764
train,depablo_low_temp,38,80,-0.9610199928283691,1.6664762496948242,3.1241421699523926,2.051999807357788,-2.242558002471924,3.0299558639526367
train,depablo_low_temp,38,90,-1.1038252115249634,2.0153660774230957,3.4993667602539062,2.321579694747925,-2.484565019607544,3.4196906089782715
train,depablo_low_temp,38,100,-1.2542459964752197,2.3809022903442383,3.8830974102020264,2.600421905517578,-2.732283115386963,3.8250017166137695
train,depablo_low_temp,39,0,-0.31695252656936646,0.029260149225592613,0.40749165415763855,0.42081111669540405,-0.501071572303772,0.6656660437583923
train,depablo_low_temp,39,10,-0.46471577882766724,0.40672844648361206,0.5839550495147705,0.6261231899261475,-0.6134726405143738,0.8958649635314941
train,depablo_low_temp,39,20,-0.6228627562522888,0.807416558265686,0.7765912413597107,0.845952033996582,-0.7366111278533936,1.1501654386520386
train,depablo_low_temp,39,30,-0.793021023273468,1.235303521156311,0.983130931854248,1.0809152126312256,-0.8690386414527893,1.4283716678619385
train,depablo_low_temp,39,40,-0.9750789403915405,1.690122365951538,1.2032520771026611,1.3308004140853882,-1.0105453729629517,1.7301260232925415
train,depablo_low_temp,39,50,-1.1688141822814941,2.1713268756866455,1.4359019994735718,1.5950037240982056,-1.1604441404342651,2.054482936859131
train,depablo_low_temp,39,60,-1.3736131191253662,2.6774604320526123,1.6813366413116455,1.873105764389038,-1.3188875913619995,2.400951385498047
train,depablo_low_temp,39,70,-1.5892928838729858,3.208085775375366,1.9383647441864014,2.164491653442383,-1.4851032495498657,2.768521547317505
train,depablo_low_temp,39,80,-1.8153427839279175,3.762000560760498,2.2067346572875977,2.468625545501709,-1.6589093208312988,3.156442880630493
train,depablo_low_temp,39,90,-2.0511207580566406,4.337695121765137,2.4858758449554443,2.78475284576416,-1.8399285078048706,3.5636305809020996
train,depablo_low_temp,39,100,-2.2963247299194336,4.934465408325195,2.7748236656188965,3.1122448444366455,-2.0275285243988037,3.989078998565674
train,depablo_low_temp,40,0,-0.6728562116622925,0.8941602110862732,0.17664825916290283,0.64643794298172,-0.3591194450855255,0.8638757467269897
train,depablo_low_temp,40,10,-0.799359917640686,1.217761754989624,0.3830120861530304,0.8439780473709106,-0.49058109521865845,1.0941970348358154
train,depablo_low_temp,40,20,-0.9343684315681458,1.5600143671035767,0.6094226837158203,1.0558866262435913,-0.6352506279945374,1.3495289087295532
train,depablo_low_temp,40,30,-1.0815374851226807,1.9297493696212769,0.8503509163856506,1.2832694053649902,-0.7895975708961487,1.6294424533843994
train,depablo_low_temp,40,40,-1.2408207654953003,2.3268558979034424,1.1045457124710083,1.5256215333938599,-0.9528061151504517,1.932958722114563
train,depablo_low_temp,40,50,-1.4117621183395386,2.750232696533203,1.371593952178955,1.7823801040649414,-1.1246033906936646,2.2593696117401123
train,depablo_low_temp,40,60,-1.5939223766326904,3.1988463401794434,1.6508451700210571,2.0529332160949707,-1.3045573234558105,2.60771107673645
train,depablo_low_temp,40,70,-1.7870080471038818,3.6720144748687744,1.9413567781448364,2.3366713523864746,-1.4920499324798584,2.9770076274871826
train,depablo_low_temp,40,80,-1.9903196096420288,4.168087482452393,2.242612838745117,2.6328110694885254,-1.686737298965454,3.3661463260650635
train,depablo_low_temp,40,90,-2.203463315963745,4.686147212982178,2.553983688354492,2.940767526626587,-1.888193964958191,3.774263858795166
train,depablo_low_temp,40,100,-2.4261412620544434,5.225514888763428,2.874037981033325,3.259752035140991,-2.095496892929077,4.200033664703369
train,depablo_low_temp,41,0,-0.608992338180542,0.7562897205352783,0.26427391171455383,0.6292027831077576,-0.4124319553375244,0.8306041955947876
train,depablo_low_temp,41,10,-0.8147449493408203,1.270302176475525,0.3397783935070038,0.8458597660064697,-0.46153661608695984,1.052025556564331
train,depablo_low_temp,41,20,-1.0310698747634888,1.8076176643371582,0.4330081343650818,1.0772572755813599,-0.5223933458328247,1.2997864484786987
train,depablo_low_temp,41,30,-1.2571101188659668,2.3661932945251465,0.5447153449058533,1.322961688041687,-0.5954554080963135,1.573395848274231
train,depablo_low_temp,41,40,-1.49252450466156,2.9452052116394043,0.6745452284812927,1.582546353340149,-0.6804928183555603,1.8722726106643677
train,depablo_low_temp,41,50,-1.7365243434906006,3.5427675247192383,0.8224886655807495,1.855330228805542,-0.7774829864501953,2.195587396621704
train,depablo_low_temp,41,60,-1.988926887512207,4.158473014831543,0.9880507588386536,2.1409988403320312,-0.8861125707626343,2.5427608489990234
train,depablo_low_temp,41,70,-2.2489843368530273,4.790534973144531,1.1705574989318848,2.438645362854004,-1.0059349536895752,2.9125804901123047
train,depablo_low_temp,41,80,-2.5161325931549072,5.437645435333252,1.3700060844421387,2.747817277908325,-1.1369378566741943,3.3043816089630127
train,depablo_low_temp,41,90,-2.789710283279419,6.098249435424805,1.5853853225708008,3.0675747394561768,-1.2784569263458252,3.716740608215332
train,depablo_low_temp,41,100,-3.069124937057495,6.770959377288818,1.8161882162094116,3.3972327709198,-1.430163860321045,4.148682117462158
train,depablo_low_temp,42,0,-0.16647197306156158,-0.3956889808177948,0.6635751724243164,0.3683125972747803,-0.6708581447601318,0.7572388052940369
train,depablo_low_temp,42,10,-0.0674065351486206,-0.621520459651947,1.0903815031051636,0.44760459661483765,-0.941806972026825,0.9376470446586609
train,depablo_low_temp,42,20,0.1011020615696907,-1.0193212032318115,1.6350655555725098,0.5080872774124146,-1.2878155708312988,1.1391524076461792
train,depablo_low_temp,42,30,0.2676659822463989,-1.4154523611068726,2.2167301177978516,0.5820510983467102,-1.6577303409576416,1.3734148740768433
train,depablo_low_temp,42,40,0.42748451232910156,-1.7982643842697144,2.8284621238708496,0.671083927154541,-2.047153949737549,1.6402044296264648
train,depablo_low_temp,42,50,0.5797063708305359,-2.165684461593628,3.4679744243621826,0.7750599980354309,-2.454624652862549,1.938770055770874
train,depablo_low_temp,42,60,0.7244923710823059,-2.518075942993164,4.134421348571777,0.893517792224884,-2.8795881271362305,2.2683019638061523
train,depablo_low_temp,42,70,0.8614895939826965,-2.854570150375366,4.8265886306762695,1.026305913925171,-3.3212640285491943,2.628293991088867
train,depablo_low_temp,42,80,0.9904129505157471,-3.1743977069854736,5.5436530113220215,1.1734079122543335,-3.779120683670044,3.018303871154785
train,depablo_low_temp,42,90,1.111635684967041,-3.478466749191284,6.285275936126709,1.3343523740768433,-4.252933025360107,3.437743663787842
train,depablo_low_temp,42,100,1.224958062171936,-3.766267776489258,7.051153182983398,1.5092086791992188,-4.7425031661987305,3.886565923690796
train,depablo_low_temp,43,0,-0.4379138946533203,0.30438220500946045,0.6832735538482666,0.6271993517875671,-0.685326099395752,1.0040075778961182
train,depablo_low_temp,43,10,-0.4553026556968689,0.3612593710422516,1.0008807182312012,0.7688391208648682,-0.8871727585792542,1.215187430381775
train,depablo_low_temp,43,20,-0.4651601016521454,0.3974955677986145,1.3483679294586182,0.9141039848327637,-1.1083565950393677,1.4437068700790405
train,depablo_low_temp,43,30,-0.4853534400463104,0.4568083882331848,1.7095859050750732,1.0728496313095093,-1.3386930227279663,1.6946229934692383
train,depablo_low_temp,43,40,-0.5153647065162659,0.5379476547241211,2.0855154991149902,1.2449958324432373,-1.5788029432296753,1.9681017398834229
train,depablo_low_temp,43,50,-0.5550242066383362,0.6404860019683838,2.475883960723877,1.430274486541748,-1.8285061120986938,2.2638158798217773
train,depablo_low_temp,43,60,-0.6041346788406372,0.7639498710632324,2.8806686401367188,1.628509283065796,-2.0877816677093506,2.5815200805664062
train,depablo_low_temp,43,70,-0.6622231006622314,0.9071736931800842,3.2996246814727783,1.8391598463058472,-2.356459856033325,2.9206414222717285
train,depablo_low_temp,43,80,-0.7289424538612366,1.0693241357803345,3.732590675354004,2.0618605613708496,-2.634425163269043,3.280691146850586
train,depablo_low_temp,43,90,-0.803912878036499,1.2495050430297852,4.179470062255859,2.2962400913238525,-2.921598434448242,3.661181926727295
train,depablo_low_temp,43,100,-0.8866125345230103,1.4464564323425293,4.639649868011475,2.5415942668914795,-3.2175729274749756,4.061176300048828
train,depablo_low_temp,44,0,-0.17666499316692352,-0.30703023076057434,0.4467058777809143,0.313344806432724,-0.5230116844177246,0.5508013963699341
train,depablo_low_temp,44,10,-0.3961959481239319,0.24594371020793915,0.556793212890625,0.5565615296363831,-0.5940485596656799,0.8069668412208557
train,depablo_low_temp,44,20,-0.6277493834495544,0.8259369134902954,0.6906487941741943,0.8184438347816467,-0.6807820796966553,1.0946391820907593
train,depablo_low_temp,44,30,-0.8716342449188232,1.433596134185791,0.8445704579353333,1.0978364944458008,-0.7808003425598145,1.4114294052124023
train,depablo_low_temp,44,40,-1.1272906064987183,2.0675156116485596,1.0175384283065796,1.3938369750976562,-0.8934295773506165,1.7560949325561523
train,depablo_low_temp,44,50,-1.3940176963806152,2.7259795665740967,1.2083379030227661,1.7053589820861816,-1.0178743600845337,2.127110004425049
train,depablo_low_temp,44,60,-1.670980453491211,3.406987428665161,1.4163215160369873,2.0314412117004395,-1.153696894645691,2.5231359004974365
train,depablo_low_temp,44,70,-1.957259178161621,4.108342170715332,1.6408895254135132,2.3710615634918213,-1.300487995147705,2.942774772644043
train,depablo_low_temp,44,80,-2.2523012161254883,4.828734397888184,1.8803809881210327,2.723111152648926,-1.4571685791015625,3.3843016624450684
train,depablo_low_temp,44,90,-2.5545737743377686,5.564537525177002,2.134793758392334,3.0862927436828613,-1.6236956119537354,3.8460159301757812
train,depablo_low_temp,44,100,-2.8635549545288086,6.314535617828369,2.4023804664611816,3.45949387550354,-1.7989349365234375,4.326158046722412
train,depablo_low_temp,45,0,-0.41213083267211914,0.2278805524110794,0.8025770783424377,0.645540714263916,-0.7643783092498779,1.0874117612838745
train,depablo_low_temp,45,10,-0.37400364875793457,0.1480788141489029,1.1714266538619995,0.7562412023544312,-0.9985259771347046,1.2855342626571655
train,depablo_low_temp,45,20,-0.2857424020767212,-0.0566989928483963,1.6258187294006348,0.8530664443969727,-1.2871031761169434,1.500641107559204
train,depablo_low_temp,45,30,-0.19958452880382538,-0.2592003047466278,2.108917713165283,0.9607206583023071,-1.5942834615707397,1.742591381072998
train,depablo_low_temp,45,40,-0.11840088665485382,-0.45245927572250366,2.6168084144592285,1.0802257061004639,-1.9175695180892944,2.0113649368286133
train,depablo_low_temp,45,50,-0.04232588782906532,-0.6361938714981079,3.1474385261535645,1.2108795642852783,-2.2556445598602295,2.305760622024536
train,depablo_low_temp,45,60,0.02865717001259327,-0.8104103803634644,3.7002899646759033,1.3524727821350098,-2.6081597805023193,2.6253199577331543
train,depablo_low_temp,45,70,0.09449062496423721,-0.9749571681022644,4.273500442504883,1.50434148311615,-2.973911762237549,2.9687795639038086
train,depablo_low_temp,45,80,0.15483006834983826,-1.1289594173431396,4.865294933319092,1.6661347150802612,-3.351760149002075,3.3351802825927734
train,depablo_low_temp,45,90,0.20980145037174225,-1.2726318836212158,5.474782466888428,1.8374481201171875,-3.741117477416992,3.723607301712036
train,depablo_low_temp,45,100,0.2590869069099426,-1.405160903930664,6.100346088409424,2.0179760456085205,-4.140945911407471,4.133157730102539
train,depablo_low_temp,46,0,-0.24023295938968658,-0.19962337613105774,0.6339473128318787,0.4262154996395111,-0.6513403654098511,0.7992500066757202
train,depablo_low_temp,46,10,-0.1585785150527954,-0.3827288746833801,1.0704411268234253,0.52540522813797,-0.9289728403091431,1.0009284019470215
train,depablo_low_temp,46,20,-0.032497305423021317,-0.6767846345901489,1.6062026023864746,0.6211534738540649,-1.2701846361160278,1.2347829341888428
train,depablo_low_temp,46,30,0.08706515282392502,-0.9580908417701721,2.177168130874634,0.7340342402458191,-1.6343165636062622,1.5045462846755981
train,depablo_low_temp,46,40,0.19767199456691742,-1.2208333015441895,2.7764525413513184,0.863530695438385,-2.0169544219970703,1.807840347290039
train,depablo_low_temp,46,50,0.29971951246261597,-1.4659875631332397,3.401707887649536,1.0083986520767212,-2.416574001312256,2.1426329612731934
train,depablo_low_temp,46,60,0.39278215169906616,-1.6924973726272583,4.048842906951904,1.1674833297729492,-2.830549716949463,2.506479024887085
train,depablo_low_temp,46,70,0.4770883321762085,-1.9008314609527588,4.715457916259766,1.3397334814071655,-3.2573294639587402,2.897334098815918
train,depablo_low_temp,46,80,0.5529747009277344,-2.091707944869995,5.399148941040039,1.5239944458007812,-3.6953518390655518,3.313070774078369
train,depablo_low_temp,46,90,0.6210802793502808,-2.266580820083618,6.097688674926758,1.71891450881958,-4.143177032470703,3.7514185905456543
train,depablo_low_temp,46,100,0.6808682084083557,-2.424010753631592,6.807345390319824,1.9236479997634888,-4.598408222198486,4.210103988647461
train,depablo_low_temp,47,0,-0.4506964385509491,0.3408185541629791,-0.09000732004642487,0.343723863363266,-0.182017982006073,0.46030688285827637
train,depablo_low_temp,47,10,-0.6026040315628052,0.7300031185150146,0.08036500960588455,0.5501294136047363,-0.29062265157699585,0.6922817826271057
train,depablo_low_temp,47,20,-0.7618801593780518,1.135180950164795,0.2753221094608307,0.7716737985610962,-0.41535744071006775,0.9512180089950562
train,depablo_low_temp,47,30,-0.9344485998153687,1.5706266164779663,0.4860187768936157,1.0101709365844727,-0.5506082773208618,1.236721396446228
train,depablo_low_temp,47,40,-1.1201025247573853,2.0357635021209717,0.7112783193588257,1.264952540397644,-0.695609450340271,1.5478403568267822
train,depablo_low_temp,47,50,-1.3186322450637817,2.530057191848755,0.9502405524253845,1.5354965925216675,-0.8497976064682007,1.8837621212005615
train,depablo_low_temp,47,60,-1.5295590162277222,3.052341938018799,1.2021703720092773,1.8210996389389038,-1.0126875638961792,2.2434895038604736
train,depablo_low_temp,47,70,-1.7523707151412964,3.601372241973877,1.4665073156356812,2.1210930347442627,-1.1839057207107544,2.62612247467041
train,depablo_low_temp,47,80,-1.986674427986145,4.17621374130249,1.7422624826431274,2.4347617626190186,-1.362804889678955,3.030538320541382
train,depablo_low_temp,47,90,-2.231687545776367,4.774996757507324,2.0291659832000732,2.7613253593444824,-1.5491925477981567,3.4557342529296875
train,depablo_low_temp,47,100,-2.4868319034576416,5.396356582641602,2.326096534729004,3.099856376647949,-1.7423310279846191,3.9003043174743652
train,depablo_low_temp,48,0,-0.36590975522994995,0.09805915504693985,0.5807714462280273,0.514694094657898,-0.6205177903175354,0.8850777745246887
train,depablo_low_temp,48,10,-0.2641531527042389,-0.13532711565494537,1.0036776065826416,0.5901313424110413,-0.889041543006897,1.0606945753097534
train,depablo_low_temp,48,20,-0.11850899457931519,-0.4787701666355133,1.4946997165679932,0.6504475474357605,-1.2009282112121582,1.247440218925476
train,depablo_low_temp,48,30,0.022983985021710396,-0.81485915184021,2.0056633949279785,0.7200937867164612,-1.5257779359817505,1.4564977884292603
train,depablo_low_temp,48,40,0.15837734937667847,-1.1387405395507812,2.5362167358398438,0.8007082939147949,-1.863397479057312,1.6894314289093018
train,depablo_low_temp,48,50,0.28726285696029663,-1.4493626356124878,3.0869412422180176,0.892896294593811,-2.214155912399292,1.9469343423843384
train,depablo_low_temp,48,60,0.4083208739757538,-1.7434799671173096,3.6560990810394287,0.9971933364868164,-2.5769500732421875,2.2290048599243164
train,depablo_low_temp,48,70,0.521852970123291,-2.0218143463134766,4.243714332580566,1.1133365631103516,-2.9517791271209717,2.5353500843048096
train,depablo_low_temp,48,80,0.6269974112510681,-2.282228946685791,4.8477630615234375,1.2413599491119385,-3.337350845336914,2.865307569503784
train,depablo_low_temp,48,90,0.7238084673881531,-2.5248239040374756,5.467906951904297,1.3811028003692627,-3.7334349155426025,3.218524932861328
train,depablo_low_temp,48,100,0.811976969242096,-2.748776435852051,6.102746963500977,1.5323567390441895,-4.139127254486084,3.594188690185547
train,depablo_low_temp,49,0,-0.10821177810430527,-0.48883575201034546,0.7039921879768372,0.3468078374862671,-0.6906462907791138,0.6872867941856384
train,depablo_low_temp,49,10,-0.20718777179718018,-0.23035606741905212,0.9397267699241638,0.5309749245643616,-0.8407928943634033,0.9151493906974792
train,depablo_low_temp,49,20,-0.3070888817310333,0.02834511548280716,1.2144052982330322,0.7299599647521973,-1.0162765979766846,1.1743453741073608
train,depablo_low_temp,49,30,-0.42072173953056335,0.3181937336921692,1.5091476440429688,0.9478329420089722,-1.2050679922103882,1.4638805389404297
train,depablo_low_temp,49,40,-0.5480144619941711,0.6389053463935852,1.8219517469406128,1.1837079524993896,-1.4058672189712524,1.7823822498321533
train,depablo_low_temp,49,50,-0.6882315874099731,0.9886566996574402,2.152315616607666,1.4367269277572632,-1.6183302402496338,2.1287872791290283
train,depablo_low_temp,49,60,-0.8409692049026489,1.3664393424987793,2.4992237091064453,1.7061234712600708,-1.8417894840240479,2.502031087875366
train,depablo_low_temp,49,70,-1.0054619312286377,1.7704029083251953,2.8618202209472656,1.990903615951538,-2.075676918029785,2.900724172592163
train,depablo_low_temp,49,80,-1.1810425519943237,2.1989643573760986,3.2394964694976807,2.2902581691741943,-2.3195817470550537,3.3237273693084717
train,depablo_low_temp,49,90,-1.3665380477905273,2.6493024826049805,3.6316728591918945,2.6029343605041504,-2.57310152053833,3.7694411277770996
train,depablo_low_temp,49,100,-1.5615938901901245,3.1206130981445312,4.036280632019043,2.927861213684082,-2.834900140762329,4.236006259918213
train,depablo_low_temp,50,0,-0.06277559697628021,-0.6223933696746826,1.0652275085449219,0.4375961422920227,-0.927227795124054,0.928256630897522
train,depablo_low_temp,50,10,0.00034969879197888076,-0.7613722681999207,1.4583264589309692,0.5359020829200745,-1.1769659519195557,1.1197460889816284
train,depablo_low_temp,50,20,0.11906479299068451,-1.0384892225265503,1.9408133029937744,0.6170446276664734,-1.483595371246338,1.3255285024642944
train,depablo_low_temp,50,30,0.23489275574684143,-1.3111544847488403,2.4513959884643555,0.7096352577209473,-1.808406114578247,1.5577973127365112
train,depablo_low_temp,50,40,0.34488624334335327,-1.5722217559814453,2.986262321472168,0.81480473279953,-2.1489808559417725,1.8167314529418945
train,depablo_low_temp,50,50,0.44819948077201843,-1.8196635246276855,3.5436415672302246,0.9326056838035583,-2.5041890144348145,2.101950168609619
train,depablo_low_temp,50,60,0.5449692606925964,-2.0538134574890137,4.123555660247803,1.062911868095398,-2.8740358352661133,2.4133121967315674
train,depablo_low_temp,50,70,0.6344100832939148,-2.272749900817871,4.723429203033447,1.2054541110992432,-3.2568740844726562,2.749753952026367
train,depablo_low_temp,50,80,0.7169319987297058,-2.4774484634399414,5.343338966369629,1.3598980903625488,-3.6527369022369385,3.1108710765838623
train,depablo_low_temp,50,90,0.791836678981781,-2.6661975383758545,5.980191230773926,1.525704026222229,-4.059647083282471,3.49518084526062
train,depablo_low_temp,50,100,0.8596217036247253,-2.840142250061035,6.633709907531738,1.7023594379425049,-4.477407455444336,3.9018704891204834
train,depablo_low_temp,51,0,-0.26702702045440674,-0.0833016186952591,0.6359229683876038,0.4668309986591339,-0.6475116014480591,0.7677869200706482
train,depablo_low_temp,51,10,-0.4171299934387207,0.2988549470901489,0.8041893839836121,0.6709004640579224,-0.7551544308662415,0.9977315664291382
train,depablo_low_temp,51,20,-0.5773555040359497,0.7034743428230286,0.9846799969673157,0.887710452079773,-0.8710482120513916,1.2491787672042847
train,depablo_low_temp,51,30,-0.7499377131462097,1.1360783576965332,1.1763485670089722,1.1189234256744385,-0.9945030212402344,1.5230826139450073
train,depablo_low_temp,51,40,-0.9348950386047363,1.5967278480529785,1.3784847259521484,1.3642959594726562,-1.1250604391098022,1.818922758102417
train,depablo_low_temp,51,50,-1.1317229270935059,2.084212303161621,1.5906130075454712,1.6232143640518188,-1.2624059915542603,2.1358633041381836
train,depablo_low_temp,51,60,-1.3401572704315186,2.5979292392730713,1.8122541904449463,1.895284652709961,-1.4062203168869019,2.473222255706787
train,depablo_low_temp,51,70,-1.559739589691162,3.1367876529693604,2.0424904823303223,2.1797609329223633,-1.5559040307998657,2.8298912048339844
train,depablo_low_temp,51,80,-1.7898271083831787,3.6992719173431396,2.281054735183716,2.47599196434021,-1.7112667560577393,3.2049789428710938
train,depablo_low_temp,51,90,-2.0301287174224854,4.284727573394775,2.5268146991729736,2.783315658569336,-1.871573805809021,3.5973381996154785
train,depablo_low_temp,51,100,-2.279831886291504,4.891223907470703,2.779055118560791,3.10075044631958,-2.036343574523926,4.005627632141113
train,depablo_low_temp,52,0,-0.5208224058151245,0.5272758603096008,0.4105633795261383,0.6029040217399597,-0.5073837041854858,0.8688420653343201
train,depablo_low_temp,52,10,-0.6548795700073242,0.8694719672203064,0.6063616871833801,0.8030543327331543,-0.632208526134491,1.1006349325180054
train,depablo_low_temp,52,20,-0.7948053479194641,1.223924994468689,0.8193671107292175,1.014209270477295,-0.7684149742126465,1.3530268669128418
train,depablo_low_temp,52,30,-0.9459192752838135,1.6037085056304932,1.0449892282485962,1.2394275665283203,-0.9131027460098267,1.6275291442871094
train,depablo_low_temp,52,40,-1.1083476543426514,2.009143829345703,1.282625675201416,1.4786063432693481,-1.0658897161483765,1.923837661743164
train,depablo_low_temp,52,50,-1.2815605401992798,2.438955545425415,1.5319620370864868,1.7311702966690063,-1.2265644073486328,2.241196632385254
train,depablo_low_temp,52,60,-1.465392827987671,2.892770767211914,1.7922732830047607,1.9967094659805298,-1.3946523666381836,2.578892469406128
train,depablo_low_temp,52,70,-1.6594401597976685,3.3696365356445312,2.0630195140838623,2.274679183959961,-1.5697963237762451,2.9361073970794678
train,depablo_low_temp,52,80,-1.8631749153137207,3.8683173656463623,2.343602180480957,2.56441593170166,-1.7516062259674072,3.3118579387664795
train,depablo_low_temp,52,90,-2.0762250423431396,4.387938022613525,2.633497476577759,2.8653950691223145,-1.9397318363189697,3.705386161804199
train,depablo_low_temp,52,100,-2.2982630729675293,4.927754878997803,2.9311203956604004,3.176745891571045,-2.133150339126587,4.115238189697266
train,depablo_low_temp,53,0,-0.3755751848220825,0.16387318074703217,0.027727974578738213,0.32469600439071655,-0.2560510039329529,0.46086612343788147
train,depablo_low_temp,53,10,-0.545017421245575,0.5952631235122681,0.16636309027671814,0.5343714952468872,-0.3446080684661865,0.6884604692459106
train,depablo_low_temp,53,20,-0.7239939570426941,1.0478479862213135,0.32105863094329834,0.7577560544013977,-0.44382771849632263,0.939263105392456
train,depablo_low_temp,53,30,-0.9157001972198486,1.5294383764266968,0.48941105604171753,0.9967898726463318,-0.5521914958953857,1.2145355939865112
train,depablo_low_temp,53,40,-1.1197890043258667,2.039181709289551,0.6718741655349731,1.2513411045074463,-0.6699824333190918,1.5142394304275513
train,depablo_low_temp,53,50,-1.3362157344818115,2.5769426822662354,0.8679265975952148,1.5211654901504517,-0.7968661785125732,1.8379913568496704
train,depablo_low_temp,53,60,-1.5646435022354126,3.141899347305298,1.0774508714675903,1.8059204816818237,-0.932754635810852,2.185359239578247
train,depablo_low_temp,53,70,-1.8049497604370117,3.7337396144866943,1.2998371124267578,2.1052589416503906,-1.0772531032562256,2.5558085441589355
train,depablo_low_temp,53,80,-2.0565736293792725,4.351110935211182,1.5350220203399658,2.4186697006225586,-1.230307698249817,2.9487133026123047
train,depablo_low_temp,53,90,-2.3191144466400146,4.993054389953613,1.7823505401611328,2.745554208755493,-1.3914841413497925,3.3631935119628906
train,depablo_low_temp,53,100,-2.5921847820281982,5.658645153045654,2.0414397716522217,3.0854296684265137,-1.56052565574646,3.798569440841675
train,depablo_low_temp,54,0,-0.4468456208705902,0.3611699342727661,0.32754814624786377,0.5100298523902893,-0.4499894380569458,0.7160813808441162
train,depablo_low_temp,54,10,-0.6581937670707703,0.8905012011528015,0.4069090187549591,0.7334997653961182,-0.5015215277671814,0.9452551007270813
train,depablo_low_temp,54,20,-0.8805161714553833,1.4441012144088745,0.5023985505104065,0.9715018272399902,-0.5637961030006409,1.2001070976257324
train,depablo_low_temp,54,30,-1.112603783607483,2.0190608501434326,0.6154584288597107,1.2235469818115234,-0.6376933455467224,1.4802355766296387
train,depablo_low_temp,54,40,-1.3537346124649048,2.613647699356079,0.7463449239730835,1.4891079664230347,-0.7233577370643616,1.7850403785705566
train,depablo_low_temp,54,50,-1.6034036874771118,3.22664475440979,0.8941266536712646,1.7673969268798828,-0.8201823234558105,2.1133642196655273
train,depablo_low_temp,54,60,-1.8607782125473022,3.85608172416687,1.0588780641555786,2.0577445030212402,-0.9281962513923645,2.464345932006836
train,depablo_low_temp,54,70,-2.125213146209717,4.500435829162598,1.2400739192962646,2.3594062328338623,-1.0470455884933472,2.836911201477051
train,depablo_low_temp,54,80,-2.3959896564483643,5.158023834228516,1.4368330240249634,2.6714494228363037,-1.1761482954025269,3.2296488285064697
train,depablo_low_temp,54,90,-2.672438621520996,5.827273368835449,1.648643136024475,2.993116617202759,-1.3151602745056152,3.6414756774902344
train,depablo_low_temp,54,100,-2.953685760498047,6.506161212921143,1.8750311136245728,3.3235182762145996,-1.463754653930664,4.071040630340576
train,depablo_low_temp,55,0,-0.4846055805683136,0.43625086545944214,0.4707774221897125,0.5928674936294556,-0.546191930770874,0.8829737305641174
train,depablo_low_temp,55,10,-0.6214394569396973,0.7845855951309204,0.6685011982917786,0.7962270975112915,-0.6723045706748962,1.1176462173461914
train,depablo_low_temp,55,20,-0.7680423855781555,1.1544798612594604,0.8861315846443176,1.0148711204528809,-0.8115656971931458,1.3788816928863525
train,depablo_low_temp,55,30,-0.9294443726539612,1.5581071376800537,1.118302345275879,1.251222014427185,-0.9605598449707031,1.6674293279647827
train,depablo_low_temp,55,40,-1.104953408241272,1.9937348365783691,1.3639531135559082,1.5042223930358887,-1.1185814142227173,1.9819639921188354
train,depablo_low_temp,55,50,-1.2940711975097656,2.4601361751556396,1.6223994493484497,1.7731571197509766,-1.2851799726486206,2.3215200901031494
train,depablo_low_temp,55,60,-1.4956949949264526,2.95467472076416,1.8930776119232178,2.056852102279663,-1.4599614143371582,2.6845672130584717
train,depablo_low_temp,55,70,-1.7091094255447388,3.4756596088409424,2.174879312515259,2.354273796081543,-1.6422007083892822,3.0695719718933105
train,depablo_low_temp,55,80,-1.9332644939422607,4.020600318908691,2.4671926498413086,2.6642744541168213,-1.8314716815948486,3.4750170707702637
train,depablo_low_temp,55,90,-2.1673693656921387,4.587645530700684,2.768873691558838,2.9857516288757324,-2.027026653289795,3.8992457389831543
train,depablo_low_temp,55,100,-2.4100894927978516,5.173671722412109,3.0791702270507812,3.3172895908355713,-2.2283456325531006,4.340266704559326
train,depablo_low_temp,56,0,-0.03462110459804535,-0.6823392510414124,0.4324837028980255,0.17331428825855255,-0.5138301849365234,0.4375649094581604
train,depablo_low_temp,56,10,-0.1112467423081398,-0.47700434923171997,0.6664837598800659,0.3369387984275818,-0.662428617477417,0.643199622631073
train,depablo_low_temp,56,20,-0.17911618947982788,-0.2953002452850342,0.9238994121551514,0.5008230209350586,-0.8261659145355225,0.8600587844848633
train,depablo_low_temp,56,30,-0.2568686008453369,-0.09145068377256393,1.1880518198013306,0.6753694415092468,-0.9945331811904907,1.0935595035552979
train,depablo_low_temp,56,40,-0.3443460464477539,0.13427916169166565,1.4611434936523438,0.8613477945327759,-1.1689413785934448,1.3449084758758545
train,depablo_low_temp,56,50,-0.44124898314476013,0.3811986744403839,1.7441378831863403,1.0588818788528442,-1.3500069379806519,1.6144241094589233
train,depablo_low_temp,56,60,-0.5473730564117432,0.6488352417945862,2.037273645401001,1.2679002285003662,-1.5378808975219727,1.9020464420318604
train,depablo_low_temp,56,70,-0.6626719236373901,0.9370837211608887,2.340285301208496,1.4882588386535645,-1.7323888540267944,2.20753812789917
train,depablo_low_temp,56,80,-0.7862419486045837,1.2437734603881836,2.654017210006714,1.719491720199585,-1.9340546131134033,2.5305581092834473
train,depablo_low_temp,56,90,-0.9185844659805298,1.5701234340667725,2.976811170578003,1.9614112377166748,-2.141819953918457,2.870445728302002
train,depablo_low_temp,56,100,-1.058774471282959,1.913912057876587,3.309177875518799,2.2133970260620117,-2.3559906482696533,3.226618766784668
train,depablo_low_temp,57,0,-0.7464805841445923,1.0686289072036743,0.5020803213119507,0.8324027061462402,-0.5739144682884216,1.1914230585098267
train,depablo_low_temp,57,10,-0.7768607139587402,1.1540985107421875,0.8067763447761536,0.9800395965576172,-0.7680739164352417,1.409543752670288
train,depablo_low_temp,57,20,-0.7925525903701782,1.2006587982177734,1.1532484292984009,1.1286650896072388,-0.9890198111534119,1.648632526397705
train,depablo_low_temp,57,30,-0.8210862278938293,1.2755225896835327,1.5249347686767578,1.2965883016586304,-1.2263870239257812,1.9219112396240234
train,depablo_low_temp,57,40,-0.8640241622924805,1.3824135065078735,1.9223986864089966,1.485364556312561,-1.480561375617981,2.231351137161255
train,depablo_low_temp,57,50,-0.9215556979179382,1.5216920375823975,2.3468475341796875,1.695547342300415,-1.7523167133331299,2.578111171722412
train,depablo_low_temp,57,60,-0.9937241673469543,1.6933871507644653,2.799837827682495,1.9277034997940063,-2.0426275730133057,2.963336229324341
train,depablo_low_temp,57,70,-1.0805864334106445,1.8975530862808228,3.28109073638916,2.1817076206207275,-2.3513057231903076,3.3870017528533936
train,depablo_low_temp,57,80,-1.1817653179168701,2.1331918239593506,3.7912092208862305,2.4573826789855957,-2.6787166595458984,3.849271774291992
train,depablo_low_temp,57,90,-1.2967240810394287,2.398995876312256,4.331488132476807,2.7547152042388916,-3.0256614685058594,4.350472927093506
train,depablo_low_temp,57,100,-1.4249814748764038,2.693755626678467,4.9013590812683105,3.073007822036743,-3.3917455673217773,4.8898024559021
train,depablo_low_temp,58,0,-0.2541281282901764,-0.15893422067165375,0.5557674169540405,0.40993061661720276,-0.6006804704666138,0.760601282119751
train,depablo_low_temp,58,10,-0.21109478175640106,-0.24762433767318726,0.9313607811927795,0.5202380418777466,-0.8394021391868591,0.9564834833145142
train,depablo_low_temp,58,20,-0.12397971749305725,-0.4466657042503357,1.3778338432312012,0.6167065501213074,-1.1233468055725098,1.1648344993591309
train,depablo_low_temp,58,30,-0.0448610894382,-0.6288508772850037,1.8427716493606567,0.7257589101791382,-1.4194321632385254,1.3977872133255005
train,depablo_low_temp,58,40,0.023991337046027184,-0.7885685563087463,2.32555890083313,0.8492212295532227,-1.7272940874099731,1.6569353342056274
train,depablo_low_temp,58,50,0.08194179832935333,-0.924258291721344,2.8263161182403564,0.9877138733863831,-2.0470242500305176,1.9429494142532349
train,depablo_low_temp,58,60,0.12847155332565308,-1.034665822982788,3.3440942764282227,1.1413344144821167,-2.378019332885742,2.2556474208831787
train,depablo_low_temp,58,70,0.16337740421295166,-1.1193060874938965,3.8782949447631836,1.310031533241272,-2.7198944091796875,2.594791889190674
train,depablo_low_temp,58,80,0.18670763075351715,-1.1783039569854736,4.427602767944336,1.4932609796524048,-3.0718090534210205,2.959439277648926
train,depablo_low_temp,58,90,0.19834639132022858,-1.2113306522369385,4.990853786468506,1.6907119750976562,-3.4330029487609863,3.348756790161133
train,depablo_low_temp,58,100,0.19895918667316437,-1.219974160194397,5.567397117614746,1.9015624523162842,-3.8030481338500977,3.761605739593506
train,depablo_low_temp,59,0,-0.36629095673561096,0.1627870351076126,0.3416050672531128,0.44343477487564087,-0.45753857493400574,0.6467170715332031
train,depablo_low_temp,59,10,-0.5727010369300842,0.6809639930725098,0.42397230863571167,0.6643014550209045,-0.5107579231262207,0.8708470463752747
train,depablo_low_temp,59,20,-0.7905312776565552,1.224555253982544,0.5235546827316284,0.9005768299102783,-0.5754078030586243,1.1215378046035767
train,depablo_low_temp,59,30,-1.018872857093811,1.7913355827331543,0.6412362456321716,1.1517949104309082,-0.6520254611968994,1.3984092473983765
train,depablo_low_temp,59,40,-1.2574540376663208,2.3806347846984863,0.7768071293830872,1.4176286458969116,-0.7404642701148987,1.7010366916656494
train,depablo_low_temp,59,50,-1.5053023099899292,2.9901366233825684,0.930736780166626,1.6974399089813232,-0.8410035967826843,2.028676748275757
train,depablo_low_temp,59,60,-1.7622909545898438,3.6195335388183594,1.1017686128616333,1.9906307458877563,-0.9528339505195618,2.3803462982177734
train,depablo_low_temp,59,70,-2.0277183055877686,4.26716423034668,1.2897748947143555,2.2965610027313232,-1.0758596658706665,2.755201578140259
train,depablo_low_temp,59,80,-2.30065655708313,4.930853366851807,1.4947019815444946,2.614443302154541,-1.2100152969360352,3.1521155834198
train,depablo_low_temp,59,90,-2.580857515335083,5.61002779006958,1.715238094329834,2.943561315536499,-1.3544552326202393,3.569931983947754
train,depablo_low_temp,59,100,-2.867424249649048,6.302590370178223,1.9512317180633545,3.2831127643585205,-1.5090550184249878,4.007511615753174
train,depablo_mixed_temp,60,0,-0.5276448726654053,0.5593169927597046,0.49146950244903564,0.6443747282028198,-0.5585702657699585,0.9210603833198547
train,depablo_mixed_temp,60,10,-0.8425081968307495,1.3293144702911377,0.8156131505966187,1.040732502937317,-0.7706737518310547,1.4747117757797241
train,depablo_mixed_temp,60,20,-0.7914585471153259,1.202409267425537,1.504453182220459,1.250957727432251,-1.2107312679290771,1.9135714769363403
train,depablo_mixed_temp,60,30,-0.974116325378418,1.670379400253296,1.3837136030197144,1.3869940042495728,-1.1315748691558838,1.9185519218444824
train,depablo_mixed_temp,60,40,-1.2428922653198242,2.335979700088501,1.4342117309570312,1.6517653465270996,-1.1691259145736694,2.2065398693084717
train,depablo_mixed_temp,60,50,-1.716927170753479,3.4781651496887207,2.028315544128418,2.2754287719726562,-1.5546298027038574,3.1077613830566406
train,depablo_mixed_temp,60,60,-1.8751238584518433,3.8723111152648926,1.6794241666793823,2.290184497833252,-1.3318995237350464,3.0166587829589844
train,depablo_mixed_temp,60,70,-2.320972442626953,4.948363780975342,2.1515021324157715,2.859666109085083,-1.6387498378753662,3.7416622638702393
train,depablo_mixed_temp,60,80,-2.409717321395874,5.165172576904297,2.017594814300537,2.8865933418273926,-1.552355170249939,3.741624116897583
train,depablo_mixed_temp,60,90,-2.436675786972046,5.23773193359375,2.7243058681488037,3.1958603858947754,-2.007988452911377,4.217295169830322
train,depablo_mixed_temp,60,100,-2.932460069656372,6.43862771987915,2.9538426399230957,3.722715377807617,-2.158277988433838,4.843116283416748
train,depablo_mixed_temp,61,0,-0.3890768587589264,0.19251079857349396,0.8443009853363037,0.6485705971717834,-0.7879881858825684,1.0579891204833984
train,depablo_mixed_temp,61,10,0.4314851760864258,-1.9369456768035889,2.3301351070404053,0.3454810082912445,-1.74140465259552,1.7061796188354492
train,depablo_mixed_temp,61,20,-1.3661788702011108,2.5167558193206787,0.16628983616828918,1.2067641019821167,-0.37525856494903564,1.7061830759048462
train,depablo_mixed_temp,61,30,-0.7014859914779663,0.9127452969551086,0.9656351804733276,0.9293849468231201,-0.8863573670387268,1.6476107835769653
train,depablo_mixed_temp,61,40,-0.449061781167984,0.29703453183174133,2.3806450366973877,1.2417503595352173,-1.799763798713684,2.447972059249878
train,depablo_mixed_temp,61,50,0.2532801330089569,-1.4290859699249268,5.228643417358398,1.6611008644104004,-3.6198196411132812,3.813483476638794
train,depablo_mixed_temp,61,60,-0.5612349510192871,0.542592465877533,2.775048017501831,1.4593217372894287,-2.053799867630005,2.919874906539917
train,depablo_mixed_temp,61,70,-0.5095890164375305,0.49600523710250854,2.885286569595337,1.5406216382980347,-2.117640733718872,2.710209846496582
train,depablo_mixed_temp,61,80,-0.07935482263565063,-0.6065226793289185,4.384754657745361,1.6533458232879639,-3.0537004470825195,3.447744846343994
train,depablo_mixed_temp,61,90,-1.1717228889465332,2.0546352863311768,4.052905559539795,2.532322406768799,-2.8917622566223145,4.30795431137085
train,depablo_mixed_temp,61,100,-0.7196968793869019,0.9944205284118652,3.99426007270813,2.1299121379852295,-2.835926055908203,3.745587110519409
train,depablo_mixed_temp,62,0,-0.3917652368545532,0.17217862606048584,0.7802874445915222,0.6173503994941711,-0.7499947547912598,1.0488415956497192
train,depablo_mixed_temp,62,10,0.7416350245475769,-2.6214263439178467,2.297229051589966,0.14180618524551392,-1.707038402557373,1.1395846605300903
train,depablo_mixed_temp,62,20,0.7057182788848877,-2.5305116176605225,2.5571846961975098,0.2788196802139282,-1.8721609115600586,1.319282054901123
train,depablo_mixed_temp,62,30,1.5944504737854004,-4.705564022064209,4.774486541748047,0.2976873219013214,-3.2804059982299805,2.0563998222351074
train,depablo_mixed_temp,62,40,0.5039494633674622,-2.0016350746154785,3.2706093788146973,0.7320607900619507,-2.3235559463500977,1.9497063159942627
train,depablo_mixed_temp,62,50,0.4591846466064453,-1.8966221809387207,3.636890411376953,0.9164916276931763,-2.563619613647461,2.2671804428100586
train,depablo_mixed_temp,62,60,1.8603801727294922,-5.380428314208984,6.0860772132873535,0.5105528831481934,-4.108753681182861,2.781921148300171
train,depablo_mixed_temp,62,70,0.7698299288749695,-2.678464651107788,4.498610973358154,0.9424879550933838,-3.1176233291625977,2.645836114883423
train,depablo_mixed_temp,62,80,1.5258784294128418,-4.562239646911621,7.402763843536377,1.3026213645935059,-4.961122512817383,4.018966197967529
train,depablo_mixed_temp,62,90,0.44586730003356934,-1.8720746040344238,5.341950416564941,1.564681053161621,-3.6542677879333496,3.443575859069824
train,depablo_mixed_temp,62,100,1.630054235458374,-4.84176778793335,7.778687953948975,1.3419502973556519,-5.204319953918457,4.227599620819092
train,depablo_mixed_temp,63,0,-0.4975677728652954,0.44072532653808594,0.8877873420715332,0.7561800479888916,-0.8203938007354736,1.2149876356124878
train,depablo_mixed_temp,63,10,5.023599147796631,-13.271574974060059,4.958083152770996,-3.006458044052124,-3.3401365280151367,-0.11317931115627289
train,depablo_mixed_temp,63,20,2.6263198852539062,-7.317333221435547,2.323866367340088,-1.7079589366912842,-1.6866847276687622,-0.140097975730896
train,depablo_mixed_temp,63,30,4.349260330200195,-11.73637580871582,7.431049346923828,-1.659502625465393,-4.829643249511719,2.0059430599212646
train,depablo_mixed_temp,63,40,4.21665620803833,-11.257789611816406,2.5244181156158447,-3.1498169898986816,-1.7997486591339111,-1.018897533416748
train,depablo_mixed_temp,63,50,4.819591522216797,-12.505169868469238,2.001451015472412,-3.6908860206604004,-1.5443981885910034,-2.217921018600464
train,depablo_mixed_temp,63,60,5.787077903747559,-15.139493942260742,5.981902599334717,-3.340498447418213,-3.984349012374878,-0.10205257683992386
train,depablo_mixed_temp,63,70,4.878253936767578,-13.00849437713623,9.015303611755371,-1.461850643157959,-5.875516414642334,2.551328420639038
train,depablo_mixed_temp,63,80,3.3816285133361816,-9.091869354248047,6.865678787231445,-0.6742917895317078,-4.568145275115967,2.3404414653778076
train,depablo_mixed_temp,63,90,4.538278579711914,-12.157299041748047,8.974449157714844,-1.1323710680007935,-5.922957897186279,3.153611183166504
train,depablo_mixed_temp,63,100,4.801127910614014,-12.574233055114746,7.403049945831299,-1.7690515518188477,-4.917177677154541,1.395253300666809
train,depablo_mixed_temp,64,0,-0.5185648202896118,0.5161869525909424,0.13315202295780182,0.49256467819213867,-0.3273710608482361,0.674139678478241
train,depablo_mixed_temp,64,10,-0.964087724685669,1.5427793264389038,-0.2311740219593048,0.6987494230270386,-0.10023105144500732,0.9818136096000671
train,depablo_mixed_temp,64,20,-1.3248567581176758,2.423834800720215,-0.7856493592262268,0.8047289848327637,0.25337710976600647,0.9777116775512695
train,depablo_mixed_temp,64,30,-1.0353785753250122,1.686793565750122,0.07843891531229019,0.8538340926170349,-0.29786235094070435,1.3168931007385254
train,depablo_mixed_temp,64,40,-1.2772941589355469,2.338839530944824,0.29756465554237366,1.1872397661209106,-0.436713844537735,1.5947359800338745
train,depablo_mixed_temp,64,50,-1.4890546798706055,2.8704020977020264,-0.30381104350090027,1.160717248916626,-0.05877653509378433,1.3774795532226562
train,depablo_mixed_temp,64,60,-1.871726632118225,3.8018157482147217,0.7087090015411377,1.8795897960662842,-0.7029780149459839,2.387974262237549
train,depablo_mixed_temp,64,70,-2.393044948577881,5.040957450866699,-0.36455467343330383,1.9115197658538818,-0.033274538815021515,2.2273216247558594
train,depablo_mixed_temp,64,80,-2.2658655643463135,4.713455677032471,2.516184091567993,2.8754258155822754,-1.8701590299606323,4.093634605407715
train,depablo_mixed_temp,64,90,-2.221039056777954,4.6841630935668945,1.596991777420044,2.518179416656494,-1.2644304037094116,3.3007547855377197
train,depablo_mixed_temp,64,100,-2.381180763244629,5.044286727905273,1.6896753311157227,2.701542377471924,-1.3453866243362427,3.590862274169922
train,depablo_mixed_temp,65,0,-0.5981854200363159,0.6978480815887451,0.7776925563812256,0.8057390451431274,-0.750023603439331,1.2263675928115845
train,depablo_mixed_temp,65,10,-0.6917162537574768,0.9145874381065369,0.6373660564422607,0.7858082056045532,-0.6491292119026184,1.4243130683898926
train,depablo_mixed_temp,65,20,-0.9353404641151428,1.436692476272583,0.10659553855657578,0.7462590932846069,-0.32581666111946106,1.3953863382339478
train,depablo_mixed_temp,65,30,-0.6772937774658203,0.8499867916107178,1.9900753498077393,1.268281102180481,-1.512598991394043,2.2811903953552246
train,depablo_mixed_temp,65,40,-0.24477913975715637,-0.2517915368080139,2.1616673469543457,0.896193265914917,-1.6163710355758667,2.176583766937256
train,depablo_mixed_temp,65,50,-1.0641062259674072,1.7818127870559692,2.0969364643096924,1.6269495487213135,-1.6114554405212402,2.8878214359283447
train,depablo_mixed_temp,65,60,0.7008641362190247,-2.4862570762634277,6.000146865844727,1.5430612564086914,-4.05864953994751,3.720168352127075
train,depablo_mixed_temp,65,70,-1.0700044631958008,1.8602752685546875,2.414079427719116,1.8144845962524414,-1.796561360359192,2.9537508487701416
train,depablo_mixed_temp,65,80,-1.5644822120666504,2.89241361618042,6.6679487228393555,3.7206363677978516,-4.529171943664551,6.611403465270996
train,depablo_mixed_temp,65,90,-1.3083685636520386,2.278383255004883,2.4966812133789062,1.9137969017028809,-1.8813550472259521,3.804123640060425
train,depablo_mixed_temp,65,100,-0.7220607399940491,0.9276168346405029,4.9572601318359375,2.3929977416992188,-3.4022531509399414,4.439276695251465
train,depablo_mixed_temp,66,0,-0.46107858419418335,0.39599278569221497,0.5005577802658081,0.5886023640632629,-0.5631438493728638,0.8593701720237732
train,depablo_mixed_temp,66,10,-0.6257384419441223,0.4980040192604065,0.7996625900268555,0.5812234282493591,-0.7550722360610962,1.8667911291122437
train,depablo_mixed_temp,66,20,-0.7267383337020874,0.859447717666626,0.13768082857131958,0.5197283625602722,-0.330325186252594,1.3412189483642578
train,depablo_mixed_temp,66,30,-1.2961724996566772,2.2544362545013428,1.55324125289917,1.5718518495559692,-1.2601135969161987,2.8444972038269043
train,depablo_mixed_temp,66,40,-0.7848062515258789,1.0104519128799438,1.044166088104248,0.9109768867492676,-0.9164370894432068,2.002243757247925
train,depablo_mixed_temp,66,50,-1.0526347160339355,1.8201340436935425,0.8335590958595276,1.190929651260376,-0.7780165076255798,1.84569251537323
train,depablo_mixed_temp,66,60,-1.842741847038269,3.69710636138916,1.1212468147277832,1.9975734949111938,-0.9798957109451294,2.8120906352996826
train,depablo_mixed_temp,66,70,-2.1550509929656982,4.376945495605469,3.254854202270508,2.995574951171875,-2.319270133972168,4.642767906188965
train,depablo_mixed_temp,66,80,-2.856813907623291,6.086840629577637,1.5893257856369019,2.9884932041168213,-1.3128600120544434,4.342457294464111
train,depablo_mixed_temp,66,90,-2.8837828636169434,6.198720455169678,1.6766822338104248,3.1027917861938477,-1.3648544549942017,4.30479621887207
train,depablo_mixed_temp,66,100,-2.6885366439819336,5.710045337677002,1.7590720653533936,2.988877296447754,-1.4445080757141113,4.269538402557373
train,depablo_mixed_temp,67,0,-0.2857157588005066,-0.037296101450920105,0.3002203702926636,0.3554422855377197,-0.42927607893943787,0.5433079600334167
train,depablo_mixed_temp,67,10,-0.5920610427856445,0.7015687227249146,0.22312074899673462,0.5817711353302002,-0.38266295194625854,0.8182225227355957
train,depablo_mixed_temp,67,20,-0.8543568849563599,1.3617274761199951,0.700003981590271,1.0078390836715698,-0.690308153629303,1.3567156791687012
train,depablo_mixed_temp,67,30,-0.7881825566291809,1.211194634437561,0.9561718702316284,1.0541696548461914,-0.8521599173545837,1.4346457719802856
train,depablo_mixed_temp,67,40,-1.1236413717269897,2.0324180126190186,0.7228617668151855,1.2632803916931152,-0.7047297358512878,1.5908491611480713
train,depablo_mixed_temp,67,50,-1.5030728578567505,2.963571548461914,0.8012825846672058,1.629431962966919,-0.7603417634963989,1.9969593286514282
train,depablo_mixed_temp,67,60,-1.5636956691741943,3.12908935546875,1.2603602409362793,1.868680715560913,-1.0535682439804077,2.3369998931884766
train,depablo_mixed_temp,67,70,-1.945042610168457,4.053466796875,1.0366852283477783,2.116278648376465,-0.9108033180236816,2.5377912521362305
train,depablo_mixed_temp,67,80,-2.2995338439941406,4.90438985824585,1.4372358322143555,2.5668928623199463,-1.1740021705627441,3.1886115074157715
train,depablo_mixed_temp,67,90,-2.6127171516418457,5.672100067138672,1.048956274986267,2.699160575866699,-0.9292929768562317,3.2140138149261475
train,depablo_mixed_temp,67,100,-2.859225273132324,6.270286560058594,1.696885347366333,3.16245174407959,-1.3466066122055054,3.893115520477295
train,depablo_mixed_temp,68,0,-0.32840850949287415,0.01504945382475853,0.8393515348434448,0.5841920971870422,-0.7865393757820129,1.0220786333084106
train,depablo_mixed_temp,68,10,-0.4481140077114105,0.25086647272109985,2.6753621101379395,1.3226007223129272,-1.9804612398147583,2.5899741649627686
train,depablo_mixed_temp,68,20,0.3657391369342804,-1.71164870262146,3.060131072998047,0.7351934909820557,-2.1910791397094727,2.0437586307525635
train,depablo_mixed_temp,68,30,-0.16280311346054077,-0.44882988929748535,2.2485620975494385,0.9177172780036926,-1.6922388076782227,1.9599967002868652
train,depablo_mixed_temp,68,40,-0.09098608791828156,-0.6478755474090576,3.177294969558716,1.1790696382522583,-2.2889442443847656,2.611420154571533
train,depablo_mixed_temp,68,50,-0.24467578530311584,-0.26776403188705444,4.172757148742676,1.6740059852600098,-2.918131113052368,3.4710988998413086
train,depablo_mixed_temp,68,60,-1.2787210941314697,2.2976627349853516,3.107475996017456,2.249936103820801,-2.2537591457366943,3.567901134490967
train,depablo_mixed_temp,68,70,-1.370811939239502,2.5005249977111816,3.960218906402588,2.631500005722046,-2.79255747795105,4.257101058959961
train,depablo_mixed_temp,68,80,-2.1291935443878174,4.3734331130981445,2.720036506652832,2.8554234504699707,-2.00642466545105,4.09337043762207
train,depablo_mixed_temp,68,90,-0.8603250980377197,1.239757776260376,5.191194534301758,2.6304731369018555,-3.5705041885375977,4.65186882019043
train,depablo_mixed_temp,68,100,-1.7172574996948242,3.277505874633789,4.88494873046875,3.2498714923858643,-3.4036941528320312,5.426778316497803
train,depablo_mixed_temp,69,0,-0.4335286319255829,0.3374430537223816,0.633476972579956,0.6182523369789124,-0.6478356719017029,0.9103154540061951
train,depablo_mixed_temp,69,10,-0.6017053723335266,0.7612940073013306,0.8382183313369751,0.8527241945266724,-0.7794309258460999,1.1801762580871582
train,depablo_mixed_temp,69,20,-0.8581067323684692,1.3972975015640259,0.9209973216056824,1.1180214881896973,-0.8345470428466797,1.4536280632019043
train,depablo_mixed_temp,69,30,-1.0882841348648071,1.9665765762329102,1.0692979097366333,1.3822190761566162,-0.9299480319023132,1.749727487564087
train,depablo_mixed_temp,69,40,-1.3461966514587402,2.599382162094116,1.2348517179489136,1.6759001016616821,-1.0377944707870483,2.0917153358459473
train,depablo_mixed_temp,69,50,-1.600169062614441,3.2204506397247314,1.4268909692764282,1.9751206636428833,-1.1631667613983154,2.450920343399048
train,depablo_mixed_temp,69,60,-1.875378966331482,3.891801595687866,1.5928994417190552,2.2834668159484863,-1.272237777709961,2.8142478466033936
train,depablo_mixed_temp,69,70,-2.1137053966522217,4.471397399902344,1.807542085647583,2.5757813453674316,-1.4122437238693237,3.1782610416412354
train,depablo_mixed_temp,69,80,-2.396205186843872,5.153470516204834,2.1779778003692627,2.9615259170532227,-1.6522136926651,3.7052128314971924
train,depablo_mixed_temp,69,90,-2.7393674850463867,5.979681491851807,2.3808727264404297,3.337085247039795,-1.786417841911316,4.17388391494751
train,depablo_mixed_temp,69,100,-2.976069927215576,6.5511040687561035,2.6936283111572266,3.6634013652801514,-1.9891427755355835,4.608795166015625
train,depablo_mixed_temp,70,0,-0.20676763355731964,-0.2616065442562103,0.5357331037521362,0.36503496766090393,-0.5847530961036682,0.6793594360351562
train,depablo_mixed_temp,70,10,-0.1698707491159439,-0.3373343348503113,0.8579769134521484,0.4593028128147125,-0.7888190746307373,0.8452320098876953
train,depablo_mixed_temp,70,20,-0.2945440709590912,-0.019704490900039673,1.011439561843872,0.6341754794120789,-0.8870232701301575,1.0451979637145996
train,depablo_mixed_temp,70,30,-0.33731645345687866,0.09664687514305115,1.4108623266220093,0.827901303768158,-1.1422597169876099,1.3436310291290283
train,depablo_mixed_temp,70,40,-0.40879660844802856,0.28137335181236267,1.7188255786895752,1.0128896236419678,-1.3395366668701172,1.6070163249969482
train,depablo_mixed_temp,70,50,-0.4856661558151245,0.4768073856830597,2.060042142868042,1.2133700847625732,-1.5579545497894287,1.902258276939392
train,depablo_mixed_temp,70,60,-0.585415244102478,0.7267000079154968,2.332429885864258,1.4085057973861694,-1.732653260231018,2.1715590953826904
train,depablo_mixed_temp,70,70,-0.673172116279602,0.9445294141769409,2.685325860977173,1.6221139430999756,-1.9591271877288818,2.4900505542755127
train,depablo_mixed_temp,70,80,-0.8513981103897095,1.3801383972167969,3.0182790756225586,1.9085197448730469,-2.1758086681365967,2.885737180709839
train,depablo_mixed_temp,70,90,-0.9718821048736572,1.6740447282791138,3.3536124229431152,2.1426022052764893,-2.3906471729278564,3.2238149642944336
train,depablo_mixed_temp,70,100,-1.0591882467269897,1.885392665863037,3.738969087600708,2.365797519683838,-2.6384732723236084,3.5721445083618164
train,depablo_mixed_temp,71,0,-0.29282739758491516,-0.07319429516792297,0.7543905377388,0.517594575881958,-0.731269121170044,0.940244197845459
train,depablo_mixed_temp,71,10,0.11378001421689987,-1.0982437133789062,0.958184003829956,0.2018064260482788,-0.858774721622467,0.808209240436554
train,depablo_mixed_temp,71,20,1.2744050025939941,-3.8945472240448,2.873666286468506,-0.10192069411277771,-2.065809726715088,0.9804105758666992
train,depablo_mixed_temp,71,30,1.7801117897033691,-5.123467445373535,3.7822201251983643,-0.21755845844745636,-2.645200490951538,1.1534032821655273
train,depablo_mixed_temp,71,40,1.2800790071487427,-3.9137320518493652,3.840639591217041,0.24948325753211975,-2.6908040046691895,1.6669082641601562
train,depablo_mixed_temp,71,50,1.0709693431854248,-3.4012436866760254,4.182889461517334,0.5609694719314575,-2.912703514099121,2.113900899887085
train,depablo_mixed_temp,71,60,1.4834330081939697,-4.4085259437561035,4.927464962005615,0.46444085240364075,-3.386314630508423,2.272017002105713
train,depablo_mixed_temp,71,70,0.5879555344581604,-2.2261807918548584,4.5338850021362305,1.1262010335922241,-3.147614002227783,2.836392402648926
train,depablo_mixed_temp,71,80,1.2998197078704834,-4.005876064300537,6.5462965965271,1.1995277404785156,-4.4278082847595215,3.62336802482605
train,depablo_mixed_temp,71,90,1.6780436038970947,-4.928258895874023,6.9397478103637695,1.0048213005065918,-4.6724324226379395,3.559368133544922
train,depablo_mixed_temp,71,100,1.0919262170791626,-3.5023443698883057,6.946658134460449,1.533961296081543,-4.683313846588135,4.104152202606201
train,depablo_mixed_temp,72,0,-0.155748188495636,-0.3770892918109894,0.578975260257721,0.33998903632164,-0.6107019186019897,0.6464678049087524
train,depablo_mixed_temp,72,10,-0.3231044113636017,0.04840574413537979,0.6912633776664734,0.5378018021583557,-0.6822421550750732,0.8526181578636169
train,depablo_mixed_temp,72,20,-0.30029118061065674,0.0053006126545369625,1.0454329252243042,0.6563572883605957,-0.907517671585083,1.058098554611206
train,depablo_mixed_temp,72,30,-0.38881295919418335,0.2359762042760849,1.3667815923690796,0.8629151582717896,-1.11281156539917,1.3382351398468018
train,depablo_mixed_temp,72,40,-0.49432921409606934,0.503918468952179,1.642697811126709,1.0655403137207031,-1.2899352312088013,1.6113876104354858
train,depablo_mixed_temp,72,50,-0.5756903290748596,0.7121819853782654,2.005929946899414,1.2803388833999634,-1.5232584476470947,1.9221293926239014
train,depablo_mixed_temp,72,60,-0.72020423412323,1.070529818534851,2.3719239234924316,1.5494059324264526,-1.759436011314392,2.3041908740997314
train,depablo_mixed_temp,72,70,-0.8969038724899292,1.507477879524231,2.6888678073883057,1.829217791557312,-1.9633270502090454,2.6755285263061523
train,depablo_mixed_temp,72,80,-0.9781372547149658,1.7069470882415771,3.068258762359619,2.045961618423462,-2.2071361541748047,3.008579969406128
train,depablo_mixed_temp,72,90,-1.0899786949157715,1.9803402423858643,3.434967517852783,2.2850570678710938,-2.443408250808716,3.363604784011841
train,depablo_mixed_temp,72,100,-1.2013746500015259,2.2516751289367676,3.834538698196411,2.5352907180786133,-2.7001383304595947,3.739774227142334
train,depablo_mixed_temp,73,0,-0.31733638048171997,0.03019845113158226,0.4070010185241699,0.4209570586681366,-0.5007616281509399,0.6656832098960876
train,depablo_mixed_temp,73,10,-0.5260213613510132,0.5576431751251221,0.6418077945709229,0.7018591165542603,-0.6528735160827637,1.002469778060913
train,depablo_mixed_temp,73,20,-0.7388010025024414,1.092037558555603,0.7910702228546143,0.9550374150276184,-0.7490702867507935,1.2761927843093872
train,depablo_mixed_temp,73,30,-0.7746098041534424,1.191064715385437,1.0354124307632446,1.0844557285308838,-0.9027517437934875,1.4539202451705933
train,depablo_mixed_temp,73,40,-0.8477588891983032,1.3814687728881836,1.4384715557098389,1.3089778423309326,-1.162359595298767,1.78154718875885
train,depablo_mixed_temp,73,50,-1.2389206886291504,2.336432695388794,1.2694369554519653,1.5904722213745117,-1.0532420873641968,2.012890577316284
train,depablo_mixed_temp,73,60,-1.4149975776672363,2.774785041809082,1.5516691207885742,1.8575820922851562,-1.2365795373916626,2.3625881671905518
train,depablo_mixed_temp,73,70,-1.4730629920959473,2.9243078231811523,1.9562456607818604,2.0678961277008057,-1.4947073459625244,2.6698315143585205
train,depablo_mixed_temp,73,80,-1.8510446548461914,3.845104932785034,2.139021396636963,2.4749948978424072,-1.6168068647384644,3.1486129760742188
train,depablo_mixed_temp,73,90,-2.037438154220581,4.302213191986084,2.619926929473877,2.821185350418091,-1.9248988628387451,3.6488373279571533
train,depablo_mixed_temp,73,100,-2.418184280395508,5.215924263000488,2.7468976974487305,3.2006845474243164,-2.0145809650421143,4.1233015060424805
train,depablo_mixed_temp,74,0,-0.668669581413269,0.8838428258895874,0.1788531392812729,0.6435503363609314,-0.36046868562698364,0.8614342212677002
train,depablo_mixed_temp,74,10,-1.1463325023651123,2.039358139038086,0.06408080458641052,1.0097575187683105,-0.2889978885650635,1.2515277862548828
train,depablo_mixed_temp,74,20,-1.1073929071426392,1.928486943244934,0.02005537785589695,0.9422857165336609,-0.2547244727611542,1.213311791419983
train,depablo_mixed_temp,74,30,-1.0664170980453491,1.8761931657791138,0.7379840612411499,1.2121446132659912,-0.7207249402999878,1.603263020515442
train,depablo_mixed_temp,74,40,-1.2707160711288452,2.3603484630584717,0.3770030736923218,1.2476837635040283,-0.48395806550979614,1.5267491340637207
train,depablo_mixed_temp,74,50,-1.6307361125946045,3.2552435398101807,1.0853381156921387,1.842329978942871,-0.942534863948822,2.3424136638641357
train,depablo_mixed_temp,74,60,-1.2036231756210327,2.2050390243530273,1.6606543064117432,1.6805814504623413,-1.30998957157135,2.364230155944824
train,depablo_mixed_temp,74,70,-2.0510711669921875,4.269924640655518,1.5227124691009521,2.381159543991089,-1.2301145792007446,3.0376336574554443
train,depablo_mixed_temp,74,80,-2.0257580280303955,4.229746341705322,1.784607172012329,2.475006580352783,-1.3938016891479492,3.133747100830078
train,depablo_mixed_temp,74,90,-2.2097020149230957,4.651503562927246,2.458068609237671,2.8800153732299805,-1.8330551385879517,3.827376365661621
train,depablo_mixed_temp,74,100,-2.840545415878296,6.163811206817627,2.5847008228302,3.470669746398926,-1.9190826416015625,4.5493550300598145
train,depablo_mixed_temp,75,0,-0.6088571548461914,0.7559763193130493,0.2633868157863617,0.6287441253662109,-0.41184768080711365,0.8298178315162659
train,depablo_mixed_temp,75,10,-0.8210874199867249,1.2731050252914429,0.18471463024616241,0.7834505438804626,-0.360503226518631,0.9684723019599915
train,depablo_mixed_temp,75,20,-0.9504668712615967,1.6080474853515625,0.5954360365867615,1.0622553825378418,-0.6245031356811523,1.3492786884307861
train,depablo_mixed_temp,75,30,-1.1804131269454956,2.1770145893096924,0.5203495025634766,1.2443078756332397,-0.577860951423645,1.4882038831710815
train,depablo_mixed_temp,75,40,-1.504347324371338,2.9682960510253906,0.6373963356018066,1.5763534307479858,-0.6571485996246338,1.8688011169433594
train,depablo_mixed_temp,75,50,-1.7184937000274658,3.492257595062256,0.8383143544197083,1.8404438495635986,-0.7854571342468262,2.197115659713745
train,depablo_mixed_temp,75,60,-1.9980077743530273,4.17489767074585,0.9605796933174133,2.1339426040649414,-0.8685189485549927,2.547475814819336
train,depablo_mixed_temp,75,70,-2.1826961040496826,4.622159481048584,1.1876338720321655,2.3804736137390137,-1.0108191967010498,2.8549251556396484
train,depablo_mixed_temp,75,80,-2.3445723056793213,5.022228240966797,1.6013920307159424,2.687809705734253,-1.2804241180419922,3.2860660552978516
train,depablo_mixed_temp,75,90,-2.716555595397949,5.924009323120117,1.5625776052474976,2.996175765991211,-1.2583446502685547,3.6115565299987793
train,depablo_mixed_temp,75,100,-3.044929027557373,6.705942153930664,1.6446374654769897,3.3052399158477783,-1.3161451816558838,4.0186285972595215
train,depablo_mixed_temp,76,0,-0.35288652777671814,0.1049986332654953,0.3363776206970215,0.42125439643859863,-0.4571860432624817,0.6714511513710022
train,depablo_mixed_temp,76,10,0.609825849533081,-2.2857561111450195,1.824401617050171,0.07844631373882294,-1.4076887369155884,0.9939563274383545
train,depablo_mixed_temp,76,20,-0.543099045753479,0.49349093437194824,0.2598068118095398,0.48782140016555786,-0.4164804518222809,1.0080031156539917
train,depablo_mixed_temp,76,30,-1.0122835636138916,1.656795859336853,-0.22403255105018616,0.7376062273979187,-0.11395105719566345,1.1062012910842896
train,depablo_mixed_temp,76,40,-1.153955340385437,2.05586314201355,0.884209394454956,1.3083528280258179,-0.8144040703773499,1.9003150463104248
train,depablo_mixed_temp,76,50,-0.7781476378440857,1.1410887241363525,1.2790826559066772,1.1337392330169678,-1.0796847343444824,1.8556066751480103
train,depablo_mixed_temp,76,60,-0.4728710651397705,0.4076124131679535,0.8163092732429504,0.690759539604187,-0.7569410800933838,1.1669158935546875
train,depablo_mixed_temp,76,70,-1.021817922592163,1.751478910446167,1.422179102897644,1.4100139141082764,-1.1550860404968262,2.1057746410369873
train,depablo_mixed_temp,76,80,-0.9088383913040161,1.463530421257019,3.2081198692321777,1.9896783828735352,-2.3267557621002197,3.3130452632904053
train,depablo_mixed_temp,76,90,-2.3136303424835205,4.917273998260498,2.8745203018188477,3.1085991859436035,-2.1035852432250977,4.312765121459961
train,depablo_mixed_temp,76,100,-2.1800849437713623,4.551530838012695,1.5116429328918457,2.445394992828369,-1.2291717529296875,3.298058271408081
train,depablo_mixed_temp,77,0,-0.16614605486392975,-0.39640185236930847,0.6638688445091248,0.3681527078151703,-0.6710328459739685,0.7569935321807861
train,depablo_mixed_temp,77,10,-0.29321932792663574,-0.07570628076791763,0.8487593531608582,0.5533328652381897,-0.7908409237861633,1.0013662576675415
train,depablo_mixed_temp,77,20,0.15420150756835938,-1.1546754837036133,1.6545170545578003,0.4636304974555969,-1.3008874654769897,1.1239031553268433
train,depablo_mixed_temp,77,30,0.46265628933906555,-1.8982343673706055,2.2676262855529785,0.4238283932209015,-1.6905137300491333,1.2520980834960938
train,depablo_mixed_temp,77,40,0.6801528930664062,-2.41675066947937,2.979323625564575,0.5004644393920898,-2.1416757106781006,1.5217523574829102
train,depablo_mixed_temp,77,50,0.3997189402580261,-1.7262991666793823,3.339052200317383,0.887747049331665,-2.3748230934143066,2.0260417461395264
train,depablo_mixed_temp,77,60,0.9684447050094604,-3.121575117111206,4.557406902313232,0.8263848423957825,-3.1492068767547607,2.3624184131622314
train,depablo_mixed_temp,77,70,1.2473373413085938,-3.815849781036377,5.383752822875977,0.8726626634597778,-3.67671537399292,2.714519500732422
train,depablo_mixed_temp,77,80,0.7849023938179016,-2.680182456970215,5.453678131103516,1.3211822509765625,-3.727114677429199,3.1750223636627197
train,depablo_mixed_temp,77,90,1.0160366296768188,-3.2370452880859375,5.879651069641113,1.2739026546478271,-3.993088960647583,3.233346939086914
train,depablo_mixed_temp,77,100,1.3644660711288452,-4.119523048400879,7.360520839691162,1.4901245832443237,-4.9412031173706055,4.011051654815674
train,depablo_mixed_temp,78,0,-0.4834611713886261,0.38307222723960876,0.6642317175865173,0.6498801112174988,-0.6774020791053772,1.063185453414917
train,depablo_mixed_temp,78,10,-1.6891218423843384,3.0974628925323486,-1.8716963529586792,0.5716356635093689,0.8921670913696289,1.1227271556854248
train,depablo_mixed_temp,78,20,-1.1090328693389893,1.862494707107544,-0.4764889180660248,0.7162657976150513,0.018148617818951607,1.2320770025253296
train,depablo_mixed_temp,78,30,-1.1781303882598877,1.8527493476867676,0.22922274470329285,0.9167051911354065,-0.4258151352405548,2.0024805068969727
train,depablo_mixed_temp,78,40,-0.8711759448051453,1.0959570407867432,0.3680683374404907,0.6847286224365234,-0.5148914456367493,1.8833637237548828
train,depablo_mixed_temp,78,50,1.3502452373504639,-4.175546169281006,3.5570404529571533,0.012270570732653141,-2.548476457595825,1.8627598285675049
train,depablo_mixed_temp,78,60,-0.722507894039154,0.8799187541007996,0.8945156335830688,0.8836729526519775,-0.8566279411315918,1.8277919292449951
train,depablo_mixed_temp,78,70,1.4839848279953003,-4.5187482833862305,5.690957069396973,0.6800140738487244,-3.8891959190368652,3.074972629547119
train,depablo_mixed_temp,78,80,1.4567618370056152,-4.423299789428711,5.9160566329956055,0.8051691651344299,-4.024845600128174,3.1736373901367188
train,depablo_mixed_temp,78,90,0.1985606551170349,-1.3079211711883545,5.803271293640137,1.9345829486846924,-3.9766247272491455,4.243618488311768
train,depablo_mixed_temp,78,100,3.0719335079193115,-8.510420799255371,9.592260360717773,0.5625866651535034,-6.316390514373779,4.412265300750732
train,depablo_mixed_temp,79,0,-0.17744792997837067,-0.30505239963531494,0.44702181220054626,0.3141738474369049,-0.5232263207435608,0.5517011284828186
train,depablo_mixed_temp,79,10,-0.33097371459007263,0.08214409649372101,0.6691185832023621,0.538779616355896,-0.6671246886253357,0.837553083896637
train,depablo_mixed_temp,79,20,-0.5361238718032837,0.597355842590332,0.7615376114845276,0.7622013092041016,-0.7263545989990234,1.0688875913619995
train,depablo_mixed_temp,79,30,-0.734032392501831,1.094387173652649,1.0232322216033936,1.0413073301315308,-0.8929869532585144,1.410888910293579
train,depablo_mixed_temp,79,40,-1.1355286836624146,2.082339286804199,1.1131962537765503,1.4354057312011719,-0.9560267925262451,1.8427681922912598
train,depablo_mixed_temp,79,50,-1.3824594020843506,2.695143222808838,1.2601637840270996,1.7134485244750977,-1.0518261194229126,2.160755157470703
train,depablo_mixed_temp,79,60,-1.7076165676116943,3.490941286087036,1.3495075702667236,2.0365583896636963,-1.11221444606781,2.5248525142669678
train,depablo_mixed_temp,79,70,-1.8621149063110352,3.8768868446350098,1.7997291088104248,2.3490564823150635,-1.4010192155838013,2.959400177001953
train,depablo_mixed_temp,79,80,-2.236538887023926,4.7836079597473145,1.9536329507827759,2.732701539993286,-1.504892110824585,3.4361841678619385
train,depablo_mixed_temp,79,90,-2.5386769771575928,5.522472381591797,2.2821452617645264,3.1263229846954346,-1.71822190284729,3.935647487640381
train,depablo_mixed_temp,79,100,-2.8906710147857666,6.37385368347168,2.566100597381592,3.5413002967834473,-1.9065725803375244,4.48380184173584
train,depablo_mixed_temp,80,0,-0.4765200614929199,0.3868286907672882,0.5609521269798279,0.6110536456108093,-0.6077743172645569,0.9655733108520508
train,depablo_mixed_temp,80,10,0.787862241268158,-2.7734498977661133,3.584775447845459,0.5085040926933289,-2.5032637119293213,2.090869188308716
train,depablo_mixed_temp,80,20,1.1536478996276855,-3.687462329864502,2.655748128890991,-0.17229752242565155,-1.9336665868759155,1.2476904392242432
train,depablo_mixed_temp,80,30,0.6379531621932983,-2.4025614261627197,2.0242838859558105,0.06530173122882843,-1.5249848365783691,1.2432005405426025
train,depablo_mixed_temp,80,40,0.7191491723060608,-2.652215003967285,2.0951988697052,-0.016869472339749336,-1.5646284818649292,1.2639808654785156
train,depablo_mixed_temp,80,50,-1.1329995393753052,1.8837285041809082,2.5496532917022705,1.8327032327651978,-1.8851922750473022,3.1926653385162354
train,depablo_mixed_temp,80,60,-0.3906017541885376,0.10281924903392792,2.9596996307373047,1.3590881824493408,-2.1542680263519287,2.85094952583313
train,depablo_mixed_temp,80,70,0.35678625106811523,-1.687002420425415,3.0557870864868164,0.7304705381393433,-2.200078010559082,2.1647045612335205
train,depablo_mixed_temp,80,80,1.8605297803878784,-5.530117511749268,6.470727920532227,0.4669511914253235,-4.312644004821777,3.282015085220337
train,depablo_mixed_temp,80,90,-0.30510789155960083,-0.1748160719871521,4.393877029418945,1.747756004333496,-3.078632354736328,4.011744499206543
train,depablo_mixed_temp,80,100,0.8383677005767822,-2.963932752609253,7.982494354248047,2.0083792209625244,-5.327175140380859,5.378350257873535
train,depablo_mixed_temp,81,0,-0.4114055633544922,0.2261844426393509,0.8032101988792419,0.6451625227928162,-0.7647639513015747,1.08705472946167
train,depablo_mixed_temp,81,10,-0.0445881262421608,-0.6569430828094482,1.4186872243881226,0.5525569319725037,-1.1516594886779785,1.1572349071502686
train,depablo_mixed_temp,81,20,-0.38306117057800293,0.18093733489513397,1.5861331224441528,0.9262834787368774,-1.2655856609344482,1.5776704549789429
train,depablo_mixed_temp,81,30,-0.04787684977054596,-0.6337147951126099,2.0147416591644287,0.786925196647644,-1.533899188041687,1.5564950704574585
train,depablo_mixed_temp,81,40,0.14115522801876068,-1.0905864238739014,2.640209436416626,0.8520921468734741,-1.928399682044983,1.7979979515075684
train,depablo_mixed_temp,81,50,0.16206888854503632,-1.1349120140075684,3.043394088745117,0.9881149530410767,-2.18649959564209,2.049323797225952
train,depablo_mixed_temp,81,60,0.11867319792509079,-1.0326077938079834,3.7793233394622803,1.2995480298995972,-2.6573731899261475,2.603062629699707
train,depablo_mixed_temp,81,70,0.5158044695854187,-2.0088729858398438,4.581501007080078,1.2356536388397217,-3.1684730052948,2.820402145385742
train,depablo_mixed_temp,81,80,0.5117935538291931,-2.0041630268096924,5.062243938446045,1.4147899150848389,-3.473696231842041,3.1557180881500244
train,depablo_mixed_temp,81,90,0.7290713787078857,-2.545196056365967,5.747753143310547,1.465693712234497,-3.9106149673461914,3.4586434364318848
train,depablo_mixed_temp,81,100,0.09036178886890411,-0.9923205971717834,6.059742450714111,2.1558544635772705,-4.116175174713135,4.253044605255127
train,depablo_mixed_temp,82,0,-0.11087819933891296,-0.4708871841430664,0.293700248003006,0.1963670551776886,-0.4218054413795471,0.3711560070514679
train,depablo_mixed_temp,82,10,0.05643603205680847,-0.9642261862754822,1.6394762992858887,0.4797050952911377,-1.2976741790771484,1.4104514122009277
train,depablo_mixed_temp,82,20,0.12212448567152023,-1.1064494848251343,2.009003162384033,0.5616702437400818,-1.5316734313964844,1.6015781164169312
train,depablo_mixed_temp,82,30,-0.9569866061210632,1.494566559791565,-0.42217159271240234,0.5909054279327393,0.008284556679427624,0.9978010058403015
train,depablo_mixed_temp,82,40,-0.5945872068405151,0.6166520118713379,0.3749214708805084,0.5867608189582825,-0.49493885040283203,1.1624948978424072
train,depablo_mixed_temp,82,50,-0.8784352540969849,1.3177108764648438,0.9489366412162781,1.0242201089859009,-0.8536627292633057,1.8233726024627686
train,depablo_mixed_temp,82,60,-0.49032270908355713,0.4153439700603485,2.1169373989105225,1.157209873199463,-1.5977157354354858,2.151789665222168
train,depablo_mixed_temp,82,70,-1.9710133075714111,3.9902937412261963,1.3030943870544434,2.1609458923339844,-1.1098331212997437,3.079101085662842
train,depablo_mixed_temp,82,80,-1.9075345993041992,3.904550075531006,1.5706816911697388,2.2386786937713623,-1.2688933610916138,3.103325128555298
train,depablo_mixed_temp,82,90,-2.0496249198913574,4.183406829833984,1.5535402297973633,2.3194169998168945,-1.2689838409423828,3.3356688022613525
train,depablo_mixed_temp,82,100,-3.954195976257324,8.774148941040039,2.519127368927002,4.320853233337402,-1.9161726236343384,5.911255836486816
train,depablo_mixed_temp,83,0,-0.43409642577171326,0.31176263093948364,0.11056073009967804,0.409563809633255,-0.31119564175605774,0.5817211270332336
train,depablo_mixed_temp,83,10,-0.3116259276866913,-0.03485777974128723,0.35621020197868347,0.3349766135215759,-0.47521403431892395,0.8676910400390625
train,depablo_mixed_temp,83,20,-0.7177194356918335,0.8752959966659546,-0.016388803720474243,0.47968655824661255,-0.22922982275485992,1.121762752532959
train,depablo_mixed_temp,83,30,-1.313400149345398,2.4212629795074463,-0.3879888355731964,0.9505374431610107,-0.005513511132448912,1.2494863271713257
train,depablo_mixed_temp,83,40,-1.5344957113265991,2.9262828826904297,-0.08746480941772461,1.2378071546554565,-0.20930558443069458,1.7825404405593872
train,depablo_mixed_temp,83,50,-1.6141526699066162,3.1673099994659424,0.05510975420475006,1.3856699466705322,-0.2875906825065613,1.8441975116729736
train,depablo_mixed_temp,83,60,-1.6222344636917114,3.1945278644561768,1.21708345413208,1.8268003463745117,-1.0325992107391357,2.6342570781707764
train,depablo_mixed_temp,83,70,-1.261590838432312,2.2760446071624756,0.6235387325286865,1.2670209407806396,-0.6515251398086548,1.9381656646728516
train,depablo_mixed_temp,83,80,-2.588611602783203,5.527796745300293,1.5852848291397095,2.8052713871002197,-1.286002516746521,3.8704991340637207
train,depablo_mixed_temp,83,90,-2.4111223220825195,5.077310085296631,2.5440571308135986,3.002173662185669,-1.8948101997375488,4.3445305824279785
train,depablo_mixed_temp,83,100,-3.2677783966064453,7.1683735847473145,1.5393707752227783,3.3933331966400146,-1.2626779079437256,4.469454765319824
train,depablo_mixed_temp,84,0,-0.3659423887729645,0.09813056141138077,0.5811322331428528,0.5148625373840332,-0.6207537651062012,0.8853840827941895
train,depablo_mixed_temp,84,10,-0.15250250697135925,-0.40524542331695557,1.1611676216125488,0.5519959330558777,-0.9889582395553589,1.0606354475021362
train,depablo_mixed_temp,84,20,0.009058893658220768,-0.7882663607597351,1.6669421195983887,0.6032091975212097,-1.3101129531860352,1.2437635660171509
train,depablo_mixed_temp,84,30,0.07112476229667664,-0.930148720741272,2.0551037788391113,0.696563720703125,-1.5561773777008057,1.440811038017273
train,depablo_mixed_temp,84,40,0.26853957772254944,-1.4059489965438843,2.6255249977111816,0.7364100217819214,-1.9189084768295288,1.6459460258483887
train,depablo_mixed_temp,84,50,0.4955207407474518,-1.9575965404510498,3.3138632774353027,0.7912784218788147,-2.357166290283203,1.9125465154647827
train,depablo_mixed_temp,84,60,0.6076492667198181,-2.227201461791992,3.825662851333618,0.8831626176834106,-2.682546615600586,2.1549320220947266
train,depablo_mixed_temp,84,70,0.637336254119873,-2.303452253341675,4.308555603027344,1.034192442893982,-2.9922099113464355,2.473187208175659
train,depablo_mixed_temp,84,80,0.7481608986854553,-2.5746397972106934,4.8888840675354,1.1492680311203003,-3.3610754013061523,2.773404359817505
train,depablo_mixed_temp,84,90,0.8092747926712036,-2.7312986850738525,5.470191478729248,1.3059625625610352,-3.7332301139831543,3.1356120109558105
train,depablo_mixed_temp,84,100,0.9592503309249878,-3.1066014766693115,6.168491363525391,1.4242054224014282,-4.1789679527282715,3.5022330284118652
train,depablo_mixed_temp,85,0,-0.061047665774822235,-0.6264559626579285,1.0656249523162842,0.4362567663192749,-0.9274315237998962,0.926567018032074
train,depablo_mixed_temp,85,10,-0.5477378964424133,0.4291536509990692,-0.038809068500995636,0.35423192381858826,-0.2321988195180893,0.9052706360816956
train,depablo_mixed_temp,85,20,0.8973839282989502,-2.9985973834991455,1.90268874168396,-0.14416451752185822,-1.4493261575698853,0.7219538688659668
train,depablo_mixed_temp,85,30,0.026454715058207512,-0.8943275213241577,2.75079607963562,0.9269750118255615,-2.006239652633667,2.1994175910949707
train,depablo_mixed_temp,85,40,-0.016916686668992043,-0.7543210983276367,3.03373646736145,1.1050891876220703,-2.1908202171325684,2.3743174076080322
train,depablo_mixed_temp,85,50,0.09337474405765533,-0.9891768097877502,2.8726890087127686,0.9703552722930908,-2.078914165496826,2.05631160736084
train,depablo_mixed_temp,85,60,0.5004633069038391,-2.024366617202759,4.483813285827637,1.1685142517089844,-3.1065752506256104,2.8859851360321045
train,depablo_mixed_temp,85,70,1.0796875953674316,-3.406806230545044,5.64549446105957,1.1054539680480957,-3.8433501720428467,3.1013283729553223
train,depablo_mixed_temp,85,80,0.3081865906715393,-1.555902361869812,5.652180194854736,1.786201000213623,-3.8584072589874268,3.8581879138946533
train,depablo_mixed_temp,85,90,1.1722437143325806,-3.6668152809143066,7.015899658203125,1.510195016860962,-4.7251715660095215,4.054443359375
train,depablo_mixed_temp,85,100,1.4960229396820068,-4.469593524932861,7.772936820983887,1.4913105964660645,-5.2010650634765625,4.3050336837768555
train,depablo_mixed_temp,86,0,-0.5236477255821228,0.5342259407043457,0.41181430220603943,0.6059178113937378,-0.5082593560218811,0.8725219964981079
train,depablo_mixed_temp,86,10,-0.2353360652923584,-0.17461606860160828,1.3411436080932617,0.6810603141784668,-1.1024917364120483,1.3517664670944214
train,depablo_mixed_temp,86,20,-0.8069894313812256,1.22493314743042,1.102427363395691,1.100425124168396,-0.9619470834732056,1.7246626615524292
train,depablo_mixed_temp,86,30,-0.6120107173919678,0.7557182312011719,1.1770384311676025,0.9648603796958923,-0.9994065761566162,1.533889651298523
train,depablo_mixed_temp,86,40,-1.664257526397705,3.317983627319336,1.2278492450714111,1.8946242332458496,-1.0335524082183838,2.5490524768829346
train,depablo_mixed_temp,86,50,-0.9914642572402954,1.7046949863433838,2.7510433197021484,1.8953871726989746,-2.0025813579559326,2.915322780609131
train,depablo_mixed_temp,86,60,-1.2844061851501465,2.420344352722168,3.0379605293273926,2.278596878051758,-2.199558973312378,3.3974690437316895
train,depablo_mixed_temp,86,70,-1.910076379776001,3.9614834785461426,2.1399738788604736,2.5003674030303955,-1.6338075399398804,3.3757684230804443
train,depablo_mixed_temp,86,80,-1.4708080291748047,2.8643558025360107,2.782566547393799,2.3436472415924072,-2.03408145904541,3.3884029388427734
train,depablo_mixed_temp,86,90,-2.047661781311035,4.303410053253174,3.050687074661255,2.980316162109375,-2.213470458984375,4.0541558265686035
train,depablo_mixed_temp,86,100,-2.176156520843506,4.612051486968994,3.1516218185424805,3.139068126678467,-2.274034261703491,4.2144341468811035
train,depablo_mixed_temp,87,0,-0.2111465185880661,-0.2745802104473114,0.3723151683807373,0.2982655167579651,-0.48121386766433716,0.591859757900238
train,depablo_mixed_temp,87,10,-0.23963560163974762,-0.1874854564666748,0.6522514820098877,0.4362466335296631,-0.6593852639198303,0.7880436778068542
train,depablo_mixed_temp,87,20,0.08844313025474548,-0.9730292558670044,1.372942328453064,0.42318522930145264,-1.1163451671600342,0.9554010629653931
train,depablo_mixed_temp,87,30,0.04826929792761803,-0.8608119487762451,1.7221754789352417,0.5961350202560425,-1.3391318321228027,1.21542227268219
train,depablo_mixed_temp,87,40,0.2032032459974289,-1.2273097038269043,2.3117597103118896,0.6851992607116699,-1.714796781539917,1.4636917114257812
train,depablo_mixed_temp,87,50,0.3412279486656189,-1.5610772371292114,2.8937454223632812,0.7814242839813232,-2.086716890335083,1.7395282983779907
train,depablo_mixed_temp,87,60,0.4324939250946045,-1.7768776416778564,3.482283353805542,0.9234909415245056,-2.4614040851593018,2.048543930053711
train,depablo_mixed_temp,87,70,0.5454293489456177,-2.049647808074951,4.098949432373047,1.0546512603759766,-2.855384349822998,2.368784189224243
train,depablo_mixed_temp,87,80,0.5441701412200928,-2.047456741333008,4.716107368469238,1.286031723022461,-3.2514522075653076,2.803799867630005
train,depablo_mixed_temp,87,90,0.8204524517059326,-2.724012613296509,5.621780872344971,1.374336838722229,-3.827770471572876,3.1803009510040283
train,depablo_mixed_temp,87,100,0.8796164393424988,-2.8794870376586914,6.472281455993652,1.6335622072219849,-4.374589920043945,3.738434314727783
train,depablo_mixed_temp,88,0,-0.44897353649139404,0.3663451373577118,0.327641099691391,0.5119296312332153,-0.45010507106781006,0.7182796597480774
train,depablo_mixed_temp,88,10,-0.08822288364171982,-0.5243676900863647,1.1839771270751953,0.4955670237541199,-0.9925068616867065,1.0467876195907593
train,depablo_mixed_temp,88,20,-0.946085512638092,1.567386269569397,0.8731962442398071,1.1206598281860352,-0.7995262145996094,1.6731572151184082
train,depablo_mixed_temp,88,30,-0.9229182004928589,1.5447754859924316,1.0412548780441284,1.2042200565338135,-0.9125036001205444,1.6859934329986572
train,depablo_mixed_temp,88,40,-1.4072562456130981,2.726795196533203,1.5280251502990723,1.8177425861358643,-1.2328327894210815,2.4779787063598633
train,depablo_mixed_temp,88,50,-1.5631194114685059,3.085894823074341,1.5752644538879395,1.9520325660705566,-1.2568955421447754,2.6565136909484863
train,depablo_mixed_temp,88,60,-1.9122039079666138,3.9568827152252197,1.1009883880615234,2.1001687049865723,-0.9583843350410461,2.6459920406341553
train,depablo_mixed_temp,88,70,-1.9422017335891724,4.025579929351807,3.068909168243408,2.8659515380859375,-2.2218070030212402,4.02714729309082
train,depablo_mixed_temp,88,80,-2.5291993618011475,5.447798252105713,1.9966747760772705,2.9768683910369873,-1.545301079750061,3.851613998413086
train,depablo_mixed_temp,88,90,-2.809576988220215,6.129818439483643,2.8411459922790527,3.5470387935638428,-2.0877835750579834,4.68787956237793
train,depablo_mixed_temp,88,100,-3.406528949737549,7.5387043952941895,2.060579299926758,3.7530288696289062,-1.5976965427398682,4.809540748596191
train,depablo_mixed_temp,89,0,-0.4880584180355072,0.4443683922290802,0.473548024892807,0.5969170331954956,-0.548112154006958,0.888829231262207
train,depablo_mixed_temp,89,10,-0.05622319132089615,-0.616309404373169,1.962730050086975,0.7543110251426697,-1.5055428743362427,1.6159653663635254
train,depablo_mixed_temp,89,20,0.22627690434455872,-1.3157713413238525,3.1255710124969482,0.9271904230117798,-2.2427775859832764,2.148488759994507
train,depablo_mixed_temp,89,30,-0.8026387095451355,1.2161575555801392,1.952009677886963,1.4235390424728394,-1.4871717691421509,2.176539897918701
train,depablo_mixed_temp,89,40,-0.9465110301971436,1.593015193939209,2.0083930492401123,1.5951118469238281,-1.538242220878601,2.371884346008301
train,depablo_mixed_temp,89,50,-1.63650381565094,3.2178757190704346,2.2584147453308105,2.241041421890259,-1.713975191116333,3.3457324504852295
train,depablo_mixed_temp,89,60,-1.847305417060852,3.733339786529541,2.6939151287078857,2.5983786582946777,-1.9894812107086182,3.8036224842071533
train,depablo_mixed_temp,89,70,-1.1514626741409302,2.08322811126709,2.7721142768859863,2.0619876384735107,-2.0292441844940186,3.0820486545562744
train,depablo_mixed_temp,89,80,-1.02120041847229,1.7918360233306885,3.968538761138916,2.409029006958008,-2.7823235988616943,3.7220168113708496
train,depablo_mixed_temp,89,90,-1.9627656936645508,4.089996814727783,3.6735267639160156,3.1477854251861572,-2.6064369678497314,4.364245414733887
train,depablo_mixed_temp,89,100,-2.4494144916534424,5.20815372467041,3.1822938919067383,3.3501386642456055,-2.3111679553985596,4.657816410064697
train,lj_noisy,90,0,-0.12095290422439575,-0.35433775186538696,0.2250567376613617,0.1781400740146637,-0.3435226082801819,0.5264184474945068
train,lj_noisy,90,10,-0.37145936489105225,0.26643458008766174,0.2722398638725281,0.4245820641517639,-0.37598443031311035,0.7695918679237366
train,lj_noisy,90,20,-0.6036167740821838,0.8403153419494629,0.3444909453392029,0.6628261208534241,-0.4244258999824524,1.017247200012207
train,lj_noisy,90,30,-0.8324935436248779,1.4045450687408447,0.43210387229919434,0.9030050039291382,-0.4827943742275238,1.275655746459961
train,lj_noisy,90,40,-1.0635427236557007,1.9724209308624268,0.5242400765419006,1.145874261856079,-0.5441699028015137,1.5422701835632324
train,lj_noisy,90,50,-1.2977378368377686,2.546262502670288,0.6135048866271973,1.389329433441162,-0.6037976145744324,1.813366174697876
train,lj_noisy,90,60,-1.5344809293746948,3.124934673309326,0.7113544344902039,1.6375004053115845,-0.6689953804016113,2.095231771469116
train,lj_noisy,90,70,-1.7754886150360107,3.712556838989258,0.8163126111030579,1.8912482261657715,-0.738832414150238,2.3886802196502686
train,lj_noisy,90,80,-2.0246758460998535,4.319009304046631,0.9406515955924988,2.159167766571045,-0.8213474154472351,2.704613208770752
train,lj_noisy,90,90,-2.2796003818511963,4.938331127166748,1.0871427059173584,2.4400761127471924,-0.9181922674179077,3.042738676071167
train,lj_noisy,90,100,-2.542846918106079,5.57673978805542,1.2520051002502441,2.7347564697265625,-1.0270189046859741,3.403146505355835
train,lj_noisy,91,0,-0.018940333276987076,-0.6067302823066711,0.3145054876804352,0.12030459195375443,-0.3994274437427521,0.49501746892929077
train,lj_noisy,91,10,-0.29668474197387695,0.08140476793050766,0.35315659642219543,0.3899151384830475,-0.4273447096347809,0.7509936094284058
train,lj_noisy,91,20,-0.580599844455719,0.7821235656738281,0.38971734046936035,0.6623182892799377,-0.45429107546806335,1.0182130336761475
train,lj_noisy,91,30,-0.8732611536979675,1.501916527748108,0.45448237657546997,0.9516956806182861,-0.49961644411087036,1.317849040031433
train,lj_noisy,91,40,-1.1757394075393677,2.243114471435547,0.5345892310142517,1.2536014318466187,-0.5549930930137634,1.6435189247131348
train,lj_noisy,91,50,-1.4845229387283325,2.9971981048583984,0.6417596340179443,1.5694549083709717,-0.6278460621833801,1.9994949102401733
train,lj_noisy,91,60,-1.7983283996582031,3.7610630989074707,0.7806421518325806,1.8999279737472534,-0.7211079597473145,2.387554883956909
train,lj_noisy,91,70,-2.1166467666625977,4.53344202041626,0.95026034116745,2.2441368103027344,-0.8341250419616699,2.8067634105682373
train,lj_noisy,91,80,-2.438330888748169,5.311627388000488,1.1536674499511719,2.602341413497925,-0.968816339969635,3.2577898502349854
train,lj_noisy,91,90,-2.7634522914886475,6.095762252807617,1.3882719278335571,2.9735324382781982,-1.1235160827636719,3.73927640914917
train,lj_noisy,91,100,-3.094453811645508,6.891517162322998,1.6501917839050293,3.358128070831299,-1.295779824256897,4.251344680786133
train,lj_noisy,92,0,-0.04921736940741539,-0.5391640067100525,0.12358607351779938,0.07430374622344971,-0.2769189774990082,0.3945642411708832
train,lj_noisy,92,10,-0.350612610578537,0.2064976692199707,0.16518497467041016,0.3644798994064331,-0.3066846430301666,0.6788831353187561
train,lj_noisy,92,20,-0.6692439317703247,0.9915319085121155,0.19973784685134888,0.6652005910873413,-0.33240261673927307,0.9817308187484741
train,lj_noisy,92,30,-1.0089116096496582,1.8249475955963135,0.23457038402557373,0.982402503490448,-0.35873594880104065,1.3113559484481812
train,lj_noisy,92,40,-1.3583149909973145,2.679142951965332,0.2918001413345337,1.3146800994873047,-0.3996535837650299,1.6710244417190552
train,lj_noisy,92,50,-1.7181050777435303,3.555734634399414,0.3752167820930481,1.6641807556152344,-0.4576554298400879,2.063563108444214
train,lj_noisy,92,60,-2.0864272117614746,4.4502434730529785,0.4870862364768982,2.030165433883667,-0.5341492295265198,2.4886162281036377
train,lj_noisy,92,70,-2.4667892456054688,5.37095832824707,0.6276807188987732,2.415581226348877,-0.6293004155158997,2.950157880783081
train,lj_noisy,92,80,-2.856126070022583,6.3105573654174805,0.800739049911499,2.8192975521087646,-0.7454705238342285,3.44748592376709
train,lj_noisy,92,90,-3.2529666423797607,7.2653913497924805,1.0024157762527466,3.2384588718414307,-0.8801818490028381,3.976895809173584
train,lj_noisy,92,100,-3.654160976409912,8.228116989135742,1.238236427307129,3.672797679901123,-1.0369089841842651,4.538001537322998
train,lj_noisy,93,0,-0.15701422095298767,-0.2639663517475128,0.21554484963417053,0.20813927054405212,-0.33754023909568787,0.5527659058570862
train,lj_noisy,93,10,-0.4784524440765381,0.530851423740387,0.2479625940322876,0.5142979621887207,-0.36169716715812683,0.8428932428359985
train,lj_noisy,93,20,-0.8079462647438049,1.3423819541931152,0.2578789293766022,0.8162986636161804,-0.3718605935573578,1.1347366571426392
train,lj_noisy,93,30,-1.1425212621688843,2.1633241176605225,0.2895943522453308,1.1289615631103516,-0.3963314890861511,1.4528275728225708
train,lj_noisy,93,40,-1.4818347692489624,2.9930098056793213,0.35068076848983765,1.4551620483398438,-0.43997764587402344,1.8011748790740967
train,lj_noisy,93,50,-1.8256449699401855,3.8309378623962402,0.44346046447753906,1.7957427501678467,-0.5042820572853088,2.180664539337158
train,lj_noisy,93,60,-2.1808669567108154,4.69353723526001,0.5431856513023376,2.14656925201416,-0.5735673904418945,2.583691120147705
train,lj_noisy,93,70,-2.541956663131714,5.5672173500061035,0.6641603708267212,2.508065938949585,-0.6568570733070374,3.0144288539886475
train,lj_noisy,93,80,-2.905379056930542,6.443473815917969,0.8071619272232056,2.877314567565918,-0.7544984817504883,3.4696295261383057
train,lj_noisy,93,90,-3.265244722366333,7.308304786682129,0.9857848882675171,3.25488543510437,-0.8750700950622559,3.9513370990753174
train,lj_noisy,93,100,-3.619987964630127,8.158288955688477,1.202448844909668,3.640812397003174,-1.0200799703598022,4.458394527435303
train,lj_noisy,94,0,0.1614953577518463,-1.0293552875518799,0.748704195022583,0.13476769626140594,-0.6765038967132568,0.6001240611076355
train,lj_noisy,94,10,-0.09683749824762344,-0.38994157314300537,0.798178493976593,0.390682578086853,-0.710558295249939,0.8472115397453308
train,lj_noisy,94,20,-0.36840978264808655,0.279758095741272,0.8402048349380493,0.6536850929260254,-0.7401031851768494,1.1077349185943604
train,lj_noisy,94,30,-0.6504164934158325,0.9728134274482727,0.9025163054466248,0.9321463108062744,-0.7831066846847534,1.397017002105713
train,lj_noisy,94,40,-0.9440016746520996,1.6916184425354004,0.9670044183731079,1.2197070121765137,-0.827871561050415,1.7050890922546387
train,lj_noisy,94,50,-1.245565414428711,2.427306890487671,1.0498417615890503,1.5192980766296387,-0.8846393823623657,2.0391247272491455
train,lj_noisy,94,60,-1.5545634031295776,3.1782963275909424,1.150745153427124,1.8300092220306396,-0.9531570076942444,2.3988935947418213
train,lj_noisy,94,70,-1.8698859214782715,3.941765308380127,1.2763856649398804,2.1533126831054688,-1.0376222133636475,2.787651777267456
train,lj_noisy,94,80,-2.1908745765686035,4.715901851654053,1.4256407022476196,2.487917900085449,-1.1372424364089966,3.204434871673584
train,lj_noisy,94,90,-2.5167062282562256,5.498384952545166,1.5957200527191162,2.8316402435302734,-1.2501777410507202,3.6473844051361084
train,lj_noisy,94,100,-2.846717596054077,6.287630081176758,1.792795181274414,3.186293601989746,-1.380244493484497,4.118895530700684
train,lj_noisy,95,0,-0.15529513359069824,-0.2693935036659241,0.4820302426815033,0.30717703700065613,-0.5107818245887756,0.7440642714500427
train,lj_noisy,95,10,-0.3601199984550476,0.23862071335315704,0.5797976851463318,0.5328360199928284,-0.5753819346427917,0.9777402877807617
train,lj_noisy,95,20,-0.5541181564331055,0.7185541391372681,0.7252013683319092,0.7660025954246521,-0.6702792644500732,1.2368075847625732
train,lj_noisy,95,30,-0.7523624300956726,1.2072089910507202,0.8900753259658813,1.0094434022903442,-0.77765291929245,1.515980839729309
train,lj_noisy,95,40,-0.9562891721725464,1.7082056999206543,1.0670629739761353,1.2616748809814453,-0.8928250670433044,1.8116294145584106
train,lj_noisy,95,50,-1.1663298606872559,2.222691297531128,1.2528825998306274,1.5218687057495117,-1.0136969089508057,2.121849298477173
train,lj_noisy,95,60,-1.382144808769226,2.749912738800049,1.4469517469406128,1.7895019054412842,-1.1398605108261108,2.4459049701690674
train,lj_noisy,95,70,-1.603715419769287,3.28991436958313,1.648397445678711,2.064239978790283,-1.270736575126648,2.783132553100586
train,lj_noisy,95,80,-1.8388701677322388,3.861651659011841,1.838218092918396,2.3455865383148193,-1.3943569660186768,3.128948450088501
train,lj_noisy,95,90,-2.080317735671997,4.447360038757324,2.0416929721832275,2.6365807056427,-1.5265551805496216,3.4934258460998535
train,lj_noisy,95,100,-2.326874017715454,5.044090747833252,2.263213634490967,2.9376673698425293,-1.670011043548584,3.878610134124756
train,lj_noisy,96,0,-0.11824768781661987,-0.3606993854045868,0.40992867946624756,0.2469252049922943,-0.4645592272281647,0.6586269736289978
train,lj_noisy,96,10,-0.37301868200302124,0.26873883605003357,0.4932028353214264,0.5123248100280762,-0.5205959677696228,0.9257370233535767
train,lj_noisy,96,20,-0.6324554085731506,0.9068957567214966,0.5541170835494995,0.7714099287986755,-0.5625268220901489,1.187376856803894
train,lj_noisy,96,30,-0.8947449326515198,1.54969322681427,0.6149489283561707,1.0315089225769043,-0.6046268939971924,1.4561928510665894
train,lj_noisy,96,40,-1.158585548400879,2.1941006183624268,0.676952064037323,1.2920061349868774,-0.6476617455482483,1.7316758632659912
train,lj_noisy,96,50,-1.4235126972198486,2.839120864868164,0.7386792302131653,1.551979660987854,-0.6906903386116028,2.0123775005340576
train,lj_noisy,96,60,-1.6880606412887573,3.4812164306640625,0.8019808530807495,1.8108309507369995,-0.734836995601654,2.297924041748047
train,lj_noisy,96,70,-1.951075792312622,4.117546081542969,0.8668233156204224,2.067467212677002,-0.7800263166427612,2.5870511531829834
train,lj_noisy,96,80,-2.211596965789795,4.745729446411133,0.933371901512146,2.3210248947143555,-0.8263031840324402,2.8788158893585205
train,lj_noisy,96,90,-2.4684927463531494,5.362997531890869,1.002812385559082,2.570906639099121,-0.8743553161621094,3.1728529930114746
train,lj_noisy,96,100,-2.7208712100982666,5.967119216918945,1.075480580329895,2.816330909729004,-0.9243191480636597,3.468604564666748
train,lj_noisy,97,0,-0.0705069974064827,-0.47351396083831787,0.34716862440109253,0.18292415142059326,-0.4213173985481262,0.5580978989601135
train,lj_noisy,97,10,-0.32218632102012634,0.15035085380077362,0.3790348172187805,0.42573678493499756,-0.44423791766166687,0.7897186875343323
train,lj_noisy,97,20,-0.5804420709609985,0.7881745100021362,0.38499975204467773,0.6625678539276123,-0.45086684823036194,1.0172970294952393
train,lj_noisy,97,30,-0.8485824465751648,1.447837233543396,0.40459367632865906,0.911480188369751,-0.4663851857185364,1.268761157989502
train,lj_noisy,97,40,-1.1322729587554932,2.142949342727661,0.4425045847892761,1.179128885269165,-0.4937169551849365,1.55226469039917
train,lj_noisy,97,50,-1.4248900413513184,2.8575077056884766,0.5138438940048218,1.4655743837356567,-0.5424955487251282,1.871652364730835
train,lj_noisy,97,60,-1.7271541357040405,3.593146800994873,0.6184201836585999,1.77125084400177,-0.6125847101211548,2.2278831005096436
train,lj_noisy,97,70,-2.03908634185791,4.349898815155029,0.7599397897720337,2.0976028442382812,-0.706332802772522,2.62345552444458
train,lj_noisy,97,80,-2.361278772354126,5.129103183746338,0.9395796060562134,2.445543050765991,-0.8244818449020386,3.0599069595336914
train,lj_noisy,97,90,-2.697899580001831,5.9403228759765625,1.154254674911499,2.8171279430389404,-0.9651221036911011,3.540058135986328
train,lj_noisy,97,100,-3.051584482192993,6.790035247802734,1.4069218635559082,3.215909957885742,-1.1301822662353516,4.0678019523620605
train,lj_noisy,98,0,0.08940119296312332,-0.8706426620483398,0.353789359331131,0.042657315731048584,-0.42204928398132324,0.41320979595184326
train,lj_noisy,98,10,-0.2044745534658432,-0.1409686654806137,0.3896423578262329,0.3263556659221649,-0.44831231236457825,0.6803208589553833
train,lj_noisy,98,20,-0.4899377226829529,0.566218376159668,0.4704982042312622,0.6185624599456787,-0.5036634206771851,0.9748237133026123
train,lj_noisy,98,30,-0.7802069187164307,1.2824602127075195,0.5795151591300964,0.9242897033691406,-0.577290415763855,1.297613501548767
train,lj_noisy,98,40,-1.0826327800750732,2.0256409645080566,0.7119827270507812,1.248387098312378,-0.6662939786911011,1.6517997980117798
train,lj_noisy,98,50,-1.4054611921310425,2.815659523010254,0.8525341153144836,1.5920640230178833,-0.7609636187553406,2.0354177951812744
train,lj_noisy,98,60,-1.7424073219299316,3.637554407119751,0.9999312162399292,1.9495975971221924,-0.860595166683197,2.441225290298462
train,lj_noisy,98,70,-2.083552837371826,4.467538356781006,1.1777042150497437,2.3215115070343018,-0.9800218343734741,2.874868631362915
train,lj_noisy,98,80,-2.4324214458465576,5.313699722290039,1.3699181079864502,2.7041008472442627,-1.1090435981750488,3.33091402053833
train,lj_noisy,98,90,-2.7883412837982178,6.174459457397461,1.586634874343872,3.100745677947998,-1.2539911270141602,3.8145885467529297
train,lj_noisy,98,100,-3.1513214111328125,7.049847602844238,1.8271944522857666,3.511180877685547,-1.4144036769866943,4.325329780578613
train,lj_noisy,99,0,-0.0806199237704277,-0.46541279554367065,0.007768096402287483,0.05543341860175133,-0.2029535323381424,0.34736472368240356
train,lj_noisy,99,10,-0.3866809606552124,0.2920179069042206,-0.021347805857658386,0.32260435819625854,-0.18755170702934265,0.5907040238380432
train,lj_noisy,99,20,-0.7300119996070862,1.136157512664795,-0.1224844679236412,0.5919647216796875,-0.1267249584197998,0.8304996490478516
train,lj_noisy,99,30,-1.0913997888565063,2.0200302600860596,-0.23213361203670502,0.8703272342681885,-0.06066122651100159,1.0902602672576904
train,lj_noisy,99,40,-1.4596056938171387,2.916348457336426,-0.3235960602760315,1.1578562259674072,-0.006269381381571293,1.3769744634628296
train,lj_noisy,99,50,-1.8343616724014282,3.8239049911499023,-0.403189092874527,1.4511055946350098,0.040470242500305176,1.6882373094558716
train,lj_noisy,99,60,-2.2074506282806396,4.722765922546387,-0.4467645585536957,1.7520248889923096,0.06419429183006287,2.032355308532715
train,lj_noisy,99,70,-2.5730843544006348,5.599004745483398,-0.4385262131690979,2.0616841316223145,0.054849643260240555,2.4140870571136475
train,lj_noisy,99,80,-2.9281392097473145,6.445276260375977,-0.3660293519496918,2.3824357986450195,0.004470348823815584,2.838229179382324
train,lj_noisy,99,90,-3.2712721824645996,7.258691310882568,-0.22080792486667633,2.716914415359497,-0.09239261597394943,3.308189630508423
train,lj_noisy,99,100,-3.6029555797576904,8.040605545043945,-0.0007744268514215946,3.0668232440948486,-0.23713846504688263,3.8251090049743652
train,lj_noisy,100,0,-0.22881895303726196,-0.09278669953346252,-0.07658152282238007,0.15708878636360168,-0.1496659368276596,0.4205155074596405
train,lj_noisy,100,10,-0.5290597677230835,0.6505680084228516,-0.02414935827255249,0.45133206248283386,-0.18631413578987122,0.7081145644187927
train,lj_noisy,100,20,-0.8448792695999146,1.429768443107605,0.03501412644982338,0.7604824900627136,-0.22770516574382782,1.0197441577911377
train,lj_noisy,100,30,-1.1771891117095947,2.2466225624084473,0.10956843197345734,1.0885120630264282,-0.27933481335639954,1.3618409633636475
train,lj_noisy,100,40,-1.5237431526184082,3.0955607891082764,0.20598895847797394,1.4358149766921997,-0.3452755808830261,1.7366399765014648
train,lj_noisy,100,50,-1.8822916746139526,3.9710521697998047,0.3299647271633148,1.8024791479110718,-0.4290938377380371,2.1459062099456787
train,lj_noisy,100,60,-2.2494325637817383,4.864850044250488,0.4891630709171295,2.1884548664093018,-0.5355902314186096,2.591298818588257
train,lj_noisy,100,70,-2.6249027252197266,5.776185512542725,0.6844240427017212,2.5936758518218994,-0.6652313470840454,3.073394298553467
train,lj_noisy,100,80,-3.0081653594970703,6.703746795654297,0.9209648370742798,3.019672393798828,-0.8212612867355347,3.5949110984802246
train,lj_noisy,100,90,-3.4016571044921875,7.653093338012695,1.1881252527236938,3.464066982269287,-0.9968080520629883,4.151769161224365
train,lj_noisy,100,100,-3.799774646759033,8.610652923583984,1.4962326288223267,3.9258813858032227,-1.198304533958435,4.745652198791504
train,lj_noisy,101,0,0.022099658846855164,-0.7165073156356812,0.28802600502967834,0.07146218419075012,-0.38226017355918884,0.4494457244873047
train,lj_noisy,101,10,-0.24399089813232422,-0.05613448843359947,0.36535951495170593,0.3452984094619751,-0.43445849418640137,0.72017902135849
train,lj_noisy,101,20,-0.5068186521530151,0.5936735272407532,0.4553086757659912,0.6191166639328003,-0.49477246403694153,1.002697229385376
train,lj_noisy,101,30,-0.7807011008262634,1.2681090831756592,0.570794939994812,0.911117672920227,-0.5716618299484253,1.3170145750045776
train,lj_noisy,101,40,-1.0687755346298218,1.9748435020446777,0.715003252029419,1.2254217863082886,-0.667240560054779,1.6679848432540894
train,lj_noisy,101,50,-1.3724671602249146,2.7173004150390625,0.8896234631538391,1.5639697313308716,-0.7826281189918518,2.0580832958221436
train,lj_noisy,101,60,-1.6920552253723145,3.4961018562316895,1.0966765880584717,1.9278061389923096,-0.9191280007362366,2.48891544342041
train,lj_noisy,101,70,-2.028181314468384,4.312709808349609,1.335404396057129,2.317159652709961,-1.0762637853622437,2.9607582092285156
train,lj_noisy,101,80,-2.3790082931518555,5.162514686584473,1.608111023902893,2.7312936782836914,-1.2555028200149536,3.4733963012695312
train,lj_noisy,101,90,-2.7453174591064453,6.047329902648926,1.9172104597091675,3.1718201637268066,-1.4583778381347656,4.029027938842773
train,lj_noisy,101,100,-3.1302173137664795,6.9744062423706055,2.255053758621216,3.638584852218628,-1.680283784866333,4.62570858001709
train,lj_noisy,102,0,0.07860612869262695,-0.839545726776123,0.28763431310653687,0.025991281494498253,-0.3790566623210907,0.3725578784942627
train,lj_noisy,102,10,-0.19038259983062744,-0.17186415195465088,0.3369562327861786,0.2907613515853882,-0.4133230447769165,0.6317567825317383
train,lj_noisy,102,20,-0.4608720541000366,0.4969828724861145,0.3836393654346466,0.5541988611221313,-0.44616255164146423,0.8962274193763733
train,lj_noisy,102,30,-0.7377881407737732,1.1790581941604614,0.4379728436470032,0.8248847723007202,-0.4841819703578949,1.1761702299118042
train,lj_noisy,102,40,-1.0223455429077148,1.8774592876434326,0.5014446973800659,1.104513168334961,-0.5283364057540894,1.4735804796218872
train,lj_noisy,102,50,-1.31251859664917,2.5874111652374268,0.5794373750686646,1.393467903137207,-0.5820363163948059,1.7898104190826416
train,lj_noisy,102,60,-1.6110209226608276,3.315561532974243,0.66603684425354,1.6919885873794556,-0.6415915489196777,2.1234285831451416
train,lj_noisy,102,70,-1.915605068206787,4.056474685668945,0.7634044885635376,1.9989144802093506,-0.7083534598350525,2.4737741947174072
train,lj_noisy,102,80,-2.230025291442871,4.819396495819092,0.876471996307373,2.3195526599884033,-0.7853925228118896,2.846351146697998
train,lj_noisy,102,90,-2.5602056980133057,5.618433475494385,0.9921924471855164,2.653691291809082,-0.864410936832428,3.2387900352478027
train,lj_noisy,102,100,-2.8987820148468018,6.436092376708984,1.130921483039856,3.0031065940856934,-0.9584094285964966,3.657243490219116
train,lj_noisy,103,0,-0.5804831385612488,0.751382052898407,-0.45716166496276855,0.3199095129966736,0.08853750675916672,0.5138415098190308
train,lj_noisy,103,10,-0.8145579695701599,1.3313566446304321,-0.346658855676651,0.5768058896064758,0.015293567441403866,0.7799102067947388
train,lj_noisy,103,20,-1.0518704652786255,1.9165360927581787,-0.2192479372024536,0.8407145142555237,-0.06856965273618698,1.0663384199142456
train,lj_noisy,103,30,-1.2949789762496948,2.5132970809936523,-0.06645209342241287,1.1176996231079102,-0.168696328997612,1.3797473907470703
train,lj_noisy,103,40,-1.5444612503051758,3.12319278717041,0.11061863601207733,1.4080785512924194,-0.28445708751678467,1.7195104360580444
train,lj_noisy,103,50,-1.8003512620925903,3.746415138244629,0.3119460344314575,1.7120479345321655,-0.41587236523628235,2.085287570953369
train,lj_noisy,103,60,-2.0630953311920166,4.384016990661621,0.5301405787467957,2.0271146297454834,-0.5582497119903564,2.472759246826172
train,lj_noisy,103,70,-2.3331375122070312,5.037120819091797,0.7604656219482422,2.3518941402435303,-0.7086129784584045,2.8793838024139404
train,lj_noisy,103,80,-2.6097726821899414,5.70404577255249,1.0032105445861816,2.685929298400879,-0.867108166217804,3.3041815757751465
train,lj_noisy,103,90,-2.896575927734375,6.393799304962158,1.2520160675048828,3.0303192138671875,-1.0297974348068237,3.7449965476989746
train,lj_noisy,103,100,-3.190884828567505,7.100057601928711,1.5144298076629639,3.3856873512268066,-1.2014566659927368,4.204642295837402
train,lj_noisy,104,0,0.27836862206459045,-1.3337351083755493,0.42937377095222473,-0.098052978515625,-0.4677521288394928,0.2854176163673401
train,lj_noisy,104,10,-0.002137323608621955,-0.6370124816894531,0.459171861410141,0.17030522227287292,-0.4894886910915375,0.5396592617034912
train,lj_noisy,104,20,-0.3005283772945404,0.10041105002164841,0.478529691696167,0.44832491874694824,-0.5050089955329895,0.8111894130706787
train,lj_noisy,104,30,-0.6174504160881042,0.8799586296081543,0.5160830020904541,0.7474846839904785,-0.5326195955276489,1.1187620162963867
train,lj_noisy,104,40,-0.9541452527046204,1.7043821811676025,0.5786820650100708,1.0712916851043701,-0.5766878128051758,1.4682221412658691
train,lj_noisy,104,50,-1.3099348545074463,2.5720620155334473,0.6666879653930664,1.4194046258926392,-0.6374287605285645,1.8585445880889893
train,lj_noisy,104,60,-1.67641282081604,3.4624600410461426,0.7969391345977783,1.790833592414856,-0.7254930734634399,2.2930774688720703
train,lj_noisy,104,70,-2.0559093952178955,4.381035327911377,0.9630193710327148,2.184983491897583,-0.8368127942085266,2.770352840423584
train,lj_noisy,104,80,-2.447352409362793,5.325021743774414,1.1618921756744385,2.599653959274292,-0.9694427847862244,3.2875075340270996
train,lj_noisy,104,90,-2.849436044692993,6.291272163391113,1.393803358078003,3.033874034881592,-1.123539686203003,3.843247890472412
train,lj_noisy,104,100,-3.261699676513672,7.278780937194824,1.6611478328704834,3.488316774368286,-1.3006609678268433,4.438602447509766
train,lj_noisy,105,0,-0.25580742955207825,-0.01870185136795044,0.24074777960777283,0.30645716190338135,-0.35562875866889954,0.6651162505149841
train,lj_noisy,105,10,-0.5603530406951904,0.732032060623169,0.302968293428421,0.6078251004219055,-0.39886677265167236,0.9630953669548035
train,lj_noisy,105,20,-0.8650275468826294,1.4805020093917847,0.37821802496910095,0.9124650955200195,-0.45056647062301636,1.2754358053207397
train,lj_noisy,105,30,-1.1725003719329834,2.2337889671325684,0.4767478108406067,1.2272597551345825,-0.5173928141593933,1.6102285385131836
train,lj_noisy,105,40,-1.4838597774505615,2.9947171211242676,0.596477746963501,1.552514910697937,-0.598036527633667,1.9669713973999023
train,lj_noisy,105,50,-1.8022702932357788,3.7709076404571533,0.7268770337104797,1.8868346214294434,-0.6858258843421936,2.3423075675964355
train,lj_noisy,105,60,-2.1258089542388916,4.557781219482422,0.8757565021514893,2.2316339015960693,-0.7857210040092468,2.7391862869262695
train,lj_noisy,105,70,-2.4541642665863037,5.354613304138184,1.044221043586731,2.5870823860168457,-0.89841628074646,3.157979965209961
train,lj_noisy,105,80,-2.787064790725708,6.160793304443359,1.2339744567871094,2.95365047454834,-1.0249844789505005,3.5993573665618896
train,lj_noisy,105,90,-3.1246578693389893,6.9765944480896,1.4418052434921265,3.330068826675415,-1.1633380651474,4.06168270111084
train,lj_noisy,105,100,-3.4671518802642822,7.802525520324707,1.6690245866775513,3.7169861793518066,-1.314319372177124,4.546167373657227
train,lj_noisy,106,0,-0.0037534867879003286,-0.6483235359191895,0.007976102642714977,-0.010633571073412895,-0.20041422545909882,0.26581814885139465
train,lj_noisy,106,10,-0.26242542266845703,-0.004665852524340153,0.10363966971635818,0.26325568556785583,-0.2640959620475769,0.543932318687439
train,lj_noisy,106,20,-0.5220732092857361,0.6395279169082642,0.22678278386592865,0.5473226308822632,-0.3456355631351471,0.8462894558906555
train,lj_noisy,106,30,-0.7965457439422607,1.3176960945129395,0.3595036566257477,0.8469882607460022,-0.4337323009967804,1.173356056213379
train,lj_noisy,106,40,-1.0845867395401,2.02657413482666,0.5058366060256958,1.1625285148620605,-0.5308995246887207,1.5267937183380127
train,lj_noisy,106,50,-1.3845323324203491,2.761817455291748,0.6667571067810059,1.4925583600997925,-0.6376736760139465,1.9062137603759766
train,lj_noisy,106,60,-1.693261981010437,3.5160322189331055,0.8416956663131714,1.8342981338500977,-0.7535600066184998,2.3072848320007324
train,lj_noisy,106,70,-2.007528305053711,4.281466484069824,1.0312973260879517,2.1852457523345947,-0.8789556622505188,2.7271456718444824
train,lj_noisy,106,80,-2.329634189605713,5.063814640045166,1.2341729402542114,2.5469586849212646,-1.0130221843719482,3.166936159133911
train,lj_noisy,106,90,-2.6639404296875,5.873565196990967,1.4428845643997192,2.9203078746795654,-1.1510651111602783,3.6259028911590576
train,lj_noisy,106,100,-3.007068395614624,6.702613353729248,1.6620147228240967,3.304093837738037,-1.2959413528442383,4.103837013244629
train,lj_noisy,107,0,-0.02240430749952793,-0.5942217111587524,0.5307885408401489,0.20812320709228516,-0.5398213267326355,0.6491130590438843
train,lj_noisy,107,10,-0.2815842628479004,0.04710928350687027,0.5538979768753052,0.45376959443092346,-0.5569634437561035,0.8811551928520203
train,lj_noisy,107,20,-0.5353477597236633,0.6729008555412292,0.5583059191703796,0.6854236125946045,-0.5622388124465942,1.1018502712249756
train,lj_noisy,107,30,-0.7926902770996094,1.305544376373291,0.5609462261199951,0.9182178974151611,-0.5667077898979187,1.329208493232727
train,lj_noisy,107,40,-1.0537829399108887,1.9455695152282715,0.5740968585014343,1.1572133302688599,-0.5782735347747803,1.5712189674377441
train,lj_noisy,107,50,-1.3178430795669556,2.5911507606506348,0.6055174469947815,1.404797911643982,-0.6019219160079956,1.8323509693145752
train,lj_noisy,107,60,-1.5864253044128418,3.2461166381835938,0.6491680145263672,1.6600476503372192,-0.6338727474212646,2.1104931831359863
train,lj_noisy,107,70,-1.8594359159469604,3.9104392528533936,0.7149583697319031,1.9269312620162964,-0.6805095672607422,2.4118783473968506
train,lj_noisy,107,80,-2.1385421752929688,4.588229179382324,0.8037997484207153,2.2073581218719482,-0.7424809336662292,2.738924741744995
train,lj_noisy,107,90,-2.426643133163452,5.286731243133545,0.9187519550323486,2.5053274631500244,-0.8218457698822021,3.0960988998413086
train,lj_noisy,107,100,-2.7378878593444824,6.03999662399292,1.0663232803344727,2.8352713584899902,-0.9226906299591064,3.500697135925293
train,lj_noisy,108,0,0.07006380707025528,-0.8125433325767517,0.26009511947631836,0.025727981701493263,-0.3607260584831238,0.351725697517395
train,lj_noisy,108,10,-0.22383737564086914,-0.08346112072467804,0.31850937008857727,0.31726840138435364,-0.40098029375076294,0.6350974440574646
train,lj_noisy,108,20,-0.5140557885169983,0.6343238353729248,0.39931580424308777,0.612403154373169,-0.4555729925632477,0.935185432434082
train,lj_noisy,108,30,-0.8099875450134277,1.3636938333511353,0.5016062259674072,0.9192752838134766,-0.5239971280097961,1.2592642307281494
train,lj_noisy,108,40,-1.1134388446807861,2.1090760231018066,0.625993013381958,1.2397348880767822,-0.6066354513168335,1.609309196472168
train,lj_noisy,108,50,-1.426548957824707,2.875924825668335,0.7745946049690247,1.5768389701843262,-0.7049720883369446,1.987894892692566
train,lj_noisy,108,60,-1.7425609827041626,3.6479532718658447,0.953721284866333,1.9271777868270874,-0.8229148983955383,2.3925726413726807
train,lj_noisy,108,70,-2.0629212856292725,4.4285149574279785,1.1527382135391235,2.28773832321167,-0.9536014795303345,2.818100929260254
train,lj_noisy,108,80,-2.388948917388916,5.220912456512451,1.3688368797302246,2.6586601734161377,-1.0952574014663696,3.2637743949890137
train,lj_noisy,108,90,-2.721165895462036,6.026468276977539,1.6025094985961914,3.040611743927002,-1.2482068538665771,3.730475902557373
train,lj_noisy,108,100,-3.059809684753418,6.845789909362793,1.854381799697876,3.4340720176696777,-1.4128648042678833,4.21884822845459
train,lj_noisy,109,0,0.10016702115535736,-0.881729006767273,0.5483188629150391,0.11107834428548813,-0.5473020672798157,0.5207180976867676
train,lj_noisy,109,10,-0.22348788380622864,-0.08079805970191956,0.5465881824493408,0.40534496307373047,-0.5495836734771729,0.7962063550949097
train,lj_noisy,109,20,-0.5580335259437561,0.7442483901977539,0.5593650341033936,0.7127813100814819,-0.5614144802093506,1.0977805852890015
train,lj_noisy,109,30,-0.8948343992233276,1.5722359418869019,0.6079770922660828,1.0340807437896729,-0.5963454246520996,1.4308643341064453
train,lj_noisy,109,40,-1.2351948022842407,2.406177520751953,0.6843560934066772,1.3672816753387451,-0.6492452621459961,1.7912979125976562
train,lj_noisy,109,50,-1.5761044025421143,3.2387301921844482,0.7860147953033447,1.708849549293518,-0.7184737920761108,2.1742773056030273
train,lj_noisy,109,60,-1.9197816848754883,4.07539176940918,0.9041534066200256,2.057413101196289,-0.7984606623649597,2.576087236404419
train,lj_noisy,109,70,-2.2730252742767334,4.932610511779785,1.0220932960510254,2.412482500076294,-0.8787381052970886,2.992306709289551
train,lj_noisy,109,80,-2.6282739639282227,5.79223108291626,1.1515698432922363,2.7720260620117188,-0.9666597843170166,3.4232475757598877
train,lj_noisy,109,90,-2.9810426235198975,6.643599987030029,1.2986242771148682,3.1346254348754883,-1.0660041570663452,3.8681130409240723
train,lj_noisy,109,100,-3.3304309844970703,7.4846343994140625,1.4608168601989746,3.4986023902893066,-1.1751946210861206,4.324326515197754
train,lj_noisy,110,0,-0.2856789827346802,0.052571386098861694,0.05686073377728462,0.26090341806411743,-0.2372618019580841,0.5608717203140259
train,lj_noisy,110,10,-0.571405827999115,0.7566330432891846,0.10827703773975372,0.5411204695701599,-0.2734871208667755,0.8352882266044617
train,lj_noisy,110,20,-0.8578515648841858,1.4594898223876953,0.1709987074136734,0.8244960308074951,-0.31719884276390076,1.1229790449142456
train,lj_noisy,110,30,-1.1569838523864746,2.191075325012207,0.2542891502380371,1.1258177757263184,-0.374488890171051,1.4400385618209839
train,lj_noisy,110,40,-1.474348545074463,2.964942216873169,0.3490643799304962,1.4464739561080933,-0.4396408796310425,1.7860558032989502
train,lj_noisy,110,50,-1.8085299730300903,3.777555465698242,0.4661899209022522,1.7893214225769043,-0.5195715427398682,2.1670279502868652
train,lj_noisy,110,60,-2.157585620880127,4.624085426330566,0.6114485263824463,2.154829263687134,-0.6179423332214355,2.5850088596343994
train,lj_noisy,110,70,-2.520949125289917,5.503043174743652,0.7857675552368164,2.542799472808838,-0.735337495803833,3.040252685546875
train,lj_noisy,110,80,-2.8979990482330322,6.41274881362915,0.987897515296936,2.9520652294158936,-0.8709417581558228,3.5317678451538086
train,lj_noisy,110,90,-3.2939658164978027,7.365274429321289,1.2079166173934937,3.3826684951782227,-1.0184617042541504,4.059637546539307
train,lj_noisy,110,100,-3.7041854858398438,8.349055290222168,1.4502639770507812,3.831979990005493,-1.1807082891464233,4.6231608390808105
train,lj_noisy,111,0,-0.07612735033035278,-0.4619414210319519,0.14382337033748627,0.10748454928398132,-0.288662314414978,0.42139410972595215
train,lj_noisy,111,10,-0.3414344787597656,0.1966896504163742,0.24480248987674713,0.3894168734550476,-0.355739027261734,0.7072628140449524
train,lj_noisy,111,20,-0.5931293368339539,0.8201162815093994,0.3784613609313965,0.6703522205352783,-0.4435511827468872,1.0065412521362305
train,lj_noisy,111,30,-0.8455133438110352,1.4433281421661377,0.5322039127349854,0.9585081338882446,-0.5443116426467896,1.3235691785812378
train,lj_noisy,111,40,-1.1032383441925049,2.0777153968811035,0.7051295042037964,1.2577449083328247,-0.6575186252593994,1.6619893312454224
train,lj_noisy,111,50,-1.3721163272857666,2.7373833656311035,0.8919590711593628,1.5711729526519775,-0.7799308896064758,2.02408766746521
train,lj_noisy,111,60,-1.6490709781646729,3.4147582054138184,1.0998033285140991,1.8987643718719482,-0.9160453081130981,2.411637306213379
train,lj_noisy,111,70,-1.94092857837677,4.1260786056518555,1.3135271072387695,2.2404396533966064,-1.0562853813171387,2.8217670917510986
train,lj_noisy,111,80,-2.2558796405792236,4.890999794006348,1.5216995477676392,2.5988364219665527,-1.193454623222351,3.25502872467041
train,lj_noisy,111,90,-2.5836596488952637,5.6847825050354,1.7421095371246338,2.9718899726867676,-1.3388073444366455,3.7133212089538574
train,lj_noisy,111,100,-2.9249954223632812,6.509216785430908,1.9775793552398682,3.361374855041504,-1.4942036867141724,4.199231147766113
train,lj_noisy,112,0,-0.31182724237442017,0.11540438234806061,0.20215925574302673,0.34029483795166016,-0.3321508467197418,0.6942302584648132
train,lj_noisy,112,10,-0.6031918525695801,0.835164487361908,0.2902904450893402,0.6396179795265198,-0.39153987169265747,0.9987249374389648
train,lj_noisy,112,20,-0.8827836513519287,1.5242969989776611,0.4087183177471161,0.9389037489891052,-0.4702160656452179,1.3163080215454102
train,lj_noisy,112,30,-1.1621782779693604,2.211092472076416,0.5383594632148743,1.241370439529419,-0.5562688708305359,1.6449416875839233
train,lj_noisy,112,40,-1.4437510967254639,2.901439666748047,0.6732845306396484,1.546945333480835,-0.6460262537002563,1.9830126762390137
train,lj_noisy,112,50,-1.7254424095153809,3.5906009674072266,0.8199686408042908,1.856537938117981,-0.7435674071311951,2.3320374488830566
train,lj_noisy,112,60,-2.0074169635772705,4.279120922088623,0.9780216813087463,2.1702520847320557,-0.8486396074295044,2.6916143894195557
train,lj_noisy,112,70,-2.2903032302856445,4.968628883361816,1.14556086063385,2.487987518310547,-0.9600412249565125,3.06087589263916
train,lj_noisy,112,80,-2.5742478370666504,5.659590721130371,1.322113275527954,2.809757947921753,-1.0774694681167603,3.439471960067749
train,lj_noisy,112,90,-2.8594207763671875,6.352529525756836,1.5069090127944946,3.1354990005493164,-1.2004296779632568,3.826794385910034
train,lj_noisy,112,100,-3.1520843505859375,7.062716484069824,1.6976158618927002,3.4699654579162598,-1.3275985717773438,4.227002143859863
train,lj_noisy,113,0,-0.25842446088790894,-0.019105324521660805,0.11615364253520966,0.2584601044654846,-0.2755221128463745,0.5859172344207764
train,lj_noisy,113,10,-0.500089704990387,0.5804855227470398,0.1915271282196045,0.5079618096351624,-0.3263727128505707,0.8416104912757874
train,lj_noisy,113,20,-0.7356576323509216,1.162745475769043,0.27240127325057983,0.7521853446960449,-0.38111868500709534,1.1032702922821045
train,lj_noisy,113,30,-0.96451735496521,1.7260931730270386,0.38353049755096436,1.00026535987854,-0.45531171560287476,1.3844109773635864
train,lj_noisy,113,40,-1.2117390632629395,2.3313112258911133,0.4868317246437073,1.2599217891693115,-0.5247592926025391,1.6820837259292603
train,lj_noisy,113,50,-1.4620577096939087,2.9412708282470703,0.5941665768623352,1.5221632719039917,-0.5969202518463135,1.990234375
train,lj_noisy,113,60,-1.7161331176757812,3.557513952255249,0.6978273391723633,1.7844353914260864,-0.6668829917907715,2.304706335067749
train,lj_noisy,113,70,-1.9703422784805298,4.1715168952941895,0.8049820065498352,2.04651141166687,-0.7391770482063293,2.6261115074157715
train,lj_noisy,113,80,-2.223541498184204,4.780695915222168,0.918170154094696,2.3085179328918457,-0.815412700176239,2.954528570175171
train,lj_noisy,113,90,-2.4792189598083496,5.393285274505615,1.035073161125183,2.5724902153015137,-0.8942067623138428,3.2920289039611816
train,lj_noisy,113,100,-2.7306008338928223,5.993358612060547,1.1604881286621094,2.8347349166870117,-0.9785424470901489,3.6345295906066895
train,lj_noisy,114,0,-0.10409953445196152,-0.39575687050819397,0.3753817081451416,0.21962104737758636,-0.4409419894218445,0.6222567558288574
train,lj_noisy,114,10,-0.403331995010376,0.34444916248321533,0.4585915803909302,0.5248170495033264,-0.4973525106906891,0.9295099973678589
train,lj_noisy,114,20,-0.716101348400116,1.1153758764266968,0.5395150184631348,0.839378833770752,-0.5526880621910095,1.253959059715271
train,lj_noisy,114,30,-1.0348870754241943,1.898681879043579,0.641677737236023,1.1657308340072632,-0.6218658089637756,1.6036224365234375
train,lj_noisy,114,40,-1.3576717376708984,2.689378499984741,0.7685471773147583,1.5033671855926514,-0.7070285081863403,1.9788299798965454
train,lj_noisy,114,50,-1.684783697128296,3.488191604614258,0.9169501066207886,1.8512866497039795,-0.8061234354972839,2.377887010574341
train,lj_noisy,114,60,-2.0176053047180176,4.298337936401367,1.0779681205749512,2.207050323486328,-0.9134311079978943,2.796743631362915
train,lj_noisy,114,70,-2.3523716926574707,5.110747337341309,1.2578821182250977,2.5698204040527344,-1.0328866243362427,3.235590934753418
train,lj_noisy,114,80,-2.6877808570861816,5.922323226928711,1.462341547012329,2.9407169818878174,-1.1680647134780884,3.6965277194976807
train,lj_noisy,114,90,-3.0198049545288086,6.723456382751465,1.6914141178131104,3.316340208053589,-1.318912386894226,4.175508499145508
train,lj_noisy,114,100,-3.347508430480957,7.512050151824951,1.944036602973938,3.6956238746643066,-1.4847272634506226,4.670496940612793
train,lj_noisy,115,0,-0.2420026957988739,-0.05692462623119354,0.23298393189907074,0.2881145179271698,-0.3509557545185089,0.6523952484130859
train,lj_noisy,115,10,-0.5370187759399414,0.671099066734314,0.26422709226608276,0.5693525671958923,-0.37424948811531067,0.9215730428695679
train,lj_noisy,115,20,-0.8378012180328369,1.4107586145401,0.29918617010116577,0.8549743890762329,-0.4001338481903076,1.2051523923873901
train,lj_noisy,115,30,-1.141519546508789,2.1552886962890625,0.36230313777923584,1.1520957946777344,-0.4441487789154053,1.5153757333755493
train,lj_noisy,115,40,-1.4486349821090698,2.9058170318603516,0.451845645904541,1.4604580402374268,-0.5051813125610352,1.8515862226486206
train,lj_noisy,115,50,-1.7592636346817017,3.662614583969116,0.5683838725090027,1.7803884744644165,-0.5835867524147034,2.2142527103424072
train,lj_noisy,115,60,-2.0740580558776855,4.42733097076416,0.7234412431716919,2.1172473430633545,-0.6867351531982422,2.6103482246398926
train,lj_noisy,115,70,-2.392425298690796,5.198505401611328,0.9094009399414062,2.467460870742798,-0.8097531795501709,3.035064697265625
train,lj_noisy,115,80,-2.7138798236846924,5.974977493286133,1.1242179870605469,2.8297996520996094,-0.951311469078064,3.4867300987243652
train,lj_noisy,115,90,-3.038943290710449,6.757820129394531,1.3646279573440552,3.203129768371582,-1.109266757965088,3.9644007682800293
train,lj_noisy,115,100,-3.3672235012054443,7.546125411987305,1.6371703147888184,3.589719772338867,-1.2877618074417114,4.471750259399414
train,lj_noisy,116,0,-0.42114365100860596,0.3685736358165741,-0.05985330045223236,0.3327605426311493,-0.16531381011009216,0.6312961578369141
train,lj_noisy,116,10,-0.7259976267814636,1.120527982711792,-0.02319289743900299,0.6246479749679565,-0.19209420680999756,0.911292552947998
train,lj_noisy,116,20,-1.0344257354736328,1.8782613277435303,0.003079205984249711,0.9134145975112915,-0.21230915188789368,1.1937731504440308
train,lj_noisy,116,30,-1.347171664237976,2.643871307373047,0.03296210989356041,1.2053101062774658,-0.2350195050239563,1.4882123470306396
train,lj_noisy,116,40,-1.6643400192260742,3.417778968811035,0.08049050718545914,1.5060054063796997,-0.2692168951034546,1.8033554553985596
train,lj_noisy,116,50,-1.9878578186035156,4.204535484313965,0.14598572254180908,1.8171511888504028,-0.31516557931900024,2.1418581008911133
train,lj_noisy,116,60,-2.3180041313171387,5.00485897064209,0.23647096753120422,2.141746759414673,-0.37736114859580994,2.5084500312805176
train,lj_noisy,116,70,-2.6533398628234863,5.8150200843811035,0.350981205701828,2.4779012203216553,-0.45511317253112793,2.9015953540802
train,lj_noisy,116,80,-2.9924700260162354,6.63184928894043,0.49762648344039917,2.82784366607666,-0.5535789728164673,3.324415922164917
train,lj_noisy,116,90,-3.339357852935791,7.465128421783447,0.6707823276519775,3.1930043697357178,-0.6695289015769958,3.778257131576538
train,lj_noisy,116,100,-3.6898298263549805,8.304777145385742,0.8739194273948669,3.571126699447632,-0.8049858212471008,4.260768890380859
train,lj_noisy,117,0,-0.1422593742609024,-0.30442678928375244,0.2840644121170044,0.21951110661029816,-0.38272014260292053,0.5915703773498535
train,lj_noisy,117,10,-0.4053625762462616,0.34932780265808105,0.3728155791759491,0.49472713470458984,-0.4424450099468231,0.8703482747077942
train,lj_noisy,117,20,-0.6611024737358093,0.9834259152412415,0.49986913800239563,0.7768976092338562,-0.5269483923912048,1.1727749109268188
train,lj_noisy,117,30,-0.9284687042236328,1.6429617404937744,0.6260431408882141,1.0671913623809814,-0.6111356019973755,1.491479754447937
train,lj_noisy,117,40,-1.2113158702850342,2.3373665809631348,0.731053352355957,1.361116886138916,-0.6820273399353027,1.8168902397155762
train,lj_noisy,117,50,-1.5003066062927246,3.0442214012145996,0.8419770002365112,1.660991907119751,-0.7567852735519409,2.1572206020355225
train,lj_noisy,117,60,-1.7946020364761353,3.7615723609924316,0.9595556855201721,1.9663392305374146,-0.8359056711196899,2.5123140811920166
train,lj_noisy,117,70,-2.0901310443878174,4.479276180267334,1.0767967700958252,2.2704858779907227,-0.9148538112640381,2.8748998641967773
train,lj_noisy,117,80,-2.3818705081939697,5.185335159301758,1.2160588502883911,2.5778250694274902,-1.007815957069397,3.2540359497070312
train,lj_noisy,117,90,-2.667713165283203,5.874829292297363,1.394420862197876,2.8934364318847656,-1.1257246732711792,3.6579582691192627
train,lj_noisy,117,100,-2.9480082988739014,6.548648357391357,1.6094564199447632,3.2167458534240723,-1.2669615745544434,4.084920883178711
train,lj_noisy,118,0,-0.06431589275598526,-0.4958896338939667,0.08246971666812897,0.07307451218366623,-0.2496897131204605,0.3715496063232422
train,lj_noisy,118,10,-0.3593835234642029,0.23566120862960815,0.1280629187822342,0.3601684868335724,-0.28163042664527893,0.6492131948471069
train,lj_noisy,118,20,-0.6486290693283081,0.9512191414833069,0.20213015377521515,0.6516026854515076,-0.3320106267929077,0.9459525346755981
train,lj_noisy,118,30,-0.938870906829834,1.6673080921173096,0.30382099747657776,0.9533434510231018,-0.4004019796848297,1.2665585279464722
train,lj_noisy,118,40,-1.2327823638916016,2.3902740478515625,0.4281524419784546,1.2657814025878906,-0.4836273193359375,1.610247254371643
train,lj_noisy,118,50,-1.532496452331543,3.125120162963867,0.5689659118652344,1.588302493095398,-0.5777466893196106,1.9751763343811035
train,lj_noisy,118,60,-1.837708830833435,3.87115478515625,0.7264333963394165,1.920763373374939,-0.682876706123352,2.361046314239502
train,lj_noisy,118,70,-2.15096378326416,4.634407043457031,0.8949563503265381,2.2630879878997803,-0.7955002784729004,2.767153024673462
train,lj_noisy,118,80,-2.4692437648773193,5.407684326171875,1.0822136402130127,2.615706205368042,-0.9204531311988831,3.195180654525757
train,lj_noisy,118,90,-2.7919652462005615,6.189685344696045,1.2887381315231323,2.9784107208251953,-1.058043360710144,3.644556999206543
train,lj_noisy,118,100,-3.1192588806152344,6.980749130249023,1.5129659175872803,3.3507230281829834,-1.2072871923446655,4.114477157592773
train,lj_noisy,119,0,-0.08855147659778595,-0.43605124950408936,0.12832219898700714,0.11103897541761398,-0.2794640362262726,0.43036672472953796
train,lj_noisy,119,10,-0.3772479295730591,0.2786657214164734,0.2131861001253128,0.4075920283794403,-0.3367146849632263,0.7270776629447937
train,lj_noisy,119,20,-0.6799107789993286,1.025034785270691,0.30698156356811523,0.7182039022445679,-0.40001481771469116,1.048483967781067
train,lj_noisy,119,30,-0.9958661198616028,1.8012417554855347,0.4134024381637573,1.0438605546951294,-0.47185003757476807,1.396064281463623
train,lj_noisy,119,40,-1.3231269121170044,2.6022956371307373,0.5345869064331055,1.3835557699203491,-0.5535873770713806,1.7695810794830322
train,lj_noisy,119,50,-1.6617249250411987,3.42820405960083,0.6713009476661682,1.7375479936599731,-0.6457144021987915,2.169635057449341
train,lj_noisy,119,60,-2.0107057094573975,4.2766194343566895,0.8262538909912109,2.1060354709625244,-0.7499443292617798,2.5970163345336914
train,lj_noisy,119,70,-2.3695590496063232,5.146226406097412,0.9984570145606995,2.488109827041626,-0.8656320571899414,3.0507285594940186
train,lj_noisy,119,80,-2.737302780151367,6.034616947174072,1.1886762380599976,2.883188009262085,-0.9932473301887512,3.530308723449707
train,lj_noisy,119,90,-3.1129772663116455,6.939459800720215,1.3969008922576904,3.290417432785034,-1.1327693462371826,4.0348029136657715
train,lj_noisy,119,100,-3.4953742027282715,7.85784912109375,1.623306155204773,3.7088208198547363,-1.2842845916748047,4.563073635101318
val,reid,0,0,-0.40580177307128906,0.25395968556404114,0.3351518511772156,0.4814625382423401,-0.449263334274292,0.5142897963523865
val,reid,0,10,-0.45637187361717224,0.40262487530708313,0.7841892838478088,0.7097206115722656,-0.7336265444755554,0.8152717351913452
val,reid,0,50,-0.8157254457473755,1.3526445627212524,2.698047399520874,1.794180989265442,-1.9518656730651855,2.299014091491699
val,reid,0,100,-1.650675654411316,3.4106807708740234,5.434026718139648,3.588538646697998,-3.7082457542419434,4.882375717163086
val,reid,1,0,-0.2887769937515259,-0.024320783093571663,0.6066756844520569,0.4838091731071472,-0.6228220462799072,0.5923837423324585
val,reid,1,10,-0.3672693967819214,0.1879407912492752,1.007317304611206,0.7178856134414673,-0.8769320845603943,0.8875271081924438
val,reid,1,50,-0.728430986404419,1.1301240921020508,2.977229595184326,1.824869155883789,-2.1308858394622803,2.401787519454956
val,reid,1,100,-1.5269052982330322,3.0724570751190186,5.974134922027588,3.674190044403076,-4.051306247711182,5.138388156890869
val,reid,2,0,-0.35853952169418335,0.14643359184265137,0.5586279034614563,0.5269680023193359,-0.5933415293693542,0.6362825632095337
val,reid,2,10,-0.4267662763595581,0.334570974111557,1.0434436798095703,0.7847840785980225,-0.9011693596839905,0.9764332175254822
val,reid,2,50,-0.6272424459457397,0.8844279646873474,3.325047492980957,1.8662464618682861,-2.3542442321777344,2.564845085144043
val,reid,2,100,-0.8582127094268799,1.461334466934204,6.220188617706299,3.1774868965148926,-4.205859184265137,4.710221290588379
val,reid,3,0,-0.38425835967063904,0.18757209181785583,0.35281139612197876,0.47203385829925537,-0.4568852186203003,0.38884788751602173
val,reid,3,10,-0.5949685573577881,0.7166845798492432,0.3943871259689331,0.6812256574630737,-0.48403918743133545,0.5891320705413818
val,reid,3,50,-1.5542112588882446,3.0918288230895996,0.7202575206756592,1.6677272319793701,-0.699104905128479,1.652787208557129
val,reid,3,100,-2.969231128692627,6.531783103942871,1.5754882097244263,3.231707811355591,-1.262882947921753,3.5832974910736084
val,reid,4,0,-0.14595723152160645,-0.3845435082912445,0.5732681155204773,0.3444474935531616,-0.596961259841919,0.3798770606517792
val,reid,4,10,-0.2928169071674347,-0.007403191644698381,0.7547320127487183,0.5528396368026733,-0.7122266888618469,0.6042686700820923
val,reid,4,50,-0.9924523234367371,1.754900336265564,1.6166715621948242,1.5300865173339844,-1.264257550239563,1.7310868501663208
val,reid,4,100,-2.1354236602783203,4.567410469055176,2.984168767929077,3.0826547145843506,-2.148425817489624,3.6581614017486572
val,reid,5,0,-0.4257912039756775,0.2943148910999298,0.18846414983272552,0.44275131821632385,-0.3535529375076294,0.3945907652378082
val,reid,5,10,-0.5540707111358643,0.6273487210273743,0.4225057363510132,0.6550615429878235,-0.5021440386772156,0.6356316804885864
val,reid,5,50,-1.1857092380523682,2.2278308868408203,1.5035642385482788,1.6570487022399902,-1.1931318044662476,1.8413196802139282
val,reid,5,100,-2.22707200050354,4.797131538391113,3.070793628692627,3.1987364292144775,-2.202803373336792,3.7979748249053955
val,reid,6,0,-0.3822496831417084,0.18813279271125793,0.2682957351207733,0.43580758571624756,-0.40379655361175537,0.38992613554000854
val,reid,6,10,-0.551936149597168,0.6202012300491333,0.4250246286392212,0.654454231262207,-0.5037822723388672,0.621453583240509
val,reid,6,50,-1.3527344465255737,2.6237728595733643,1.1952418088912964,1.682759404182434,-0.9993113279342651,1.7941560745239258
val,reid,6,100,-2.6177515983581543,5.723338603973389,2.4754347801208496,3.3034756183624268,-1.8301012516021729,3.798179864883423
val,reid,7,0,-0.3382973074913025,0.09431032091379166,0.5398064255714417,0.5016986131668091,-0.5803725123405457,0.5897685289382935
val,reid,7,10,-0.41571736335754395,0.3032901883125305,0.9088119864463806,0.722196638584137,-0.8145613074302673,0.8664348125457764
val,reid,7,50,-0.7544817924499512,1.1935259103775024,2.457404136657715,1.6513861417770386,-1.7998745441436768,2.078428030014038
val,reid,7,100,-1.380666732788086,2.769076108932495,4.51318883895874,3.0278518199920654,-3.1170055866241455,3.9340758323669434
val,reid,8,0,-0.33500993251800537,0.0878603458404541,0.5574836730957031,0.5053591728210449,-0.5921027660369873,0.6107818484306335
val,reid,8,10,-0.40198445320129395,0.273953378200531,0.9685748815536499,0.7329505085945129,-0.8527076244354248,0.904309868812561
val,reid,8,50,-0.7422631978988647,1.1707321405410767,2.922724723815918,1.8128811120986938,-2.0969347953796387,2.4046993255615234
val,reid,8,100,-1.5101323127746582,3.0479421615600586,5.743465423583984,3.5655808448791504,-3.9076437950134277,5.023538589477539
val,reid,9,0,-0.5377718210220337,0.5689770579338074,0.3863822817802429,0.6213025450706482,-0.4824117124080658,0.589119017124176
val,reid,9,10,-0.7125294804573059,1.0105668306350708,0.5225201845169067,0.8366587162017822,-0.5696786642074585,0.8113155961036682
val,reid,9,50,-1.5254969596862793,3.03130841255188,1.202101230621338,1.839167833328247,-1.0091578960418701,1.9382307529449463
val,reid,9,100,-2.777981758117676,6.082374572753906,2.3901009559631348,3.4064111709594727,-1.7833219766616821,3.8805224895477295
val,reid,10,0,-0.4775872826576233,0.42405787110328674,0.4886477589607239,0.6080126166343689,-0.5472174882888794,0.5930511355400085
val,reid,10,10,-0.6472405195236206,0.8540564775466919,0.6746781468391418,0.83843594789505,-0.6660904884338379,0.841193675994873
val,reid,10,50,-1.466004729270935,2.89243483543396,1.5647072792053223,1.9302475452423096,-1.2394721508026123,2.101886034011841
val,reid,10,100,-2.7924251556396484,6.1251325607299805,3.000777006149292,3.6644175052642822,-2.173147201538086,4.2673821449279785
val,reid,11,0,-0.35364988446235657,0.12874570488929749,0.5113707184791565,0.5051166415214539,-0.5614587068557739,0.5580276846885681
val,reid,11,10,-0.47743552923202515,0.4483885169029236,0.7805940508842468,0.7276403903961182,-0.7329152822494507,0.81538325548172
val,reid,11,50,-1.1113449335098267,2.0410773754119873,2.011091947555542,1.7903451919555664,-1.522242784500122,2.1212949752807617
val,reid,11,100,-2.262871026992798,4.846935272216797,3.8532626628875732,3.5303521156311035,-2.7156195640563965,4.396471977233887
val,reid,12,0,-0.46429306268692017,0.39219579100608826,0.10637275874614716,0.443672239780426,-0.30281946063041687,0.4328445494174957
val,reid,12,10,-0.5012798309326172,0.5054846405982971,0.5161285996437073,0.6445538401603699,-0.5621116757392883,0.6952043771743774
val,reid,12,50,-0.6804486513137817,1.0211342573165894,2.255425453186035,1.5101956129074097,-1.6666280031204224,1.8704313039779663
val,reid,12,100,-1.098686933517456,2.1128716468811035,4.518980503082275,2.791185140609741,-3.113865613937378,3.654430866241455
val,reid,13,0,-0.5541956424713135,0.6112899780273438,0.29295462369918823,0.597845196723938,-0.423717737197876,0.5868816375732422
val,reid,13,10,-0.6955448985099792,0.9741252660751343,0.5119645595550537,0.8157325983047485,-0.5629705190658569,0.8307662010192871
val,reid,13,50,-1.3771306276321411,2.6885650157928467,1.5331943035125732,1.838407039642334,-1.2168903350830078,2.0448660850524902
val,reid,13,100,-2.494365930557251,5.431734561920166,3.0277159214019775,3.418339252471924,-2.1825075149536133,4.029190540313721
val,reid,14,0,-0.5135118365287781,0.5179795026779175,0.5428314208984375,0.6612287759780884,-0.5834509134292603,0.6833168268203735
val,reid,14,10,-0.6803625822067261,0.9395290613174438,0.7170505523681641,0.8841955661773682,-0.695045530796051,0.923532247543335
val,reid,14,50,-1.464754581451416,2.8894529342651367,1.5813068151474,1.9347622394561768,-1.252629280090332,2.1414103507995605
val,reid,14,100,-2.68485426902771,5.865261077880859,2.9968245029449463,3.5700879096984863,-2.172196865081787,4.1840081214904785
val,reid,15,0,-0.39376306533813477,0.21569442749023438,0.22542759776115417,0.4282728135585785,-0.3770211338996887,0.39277151226997375
val,reid,15,10,-0.48796361684799194,0.46830692887306213,0.5433231592178345,0.6435098648071289,-0.5787107348442078,0.6555198431015015
val,reid,15,50,-0.9896483421325684,1.7602909803390503,2.0915756225585938,1.711940884590149,-1.5677690505981445,2.0522212982177734
val,reid,15,100,-1.8877623081207275,3.974783420562744,4.352395534515381,3.387019634246826,-3.02278733253479,4.371662139892578
val,reid,16,0,-0.6318088173866272,0.801967442035675,0.23322071135044098,0.6431778073310852,-0.38695189356803894,0.6358507871627808
val,reid,16,10,-0.754309356212616,1.1188502311706543,0.4960060119628906,0.861505389213562,-0.5540269613265991,0.8898961544036865
val,reid,16,50,-1.355965495109558,2.638768196105957,1.6704306602478027,1.8738795518875122,-1.3052233457565308,2.1251749992370605
val,reid,16,100,-2.384989023208618,5.169915676116943,3.3554978370666504,3.45198917388916,-2.3922386169433594,4.144529819488525
val,reid,17,0,-0.44016996026039124,0.3411974012851715,0.4013097286224365,0.5380409359931946,-0.49291014671325684,0.5984991788864136
val,reid,17,10,-0.501562774181366,0.5128018260002136,0.8130365610122681,0.7608509659767151,-0.7540258765220642,0.8885221481323242
val,reid,17,50,-0.7445857524871826,1.1717528104782104,2.793290615081787,1.7661247253417969,-2.014460563659668,2.3133788108825684
val,reid,17,100,-1.232648491859436,2.381760835647583,5.73849630355835,3.330037832260132,-3.9009859561920166,4.715457439422607
val,reid,18,0,-0.48818880319595337,0.460229754447937,0.474418580532074,0.6097753643989563,-0.5408548712730408,0.6842219829559326
val,reid,18,10,-0.5872429013252258,0.7217198014259338,0.8476194143295288,0.8508248925209045,-0.7779302597045898,0.98365718126297
val,reid,18,50,-1.0554405450820923,1.9182684421539307,2.5454492568969727,1.9457794427871704,-1.8620432615280151,2.4371981620788574
val,reid,18,100,-1.872457504272461,3.916757583618164,4.880795001983643,3.570840835571289,-3.364996910095215,4.7388505935668945
val,reid,19,0,-0.40788790583610535,0.2619324326515198,0.4489150941371918,0.5278300642967224,-0.522889256477356,0.5917642116546631
val,reid,19,10,-0.4845488667488098,0.470515638589859,0.8410513997077942,0.7568289041519165,-0.7716071605682373,0.8819690346717834
val,reid,19,50,-0.7938998341560364,1.2909221649169922,2.627209186553955,1.748521327972412,-1.906919240951538,2.224544048309326
val,reid,19,100,-1.3192553520202637,2.603895902633667,5.048457145690918,3.1548001766204834,-3.4512617588043213,4.252564907073975
val,depablo_low_temp,20,0,-0.24716433882713318,-0.1140836551785469,0.8632341623306274,0.5425304174423218,-0.7927444577217102,0.8865267634391785
val,depablo_low_temp,20,10,-0.45805659890174866,0.4128769040107727,0.9679262638092041,0.7769664525985718,-0.8606987595558167,1.1268913745880127
val,depablo_low_temp,20,50,-1.4206777811050415,2.784792900085449,1.568750023841858,1.8757472038269043,-1.2534642219543457,2.3698277473449707
val,depablo_low_temp,20,100,-2.866173028945923,6.2813615798950195,2.72507905960083,3.5870203971862793,-2.012988567352295,4.527840614318848
val,depablo_low_temp,21,0,-0.44245851039886475,0.35158705711364746,0.45617786049842834,0.5553096532821655,-0.5341430902481079,0.8133525252342224
val,depablo_low_temp,21,10,-0.6180997490882874,0.7932227849960327,0.6061478853225708,0.7751858234405518,-0.630275547504425,1.05083429813385
val,depablo_low_temp,21,50,-1.4321831464767456,2.808119535446167,1.3379942178726196,1.7939748764038086,-1.103695273399353,2.233445644378662
val,depablo_low_temp,21,100,-2.6875462532043457,5.857224941253662,2.5200626850128174,3.360016345977783,-1.875679612159729,4.194298267364502
val,depablo_low_temp,22,0,-0.5057905912399292,0.49888208508491516,0.1394377201795578,0.4882475733757019,-0.3295464515686035,0.6444517970085144
val,depablo_low_temp,22,10,-0.7465651035308838,1.1010621786117554,0.19459153711795807,0.7281544208526611,-0.36589327454566956,0.8872466683387756
val,depablo_low_temp,22,50,-1.8106441497802734,3.73169207572937,0.604180634021759,1.8362586498260498,-0.6362885236740112,2.123676300048828
val,depablo_low_temp,22,100,-3.3365964889526367,7.44352388381958,1.529327630996704,3.5238280296325684,-1.2469390630722046,4.224245548248291
val,depablo_low_temp,23,0,-0.12336372584104538,-0.47925862669944763,0.875653862953186,0.4176132380962372,-0.8059876561164856,0.8622753024101257
val,depablo_low_temp,23,10,-0.05900690332055092,-0.6216847896575928,1.257309913635254,0.5102965831756592,-1.0478198528289795,1.0419236421585083
val,depablo_low_temp,23,50,0.28723499178886414,-1.4305627346038818,3.1158838272094727,0.914811909198761,-2.229119300842285,1.9470937252044678
val,depablo_low_temp,23,100,0.5822290182113647,-2.153632640838623,5.87483024597168,1.6789175271987915,-3.9911556243896484,3.5955567359924316
val,depablo_low_temp,24,0,-0.21496307849884033,-0.2311965972185135,0.8518308401107788,0.49724435806274414,-0.7893317937850952,0.8935717344284058
val,depablo_low_temp,24,10,-0.27447253465652466,-0.07139351963996887,1.1147738695144653,0.6555554866790771,-0.9564513564109802,1.106444001197815
val,depablo_low_temp,24,50,-0.5447893142700195,0.6271266937255859,2.329127550125122,1.372171401977539,-1.7320561408996582,2.1299195289611816
val,depablo_low_temp,24,100,-1.1026259660720825,1.9969522953033447,4.058528423309326,2.529792547225952,-2.845005989074707,3.821852922439575
val,depablo_low_temp,25,0,-0.42879998683929443,0.2716904282569885,1.406914472579956,0.8929241895675659,-1.157317876815796,1.5224717855453491
val,depablo_low_temp,25,10,-0.3865104913711548,0.1753748655319214,1.7981387376785278,1.0053069591522217,-1.4059479236602783,1.7403662204742432
val,depablo_low_temp,25,50,-0.05633102357387543,-0.6397260427474976,4.029304504394531,1.5354938507080078,-2.8273656368255615,2.98867130279541
val,depablo_low_temp,25,100,0.11571624130010605,-1.157193899154663,7.573571681976318,2.6317498683929443,-5.093900680541992,5.448604583740234
val,depablo_low_temp,26,0,-0.35155636072158813,0.08394918590784073,0.6214666366577148,0.5227482318878174,-0.6451331973075867,0.9000027179718018
val,depablo_low_temp,26,10,-0.2920168340206146,-0.04752422496676445,1.0055333375930786,0.6209332346916199,-0.8890740275382996,1.0865150690078735
val,depablo_low_temp,26,50,0.10980936139822006,-1.003075361251831,3.156846284866333,1.0803781747817993,-2.2597227096557617,2.1573805809020996
val,depablo_low_temp,26,100,0.46146318316459656,-1.9046059846878052,6.525153636932373,1.9930946826934814,-4.413633823394775,4.228525161743164
val,depablo_low_temp,27,0,-0.5751857161521912,0.6196726560592651,0.6835437417030334,0.7415057420730591,-0.6910566091537476,1.1635851860046387
val,depablo_low_temp,27,10,-0.513359010219574,0.48192164301872253,1.0721625089645386,0.8391379714012146,-0.9381170272827148,1.3537044525146484
val,depablo_low_temp,27,50,-0.11027572304010391,-0.4825834035873413,3.21212100982666,1.2913933992385864,-2.3024520874023438,2.4303860664367676
val,depablo_low_temp,27,100,0.1773979663848877,-1.2444648742675781,6.563007354736328,2.2504727840423584,-4.4476494789123535,4.58046293258667
val,depablo_low_temp,28,0,-0.39434027671813965,0.23309671878814697,0.42594894766807556,0.50166916847229,-0.5128103494644165,0.7338319420814514
val,depablo_low_temp,28,10,-0.5912549495697021,0.7270602583885193,0.5223363041877747,0.7197303175926208,-0.5750275254249573,0.9565669298171997
val,depablo_low_temp,28,50,-1.514503002166748,3.008270025253296,1.1070297956466675,1.7747461795806885,-0.9558296799659729,2.1532294750213623
val,depablo_low_temp,28,100,-2.9413201808929443,6.466040134429932,2.29398250579834,3.4781975746154785,-1.7332446575164795,4.313354015350342
val,depablo_low_temp,29,0,-0.24873261153697968,-0.17738544940948486,0.24186311662197113,0.2846304774284363,-0.3966369032859802,0.5343025326728821
val,depablo_low_temp,29,10,-0.2638660967350006,-0.12276814132928848,0.5441044569015503,0.41936221718788147,-0.5885725617408752,0.7307124733924866
val,depablo_low_temp,29,50,-0.3077622652053833,0.03457413613796234,2.097182512283325,1.06551992893219,-1.5794893503189087,1.7703427076339722
val,depablo_low_temp,29,100,-0.5876203775405884,0.7285280227661133,4.433281421661377,2.1989333629608154,-3.0788276195526123,3.6305758953094482
val,depablo_low_temp,30,0,-0.07895305752754211,-0.5972068309783936,1.2346338033676147,0.5134379863739014,-1.0389704704284668,1.063425064086914
val,depablo_low_temp,30,10,0.03349648416042328,-0.8589662313461304,1.6594823598861694,0.5782713890075684,-1.3083317279815674,1.2341201305389404
val,depablo_low_temp,30,50,0.7187962532043457,-2.5119476318359375,3.967890739440918,0.8326282501220703,-2.774980068206787,2.1796581745147705
val,depablo_low_temp,30,100,1.462958812713623,-4.373836517333984,7.454958438873291,1.420435905456543,-4.998336315155029,4.0171942710876465
val,depablo_low_temp,31,0,-0.2575165331363678,-0.09976283460855484,0.7794409394264221,0.5159177780151367,-0.7398081421852112,0.8515876531600952
val,depablo_low_temp,31,10,-0.4233756363391876,0.3188748061656952,0.9450223445892334,0.7329950332641602,-0.8457627296447754,1.091733455657959
val,depablo_low_temp,31,50,-1.2034616470336914,2.256269693374634,1.7461004257202148,1.74911367893219,-1.362206220626831,2.2885873317718506
val,depablo_low_temp,31,100,-2.443922281265259,5.279174327850342,3.0468058586120605,3.351466417312622,-2.207998037338257,4.30539608001709
val,depablo_low_temp,32,0,-0.1871938407421112,-0.33123093843460083,0.595993161201477,0.3636735677719116,-0.625988781452179,0.7224720120429993
val,depablo_low_temp,32,10,-0.11183471977710724,-0.49925926327705383,0.9950171113014221,0.45361995697021484,-0.8793473243713379,0.9053027629852295
val,depablo_low_temp,32,50,0.2727750241756439,-1.4030039310455322,3.0519180297851562,0.8960089683532715,-2.189307928085327,1.9260588884353638
val,depablo_low_temp,32,100,0.6078583598136902,-2.244810104370117,6.208247184753418,1.7564356327056885,-4.206394672393799,3.850431203842163
val,depablo_low_temp,33,0,-0.3522659242153168,0.12134168297052383,0.2705066502094269,0.4021735191345215,-0.4116126298904419,0.5892903208732605
val,depablo_low_temp,33,10,-0.5661576986312866,0.6590613722801208,0.35452497005462646,0.6301777958869934,-0.46588134765625,0.8217714428901672
val,depablo_low_temp,33,50,-1.546227216720581,3.0899384021759033,0.8542312383651733,1.7028918266296387,-0.7918340563774109,2.019488573074341
val,depablo_low_temp,33,100,-3.015923500061035,6.672071933746338,1.8475735187530518,3.3743882179260254,-1.4438332319259644,4.0837483406066895
val,depablo_low_temp,34,0,-0.4214928150177002,0.2434089481830597,0.7328910827636719,0.6235027313232422,-0.7198255658149719,1.0411500930786133
val,depablo_low_temp,34,10,-0.3418320417404175,0.06258323788642883,1.132322907447815,0.7095599174499512,-0.9737449288368225,1.2215299606323242
val,depablo_low_temp,34,50,0.10537630319595337,-1.0135071277618408,3.5368943214416504,1.2147669792175293,-2.507661819458008,2.4562504291534424
val,depablo_low_temp,34,100,0.4292164146900177,-1.8893882036209106,7.480177879333496,2.329558849334717,-5.03079891204834,5.050250053405762
val,depablo_low_temp,35,0,-0.17948082089424133,-0.35426822304725647,0.4544469714164734,0.3014094829559326,-0.5343932509422302,0.6276318430900574
val,depablo_low_temp,35,10,-0.09540976583957672,-0.5410088300704956,0.8562707901000977,0.38565829396247864,-0.7891173362731934,0.8012047410011292
val,depablo_low_temp,35,50,0.43774768710136414,-1.7938382625579834,3.1407651901245117,0.7877728939056396,-2.243337869644165,1.8289350271224976
val,depablo_low_temp,35,100,0.9730089902877808,-3.1128814220428467,6.6118483543396,1.5911282300949097,-4.462038040161133,3.786328077316284
val,depablo_low_temp,36,0,-0.18163082003593445,-0.3057217001914978,0.38865357637405396,0.292833149433136,-0.4865470826625824,0.5260908603668213
val,depablo_low_temp,36,10,-0.3394082486629486,0.09657932072877884,0.5322524309158325,0.494753360748291,-0.5777785778045654,0.7405816912651062
val,depablo_low_temp,36,50,-1.0840643644332886,1.9618297815322876,1.2938311100006104,1.4662514925003052,-1.0667288303375244,1.8651925325393677
val,depablo_low_temp,36,100,-2.277336359024048,4.885897636413574,2.593238115310669,3.0271859169006348,-1.9092535972595215,3.82460355758667
val,depablo_low_temp,37,0,-0.48760777711868286,0.44328659772872925,0.47206348180770874,0.5964007377624512,-0.5476945638656616,0.8994299173355103
val,depablo_low_temp,37,10,-0.6055558323860168,0.7450264692306519,0.6994407176971436,0.794243335723877,-0.6922321915626526,1.1342920064926147
val,depablo_low_temp,37,50,-1.1946593523025513,2.215839385986328,1.7752604484558105,1.7443594932556152,-1.3805592060089111,2.331238031387329
val,depablo_low_temp,37,100,-2.2015726566314697,4.666061878204346,3.367623805999756,3.248297929763794,-2.407226324081421,4.320118427276611
val,depablo_low_temp,38,0,-0.10932648926973343,-0.5106441378593445,0.9066564440727234,0.41760680079460144,-0.8250129222869873,0.8495327830314636
val,depablo_low_temp,38,10,-0.04356856644153595,-0.6551724672317505,1.3109283447265625,0.5180263519287109,-1.081669807434082,1.0444124937057495
val,depablo_low_temp,38,50,0.3151921331882477,-1.4921201467514038,3.3873212337493896,0.9936510324478149,-2.4046008586883545,2.096696138381958
val,depablo_low_temp,38,100,0.6140103340148926,-2.2321250438690186,6.464528560638428,1.8669131994247437,-4.373361110687256,3.9837841987609863
val,depablo_low_temp,39,0,-0.32341647148132324,0.05681996792554855,0.4054150879383087,0.42996200919151306,-0.4981207549571991,0.6500148177146912
val,depablo_low_temp,39,10,-0.5529546737670898,0.6317317485809326,0.464082807302475,0.6620311737060547,-0.5363479256629944,0.8804542422294617
val,depablo_low_temp,39,50,-1.5779820680618286,3.167863130569458,0.9003521203994751,1.7484163045883179,-0.8224817514419556,2.0826170444488525
val,depablo_low_temp,39,100,-3.0545198917388916,6.759171485900879,1.875910758972168,3.4130873680114746,-1.4637665748596191,4.154829502105713
val,depablo_mixed_temp,40,0,-0.627352237701416,0.7390804886817932,0.19876721501350403,0.5991992354393005,-0.37762734293937683,0.87692791223526
val,depablo_mixed_temp,40,10,-0.4250791072845459,0.009866699576377869,1.3374680280685425,0.6423889398574829,-1.1131939888000488,2.042711019515991
val,depablo_mixed_temp,40,50,-1.2645130157470703,2.188657283782959,3.638195514678955,2.304377555847168,-2.5854384899139404,4.231222152709961
val,depablo_mixed_temp,40,100,0.6868821382522583,-2.58056378364563,5.196979522705078,1.1651298999786377,-3.557924509048462,3.45285964012146
val,depablo_mixed_temp,41,0,-0.24915079772472382,-0.10922618955373764,0.8595675230026245,0.5428597927093506,-0.7903966903686523,0.8858686685562134
val,depablo_mixed_temp,41,10,-0.5318653583526611,0.5245611071586609,1.1455864906311035,0.8325095176696777,-0.9627282023429871,1.4634395837783813
val,depablo_mixed_temp,41,50,-1.2359178066253662,2.2685775756835938,1.867030382156372,1.7540488243103027,-1.4368377923965454,2.5564992427825928
val,depablo_mixed_temp,41,100,-2.7199866771698,5.860347270965576,2.442631721496582,3.2907819747924805,-1.820312738418579,4.371812343597412
val,depablo_mixed_temp,42,0,-0.44263556599617004,0.35202455520629883,0.45636069774627686,0.5555411577224731,-0.5342652201652527,0.8136563301086426
val,depablo_mixed_temp,42,10,-0.5832535028457642,0.7078948020935059,0.6013509035110474,0.741090714931488,-0.625720202922821,1.0128154754638672
val,depablo_mixed_temp,42,50,-1.3700947761535645,2.6575887203216553,1.2547879219055176,1.7080447673797607,-1.0486621856689453,2.1106998920440674
val,depablo_mixed_temp,42,100,-2.6535823345184326,5.774384498596191,2.4797112941741943,3.3127620220184326,-1.8478727340698242,4.130906581878662
val,depablo_mixed_temp,43,0,-0.3938734531402588,0.2281629890203476,0.29155024886131287,0.4482538104057312,-0.4257831275463104,0.6396043300628662
val,depablo_mixed_temp,43,10,-0.6421285271644592,0.826595664024353,0.28811928629875183,0.6547578573226929,-0.4270583391189575,0.9300982356071472
val,depablo_mixed_temp,43,50,-1.9274568557739258,3.994577407836914,0.5712848901748657,1.913381814956665,-0.6209374666213989,2.2819418907165527
val,depablo_mixed_temp,43,100,-3.4381630420684814,7.665890693664551,1.7975170612335205,3.6974120140075684,-1.428637981414795,4.603184700012207
val,depablo_mixed_temp,44,0,-0.2808174788951874,-0.09198133647441864,0.387137234210968,0.3695308268070221,-0.4914765954017639,0.6680365800857544
val,depablo_mixed_temp,44,10,-0.9598832726478577,1.4531550407409668,-0.5401707887649536,0.5316019058227539,0.08552216738462448,0.961535632610321
val,depablo_mixed_temp,44,50,-1.2106763124465942,2.141662836074829,0.22011879086494446,1.0761163234710693,-0.3951975703239441,1.5947456359863281
val,depablo_mixed_temp,44,100,-0.5718843340873718,0.6329666376113892,3.368433713912964,1.7189276218414307,-2.3994193077087402,3.0880210399627686
val,depablo_mixed_temp,45,0,-0.21629378199577332,-0.22859327495098114,0.7874032855033875,0.47302308678627014,-0.7470638155937195,0.8425962924957275
val,depablo_mixed_temp,45,10,-0.16853787004947662,-0.3953019380569458,0.8576648831367493,0.4095662832260132,-0.7960140705108643,1.0194032192230225
val,depablo_mixed_temp,45,50,-0.16912615299224854,-0.34608715772628784,2.064908027648926,0.8853555917739868,-1.5663766860961914,1.810821294784546
val,depablo_mixed_temp,45,100,0.12129328399896622,-1.0616909265518188,6.57281494140625,2.2864153385162354,-4.438662052154541,4.635154724121094
val,depablo_mixed_temp,46,0,-0.6036360859870911,0.6936789751052856,0.005830852314829826,0.508476734161377,-0.2503966987133026,0.7059376835823059
val,depablo_mixed_temp,46,10,0.34340572357177734,-1.78151535987854,1.1313639879226685,-0.07242561131715775,-0.9656789302825928,1.0206079483032227
val,depablo_mixed_temp,46,50,0.6485064029693604,-2.351712703704834,1.7981650829315186,0.03260306641459465,-1.382286787033081,0.8987146615982056
val,depablo_mixed_temp,46,100,-0.4827645421028137,0.4265754818916321,2.2298526763916016,1.22726571559906,-1.6717557907104492,2.2385270595550537
val,depablo_mixed_temp,47,0,-0.35665926337242126,0.1330597847700119,0.1564888209104538,0.36226123571395874,-0.33766570687294006,0.5120802521705627
val,depablo_mixed_temp,47,10,-0.6157918572425842,0.7509880661964417,-0.08778305351734161,0.4834114909172058,-0.18375930190086365,0.6399801969528198
val,depablo_mixed_temp,47,50,-1.6543389558792114,3.3308517932891846,0.5055202841758728,1.6424314975738525,-0.5662548542022705,1.9283560514450073
val,depablo_mixed_temp,47,100,-2.6872317790985107,5.861372470855713,1.2174280881881714,2.83414363861084,-1.0315966606140137,3.353027582168579
val,depablo_mixed_temp,48,0,-0.21654081344604492,-0.22708986699581146,0.851382315158844,0.4985356628894806,-0.7890486717224121,0.894449770450592
val,depablo_mixed_temp,48,10,-0.24215395748615265,-0.17719154059886932,0.8447408676147461,0.5056650042533875,-0.7867842316627502,0.9632235765457153
val,depablo_mixed_temp,48,50,-0.028367700055241585,-0.6662718653678894,3.0061497688293457,1.1359764337539673,-2.162097930908203,2.209277391433716
val,depablo_mixed_temp,48,100,-0.6462148427963257,0.8639283776283264,4.278242588043213,2.1846752166748047,-2.9789233207702637,3.621453285217285
val,depablo_mixed_temp,49,0,-0.5263926982879639,0.5553866028785706,0.48376116156578064,0.6399412155151367,-0.5536319017410278,0.9096544981002808
val,depablo_mixed_temp,49,10,-7.760711014270782e-05,-0.7665961980819702,1.8699613809585571,0.6419676542282104,-1.436837911605835,1.497363805770874
val,depablo_mixed_temp,49,50,-0.8241905570030212,1.290075659751892,1.5315876007080078,1.2955262660980225,-1.2337335348129272,1.9548629522323608
val,depablo_mixed_temp,49,100,-2.642444610595703,5.726499080657959,2.1484768390655518,3.158496856689453,-1.6344140768051147,3.9901208877563477
val,depablo_mixed_temp,50,0,-0.22467230260372162,-0.2310929000377655,0.7429784536361694,0.455302357673645,-0.7217894792556763,0.8601224422454834
val,depablo_mixed_temp,50,10,0.9852760434150696,-3.300809621810913,0.012793583795428276,-1.0056575536727905,-0.27090197801589966,-0.23102359473705292
val,depablo_mixed_temp,50,50,0.6794105768203735,-2.55127215385437,1.8628617525100708,-0.05599277839064598,-1.4400205612182617,1.249688982963562
val,depablo_mixed_temp,50,100,2.3059537410736084,-6.655594348907471,7.762036323547363,0.5739928483963013,-5.182527542114258,4.043241024017334
val,depablo_mixed_temp,51,0,-0.5779449939727783,0.6263911128044128,0.680850625038147,0.7428969740867615,-0.6893788576126099,1.164336919784546
val,depablo_mixed_temp,51,10,0.8048011064529419,-2.763612747192383,2.4561691284179688,0.1555769294500351,-1.8121623992919922,1.1947883367538452
val,depablo_mixed_temp,51,50,0.052827924489974976,-0.8874614834785461,2.5551090240478516,0.8904865980148315,-1.8806369304656982,1.8760814666748047
val,depablo_mixed_temp,51,100,0.29618343710899353,-1.5616986751556396,6.163668155670166,1.967956781387329,-4.18834924697876,4.255420207977295
val,depablo_mixed_temp,52,0,-0.255365252494812,-0.1585104763507843,1.039778709411621,0.5972269773483276,-0.9154199957847595,1.0951040983200073
val,depablo_mixed_temp,52,10,-0.06709139794111252,-0.6117056608200073,1.6377876996994019,0.6584960222244263,-1.2961889505386353,1.3217530250549316
val,depablo_mixed_temp,52,50,0.4303636848926544,-1.812978982925415,3.9025259017944336,1.0617982149124146,-2.739344596862793,2.4388267993927
val,depablo_mixed_temp,52,100,0.5748844146728516,-2.211428642272949,7.315953254699707,2.1735024452209473,-4.925055980682373,4.760400772094727
val,depablo_mixed_temp,53,0,-0.25740116834640503,-0.10001620650291443,0.7794334888458252,0.5158173441886902,-0.7397944331169128,0.8514523506164551
val,depablo_mixed_temp,53,10,-0.4943423867225647,0.49149516224861145,0.9982167482376099,0.8130055069923401,-0.8787673115730286,1.1954717636108398
val,depablo_mixed_temp,53,50,-1.2451624870300293,2.361929178237915,1.8089115619659424,1.8099565505981445,-1.4026367664337158,2.374758243560791
val,depablo_mixed_temp,53,100,-2.420968770980835,5.2266645431518555,3.0218775272369385,3.324553966522217,-2.191563606262207,4.263901233673096
val,depablo_mixed_temp,54,0,-0.2597578763961792,-0.10818561911582947,0.5246894955635071,0.41531383991241455,-0.5761693716049194,0.6972719430923462
val,depablo_mixed_temp,54,10,-0.7356632351875305,0.9748114347457886,0.13662894070148468,0.6222893595695496,-0.35903990268707275,1.218483805656433
val,depablo_mixed_temp,54,50,-1.3091455698013306,2.379230499267578,1.031796932220459,1.4505842924118042,-0.917554497718811,2.306842803955078
val,depablo_mixed_temp,54,100,-2.2620604038238525,4.725660800933838,2.98427414894104,3.0544073581695557,-2.1808574199676514,4.483839988708496
val,depablo_mixed_temp,55,0,-0.34169161319732666,0.09324270486831665,0.21335196495056152,0.3702208697795868,-0.3744527995586395,0.5405730605125427
val,depablo_mixed_temp,55,10,-0.5228563547134399,0.5467222332954407,0.19221512973308563,0.5261435508728027,-0.36307746171951294,0.6862342953681946
val,depablo_mixed_temp,55,50,-1.555171012878418,3.108051061630249,0.7895636558532715,1.6837449073791504,-0.7508842945098877,1.9924962520599365
val,depablo_mixed_temp,55,100,-2.9314565658569336,6.465339660644531,1.8475282192230225,3.2996022701263428,-1.441465139389038,3.9983112812042236
val,depablo_mixed_temp,56,0,-0.3245646059513092,0.059617552906274796,0.4049208462238312,0.43078601360321045,-0.4978245794773102,0.6508082747459412
val,depablo_mixed_temp,56,10,-0.5280145406723022,0.5663918852806091,0.36839759349823,0.6002827882766724,-0.4745188355445862,0.803692102432251
val,depablo_mixed_temp,56,50,-1.4335941076278687,2.8182108402252197,0.935806155204773,1.6378543376922607,-0.8427798748016357,1.9603934288024902
val,depablo_mixed_temp,56,100,-3.131535768508911,6.942859649658203,2.1242897510528564,3.57663893699646,-1.625636100769043,4.407547473907471
val,depablo_mixed_temp,57,0,-0.5563295483589172,0.5852617621421814,1.0365945100784302,0.8640584945678711,-0.9191857576370239,1.3775323629379272
val,depablo_mixed_temp,57,10,-0.4665759205818176,0.37284520268440247,1.4505774974822998,0.9424318075180054,-1.1813335418701172,1.5666484832763672
val,depablo_mixed_temp,57,50,0.1775914877653122,-1.200026512145996,3.715174674987793,1.2095680236816406,-2.6175997257232666,2.516714096069336
val,depablo_mixed_temp,57,100,0.682377815246582,-2.5087738037109375,6.983227252960205,1.9168484210968018,-4.697696685791016,4.419955730438232
val,depablo_mixed_temp,58,0,-0.5486708879470825,0.5598859786987305,0.6782084703445435,0.7182444930076599,-0.6866990923881531,1.133499026298523
val,depablo_mixed_temp,58,10,-0.3998207449913025,0.20771709084510803,1.2008144855499268,0.7882850170135498,-1.0196410417556763,1.342047095298767
val,depablo_mixed_temp,58,50,-0.056874584406614304,-0.61195307970047,3.453238010406494,1.330122470855713,-2.454602003097534,2.5607171058654785
val,depablo_mixed_temp,58,100,0.22168782353401184,-1.3600620031356812,6.879602432250977,2.308406114578247,-4.644369125366211,4.79964017868042
val,depablo_mixed_temp,59,0,-0.535936713218689,0.5596329569816589,0.38289934396743774,0.603497326374054,-0.49064019322395325,0.8786829710006714
val,depablo_mixed_temp,59,10,-0.6161081194877625,0.7714258432388306,0.6355170011520386,0.7774459719657898,-0.6520485281944275,1.1039559841156006
val,depablo_mixed_temp,59,50,-1.1435080766677856,2.0999536514282227,1.782300591468811,1.699087381362915,-1.38809072971344,2.317667245864868
val,depablo_mixed_temp,59,100,-2.041736602783203,4.297165393829346,3.441662549972534,3.1319260597229004,-2.4606966972351074,4.282626628875732
val,lj_noisy,60,0,0.011446110904216766,-0.6704549789428711,0.26040685176849365,0.07720907032489777,-0.3623316287994385,0.41017788648605347
val,lj_noisy,60,10,-0.27601951360702515,0.042471036314964294,0.2965886890888214,0.35328689217567444,-0.3884325921535492,0.6786132454872131
val,lj_noisy,60,50,-1.4603805541992188,2.9549334049224854,0.53364098072052,1.5079880952835083,-0.5543210506439209,1.8992218971252441
val,lj_noisy,60,100,-3.056483507156372,6.833343982696533,1.040942668914795,3.106415271759033,-0.9037330746650696,3.7822265625
val,lj_noisy,61,0,-0.27887630462646484,0.031222250312566757,-0.19105501472949982,0.15959931910037994,-0.07617232948541641,0.38111448287963867
val,lj_noisy,61,10,-0.5335036516189575,0.6627151966094971,-0.11273958534002304,0.42266902327537537,-0.129047691822052,0.6470662355422974
val,lj_noisy,61,50,-1.570166826248169,3.2104732990264893,0.36967432498931885,1.5413908958435059,-0.44972941279411316,1.8880536556243896
val,lj_noisy,61,100,-3.0612778663635254,6.819271564483643,1.1780545711517334,3.1592822074890137,-0.9858051538467407,3.8484911918640137
val,lj_noisy,62,0,-0.24866634607315063,-0.03540429100394249,0.0917837917804718,0.24338629841804504,-0.258464515209198,0.5457427501678467
val,lj_noisy,62,10,-0.48518258333206177,0.5507773160934448,0.21351203322410583,0.5086865425109863,-0.3393390476703644,0.8169987797737122
val,lj_noisy,62,50,-1.4589424133300781,2.9431395530700684,0.8091609477996826,1.6217584609985352,-0.7335143685340881,2.044978380203247
val,lj_noisy,62,100,-2.8130009174346924,6.220570087432861,1.9030232429504395,3.233304262161255,-1.449803113937378,4.038118839263916
val,lj_noisy,63,0,-0.13024136424064636,-0.33186468482017517,0.16814926266670227,0.1648925095796585,-0.306331068277359,0.49732881784439087
val,lj_noisy,63,10,-0.38957029581069946,0.3116088807582855,0.24188145995140076,0.4308658540248871,-0.35648614168167114,0.7635528445243835
val,lj_noisy,63,50,-1.475542664527893,2.982978582382202,0.5426016449928284,1.5263303518295288,-0.5631716251373291,1.92598295211792
val,lj_noisy,63,100,-3.0344109535217285,6.767245292663574,1.331002950668335,3.1997299194335938,-1.090441107749939,3.945280075073242
val,lj_noisy,64,0,-0.023628821596503258,-0.5956181287765503,0.2912634015083313,0.1169905737042427,-0.3847655653953552,0.48235172033309937
val,lj_noisy,64,10,-0.28484344482421875,0.052574511617422104,0.36846309900283813,0.3858141005039215,-0.4367274343967438,0.7507269978523254
val,lj_noisy,64,50,-1.4325075149536133,2.8749585151672363,0.9014189839363098,1.6265056133270264,-0.7921423316001892,2.1136882305145264
val,lj_noisy,64,100,-3.135409116744995,7.004412651062012,1.937159538269043,3.5298495292663574,-1.483325481414795,4.418371200561523
val,lj_noisy,65,0,0.2234315723180771,-1.2030402421951294,0.3551953136920929,-0.07804851979017258,-0.4211652874946594,0.290506511926651
val,lj_noisy,65,10,-0.05397562310099602,-0.5140113830566406,0.3620269000530243,0.17765571177005768,-0.42790544033050537,0.5287145972251892
val,lj_noisy,65,50,-1.1915671825408936,2.2878806591033936,0.5070704221725464,1.2547121047973633,-0.5318930745124817,1.6372709274291992
val,lj_noisy,65,100,-2.696763038635254,5.95404052734375,1.1041024923324585,2.807255744934082,-0.9306924343109131,3.4640047550201416
val,lj_noisy,66,0,-0.2235817164182663,-0.11243779957294464,0.0327017679810524,0.19351652264595032,-0.2220017910003662,0.5002716183662415
val,lj_noisy,66,10,-0.47947099804878235,0.5226123332977295,0.1261756420135498,0.46387404203414917,-0.28438273072242737,0.7747184634208679
val,lj_noisy,66,50,-1.5351521968841553,3.119436264038086,0.6290416121482849,1.60920250415802,-0.6176620721817017,2.03185772895813
val,lj_noisy,66,100,-3.1653974056243896,7.076517581939697,1.625112771987915,3.4285855293273926,-1.2742481231689453,4.220175743103027
val,lj_noisy,67,0,-0.4805701971054077,0.5266160368919373,0.09018123149871826,0.44479578733444214,-0.2630743682384491,0.7864353060722351
val,lj_noisy,67,10,-0.7584417462348938,1.2115967273712158,0.16297635436058044,0.7264434099197388,-0.3132283091545105,1.070218801498413
val,lj_noisy,67,50,-1.8395376205444336,3.852713108062744,0.5215899348258972,1.8246055841445923,-0.5544685125350952,2.310680389404297
val,lj_noisy,67,100,-3.2068328857421875,7.146610736846924,1.417677879333496,3.343928575515747,-1.1436767578125,4.304892539978027
val,lj_noisy,68,0,-0.06643234938383102,-0.48862525820732117,0.10597991198301315,0.08329726755619049,-0.2645013630390167,0.39070990681648254
val,lj_noisy,68,10,-0.3356102406978607,0.17919094860553741,0.13933229446411133,0.34246453642845154,-0.28855758905410767,0.6382258534431458
val,lj_noisy,68,50,-1.5173135995864868,3.0841994285583496,0.38114815950393677,1.498181700706482,-0.45732593536376953,1.8494203090667725
val,lj_noisy,68,100,-3.1836347579956055,7.128113746643066,1.1648427248001099,3.2651495933532715,-0.9847285151481628,3.967125415802002
val,lj_noisy,69,0,0.3681582510471344,-1.559003233909607,0.48841986060142517,-0.15760287642478943,-0.5047742128372192,0.24784806370735168
val,lj_noisy,69,10,0.1362500786781311,-0.9804232120513916,0.5132087469100952,0.06525439769029617,-0.5226176381111145,0.4544883668422699
val,lj_noisy,69,50,-0.897287905216217,1.5716854333877563,0.6899136304855347,1.0669819116592407,-0.6471483707427979,1.4781759977340698
val,lj_noisy,69,100,-2.422947883605957,5.287932395935059,1.2359917163848877,2.6238455772399902,-1.0192480087280273,3.2947897911071777
val,lj_noisy,70,0,-0.2516774833202362,-0.0327829048037529,0.0916583463549614,0.2427031397819519,-0.25892525911331177,0.5576072931289673
val,lj_noisy,70,10,-0.4980289936065674,0.5780964493751526,0.20984038710594177,0.5150333046913147,-0.3373049199581146,0.8362109065055847
val,lj_noisy,70,50,-1.5252833366394043,3.1052355766296387,0.7539921998977661,1.6575802564620972,-0.701479971408844,2.092510938644409
val,lj_noisy,70,100,-2.880833387374878,6.400728225708008,1.4805935621261597,3.1453020572662354,-1.1966689825057983,3.8794946670532227
val,lj_noisy,71,0,0.03247876465320587,-0.7356892824172974,0.10993767529726028,-0.004276965279132128,-0.2655993103981018,0.30337420105934143
val,lj_noisy,71,10,-0.25839030742645264,-0.014536943286657333,0.1292961984872818,0.2682128846645355,-0.28095149993896484,0.564348578453064
val,lj_noisy,71,50,-1.4627562761306763,2.9471211433410645,0.29390448331832886,1.4118694067001343,-0.4011615812778473,1.7608778476715088
val,lj_noisy,71,100,-2.9699807167053223,6.607900142669678,0.899774968624115,2.9665112495422363,-0.8114541172981262,3.6223340034484863
val,lj_noisy,72,0,-0.3428521752357483,0.1878066062927246,-0.018406763672828674,0.28209933638572693,-0.18951080739498138,0.5725081562995911
val,lj_noisy,72,10,-0.6287727355957031,0.8938130140304565,0.04679649695754051,0.5681355595588684,-0.2345573604106903,0.8557379841804504
val,lj_noisy,72,50,-1.8841350078582764,3.9678165912628174,0.36199137568473816,1.8129925727844238,-0.45267537236213684,2.1935176849365234
val,lj_noisy,72,100,-3.536083698272705,7.961501121520996,1.3284779787063599,3.619220495223999,-1.0948394536972046,4.458724498748779
val,lj_noisy,73,0,0.11331197619438171,-0.9195742011070251,0.3905966877937317,0.03717820346355438,-0.4449905753135681,0.4027090072631836
val,lj_noisy,73,10,-0.21169805526733398,-0.11516015976667404,0.3704047203063965,0.32534655928611755,-0.4350440800189972,0.665925145149231
val,lj_noisy,73,50,-1.6239606142044067,3.347744941711426,0.3515838086605072,1.5785218477249146,-0.4379093050956726,1.928486704826355
val,lj_noisy,73,100,-3.391127586364746,7.620959758758545,1.0516902208328247,3.3805460929870605,-0.9090913534164429,4.111358642578125
val,lj_noisy,74,0,-0.07654887437820435,-0.4715419411659241,0.36229124665260315,0.19033846259117126,-0.4331660568714142,0.5931297540664673
val,lj_noisy,74,10,-0.33825069665908813,0.17751426994800568,0.46609723567962646,0.4696926474571228,-0.5019208788871765,0.878764271736145
val,lj_noisy,74,50,-1.4462404251098633,2.9049155712127686,1.0936720371246338,1.712615728378296,-0.9159860014915466,2.2598307132720947
val,lj_noisy,74,100,-3.0056264400482178,6.6977643966674805,2.252183198928833,3.5404677391052246,-1.6793133020401,4.488894462585449
val,lj_noisy,75,0,0.1562695950269699,-1.0315155982971191,0.4614800214767456,0.023404113948345184,-0.491132527589798,0.4254525899887085
val,lj_noisy,75,10,-0.10885223746299744,-0.3727533221244812,0.5341868996620178,0.29480111598968506,-0.540448784828186,0.6939389705657959
val,lj_noisy,75,50,-1.261954426765442,2.4627819061279297,1.0431641340255737,1.5287046432495117,-0.8824425935745239,2.0673584938049316
val,lj_noisy,75,100,-3.133213520050049,6.96560525894165,2.4381155967712402,3.685121774673462,-1.8082057237625122,4.874675750732422
val,lj_noisy,76,0,-0.6624832153320312,0.9527808427810669,-0.3502310514450073,0.43252646923065186,0.017372852191329002,0.6685540676116943
val,lj_noisy,76,10,-0.9394922256469727,1.6355167627334595,-0.24620205163955688,0.7245899438858032,-0.05262641981244087,0.9722435474395752
val,lj_noisy,76,50,-2.017815351486206,4.260674476623535,0.14258712530136108,1.8239729404449463,-0.3129553198814392,2.2336649894714355
val,lj_noisy,76,100,-3.228259325027466,7.114162445068359,0.8325697183609009,3.06093168258667,-0.7574635744094849,4.023366928100586
val,lj_noisy,77,0,0.06275244057178497,-0.8102083802223206,0.22153449058532715,0.0118941655382514,-0.337695837020874,0.35297009348869324
val,lj_noisy,77,10,-0.24320915341377258,-0.05119243264198303,0.24345830082893372,0.2995917797088623,-0.3546518087387085,0.6254399418830872
val,lj_noisy,77,50,-1.6167938709259033,3.3221051692962646,0.37884268164634705,1.5821373462677002,-0.4564591944217682,1.9434977769851685
val,lj_noisy,77,100,-3.595089912414551,8.111424446105957,0.9613651037216187,3.528468132019043,-0.8554550409317017,4.240527629852295
val,lj_noisy,78,0,-0.058321259915828705,-0.4995572566986084,0.35277649760246277,0.17500215768814087,-0.42396628856658936,0.5428022742271423
val,lj_noisy,78,10,-0.3278660774230957,0.1671171635389328,0.35723352432250977,0.42293521761894226,-0.4298011064529419,0.7741338014602661
val,lj_noisy,78,50,-1.4987722635269165,3.03316593170166,0.36916428804397583,1.4703848361968994,-0.451811820268631,1.8502724170684814
val,lj_noisy,78,100,-3.0266783237457275,6.717237949371338,1.146207571029663,3.0795094966888428,-0.9671264290809631,3.8801252841949463
val,lj_noisy,79,0,-0.34177669882774353,0.16891562938690186,-0.3226720094680786,0.15954920649528503,0.0060892547480762005,0.37189316749572754
val,lj_noisy,79,10,-0.6134865283966064,0.8418020009994507,-0.25968605279922485,0.4310876429080963,-0.03670370578765869,0.6432659029960632
val,lj_noisy,79,50,-1.7829921245574951,3.710482597351074,0.16714882850646973,1.6403595209121704,-0.3226235806941986,1.9812333583831787
val,lj_noisy,79,100,-3.416107416152954,7.653774261474609,1.2251615524291992,3.4654808044433594,-1.0236011743545532,4.293475151062012
