split,source,sim_idx,frame,z0,z1,z2,z3,z4,z5,z6,z7
train,reid,0,0,0.5990649461746216,-0.8504462838172913,-1.183726191520691,1.40851891040802,0.9195608496665955,1.7203459739685059,1.3539113998413086,0.7722377777099609
train,reid,0,10,0.6930791139602661,-1.2258671522140503,-1.3488153219223022,1.7098407745361328,0.9036520719528198,1.897042989730835,1.7854902744293213,1.195604920387268
train,reid,0,20,0.8124786019325256,-1.6263867616653442,-1.5599720478057861,2.0538337230682373,0.9139955043792725,2.1301307678222656,2.2584900856018066,1.648894190788269
train,reid,0,30,0.9422922134399414,-2.0477845668792725,-1.7822935581207275,2.416693687438965,0.9268814921379089,2.3798248767852783,2.7560524940490723,2.1238889694213867
train,reid,0,40,1.0827580690383911,-2.489210605621338,-2.0155954360961914,2.7979371547698975,0.9426583051681519,2.6463303565979004,3.2772607803344727,2.619474172592163
train,reid,0,50,1.2347941398620605,-2.9511382579803467,-2.260955333709717,3.198578119277954,0.9621680974960327,2.931325674057007,3.8229825496673584,3.1360764503479004
train,reid,0,60,1.399074673652649,-3.4339072704315186,-2.518960952758789,3.6192543506622314,0.985944390296936,3.235903739929199,4.393783092498779,3.673933982849121
train,reid,0,70,1.576596975326538,-3.9379019737243652,-2.790872812271118,4.061054706573486,1.0150245428085327,3.5619688034057617,4.9905266761779785,4.233394145965576
train,reid,0,80,1.7686522006988525,-4.463823318481445,-3.0783400535583496,4.5254998207092285,1.0506845712661743,3.911975860595703,5.6145429611206055,4.815135478973389
train,reid,0,90,1.9767425060272217,-5.011849403381348,-3.3835768699645996,5.014184951782227,1.0948117971420288,4.289050579071045,6.2668561935424805,5.419330596923828
train,reid,0,100,2.2020270824432373,-5.5822978019714355,-3.70798921585083,5.52827787399292,1.1486635208129883,4.695382595062256,6.948337078094482,6.046216011047363
train,reid,1,0,0.6289682388305664,-0.6472067832946777,-1.2981916666030884,1.3669965267181396,1.0674102306365967,1.8490089178085327,1.1892616748809814,0.5667209625244141
train,reid,1,10,0.7478254437446594,-1.0395313501358032,-1.5088011026382446,1.7062773704528809,1.0814698934555054,2.0817923545837402,1.6550170183181763,1.011759638786316
train,reid,1,20,0.8882206678390503,-1.4599883556365967,-1.7561568021774292,2.0839085578918457,1.1137734651565552,2.359968662261963,2.1617720127105713,1.4891115427017212
train,reid,1,30,1.0361407995224,-1.9106743335723877,-2.007063388824463,2.4805195331573486,1.139365315437317,2.6453418731689453,2.699439525604248,1.9976089000701904
train,reid,1,40,1.1910548210144043,-2.3904776573181152,-2.25968599319458,2.8944544792175293,1.1574159860610962,2.9361631870269775,3.2661986351013184,2.5357110500335693
train,reid,1,50,1.3529272079467773,-2.8969504833221436,-2.5138111114501953,3.3243231773376465,1.1687184572219849,3.2324817180633545,3.859508991241455,3.1006557941436768
train,reid,1,60,1.5215768814086914,-3.4267330169677734,-2.7692599296569824,3.7682571411132812,1.1743898391723633,3.5343148708343506,4.475958824157715,3.6887388229370117
train,reid,1,70,1.6966612339019775,-3.976024627685547,-3.0258212089538574,4.224106311798096,1.1756372451782227,3.841538906097412,5.111696243286133,4.295835494995117
train,reid,1,80,1.8777235746383667,-4.540615081787109,-3.2832908630371094,4.689496040344238,1.1737890243530273,4.153960704803467,5.762484550476074,4.91741943359375
train,reid,1,90,2.064072847366333,-5.1163201332092285,-3.541114568710327,5.161828994750977,1.169880747795105,4.470895290374756,6.4239888191223145,5.5489959716796875
train,reid,1,100,2.2553436756134033,-5.699029445648193,-3.799557685852051,5.639054298400879,1.1655118465423584,4.792573928833008,7.092259883880615,6.186242580413818
train,reid,2,0,0.5764614343643188,-0.7395637035369873,-1.1482676267623901,1.3675979375839233,1.0090676546096802,1.6986608505249023,1.2865900993347168,0.6243688464164734
train,reid,2,10,0.5672706365585327,-1.0848640203475952,-1.0795146226882935,1.5081464052200317,0.8338608741760254,1.6060270071029663,1.6036962270736694,0.992051899433136
train,reid,2,20,0.5597394704818726,-1.4418249130249023,-1.006446361541748,1.6527284383773804,0.6522941589355469,1.5108104944229126,1.930479884147644,1.3705873489379883
train,reid,2,30,0.5547189116477966,-1.8115838766098022,-0.9310135841369629,1.8031336069107056,0.46531736850738525,1.4151568412780762,2.2687575817108154,1.7614352703094482
train,reid,2,40,0.5523801445960999,-2.193472385406494,-0.8538013696670532,1.9593628644943237,0.27357882261276245,1.3197262287139893,2.618081569671631,2.1639487743377686
train,reid,2,50,0.5528081059455872,-2.586897850036621,-0.7751937508583069,2.1213326454162598,0.07754717767238617,1.224940538406372,2.9780004024505615,2.577542304992676
train,reid,2,60,0.5556572079658508,-2.9907915592193604,-0.694693386554718,2.288158893585205,-0.1227828860282898,1.1302006244659424,3.3472774028778076,3.0010387897491455
train,reid,2,70,0.5611628293991089,-3.4044556617736816,-0.6131067872047424,2.459961414337158,-0.32660186290740967,1.0363941192626953,3.7255170345306396,3.43379282951355
train,reid,2,80,0.5692670941352844,-3.826711654663086,-0.5306915044784546,2.636258602142334,-0.5333356261253357,0.9437657594680786,4.111652851104736,3.8745996952056885
train,reid,2,90,0.579969048500061,-4.256551265716553,-0.4478200376033783,2.8167309761047363,-0.7423878908157349,0.8526834845542908,4.504828453063965,4.322448253631592
train,reid,2,100,0.5927711129188538,-4.69293737411499,-0.363640695810318,3.0002925395965576,-0.9540263414382935,0.7621391415596008,4.903714656829834,4.7761616706848145
train,reid,3,0,0.4889952540397644,-0.5268445611000061,-0.9991806149482727,1.1625239849090576,0.9737926125526428,1.5231561660766602,1.0218240022659302,0.38112980127334595
train,reid,3,10,0.47435668110847473,-0.8900237083435059,-0.9134727716445923,1.3020552396774292,0.7798455357551575,1.4113155603408813,1.3503987789154053,0.7665980458259583
train,reid,3,20,0.46083152294158936,-1.2658730745315552,-0.8221102356910706,1.4453163146972656,0.5781481266021729,1.2952958345413208,1.6891405582427979,1.1639125347137451
train,reid,3,30,0.44948816299438477,-1.6566957235336304,-0.7271871566772461,1.5948147773742676,0.36940568685531616,1.1774497032165527,2.0410945415496826,1.5757797956466675
train,reid,3,40,0.44073402881622314,-2.061995506286621,-0.629728376865387,1.7509199380874634,0.15453830361366272,1.0589736700057983,2.4061408042907715,2.0017662048339844
train,reid,3,50,0.4344615340232849,-2.481416702270508,-0.5295425057411194,1.9133249521255493,-0.06646932661533356,0.9396570920944214,2.783853769302368,2.4414682388305664
train,reid,3,60,0.4308488965034485,-2.914090394973755,-0.4272320568561554,2.0819387435913086,-0.29287779331207275,0.8201992511749268,3.1735918521881104,2.8940186500549316
train,reid,3,70,0.42991429567337036,-3.3591346740722656,-0.3230597972869873,2.256448268890381,-0.5241938233375549,0.700894832611084,3.574578285217285,3.358506917953491
train,reid,3,80,0.4315890371799469,-3.815758228302002,-0.21709096431732178,2.4364686012268066,-0.7601051330566406,0.5818005800247192,3.9860544204711914,3.834104537963867
train,reid,3,90,0.4360369145870209,-4.282825469970703,-0.11002910882234573,2.621821403503418,-0.9997150897979736,0.46369969844818115,4.407159805297852,4.319684982299805
train,reid,3,100,0.4433203339576721,-4.759311199188232,-0.0023831322323530912,2.8122613430023193,-1.2423170804977417,0.3471223711967468,4.837066650390625,4.814232349395752
train,reid,4,0,0.5530825257301331,-0.8660257458686829,-1.0760058164596558,1.3582669496536255,0.8501468896865845,1.5983248949050903,1.3411047458648682,0.7735962271690369
train,reid,4,10,0.6189802289009094,-1.2383675575256348,-1.1720592975616455,1.6155446767807007,0.7864587903022766,1.6969702243804932,1.7449488639831543,1.1860666275024414
train,reid,4,20,0.6916278004646301,-1.625219464302063,-1.276055097579956,1.8858718872070312,0.7241862416267395,1.8066905736923218,2.1657869815826416,1.6138687133789062
train,reid,4,30,0.7663872241973877,-2.0235514640808105,-1.378034234046936,2.161449432373047,0.6570630669593811,1.915955662727356,2.5969791412353516,2.0528008937835693
train,reid,4,40,0.8430455923080444,-2.4320154190063477,-1.4778234958648682,2.441446542739868,0.5854194760322571,2.0245609283447266,3.037125825881958,2.501410484313965
train,reid,4,50,0.9214072227478027,-2.849893569946289,-1.5751659870147705,2.725315809249878,0.5093058943748474,2.132195234298706,3.485422134399414,2.9589126110076904
train,reid,4,60,1.0013360977172852,-3.2764623165130615,-1.6699681282043457,3.0126073360443115,0.42889511585235596,2.2387263774871826,3.9411187171936035,3.4245352745056152
train,reid,4,70,1.0828982591629028,-3.7107558250427246,-1.7626261711120605,3.303049087524414,0.3448057174682617,2.344602584838867,4.403409004211426,3.8972976207733154
train,reid,4,80,1.1657640933990479,-4.151988983154297,-1.8526527881622314,3.595914363861084,0.2569402754306793,2.449221611022949,4.871341705322266,4.376330852508545
train,reid,4,90,1.2498912811279297,-4.5991997718811035,-1.940237045288086,3.8907980918884277,0.16575899720191956,2.5527737140655518,5.344038486480713,4.860642910003662
train,reid,4,100,1.3352010250091553,-5.051455974578857,-2.025546073913574,4.187294960021973,0.07168547064065933,2.6553916931152344,5.820645809173584,5.349287033081055
train,reid,5,0,0.5889057517051697,-0.9747833609580994,-1.1427820920944214,1.444685697555542,0.8384087085723877,1.6649055480957031,1.457132339477539,0.9040147066116333
train,reid,5,10,0.7094917297363281,-1.3646868467330933,-1.3633559942245483,1.7882275581359863,0.8580139875411987,1.9071863889694214,1.9229309558868408,1.348382592201233
train,reid,5,20,0.8520363569259644,-1.7713890075683594,-1.6236649751663208,2.166111469268799,0.9019458293914795,2.198622465133667,2.4194445610046387,1.8129862546920776
train,reid,5,30,1.000192642211914,-2.1928560733795166,-1.8859268426895142,2.55387282371521,0.9435075521469116,2.495786190032959,2.9309890270233154,2.2918312549591064
train,reid,5,40,1.1534546613693237,-2.6314151287078857,-2.148359775543213,2.9516444206237793,0.9805959463119507,2.79665470123291,3.4592103958129883,2.787226676940918
train,reid,5,50,1.3111538887023926,-3.089132785797119,-2.408761978149414,3.3591697216033936,1.0108989477157593,3.098759889602661,4.00533390045166,3.3011369705200195
train,reid,5,60,1.4722837209701538,-3.5672197341918945,-2.6644084453582764,3.7754013538360596,1.0319973230361938,3.3989927768707275,4.569533348083496,3.8345675468444824
train,reid,5,70,1.6356675624847412,-4.066444396972656,-2.9123425483703613,4.19890832901001,1.0414369106292725,3.6939427852630615,5.151460647583008,4.388036251068115
train,reid,5,80,1.8002880811691284,-4.587182521820068,-3.1499710083007812,4.628278732299805,1.0371829271316528,3.9806628227233887,5.750507831573486,4.961664199829102
train,reid,5,90,1.9648082256317139,-5.128873348236084,-3.374340534210205,5.061363697052002,1.0172319412231445,4.255710124969482,6.365015029907227,5.554567813873291
train,reid,5,100,2.1277546882629395,-5.690598011016846,-3.582324981689453,5.495701313018799,0.9795588254928589,4.515414714813232,6.9929046630859375,6.165482044219971
train,reid,6,0,0.597887396812439,-0.9169427156448364,-1.17091965675354,1.4346612691879272,0.8849700689315796,1.7019734382629395,1.4139275550842285,0.8427762985229492
train,reid,6,10,0.6941854953765869,-1.2996824979782104,-1.3344346284866333,1.739335060119629,0.8668296337127686,1.8789825439453125,1.8524682521820068,1.2729525566101074
train,reid,6,20,0.8035368323326111,-1.7037070989608765,-1.5173723697662354,2.0679378509521484,0.856548547744751,2.0809926986694336,2.3189163208007812,1.7264853715896606
train,reid,6,30,0.9183448553085327,-2.1262567043304443,-1.7023472785949707,2.4082555770874023,0.842365026473999,2.2881293296813965,2.804140090942383,2.198598623275757
train,reid,6,40,1.0386196374893188,-2.5685219764709473,-1.888434886932373,2.760411262512207,0.8232884407043457,2.4996328353881836,3.308948516845703,2.690335273742676
train,reid,6,50,1.1640582084655762,-3.0305910110473633,-2.0744221210479736,3.1237425804138184,0.7984731197357178,2.714323043823242,3.832960605621338,3.201573133468628
train,reid,6,60,1.2946703433990479,-3.51179838180542,-2.259960174560547,3.4977173805236816,0.7679730653762817,2.932027816772461,4.375366687774658,3.7314658164978027
train,reid,6,70,1.430253505706787,-4.011101722717285,-2.44437837600708,3.8813977241516113,0.7317292094230652,3.152165412902832,4.934873104095459,4.278753280639648
train,reid,6,80,1.5704193115234375,-4.526294231414795,-2.6270248889923096,4.273216247558594,0.6900696754455566,3.3740973472595215,5.509047508239746,4.840970516204834
train,reid,6,90,1.714949369430542,-5.055305480957031,-2.8076138496398926,4.671907424926758,0.643546462059021,3.5976052284240723,6.095734119415283,5.415839672088623
train,reid,6,100,1.86336350440979,-5.594890117645264,-2.98569655418396,5.075462341308594,0.5929819345474243,3.8222076892852783,6.69156551361084,5.999839782714844
train,reid,7,0,0.6371635794639587,-0.8072227239608765,-1.2791073322296143,1.4424514770507812,1.0013556480407715,1.83036208152771,1.343396782875061,0.7360634803771973
train,reid,7,10,0.7176909446716309,-1.1706901788711548,-1.4159212112426758,1.7199289798736572,0.9691559076309204,1.9742238521575928,1.7529966831207275,1.1437309980392456
train,reid,7,20,0.8099660873413086,-1.5440617799758911,-1.5721697807312012,2.0152416229248047,0.9486108422279358,2.1429548263549805,2.179227828979492,1.562728762626648
train,reid,7,30,0.9076366424560547,-1.9290494918823242,-1.733229637145996,2.320193290710449,0.928329348564148,2.3194544315338135,2.618440866470337,1.9935302734375
train,reid,7,40,1.009904146194458,-2.3246266841888428,-1.897412657737732,2.633202314376831,0.9074550867080688,2.5018062591552734,3.069005250930786,2.434847593307495
train,reid,7,50,1.1164302825927734,-2.729484796524048,-2.0642149448394775,2.9532647132873535,0.8860881328582764,2.6894376277923584,3.5294508934020996,2.885220527648926
train,reid,7,60,1.2268697023391724,-3.142409086227417,-2.233097553253174,3.2794086933135986,0.8642691373825073,2.8817358016967773,3.9983913898468018,3.3432915210723877
train,reid,7,70,1.341042399406433,-3.562131404876709,-2.4039182662963867,3.610875368118286,0.8423502445220947,3.0785491466522217,4.47452974319458,3.807682991027832
train,reid,7,80,1.4587711095809937,-3.987520933151245,-2.5765953063964844,3.947007417678833,0.8206650018692017,3.2797532081604004,4.956728935241699,4.277185916900635
train,reid,7,90,1.58013117313385,-4.417387962341309,-2.751570463180542,4.287452220916748,0.7999653816223145,3.485866069793701,5.4439921379089355,4.750574111938477
train,reid,7,100,1.705007553100586,-4.850690841674805,-2.928903341293335,4.631688117980957,0.7806572914123535,3.696920156478882,5.9353227615356445,5.226749897003174
train,reid,8,0,0.4927669167518616,-0.5296499133110046,-1.0098780393600464,1.1531111001968384,0.9470378756523132,1.5278257131576538,1.0042877197265625,0.3965078592300415
train,reid,8,10,0.4865989089012146,-0.926983118057251,-0.9364586472511292,1.3185213804244995,0.750232458114624,1.4297150373458862,1.3711540699005127,0.8197410702705383
train,reid,8,20,0.48120933771133423,-1.3420319557189941,-0.8559584021568298,1.489414095878601,0.5428113341331482,1.3255517482757568,1.7526839971542358,1.2601594924926758
train,reid,8,30,0.4777330160140991,-1.7735029458999634,-0.7710041999816895,1.6667546033859253,0.3272029757499695,1.2184977531433105,2.148550510406494,1.7165911197662354
train,reid,8,40,0.47619399428367615,-2.2201249599456787,-0.6817710399627686,1.8499900102615356,0.1040051132440567,1.1088318824768066,2.5575520992279053,2.187659502029419
train,reid,8,50,0.4766731858253479,-2.680680990219116,-0.5886306166648865,2.0387113094329834,-0.12607356905937195,0.9970247745513916,2.9786181449890137,2.672084093093872
train,reid,8,60,0.47916194796562195,-3.15399169921875,-0.49180519580841064,2.232429027557373,-0.3624582886695862,0.883345365524292,3.4106593132019043,3.1686229705810547
train,reid,8,70,0.4837450683116913,-3.6390163898468018,-0.3917462229728699,2.4308671951293945,-0.6044615507125854,0.7683075070381165,3.852813720703125,3.676213264465332
train,reid,8,80,0.49045446515083313,-4.134524345397949,-0.2888283431529999,2.6335980892181396,-0.8513813614845276,0.6523362994194031,4.304003715515137,4.193583011627197
train,reid,8,90,0.4993324875831604,-4.639325141906738,-0.1835164576768875,2.840268850326538,-1.102480173110962,0.5359270572662354,4.76322603225708,4.719529151916504
train,reid,8,100,0.5105116367340088,-5.1523637771606445,-0.0764210894703865,3.050689458847046,-1.3569506406784058,0.41975921392440796,5.2296671867370605,5.253000259399414
train,reid,9,0,0.6172863245010376,-0.8102220296859741,-1.2303439378738403,1.4462964534759521,1.0271482467651367,1.7870664596557617,1.3740224838256836,0.7136636972427368
train,reid,9,10,0.6234331130981445,-1.1593782901763916,-1.195784091949463,1.6100013256072998,0.8752804398536682,1.7341735363006592,1.707169532775879,1.0889549255371094
train,reid,9,20,0.6320756673812866,-1.5241516828536987,-1.1588413715362549,1.7809556722640991,0.7169228792190552,1.6805362701416016,2.0546317100524902,1.4797136783599854
train,reid,9,30,0.6440021991729736,-1.9029734134674072,-1.1213799715042114,1.9595062732696533,0.5540158748626709,1.6284592151641846,2.415508985519409,1.8844003677368164
train,reid,9,40,0.6590819954872131,-2.294285297393799,-1.083428978919983,2.1448395252227783,0.38711950182914734,1.5779889822006226,2.788267135620117,2.301356077194214
train,reid,9,50,0.6771113872528076,-2.696824312210083,-1.0448373556137085,2.3361856937408447,0.21655182540416718,1.528937816619873,3.1716010570526123,2.729221820831299
train,reid,9,60,0.6979334354400635,-3.1093692779541016,-1.0056586265563965,2.5329110622406006,0.04274822771549225,1.481306552886963,3.564324140548706,3.166728973388672
train,reid,9,70,0.7216981649398804,-3.5309529304504395,-0.9665621519088745,2.7349050045013428,-0.1334826648235321,1.435823678970337,3.965728521347046,3.6129331588745117
train,reid,9,80,0.7480948567390442,-3.960052013397217,-0.9273449182510376,2.9412128925323486,-0.31178760528564453,1.392180323600769,4.37424373626709,4.066223621368408
train,reid,9,90,0.7771228551864624,-4.395477771759033,-0.8884998559951782,3.151487350463867,-0.4914323687553406,1.3508473634719849,4.788880825042725,4.525424957275391
train,reid,9,100,0.8085107803344727,-4.836304664611816,-0.8497627377510071,3.365055799484253,-0.6723079085350037,1.3114535808563232,5.208640098571777,4.989555358886719
train,reid,10,0,0.5833076238632202,-0.9813690185546875,-1.1180708408355713,1.477669596672058,0.9034513831138611,1.6589782238006592,1.51607084274292,0.8803802728652954
train,reid,10,10,0.5713123083114624,-1.348517656326294,-1.0358014106750488,1.6215813159942627,0.7107013463973999,1.5518821477890015,1.8495419025421143,1.2699003219604492
train,reid,10,20,0.5611274242401123,-1.7317928075790405,-0.948433518409729,1.7714322805404663,0.5094886422157288,1.441349983215332,2.196815013885498,1.674942970275879
train,reid,10,30,0.5529539585113525,-2.131281852722168,-0.8563138246536255,1.927496075630188,0.3000401556491852,1.327825903892517,2.5580854415893555,2.095616102218628
train,reid,10,40,0.5468695163726807,-2.546097993850708,-0.7598081827163696,2.0895254611968994,0.08292320370674133,1.2117339372634888,2.9326012134552,2.53100323677063
train,reid,10,50,0.5428615212440491,-2.975313901901245,-0.6590315699577332,2.25710391998291,-0.14144542813301086,1.093235731124878,3.3194854259490967,2.9801084995269775
train,reid,10,60,0.5409888625144958,-3.4177865982055664,-0.5543904900550842,2.429870128631592,-0.3723788261413574,0.9727923274040222,3.7177512645721436,3.441751480102539
train,reid,10,70,0.5413035750389099,-3.8723831176757812,-0.4462870955467224,2.6074671745300293,-0.609194278717041,0.8508548736572266,4.126427173614502,3.914768695831299
train,reid,10,80,0.5437312722206116,-4.337560653686523,-0.3350386917591095,2.7892541885375977,-0.8511507511138916,0.7277284860610962,4.54410457611084,4.397566795349121
train,reid,10,90,0.5485357642173767,-4.812089443206787,-0.2216215431690216,2.975172758102417,-1.0971206426620483,0.6045002937316895,4.969931125640869,4.888952255249023
train,reid,10,100,0.5556172132492065,-5.294410705566406,-0.10634312778711319,3.1645612716674805,-1.3463695049285889,0.4814438223838806,5.402482509613037,5.387327194213867
train,reid,11,0,0.4553282558917999,-0.4523429870605469,-0.9372450113296509,1.0408989191055298,0.8684146404266357,1.4383350610733032,0.8630670309066772,0.3246748447418213
train,reid,11,10,0.5671177506446838,-0.8394407033920288,-1.138737678527832,1.3712282180786133,0.8767842054367065,1.6573548316955566,1.3205647468566895,0.7640420198440552
train,reid,11,20,0.6961120963096619,-1.2440680265426636,-1.3708151578903198,1.730265498161316,0.9021594524383545,1.913923740386963,1.8062368631362915,1.2240593433380127
train,reid,11,30,0.8304781317710876,-1.6698637008666992,-1.6048144102096558,2.1022894382476807,0.9225009679794312,2.175194263458252,2.313265562057495,1.7056481838226318
train,reid,11,40,0.9701389074325562,-2.1175179481506348,-1.8397783041000366,2.487123966217041,0.9369760751724243,2.4403388500213623,2.84196400642395,2.2093379497528076
train,reid,11,50,1.1151456832885742,-2.587141752243042,-2.0752623081207275,2.884593963623047,0.9453128576278687,2.7090814113616943,3.3922624588012695,2.7351043224334717
train,reid,11,60,1.2655880451202393,-3.079014778137207,-2.310884714126587,3.2946536540985107,0.9472245573997498,2.9812123775482178,3.9642789363861084,3.283106803894043
train,reid,11,70,1.421553134918213,-3.5932228565216064,-2.546311378479004,3.71718430519104,0.9425294995307922,3.2565739154815674,4.557962417602539,3.853302001953125
train,reid,11,80,1.5832810401916504,-4.129065990447998,-2.7817955017089844,4.152008533477783,0.9317339658737183,3.5356621742248535,5.172698974609375,4.444880485534668
train,reid,11,90,1.7506096363067627,-4.685731410980225,-3.0167794227600098,4.598379611968994,0.9147800207138062,3.817997932434082,5.807467460632324,5.0568461418151855
train,reid,11,100,1.9236725568771362,-5.2616448402404785,-3.2515554428100586,5.055673599243164,0.8924986720085144,4.104087829589844,6.460814952850342,5.687471389770508
train,reid,12,0,0.6027084589004517,-0.7801104187965393,-1.1977405548095703,1.4196468591690063,1.031099796295166,1.7569326162338257,1.3445425033569336,0.6728417277336121
train,reid,12,10,0.5797009468078613,-1.1240160465240479,-1.097415566444397,1.5398954153060913,0.8332720994949341,1.6279078722000122,1.6487622261047363,1.0358742475509644
train,reid,12,20,0.5570564866065979,-1.4837108850479126,-0.987765908241272,1.6633541584014893,0.6241530776023865,1.4910352230072021,1.964882731437683,1.4135113954544067
train,reid,12,30,0.5375251173973083,-1.8605618476867676,-0.8750654458999634,1.7946408987045288,0.4078127145767212,1.3534356355667114,2.2965333461761475,1.807844638824463
train,reid,12,40,0.5211323499679565,-2.2533156871795654,-0.7595856189727783,1.9332594871520996,0.18489190936088562,1.2154524326324463,2.6425671577453613,2.217542886734009
train,reid,12,50,0.5081676244735718,-2.660999298095703,-0.6421812772750854,2.079225778579712,-0.04364338144659996,1.078086495399475,3.002328634262085,2.641639471054077
train,reid,12,60,0.4987500011920929,-3.0820364952087402,-0.5235099196434021,2.232102632522583,-0.2767714858055115,0.942085862159729,3.374499797821045,3.0785202980041504
train,reid,12,70,0.4932639002799988,-3.5152792930603027,-0.4048631489276886,2.392066717147827,-0.5131747722625732,0.8088762164115906,3.7584187984466553,3.5271122455596924
train,reid,12,80,0.4915010333061218,-3.958604097366333,-0.2863304615020752,2.5580310821533203,-0.7520607709884644,0.6785235404968262,4.1520280838012695,3.9851737022399902
train,reid,12,90,0.4937970042228699,-4.4107441902160645,-0.16921551525592804,2.730109453201294,-0.9920763373374939,0.5524246692657471,4.554558277130127,4.45152473449707
train,reid,12,100,0.5001850724220276,-4.869729995727539,-0.054308146238327026,2.907716989517212,-1.2320003509521484,0.4313751757144928,4.964364528656006,4.924194812774658
train,reid,13,0,0.6245889067649841,-0.9411823153495789,-1.223504900932312,1.4719595909118652,0.8994622826576233,1.7624605894088745,1.445600152015686,0.879507303237915
train,reid,13,10,0.6986476182937622,-1.3115482330322266,-1.3438166379928589,1.7428098917007446,0.852581262588501,1.8872308731079102,1.8558024168014526,1.2928802967071533
train,reid,13,20,0.7841296195983887,-1.703619122505188,-1.4788784980773926,2.035033941268921,0.8101123571395874,2.032104730606079,2.2926266193389893,1.729440689086914
train,reid,13,30,0.8763886094093323,-2.1229543685913086,-1.6158630847930908,2.3437204360961914,0.7608963251113892,2.182588577270508,2.7568559646606445,2.1936676502227783
train,reid,13,40,0.9759092330932617,-2.573596477508545,-1.753708839416504,2.670464277267456,0.7029450535774231,2.3379907608032227,3.25203275680542,2.689521551132202
train,reid,13,50,1.0831587314605713,-3.0579099655151367,-1.8915045261383057,3.0160703659057617,0.6349944472312927,2.4978795051574707,3.780089855194092,3.219156265258789
train,reid,13,60,1.1984424591064453,-3.576786756515503,-2.0284054279327393,3.380582809448242,0.5563127994537354,2.661850690841675,4.341526985168457,3.7831876277923584
train,reid,13,70,1.3218169212341309,-4.130070209503174,-2.163351058959961,3.7633416652679443,0.4663529098033905,2.829202651977539,4.935732364654541,4.381117343902588
train,reid,13,80,1.4531710147857666,-4.715987682342529,-2.295417547225952,4.162888526916504,0.36520522832870483,2.9993178844451904,5.560558319091797,5.010775566101074
train,reid,13,90,1.5925480127334595,-5.331770896911621,-2.424527168273926,4.577736854553223,0.2538745701313019,3.172445297241211,6.213183403015137,5.669064998626709
train,reid,13,100,1.7392455339431763,-5.972627639770508,-2.5497519969940186,5.004758358001709,0.1333836168050766,3.3476686477661133,6.8884992599487305,6.350727081298828
train,reid,14,0,0.6141114234924316,-0.898211658000946,-1.2107527256011963,1.4517329931259155,0.9258300065994263,1.749732494354248,1.4135351181030273,0.8249341249465942
train,reid,14,10,0.6887880563735962,-1.2784607410430908,-1.3254142999649048,1.7244794368743896,0.8718903660774231,1.870044469833374,1.8312644958496094,1.248178482055664
train,reid,14,20,0.7720727324485779,-1.6633750200271606,-1.4528740644454956,2.0081984996795654,0.82658851146698,2.0078554153442383,2.2579636573791504,1.6764001846313477
train,reid,14,30,0.8562229871749878,-2.0476627349853516,-1.5765583515167236,2.2897908687591553,0.7798230051994324,2.1439642906188965,2.682499885559082,2.102281093597412
train,reid,14,40,0.9409373998641968,-2.428959369659424,-1.69663667678833,2.568068504333496,0.7325007319450378,2.278411626815796,3.1026198863983154,2.5233819484710693
train,reid,14,50,1.0264275074005127,-2.8060684204101562,-1.8142650127410889,2.843075752258301,0.6858172416687012,2.4123551845550537,3.517577886581421,2.9386212825775146
train,reid,14,60,1.1127758026123047,-3.17857027053833,-1.9301817417144775,3.115007162094116,0.6403732895851135,2.546443462371826,3.9272379875183105,3.347721576690674
train,reid,14,70,1.2002148628234863,-3.546445369720459,-2.0453484058380127,3.3844146728515625,0.5968039035797119,2.6815998554229736,4.331941604614258,3.7508463859558105
train,reid,14,80,1.2887215614318848,-3.909485340118408,-2.1601474285125732,3.651392936706543,0.5553902387619019,2.818094253540039,4.731632232666016,4.147889614105225
train,reid,14,90,1.378551721572876,-4.268100738525391,-2.2754578590393066,3.9166784286499023,0.5165656208992004,2.9567744731903076,5.127049922943115,4.539459705352783
train,reid,14,100,1.4695494174957275,-4.6222968101501465,-2.3912343978881836,4.180218696594238,0.48023778200149536,3.0974488258361816,5.5181884765625,4.925621509552002
train,reid,15,0,0.6438899040222168,-0.5285751819610596,-1.3485482931137085,1.3543237447738647,1.1821743249893188,1.9202697277069092,1.1159193515777588,0.43226689100265503
train,reid,15,10,0.6998956203460693,-0.8911299705505371,-1.4272069931030273,1.5950546264648438,1.1080598831176758,1.9975780248641968,1.5035377740859985,0.8335410356521606
train,reid,15,20,0.7622644901275635,-1.261854648590088,-1.514175295829773,1.8456580638885498,1.0378241539001465,2.0864758491516113,1.9020054340362549,1.243382215499878
train,reid,15,30,0.8270329833030701,-1.6494238376617432,-1.5987751483917236,2.1041688919067383,0.9606021642684937,2.1744470596313477,2.3160240650177,1.6700687408447266
train,reid,15,40,0.8941757082939148,-2.05472469329834,-1.6805408000946045,2.3707962036132812,0.875777542591095,2.261047601699829,2.746289014816284,2.1144559383392334
train,reid,15,50,0.9636247754096985,-2.477803945541382,-1.759109616279602,2.64536190032959,0.7830988168716431,2.345944404602051,3.1927034854888916,2.5765135288238525
train,reid,15,60,1.0355972051620483,-2.9181675910949707,-1.8348907232284546,2.9278757572174072,0.6830653548240662,2.429699182510376,3.654914379119873,3.055710554122925
train,reid,15,70,1.1100172996520996,-3.3753609657287598,-1.9076610803604126,3.2179715633392334,0.5756980180740356,2.512122631072998,4.13238525390625,3.551501989364624
train,reid,15,80,1.1871423721313477,-3.848313808441162,-1.9781101942062378,3.5155205726623535,0.46189504861831665,2.5940747261047363,4.624300479888916,4.062783241271973
train,reid,15,90,1.2669228315353394,-4.335994243621826,-2.0462563037872314,3.8199949264526367,0.3420478105545044,2.675621509552002,5.129649639129639,4.5884318351745605
train,reid,15,100,1.349564552307129,-4.8374552726745605,-2.112726926803589,4.131283760070801,0.21695570647716522,2.7575178146362305,5.647716522216797,5.127480506896973
train,reid,16,0,0.5956903696060181,-1.0318858623504639,-1.135628581047058,1.504873514175415,0.8785402178764343,1.6757798194885254,1.5579276084899902,0.9432982206344604
train,reid,16,10,0.6108075380325317,-1.3940964937210083,-1.1185041666030884,1.6865277290344238,0.7351375222206116,1.6430115699768066,1.9103562831878662,1.3338093757629395
train,reid,16,20,0.6278766393661499,-1.7727901935577393,-1.0975052118301392,1.874979853630066,0.5838624835014343,1.6077958345413208,2.277414083480835,1.7405450344085693
train,reid,16,30,0.6466990113258362,-2.167764663696289,-1.071885108947754,2.0696938037872314,0.42427805066108704,1.5694310665130615,2.658600330352783,2.163161277770996
train,reid,16,40,0.6672692894935608,-2.5783495903015137,-1.0416673421859741,2.2703375816345215,0.2566409409046173,1.527998924255371,3.05324649810791,2.600923538208008
train,reid,16,50,0.6894791126251221,-3.003498077392578,-1.0066794157028198,2.476259708404541,0.08121584355831146,1.4833747148513794,3.4602482318878174,3.052663564682007
train,reid,16,60,0.7134320139884949,-3.44231915473938,-0.9672974348068237,2.687225341796875,-0.1014028862118721,1.4360241889953613,3.8788607120513916,3.517458438873291
train,reid,16,70,0.7392829656600952,-3.8937950134277344,-0.9240655303001404,2.9030303955078125,-0.29045799374580383,1.3866002559661865,4.308271884918213,3.9942665100097656
train,reid,16,80,0.7670056819915771,-4.356546878814697,-0.8772706985473633,3.1231162548065186,-0.4852648377418518,1.335421085357666,4.747230052947998,4.481653213500977
train,reid,16,90,0.7967370748519897,-4.829599380493164,-0.8274943828582764,3.347318172454834,-0.6850624680519104,1.2831437587738037,5.19498348236084,4.97864294052124
train,reid,16,100,0.8281971216201782,-5.311307430267334,-0.7745441794395447,3.5746335983276367,-0.8894296884536743,1.2295128107070923,5.649843215942383,5.483479976654053
train,reid,17,0,0.6298019886016846,-0.881645679473877,-1.2500311136245728,1.4609110355377197,0.9483808279037476,1.7932618856430054,1.4027670621871948,0.8150696158409119
train,reid,17,10,0.7209653258323669,-1.2589759826660156,-1.4033632278442383,1.7563610076904297,0.9244011640548706,1.9582865238189697,1.8321526050567627,1.2386811971664429
train,reid,17,20,0.8193134665489197,-1.6337286233901978,-1.567388892173767,2.057631254196167,0.910140335559845,2.1385443210601807,2.262561559677124,1.6592036485671997
train,reid,17,30,0.9185264110565186,-2.0080575942993164,-1.7276159524917603,2.3568966388702393,0.8942735195159912,2.3170742988586426,2.690958023071289,2.0775840282440186
train,reid,17,40,1.0186347961425781,-2.3815314769744873,-1.8845258951187134,2.654207229614258,0.8772659301757812,2.4942996501922607,3.1171200275421143,2.493459463119507
train,reid,17,50,1.1198259592056274,-2.7542829513549805,-2.0387635231018066,2.950023651123047,0.8595162630081177,2.670865297317505,3.541435956954956,2.9070756435394287
train,reid,17,60,1.2222933769226074,-3.126208782196045,-2.1910037994384766,3.2446980476379395,0.8415305614471436,2.8474650382995605,3.96406626701355,3.3184261322021484
train,reid,17,70,1.3261971473693848,-3.49735164642334,-2.341801166534424,3.538586139678955,0.8236749172210693,3.0246574878692627,4.38526725769043,3.727647304534912
train,reid,17,80,1.431898593902588,-3.867650032043457,-2.4921152591705322,3.832247734069824,0.806670606136322,3.203509569168091,4.805344581604004,4.134790897369385
train,reid,17,90,1.5397026538848877,-4.237905025482178,-2.642597198486328,4.126511573791504,0.7907068729400635,3.38472318649292,5.225340366363525,4.540803909301758
train,reid,17,100,1.6498396396636963,-4.60769510269165,-2.7939865589141846,4.421604633331299,0.7764644026756287,3.5691051483154297,5.645118236541748,4.945330619812012
train,reid,18,0,0.5285269021987915,-0.747046709060669,-1.049027919769287,1.2760673761367798,0.8679172992706299,1.5639158487319946,1.2108068466186523,0.6442257761955261
train,reid,18,10,0.611620306968689,-1.1050422191619873,-1.1889609098434448,1.5526176691055298,0.8405542969703674,1.7130231857299805,1.6161556243896484,1.0461782217025757
train,reid,18,20,0.7055162191390991,-1.4632307291030884,-1.3485908508300781,1.8419294357299805,0.828312873840332,1.8871746063232422,2.0286083221435547,1.4491629600524902
train,reid,18,30,0.8037083745002747,-1.8318986892700195,-1.5107970237731934,2.1389400959014893,0.8152556419372559,2.066553831100464,2.452232837677002,1.8625092506408691
train,reid,18,40,0.9062014818191528,-2.2117152214050293,-1.6754279136657715,2.443927764892578,0.8010572791099548,2.25099778175354,2.887640953063965,2.2869081497192383
train,reid,18,50,1.0129984617233276,-2.60223650932312,-1.842620849609375,2.7567429542541504,0.7859646677970886,2.440652370452881,3.3344428539276123,2.7219011783599854
train,reid,18,60,1.124070405960083,-3.002641439437866,-2.012558698654175,3.0770585536956787,0.7703803777694702,2.6357011795043945,3.7918877601623535,3.1666388511657715
train,reid,18,70,1.2395696640014648,-3.4127144813537598,-2.1857168674468994,3.405052661895752,0.7547133564949036,2.8366615772247314,4.259939193725586,3.6209492683410645
train,reid,18,80,1.3596068620681763,-3.8321805000305176,-2.362476348876953,3.740811347961426,0.7393253445625305,3.0439469814300537,4.738460063934326,4.084588527679443
train,reid,18,90,1.484261155128479,-4.260618686676025,-2.5432608127593994,4.084362506866455,0.724642813205719,3.257982015609741,5.227194309234619,4.557176113128662
train,reid,18,100,1.6135932207107544,-4.697829246520996,-2.7282793521881104,4.435732364654541,0.7108914256095886,3.4790022373199463,5.726022720336914,5.038523197174072
train,reid,19,0,0.6386547684669495,-1.0109472274780273,-1.2466459274291992,1.5234756469726562,0.893433690071106,1.7845820188522339,1.524427056312561,0.9557836055755615
train,reid,19,10,0.7205737233161926,-1.384464979171753,-1.3826398849487305,1.8059002161026,0.8572161197662354,1.928527593612671,1.9434987306594849,1.3739608526229858
train,reid,19,20,0.8110064268112183,-1.7697572708129883,-1.5297244787216187,2.1020689010620117,0.8259789943695068,2.087928056716919,2.377993583679199,1.8044662475585938
train,reid,19,30,0.9026074409484863,-2.160477876663208,-1.6724529266357422,2.39901065826416,0.7906064987182617,2.2449018955230713,2.816004514694214,2.239023208618164
train,reid,19,40,0.9951573610305786,-2.554490566253662,-1.8110905885696411,2.6957201957702637,0.7519800066947937,2.399625062942505,3.2555222511291504,2.6754376888275146
train,reid,19,50,1.0891015529632568,-2.950580358505249,-1.9472246170043945,2.9925057888031006,0.7116345763206482,2.553804636001587,3.695937156677246,3.112628221511841
train,reid,19,60,1.1843453645706177,-3.3474268913269043,-2.081221580505371,3.288865089416504,0.6702579259872437,2.7077372074127197,4.136094570159912,3.5492775440216064
train,reid,19,70,1.280742883682251,-3.7441110610961914,-2.213230848312378,3.5843777656555176,0.6282402276992798,2.8614742755889893,4.5751566886901855,3.9844810962677
train,reid,19,80,1.3783460855484009,-4.1400628089904785,-2.343755006790161,3.8790295124053955,0.586118221282959,3.0154874324798584,5.0127644538879395,4.417734622955322
train,reid,19,90,1.4772964715957642,-4.534224987030029,-2.473559617996216,4.172708988189697,0.5448011755943298,3.1705710887908936,5.448169231414795,4.848031997680664
train,reid,19,100,1.5774226188659668,-4.926390171051025,-2.602566719055176,4.465240955352783,0.504271388053894,3.3265206813812256,5.881157398223877,5.275201320648193
train,reid,20,0,0.554553210735321,-0.6947900652885437,-1.1153161525726318,1.3238154649734497,1.0019935369491577,1.65495765209198,1.231671690940857,0.5718171000480652
train,reid,20,10,0.5384010672569275,-1.0555351972579956,-1.026045799255371,1.4598582983016968,0.806199312210083,1.539431095123291,1.556389331817627,0.9542267918586731
train,reid,20,20,0.5233052968978882,-1.4329420328140259,-0.9298436641693115,1.6010072231292725,0.6003901958465576,1.4183472394943237,1.8947508335113525,1.3525418043136597
train,reid,20,30,0.5105625987052917,-1.8272258043289185,-0.8296844959259033,1.7492176294326782,0.38664042949676514,1.2951219081878662,2.248039722442627,1.7672895193099976
train,reid,20,40,0.500119686126709,-2.2376694679260254,-0.7255300879478455,1.9040868282318115,0.16518422961235046,1.1697425842285156,2.6155288219451904,2.197680711746216
train,reid,20,50,0.4922106862068176,-2.6633570194244385,-0.6180883049964905,2.065568208694458,-0.06313621252775192,1.043041467666626,2.996567726135254,2.6427974700927734
train,reid,20,60,0.4866350293159485,-3.1031885147094727,-0.5070878267288208,2.2329118251800537,-0.29812192916870117,0.9147273302078247,3.3899712562561035,3.1014230251312256
train,reid,20,70,0.483437716960907,-3.5557425022125244,-0.39298510551452637,2.4056384563446045,-0.5389466881752014,0.7853112816810608,3.7945034503936768,3.5720901489257812
train,reid,20,80,0.4826262593269348,-4.019933223724365,-0.27605974674224854,2.583338975906372,-0.7850260138511658,0.6551080942153931,4.209197998046875,4.053670406341553
train,reid,20,90,0.4844358563423157,-4.4942216873168945,-0.15733182430267334,2.7658112049102783,-1.0350979566574097,0.525236964225769,4.6329121589660645,4.54464864730835
train,reid,20,100,0.488564670085907,-4.977032661437988,-0.036548785865306854,2.9520514011383057,-1.288802981376648,0.3953663408756256,5.064007759094238,5.0433349609375
train,reid,21,0,0.4865575432777405,-0.7103080153465271,-0.9525663256645203,1.2239210605621338,0.8608399629592896,1.4683257341384888,1.1758540868759155,0.5791914463043213
train,reid,21,10,0.5077359676361084,-1.0736291408538818,-0.9494953155517578,1.4148473739624023,0.7276118397712708,1.4515113830566406,1.5347957611083984,0.9725200533866882
train,reid,21,20,0.5304754376411438,-1.4488004446029663,-0.9428703188896179,1.6102783679962158,0.5882585644721985,1.4325751066207886,1.9038655757904053,1.3772224187850952
train,reid,21,30,0.5542198419570923,-1.8374183177947998,-0.931370735168457,1.8102209568023682,0.4411882758140564,1.4098408222198486,2.2841601371765137,1.79493248462677
train,reid,21,40,0.5791555643081665,-2.2394003868103027,-0.9154630303382874,2.014918088912964,0.28676512837409973,1.383837103843689,2.6757652759552,2.2256083488464355
train,reid,21,50,0.605180025100708,-2.6543374061584473,-0.8949791193008423,2.2240493297576904,0.12500867247581482,1.3543790578842163,3.0782105922698975,2.6687870025634766
train,reid,21,60,0.6323935985565186,-3.081555128097534,-0.870310366153717,2.437497615814209,-0.04356539994478226,1.3219164609909058,3.490971565246582,3.1237902641296387
train,reid,21,70,0.660820722579956,-3.5201640129089355,-0.8417152166366577,2.6549482345581055,-0.21846172213554382,1.2867474555969238,3.9132590293884277,3.5896899700164795
train,reid,21,80,0.6903924942016602,-3.969543218612671,-0.8092027902603149,2.876075029373169,-0.3994647264480591,1.248871088027954,4.3444647789001465,4.065832614898682
train,reid,21,90,0.7209693193435669,-4.428253173828125,-0.7728010416030884,3.100125551223755,-0.5860520601272583,1.2083091735839844,4.783176898956299,4.550681114196777
train,reid,21,100,0.7527559995651245,-4.8955535888671875,-0.7332886457443237,3.327174186706543,-0.7774246335029602,1.1658998727798462,5.2289533615112305,5.043554306030273
train,reid,22,0,0.5092889666557312,-0.5691315531730652,-1.0348670482635498,1.1827596426010132,0.9379958510398865,1.5576733350753784,1.0423896312713623,0.4463803768157959
train,reid,22,10,0.5510931611061096,-0.9328532218933105,-1.0790621042251587,1.4030842781066895,0.8392446637153625,1.5954680442810059,1.4190340042114258,0.8449651002883911
train,reid,22,20,0.5943155884742737,-1.306171178817749,-1.1203144788742065,1.627058506011963,0.7355806827545166,1.6316299438476562,1.8038432598114014,1.2526261806488037
train,reid,22,30,0.6386458873748779,-1.6934287548065186,-1.1572097539901733,1.8561075925827026,0.6244179010391235,1.6643973588943481,2.2006072998046875,1.6739259958267212
train,reid,22,40,0.6841052174568176,-2.095018148422241,-1.1896734237670898,2.0903966426849365,0.5055668950080872,1.6936979293823242,2.6096813678741455,2.109266519546509
train,reid,22,50,0.7307976484298706,-2.5107421875,-1.2179327011108398,2.3299663066864014,0.37926679849624634,1.719818115234375,3.0309462547302246,2.558448553085327
train,reid,22,60,0.778888463973999,-2.9401516914367676,-1.2424099445343018,2.5748417377471924,0.24598725140094757,1.743272304534912,3.4641053676605225,3.0210230350494385
train,reid,22,70,0.8281568288803101,-3.3826472759246826,-1.2626577615737915,2.8244314193725586,0.10561864078044891,1.763575553894043,3.9083993434906006,3.4962916374206543
train,reid,22,80,0.8788291215896606,-3.8375062942504883,-1.2793432474136353,3.078763723373413,-0.041101496666669846,1.781507134437561,4.363350868225098,3.9835453033447266
train,reid,22,90,0.9308118224143982,-4.303675174713135,-1.2924875020980835,3.3372902870178223,-0.1937943696975708,1.797092080116272,4.827927589416504,4.481666564941406
train,reid,22,100,0.9839379191398621,-4.780204772949219,-1.3019208908081055,3.599395513534546,-0.35225218534469604,1.8101348876953125,5.301125526428223,4.989622116088867
train,reid,23,0,0.6238740086555481,-0.8240717649459839,-1.2427259683609009,1.4256479740142822,0.9616923332214355,1.7891634702682495,1.3415498733520508,0.7533442378044128
train,reid,23,10,0.696049690246582,-1.2034213542938232,-1.3541566133499146,1.696174144744873,0.9065229892730713,1.9045573472976685,1.7580223083496094,1.174820899963379
train,reid,23,20,0.7735124826431274,-1.6036499738693237,-1.4684875011444092,1.98000168800354,0.8468383550643921,2.025282144546509,2.195892810821533,1.6178905963897705
train,reid,23,30,0.8505964279174805,-2.0140717029571533,-1.574378490447998,2.2644200325012207,0.7781472206115723,2.138524293899536,2.6404216289520264,2.069943904876709
train,reid,23,40,0.9272204637527466,-2.4310805797576904,-1.6723442077636719,2.54782772064209,0.7021032571792603,2.24493408203125,3.088235855102539,2.527169942855835
train,reid,23,50,1.0033745765686035,-2.8519179821014404,-1.762993335723877,2.8291306495666504,0.6201145648956299,2.3452188968658447,3.536834716796875,2.986684799194336
train,reid,23,60,1.0790940523147583,-3.2744574546813965,-1.847154140472412,3.107685089111328,0.5334786176681519,2.4402236938476562,3.9844295978546143,3.446352958679199
train,reid,23,70,1.154323935508728,-3.6967945098876953,-1.9253456592559814,3.3827834129333496,0.4432133734226227,2.5304603576660156,4.429344654083252,3.904233932495117
train,reid,23,80,1.2288986444473267,-4.1172051429748535,-1.99790358543396,3.653691291809082,0.3501124978065491,2.6161763668060303,4.870017051696777,4.358582496643066
train,reid,23,90,1.3029494285583496,-4.534139156341553,-2.065824508666992,3.9201741218566895,0.2553984820842743,2.698378801345825,5.305299282073975,4.807906150817871
train,reid,23,100,1.3764994144439697,-4.946828365325928,-2.1296653747558594,4.182146072387695,0.15969732403755188,2.7775702476501465,5.734653472900391,5.251504898071289
train,reid,24,0,0.5254107713699341,-1.2690436840057373,-0.9324713349342346,1.504501223564148,0.6447600722312927,1.4348273277282715,1.7178810834884644,1.1789991855621338
train,reid,24,10,0.5326614379882812,-1.6208304166793823,-0.8982604742050171,1.6701161861419678,0.49242091178894043,1.382991075515747,2.053483247756958,1.556291937828064
train,reid,24,20,0.5408955216407776,-1.9844781160354614,-0.8585850596427917,1.839118480682373,0.3327018916606903,1.327048420906067,2.3985347747802734,1.944632649421692
train,reid,24,30,0.5506033301353455,-2.360715627670288,-0.8145677447319031,2.012573719024658,0.16612844169139862,1.2682247161865234,2.7541589736938477,2.3449506759643555
train,reid,24,40,0.5619595050811768,-2.749338388442993,-0.7667136788368225,2.190680742263794,-0.00687453942373395,1.2070807218551636,3.1203362941741943,2.757086753845215
train,reid,24,50,0.5747248530387878,-3.1496753692626953,-0.7146052718162537,2.3728227615356445,-0.18637868762016296,1.1431409120559692,3.496246337890625,3.1802797317504883
train,reid,24,60,0.5888983011245728,-3.560967445373535,-0.6585001945495605,2.5587449073791504,-0.3719560503959656,1.0766644477844238,3.881232261657715,3.613765239715576
train,reid,24,70,0.6044248342514038,-3.9827234745025635,-0.5984148383140564,2.7481935024261475,-0.5634272694587708,1.0076565742492676,4.274814605712891,4.057025909423828
train,reid,24,80,0.6209797859191895,-4.414093494415283,-0.5338668823242188,2.9404075145721436,-0.7608670592308044,0.9355270862579346,4.675981521606445,4.509125232696533
train,reid,24,90,0.6387996673583984,-4.854286193847656,-0.4657132029533386,3.1354823112487793,-0.9633952379226685,0.861208438873291,5.084263324737549,4.969330310821533
train,reid,24,100,0.6575515270233154,-5.302597999572754,-0.3933928608894348,3.3326897621154785,-1.1711864471435547,0.7840299010276794,5.4987664222717285,5.436849117279053
train,reid,25,0,0.5468252301216125,-0.5620410442352295,-1.1205123662948608,1.2259573936462402,0.9918486475944519,1.655489206314087,1.058059573173523,0.45077234506607056
train,reid,25,10,0.6270520687103271,-0.9576544761657715,-1.245915412902832,1.513759970664978,0.9416066408157349,1.7871772050857544,1.4959295988082886,0.8914434909820557
train,reid,25,20,0.7165462374687195,-1.3684180974960327,-1.3848388195037842,1.8184044361114502,0.8966028690338135,1.9364142417907715,1.953424096107483,1.3486707210540771
train,reid,25,30,0.8066921830177307,-1.789463758468628,-1.5186958312988281,2.1257495880126953,0.8448793888092041,2.0816385746002197,2.4189462661743164,1.8154518604278564
train,reid,25,40,0.8969426155090332,-2.218470811843872,-1.6468013525009155,2.4341177940368652,0.7867246866226196,2.222033977508545,2.8899528980255127,2.289257764816284
train,reid,25,50,0.98751300573349,-2.6538169384002686,-1.7700386047363281,2.743182420730591,0.7233442068099976,2.3586132526397705,3.3651633262634277,2.768451690673828
train,reid,25,60,1.077939510345459,-3.094265937805176,-1.887747049331665,3.0518627166748047,0.6546640396118164,2.490558385848999,3.8431220054626465,3.251678705215454
train,reid,25,70,1.168715238571167,-3.5386524200439453,-2.001410961151123,3.360445976257324,0.582160472869873,2.6195480823516846,4.323222637176514,3.7378623485565186
train,reid,25,80,1.259179711341858,-3.98576021194458,-2.1099467277526855,3.667597770690918,0.5054395794868469,2.74426007270813,4.803877353668213,4.22563362121582
train,reid,25,90,1.3502507209777832,-4.434721946716309,-2.2157461643218994,3.974327802658081,0.4265430271625519,2.8674259185791016,5.285109519958496,4.714323997497559
train,reid,25,100,1.440807819366455,-4.884338855743408,-2.3167037963867188,4.2786760330200195,0.34431779384613037,2.9865241050720215,5.7649760246276855,5.202489376068115
train,reid,26,0,0.5875796675682068,-0.5332069993019104,-1.2154912948608398,1.287484884262085,1.107069492340088,1.7740464210510254,1.089504361152649,0.4169875681400299
train,reid,26,10,0.595066249370575,-0.9126967191696167,-1.178505778312683,1.4659380912780762,0.9433842301368713,1.7174224853515625,1.4522874355316162,0.824613094329834
train,reid,26,20,0.6034479141235352,-1.3105833530426025,-1.134883165359497,1.6504751443862915,0.7690877914428711,1.6551196575164795,1.8305659294128418,1.2502788305282593
train,reid,26,30,0.6136742234230042,-1.7259836196899414,-1.0868266820907593,1.8420052528381348,0.5860889554023743,1.5897636413574219,2.2242307662963867,1.6932270526885986
train,reid,26,40,0.6254584193229675,-2.158191442489624,-1.0336849689483643,2.039761543273926,0.39417463541030884,1.5206682682037354,2.632333993911743,2.1526072025299072
train,reid,26,50,0.6387650966644287,-2.606224775314331,-0.9754935503005981,2.243248462677002,0.19372472167015076,1.4479206800460815,3.053908348083496,2.627350330352783
train,reid,26,60,0.653567373752594,-3.0689451694488525,-0.9123615026473999,2.451934814453125,-0.014776784926652908,1.371686339378357,3.487863302230835,3.1162362098693848
train,reid,26,70,0.6699063777923584,-3.5451478958129883,-0.8446730375289917,2.665410280227661,-0.23063860833644867,1.292400598526001,3.933143377304077,3.618020534515381
train,reid,26,80,0.6875234842300415,-4.03325080871582,-0.7721633911132812,2.8826699256896973,-0.45350050926208496,1.2097716331481934,4.388087749481201,4.130980491638184
train,reid,26,90,0.7066987752914429,-4.532168865203857,-0.6957768797874451,3.1037113666534424,-0.6823045611381531,1.1248670816421509,4.851970195770264,4.654064178466797
train,reid,26,100,0.7270556092262268,-5.040107727050781,-0.6151341795921326,3.3273372650146484,-0.9167175889015198,1.0372138023376465,5.322882175445557,5.185333728790283
train,reid,27,0,0.6020104885101318,-0.8854889869689941,-1.1874680519104004,1.4286162853240967,0.909426212310791,1.7211055755615234,1.3898591995239258,0.8102237582206726
train,reid,27,10,0.7244436740875244,-1.293775200843811,-1.4075590372085571,1.781537413597107,0.9227288365364075,1.9624055624008179,1.8738783597946167,1.2741236686706543
train,reid,27,20,0.8702354431152344,-1.7321573495864868,-1.6681326627731323,2.1762096881866455,0.9562671184539795,2.25343918800354,2.402139663696289,1.7728281021118164
train,reid,27,30,1.0197888612747192,-2.1903743743896484,-1.9255961179733276,2.5802111625671387,0.9818673133850098,2.5441322326660156,2.948596239089966,2.290858268737793
train,reid,27,40,1.1719907522201538,-2.665238618850708,-2.177581787109375,2.990407943725586,0.9989748001098633,2.8319761753082275,3.50920033454895,2.8244636058807373
train,reid,27,50,1.3258479833602905,-3.154376983642578,-2.4219725131988525,3.4042463302612305,1.0069221258163452,3.114680290222168,4.080819606781006,3.370826005935669
train,reid,27,60,1.4809226989746094,-3.654527425765991,-2.6582446098327637,3.8196778297424316,1.006507158279419,3.391752004623413,4.660032272338867,3.926360845565796
train,reid,27,70,1.6364959478378296,-4.163270950317383,-2.885195016860962,4.2346673011779785,0.9977134466171265,3.6618385314941406,5.244014739990234,4.48835563659668
train,reid,27,80,1.792211651802063,-4.6769866943359375,-3.1028621196746826,4.64729642868042,0.9818339347839355,3.9249656200408936,5.829207420349121,5.05295991897583
train,reid,27,90,1.9474637508392334,-5.192536354064941,-3.310715436935425,5.055538654327393,0.9595614671707153,4.180448055267334,6.412336349487305,5.616816997528076
train,reid,27,100,2.101820945739746,-5.70707368850708,-3.5086755752563477,5.457801342010498,0.9318035840988159,4.428075313568115,6.99058723449707,6.176944255828857
train,reid,28,0,0.4835602045059204,-0.39408618211746216,-1.0147297382354736,1.0747967958450317,0.9796602725982666,1.533048152923584,0.858413577079773,0.25783100724220276
train,reid,28,10,0.5109525322914124,-0.7878522872924805,-1.018131971359253,1.2860881090164185,0.8411848545074463,1.5240994691848755,1.2502198219299316,0.684546709060669
train,reid,28,20,0.5405030250549316,-1.1967964172363281,-1.0192221403121948,1.5043561458587646,0.696254551410675,1.5141576528549194,1.6559324264526367,1.1264235973358154
train,reid,28,30,0.5720381736755371,-1.622690200805664,-1.0172464847564697,1.7300974130630493,0.5436810255050659,1.5023349523544312,2.077012062072754,1.585290789604187
train,reid,28,40,0.6055758595466614,-2.0645334720611572,-1.0123507976531982,1.9628771543502808,0.3839263617992401,1.4888547658920288,2.5125107765197754,2.060070753097534
train,reid,28,50,0.640859067440033,-2.521122932434082,-1.0041565895080566,2.201824426651001,0.21713130176067352,1.4733078479766846,2.961089849472046,2.549428939819336
train,reid,28,60,0.6779965162277222,-2.9914448261260986,-0.9931325316429138,2.446687698364258,0.04398469626903534,1.4562416076660156,3.421912670135498,3.0523290634155273
train,reid,28,70,0.7169501781463623,-3.474499225616455,-0.9794209003448486,2.6970205307006836,-0.13506680727005005,1.437819004058838,3.894040822982788,3.5677170753479004
train,reid,28,80,0.7575253248214722,-3.968953847885132,-0.9629296064376831,2.9520509243011475,-0.31964266300201416,1.4179099798202515,4.376120567321777,4.09417200088501
train,reid,28,90,0.7997262477874756,-4.473433494567871,-0.9440369009971619,3.211270332336426,-0.5090002417564392,1.3969277143478394,4.866929531097412,4.630276203155518
train,reid,28,100,0.8435116410255432,-4.986685276031494,-0.9230514764785767,3.474193572998047,-0.7025020718574524,1.3751744031906128,5.365347862243652,5.174746990203857
train,reid,29,0,0.44860121607780457,-0.7766653895378113,-0.8614093065261841,1.1837332248687744,0.7341468334197998,1.3493322134017944,1.1822530031204224,0.6535172462463379
train,reid,29,10,0.4873228669166565,-1.150320291519165,-0.89622962474823,1.4035067558288574,0.6246606111526489,1.376432180404663,1.5649547576904297,1.0617791414260864
train,reid,29,20,0.5285914540290833,-1.5374912023544312,-0.9297056198120117,1.6300029754638672,0.5100749731063843,1.4037842750549316,1.9602717161178589,1.4834508895874023
train,reid,29,30,0.5712007880210876,-1.9358052015304565,-0.9594627618789673,1.8604927062988281,0.38948744535446167,1.4287103414535522,2.3649754524230957,1.9157485961914062
train,reid,29,40,0.6148814558982849,-2.3437440395355225,-0.985160231590271,2.093961477279663,0.2631852924823761,1.4508486986160278,2.7774391174316406,2.357006072998047
train,reid,29,50,0.6597874164581299,-2.7602598667144775,-1.0074700117111206,2.3302602767944336,0.13200411200523376,1.4709413051605225,3.196871519088745,2.8061845302581787
train,reid,29,60,0.7056755423545837,-3.184293746948242,-1.0261197090148926,2.568652629852295,-0.003892715787515044,1.4886550903320312,3.622129201889038,3.2621359825134277
train,reid,29,70,0.7525196075439453,-3.614701271057129,-1.0414320230484009,2.808717727661133,-0.14389409124851227,1.5043103694915771,4.05220365524292,3.7236952781677246
train,reid,29,80,0.8002230525016785,-4.050297737121582,-1.0535712242126465,3.0499181747436523,-0.2874855101108551,1.5180460214614868,4.485990524291992,4.189635753631592
train,reid,29,90,0.8486944437026978,-4.490170478820801,-1.0627038478851318,3.2918574810028076,-0.4342559278011322,1.5299822092056274,4.922656059265137,4.659036159515381
train,reid,29,100,0.8978802561759949,-4.933018207550049,-1.0691663026809692,3.5340352058410645,-0.5835309624671936,1.540436029434204,5.361046314239502,5.1305718421936035
train,depablo_low_temp,30,0,0.7215433716773987,-0.867504358291626,-1.3912345170974731,1.4789361953735352,0.9235478639602661,1.9869353771209717,1.3379364013671875,0.8625702857971191
train,depablo_low_temp,30,10,0.7633560299873352,-1.1945768594741821,-1.439810037612915,1.6823996305465698,0.8417947292327881,2.031804323196411,1.6802453994750977,1.2219353914260864
train,depablo_low_temp,30,20,0.8171224594116211,-1.532567024230957,-1.5077567100524902,1.9041121006011963,0.7713401317596436,2.1015326976776123,2.0401742458343506,1.5936894416809082
train,depablo_low_temp,30,30,0.8720607757568359,-1.886340618133545,-1.570597767829895,2.131434440612793,0.6921809911727905,2.167196273803711,2.413520574569702,1.9808933734893799
train,depablo_low_temp,30,40,0.9280098676681519,-2.2549009323120117,-1.628112554550171,2.3637049198150635,0.6045075058937073,2.2285730838775635,2.799208164215088,2.3824431896209717
train,depablo_low_temp,30,50,0.9850264191627502,-2.6369285583496094,-1.6807105541229248,2.6004750728607178,0.5090736746788025,2.2861437797546387,3.196077585220337,2.7969653606414795
train,depablo_low_temp,30,60,1.0430551767349243,-3.0307562351226807,-1.72871732711792,2.841050863265991,0.40667927265167236,2.34025239944458,3.602597713470459,3.2227237224578857
train,depablo_low_temp,30,70,1.1019818782806396,-3.435335159301758,-1.772139310836792,3.084873914718628,0.2976858615875244,2.3908910751342773,4.017734050750732,3.6586060523986816
train,depablo_low_temp,30,80,1.1618651151657104,-3.8489174842834473,-1.811669945716858,3.3314266204833984,0.1831795573234558,2.4387893676757812,4.440017223358154,4.102846145629883
train,depablo_low_temp,30,90,1.222496747970581,-4.269896507263184,-1.8472861051559448,3.5798301696777344,0.06369003653526306,2.4838807582855225,4.867859363555908,4.553746700286865
train,depablo_low_temp,30,100,1.2839763164520264,-4.696727275848389,-1.8797886371612549,3.8297371864318848,-0.05969758704304695,2.5269935131073,5.300034999847412,5.009779453277588
train,depablo_low_temp,31,0,0.7408756613731384,-1.2065072059631348,-1.2820247411727905,1.5907610654830933,0.7080864310264587,1.9199585914611816,1.6161670684814453,1.2280189990997314
train,depablo_low_temp,31,10,0.8533316850662231,-1.4351774454116821,-1.4974331855773926,1.8458892107009888,0.7870494723320007,2.165418863296509,1.9226707220077515,1.495301604270935
train,depablo_low_temp,31,20,0.998196005821228,-1.6524012088775635,-1.7777526378631592,2.13602352142334,0.9198134541511536,2.4913456439971924,2.2413370609283447,1.7542743682861328
train,depablo_low_temp,31,30,1.150506615638733,-1.8914639949798584,-2.0618107318878174,2.4408795833587646,1.049201250076294,2.8253207206726074,2.5826668739318848,2.035166025161743
train,depablo_low_temp,31,40,1.3078845739364624,-2.1553685665130615,-2.3432605266571045,2.7581660747528076,1.1695635318756104,3.160085916519165,2.9472997188568115,2.340507745742798
train,depablo_low_temp,31,50,1.470025897026062,-2.4446377754211426,-2.6208105087280273,3.0874083042144775,1.2798662185668945,3.4943575859069824,3.3352699279785156,2.670633554458618
train,depablo_low_temp,31,60,1.6367759704589844,-2.7598092555999756,-2.8936829566955566,3.4284427165985107,1.3793981075286865,3.827364683151245,3.746805429458618,3.025972843170166
train,depablo_low_temp,31,70,1.8075642585754395,-3.1006808280944824,-3.1604292392730713,3.7802817821502686,1.4671950340270996,4.157512187957764,4.18116569519043,3.406130313873291
train,depablo_low_temp,31,80,1.9823431968688965,-3.4665985107421875,-3.420762062072754,4.142429351806641,1.543333888053894,4.484611988067627,4.637589454650879,3.8103106021881104
train,depablo_low_temp,31,90,2.1606757640838623,-3.8567333221435547,-3.673854112625122,4.513933181762695,1.607486367225647,4.80771017074585,5.114943504333496,4.237544536590576
train,depablo_low_temp,31,100,2.3420937061309814,-4.26941442489624,-3.9189839363098145,4.893455982208252,1.6597031354904175,5.125982761383057,5.611307144165039,4.685972690582275
train,depablo_low_temp,32,0,0.7998138070106506,-1.3771249055862427,-1.4417076110839844,1.7843332290649414,0.7857854962348938,2.0601930618286133,1.8622387647628784,1.4153600931167603
train,depablo_low_temp,32,10,0.8711732029914856,-1.6585140228271484,-1.556625247001648,2.0053818225860596,0.7708737254142761,2.187559127807617,2.1835896968841553,1.73028564453125
train,depablo_low_temp,32,20,0.9514232873916626,-1.95344877243042,-1.681684136390686,2.2405409812927246,0.760002076625824,2.3299050331115723,2.521847724914551,2.0592422485351562
train,depablo_low_temp,32,30,1.033501148223877,-2.2669503688812256,-1.800990104675293,2.4825439453125,0.7394062280654907,2.468148946762085,2.8761003017425537,2.406268358230591
train,depablo_low_temp,32,40,1.1172354221343994,-2.598396062850952,-1.9140172004699707,2.7307567596435547,0.708961546421051,2.601799964904785,3.2455244064331055,2.7705929279327393
train,depablo_low_temp,32,50,1.202646017074585,-2.946362257003784,-2.020829200744629,2.984487771987915,0.6692689657211304,2.731066942214966,3.6287283897399902,3.150636911392212
train,depablo_low_temp,32,60,1.2901315689086914,-3.3101208209991455,-2.122248411178589,3.2438783645629883,0.6212387084960938,2.8570196628570557,4.025292873382568,3.5456607341766357
train,depablo_low_temp,32,70,1.379389762878418,-3.6880204677581787,-2.2179105281829834,3.5078284740448,0.5651838183403015,2.979252338409424,4.433445930480957,3.9538490772247314
train,depablo_low_temp,32,80,1.4706039428710938,-4.078352451324463,-2.308481454849243,3.7758517265319824,0.502226710319519,3.0986030101776123,4.851749420166016,4.373419761657715
train,depablo_low_temp,32,90,1.5640017986297607,-4.4792022705078125,-2.394855260848999,4.047487258911133,0.4337124228477478,3.216136932373047,5.278645038604736,4.802403926849365
train,depablo_low_temp,32,100,1.6595373153686523,-4.888858795166016,-2.47745943069458,4.322076797485352,0.360530823469162,3.3322834968566895,5.712606430053711,5.239048004150391
train,depablo_low_temp,33,0,0.5451483726501465,-0.07143792510032654,-1.2233614921569824,0.9629554152488708,1.1110568046569824,1.7517530918121338,0.5171218514442444,-0.023523829877376556
train,depablo_low_temp,33,10,0.5110359787940979,-0.48749643564224243,-1.0834848880767822,1.0971240997314453,0.8593900203704834,1.5755878686904907,0.8787525296211243,0.41356807947158813
train,depablo_low_temp,33,20,0.4771178662776947,-0.9189090132713318,-0.9350205063819885,1.2346649169921875,0.5969349145889282,1.3919514417648315,1.2521294355392456,0.8650410175323486
train,depablo_low_temp,33,30,0.4451730251312256,-1.365730881690979,-0.7821593284606934,1.3781810998916626,0.32670852541923523,1.2056373357772827,1.6388344764709473,1.3313952684402466
train,depablo_low_temp,33,40,0.4153214693069458,-1.8274486064910889,-0.6253001689910889,1.5276424884796143,0.04917650669813156,1.017104148864746,2.0385029315948486,1.8121230602264404
train,depablo_low_temp,33,50,0.38783612847328186,-2.3031249046325684,-0.46525803208351135,1.6830544471740723,-0.2347399890422821,0.8273063898086548,2.450503349304199,2.306300640106201
train,depablo_low_temp,33,60,0.3626031279563904,-2.7917051315307617,-0.3019939661026001,1.8438303470611572,-0.524702787399292,0.636206328868866,2.873774528503418,2.812793493270874
train,depablo_low_temp,33,70,0.3398267328739166,-3.2919304370880127,-0.13631772994995117,2.009793996810913,-0.8196941614151001,0.44471651315689087,3.307368755340576,3.330349922180176
train,depablo_low_temp,33,80,0.319458931684494,-3.8027195930480957,0.03160020336508751,2.1804702281951904,-1.1192206144332886,0.25301846861839294,3.75028133392334,3.8578410148620605
train,depablo_low_temp,33,90,0.301710307598114,-4.322568893432617,0.2008393257856369,2.3556158542633057,-1.4221018552780151,0.06213429570198059,4.201363563537598,4.393768787384033
train,depablo_low_temp,33,100,0.2864900231361389,-4.850394248962402,0.3712950646877289,2.5347115993499756,-1.727893352508545,-0.1278439462184906,4.6595892906188965,4.937004566192627
train,depablo_low_temp,34,0,0.6795262694358826,-1.3452613353729248,-1.1439425945281982,1.5807889699935913,0.5666833519935608,1.7381646633148193,1.7117879390716553,1.3589617013931274
train,depablo_low_temp,34,10,0.7666033506393433,-1.5973906517028809,-1.2987638711929321,1.8107794523239136,0.5919883251190186,1.9124258756637573,2.0190207958221436,1.6460424661636353
train,depablo_low_temp,34,20,0.873519778251648,-1.847463846206665,-1.4906413555145264,2.063309907913208,0.6468830108642578,2.133519172668457,2.3375961780548096,1.9327651262283325
train,depablo_low_temp,34,30,0.9849590063095093,-2.1066806316375732,-1.684659719467163,2.322565793991089,0.7011692523956299,2.359783411026001,2.665700674057007,2.2281765937805176
train,depablo_low_temp,34,40,1.1009057760238647,-2.373568296432495,-1.881172776222229,2.5879786014556885,0.7556120753288269,2.591600179672241,3.00201416015625,2.5307459831237793
train,depablo_low_temp,34,50,1.2210142612457275,-2.6475977897644043,-2.0796921253204346,2.858949661254883,0.8100019693374634,2.828321695327759,3.3458378314971924,2.839893341064453
train,depablo_low_temp,34,60,1.344774842262268,-2.9277448654174805,-2.2793922424316406,3.134413003921509,0.8640711903572083,3.0689454078674316,3.695864200592041,3.1544694900512695
train,depablo_low_temp,34,70,1.4721262454986572,-3.2137351036071777,-2.4803829193115234,3.414273738861084,0.9179584980010986,3.313514232635498,4.0518646240234375,3.474231004714966
train,depablo_low_temp,34,80,1.6026257276535034,-3.504863739013672,-2.6819703578948975,3.6977126598358154,0.9713732004165649,3.5611538887023926,4.412897109985352,3.7983932495117188
train,depablo_low_temp,34,90,1.7359910011291504,-3.8007233142852783,-2.8837380409240723,3.984241485595703,1.0241286754608154,3.8113245964050293,4.778415679931641,4.1265106201171875
train,depablo_low_temp,34,100,1.8716596364974976,-4.100989818572998,-3.0847742557525635,4.273097991943359,1.0756064653396606,4.0628342628479,5.147768974304199,4.4582109451293945
train,depablo_low_temp,35,0,0.6158196330070496,-1.1874768733978271,-1.1628588438034058,1.5185178518295288,0.679137647151947,1.667784571647644,1.6029489040374756,1.168251395225525
train,depablo_low_temp,35,10,0.5967444181442261,-1.5546960830688477,-1.0654841661453247,1.6531825065612793,0.4751747250556946,1.5425289869308472,1.930936336517334,1.5562794208526611
train,depablo_low_temp,35,20,0.5789522528648376,-1.9422717094421387,-0.960168182849884,1.7943514585494995,0.2593122124671936,1.4109004735946655,2.275857925415039,1.963975429534912
train,depablo_low_temp,35,30,0.5628183484077454,-2.3488516807556152,-0.8476394414901733,1.9417979717254639,0.03262976184487343,1.2739442586898804,2.6366260051727295,2.389878273010254
train,depablo_low_temp,35,40,0.5487259030342102,-2.7737929821014404,-0.7286450862884521,2.0956692695617676,-0.2040535807609558,1.1326532363891602,3.012869358062744,2.833319664001465
train,depablo_low_temp,35,50,0.5372365713119507,-3.2165679931640625,-0.6043416857719421,2.2564241886138916,-0.44966524839401245,0.9884852170944214,3.404477119445801,3.29379940032959
train,depablo_low_temp,35,60,0.5284454226493835,-3.6762452125549316,-0.47502756118774414,2.4237639904022217,-0.703639030456543,0.8418461680412292,3.8106346130371094,3.7703256607055664
train,depablo_low_temp,35,70,0.5227749943733215,-4.151769161224365,-0.34179988503456116,2.597818374633789,-0.9647828340530396,0.6940603256225586,4.230696678161621,4.261857986450195
train,depablo_low_temp,35,80,0.5205782055854797,-4.642282009124756,-0.20568403601646423,2.778765916824341,-1.2320518493652344,0.5463092923164368,4.664188861846924,4.76758337020874
train,depablo_low_temp,35,90,0.5219143033027649,-5.146235942840576,-0.06715258210897446,2.966076374053955,-1.5045502185821533,0.39914843440055847,5.1097588539123535,5.285892009735107
train,depablo_low_temp,35,100,0.5269184112548828,-5.662716865539551,0.07319744676351547,3.159630537033081,-1.7815370559692383,0.2532365620136261,5.566728591918945,5.815879821777344
train,depablo_low_temp,36,0,0.7449460625648499,-0.6542894840240479,-1.4735435247421265,1.417678713798523,1.0578505992889404,2.0953562259674072,1.1555454730987549,0.6423275470733643
train,depablo_low_temp,36,10,0.80189049243927,-0.9918875694274902,-1.5491366386413574,1.6439368724822998,0.9938525557518005,2.1736278533935547,1.518552303314209,1.0145702362060547
train,depablo_low_temp,36,20,0.8664202690124512,-1.3320013284683228,-1.6357874870300293,1.8788437843322754,0.9380042552947998,2.267277717590332,1.88783860206604,1.3893893957138062
train,depablo_low_temp,36,30,0.9327907562255859,-1.6869186162948608,-1.719227910041809,2.120004653930664,0.8752334117889404,2.3590221405029297,2.270334482192993,1.7788350582122803
train,depablo_low_temp,36,40,1.0007822513580322,-2.0578863620758057,-1.7986178398132324,2.367568254470825,0.8044999837875366,2.447910785675049,2.666964292526245,2.184142589569092
train,depablo_low_temp,36,50,1.0707794427871704,-2.445298671722412,-1.8746329545974731,2.6221706867218018,0.7261755466461182,2.534775733947754,3.0783512592315674,2.605774402618408
train,depablo_low_temp,36,60,1.1427500247955322,-2.848787307739258,-1.947105884552002,2.8835270404815674,0.6402891874313354,2.619502305984497,3.5040619373321533,3.0432863235473633
train,depablo_low_temp,36,70,1.2166932821273804,-3.26790714263916,-2.016007900238037,3.1513891220092773,0.5469889640808105,2.7021121978759766,3.9436354637145996,3.4961743354797363
train,depablo_low_temp,36,80,1.2925341129302979,-3.701932430267334,-2.0811829566955566,3.425283432006836,0.4464333653450012,2.7824902534484863,4.3962860107421875,3.9636192321777344
train,depablo_low_temp,36,90,1.3703882694244385,-4.1498541831970215,-2.1430323123931885,3.7049267292022705,0.33927619457244873,2.8611412048339844,4.8611578941345215,4.444569110870361
train,depablo_low_temp,36,100,1.4501441717147827,-4.610655784606934,-2.2014353275299072,3.9897055625915527,0.2257949262857437,2.9379658699035645,5.33719539642334,4.937908172607422
train,depablo_low_temp,37,0,0.6681566834449768,-0.627020001411438,-1.225988507270813,1.2455109357833862,0.8604748249053955,1.8662893772125244,1.0149731636047363,0.6035751700401306
train,depablo_low_temp,37,10,0.7876116037368774,-0.8951994180679321,-1.4531577825546265,1.5284191370010376,0.9336577653884888,2.1230623722076416,1.3650827407836914,0.9153519868850708
train,depablo_low_temp,37,20,0.9412276148796082,-1.1663002967834473,-1.747191071510315,1.8550758361816406,1.0569696426391602,2.461979389190674,1.7423491477966309,1.234595775604248
train,depablo_low_temp,37,30,1.1023063659667969,-1.4616988897323608,-2.0444366931915283,2.19740629196167,1.175650715827942,2.8083419799804688,2.1444926261901855,1.5784003734588623
train,depablo_low_temp,37,40,1.2700276374816895,-1.782273530960083,-2.3423352241516113,2.55434250831604,1.2875938415527344,3.159409999847412,2.571423053741455,1.9473634958267212
train,depablo_low_temp,37,50,1.444077730178833,-2.127964496612549,-2.6397316455841064,2.925177574157715,1.392055630683899,3.5140511989593506,3.022646903991699,2.3412179946899414
train,depablo_low_temp,37,60,1.62486732006073,-2.4984350204467773,-2.9372360706329346,3.3101494312286377,1.4896646738052368,3.873154878616333,3.498035430908203,2.759582996368408
train,depablo_low_temp,37,70,1.8124091625213623,-2.8927042484283447,-3.234689474105835,3.7086687088012695,1.5807249546051025,4.236720085144043,3.996553421020508,3.201312780380249
train,depablo_low_temp,37,80,2.0068910121917725,-3.309476375579834,-3.532423973083496,4.1202850341796875,1.6659985780715942,4.6053080558776855,4.517030715942383,3.664975881576538
train,depablo_low_temp,37,90,2.208442211151123,-3.7474846839904785,-3.830737829208374,4.544534683227539,1.7461955547332764,4.9793901443481445,5.058316230773926,4.149190902709961
train,depablo_low_temp,37,100,2.417314291000366,-4.204967021942139,-4.130309104919434,4.980920791625977,1.8224788904190063,5.3598833084106445,5.618906021118164,4.652083396911621
train,depablo_low_temp,38,0,0.4436376988887787,-0.11188939213752747,-0.9343153834342957,0.7993393540382385,0.860860288143158,1.452020525932312,0.4312449097633362,0.0037612079177051783
train,depablo_low_temp,38,10,0.4877033531665802,-0.4771939516067505,-0.9788232445716858,1.0205912590026855,0.7634215950965881,1.4921592473983765,0.8102970719337463,0.403816819190979
train,depablo_low_temp,38,20,0.5434338450431824,-0.8515012264251709,-1.0430561304092407,1.2591876983642578,0.678153395652771,1.5573416948318481,1.205280065536499,0.8144080638885498
train,depablo_low_temp,38,30,0.6019363403320312,-1.2446025609970093,-1.105324149131775,1.5069210529327393,0.5855172872543335,1.6220413446426392,1.6178922653198242,1.244023323059082
train,depablo_low_temp,38,40,0.6625088453292847,-1.6548653841018677,-1.1641546487808228,1.7620298862457275,0.48502805829048157,1.6846528053283691,2.045961856842041,1.6907230615615845
train,depablo_low_temp,38,50,0.7252572774887085,-2.08097243309021,-1.2199461460113525,2.024068832397461,0.37745094299316406,1.7456985712051392,2.4883203506469727,2.153111696243286
train,depablo_low_temp,38,60,0.7899937629699707,-2.5216164588928223,-1.272465467453003,2.292205333709717,0.2630803883075714,1.804950475692749,2.943580150604248,2.629746913909912
train,depablo_low_temp,38,70,0.8565497398376465,-2.9753258228302,-1.321601390838623,2.565587282180786,0.14234808087348938,1.862303376197815,3.4102394580841064,3.119035482406616
train,depablo_low_temp,38,80,0.9252291917800903,-3.4402847290039062,-1.3684308528900146,2.8439130783081055,0.016678912565112114,1.9190154075622559,3.8868932723999023,3.619138240814209
train,depablo_low_temp,38,90,0.9958071112632751,-3.9150023460388184,-1.4128129482269287,3.1262965202331543,-0.11352576315402985,1.974905014038086,4.37201452255249,4.1284565925598145
train,depablo_low_temp,38,100,1.0681191682815552,-4.397673606872559,-1.4548211097717285,3.4118125438690186,-0.24759092926979065,2.030036687850952,4.863846778869629,4.645081520080566
train,depablo_low_temp,39,0,0.5622028708457947,-0.561832845211029,-1.1440688371658325,1.1709706783294678,0.8712691068649292,1.668243646621704,0.9655106067657471,0.5001159310340881
train,depablo_low_temp,39,10,0.5797157287597656,-0.9463911056518555,-1.1258118152618408,1.3638092279434204,0.7200887203216553,1.6347304582595825,1.3401575088500977,0.9148383140563965
train,depablo_low_temp,39,20,0.5988339185714722,-1.344712495803833,-1.103865623474121,1.5620641708374023,0.5620325803756714,1.5988192558288574,1.7268085479736328,1.3429813385009766
train,depablo_low_temp,39,30,0.6188692450523376,-1.758705496788025,-1.076445460319519,1.7656314373016357,0.39506158232688904,1.5583374500274658,2.1266815662384033,1.7864511013031006
train,depablo_low_temp,39,40,0.6398793458938599,-2.18843936920166,-1.0435963869094849,1.9745821952819824,0.21919316053390503,1.5133711099624634,2.5398545265197754,2.2453103065490723
train,depablo_low_temp,39,50,0.6616281270980835,-2.6330313682556152,-1.0048526525497437,2.18816876411438,0.034407611936330795,1.4634348154067993,2.9652769565582275,2.718543767929077
train,depablo_low_temp,39,60,0.6844431757926941,-3.0918216705322266,-0.9610673189163208,2.406568765640259,-0.15843689441680908,1.409537672996521,3.4026029109954834,3.20552134513855
train,depablo_low_temp,39,70,0.7080275416374207,-3.5636775493621826,-0.9117352962493896,2.628873825073242,-0.35930630564689636,1.3511300086975098,3.85052227973938,3.7049672603607178
train,depablo_low_temp,39,80,0.7324475646018982,-4.047560214996338,-0.8572478890419006,2.8547701835632324,-0.5675567388534546,1.2886630296707153,4.308152198791504,4.215812683105469
train,depablo_low_temp,39,90,0.7577459812164307,-4.542164325714111,-0.7979993224143982,3.083805799484253,-0.7824474573135376,1.2225935459136963,4.774342060089111,4.736702919006348
train,depablo_low_temp,39,100,0.7837228178977966,-5.04614782333374,-0.7338612079620361,3.315181255340576,-1.0036100149154663,1.1527608633041382,5.2477216720581055,5.266197204589844
train,depablo_low_temp,40,0,0.6605230569839478,-0.8857747316360474,-1.2854372262954712,1.4291369915008545,0.8572670221328735,1.840032696723938,1.333245038986206,0.8639906644821167
train,depablo_low_temp,40,10,0.6886994242668152,-1.2324106693267822,-1.3006091117858887,1.622398853302002,0.7437564730644226,1.8450536727905273,1.682596206665039,1.24113929271698
train,depablo_low_temp,40,20,0.7205272912979126,-1.591880440711975,-1.3167619705200195,1.823487401008606,0.6271755695343018,1.8531780242919922,2.0447423458099365,1.631128191947937
train,depablo_low_temp,40,30,0.7536029815673828,-1.966834545135498,-1.327985405921936,2.030149459838867,0.5022163391113281,1.8574817180633545,2.4201302528381348,2.036257028579712
train,depablo_low_temp,40,40,0.787860631942749,-2.356678009033203,-1.3341469764709473,2.241995096206665,0.3689984679222107,1.8578627109527588,2.8081109523773193,2.4558520317077637
train,depablo_low_temp,40,50,0.8232378363609314,-2.7607061862945557,-1.335147738456726,2.4585962295532227,0.22771291434764862,1.854259729385376,3.2079484462738037,2.8891286849975586
train,depablo_low_temp,40,60,0.8598248362541199,-3.1778345108032227,-1.3314082622528076,2.6796367168426514,0.07904230058193207,1.847171664237976,3.6187174320220947,3.33496356010437
train,depablo_low_temp,40,70,0.8974395990371704,-3.6070492267608643,-1.3226865530014038,2.9044299125671387,-0.07683271914720535,1.8363440036773682,4.0393242835998535,3.792240619659424
train,depablo_low_temp,40,80,0.9362381100654602,-4.047060966491699,-1.3096401691436768,3.1326935291290283,-0.2389848232269287,1.8225347995758057,4.4687347412109375,4.259650707244873
train,depablo_low_temp,40,90,0.97618567943573,-4.496894359588623,-1.292415976524353,3.3639976978302,-0.40696728229522705,1.8059134483337402,4.906039237976074,4.73616886138916
train,depablo_low_temp,40,100,1.0169626474380493,-4.955022811889648,-1.2707163095474243,3.5973339080810547,-0.5804857015609741,1.7860952615737915,5.3496246337890625,5.220155715942383
train,depablo_low_temp,41,0,0.6177634000778198,-0.8194661736488342,-1.2375420331954956,1.3694367408752441,0.8621777296066284,1.760791540145874,1.264949083328247,0.7804872989654541
train,depablo_low_temp,41,10,0.5980125665664673,-1.1730350255966187,-1.1414800882339478,1.4975409507751465,0.6642902493476868,1.6370611190795898,1.580247402191162,1.1542214155197144
train,depablo_low_temp,41,20,0.5805723071098328,-1.5413888692855835,-1.0418142080307007,1.6317849159240723,0.45948705077171326,1.5116106271743774,1.908568263053894,1.5422104597091675
train,depablo_low_temp,41,30,0.5657840371131897,-1.9241307973861694,-0.9393793940544128,1.7724798917770386,0.24851039052009583,1.3854265213012695,2.2498116493225098,1.944111704826355
train,depablo_low_temp,41,40,0.553542971611023,-2.3205246925354004,-0.8340447545051575,1.9191548824310303,0.0315292663872242,1.2583847045898438,2.6032001972198486,2.3591177463531494
train,depablo_low_temp,41,50,0.5440363883972168,-2.729771852493286,-0.7264392375946045,2.071770429611206,-0.19072571396827698,1.1312066316604614,2.9681708812713623,2.7864418029785156
train,depablo_low_temp,41,60,0.5372188687324524,-3.151197910308838,-0.616619348526001,2.229999542236328,-0.4179825186729431,1.00395667552948,3.344075918197632,3.225376605987549
train,depablo_low_temp,41,70,0.5329515933990479,-3.583664894104004,-0.5045512914657593,2.3932106494903564,-0.6498742699623108,0.8765857219696045,3.7297816276550293,3.6747119426727295
train,depablo_low_temp,41,80,0.5314493775367737,-4.026346206665039,-0.3910270631313324,2.5614426136016846,-0.8855574727058411,0.7499621510505676,4.124760627746582,4.133668422698975
train,depablo_low_temp,41,90,0.5325876474380493,-4.477985382080078,-0.2760993540287018,2.7340497970581055,-1.1245616674423218,0.6241258382797241,4.52779483795166,4.600926876068115
train,depablo_low_temp,41,100,0.5363464951515198,-4.937735080718994,-0.16005778312683105,2.9107465744018555,-1.3664071559906006,0.49934911727905273,4.938159465789795,5.075641632080078
train,depablo_low_temp,42,0,0.7051873207092285,-0.31334972381591797,-1.3596941232681274,1.165045142173767,1.0726662874221802,2.0340871810913086,0.7545562982559204,0.27831700444221497
train,depablo_low_temp,42,10,0.8463925123214722,-0.5797299146652222,-1.6338084936141968,1.4763944149017334,1.1821191310882568,2.3467183113098145,1.1204479932785034,0.5920570492744446
train,depablo_low_temp,42,20,1.032840609550476,-0.8367490768432617,-2.00053334236145,1.8410574197769165,1.365287184715271,2.772465467453003,1.5107492208480835,0.902224600315094
train,depablo_low_temp,42,30,1.2282918691635132,-1.1175974607467651,-2.3733561038970947,2.2229976654052734,1.5462599992752075,3.209369421005249,1.9265401363372803,1.2365930080413818
train,depablo_low_temp,42,40,1.4299232959747314,-1.424338698387146,-2.7452805042266846,2.619001626968384,1.7191756963729858,3.6493568420410156,2.3672749996185303,1.5966724157333374
train,depablo_low_temp,42,50,1.6368391513824463,-1.7568869590759277,-3.114025354385376,3.027637004852295,1.8824217319488525,4.089894771575928,2.832017183303833,1.9820935726165771
train,depablo_low_temp,42,60,1.8486506938934326,-2.1144914627075195,-3.478665351867676,3.4479520320892334,2.03560471534729,4.530003547668457,3.3196678161621094,2.3919198513031006
train,depablo_low_temp,42,70,2.06461238861084,-2.4961564540863037,-3.8376591205596924,3.878465175628662,2.1779377460479736,4.967916965484619,3.8286640644073486,2.8249168395996094
train,depablo_low_temp,42,80,2.2839770317077637,-2.900707483291626,-4.189587116241455,4.31767463684082,2.308769464492798,5.401975631713867,4.35731840133667,3.2796928882598877
train,depablo_low_temp,42,90,2.5060787200927734,-3.3260226249694824,-4.533489227294922,4.763847827911377,2.4281063079833984,5.8310227394104,4.903172969818115,3.7538962364196777
train,depablo_low_temp,42,100,2.730116605758667,-3.7702925205230713,-4.868129253387451,5.215240478515625,2.535628318786621,6.253541946411133,5.463985919952393,4.2455058097839355
train,depablo_low_temp,43,0,0.5134980082511902,-0.5604982376098633,-0.9542845487594604,1.0471737384796143,0.7047017812728882,1.504455804824829,0.8690732717514038,0.4948731064796448
train,depablo_low_temp,43,10,0.5893427133560181,-0.8592652082443237,-1.0825881958007812,1.2850549221038818,0.693160355091095,1.6433357000350952,1.2132645845413208,0.8309541940689087
train,depablo_low_temp,43,20,0.6755524277687073,-1.1597622632980347,-1.2285209894180298,1.535207748413086,0.6948549151420593,1.8051446676254272,1.5653597116470337,1.1694116592407227
train,depablo_low_temp,43,30,0.7633862495422363,-1.4731706380844116,-1.3710435628890991,1.7904824018478394,0.690119206905365,1.964857816696167,1.9286869764328003,1.5204291343688965
train,depablo_low_temp,43,40,0.8533113598823547,-1.799635648727417,-1.5111310482025146,2.051565170288086,0.6796314716339111,2.1236324310302734,2.303746461868286,1.884245753288269
train,depablo_low_temp,43,50,0.9453552961349487,-2.1387135982513428,-1.6488367319107056,2.318262815475464,0.6636085510253906,2.2815816402435303,2.690119981765747,2.260370969772339
train,depablo_low_temp,43,60,1.0397297143936157,-2.4899940490722656,-1.784642219543457,2.590664863586426,0.6425654888153076,2.439307451248169,3.087575674057007,2.648395538330078
train,depablo_low_temp,43,70,1.1365621089935303,-2.8523781299591064,-1.9189581871032715,2.8684470653533936,0.617215096950531,2.597344160079956,3.4951791763305664,3.0471630096435547
train,depablo_low_temp,43,80,1.2359966039657593,-3.225203514099121,-2.052185297012329,3.1515142917633057,0.5881044864654541,2.756195068359375,3.9124250411987305,3.4559895992279053
train,depablo_low_temp,43,90,1.338193655014038,-3.6077330112457275,-2.184788942337036,3.439767599105835,0.5558469295501709,2.916431427001953,4.3387556076049805,3.8741252422332764
train,depablo_low_temp,43,100,1.4432371854782104,-3.998756170272827,-2.3171606063842773,3.73281192779541,0.52117520570755,3.078540325164795,4.7731242179870605,4.300300598144531
train,depablo_low_temp,44,0,0.5485707521438599,0.1202361136674881,-1.2558135986328125,0.8775149583816528,1.1918115615844727,1.7998615503311157,0.33058851957321167,-0.22223956882953644
train,depablo_low_temp,44,10,0.5387545228004456,-0.3113418519496918,-1.1673462390899658,1.0517991781234741,0.9726082682609558,1.6838525533676147,0.7264687418937683,0.23674044013023376
train,depablo_low_temp,44,20,0.5319157242774963,-0.7655423283576965,-1.0759612321853638,1.2367459535598755,0.7441681027412415,1.5664949417114258,1.1434388160705566,0.718579888343811
train,depablo_low_temp,44,30,0.5267011523246765,-1.2404115200042725,-0.978825032711029,1.429581642150879,0.5050512552261353,1.4445780515670776,1.5784680843353271,1.2208746671676636
train,depablo_low_temp,44,40,0.5229575634002686,-1.7341439723968506,-0.8758040070533752,1.6292778253555298,0.2558087706565857,1.3180269002914429,2.0297064781188965,1.741640567779541
train,depablo_low_temp,44,50,0.520482063293457,-2.245039939880371,-0.7666893005371094,1.834807276725769,-0.003109710058197379,1.1866534948349,2.4953856468200684,2.279012680053711
train,depablo_low_temp,44,60,0.5193899869918823,-2.7715251445770264,-0.6520223617553711,2.045670747756958,-0.270752876996994,1.0511152744293213,2.974138021469116,2.831343650817871
train,depablo_low_temp,44,70,0.5197110772132874,-3.3117778301239014,-0.5322809219360352,2.261190891265869,-0.5461457371711731,0.9119642972946167,3.46433162689209,3.396733283996582
train,depablo_low_temp,44,80,0.5211547017097473,-3.8638925552368164,-0.40722453594207764,2.480201005935669,-0.8288055062294006,0.7689220309257507,3.963992118835449,3.9731218814849854
train,depablo_low_temp,44,90,0.5241743326187134,-4.425673961639404,-0.27848318219184875,2.7025296688079834,-1.1167954206466675,0.6238318085670471,4.471545696258545,4.558346748352051
train,depablo_low_temp,44,100,0.5283806324005127,-4.995095252990723,-0.14570611715316772,2.926867961883545,-1.4096832275390625,0.47625064849853516,4.98486328125,5.150223731994629
train,depablo_low_temp,45,0,0.7596027255058289,-0.6251263618469238,-1.4701675176620483,1.3960742950439453,1.0493279695510864,2.1213672161102295,1.110548973083496,0.6185597777366638
train,depablo_low_temp,45,10,0.861194908618927,-0.8967195749282837,-1.6543186902999878,1.6545995473861694,1.0898278951644897,2.329463243484497,1.44821035861969,0.9296833872795105
train,depablo_low_temp,45,20,0.9949363470077515,-1.1614431142807007,-1.9028034210205078,1.9501376152038574,1.181962013244629,2.6169300079345703,1.8023945093154907,1.2376090288162231
train,depablo_low_temp,45,30,1.1340208053588867,-1.4436067342758179,-2.152690887451172,2.2564544677734375,1.270179271697998,2.9091076850891113,2.1740262508392334,1.5628772974014282
train,depablo_low_temp,45,40,1.276860237121582,-1.7448198795318604,-2.4001286029815674,2.572016477584839,1.3510547876358032,3.201465606689453,2.5632786750793457,1.9068572521209717
train,depablo_low_temp,45,50,1.4229178428649902,-2.06429386138916,-2.6439578533172607,2.8956940174102783,1.4240293502807617,3.492703437805176,2.9689414501190186,2.2685678005218506
train,depablo_low_temp,45,60,1.5721392631530762,-2.401073932647705,-2.884204149246216,3.2270007133483887,1.4894580841064453,3.7828774452209473,3.3900723457336426,2.646975517272949
train,depablo_low_temp,45,70,1.723989486694336,-2.7538540363311768,-3.120008945465088,3.5647010803222656,1.5471484661102295,4.070956230163574,3.8250656127929688,3.040616750717163
train,depablo_low_temp,45,80,1.877962350845337,-3.1209049224853516,-3.3506975173950195,3.907445192337036,1.5971852540969849,4.356112957000732,4.271963119506836,3.4475932121276855
train,depablo_low_temp,45,90,2.0338547229766846,-3.5008788108825684,-3.5762672424316406,4.254500389099121,1.6400022506713867,4.63826847076416,4.729433536529541,3.8664982318878174
train,depablo_low_temp,45,100,2.191188335418701,-3.891984462738037,-3.796250581741333,4.604598522186279,1.6758382320404053,4.916778087615967,5.1955413818359375,4.295413970947266
train,depablo_low_temp,46,0,0.6194334626197815,-0.16719205677509308,-1.2239189147949219,1.0026544332504272,1.0266447067260742,1.857080340385437,0.5646097660064697,0.1055925115942955
train,depablo_low_temp,46,10,0.7481634616851807,-0.4372889995574951,-1.4723682403564453,1.299891471862793,1.1150645017623901,2.138259172439575,0.9246724843978882,0.4214109182357788
train,depablo_low_temp,46,20,0.9121261835098267,-0.7086855173110962,-1.7908785343170166,1.641983151435852,1.2565333843231201,2.5051167011260986,1.3115204572677612,0.743323802947998
train,depablo_low_temp,46,30,1.084323525428772,-1.0022163391113281,-2.1156868934631348,2.0004310607910156,1.396254301071167,2.8825764656066895,1.722273826599121,1.0879027843475342
train,depablo_low_temp,46,40,1.262900710105896,-1.3180327415466309,-2.442159414291382,2.372480869293213,1.5308045148849487,3.2654378414154053,2.15535306930542,1.4547944068908691
train,depablo_low_temp,46,50,1.447750210762024,-1.6552917957305908,-2.769885540008545,2.7574596405029297,1.660223126411438,3.653388023376465,2.6097540855407715,1.8429958820343018
train,depablo_low_temp,46,60,1.6379808187484741,-2.0126962661743164,-3.0968894958496094,3.153472900390625,1.783541202545166,4.044247150421143,3.0834593772888184,2.2508883476257324
train,depablo_low_temp,46,70,1.83305025100708,-2.389091730117798,-3.4221253395080566,3.559264898300171,1.9003896713256836,4.4368391036987305,3.57493257522583,2.6771292686462402
train,depablo_low_temp,46,80,2.032635450363159,-2.782907247543335,-3.7451186180114746,3.9737114906311035,2.0109751224517822,4.830662250518799,4.082442760467529,3.1199839115142822
train,depablo_low_temp,46,90,2.236171007156372,-3.1923294067382812,-4.064962387084961,4.395288944244385,2.115262508392334,5.224681854248047,4.603864669799805,3.5774316787719727
train,depablo_low_temp,46,100,2.4425668716430664,-3.615751266479492,-4.379754543304443,4.821944236755371,2.212364673614502,5.61660099029541,5.136916160583496,4.047618865966797
train,depablo_low_temp,47,0,0.6228488087654114,0.07379773259162903,-1.3924617767333984,0.9858396053314209,1.2706692218780518,1.973892092704773,0.42098790407180786,-0.15640395879745483
train,depablo_low_temp,47,10,0.6350035071372986,-0.32961440086364746,-1.3599931001663208,1.17972993850708,1.102722406387329,1.922753930091858,0.8096509575843811,0.27760639786720276
train,depablo_low_temp,47,20,0.6531295776367188,-0.7518980503082275,-1.3329739570617676,1.3873813152313232,0.9328304529190063,1.8796623945236206,1.2187610864639282,0.7314532995223999
train,depablo_low_temp,47,30,0.6735738515853882,-1.193240761756897,-1.3030327558517456,1.6037249565124512,0.7547294497489929,1.8349101543426514,1.6453996896743774,1.2045223712921143
train,depablo_low_temp,47,40,0.6960490345954895,-1.6521775722503662,-1.2696521282196045,1.8276760578155518,0.5685675740242004,1.7879810333251953,2.0879123210906982,1.6951595544815063
train,depablo_low_temp,47,50,0.7204056978225708,-2.1274876594543457,-1.2326680421829224,2.0584893226623535,0.37465426325798035,1.7387282848358154,2.545018196105957,2.2020232677459717
train,depablo_low_temp,47,60,0.7465648651123047,-2.617799997329712,-1.1921330690383911,2.2954726219177246,0.17350900173187256,1.6872453689575195,3.0153729915618896,2.7236390113830566
train,depablo_low_temp,47,70,0.7744389176368713,-3.1217241287231445,-1.1481423377990723,2.537942886352539,-0.03432009741663933,1.6336501836776733,3.497631549835205,3.258528470993042
train,depablo_low_temp,47,80,0.8038925528526306,-3.637833833694458,-1.1007096767425537,2.7851462364196777,-0.2483326494693756,1.5779579877853394,3.9903829097747803,3.8051698207855225
train,depablo_low_temp,47,90,0.8349961638450623,-4.164448261260986,-1.0504218339920044,3.0365445613861084,-0.46752870082855225,1.5208275318145752,4.492179870605469,4.36183500289917
train,depablo_low_temp,47,100,0.8675707578659058,-4.699788570404053,-0.9973316788673401,3.2912144660949707,-0.6912630796432495,1.4622925519943237,5.001282691955566,4.926645278930664
train,depablo_low_temp,48,0,0.8053568601608276,-0.5111697912216187,-1.561258316040039,1.3947486877441406,1.1559696197509766,2.256777763366699,1.0289294719696045,0.5081804394721985
train,depablo_low_temp,48,10,0.9376418590545654,-0.7656537294387817,-1.8144466876983643,1.6872351169586182,1.2540090084075928,2.546963691711426,1.3748513460159302,0.8065091371536255
train,depablo_low_temp,48,20,1.0989891290664673,-1.0016783475875854,-2.126096725463867,2.0070769786834717,1.4036588668823242,2.910348653793335,1.7236435413360596,1.0883357524871826
train,depablo_low_temp,48,30,1.2649255990982056,-1.2469501495361328,-2.4388506412506104,2.333200693130493,1.5521776676177979,3.2782745361328125,2.081719398498535,1.3786207437515259
train,depablo_low_temp,48,40,1.4351401329040527,-1.5036201477050781,-2.7517340183258057,2.6661291122436523,1.6980643272399902,3.6495110988616943,2.450857400894165,1.6796107292175293
train,depablo_low_temp,48,50,1.6099169254302979,-1.7724146842956543,-3.0652055740356445,3.0065383911132812,1.8414044380187988,4.024600505828857,2.8319408893585205,1.9921191930770874
train,depablo_low_temp,48,60,1.7887104749679565,-2.053377628326416,-3.3780765533447266,3.353707790374756,1.9812923669815063,4.402133464813232,3.2245757579803467,2.3160901069641113
train,depablo_low_temp,48,70,1.971693992614746,-2.3462350368499756,-3.6906590461730957,3.707699775695801,2.1180810928344727,4.782533645629883,3.6286022663116455,2.6512303352355957
train,depablo_low_temp,48,80,2.158344030380249,-2.6503689289093018,-4.001942157745361,4.067551612854004,2.2512314319610596,5.164606094360352,4.0430402755737305,2.996791124343872
train,depablo_low_temp,48,90,2.3486876487731934,-2.9654273986816406,-4.312004089355469,4.433130741119385,2.380932331085205,5.548471450805664,4.467565536499023,3.3523917198181152
train,depablo_low_temp,48,100,2.5423715114593506,-3.290722370147705,-4.620228290557861,4.803683280944824,2.506965160369873,5.933393478393555,4.901275634765625,3.717247486114502
train,depablo_low_temp,49,0,0.4843243956565857,-0.5678591728210449,-0.9350152015686035,1.0407555103302002,0.700063943862915,1.4471347332000732,0.8816158175468445,0.4937094748020172
train,depablo_low_temp,49,10,0.5269849300384521,-0.9403926134109497,-0.9746450185775757,1.2630186080932617,0.5966088771820068,1.4817261695861816,1.2660455703735352,0.9008533358573914
train,depablo_low_temp,49,20,0.5803239345550537,-1.3313360214233398,-1.0298603773117065,1.5050994157791138,0.49894845485687256,1.536425232887268,1.674161434173584,1.3281755447387695
train,depablo_low_temp,49,30,0.6359583139419556,-1.7420601844787598,-1.0812276601791382,1.755735993385315,0.3922388255596161,1.588705062866211,2.100128650665283,1.7752513885498047
train,depablo_low_temp,49,40,0.6932079195976257,-2.1707427501678467,-1.1273789405822754,2.0131301879882812,0.2761327624320984,1.6370820999145508,2.5416252613067627,2.239955425262451
train,depablo_low_temp,49,50,0.7521325945854187,-2.6157007217407227,-1.1686612367630005,2.27661395072937,0.15148989856243134,1.6820335388183594,2.997101068496704,2.7204885482788086
train,depablo_low_temp,49,60,0.8124922513961792,-3.075160503387451,-1.2048773765563965,2.545123815536499,0.018782654777169228,1.7233529090881348,3.46472430229187,3.2149269580841064
train,depablo_low_temp,49,70,0.8742696046829224,-3.547071933746338,-1.236428141593933,2.817815065383911,-0.12098409980535507,1.7615149021148682,3.9426109790802,3.721118211746216
train,depablo_low_temp,49,80,0.9374350905418396,-4.029611587524414,-1.263736367225647,3.0939717292785645,-0.2668866217136383,1.7969743013381958,4.429111957550049,4.237173080444336
train,depablo_low_temp,49,90,1.0020792484283447,-4.520507335662842,-1.2875641584396362,3.3728466033935547,-0.4175800383090973,1.830597162246704,4.922264575958252,4.760749816894531
train,depablo_low_temp,49,100,1.0677769184112549,-5.017526626586914,-1.3076159954071045,3.6530520915985107,-0.5725387930870056,1.8619647026062012,5.419759273529053,5.289469242095947
train,depablo_low_temp,50,0,0.680787205696106,-0.2601540982723236,-1.3483715057373047,1.1269967555999756,1.0830379724502563,1.9973267316818237,0.7007426619529724,0.21823817491531372
train,depablo_low_temp,50,10,0.7972628474235535,-0.534781277179718,-1.5668201446533203,1.4082638025283813,1.147641897201538,2.2445151805877686,1.05410635471344,0.5359283685684204
train,depablo_low_temp,50,20,0.9508028626441956,-0.7956223487854004,-1.8612326383590698,1.7301201820373535,1.275009036064148,2.585165500640869,1.4213907718658447,0.8440132737159729
train,depablo_low_temp,50,30,1.111103892326355,-1.0711710453033447,-2.1602532863616943,2.063337802886963,1.4019496440887451,2.934572696685791,1.8046282529830933,1.1667613983154297
train,depablo_low_temp,50,40,1.2763352394104004,-1.3631081581115723,-2.459526300430298,2.4061098098754883,1.5246449708938599,3.2875916957855225,2.2038886547088623,1.505570888519287
train,depablo_low_temp,50,50,1.4458913803100586,-1.671594500541687,-2.757680892944336,2.757671594619751,1.6420228481292725,3.6426050662994385,2.6188299655914307,1.8604826927185059
train,depablo_low_temp,50,60,1.6200649738311768,-1.9964455366134644,-3.055286407470703,3.118295431137085,1.7545974254608154,4.000339984893799,3.0494742393493652,2.231320381164551
train,depablo_low_temp,50,70,1.798086166381836,-2.337063789367676,-3.350782871246338,3.4866957664489746,1.8614171743392944,4.358957767486572,3.4946634769439697,2.6172990798950195
train,depablo_low_temp,50,80,1.9803955554962158,-2.692866802215576,-3.645176410675049,3.86320161819458,1.9634490013122559,4.719681739807129,3.954185962677002,3.017861843109131
train,depablo_low_temp,50,90,2.166396141052246,-3.063007354736328,-3.9373087882995605,4.246647357940674,2.060147762298584,5.08116340637207,4.426787376403809,3.431988000869751
train,depablo_low_temp,50,100,2.3565521240234375,-3.447004795074463,-4.228222846984863,4.637439727783203,2.1524717807769775,5.4446702003479,4.912374973297119,3.8592336177825928
train,depablo_low_temp,51,0,0.44190913438796997,-0.47153884172439575,-0.8971261978149414,0.9695082306861877,0.7192546725273132,1.37665855884552,0.7847856879234314,0.37971797585487366
train,depablo_low_temp,51,10,0.45795944333076477,-0.8431382179260254,-0.877243161201477,1.1545006036758423,0.5717926621437073,1.3421353101730347,1.1462557315826416,0.7803665995597839
train,depablo_low_temp,51,20,0.4761139154434204,-1.2267284393310547,-0.8553502559661865,1.3449909687042236,0.4192692041397095,1.3070857524871826,1.518587589263916,1.192716360092163
train,depablo_low_temp,51,30,0.49580979347229004,-1.6263203620910645,-0.8296071887016296,1.5419566631317139,0.2588403522968292,1.2692214250564575,1.905052661895752,1.6209464073181152
train,depablo_low_temp,51,40,0.5169615149497986,-2.042346954345703,-0.7996826767921448,1.7454242706298828,0.09011189639568329,1.2281756401062012,2.305950164794922,2.065478563308716
train,depablo_low_temp,51,50,0.5396513342857361,-2.4741222858428955,-0.7657845616340637,1.9551674127578735,-0.0865074023604393,1.1842482089996338,2.7206711769104004,2.525573492050171
train,depablo_low_temp,51,60,0.5638160705566406,-2.9211716651916504,-0.7278419733047485,2.1708908081054688,-0.27090784907341003,1.1373705863952637,3.1487104892730713,3.0007095336914062
train,depablo_low_temp,51,70,0.5894109010696411,-3.3824422359466553,-0.6858909130096436,2.3920631408691406,-0.46268436312675476,1.0876274108886719,3.5890350341796875,3.4897446632385254
train,depablo_low_temp,51,80,0.6164159178733826,-3.8568830490112305,-0.640129566192627,2.618244171142578,-0.6613325476646423,1.035245656967163,4.040674686431885,3.99157977104187
train,depablo_low_temp,51,90,0.6446869373321533,-4.343268394470215,-0.5904697775840759,2.8487279415130615,-0.8664873838424683,0.9801366329193115,4.502382755279541,4.504888534545898
train,depablo_low_temp,51,100,0.6741597056388855,-4.840207099914551,-0.5371173024177551,3.082895517349243,-1.077523946762085,0.9225220680236816,4.972859859466553,5.028217792510986
train,depablo_low_temp,52,0,0.6665397882461548,-0.7634768486022949,-1.3350929021835327,1.395375370979309,0.9399149417877197,1.8902171850204468,1.2333292961120605,0.7352902889251709
train,depablo_low_temp,52,10,0.6860995888710022,-1.1210741996765137,-1.3267468214035034,1.579972267150879,0.805402934551239,1.8688490390777588,1.5848921537399292,1.1220134496688843
train,depablo_low_temp,52,20,0.70926833152771,-1.4881272315979004,-1.320206642150879,1.7710845470428467,0.6695341467857361,1.8514635562896729,1.9461965560913086,1.518064022064209
train,depablo_low_temp,52,30,0.7331877946853638,-1.8681097030639648,-1.3087174892425537,1.9663550853729248,0.5260066986083984,1.8299808502197266,2.318190813064575,1.9265950918197632
train,depablo_low_temp,52,40,0.757736325263977,-2.2604737281799316,-1.2921104431152344,2.1653902530670166,0.3748864233493805,1.8042125701904297,2.7002665996551514,2.346999406814575
train,depablo_low_temp,52,50,0.7829611897468567,-2.664247751235962,-1.2706888914108276,2.3678579330444336,0.21673543751239777,1.7745184898376465,3.091573715209961,2.7782654762268066
train,depablo_low_temp,52,60,0.808775782585144,-3.0784826278686523,-1.2445074319839478,2.573282480239868,0.05191078782081604,1.740943193435669,3.4911887645721436,3.2193918228149414
train,depablo_low_temp,52,70,0.8351696729660034,-3.5020689964294434,-1.2138283252716064,2.781231641769409,-0.11901441216468811,1.703773856163025,3.8981146812438965,3.6692264080047607
train,depablo_low_temp,52,80,0.8621772527694702,-3.933894634246826,-1.1790357828140259,2.991342782974243,-0.29538214206695557,1.6634316444396973,4.311392307281494,4.1266326904296875
train,depablo_low_temp,52,90,0.8897708654403687,-4.372865676879883,-1.1404225826263428,3.203205108642578,-0.47661516070365906,1.6202058792114258,4.730053901672363,4.5904951095581055
train,depablo_low_temp,52,100,0.9176677465438843,-4.817753314971924,-1.0976576805114746,3.4159536361694336,-0.6625306606292725,1.5736973285675049,5.15277099609375,5.0594801902771
train,depablo_low_temp,53,0,0.4585731327533722,0.2830270826816559,-1.076332926750183,0.680893063545227,1.11572265625,1.6002949476242065,0.10271333158016205,-0.41302305459976196
train,depablo_low_temp,53,10,0.4575642943382263,-0.13563963770866394,-1.0113753080368042,0.8628052473068237,0.9184935092926025,1.5110479593276978,0.49463367462158203,0.03432546183466911
train,depablo_low_temp,53,20,0.45944929122924805,-0.5699566602706909,-0.9452068209648132,1.0526812076568604,0.7155880928039551,1.4222921133041382,0.901348888874054,0.4973345994949341
train,depablo_low_temp,53,30,0.4629802405834198,-1.0199804306030273,-0.8750576972961426,1.2488348484039307,0.5049014091491699,1.3307799100875854,1.3218777179718018,0.9758192300796509
train,depablo_low_temp,53,40,0.4683106541633606,-1.4845267534255981,-0.8014780879020691,1.4509795904159546,0.28725239634513855,1.2371785640716553,1.7552413940429688,1.468554973602295
train,depablo_low_temp,53,50,0.4753979742527008,-1.9626487493515015,-0.7245495319366455,1.658663272857666,0.06302763521671295,1.1415982246398926,2.2005274295806885,1.9745312929153442
train,depablo_low_temp,53,60,0.48420533537864685,-2.453071117401123,-0.6444665193557739,1.871325969696045,-0.16719180345535278,1.0442696809768677,2.6565418243408203,2.4924046993255615
train,depablo_low_temp,53,70,0.4946589767932892,-2.9546267986297607,-0.5613267421722412,2.088405132293701,-0.40293338894844055,0.9453058242797852,3.1221632957458496,3.020939350128174
train,depablo_low_temp,53,80,0.50673907995224,-3.466029405593872,-0.47542956471443176,2.3093950748443604,-0.6435444355010986,0.8450295925140381,3.5962297916412354,3.558802366256714
train,depablo_low_temp,53,90,0.5203625559806824,-3.9858293533325195,-0.3869621157646179,2.5336337089538574,-0.8883941769599915,0.7436375617980957,4.0773773193359375,4.104475498199463
train,depablo_low_temp,53,100,0.5354852080345154,-4.512798309326172,-0.296181857585907,2.760617256164551,-1.1368824243545532,0.641392171382904,4.564487457275391,4.656691074371338
train,depablo_low_temp,54,0,0.5440736413002014,-0.47185400128364563,-1.1436713933944702,1.1261905431747437,0.9129606485366821,1.6528654098510742,0.8852779865264893,0.3985881209373474
train,depablo_low_temp,54,10,0.5211496353149414,-0.852607250213623,-1.035392165184021,1.261176586151123,0.6967500448226929,1.514336347579956,1.223256230354309,0.800566554069519
train,depablo_low_temp,54,20,0.49961256980895996,-1.249790906906128,-0.9211742877960205,1.401732087135315,0.47131508588790894,1.3713291883468628,1.5750361680984497,1.2183635234832764
train,depablo_low_temp,54,30,0.48044079542160034,-1.6648353338241577,-0.8029484748840332,1.5498183965682983,0.2375677525997162,1.2260692119598389,1.9427311420440674,1.6536952257156372
train,depablo_low_temp,54,40,0.4638775885105133,-2.097275495529175,-0.6812840104103088,1.7055456638336182,-0.0039033140055835247,1.0792560577392578,2.3260793685913086,2.1061015129089355
train,depablo_low_temp,54,50,0.4499244689941406,-2.5459818840026855,-0.556293249130249,1.8683934211730957,-0.25260061025619507,0.9310842752456665,2.723999261856079,2.5743556022644043
train,depablo_low_temp,54,60,0.4388236403465271,-3.010084629058838,-0.4286969006061554,2.0383450984954834,-0.5076951384544373,0.7824016809463501,3.135887622833252,3.0575919151306152
train,depablo_low_temp,54,70,0.43060964345932007,-3.4883971214294434,-0.2987864315509796,2.214951753616333,-0.7685511708259583,0.6335705518722534,3.560676336288452,3.5545620918273926
train,depablo_low_temp,54,80,0.4253695011138916,-3.9794223308563232,-0.16712534427642822,2.397761821746826,-1.0342442989349365,0.485231876373291,3.997089147567749,4.063726902008057
train,depablo_low_temp,54,90,0.4230518937110901,-4.481927871704102,-0.03387775644659996,2.5862174034118652,-1.3042240142822266,0.3375747501850128,4.443970680236816,4.5837883949279785
train,depablo_low_temp,54,100,0.4237973093986511,-4.9944167137146,0.1001875102519989,2.779986619949341,-1.5774263143539429,0.1914418786764145,4.900123596191406,5.113244533538818
train,depablo_low_temp,55,0,0.6199135780334473,-1.062757968902588,-1.155716896057129,1.4423985481262207,0.6984398365020752,1.6896311044692993,1.460126519203186,1.042580485343933
train,depablo_low_temp,55,10,0.647803008556366,-1.4100604057312012,-1.1681151390075684,1.6343533992767334,0.5826451778411865,1.6924573183059692,1.808833122253418,1.4199590682983398
train,depablo_low_temp,55,20,0.6792723536491394,-1.7714334726333618,-1.1810712814331055,1.8345309495925903,0.4630610942840576,1.6978635787963867,2.171417713165283,1.811438798904419
train,depablo_low_temp,55,30,0.7126739621162415,-2.152400255203247,-1.1897087097167969,2.042853832244873,0.3341291546821594,1.7001473903656006,2.551528215408325,2.2224769592285156
train,depablo_low_temp,55,40,0.7481315732002258,-2.5527334213256836,-1.193965196609497,2.2591962814331055,0.19595056772232056,1.6994153261184692,2.948901891708374,2.652743101119995
train,depablo_low_temp,55,50,0.7856680154800415,-2.9717752933502197,-1.1937825679779053,2.4831936359405518,0.04874832183122635,1.6957144737243652,3.3628532886505127,3.101477861404419
train,depablo_low_temp,55,60,0.8254850506782532,-3.4086084365844727,-1.189512848854065,2.7146005630493164,-0.1068456768989563,1.6895946264266968,3.792593240737915,3.5676732063293457
train,depablo_low_temp,55,70,0.8676100373268127,-3.862030029296875,-1.1812864542007446,2.9528722763061523,-0.2702864408493042,1.681298017501831,4.236968040466309,4.050014019012451
train,depablo_low_temp,55,80,0.9121917486190796,-4.33077335357666,-1.1695237159729004,3.1976125240325928,-0.440787136554718,1.6714048385620117,4.69488000869751,4.547152519226074
train,depablo_low_temp,55,90,0.9590743780136108,-4.8132195472717285,-1.1541556119918823,3.4479174613952637,-0.6178219318389893,1.6598725318908691,5.164697647094727,5.057337760925293
train,depablo_low_temp,55,100,1.0084770917892456,-5.307516574859619,-1.1360728740692139,3.703354835510254,-0.8000914454460144,1.6477466821670532,5.644914627075195,5.57867956161499
train,depablo_low_temp,56,0,0.5626863241195679,-0.011482840403914452,-1.2072817087173462,0.9126275181770325,1.0899349451065063,1.780714750289917,0.4250985383987427,-0.07528267055749893
train,depablo_low_temp,56,10,0.6077646613121033,-0.381301611661911,-1.2530635595321655,1.1371814012527466,0.9921479225158691,1.8221595287322998,0.8092392683029175,0.32955947518348694
train,depablo_low_temp,56,20,0.6609842777252197,-0.7475119829177856,-1.3128056526184082,1.3688735961914062,0.9067119359970093,1.8822156190872192,1.1946601867675781,0.7307738661766052
train,depablo_low_temp,56,30,0.7133452296257019,-1.1236881017684937,-1.3648223876953125,1.6013978719711304,0.8126110434532166,1.934882402420044,1.5868651866912842,1.1411263942718506
train,depablo_low_temp,56,40,0.7655792236328125,-1.5120099782943726,-1.4105604887008667,1.836786150932312,0.7101061344146729,1.9817103147506714,1.988548994064331,1.5631381273269653
train,depablo_low_temp,56,50,0.8179603815078735,-1.913156509399414,-1.4505826234817505,2.0757386684417725,0.5993561148643494,2.0233092308044434,2.400587320327759,1.997603416442871
train,depablo_low_temp,56,60,0.8707147836685181,-2.3270680904388428,-1.485361933708191,2.3185205459594727,0.4807385206222534,2.0602526664733887,2.823094367980957,2.4444940090179443
train,depablo_low_temp,56,70,0.9237684011459351,-2.7533886432647705,-1.5147911310195923,2.5648763179779053,0.35429704189300537,2.092423439025879,3.2556724548339844,2.903412342071533
train,depablo_low_temp,56,80,0.9776760339736938,-3.191403388977051,-1.5402202606201172,2.81526780128479,0.2212817221879959,2.1214232444763184,3.698106288909912,3.373713731765747
train,depablo_low_temp,56,90,1.031929612159729,-3.6403536796569824,-1.560651421546936,3.068671941757202,0.08122202754020691,2.1461000442504883,4.1492791175842285,3.8544888496398926
train,depablo_low_temp,56,100,1.0869123935699463,-4.099142074584961,-1.577144980430603,3.3251664638519287,-0.06471170485019684,2.1677136421203613,4.60849142074585,4.344655990600586
train,depablo_low_temp,57,0,0.6091296672821045,-1.1281882524490356,-1.0578653812408447,1.4068223237991333,0.5714424848556519,1.6171445846557617,1.4619253873825073,1.1179769039154053
train,depablo_low_temp,57,10,0.6963866353034973,-1.3971327543258667,-1.2136554718017578,1.646573781967163,0.5918880105018616,1.7906713485717773,1.7868964672088623,1.4235414266586304
train,depablo_low_temp,57,20,0.8000461459159851,-1.6685844659805298,-1.395895004272461,1.904895305633545,0.6330341696739197,1.9995379447937012,2.1238901615142822,1.7322983741760254
train,depablo_low_temp,57,30,0.9079195261001587,-1.951399564743042,-1.578059196472168,2.169830799102783,0.6713932752609253,2.211493730545044,2.471778392791748,2.051729202270508
train,depablo_low_temp,57,40,1.0196728706359863,-2.245450258255005,-1.7597672939300537,2.4410507678985596,0.7066459059715271,2.425933837890625,2.830294609069824,2.381720542907715
train,depablo_low_temp,57,50,1.1353352069854736,-2.549934148788452,-1.9414818286895752,2.7183947563171387,0.739363431930542,2.643298387527466,3.198815107345581,2.7214977741241455
train,depablo_low_temp,57,60,1.254794955253601,-2.863764524459839,-2.123418092727661,3.001403331756592,0.77003014087677,2.8637399673461914,3.576348304748535,3.069967746734619
train,depablo_low_temp,57,70,1.3776687383651733,-3.185487747192383,-2.3052096366882324,3.2890567779541016,0.7988463640213013,3.086754322052002,3.961327314376831,3.425579071044922
train,depablo_low_temp,57,80,1.5038185119628906,-3.513753652572632,-2.4870431423187256,3.5807392597198486,0.8263855576515198,3.3124756813049316,4.352498531341553,3.78694748878479
train,depablo_low_temp,57,90,1.6331827640533447,-3.8475394248962402,-2.669261932373047,3.876099109649658,0.8532084226608276,3.5411925315856934,4.748983383178711,4.153063774108887
train,depablo_low_temp,57,100,1.7654740810394287,-4.185556888580322,-2.8516955375671387,4.174332141876221,0.87961745262146,3.7726259231567383,5.149468421936035,4.52257776260376
train,depablo_low_temp,58,0,0.7041667103767395,-0.18964016437530518,-1.4266188144683838,1.1377174854278564,1.1681607961654663,2.0798587799072266,0.6620216965675354,0.14829853177070618
train,depablo_low_temp,58,10,0.8039825558662415,-0.4808080494403839,-1.6059308052062988,1.4034183025360107,1.198228120803833,2.280404806137085,1.0177613496780396,0.4803008735179901
train,depablo_low_temp,58,20,0.932594895362854,-0.7660980820655823,-1.8425477743148804,1.7021929025650024,1.274327039718628,2.5517563819885254,1.3884937763214111,0.8096415996551514
train,depablo_low_temp,58,30,1.0654373168945312,-1.063632845878601,-2.079716920852661,2.008371353149414,1.3475799560546875,2.8265578746795654,1.7712209224700928,1.150800108909607
train,depablo_low_temp,58,40,1.2020736932754517,-1.372982382774353,-2.3166987895965576,2.3212623596191406,1.417543649673462,3.1038811206817627,2.1652355194091797,1.5032715797424316
train,depablo_low_temp,58,50,1.3424311876296997,-1.6935681104660034,-2.5535247325897217,2.6405725479125977,1.4844235181808472,3.3837337493896484,2.5699758529663086,1.866450309753418
train,depablo_low_temp,58,60,1.4863334894180298,-2.0241737365722656,-2.790057420730591,2.9655721187591553,1.5485445261001587,3.6659598350524902,2.984189748764038,2.2390236854553223
train,depablo_low_temp,58,70,1.6335452795028687,-2.36377215385437,-3.0260579586029053,3.295562267303467,1.6100777387619019,3.95025634765625,3.40677547454834,2.6198835372924805
train,depablo_low_temp,58,80,1.7838146686553955,-2.710691452026367,-3.2613773345947266,3.6295578479766846,1.6694903373718262,4.236428737640381,3.8360342979431152,3.0072381496429443
train,depablo_low_temp,58,90,1.936814785003662,-3.0637123584747314,-3.495690107345581,3.966698169708252,1.7269463539123535,4.5240373611450195,4.270649433135986,3.399785041809082
train,depablo_low_temp,58,100,2.09258770942688,-3.4212751388549805,-3.7294888496398926,4.306454181671143,1.7833545207977295,4.813635349273682,4.709270000457764,3.795915126800537
train,depablo_low_temp,59,0,0.581558346748352,-0.8438754081726074,-1.1525499820709229,1.3296096324920654,0.7908746600151062,1.6607779264450073,1.258187174797058,0.7987188696861267
train,depablo_low_temp,59,10,0.5628359913825989,-1.233404517173767,-1.050528883934021,1.4732967615127563,0.5762619376182556,1.5300716161727905,1.606896996498108,1.2103447914123535
train,depablo_low_temp,59,20,0.5455250144004822,-1.6406364440917969,-0.9423494338989258,1.623095154762268,0.3517981171607971,1.394636631011963,1.9705748558044434,1.6391370296478271
train,depablo_low_temp,59,30,0.530315101146698,-2.0659289360046387,-0.8294820189476013,1.7801083326339722,0.11842779815196991,1.256182312965393,2.3500969409942627,2.0856130123138428
train,depablo_low_temp,59,40,0.5171721577644348,-2.508728265762329,-0.7118339538574219,1.9439946413040161,-0.12370570749044418,1.114664077758789,2.744873523712158,2.549142837524414
train,depablo_low_temp,59,50,0.5065858960151672,-2.9679765701293945,-0.5906808972358704,2.1149849891662598,-0.3732932209968567,0.9715960621833801,3.1543161869049072,3.0287060737609863
train,depablo_low_temp,59,60,0.4982337951660156,-3.4426651000976562,-0.4654281735420227,2.2921793460845947,-0.6304086446762085,0.8263266086578369,3.577204704284668,3.5231480598449707
train,depablo_low_temp,59,70,0.49234962463378906,-3.93169903755188,-0.33682602643966675,2.4754586219787598,-0.8941179513931274,0.6797387599945068,4.012728691101074,4.031369686126709
train,depablo_low_temp,59,80,0.4891251027584076,-4.433636665344238,-0.20568203926086426,2.6645493507385254,-1.1633405685424805,0.532748818397522,4.459755897521973,4.551918983459473
train,depablo_low_temp,59,90,0.48831498622894287,-4.947152614593506,-0.07172969728708267,2.85857892036438,-1.4378082752227783,0.38504984974861145,4.916881084442139,5.08335542678833
train,depablo_low_temp,59,100,0.4900258779525757,-5.470728874206543,0.06434100866317749,3.0571529865264893,-1.7165043354034424,0.23739376664161682,5.382861614227295,5.624149799346924
train,depablo_mixed_temp,60,0,0.5279383063316345,-0.8742541670799255,-1.0189605951309204,1.2601732015609741,0.673926830291748,1.5086138248443604,1.233048915863037,0.8214629292488098
train,depablo_mixed_temp,60,10,0.5579267144203186,-1.2107062339782715,-0.9476954936981201,1.4045886993408203,0.525541365146637,1.4577298164367676,1.5435686111450195,1.159748911857605
train,depablo_mixed_temp,60,20,0.8015550374984741,-1.8297028541564941,-1.3576507568359375,1.9901466369628906,0.6154894828796387,1.9360008239746094,2.3066117763519287,1.8578076362609863
train,depablo_mixed_temp,60,30,0.7016767263412476,-1.8915091753005981,-1.1535414457321167,1.8943252563476562,0.43339794874191284,1.6828690767288208,2.291292428970337,1.9128953218460083
train,depablo_mixed_temp,60,40,0.8512282967567444,-2.480647325515747,-1.3600729703903198,2.3421640396118164,0.3848760724067688,1.9263170957565308,2.9514546394348145,2.5578949451446533
train,depablo_mixed_temp,60,50,0.8549021482467651,-3.6363067626953125,-1.0886343717575073,2.793797254562378,-0.21193137764930725,1.6220141649246216,3.994130849838257,3.7640857696533203
train,depablo_mixed_temp,60,60,0.8438353538513184,-3.441135883331299,-1.1306726932525635,2.7159457206726074,-0.11582858860492706,1.6607520580291748,3.817780017852783,3.563323974609375
train,depablo_mixed_temp,60,70,0.7769209742546082,-4.105231285095215,-0.8379318118095398,2.8881075382232666,-0.5668068528175354,1.3170723915100098,4.36460018157959,4.246061325073242
train,depablo_mixed_temp,60,80,0.7483339309692383,-4.347023963928223,-0.7141538262367249,2.9442737102508545,-0.7391901612281799,1.1775456666946411,4.558906555175781,4.490713596343994
train,depablo_mixed_temp,60,90,1.008689045906067,-4.897660732269287,-1.1526918411254883,3.5128164291381836,-0.6051509380340576,1.6993439197540283,5.2604217529296875,5.113472938537598
train,depablo_mixed_temp,60,100,0.9065049290657043,-5.256638050079346,-0.8273123502731323,3.5065481662750244,-0.9676308631896973,1.3288962841033936,5.494850158691406,5.4617509841918945
train,depablo_mixed_temp,61,0,0.5837085247039795,-0.6280110478401184,-1.1223113536834717,1.1890133619308472,0.8135634064674377,1.681752324104309,1.0049469470977783,0.5782719254493713
train,depablo_mixed_temp,61,10,1.5377991199493408,-0.9516698718070984,-2.7004551887512207,2.391062021255493,1.9952728748321533,3.760573625564575,1.9140701293945312,0.9724842309951782
train,depablo_mixed_temp,61,20,0.14397700130939484,-1.1791205406188965,0.32560664415359497,0.6246719360351562,-0.3598833382129669,0.15690888464450836,1.0266672372817993,0.9554838538169861
train,depablo_mixed_temp,61,30,0.8288277387619019,-2.1190237998962402,-1.1867685317993164,2.0506703853607178,0.38807564973831177,1.83819580078125,2.508281707763672,2.137223243713379
train,depablo_mixed_temp,61,40,1.273125410079956,-2.391348361968994,-1.9929279088974,2.7075929641723633,0.9254156351089478,2.8426148891448975,3.0785694122314453,2.4771528244018555
train,depablo_mixed_temp,61,50,2.1928658485412598,-2.8747451305389404,-3.736751079559326,4.064384937286377,2.096392869949341,4.975895404815674,4.197056770324707,3.1229779720306396
train,depablo_mixed_temp,61,60,1.514527678489685,-3.238431692123413,-2.3074278831481934,3.3607559204101562,0.8785261511802673,3.229677200317383,4.034693717956543,3.405888319015503
train,depablo_mixed_temp,61,70,1.5449093580245972,-2.557218551635742,-2.511794328689575,3.1306865215301514,1.2747584581375122,3.476024627685547,3.438537120819092,2.688019275665283
train,depablo_mixed_temp,61,80,1.7801201343536377,-3.7738630771636963,-2.821568012237549,3.9620230197906494,1.0530539751052856,3.808140754699707,4.743407726287842,4.0343828201293945
train,depablo_mixed_temp,61,90,1.6219340562820435,-5.1671881675720215,-2.0584774017333984,4.244409561157227,0.030260078608989716,2.9694008827209473,5.843183517456055,5.427951812744141
train,depablo_mixed_temp,61,100,1.4410141706466675,-3.8642287254333496,-2.064671277999878,3.542213201522827,0.4662606716156006,2.917236804962158,4.562261581420898,4.0594868659973145
train,depablo_mixed_temp,62,0,0.7344766855239868,-1.1997418403625488,-1.2696634531021118,1.5795416831970215,0.7014780640602112,1.9051945209503174,1.6051239967346191,1.2195141315460205
train,depablo_mixed_temp,62,10,1.3836954832077026,-1.139440655708313,-2.558248996734619,2.3643901348114014,1.720784068107605,3.4927163124084473,2.022228479385376,1.2346853017807007
train,depablo_mixed_temp,62,20,1.475353717803955,-1.540089726448059,-2.715670585632324,2.67092227935791,1.688023567199707,3.6579132080078125,2.4744462966918945,1.6895949840545654
train,depablo_mixed_temp,62,30,2.0720841884613037,-1.2923462390899658,-3.8706350326538086,3.2770512104034424,2.681140661239624,5.116110801696777,2.6536169052124023,1.4859061241149902
train,depablo_mixed_temp,62,40,1.8908774852752686,-2.078305721282959,-3.3500442504882812,3.3718700408935547,2.0237228870391846,4.485595703125,3.248422145843506,2.292428731918335
train,depablo_mixed_temp,62,50,1.8600727319717407,-2.156266212463379,-3.303995370864868,3.3806986808776855,1.949973225593567,4.410884857177734,3.306682586669922,2.3752951622009277
train,depablo_mixed_temp,62,60,2.6117799282073975,-2.6693925857543945,-4.58961296081543,4.484554767608643,2.7833714485168457,6.044445514678955,4.282145023345947,2.9781908988952637
train,depablo_mixed_temp,62,70,1.94954514503479,-2.862661123275757,-3.3222129344940186,3.772674083709717,1.725524663925171,4.44188117980957,4.0112738609313965,3.12294602394104
train,depablo_mixed_temp,62,80,2.7052998542785645,-3.2291338443756104,-4.6851630210876465,4.838655948638916,2.6528759002685547,6.150803089141846,4.867563724517822,3.5933122634887695
train,depablo_mixed_temp,62,90,2.025380849838257,-3.419081926345825,-3.3561387062072754,4.092839241027832,1.5566561222076416,4.488561630249023,4.57115364074707,3.7175068855285645
train,depablo_mixed_temp,62,100,2.577324151992798,-3.9271016120910645,-4.206056118011475,4.913881301879883,2.0589282512664795,5.607147216796875,5.377303600311279,4.286005973815918
train,depablo_mixed_temp,63,0,0.8624266386032104,-1.574834942817688,-1.5101208686828613,1.9295583963394165,0.7568097114562988,2.16172456741333,2.073371171951294,1.6396820545196533
train,depablo_mixed_temp,63,10,4.092209339141846,-1.155772089958191,-7.03717041015625,5.350967884063721,5.443791389465332,9.49154281616211,3.717493772506714,1.3225144147872925
train,depablo_mixed_temp,63,20,2.343848943710327,-1.44081711769104,-3.756781816482544,3.387575149536133,2.7379987239837646,5.311445713043213,2.776643991470337,1.4668632745742798
train,depablo_mixed_temp,63,30,3.3448097705841064,-0.8308286666870117,-5.476716041564941,4.188404083251953,4.384183883666992,7.634034156799316,2.815509796142578,0.8500697612762451
train,depablo_mixed_temp,63,40,2.8182506561279297,-1.8392887115478516,-4.785180568695068,4.2348246574401855,3.36012864112854,6.500668048858643,3.559110164642334,2.0009326934814453
train,depablo_mixed_temp,63,50,4.313099384307861,-1.5282583236694336,-7.504724025726318,5.844997406005859,5.659600257873535,10.017500877380371,4.261412620544434,1.7716498374938965
train,depablo_mixed_temp,63,60,4.332682132720947,-1.9237555265426636,-7.200347900390625,5.884561538696289,5.358306884765625,9.786867141723633,4.5493316650390625,2.1137733459472656
train,depablo_mixed_temp,63,70,3.6123251914978027,-1.2189182043075562,-6.267681121826172,4.860616683959961,4.775480270385742,8.431414604187012,3.499138116836548,1.3992512226104736
train,depablo_mixed_temp,63,80,3.469691038131714,-2.162125825881958,-5.720840930938721,5.039993762969971,4.050479888916016,7.8060622215271,4.226593971252441,2.321702718734741
train,depablo_mixed_temp,63,90,3.9490747451782227,-3.387298107147217,-6.532840728759766,6.1848063468933105,4.184665203094482,8.745165824890137,5.710422515869141,3.719158411026001
train,depablo_mixed_temp,63,100,4.844675064086914,-1.5418721437454224,-8.49884033203125,6.50238561630249,6.453313827514648,11.276681900024414,4.657905578613281,1.8311632871627808
train,depablo_mixed_temp,64,0,0.656355082988739,-0.2357262372970581,-1.4086096286773682,1.16167414188385,1.1787594556808472,1.989142894744873,0.7372887134552002,0.17664512991905212
train,depablo_mixed_temp,64,10,0.20988816022872925,-1.0599665641784668,0.037304945290088654,0.7328803539276123,-0.11274173855781555,0.4274493455886841,1.0247708559036255,0.8651909828186035
train,depablo_mixed_temp,64,20,0.28769031167030334,-1.4718986749649048,0.027948863804340363,0.9689671993255615,-0.23130181431770325,0.4749802350997925,1.435537338256836,1.2934894561767578
train,depablo_mixed_temp,64,30,0.45845693349838257,-1.6891337633132935,-0.22934484481811523,1.2495553493499756,-0.10884515941143036,0.8099061846733093,1.7369754314422607,1.5368871688842773
train,depablo_mixed_temp,64,40,0.36330872774124146,-1.9809330701828003,-0.18347686529159546,1.3573408126831055,-0.2824622094631195,0.6494719386100769,2.0182929039001465,1.8886470794677734
train,depablo_mixed_temp,64,50,0.47206586599349976,-2.356332778930664,-0.3743422329425812,1.6811819076538086,-0.2776392996311188,0.8602273464202881,2.4595131874084473,2.305602788925171
train,depablo_mixed_temp,64,60,0.17066092789173126,-3.057431936264038,0.5738437175750732,1.471368432044983,-1.2002753019332886,-0.19524431228637695,2.801422595977783,2.950780153274536
train,depablo_mixed_temp,64,70,0.2362486720085144,-3.502678394317627,0.5825590491294861,1.7202773094177246,-1.3472462892532349,-0.17315766215324402,3.237508773803711,3.4074792861938477
train,depablo_mixed_temp,64,80,0.6801900863647461,-3.390212297439575,-0.3723352551460266,2.247966766357422,-0.5812860131263733,0.967787504196167,3.482058048248291,3.367466449737549
train,depablo_mixed_temp,64,90,0.32626432180404663,-3.3507559299468994,0.43967801332473755,1.7300735712051392,-1.1580796241760254,0.034740887582302094,3.1476902961730957,3.2477757930755615
train,depablo_mixed_temp,64,100,0.6254698038101196,-4.397485733032227,-0.10837697982788086,2.624711275100708,-1.1445825099945068,0.6262767910957336,4.379441738128662,4.436354637145996
train,depablo_mixed_temp,65,0,0.6604121923446655,-1.2911391258239746,-1.1406564712524414,1.5494112968444824,0.5860740542411804,1.7122220993041992,1.660631775856018,1.2970960140228271
train,depablo_mixed_temp,65,10,0.8239924907684326,-1.892993688583374,-1.0977013111114502,1.8861210346221924,0.4245615601539612,1.8015222549438477,2.250373601913452,1.8684477806091309
train,depablo_mixed_temp,65,20,0.6632617115974426,-2.6967906951904297,-0.5261669754981995,1.963667869567871,-0.2758268117904663,1.148903250694275,2.8313796520233154,2.6654300689697266
train,depablo_mixed_temp,65,30,1.1477534770965576,-2.5162301063537598,-1.56342613697052,2.5143027305603027,0.5779023766517639,2.4014248847961426,3.037290096282959,2.5568959712982178
train,depablo_mixed_temp,65,40,1.6959692239761353,-2.622232437133789,-2.7118968963623047,3.301062822341919,1.4046118259429932,3.774430751800537,3.5624098777770996,2.756192445755005
train,depablo_mixed_temp,65,50,1.3951810598373413,-3.8670778274536133,-1.7560851573944092,3.3696744441986084,0.2525213658809662,2.6619465351104736,4.4340105056762695,3.9980220794677734
train,depablo_mixed_temp,65,60,1.9502695798873901,-3.1630609035491943,-3.0764052867889404,3.814689874649048,1.5009701251983643,4.238608360290527,4.2279791831970215,3.3599276542663574
train,depablo_mixed_temp,65,70,1.3338301181793213,-3.2527871131896973,-1.904126524925232,3.1186952590942383,0.5535359382629395,2.763951539993286,3.889589309692383,3.3885622024536133
train,depablo_mixed_temp,65,80,1.994448184967041,-4.5529656410217285,-2.670602798461914,4.326479434967041,0.7481902241706848,3.8567426204681396,5.443538665771484,4.761870861053467
train,depablo_mixed_temp,65,90,1.9953171014785767,-4.705048084259033,-2.72737717628479,4.441065788269043,0.7583111524581909,3.8904290199279785,5.640747547149658,4.954096794128418
train,depablo_mixed_temp,65,100,2.0486972332000732,-4.506205081939697,-2.970264434814453,4.478030681610107,0.9697937965393066,4.132583141326904,5.5205769538879395,4.771692276000977
train,depablo_mixed_temp,66,0,0.5744556188583374,-0.8109652996063232,-1.1320439577102661,1.2967122793197632,0.7791798114776611,1.6441733837127686,1.2112499475479126,0.7646365761756897
train,depablo_mixed_temp,66,10,0.9278331995010376,-1.9401466846466064,-0.9380506873130798,1.864073395729065,0.4363330006599426,1.7701746225357056,2.2710931301116943,1.7925426959991455
train,depablo_mixed_temp,66,20,0.9443765878677368,-2.3194797039031982,-1.2444097995758057,2.221304416656494,0.4530651569366455,1.9630659818649292,2.760509490966797,2.298678398132324
train,depablo_mixed_temp,66,30,0.899130642414093,-2.703803062438965,-0.896491527557373,2.2244043350219727,0.10239556431770325,1.6321731805801392,3.0128073692321777,2.646731376647949
train,depablo_mixed_temp,66,40,1.0897613763809204,-3.41839337348938,-1.258284330368042,2.8327062129974365,0.08838905394077301,2.0125482082366943,3.844433069229126,3.451232671737671
train,depablo_mixed_temp,66,50,1.0452982187271118,-2.893462657928467,-1.4031612873077393,2.629401683807373,0.3570883572101593,2.1259400844573975,3.3844945430755615,2.9342081546783447
train,depablo_mixed_temp,66,60,0.8036366701126099,-3.840324640274048,-0.6423404812812805,2.66239595413208,-0.5343464016914368,1.2414320707321167,4.03939962387085,3.8683583736419678
train,depablo_mixed_temp,66,70,0.884925127029419,-4.983129978179932,-0.3919655680656433,3.129215717315674,-1.081138253211975,1.0281234979629517,5.073136806488037,5.0405449867248535
train,depablo_mixed_temp,66,80,0.6363881230354309,-4.381303787231445,-0.06743302941322327,2.6078224182128906,-1.1376806497573853,0.6064600348472595,4.356141567230225,4.375262260437012
train,depablo_mixed_temp,66,90,0.8695047497749329,-4.657085418701172,-0.36270421743392944,2.955862045288086,-0.962553083896637,1.031231164932251,4.747201919555664,4.660295009613037
train,depablo_mixed_temp,66,100,1.35252845287323,-4.861066818237305,-1.5569497346878052,3.7820687294006348,-0.20437785983085632,2.3458542823791504,5.373150825500488,5.031396865844727
train,depablo_mixed_temp,67,0,0.5123969316482544,-0.09600181877613068,-1.1451048851013184,0.9275730848312378,1.0446757078170776,1.6601839065551758,0.5128085613250732,-0.0045081195421516895
train,depablo_mixed_temp,67,10,0.5274423360824585,-0.6388387680053711,-1.0279866456985474,1.1496024131774902,0.7826920747756958,1.538766622543335,1.0102217197418213,0.5566597580909729
train,depablo_mixed_temp,67,20,0.5546936988830566,-1.3261891603469849,-0.9811092019081116,1.4855778217315674,0.5016648769378662,1.4644451141357422,1.67397141456604,1.2946951389312744
train,depablo_mixed_temp,67,30,0.5779774188995361,-1.2854875326156616,-1.0425407886505127,1.5014182329177856,0.5600471496582031,1.536264181137085,1.6552962064743042,1.258700966835022
train,depablo_mixed_temp,67,40,0.48700588941574097,-1.9248073101043701,-0.71270352602005,1.6399446725845337,0.09405495226383209,1.1444019079208374,2.1681759357452393,1.912006139755249
train,depablo_mixed_temp,67,50,0.39117714762687683,-2.490607976913452,-0.35542789101600647,1.7241411209106445,-0.36180779337882996,0.735711395740509,2.5968098640441895,2.478299140930176
train,depablo_mixed_temp,67,60,0.49945560097694397,-2.9936740398406982,-0.5079991817474365,2.0857372283935547,-0.4296109080314636,0.9043211936950684,3.1491801738739014,3.0355288982391357
train,depablo_mixed_temp,67,70,0.32381951808929443,-3.2018134593963623,-0.03736752271652222,1.9103021621704102,-0.8403962850570679,0.369794100522995,3.1834912300109863,3.206062078475952
train,depablo_mixed_temp,67,80,0.42931848764419556,-4.186162948608398,-0.059318073093891144,2.450035572052002,-1.168509840965271,0.3937073349952698,4.163062572479248,4.259620189666748
train,depablo_mixed_temp,67,90,0.353273868560791,-4.249978065490723,0.11545313894748688,2.377110481262207,-1.3217134475708008,0.1845828890800476,4.1616387367248535,4.3121843338012695
train,depablo_mixed_temp,67,100,0.4391477704048157,-5.187169551849365,0.15914663672447205,2.8539366722106934,-1.6737034320831299,0.1470475196838379,5.071208953857422,5.302834987640381
train,depablo_mixed_temp,68,0,0.6953161954879761,-1.4065934419631958,-1.16536545753479,1.6265825033187866,0.5605889558792114,1.7637240886688232,1.779868721961975,1.4270268678665161
train,depablo_mixed_temp,68,10,1.2510359287261963,-2.843892812728882,-1.8928240537643433,2.8678324222564697,0.6589806079864502,2.7104899883270264,3.4759137630462646,2.9855213165283203
train,depablo_mixed_temp,68,20,1.568163275718689,-1.5362383127212524,-2.7318801879882812,2.707566976547241,1.7737958431243896,3.7659242153167725,2.4942550659179688,1.6357399225234985
train,depablo_mixed_temp,68,30,1.356718897819519,-2.1373870372772217,-2.1956539154052734,2.6899852752685547,1.1470707654953003,3.107144355773926,2.8871562480926514,2.2396256923675537
train,depablo_mixed_temp,68,40,1.850064992904663,-2.5640461444854736,-3.02701997756958,3.4463515281677246,1.6504158973693848,4.1598429679870605,3.611330509185791,2.742915153503418
train,depablo_mixed_temp,68,50,1.6997706890106201,-3.4136452674865723,-2.6766207218170166,3.670654058456421,1.0511119365692139,3.669900894165039,4.319291114807129,3.6440560817718506
train,depablo_mixed_temp,68,60,1.1540840864181519,-3.433561325073242,-1.5557255744934082,2.970539093017578,0.1991889923810959,2.310850143432617,3.932051658630371,3.5900063514709473
train,depablo_mixed_temp,68,70,1.4393366575241089,-4.280689716339111,-1.9660117626190186,3.6862633228302,0.22143587470054626,2.8108956813812256,4.9216766357421875,4.520637512207031
train,depablo_mixed_temp,68,80,0.9109393954277039,-4.394331455230713,-0.8045902848243713,3.026339292526245,-0.6909608840942383,1.4335849285125732,4.606313228607178,4.53718376159668
train,depablo_mixed_temp,68,90,1.9807074069976807,-4.915687084197998,-2.830185651779175,4.582461833953857,0.6867290139198303,3.916565418243408,5.86543607711792,5.23557186126709
train,depablo_mixed_temp,68,100,1.845137119293213,-5.741206169128418,-2.430725336074829,4.763966083526611,0.06846208870410919,3.405492067337036,6.522732257843018,6.096134185791016
train,depablo_mixed_temp,69,0,0.6157360076904297,-1.1878018379211426,-1.1626296043395996,1.5185513496398926,0.6788629293441772,1.6674984693527222,1.6031955480575562,1.168573260307312
train,depablo_mixed_temp,69,10,0.630433976650238,-1.579725742340088,-1.1383390426635742,1.7114295959472656,0.5198065042495728,1.6262502670288086,1.982409119606018,1.5903888940811157
train,depablo_mixed_temp,69,20,0.6002798080444336,-1.965738296508789,-1.0033504962921143,1.8335375785827637,0.283266544342041,1.4610505104064941,2.315079927444458,1.9932470321655273
train,depablo_mixed_temp,69,30,0.5925459265708923,-2.3650131225585938,-0.9067994356155396,1.987539529800415,0.07186825573444366,1.344935655593872,2.674461841583252,2.411943197250366
train,depablo_mixed_temp,69,40,0.578122079372406,-2.7928779125213623,-0.7869377136230469,2.142280101776123,-0.1666392832994461,1.2021983861923218,3.0531957149505615,2.8585166931152344
train,depablo_mixed_temp,69,50,0.5705249905586243,-3.2610490322113037,-0.6630886197090149,2.31712007522583,-0.4200471043586731,1.0600228309631348,3.4701757431030273,3.345787763595581
train,depablo_mixed_temp,69,60,0.5490124225616455,-3.6848630905151367,-0.5171527862548828,2.4550271034240723,-0.6748617887496948,0.892069935798645,3.8346171379089355,3.7826361656188965
train,depablo_mixed_temp,69,70,0.547011137008667,-4.123325347900391,-0.4076364040374756,2.622950315475464,-0.9071915149688721,0.7684875130653381,4.226770401000977,4.238753318786621
train,depablo_mixed_temp,69,80,0.5703758597373962,-4.667830467224121,-0.3070537745952606,2.8558032512664795,-1.16444993019104,0.6669936776161194,4.7269110679626465,4.803468704223633
train,depablo_mixed_temp,69,90,0.5550271272659302,-5.189373016357422,-0.12508438527584076,3.0256433486938477,-1.474920630455017,0.4700842499732971,5.173797130584717,5.336155414581299
train,depablo_mixed_temp,69,100,0.5482825040817261,-5.699484825134277,0.04053952544927597,3.2003889083862305,-1.7683658599853516,0.2949353754520416,5.615200519561768,5.85662841796875
train,depablo_mixed_temp,70,0,0.7445859909057617,-0.6539517641067505,-1.4728225469589233,1.4170575141906738,1.0574514865875244,2.0945050716400146,1.1549583673477173,0.6418933868408203
train,depablo_mixed_temp,70,10,0.8320073485374451,-1.0068918466567993,-1.6116869449615479,1.6909003257751465,1.0354912281036377,2.2472951412200928,1.5564807653427124,1.035894513130188
train,depablo_mixed_temp,70,20,0.84563148021698,-1.3457523584365845,-1.5830800533294678,1.8539834022521973,0.8953996300697327,2.207021951675415,1.8823338747024536,1.3981215953826904
train,depablo_mixed_temp,70,30,0.9418660402297974,-1.7276172637939453,-1.7299878597259521,2.1484596729278564,0.8696498870849609,2.3715593814849854,2.31477952003479,1.8228461742401123
train,depablo_mixed_temp,70,40,1.0150686502456665,-2.079970121383667,-1.8210804462432861,2.3937666416168213,0.8147932291030884,2.4763007164001465,2.6972577571868896,2.2084739208221436
train,depablo_mixed_temp,70,50,1.097524642944336,-2.4632904529571533,-1.9262783527374268,2.6642980575561523,0.7592254281044006,2.596935987472534,3.1152052879333496,2.62848162651062
train,depablo_mixed_temp,70,60,1.1495755910873413,-2.8581666946411133,-1.9573982954025269,2.895275115966797,0.6452910900115967,2.6326475143432617,3.517115592956543,3.0532310009002686
train,depablo_mixed_temp,70,70,1.237456202507019,-3.2476806640625,-2.062286138534546,3.169893980026245,0.5893296003341675,2.758244514465332,3.940629720687866,3.4775784015655518
train,depablo_mixed_temp,70,80,1.2915376424789429,-3.730874538421631,-2.069446086883545,3.4337401390075684,0.4283950924873352,2.769921064376831,4.420600414276123,3.9921135902404785
train,depablo_mixed_temp,70,90,1.3642345666885376,-4.142927169799805,-2.1294641494750977,3.6929924488067627,0.33225148916244507,2.8457353115081787,4.849481105804443,4.4351091384887695
train,depablo_mixed_temp,70,100,1.441513180732727,-4.6185760498046875,-2.177366018295288,3.979180097579956,0.20615139603614807,2.910926342010498,5.336329936981201,4.943084716796875
train,depablo_mixed_temp,71,0,0.6747845411300659,-0.6167905926704407,-1.2435110807418823,1.250909447669983,0.8771855235099792,1.88638436794281,1.011444330215454,0.5941905975341797
train,depablo_mixed_temp,71,10,0.9578103423118591,-0.637189507484436,-1.7359516620635986,1.5828858613967896,1.2712467908859253,2.528604507446289,1.2156764268875122,0.6325519680976868
train,depablo_mixed_temp,71,20,1.791473150253296,-0.29819709062576294,-3.578381299972534,2.5558509826660156,2.7681944370269775,4.725907802581787,1.553452730178833,0.4184453785419464
train,depablo_mixed_temp,71,30,1.9935989379882812,-0.7476376891136169,-3.955613851547241,3.025827407836914,2.8896634578704834,5.151974201202393,2.13832688331604,0.9416820406913757
train,depablo_mixed_temp,71,40,2.125380039215088,-1.2728711366653442,-4.0974016189575195,3.395991802215576,2.81679368019104,5.336155414581299,2.706589698791504,1.5093876123428345
train,depablo_mixed_temp,71,50,2.1198952198028564,-1.899179220199585,-3.9890661239624023,3.6622376441955566,2.515126943588257,5.190114498138428,3.2892210483551025,2.1751296520233154
train,depablo_mixed_temp,71,60,2.4914040565490723,-1.981748104095459,-4.72277307510376,4.169483184814453,3.042391061782837,6.083297252655029,3.6368870735168457,2.315821647644043
train,depablo_mixed_temp,71,70,2.1906015872955322,-2.8846263885498047,-3.9470062255859375,4.162725925445557,2.1412439346313477,5.133904457092285,4.249273777008057,3.225687265396118
train,depablo_mixed_temp,71,80,3.189551591873169,-3.4315943717956543,-5.703157901763916,5.573143482208252,3.324665069580078,7.348995685577393,5.429396152496338,3.9077744483947754
train,depablo_mixed_temp,71,90,3.3087093830108643,-3.855557441711426,-5.783501148223877,5.8570098876953125,3.25658917427063,7.485231876373291,5.876928806304932,4.347729682922363
train,depablo_mixed_temp,71,100,3.1184377670288086,-4.309861183166504,-5.361074924468994,5.827912330627441,2.7590084075927734,6.942028045654297,6.167974472045898,4.813194274902344
train,depablo_mixed_temp,72,0,0.44421422481536865,-0.110785111784935,-0.9357790350914001,0.7996541857719421,0.8623086214065552,1.4537712335586548,0.43066835403442383,0.0027222814969718456
train,depablo_mixed_temp,72,10,0.4526301920413971,-0.5497326850891113,-0.8871282339096069,1.0025057792663574,0.6699799299240112,1.383733868598938,0.848430335521698,0.47320252656936646
train,depablo_mixed_temp,72,20,0.5265510082244873,-0.8394808173179626,-1.0045504570007324,1.229395866394043,0.6544541716575623,1.5139230489730835,1.179182529449463,0.7970535755157471
train,depablo_mixed_temp,72,30,0.588506281375885,-1.2464284896850586,-1.074273705482483,1.4888359308242798,0.5619657635688782,1.5860329866409302,1.608210802078247,1.2428815364837646
train,depablo_mixed_temp,72,40,0.6382238864898682,-1.64536714553833,-1.1103500127792358,1.723753571510315,0.44873565435409546,1.6225041151046753,2.016737699508667,1.6752660274505615
train,depablo_mixed_temp,72,50,0.7109014987945557,-2.068614959716797,-1.189510464668274,1.9986716508865356,0.3591803014278412,1.7106534242630005,2.464761734008789,2.13671612739563
train,depablo_mixed_temp,72,60,0.7749689221382141,-2.537921905517578,-1.2331886291503906,2.2767186164855957,0.2291572093963623,1.7600284814834595,2.945516347885132,2.6429834365844727
train,depablo_mixed_temp,72,70,0.8153529763221741,-3.0319390296936035,-1.2190271615982056,2.5321147441864014,0.046340327709913254,1.7415084838867188,3.4285976886749268,3.17032790184021
train,depablo_mixed_temp,72,80,0.9033453464508057,-3.4407808780670166,-1.3207625150680542,2.814484119415283,-0.01918855682015419,1.8627049922943115,3.8698391914367676,3.615468978881836
train,depablo_mixed_temp,72,90,0.9772813320159912,-3.869926929473877,-1.381233811378479,3.0827112197875977,-0.12132143974304199,1.9381345510482788,4.315872669219971,4.077266693115234
train,depablo_mixed_temp,72,100,1.0569220781326294,-4.304177284240723,-1.4566094875335693,3.3624143600463867,-0.21510282158851624,2.029153347015381,4.7721476554870605,4.54658317565918
train,depablo_mixed_temp,73,0,0.5637556910514832,-0.5624890327453613,-1.1474461555480957,1.1734092235565186,0.8735455274581909,1.6721628904342651,0.967410147190094,0.5011364221572876
train,depablo_mixed_temp,73,10,0.5391955375671387,-0.9500653147697449,-1.0236396789550781,1.3037775754928589,0.6465882062911987,1.52030611038208,1.3069403171539307,0.9061115980148315
train,depablo_mixed_temp,73,20,0.5554488301277161,-1.529719352722168,-0.9576077461242676,1.5715675354003906,0.3931388258934021,1.4320988655090332,1.8571269512176514,1.5244102478027344
train,depablo_mixed_temp,73,30,0.6332361698150635,-1.7592729330062866,-1.0873382091522217,1.7750860452651978,0.40866976976394653,1.5812801122665405,2.131870985031128,1.783362627029419
train,depablo_mixed_temp,73,40,0.7460675239562988,-2.277494430541992,-1.244143009185791,2.1480469703674316,0.34173014760017395,1.755838394165039,2.7021899223327637,2.355595588684082
train,depablo_mixed_temp,73,50,0.595383882522583,-2.6040055751800537,-0.8385641574859619,2.0728397369384766,-0.07202335447072983,1.281261920928955,2.876187324523926,2.666257858276367
train,depablo_mixed_temp,73,60,0.6567060947418213,-3.1649205684661865,-0.8526062965393066,2.382429361343384,-0.2567182183265686,1.297347903251648,3.435225486755371,3.266491413116455
train,depablo_mixed_temp,73,70,0.7336798310279846,-3.5532426834106445,-0.9324420094490051,2.64084792137146,-0.33115851879119873,1.3938249349594116,3.8479814529418945,3.686703681945801
train,depablo_mixed_temp,73,80,0.7119667530059814,-4.178372859954834,-0.7485687136650085,2.861339807510376,-0.6856881976127625,1.178056001663208,4.397676467895508,4.337196350097656
train,depablo_mixed_temp,73,90,0.8093327879905701,-4.706586837768555,-0.8395732045173645,3.201399803161621,-0.7997623682022095,1.2886810302734375,4.952447891235352,4.908060550689697
train,depablo_mixed_temp,73,100,0.7902012467384338,-5.276771068572998,-0.6540876626968384,3.3935437202453613,-1.1328470706939697,1.080140471458435,5.4464192390441895,5.49553918838501
train,depablo_mixed_temp,74,0,0.6602910757064819,-0.8977264165878296,-1.2825205326080322,1.433746099472046,0.8510585427284241,1.8365169763565063,1.344091773033142,0.8764971494674683
train,depablo_mixed_temp,74,10,0.5099442601203918,-1.3978098630905151,-0.7850579619407654,1.3993324041366577,0.3250763416290283,1.2817721366882324,1.6587399244308472,1.3523144721984863
train,depablo_mixed_temp,74,20,0.6270365715026855,-1.585007667541504,-1.0293490886688232,1.6493499279022217,0.43696391582489014,1.5557467937469482,1.9331501722335815,1.5793471336364746
train,depablo_mixed_temp,74,30,0.8484888672828674,-2.034562587738037,-1.4281744956970215,2.140030860900879,0.5775616765022278,2.0226857662200928,2.525836706161499,2.096438407897949
train,depablo_mixed_temp,74,40,0.7742536067962646,-1.7877438068389893,-1.3105964660644531,1.9359614849090576,0.5770134925842285,1.8876783847808838,2.23738431930542,1.8207690715789795
train,depablo_mixed_temp,74,50,0.7377129793167114,-2.9422805309295654,-1.031417965888977,2.3752434253692627,-0.041286855936050415,1.53579580783844,3.2775137424468994,3.0403475761413574
train,depablo_mixed_temp,74,60,1.0943316221237183,-2.891847848892212,-1.8254485130310059,2.842766761779785,0.5695273876190186,2.4701077938079834,3.519659996032715,3.0550756454467773
train,depablo_mixed_temp,74,70,0.7832297086715698,-3.807910919189453,-0.9109569787979126,2.768357276916504,-0.42112573981285095,1.409666657447815,4.08979606628418,3.9438416957855225
train,depablo_mixed_temp,74,80,0.9294103384017944,-3.8585381507873535,-1.3050670623779297,3.0339818000793457,-0.16673344373703003,1.8341717720031738,4.282363414764404,4.050892353057861
train,depablo_mixed_temp,74,90,1.0802698135375977,-4.528042316436768,-1.452486276626587,3.486689567565918,-0.2814145088195801,2.0263397693634033,4.997143268585205,4.771830081939697
train,depablo_mixed_temp,74,100,1.0691211223602295,-5.306663513183594,-1.2207854986190796,3.7658193111419678,-0.7178652882575989,1.7719579935073853,5.678903579711914,5.570873737335205
train,depablo_mixed_temp,75,0,0.6190927028656006,-0.8206188082695007,-1.2404488325119019,1.3718675374984741,0.8639926910400391,1.7640538215637207,1.2672141790390015,0.7819626331329346
train,depablo_mixed_temp,75,10,0.5112008452415466,-0.925755500793457,-0.9455095529556274,1.2489051818847656,0.617290198802948,1.4343726634979248,1.2637639045715332,0.8602988719940186
train,depablo_mixed_temp,75,20,0.623971700668335,-1.5272570848464966,-1.1098873615264893,1.6702203750610352,0.5234653353691101,1.6061902046203613,1.9207631349563599,1.5256963968276978
train,depablo_mixed_temp,75,30,0.6065038442611694,-1.8183958530426025,-1.0345548391342163,1.777487874031067,0.35962173342704773,1.5057541131973267,2.180008888244629,1.8351328372955322
train,depablo_mixed_temp,75,40,0.5366078019142151,-2.243389129638672,-0.7723407745361328,1.8438514471054077,0.02261059172451496,1.205605149269104,2.505040407180786,2.2623562812805176
train,depablo_mixed_temp,75,50,0.5709179639816284,-2.6609907150268555,-0.7799044847488403,2.0708117485046387,-0.12102267891168594,1.2038774490356445,2.920484781265259,2.712817430496216
train,depablo_mixed_temp,75,60,0.5702642202377319,-3.1417300701141357,-0.6606409549713135,2.256498336791992,-0.37351152300834656,1.070907711982727,3.3517673015594482,3.2118160724639893
train,depablo_mixed_temp,75,70,0.5100981593132019,-3.5107569694519043,-0.4206176996231079,2.3070685863494873,-0.6740599870681763,0.8016212582588196,3.6281583309173584,3.579258680343628
train,depablo_mixed_temp,75,80,0.6116151213645935,-3.9845263957977295,-0.5620163083076477,2.647218704223633,-0.7388895153999329,0.9583065509796143,4.147221088409424,4.101397514343262
train,depablo_mixed_temp,75,90,0.4818989336490631,-4.319972038269043,-0.14906297624111176,2.5763392448425293,-1.150965690612793,0.4993736743927002,4.326562881469727,4.410276889801025
train,depablo_mixed_temp,75,100,0.5785941481590271,-4.886798858642578,-0.23100288212299347,2.932088613510132,-1.2872731685638428,0.5996279716491699,4.9145965576171875,5.020881175994873
train,depablo_mixed_temp,76,0,0.5846786499023438,-0.21967299282550812,-1.2368226051330566,1.042142629623413,1.045003056526184,1.7973090410232544,0.6481396555900574,0.1477581113576889
train,depablo_mixed_temp,76,10,1.2194781303405762,-0.9247129559516907,-2.3377604484558105,2.12003493309021,1.6583123207092285,3.163081169128418,1.7528163194656372,0.9693313837051392
train,depablo_mixed_temp,76,20,0.9428424835205078,-1.0381883382797241,-1.58760666847229,1.7260589599609375,1.097634196281433,2.336223602294922,1.5952054262161255,0.998961329460144
train,depablo_mixed_temp,76,30,0.631311297416687,-1.4530861377716064,-0.89522385597229,1.5135064125061035,0.4197370409965515,1.4865092039108276,1.7521106004714966,1.395257830619812
train,depablo_mixed_temp,76,40,0.7283395528793335,-1.8581926822662354,-1.0269755125045776,1.8050298690795898,0.37213438749313354,1.6355167627334595,2.19851016998291,1.8454419374465942
train,depablo_mixed_temp,76,50,0.9773963093757629,-1.9586615562438965,-1.5029902458190918,2.163369655609131,0.697702169418335,2.220297336578369,2.4694480895996094,1.9825294017791748
train,depablo_mixed_temp,76,60,0.6308474540710449,-1.6660068035125732,-0.9380190372467041,1.6452851295471191,0.35143721103668213,1.4932738542556763,1.974363088607788,1.6458300352096558
train,depablo_mixed_temp,76,70,0.9397684931755066,-2.481180191040039,-1.4333457946777344,2.3898611068725586,0.4444812834262848,2.079277753829956,2.9659533500671387,2.5628862380981445
train,depablo_mixed_temp,76,80,1.4619988203048706,-3.892310857772827,-2.2341861724853516,3.648843765258789,0.5566224455833435,3.042597770690918,4.652406692504883,4.126345634460449
train,depablo_mixed_temp,76,90,1.0981498956680298,-4.117503643035889,-1.3669382333755493,3.2307887077331543,-0.15845325589179993,2.0294673442840576,4.558348655700684,4.290343761444092
train,depablo_mixed_temp,76,100,0.7649707198143005,-4.487545967102051,-0.551096498966217,2.922701835632324,-0.8945831060409546,1.0739843845367432,4.6242756843566895,4.613781929016113
train,depablo_mixed_temp,77,0,0.7069704532623291,-0.30860602855682373,-1.3645992279052734,1.165560007095337,1.0779356956481934,2.0398948192596436,0.7516475319862366,0.2736947536468506
train,depablo_mixed_temp,77,10,0.764674186706543,-0.7540625333786011,-1.4027700424194336,1.427767038345337,0.9531990885734558,2.0819625854492188,1.2082340717315674,0.7544006705284119
train,depablo_mixed_temp,77,20,1.0809630155563354,-0.8759542107582092,-2.076503276824951,1.911196231842041,1.4144041538238525,2.8720641136169434,1.5784693956375122,0.9462999105453491
train,depablo_mixed_temp,77,30,1.288306713104248,-1.1189167499542236,-2.4733362197875977,2.2893104553222656,1.6269452571868896,3.3429274559020996,1.964193344116211,1.240447759628296
train,depablo_mixed_temp,77,40,1.5245009660720825,-1.2996376752853394,-2.9410128593444824,2.678166151046753,1.9164427518844604,3.8992838859558105,2.315523386001587,1.4730315208435059
train,depablo_mixed_temp,77,50,1.5377187728881836,-1.9497811794281006,-2.8541226387023926,2.9690799713134766,1.6228686571121216,3.784465789794922,2.9279351234436035,2.1652638912200928
train,depablo_mixed_temp,77,60,1.9077517986297607,-2.1764824390411377,-3.5532174110412598,3.532085418701172,2.0791375637054443,4.638286113739014,3.4084649085998535,2.4554834365844727
train,depablo_mixed_temp,77,70,2.201185464859009,-2.3209729194641113,-4.115886688232422,3.96395206451416,2.458817720413208,5.324780464172363,3.7571935653686523,2.650466203689575
train,depablo_mixed_temp,77,80,2.2125914096832275,-3.043213367462158,-4.005312442779541,4.279361248016357,2.123047113418579,5.184516906738281,4.4317169189453125,3.416228771209717
train,depablo_mixed_temp,77,90,2.3941590785980225,-3.131814956665039,-4.34360933303833,4.541589260101318,2.3522660732269287,5.60250186920166,4.64247989654541,3.5326168537139893
train,depablo_mixed_temp,77,100,2.8078320026397705,-3.6944658756256104,-5.020732879638672,5.274006366729736,2.6843748092651367,6.4513840675354,5.445781230926514,4.170921325683594
train,depablo_mixed_temp,78,0,0.6857556104660034,-0.8235573768615723,-1.194796085357666,1.3327933549880981,0.7668247222900391,1.850223422050476,1.1937170028686523,0.8136647343635559
train,depablo_mixed_temp,78,10,0.6080633997917175,-2.2622451782226562,0.06446398049592972,1.4033195972442627,-0.466524600982666,0.7481271028518677,2.165470838546753,2.0812644958496094
train,depablo_mixed_temp,78,20,0.7696563005447388,-1.2778819799423218,-0.7648899555206299,1.375522494316101,0.4047049880027771,1.6024662256240845,1.484207034111023,1.1358084678649902
train,depablo_mixed_temp,78,30,1.0406476259231567,-2.288191318511963,-1.1455472707748413,2.1494855880737305,0.3559001386165619,2.0440852642059326,2.6315042972564697,2.258711814880371
train,depablo_mixed_temp,78,40,1.3307440280914307,-2.285630941390991,-2.0056774616241455,2.6579811573028564,0.9492610692977905,2.955418586730957,2.9483392238616943,2.381087303161621
train,depablo_mixed_temp,78,50,2.390101671218872,-1.5670366287231445,-3.987147808074951,3.557276725769043,2.8041787147521973,5.5280046463012695,2.976499080657959,1.6833882331848145
train,depablo_mixed_temp,78,60,1.2530088424682617,-2.5104286670684814,-1.6309075355529785,2.5661206245422363,0.6307811141014099,2.5858020782470703,3.0352375507354736,2.541330575942993
train,depablo_mixed_temp,78,70,2.9375791549682617,-2.464750051498413,-4.957269191741943,4.655498504638672,3.219630479812622,6.686982154846191,4.216997146606445,2.7086095809936523
train,depablo_mixed_temp,78,80,2.37178111076355,-2.2025301456451416,-3.9483933448791504,3.8494136333465576,2.525012731552124,5.4089274406433105,3.5908987522125244,2.3989500999450684
train,depablo_mixed_temp,78,90,2.8392457962036133,-2.980935573577881,-4.6296305656433105,4.708725929260254,2.8063111305236816,6.294998645782471,4.613704681396484,3.2476351261138916
train,depablo_mixed_temp,78,100,4.046239376068115,-3.600452423095703,-6.654741287231445,6.346661567687988,4.219627380371094,8.909097671508789,5.971775054931641,3.9915289878845215
train,depablo_mixed_temp,79,0,0.5497227311134338,0.1221015676856041,-1.258516788482666,0.8781832456588745,1.1943767070770264,1.8032170534133911,0.32965272665023804,-0.2239457666873932
train,depablo_mixed_temp,79,10,0.5855273008346558,-0.490653932094574,-1.2279459238052368,1.185133457183838,0.9570231437683105,1.757138967514038,0.9265758991241455,0.4336405098438263
train,depablo_mixed_temp,79,20,0.6082550883293152,-0.8053016662597656,-1.2275551557540894,1.352792739868164,0.8451604843139648,1.748706340789795,1.2385284900665283,0.7731689810752869
train,depablo_mixed_temp,79,30,0.6387656927108765,-1.2525224685668945,-1.2179534435272217,1.58499014377594,0.6790220141410828,1.7282103300094604,1.6775848865509033,1.2545944452285767
train,depablo_mixed_temp,79,40,0.591070830821991,-1.8287147283554077,-1.0063481330871582,1.7607355117797852,0.31950587034225464,1.4709246158599854,2.1707870960235596,1.8542110919952393
train,depablo_mixed_temp,79,50,0.5622654557228088,-2.294304609298706,-0.8385804891586304,1.9064403772354126,0.034671954810619354,1.2762497663497925,2.5701022148132324,2.3370420932769775
train,depablo_mixed_temp,79,60,0.4986717998981476,-2.768467426300049,-0.5968419909477234,2.0108115673065186,-0.30805596709251404,0.9915107488632202,2.9511120319366455,2.821173667907715
train,depablo_mixed_temp,79,70,0.5316803455352783,-3.3132550716400146,-0.5466322898864746,2.2714040279388428,-0.5326835513114929,0.9349579215049744,3.4716556072235107,3.3978748321533203
train,depablo_mixed_temp,79,80,0.49878203868865967,-3.831644058227539,-0.35087886452674866,2.4288442134857178,-0.8562051057815552,0.7102424502372742,3.9117298126220703,3.931262493133545
train,depablo_mixed_temp,79,90,0.5580943822860718,-4.35824728012085,-0.37390345335006714,2.725167751312256,-1.0239062309265137,0.7334829568862915,4.439916133880615,4.496460437774658
train,depablo_mixed_temp,79,100,0.5869168639183044,-4.908982753753662,-0.29848402738571167,2.9754743576049805,-1.2666583061218262,0.6544138193130493,4.956345558166504,5.07344388961792
train,depablo_mixed_temp,80,0,0.7911860942840576,-1.1524475812911987,-1.445624828338623,1.6656584739685059,0.8601468205451965,2.081275224685669,1.6338027715682983,1.1783709526062012
train,depablo_mixed_temp,80,10,1.9417102336883545,-1.3159682750701904,-3.432001829147339,3.0409417152404785,2.426731824874878,4.665342330932617,2.543853759765625,1.426795244216919
train,depablo_mixed_temp,80,20,2.4291467666625977,-1.724977970123291,-4.204735279083252,3.7704062461853027,2.905613899230957,5.675212860107422,3.23134708404541,1.874528408050537
train,depablo_mixed_temp,80,30,1.8262099027633667,-2.1059322357177734,-3.1340625286102295,3.2716915607452393,1.8976889848709106,4.256097793579102,3.213016986846924,2.264709711074829
train,depablo_mixed_temp,80,40,1.9739344120025635,-2.4139366149902344,-3.4188318252563477,3.6145355701446533,1.9855713844299316,4.577458381652832,3.612316608428955,2.61918044090271
train,depablo_mixed_temp,80,50,0.8873006105422974,-4.01658296585083,-0.46613702178001404,2.654275894165039,-0.7148561477661133,1.199855923652649,4.11480712890625,4.017248630523682
train,depablo_mixed_temp,80,60,1.8791786432266235,-2.744018793106079,-3.0625524520874023,3.576831340789795,1.6198872327804565,4.193937301635742,3.807915210723877,2.9157190322875977
train,depablo_mixed_temp,80,70,2.2159249782562256,-3.0688300132751465,-3.802199125289917,4.213988780975342,2.0464062690734863,5.035455703735352,4.401564598083496,3.342409372329712
train,depablo_mixed_temp,80,80,3.00337290763855,-3.6679434776306152,-5.001089572906494,5.3171892166137695,2.8313066959381104,6.633243560791016,5.438166618347168,4.009437084197998
train,depablo_mixed_temp,80,90,2.794342041015625,-5.004475116729736,-4.434614181518555,5.6624956130981445,1.8970186710357666,5.883002758026123,6.545609474182129,5.4242987632751465
train,depablo_mixed_temp,80,100,3.2253153324127197,-4.6513285636901855,-5.143112659454346,5.926915168762207,2.6020963191986084,6.855769157409668,6.448611736297607,5.058794975280762
train,depablo_mixed_temp,81,0,0.7599594593048096,-0.6252657771110535,-1.471105694770813,1.3967324495315552,1.050027847290039,2.1223487854003906,1.1110870838165283,0.618778645992279
train,depablo_mixed_temp,81,10,1.0286922454833984,-0.6590180397033691,-2.027463674545288,1.7647807598114014,1.460908055305481,2.7905821800231934,1.3504033088684082,0.6992093324661255
train,depablo_mixed_temp,81,20,0.9909265637397766,-1.3103102445602417,-1.8476860523223877,1.9971320629119873,1.0936640501022339,2.559067964553833,1.9300994873046875,1.387946367263794
train,depablo_mixed_temp,81,30,1.187889575958252,-1.3346524238586426,-2.260174512863159,2.2688474655151367,1.398389458656311,3.051469564437866,2.10723876953125,1.4483473300933838
train,depablo_mixed_temp,81,40,1.4084199666976929,-1.5154032707214355,-2.6983070373535156,2.6393799781799316,1.663187861442566,3.5712814331054688,2.4466278553009033,1.6800163984298706
train,depablo_mixed_temp,81,50,1.5268136262893677,-1.772596836090088,-2.902681827545166,2.905116319656372,1.726828932762146,3.8123068809509277,2.7763400077819824,1.9724407196044922
train,depablo_mixed_temp,81,60,1.7141008377075195,-2.3215646743774414,-3.171549081802368,3.36653470993042,1.7396318912506104,4.139707088470459,3.4164505004882812,2.579632043838501
train,depablo_mixed_temp,81,70,1.9701647758483887,-2.6255855560302734,-3.616708278656006,3.8127622604370117,1.977628469467163,4.689350128173828,3.880260467529297,2.9330577850341797
train,depablo_mixed_temp,81,80,2.1051974296569824,-3.0230021476745605,-3.8106424808502197,4.147767543792725,1.98723304271698,4.926339149475098,4.343640327453613,3.372054100036621
train,depablo_mixed_temp,81,90,2.262314796447754,-3.4044485092163086,-4.037502288818359,4.496622085571289,2.0306077003479004,5.210399627685547,4.803030014038086,3.7921323776245117
train,depablo_mixed_temp,81,100,2.1224067211151123,-4.123860836029053,-3.5910439491271973,4.600441932678223,1.4423398971557617,4.676318645477295,5.3488569259643555,4.524930000305176
train,depablo_mixed_temp,82,0,0.4610646963119507,-0.008940290659666061,-1.0449118614196777,0.8196396231651306,1.001157522201538,1.546030044555664,0.3897067904472351,-0.10733956098556519
train,depablo_mixed_temp,82,10,0.7612971067428589,-1.6374766826629639,-1.0710686445236206,1.7377283573150635,0.527775764465332,1.714165210723877,2.014549493789673,1.5662275552749634
train,depablo_mixed_temp,82,20,0.8826418519020081,-1.5560054779052734,-1.3817788362503052,1.8873168230056763,0.7820931673049927,2.0695812702178955,2.04856014251709,1.5147470235824585
train,depablo_mixed_temp,82,30,0.600361168384552,-1.7652537822723389,-0.6764627695083618,1.5661393404006958,0.1956113874912262,1.2591533660888672,1.9972230195999146,1.668373465538025
train,depablo_mixed_temp,82,40,0.7944650053977966,-1.3164055347442627,-1.1608442068099976,1.6347650289535522,0.7174915671348572,1.8468239307403564,1.7276179790496826,1.219161033630371
train,depablo_mixed_temp,82,50,0.7611682415008545,-2.5601646900177,-0.7684689164161682,2.0603718757629395,0.008006206713616848,1.406784176826477,2.8147220611572266,2.501952648162842
train,depablo_mixed_temp,82,60,0.9363240003585815,-2.935610055923462,-1.0457605123519897,2.4366273880004883,0.09567789733409882,1.7495861053466797,3.2925984859466553,2.927424669265747
train,depablo_mixed_temp,82,70,0.9389008283615112,-3.603667736053467,-1.0359723567962646,2.7762839794158936,-0.18179884552955627,1.671459674835205,3.941265106201172,3.6618781089782715
train,depablo_mixed_temp,82,80,0.5923836827278137,-4.014666557312012,-0.228290393948555,2.4911484718322754,-0.918739914894104,0.7052432894706726,4.063755512237549,4.034841537475586
train,depablo_mixed_temp,82,90,0.9769463539123535,-4.1062235832214355,-1.0884685516357422,3.071331024169922,-0.3300167918205261,1.6971666812896729,4.460752010345459,4.219056129455566
train,depablo_mixed_temp,82,100,0.77162766456604,-6.246835708618164,-0.0018628998659551144,3.554845094680786,-1.8415980339050293,0.49700266122817993,6.178558826446533,6.365456581115723
train,depablo_mixed_temp,83,0,0.6629942655563354,0.002399376593530178,-1.475048542022705,1.0748891830444336,1.3087459802627563,2.0649852752685547,0.5241074562072754,-0.07252645492553711
train,depablo_mixed_temp,83,10,0.9530460834503174,-0.7535398602485657,-1.6605215072631836,1.6307889223098755,1.2617160081863403,2.4261457920074463,1.347529649734497,0.6792137622833252
train,depablo_mixed_temp,83,20,0.3067370653152466,-0.9783574938774109,-0.06249602884054184,0.7694532871246338,0.020604340359568596,0.6078168153762817,0.9807450175285339,0.7543653845787048
train,depablo_mixed_temp,83,30,0.5972368121147156,-1.1552894115447998,-0.8222935795783997,1.3219536542892456,0.5021712183952332,1.4244871139526367,1.44417405128479,1.0421782732009888
train,depablo_mixed_temp,83,40,0.5135767459869385,-2.1928930282592773,-0.4046940803527832,1.6210405826568604,-0.1681288480758667,0.9397716522216797,2.3144493103027344,2.1091952323913574
train,depablo_mixed_temp,83,50,0.40470123291015625,-1.4330530166625977,-0.25864672660827637,1.1325044631958008,0.008506852202117443,0.8042596578598022,1.5144435167312622,1.2690150737762451
train,depablo_mixed_temp,83,60,0.9245485663414001,-2.6911849975585938,-1.157464623451233,2.357708692550659,0.2310161292552948,1.843862533569336,3.0852200984954834,2.7000043392181396
train,depablo_mixed_temp,83,70,0.7540040016174316,-2.7065658569335938,-0.7431691884994507,2.115689277648926,-0.07501540333032608,1.3741707801818848,2.9467179775238037,2.672762632369995
train,depablo_mixed_temp,83,80,0.6245866417884827,-4.210407733917236,-0.1858920007944107,2.5724194049835205,-1.023155927658081,0.6929577589035034,4.229197025299072,4.234829902648926
train,depablo_mixed_temp,83,90,1.448814868927002,-5.002209186553955,-1.8234339952468872,4.0070109367370605,-0.0846313089132309,2.6152307987213135,5.6070475578308105,5.235189914703369
train,depablo_mixed_temp,83,100,0.5677478313446045,-4.925071716308594,0.11760842800140381,2.7642903327941895,-1.4926289319992065,0.3436319828033447,4.821667671203613,4.969717979431152
train,depablo_mixed_temp,84,0,0.8054456114768982,-0.5119532346725464,-1.5613685846328735,1.3952316045761108,1.1558027267456055,2.2568557262420654,1.0297716856002808,0.5090283751487732
train,depablo_mixed_temp,84,10,1.0171477794647217,-0.7485466599464417,-1.9878613948822021,1.7864995002746582,1.3894917964935303,2.753608226776123,1.4211976528167725,0.8026219010353088
train,depablo_mixed_temp,84,20,1.1676793098449707,-1.0077404975891113,-2.2711637020111084,2.101170063018799,1.5101889371871948,3.0833587646484375,1.782623529434204,1.1066670417785645
train,depablo_mixed_temp,84,30,1.3010833263397217,-1.224900245666504,-2.517080545425415,2.3708231449127197,1.6188931465148926,3.3732776641845703,2.0883240699768066,1.3607534170150757
train,depablo_mixed_temp,84,40,1.4875483512878418,-1.457892656326294,-2.866769313812256,2.714507818222046,1.801449179649353,3.7897536754608154,2.447622776031494,1.6390513181686401
train,depablo_mixed_temp,84,50,1.7290947437286377,-1.700382113456726,-3.320949077606201,3.129775285720825,2.061077117919922,4.336061000823975,2.854137420654297,1.9333339929580688
train,depablo_mixed_temp,84,60,1.895890235900879,-1.9581217765808105,-3.6157636642456055,3.4529826641082764,2.194349527359009,4.6908183097839355,3.216891050338745,2.2316839694976807
train,depablo_mixed_temp,84,70,2.0340802669525146,-2.308074474334717,-3.825212001800537,3.772449493408203,2.2334811687469482,4.946116924285889,3.639909267425537,2.6203067302703857
train,depablo_mixed_temp,84,80,2.2324979305267334,-2.5914511680603027,-4.168341636657715,4.140970706939697,2.3970444202423096,5.364835739135742,4.04538106918335,2.946958541870117
train,depablo_mixed_temp,84,90,2.400886058807373,-2.9219181537628174,-4.428353309631348,4.483365535736084,2.4838449954986572,5.689234733581543,4.466851234436035,3.314936399459839
train,depablo_mixed_temp,84,100,2.622370719909668,-3.2192041873931885,-4.794003486633301,4.875848293304443,2.665266513824463,6.14640998840332,4.894413471221924,3.652989625930786
train,depablo_mixed_temp,85,0,0.6760852932929993,-0.25631245970726013,-1.3395743370056152,1.1194686889648438,1.0781147480010986,1.9864883422851562,0.6940038800239563,0.2132546603679657
train,depablo_mixed_temp,85,10,0.48682454228401184,-0.3914845287799835,-0.663731038570404,0.7983464002609253,0.5933141708374023,1.3034031391143799,0.58626389503479,0.2406717985868454
train,depablo_mixed_temp,85,20,1.350883960723877,-0.19249026477336884,-2.562577962875366,1.8827998638153076,2.0907578468322754,3.5635757446289062,1.0908277034759521,0.19066426157951355
train,depablo_mixed_temp,85,30,1.3087284564971924,-1.0921449661254883,-2.3217599391937256,2.2056825160980225,1.5910614728927612,3.257391929626465,1.894023060798645,1.142181396484375
train,depablo_mixed_temp,85,40,1.3495980501174927,-1.7684388160705566,-2.330965995788574,2.5661611557006836,1.3501267433166504,3.2381889820098877,2.567430019378662,1.8793041706085205
train,depablo_mixed_temp,85,50,1.3347779512405396,-1.6812653541564941,-2.365278482437134,2.536283493041992,1.3920150995254517,3.252849817276001,2.492069959640503,1.8000047206878662
train,depablo_mixed_temp,85,60,2.2532200813293457,-1.6702436208724976,-4.131743431091309,3.652971029281616,2.772681951522827,5.454689025878906,3.1315321922302246,1.8941142559051514
train,depablo_mixed_temp,85,70,2.4851560592651367,-2.470513105392456,-4.475412845611572,4.294223308563232,2.739753484725952,5.855555534362793,4.044000625610352,2.7801406383514404
train,depablo_mixed_temp,85,80,2.2346105575561523,-3.0544142723083496,-3.890629291534424,4.233704566955566,2.0822665691375732,5.123083114624023,4.406425952911377,3.373286485671997
train,depablo_mixed_temp,85,90,2.749420166015625,-3.4273571968078613,-4.841198921203613,5.035491466522217,2.6814355850219727,6.28934383392334,5.12306022644043,3.8371827602386475
train,depablo_mixed_temp,85,100,3.119317054748535,-3.9720473289489746,-5.38261604309082,5.677313327789307,2.9341800212860107,7.003577709197998,5.862409591674805,4.436647891998291
train,depablo_mixed_temp,86,0,0.6667792201042175,-0.7512248158454895,-1.337780237197876,1.3904614448547363,0.9459999799728394,1.893690586090088,1.222031831741333,0.7224891185760498
train,depablo_mixed_temp,86,10,1.1154396533966064,-1.179169774055481,-2.0726752281188965,2.09572434425354,1.3918668031692505,2.8363916873931885,1.9221054315567017,1.2083115577697754
train,depablo_mixed_temp,86,20,0.9273294806480408,-2.0686066150665283,-1.5123764276504517,2.218945026397705,0.6575077772140503,2.1576743125915527,2.5973153114318848,2.116982936859131
train,depablo_mixed_temp,86,30,1.0034902095794678,-1.9914675951004028,-1.7400104999542236,2.316671848297119,0.8442405462265015,2.404193878173828,2.6041152477264404,2.0637598037719727
train,depablo_mixed_temp,86,40,0.8175734877586365,-2.956937789916992,-1.0569775104522705,2.416717052459717,0.01931055635213852,1.6326650381088257,3.3099422454833984,3.02081561088562
train,depablo_mixed_temp,86,50,1.219912052154541,-3.105006217956543,-1.9128299951553345,3.0245182514190674,0.6021080017089844,2.6360509395599365,3.7689425945281982,3.257746934890747
train,depablo_mixed_temp,86,60,1.1958035230636597,-3.930487632751465,-1.6031683683395386,3.2829179763793945,0.10082714259624481,2.310664653778076,4.470417022705078,4.092006683349609
train,depablo_mixed_temp,86,70,0.8863828182220459,-3.883039951324463,-0.9728032946586609,2.864025592803955,-0.35631299018859863,1.5524719953536987,4.195542812347412,3.991825819015503
train,depablo_mixed_temp,86,80,1.169323444366455,-4.063358783721924,-1.578952431678772,3.333906650543213,0.02520264871418476,2.2527668476104736,4.593155384063721,4.244192123413086
train,depablo_mixed_temp,86,90,1.1199545860290527,-5.082413196563721,-1.2585041522979736,3.677832841873169,-0.5769505500793457,1.870792031288147,5.47752571105957,5.308051109313965
train,depablo_mixed_temp,86,100,1.0499293804168701,-4.831900596618652,-1.1379084587097168,3.4703688621520996,-0.5698978304862976,1.7379319667816162,5.188717365264893,5.024339199066162
train,depablo_mixed_temp,87,0,0.546109676361084,-0.2272733598947525,-1.0540128946304321,0.9281705617904663,0.8790063858032227,1.6537379026412964,0.5617965459823608,0.15454983711242676
train,depablo_mixed_temp,87,10,0.6062085628509521,-0.5185303688049316,-1.144701361656189,1.1391721963882446,0.8429956436157227,1.750412106513977,0.8847407698631287,0.4780385196208954
train,depablo_mixed_temp,87,20,0.8708381056785583,-0.732122540473938,-1.70204758644104,1.5982027053833008,1.1813867092132568,2.395012140274048,1.3021814823150635,0.7601464986801147
train,depablo_mixed_temp,87,30,0.9563226699829102,-1.1153422594070435,-1.822464108467102,1.8773095607757568,1.1367769241333008,2.5294995307922363,1.7267495393753052,1.1831320524215698
train,depablo_mixed_temp,87,40,1.1272807121276855,-1.4230855703353882,-2.1356728076934814,2.2368345260620117,1.2640496492385864,2.8958466053009033,2.147162914276123,1.5403432846069336
train,depablo_mixed_temp,87,50,1.3082267045974731,-1.7061294317245483,-2.4687814712524414,2.5964112281799316,1.416332721710205,3.2891204357147217,2.550266742706299,1.8709232807159424
train,depablo_mixed_temp,87,60,1.4833234548568726,-2.0404720306396484,-2.7787389755249023,2.9686317443847656,1.5326881408691406,3.654505968093872,2.995131015777588,2.2549335956573486
train,depablo_mixed_temp,87,70,1.6230289936065674,-2.3924896717071533,-2.9937446117401123,3.292604446411133,1.5750349760055542,3.9147732257843018,3.4224677085876465,2.6462931632995605
train,depablo_mixed_temp,87,80,1.7525603771209717,-2.814147472381592,-3.1776061058044434,3.6336612701416016,1.5680564641952515,4.135074615478516,3.9067516326904297,3.110499620437622
train,depablo_mixed_temp,87,90,1.9926867485046387,-3.1087706089019775,-3.6068882942199707,4.062315940856934,1.7932610511779785,4.656154632568359,4.355311393737793,3.455655574798584
train,depablo_mixed_temp,87,100,2.177610158920288,-3.6044716835021973,-3.8643243312835693,4.491332054138184,1.8216311931610107,4.978062152862549,4.939032077789307,3.998553514480591
train,depablo_mixed_temp,88,0,0.5444574952125549,-0.4634053707122803,-1.1459258794784546,1.1230207681655884,0.917392373085022,1.6557865142822266,0.8775861263275146,0.38982146978378296
train,depablo_mixed_temp,88,10,1.0486103296279907,-1.1940701007843018,-2.006140947341919,2.062927484512329,1.3329517841339111,2.71575665473938,1.9209569692611694,1.2257914543151855
train,depablo_mixed_temp,88,20,0.6490027904510498,-1.9174576997756958,-0.8966101408004761,1.7694895267486572,0.2805941104888916,1.4469493627548218,2.2332379817962646,1.8832266330718994
train,depablo_mixed_temp,88,30,0.8681761622428894,-1.9528751373291016,-1.4332420825958252,2.1152546405792236,0.6517229080200195,2.047457695007324,2.4641566276550293,1.981906771659851
train,depablo_mixed_temp,88,40,0.8911787867546082,-2.9431679248809814,-1.3170849084854126,2.5682599544525146,0.20896121859550476,1.8878936767578125,3.398897647857666,3.038987159729004
train,depablo_mixed_temp,88,50,0.7628071904182434,-3.0256881713867188,-0.9794090986251831,2.405416488647461,-0.06302738189697266,1.5081762075424194,3.355982542037964,3.0913708209991455
train,depablo_mixed_temp,88,60,0.6327128410339355,-3.282559633255005,-0.636540412902832,2.3344438076019287,-0.4039922058582306,1.107215166091919,3.4859061241149902,3.329026460647583
train,depablo_mixed_temp,88,70,0.972644031047821,-4.216792106628418,-1.1055588722229004,3.1299755573272705,-0.36380302906036377,1.693874716758728,4.58042573928833,4.355358600616455
train,depablo_mixed_temp,88,80,0.7318217754364014,-4.228479862213135,-0.6254651546478271,2.8339943885803223,-0.7382056713104248,1.1042368412017822,4.41420316696167,4.33513879776001
train,depablo_mixed_temp,88,90,1.0069301128387451,-4.920146942138672,-1.0795344114303589,3.4885287284851074,-0.6461381316184998,1.6387383937835693,5.259670734405518,5.112115859985352
train,depablo_mixed_temp,88,100,0.7549924254417419,-5.31546688079834,-0.4127350151538849,3.2854926586151123,-1.272792935371399,0.8660262823104858,5.40655517578125,5.468999862670898
train,depablo_mixed_temp,89,0,0.6172227263450623,-1.065516710281372,-1.1484298706054688,1.4392129182815552,0.691716194152832,1.6815900802612305,1.4598678350448608,1.0450518131256104
train,depablo_mixed_temp,89,10,1.3215304613113403,-1.8827749490737915,-2.355616331100464,2.6454505920410156,1.3568650484085083,3.185558557510376,2.7191545963287354,1.9911324977874756
train,depablo_mixed_temp,89,20,1.4350082874298096,-2.449629306793213,-2.518948554992676,3.047149419784546,1.270440936088562,3.3580687046051025,3.3364651203155518,2.6190922260284424
train,depablo_mixed_temp,89,30,1.1360344886779785,-2.300492286682129,-1.9492874145507812,2.6090874671936035,0.885595440864563,2.6627540588378906,2.9792139530181885,2.419420003890991
train,depablo_mixed_temp,89,40,1.2141942977905273,-2.7758238315582275,-1.9889259338378906,2.8931567668914795,0.7516027092933655,2.7252306938171387,3.4613516330718994,2.9232218265533447
train,depablo_mixed_temp,89,50,1.3922656774520874,-4.101357936859131,-1.9971814155578613,3.620922565460205,0.32776033878326416,2.7849600315093994,4.778406620025635,4.318111419677734
train,depablo_mixed_temp,89,60,1.4968218803405762,-4.337716102600098,-2.1680283546447754,3.854151964187622,0.3789134919643402,2.987605094909668,5.076812744140625,4.58455753326416
train,depablo_mixed_temp,89,70,1.3783113956451416,-3.600773572921753,-2.187666893005371,3.455986976623535,0.6135762333869934,2.9508278369903564,4.35107946395874,3.8280413150787354
train,depablo_mixed_temp,89,80,1.7422008514404297,-4.4580397605896,-2.7773935794830322,4.288598537445068,0.7587244510650635,3.657318592071533,5.412960052490234,4.787437438964844
train,depablo_mixed_temp,89,90,1.3863675594329834,-4.690153121948242,-1.8941679000854492,3.865501880645752,0.03555893898010254,2.642644166946411,5.320899963378906,4.9457550048828125
train,depablo_mixed_temp,89,100,1.4071238040924072,-5.40985107421875,-1.878741979598999,4.234787940979004,-0.25730860233306885,2.5767922401428223,6.018443584442139,5.728755474090576
val,reid,0,0,0.6142527461051941,-0.5252555012702942,-1.2858285903930664,1.295865774154663,1.1027179956436157,1.8391698598861694,1.0650715827941895,0.43435508012771606
val,reid,0,10,0.7312198877334595,-0.9447042346000671,-1.4919377565383911,1.6462289094924927,1.102553367614746,2.063755512237549,1.5557576417922974,0.9090155363082886
val,reid,0,50,1.2077399492263794,-2.7956626415252686,-2.2328994274139404,3.0942437648773193,0.9916843175888062,2.8942465782165527,3.656787872314453,2.9705140590667725
val,reid,0,100,1.825105905532837,-5.104247093200684,-3.0548717975616455,4.84985876083374,0.804284930229187,3.880918025970459,6.233545780181885,5.499128341674805
val,reid,1,0,0.4957285523414612,-1.2720167636871338,-0.870783269405365,1.4339361190795898,0.5329057574272156,1.347861647605896,1.6513454914093018,1.1984248161315918
val,reid,1,10,0.5938320159912109,-1.6546787023544312,-1.0413309335708618,1.7427558898925781,0.5189919471740723,1.5316486358642578,2.0920064449310303,1.6294156312942505
val,reid,1,50,1.0735547542572021,-3.2978780269622803,-1.8312394618988037,3.110383987426758,0.5143746137619019,2.4211158752441406,4.002302169799805,3.4701476097106934
val,reid,1,100,1.7464029788970947,-5.370116710662842,-2.8069875240325928,4.83687686920166,0.527082085609436,3.5976507663726807,6.3994550704956055,5.754174709320068
val,reid,2,0,0.49323034286499023,-1.2948933839797974,-0.8613111972808838,1.4351897239685059,0.5080353617668152,1.3342329263687134,1.663362741470337,1.2251747846603394
val,reid,2,10,0.6080001592636108,-1.6503702402114868,-1.0734539031982422,1.7557133436203003,0.5349551439285278,1.5676429271697998,2.0925378799438477,1.6304640769958496
val,reid,2,50,1.246285080909729,-3.272191047668457,-2.208831787109375,3.331296682357788,0.7988172769546509,2.869535207748413,4.109583854675293,3.474836587905884
val,reid,2,100,2.3313865661621094,-6.0678486824035645,-3.9053359031677246,5.907546043395996,1.1070917844772339,4.913407325744629,7.486988544464111,6.5801615715026855
val,reid,3,0,0.47307848930358887,-0.4697043299674988,-0.9710423946380615,1.1148406267166138,0.9726018905639648,1.494054913520813,0.9544857740402222,0.3176739811897278
val,reid,3,10,0.44355666637420654,-0.8472806811332703,-0.8470940589904785,1.2386246919631958,0.7465074062347412,1.3378456830978394,1.283727765083313,0.714242696762085
val,reid,3,50,0.34706223011016846,-2.4982786178588867,-0.31183701753616333,1.7892980575561523,-0.22681739926338196,0.6925707459449768,2.7225348949432373,2.4349472522735596
val,reid,3,100,0.30825990438461304,-4.75671911239624,0.334131121635437,2.6060471534729004,-1.4763081073760986,-0.03412861377000809,4.715393543243408,4.770895004272461
val,reid,4,0,0.4066530168056488,-0.7292813062667847,-0.7727485299110413,1.1046819686889648,0.6865065693855286,1.2501115798950195,1.1036604642868042,0.5943310856819153
val,reid,4,10,0.4337206780910492,-1.1092056035995483,-0.7793933153152466,1.3105058670043945,0.5546956062316895,1.2444154024124146,1.482588529586792,1.0063601732254028
val,reid,4,50,0.5568007230758667,-2.7500245571136475,-0.769736111164093,2.179758071899414,-0.034875381737947464,1.1985875368118286,3.102356433868408,2.770991325378418
val,reid,4,100,0.7358199954032898,-5.04478120803833,-0.6616178154945374,3.345766067504883,-0.9123952388763428,1.0738946199417114,5.327268123626709,5.206327438354492
val,reid,5,0,0.5804674029350281,-0.6211336851119995,-1.1855015754699707,1.3002088069915771,1.024722933769226,1.7305729389190674,1.1445136070251465,0.5183290243148804
val,reid,5,10,0.6201617121696472,-1.004991054534912,-1.2204049825668335,1.525521159172058,0.9119777679443359,1.7576658725738525,1.53754460811615,0.9376592636108398
val,reid,5,50,0.8007246851921082,-2.669050455093384,-1.3418792486190796,2.4874322414398193,0.40838444232940674,1.8618927001953125,3.2275938987731934,2.741914749145508
val,reid,5,100,1.0643953084945679,-5.065713882446289,-1.4145233631134033,3.8178043365478516,-0.3759843707084656,1.941591501235962,5.617982864379883,5.30662202835083
val,reid,6,0,0.6048458814620972,-0.7145761847496033,-1.2207351922988892,1.3780784606933594,1.0306702852249146,1.7736244201660156,1.2591407299041748,0.6178355813026428
val,reid,6,10,0.6197811961174011,-1.0990928411483765,-1.1978113651275635,1.5680326223373413,0.875468909740448,1.7343378067016602,1.6317058801651,1.03199303150177
val,reid,6,50,0.6849652528762817,-2.761847734451294,-1.047710657119751,2.3618617057800293,0.17465519905090332,1.528018593788147,3.2211925983428955,2.8066039085388184
val,reid,6,100,0.7799655795097351,-5.07948112487793,-0.7408541440963745,3.416173219680786,-0.8579452633857727,1.1735655069351196,5.394935131072998,5.247334957122803
val,reid,7,0,0.4881740212440491,-1.109071135520935,-0.8867415189743042,1.3597207069396973,0.6062012910842896,1.3684070110321045,1.4990499019622803,1.02316415309906
val,reid,7,10,0.5757073760032654,-1.4749040603637695,-1.0358716249465942,1.6461169719696045,0.5824383497238159,1.5277659893035889,1.9151662588119507,1.4341840744018555
val,reid,7,50,0.9624612927436829,-2.9743101596832275,-1.6590464115142822,2.8324291706085205,0.5020678639411926,2.2183690071105957,3.622593641281128,3.1082026958465576
val,reid,7,100,1.4818775653839111,-4.904889106750488,-2.4052093029022217,4.3353776931762695,0.37530040740966797,3.089967727661133,5.796656608581543,5.234007835388184
val,reid,8,0,0.581820547580719,-0.6976661682128906,-1.174355387687683,1.3142457008361816,0.9515893459320068,1.7095304727554321,1.1886168718338013,0.6124209761619568
val,reid,8,10,0.6769401431083679,-1.0891766548156738,-1.3366162776947021,1.6224862337112427,0.9288471341133118,1.8833643198013306,1.6354933977127075,1.0527466535568237
val,reid,8,50,1.1751714944839478,-2.8734209537506104,-2.141244888305664,3.0747482776641846,0.8875774145126343,2.7882494926452637,3.6930317878723145,3.0481696128845215
val,reid,8,100,1.9614038467407227,-5.284801006317139,-3.309112310409546,5.1035542488098145,0.9222856760025024,4.184298038482666,6.49689245223999,5.714996337890625
val,reid,9,0,0.5566540956497192,-1.1652350425720215,-1.0239713191986084,1.5068469047546387,0.7502472996711731,1.5424346923828125,1.649856686592102,1.0755181312561035
val,reid,9,10,0.558271050453186,-1.5069646835327148,-0.9788423180580139,1.6602869033813477,0.5935269594192505,1.4781941175460815,1.9716460704803467,1.4411277770996094
val,reid,9,50,0.577548086643219,-2.997222423553467,-0.7502954006195068,2.314357042312622,-0.10405704379081726,1.187525987625122,3.360454797744751,3.0201902389526367
val,reid,9,100,0.6531218886375427,-5.132343292236328,-0.4109486937522888,3.2535219192504883,-1.0936111211776733,0.8108541965484619,5.339843273162842,5.256551742553711
val,reid,10,0,0.5513390898704529,-1.0749303102493286,-1.025987148284912,1.4630358219146729,0.7882749438285828,1.5497398376464844,1.564486026763916,0.9773992300033569
val,reid,10,10,0.5730346441268921,-1.4428678750991821,-1.0235546827316284,1.6568641662597656,0.6535147428512573,1.53364896774292,1.9279192686080933,1.3754724264144897
val,reid,10,50,0.6694936752319336,-3.0565004348754883,-0.9559457898139954,2.4762024879455566,0.029480863362550735,1.4233578443527222,3.4977481365203857,3.10325288772583
val,reid,10,100,0.8036383390426636,-5.277116775512695,-0.7518349885940552,3.5436205863952637,-0.8950150012969971,1.1929429769515991,5.610601425170898,5.446434497833252
val,reid,11,0,0.5012229681015015,-1.2815521955490112,-0.8745270371437073,1.453395128250122,0.5545558929443359,1.3609683513641357,1.6777931451797485,1.2017302513122559
val,reid,11,10,0.5523830652236938,-1.6396681070327759,-0.9402415752410889,1.6843794584274292,0.47338515520095825,1.4246129989624023,2.056306838989258,1.5955276489257812
val,reid,11,50,0.7808401584625244,-3.2191505432128906,-1.1762232780456543,2.6744840145111084,0.0849989801645279,1.6694180965423584,3.70302677154541,3.3144195079803467
val,reid,11,100,1.0834683179855347,-5.339223861694336,-1.377011775970459,3.940027952194214,-0.5067238211631775,1.9105075597763062,5.86430549621582,5.587688446044922
val,reid,12,0,0.6659128069877625,-0.7541210055351257,-1.3482766151428223,1.4550541639328003,1.0663375854492188,1.915683388710022,1.3124735355377197,0.687859833240509
val,reid,12,10,0.7789445519447327,-1.1429197788238525,-1.5515912771224976,1.7871094942092896,1.0743359327316284,2.136709690093994,1.7711224555969238,1.1288559436798096
val,reid,12,50,1.26250422000885,-2.7167725563049316,-2.3702280521392822,3.134917974472046,1.1142115592956543,3.055591106414795,3.623655080795288,2.899400234222412
val,reid,12,100,1.8168704509735107,-4.589648246765137,-3.1916093826293945,4.6543498039245605,1.0668243169784546,4.019418239593506,5.768263816833496,4.967422008514404
val,reid,13,0,0.5659433603286743,-0.871254563331604,-1.1015574932098389,1.382510781288147,0.878217339515686,1.6319454908370972,1.3636432886123657,0.7782238721847534
val,reid,13,10,0.6012856960296631,-1.2441160678863525,-1.1283595561981201,1.5970133543014526,0.7632986903190613,1.6500662565231323,1.7426786422729492,1.1847167015075684
val,reid,13,50,0.7699193954467773,-2.8816895484924316,-1.2242330312728882,2.5293800830841064,0.2497844696044922,1.7275230884552002,3.3962485790252686,2.956981897354126
val,reid,13,100,1.0186148881912231,-5.178303241729736,-1.2857377529144287,3.7992794513702393,-0.5110743045806885,1.7962385416030884,5.681771755218506,5.414295196533203
val,reid,14,0,0.5591974854469299,-1.1548980474472046,-1.031446933746338,1.5019327402114868,0.7516253590583801,1.5501868724822998,1.6367136240005493,1.0678844451904297
val,reid,14,10,0.5813989043235779,-1.4992153644561768,-1.033816933631897,1.6860495805740356,0.6284660696983337,1.540446400642395,1.9782472848892212,1.441009521484375
val,reid,14,50,0.6772083640098572,-3.008246660232544,-0.9806786179542542,2.458203077316284,0.051245398819446564,1.4504587650299072,3.4489665031433105,3.057589292526245
val,reid,14,100,0.8056551814079285,-5.112630844116211,-0.776695728302002,3.4637560844421387,-0.8317354917526245,1.2261457443237305,5.446074962615967,5.274569034576416
val,reid,15,0,0.5947625041007996,-0.5674266219139099,-1.2314224243164062,1.2977091073989868,1.0729619264602661,1.7811810970306396,1.1049734354019165,0.4660356044769287
val,reid,15,10,0.662730872631073,-0.9643827676773071,-1.3273357152938843,1.568066120147705,1.000955581665039,1.8795217275619507,1.5335941314697266,0.9052376747131348
val,reid,15,50,0.9921280741691589,-2.8103251457214355,-1.739901065826416,2.8092401027679443,0.6513386964797974,2.325946569442749,3.511323928833008,2.9305856227874756
val,reid,15,100,1.4606661796569824,-5.512475967407227,-2.1749789714813232,4.532017707824707,0.0353388674557209,2.8439712524414062,6.336540699005127,5.849527835845947
val,reid,16,0,0.6311107277870178,-0.8680254220962524,-1.2517926692962646,1.469176173210144,0.9817940592765808,1.8029413223266602,1.4094380140304565,0.7914788126945496
val,reid,16,10,0.6846615672111511,-1.2324190139770508,-1.3232017755508423,1.7066750526428223,0.9020689725875854,1.8724027872085571,1.7962126731872559,1.1934406757354736
val,reid,16,50,0.9172248840332031,-2.808178186416626,-1.5857874155044556,2.708667755126953,0.5300608277320862,2.1404168605804443,3.4489035606384277,2.916865110397339
val,reid,16,100,1.2224198579788208,-4.966257572174072,-1.8200844526290894,4.010677814483643,-0.05878250300884247,2.404053211212158,5.660428047180176,5.244837760925293
val,reid,17,0,0.6153776049613953,-0.8076041340827942,-1.23237943649292,1.4117259979248047,0.9631104469299316,1.7734434604644775,1.3241615295410156,0.7330621480941772
val,reid,17,10,0.7200037837028503,-1.1761982440948486,-1.4182146787643433,1.722650408744812,0.966073751449585,1.9761948585510254,1.7567980289459229,1.1503524780273438
val,reid,17,50,1.245077133178711,-2.80428409576416,-2.3098037242889404,3.146085739135742,1.0438108444213867,2.9866251945495605,3.6910653114318848,2.984816789627075
val,reid,17,100,1.9759212732315063,-5.0800604820251465,-3.3843326568603516,5.043777942657471,1.0573115348815918,4.274013519287109,6.327919960021973,5.497741222381592
val,reid,18,0,0.5754722356796265,-0.8719491362571716,-1.1268683671951294,1.3844895362854004,0.8699743747711182,1.6536964178085327,1.354439616203308,0.7902116775512695
val,reid,18,10,0.661334753036499,-1.2370320558547974,-1.2732518911361694,1.6687737703323364,0.844612717628479,1.8094170093536377,1.769089937210083,1.200221300125122
val,reid,18,50,1.0693720579147339,-2.872629165649414,-1.9098329544067383,2.9364261627197266,0.7286638021469116,2.5171732902526855,3.6165931224823,3.019869089126587
val,reid,18,100,1.6602636575698853,-5.276144027709961,-2.6797080039978027,4.709571838378906,0.46048811078071594,3.4305691719055176,6.264651775360107,5.646433353424072
val,reid,19,0,0.5320436954498291,-1.0150660276412964,-1.0059219598770142,1.381950855255127,0.7242844104766846,1.506273627281189,1.44767165184021,0.9342873096466064
val,reid,19,10,0.6233945488929749,-1.3798885345458984,-1.1640548706054688,1.6737998723983765,0.7081389427185059,1.6761624813079834,1.8666331768035889,1.3450051546096802
val,reid,19,50,1.0781806707382202,-2.917059898376465,-1.9383246898651123,2.97515606880188,0.7278652787208557,2.5400867462158203,3.6688804626464844,3.0746583938598633
val,reid,19,100,1.8043994903564453,-5.160258769989014,-3.0707082748413086,4.887800693511963,0.7850387096405029,3.866896390914917,6.296078681945801,5.570066452026367
val,depablo_low_temp,20,0,0.4964309334754944,-1.2157471179962158,-0.8900202512741089,1.3646914958953857,0.46737170219421387,1.3486714363098145,1.530687689781189,1.17291259765625
val,depablo_low_temp,20,10,0.4888302683830261,-1.5629233121871948,-0.8218234181404114,1.5068325996398926,0.2921772301197052,1.257926344871521,1.8495510816574097,1.5419352054595947
val,depablo_low_temp,20,50,0.48257941007614136,-3.093198299407959,-0.5159580707550049,2.135427236557007,-0.4735717177391052,0.8813945651054382,3.249753475189209,3.153829336166382
val,depablo_low_temp,20,100,0.5297346711158752,-5.248856544494629,-0.08090398460626602,3.0289528369903564,-1.5353972911834717,0.40395399928092957,5.213802337646484,5.396275043487549
val,depablo_low_temp,21,0,0.6731217503547668,-1.3660742044448853,-1.2399293184280396,1.65803062915802,0.6646040678024292,1.7662395238876343,1.8002355098724365,1.3710567951202393
val,depablo_low_temp,21,10,0.6805533170700073,-1.7069311141967773,-1.2055072784423828,1.817844033241272,0.5167745351791382,1.7155194282531738,2.1251652240753174,1.7362983226776123
val,depablo_low_temp,21,50,0.7284033298492432,-3.2028696537017822,-1.0316861867904663,2.5097503662109375,-0.14004811644554138,1.4917922019958496,3.5399398803710938,3.324711322784424
val,depablo_low_temp,21,100,0.8239717483520508,-5.357418537139893,-0.728480875492096,3.4826371669769287,-1.1088323593139648,1.1582286357879639,5.551632881164551,5.582857608795166
val,depablo_low_temp,22,0,0.5472934246063232,0.09900911897420883,-1.2687219381332397,0.9000415802001953,1.2041066884994507,1.800924301147461,0.3651825785636902,-0.2030208259820938
val,depablo_low_temp,22,10,0.5102041363716125,-0.3279537856578827,-1.1195902824401855,1.0343124866485596,0.9418473243713379,1.6143691539764404,0.7343108654022217,0.2451496720314026
val,depablo_low_temp,22,50,0.379338800907135,-2.2164998054504395,-0.4667666256427765,1.637868046760559,-0.20266662538051605,0.8276516199111938,2.3660805225372314,2.213489055633545
val,depablo_low_temp,22,100,0.268292635679245,-4.918818473815918,0.43540555238723755,2.532672882080078,-1.795677900314331,-0.1980835497379303,4.705138683319092,5.002843856811523
val,depablo_low_temp,23,0,0.7259279489517212,-0.3760129511356354,-1.4212353229522705,1.2347347736358643,1.0971444845199585,2.082601547241211,0.8410249948501587,0.3485943675041199
val,depablo_low_temp,23,10,0.833747386932373,-0.6257641315460205,-1.6251411437988281,1.4938656091690063,1.1603081226348877,2.31290340423584,1.1647005081176758,0.6379449367523193
val,depablo_low_temp,23,50,1.3606798648834229,-1.6502619981765747,-2.586113214492798,2.6399190425872803,1.5221105813980103,3.4328200817108154,2.535207509994507,1.8224323987960815
val,depablo_low_temp,23,100,2.070220470428467,-3.1934943199157715,-3.723471164703369,4.18433952331543,1.8550790548324585,4.812531471252441,4.478716850280762,3.5508081912994385
val,depablo_low_temp,24,0,0.480890691280365,-0.6622143387794495,-0.8939517736434937,1.0648030042648315,0.6339007019996643,1.4092684984207153,0.9570359587669373,0.5936951637268066
val,depablo_low_temp,24,10,0.5339565277099609,-0.9897884726524353,-0.9629679918289185,1.2813878059387207,0.5682908892631531,1.4800630807876587,1.30760657787323,0.9550309777259827
val,depablo_low_temp,24,50,0.7936205863952637,-2.3616409301757812,-1.291446566581726,2.21642804145813,0.32890722155570984,1.842625617980957,2.7874255180358887,2.462132215499878
val,depablo_low_temp,24,100,1.163370132446289,-4.285821437835693,-1.67386794090271,3.4868531227111816,-0.05284442752599716,2.3005683422088623,4.827980041503906,4.548186779022217
val,depablo_low_temp,25,0,0.6858437657356262,-1.136698603630066,-1.1581676006317139,1.4741541147232056,0.6302737593650818,1.7858184576034546,1.4930028915405273,1.1446154117584229
val,depablo_low_temp,25,10,0.796698808670044,-1.3680267333984375,-1.3699662685394287,1.7285562753677368,0.70559161901474,2.027179002761841,1.8009254932403564,1.4146733283996582
val,depablo_low_temp,25,50,1.4345120191574097,-2.422528028488159,-2.517591714859009,3.0109121799468994,1.2041866779327393,3.391911745071411,3.267354965209961,2.638862133026123
val,depablo_low_temp,25,100,2.343909740447998,-4.137596607208252,-3.8943300247192383,4.8096723556518555,1.686833143234253,5.131535530090332,5.463767051696777,4.542705535888672
val,depablo_low_temp,26,0,0.6230596303939819,-1.125605583190918,-1.0589518547058105,1.4081381559371948,0.5717176198959351,1.6431318521499634,1.4571290016174316,1.118240237236023
val,depablo_low_temp,26,10,0.744634211063385,-1.39007568359375,-1.2893662452697754,1.691597580909729,0.648607611656189,1.904819130897522,1.8043209314346313,1.4255367517471313
val,depablo_low_temp,26,50,1.4235365390777588,-2.538926839828491,-2.5242090225219727,3.076568603515625,1.173905849456787,3.36228609085083,3.3946585655212402,2.7611000537872314
val,depablo_low_temp,26,100,2.4115607738494873,-4.3520894050598145,-4.064145088195801,5.027861595153809,1.7397671937942505,5.286822319030762,5.746830940246582,4.784975528717041
val,depablo_low_temp,27,0,0.7227475047111511,-1.1019408702850342,-1.2684803009033203,1.5236366987228394,0.7286977171897888,1.900087833404541,1.5041577816009521,1.1156710386276245
val,depablo_low_temp,27,10,0.8331665992736816,-1.351901650428772,-1.47479248046875,1.7845487594604492,0.7931829690933228,2.135113000869751,1.8282641172409058,1.4049835205078125
val,depablo_low_temp,27,50,1.4491738080978394,-2.452303886413574,-2.570180892944336,3.0580637454986572,1.234010934829712,3.4354639053344727,3.3200838565826416,2.674262285232544
val,depablo_low_temp,27,100,2.303468942642212,-4.214554309844971,-3.8432586193084717,4.814948558807373,1.6152523756027222,5.039451599121094,5.524698734283447,4.622573375701904
val,depablo_low_temp,28,0,0.5889177322387695,-0.9807169437408447,-1.1391830444335938,1.3945598602294922,0.7335646748542786,1.6458367109298706,1.3888895511627197,0.9444093108177185
val,depablo_low_temp,28,10,0.5742679238319397,-1.3394612073898315,-1.054663062095642,1.5325701236724854,0.5422547459602356,1.5347434282302856,1.713489294052124,1.324641466140747
val,depablo_low_temp,28,50,0.5371001362800598,-2.9258575439453125,-0.6737207770347595,2.143927812576294,-0.2981899678707123,1.066188931465149,3.142909526824951,2.990762710571289
val,depablo_low_temp,28,100,0.5468910932540894,-5.172428607940674,-0.13397139310836792,3.0209503173828125,-1.4667856693267822,0.46572571992874146,5.160069465637207,5.320667743682861
val,depablo_low_temp,29,0,0.707102358341217,-0.04835399612784386,-1.4862536191940308,1.1036677360534668,1.2740373611450195,2.1336405277252197,0.5547258257865906,-0.0037508849054574966
val,depablo_low_temp,29,10,0.7804853320121765,-0.37587377429008484,-1.6025538444519043,1.349449634552002,1.2438185214996338,2.258237361907959,0.9230437278747559,0.36179184913635254
val,depablo_low_temp,29,50,1.168710708618164,-1.8073503971099854,-2.2076940536499023,2.487734794616699,1.1911900043487549,2.940220594406128,2.565099000930786,1.956789255142212
val,depablo_low_temp,29,100,1.6990811824798584,-3.888664722442627,-2.8950319290161133,4.032521724700928,0.9887458086013794,3.759371042251587,4.8747687339782715,4.2329301834106445
val,depablo_low_temp,30,0,0.6851792335510254,-1.0257818698883057,-1.1708576679229736,1.4251327514648438,0.6809622645378113,1.8071062564849854,1.3884447813034058,1.0261869430541992
val,depablo_low_temp,30,10,0.8232634663581848,-1.2649086713790894,-1.439745545387268,1.7191839218139648,0.796624481678009,2.116121292114258,1.7253268957138062,1.3095664978027344
val,depablo_low_temp,30,50,1.5845597982406616,-2.361659526824951,-2.837660312652588,3.180527448654175,1.4703083038330078,3.7817835807800293,3.3264660835266113,2.59987735748291
val,depablo_low_temp,30,100,2.6753852367401123,-4.24506139755249,-4.540972709655762,5.275570869445801,2.145479679107666,5.924005031585693,5.809967041015625,4.706278324127197
val,depablo_low_temp,31,0,0.5458692312240601,-0.8171250820159912,-1.0640103816986084,1.2580113410949707,0.7267891764640808,1.5671095848083496,1.192407488822937,0.7651137709617615
val,depablo_low_temp,31,10,0.5606472492218018,-1.1786662340164185,-1.0460554361343384,1.4386827945709229,0.5834233164787292,1.5333105325698853,1.5442190170288086,1.1551356315612793
val,depablo_low_temp,31,50,0.6291270852088928,-2.7372310161590576,-0.9262205362319946,2.1952767372131348,-0.058115363121032715,1.3616912364959717,3.0422446727752686,2.8210620880126953
val,depablo_low_temp,31,100,0.7318497896194458,-4.898744583129883,-0.67442786693573,3.1993532180786133,-0.9965133666992188,1.0693936347961426,5.081996917724609,5.101140022277832
val,depablo_low_temp,32,0,0.6323660612106323,-0.8397501707077026,-1.125869631767273,1.2985424995422363,0.7217828631401062,1.7317235469818115,1.1977367401123047,0.8186399936676025
val,depablo_low_temp,32,10,0.7541412711143494,-1.1179718971252441,-1.3533592224121094,1.5872191190719604,0.7918369174003601,1.9901703596115112,1.5575861930847168,1.140761137008667
val,depablo_low_temp,32,50,1.3719427585601807,-2.3565268516540527,-2.450425624847412,2.931835174560547,1.1810718774795532,3.278088092803955,3.1873373985290527,2.5646331310272217
val,depablo_low_temp,32,100,2.2266223430633545,-4.30988073348999,-3.7496497631073,4.7991461753845215,1.502558708190918,4.880134582519531,5.591898441314697,4.735257148742676
val,depablo_low_temp,33,0,0.580498993396759,-0.11997590214014053,-1.2934048175811768,1.0322186946868896,1.146248459815979,1.8325910568237305,0.5911701917648315,0.034921303391456604
val,depablo_low_temp,33,10,0.551044762134552,-0.5341030955314636,-1.1653410196304321,1.1726248264312744,0.903710126876831,1.669897198677063,0.9551816582679749,0.47124457359313965
val,depablo_low_temp,33,50,0.45843198895454407,-2.3566296100616455,-0.6196678876876831,1.8068634271621704,-0.14051948487758636,1.0041801929473877,2.56026291847229,2.3791332244873047
val,depablo_low_temp,33,100,0.4066475033760071,-4.932432651519775,0.10455562174320221,2.742933750152588,-1.5622282028198242,0.176975280046463,4.838620662689209,5.051892280578613
val,depablo_low_temp,34,0,0.7022539973258972,-1.2681877613067627,-1.1745072603225708,1.555924892425537,0.6031858921051025,1.8030916452407837,1.6359944343566895,1.2866257429122925
val,depablo_low_temp,34,10,0.8293610215187073,-1.5144999027252197,-1.4209234714508057,1.8394907712936401,0.6982922554016113,2.0834898948669434,1.9711089134216309,1.575848937034607
val,depablo_low_temp,34,50,1.562338948249817,-2.7189788818359375,-2.737950325012207,3.307100296020508,1.2714728116989136,3.648576498031616,3.646793842315674,2.9726076126098633
val,depablo_low_temp,34,100,2.612846612930298,-4.644651889801025,-4.314894676208496,5.348219394683838,1.843688726425171,5.651359558105469,6.123522758483887,5.103759765625
val,depablo_low_temp,35,0,0.7374140620231628,-0.47649961709976196,-1.4204992055892944,1.286000370979309,1.0575358867645264,2.084988832473755,0.9370022416114807,0.4581194519996643
val,depablo_low_temp,35,10,0.8613659143447876,-0.7685697674751282,-1.650615930557251,1.5839605331420898,1.1255313158035278,2.346419095993042,1.3122639656066895,0.7953848242759705
val,depablo_low_temp,35,50,1.5497112274169922,-2.0707640647888184,-2.8838300704956055,3.049280881881714,1.5982998609542847,3.79852294921875,3.0575902462005615,2.2978298664093018
val,depablo_low_temp,35,100,2.4819374084472656,-4.180057525634766,-4.292334079742432,5.073214054107666,1.9554493427276611,5.543872833251953,5.658833980560303,4.636447906494141
val,depablo_low_temp,36,0,0.574700653553009,-0.8405560851097107,-1.1063061952590942,1.2960652112960815,0.7456028461456299,1.6289942264556885,1.226618766784668,0.797080934047699
val,depablo_low_temp,36,10,0.587851345539093,-1.2196646928787231,-1.0809062719345093,1.4814743995666504,0.5909057259559631,1.5861471891403198,1.5932393074035645,1.2050738334655762
val,depablo_low_temp,36,50,0.6572436094284058,-2.8887245655059814,-0.9387158751487732,2.2830867767333984,-0.10446793586015701,1.387209415435791,3.192986488342285,2.986435651779175
val,depablo_low_temp,36,100,0.7611761093139648,-5.237634658813477,-0.6372915506362915,3.3572795391082764,-1.1417655944824219,1.0407650470733643,5.400147438049316,5.459117889404297
val,depablo_low_temp,37,0,0.6813541054725647,-1.2837268114089966,-1.2534964084625244,1.618934154510498,0.6921312808990479,1.7976908683776855,1.7139954566955566,1.2892974615097046
val,depablo_low_temp,37,10,0.7128972411155701,-1.6129965782165527,-1.2783374786376953,1.8089544773101807,0.5915465354919434,1.8149137496948242,2.0492210388183594,1.6483629941940308
val,depablo_low_temp,37,50,0.8706856369972229,-3.058619737625122,-1.376814365386963,2.640717029571533,0.15044966340065002,1.9019181728363037,3.514265775680542,3.212153911590576
val,depablo_low_temp,37,100,1.1081541776657104,-5.126386642456055,-1.4281585216522217,3.7839629650115967,-0.5286434888839722,1.9733357429504395,5.570866107940674,5.4155426025390625
val,depablo_low_temp,38,0,0.630384624004364,-0.3521222174167633,-1.2361308336257935,1.1082409620285034,0.9764573574066162,1.851252555847168,0.7579105496406555,0.3024746775627136
val,depablo_low_temp,38,10,0.738179087638855,-0.6329135894775391,-1.435357928276062,1.3808202743530273,1.0243523120880127,2.0753419399261475,1.1103252172470093,0.6253387928009033
val,depablo_low_temp,38,50,1.3004553318023682,-1.8707778453826904,-2.431333303451538,2.661653518676758,1.3352524042129517,3.2356932163238525,2.7037065029144287,2.043144702911377
val,depablo_low_temp,38,100,2.085524559020996,-3.8118696212768555,-3.612088918685913,4.447360038757324,1.5665818452835083,4.684752941131592,5.0541229248046875,4.195425987243652
val,depablo_low_temp,39,0,0.5743618607521057,-0.3384273052215576,-1.2360234260559082,1.1130385398864746,1.0284521579742432,1.7637299299240112,0.7872515320777893,0.263940691947937
val,depablo_low_temp,39,10,0.5407600998878479,-0.7497400641441345,-1.0986380577087402,1.2462401390075684,0.7801024913787842,1.5904541015625,1.1450101137161255,0.6961519122123718
val,depablo_low_temp,39,50,0.441104531288147,-2.569385290145874,-0.5309872627258301,1.8660428524017334,-0.2782151699066162,0.9022023677825928,2.73881459236145,2.5971055030822754
val,depablo_low_temp,39,100,0.39466625452041626,-5.119342803955078,0.1925157755613327,2.7905590534210205,-1.687605619430542,0.08356714248657227,4.991005897521973,5.238370418548584
val,depablo_mixed_temp,40,0,0.6403289437294006,-0.2789097726345062,-1.2404370307922363,1.0713411569595337,0.9977244734764099,1.883298635482788,0.6802731156349182,0.22971253097057343
val,depablo_mixed_temp,40,10,1.5792126655578613,0.019451342523097992,-2.6516642570495605,1.8709518909454346,2.3095288276672363,3.89296555519104,0.8940865993499756,-0.1166691780090332
val,depablo_mixed_temp,40,50,1.587296724319458,-2.7100141048431396,-2.287978172302246,3.085620403289795,1.072263240814209,3.3659071922302246,3.4785890579223633,2.8091776371002197
val,depablo_mixed_temp,40,100,2.2636380195617676,-1.7360901832580566,-3.835602045059204,3.5399177074432373,2.6015195846557617,5.257633209228516,3.0883121490478516,1.8765034675598145
val,depablo_mixed_temp,41,0,0.4973576068878174,-1.214776873588562,-0.8923304080963135,1.365613579750061,0.4694187045097351,1.3513450622558594,1.5305758714675903,1.172073245048523
val,depablo_mixed_temp,41,10,0.5346565246582031,-1.4194104671478271,-0.7101060152053833,1.3856542110443115,0.32105621695518494,1.2445390224456787,1.670599102973938,1.3281841278076172
val,depablo_mixed_temp,41,50,0.6166988611221313,-2.956221342086792,-0.41489022970199585,2.0482921600341797,-0.38507339358329773,0.9702877998352051,3.08809494972229,2.906587839126587
val,depablo_mixed_temp,41,100,0.6373199224472046,-4.937774658203125,-0.17570443451404572,2.9459316730499268,-1.2967886924743652,0.6196265816688538,4.94855260848999,5.0287933349609375
val,depablo_mixed_temp,42,0,0.6733342409133911,-1.3654736280441284,-1.2405632734298706,1.6581048965454102,0.6652941703796387,1.7669583559036255,1.79988431930542,1.3704668283462524
val,depablo_mixed_temp,42,10,0.6878249645233154,-1.6569888591766357,-1.2266268730163574,1.805273175239563,0.5511518716812134,1.7429637908935547,2.083498001098633,1.6832605600357056
val,depablo_mixed_temp,42,50,0.7254696488380432,-3.1067581176757812,-1.0441946983337402,2.4667985439300537,-0.09659609198570251,1.507189393043518,3.4496805667877197,3.2222721576690674
val,depablo_mixed_temp,42,100,0.8356380462646484,-5.333219528198242,-0.753704309463501,3.4864187240600586,-1.0794615745544434,1.19071364402771,5.537593841552734,5.5579514503479
val,depablo_mixed_temp,43,0,0.4736177921295166,0.0512295663356781,-1.0946403741836548,0.8177112936973572,1.058923602104187,1.5969339609146118,0.348877876996994,-0.16818101704120636
val,depablo_mixed_temp,43,10,0.47717684507369995,-0.18294937908649445,-0.9458261132240295,0.8623098731040955,0.8991408944129944,1.4755525588989258,0.5308311581611633,0.046810295432806015
val,depablo_mixed_temp,43,50,0.1785612255334854,-2.0758414268493652,0.10587597638368607,1.2237532138824463,-0.5395179986953735,0.23129676282405853,2.019136905670166,1.9740546941757202
val,depablo_mixed_temp,43,100,0.28303009271621704,-4.728638172149658,0.44295185804367065,2.43652606010437,-1.7141817808151245,-0.16733905673027039,4.515836715698242,4.779568672180176
val,depablo_mixed_temp,44,0,0.7355720400810242,-0.30421313643455505,-1.4944052696228027,1.2395293712615967,1.181092381477356,2.142803430557251,0.8040154576301575,0.2759575843811035
val,depablo_mixed_temp,44,10,0.28879761695861816,-0.5031371712684631,-0.062385864555835724,0.5004411935806274,0.153132364153862,0.6558947563171387,0.482498437166214,0.27025851607322693
val,depablo_mixed_temp,44,50,0.5462133884429932,-1.8138527870178223,-0.4057666063308716,1.4153928756713867,-0.048351556062698364,1.0320991277694702,1.9118142127990723,1.7088449001312256
val,depablo_mixed_temp,44,100,1.6142271757125854,-3.2699344158172607,-2.4488284587860107,3.462416887283325,0.9577900171279907,3.4297990798950195,4.09752893447876,3.454775810241699
val,depablo_mixed_temp,45,0,0.5961601138114929,0.07876241207122803,-1.2821272611618042,0.9134789109230042,1.1779193878173828,1.8825414180755615,0.36236274242401123,-0.1648431420326233
val,depablo_mixed_temp,45,10,0.5845771431922913,0.0775933563709259,-0.993802011013031,0.7655326128005981,1.0313047170639038,1.6745495796203613,0.2627254128456116,-0.2497347742319107
val,depablo_mixed_temp,45,50,1.0154949426651,-1.7087388038635254,-1.6731746196746826,2.133082389831543,0.9011259078979492,2.4171688556671143,2.2861196994781494,1.7450060844421387
val,depablo_mixed_temp,45,100,2.1596012115478516,-3.940809726715088,-3.438091278076172,4.449271202087402,1.5001749992370605,4.621992588043213,5.140324115753174,4.235754013061523
val,depablo_mixed_temp,46,0,0.8160666823387146,-0.5054404139518738,-1.6324841976165771,1.4370763301849365,1.2223570346832275,2.304246425628662,1.0603023767471313,0.5012499690055847
val,depablo_mixed_temp,46,10,1.5641379356384277,-0.08288448303937912,-2.783541679382324,1.9924211502075195,2.381521701812744,3.948781967163086,1.0802795886993408,0.02458246797323227
val,depablo_mixed_temp,46,50,2.211961269378662,-0.442166805267334,-4.304509162902832,3.1183037757873535,3.350517749786377,5.655433654785156,1.993965983390808,0.5819904804229736
val,depablo_mixed_temp,46,100,1.932663917541504,-2.8541061878204346,-3.270172119140625,3.757786512374878,1.729515790939331,4.392817497253418,4.003605842590332,3.084474563598633
val,depablo_mixed_temp,47,0,0.5703064203262329,-0.4729139804840088,-1.199554681777954,1.1618503332138062,0.9546208381652832,1.7203929424285889,0.9072185754776001,0.4050248861312866
val,depablo_mixed_temp,47,10,0.5151712894439697,-1.0172127485275269,-0.9102558493614197,1.2810473442077637,0.5665264129638672,1.406537413597107,1.3418439626693726,0.9486019611358643
val,depablo_mixed_temp,47,50,0.3213711678981781,-2.616600751876831,-0.11957739293575287,1.6494189500808716,-0.5668384432792664,0.485994815826416,2.6361324787139893,2.583059549331665
val,depablo_mixed_temp,47,100,0.4754573106765747,-4.857682228088379,-0.00687899487093091,2.778970241546631,-1.4374624490737915,0.3362696170806885,4.807315349578857,4.9695587158203125
val,depablo_mixed_temp,48,0,0.47892820835113525,-0.666655957698822,-0.8889833092689514,1.0641027688980103,0.6287660598754883,1.4032162427902222,0.9597113728523254,0.5979505777359009
val,depablo_mixed_temp,48,10,0.4888846278190613,-0.900268018245697,-0.7743995785713196,1.1278858184814453,0.48590731620788574,1.311889886856079,1.151430606842041,0.8191173672676086
val,depablo_mixed_temp,48,50,1.1109936237335205,-2.218878746032715,-1.8650768995285034,2.5112016201019287,0.8418678641319275,2.592972993850708,2.8579862117767334,2.3298614025115967
val,depablo_mixed_temp,48,100,1.3554532527923584,-3.7760486602783203,-2.109975576400757,3.4957194328308105,0.47599491477012634,2.8615198135375977,4.4879560470581055,4.020567417144775
val,depablo_mixed_temp,49,0,0.5949697494506836,-0.9230506420135498,-1.1576707363128662,1.3716955184936523,0.7584642171859741,1.670974850654602,1.3313474655151367,0.8870575428009033
val,depablo_mixed_temp,49,10,1.0089012384414673,-1.1713234186172485,-1.8436002731323242,1.950079321861267,1.2264139652252197,2.5620245933532715,1.830683946609497,1.1774241924285889
val,depablo_mixed_temp,49,50,0.9630337953567505,-2.6310036182403564,-1.532949447631836,2.531158924102783,0.47144538164138794,2.1483657360076904,3.164508581161499,2.728396415710449
val,depablo_mixed_temp,49,100,0.7749108672142029,-4.68589973449707,-0.6333901882171631,3.079313278198242,-0.9062314033508301,1.1124314069747925,4.861259937286377,4.831698417663574
val,depablo_mixed_temp,50,0,0.6270335912704468,-1.221842885017395,-1.030625581741333,1.441537857055664,0.5136290192604065,1.6229143142700195,1.5384293794631958,1.2214775085449219
val,depablo_mixed_temp,50,10,1.2966715097427368,-1.6358472108840942,-1.8446133136749268,2.2429139614105225,1.1279983520507812,2.8650052547454834,2.2582449913024902,1.6002191305160522
val,depablo_mixed_temp,50,50,1.6391894817352295,-2.5980162620544434,-2.538564443588257,3.1745336055755615,1.2811098098754883,3.605771541595459,3.466754198074341,2.720823049545288
val,depablo_mixed_temp,50,100,3.3284831047058105,-3.527941942214966,-5.341953754425049,5.494964599609375,3.222925901412964,7.254491329193115,5.424938678741455,3.8139419555664062
val,depablo_mixed_temp,51,0,0.7260003089904785,-1.0944859981536865,-1.2776459455490112,1.5253626108169556,0.7381496429443359,1.9106545448303223,1.500257134437561,1.1084843873977661
val,depablo_mixed_temp,51,10,1.404737949371338,-1.0426867008209229,-2.615818738937378,2.3464367389678955,1.7942005395889282,3.565671920776367,1.9435231685638428,1.1394678354263306
val,depablo_mixed_temp,51,50,1.4614676237106323,-1.959902286529541,-2.6103577613830566,2.831861734390259,1.4652799367904663,3.528926372528076,2.8533687591552734,2.132693290710449
val,depablo_mixed_temp,51,100,2.6579926013946533,-4.300983428955078,-4.424820423126221,5.2399749755859375,2.0711793899536133,5.8100385665893555,5.830115795135498,4.732288360595703
val,depablo_mixed_temp,52,0,0.6935067772865295,-0.9775711297988892,-1.2213324308395386,1.4321188926696777,0.7423298954963684,1.8508119583129883,1.366161823272705,0.9756660461425781
val,depablo_mixed_temp,52,10,0.8680063486099243,-1.234944224357605,-1.5551798343658447,1.7776225805282593,0.9010909795761108,2.2421672344207764,1.7438948154449463,1.2810264825820923
val,depablo_mixed_temp,52,50,1.6946275234222412,-2.497704267501831,-3.036036252975464,3.381150245666504,1.5838050842285156,4.017620086669922,3.5394556522369385,2.7523322105407715
val,depablo_mixed_temp,52,100,2.6585800647735596,-4.686471939086914,-4.404208660125732,5.428567886352539,1.8969640731811523,5.759050369262695,6.1988205909729,5.156612396240234
val,depablo_mixed_temp,53,0,0.544520914554596,-0.8189588785171509,-1.0606762170791626,1.256932020187378,0.7237133979797363,1.5631581544876099,1.193023443222046,0.7667537331581116
val,depablo_mixed_temp,53,10,0.550021231174469,-1.217504620552063,-1.0075265169143677,1.436485767364502,0.5433607697486877,1.4907406568527222,1.5688525438308716,1.190656304359436
val,depablo_mixed_temp,53,50,0.6898964643478394,-2.85813307762146,-1.0100395679473877,2.31512713432312,-0.03184986859560013,1.4719096422195435,3.192869186401367,2.9520764350891113
val,depablo_mixed_temp,53,100,0.8138513565063477,-4.972353458404541,-0.8151364326477051,3.3292768001556396,-0.9121497869491577,1.2460485696792603,5.206165790557861,5.186542987823486
val,depablo_mixed_temp,54,0,0.5250261425971985,-0.10937364399433136,-1.1408987045288086,0.9260701537132263,1.019761085510254,1.6755330562591553,0.5100136995315552,0.017322534695267677
val,depablo_mixed_temp,54,10,0.7122576236724854,-0.7297653555870056,-1.0563452243804932,1.253804326057434,0.8433123826980591,1.7596515417099,1.1046799421310425,0.5821533799171448
val,depablo_mixed_temp,54,50,0.5689758062362671,-2.552414894104004,-0.13774323463439941,1.6777287721633911,-0.4082792103290558,0.7790993452072144,2.579958200454712,2.4062845706939697
val,depablo_mixed_temp,54,100,1.2176835536956787,-5.6258158683776855,-1.1841709613800049,3.943897247314453,-0.7778546214103699,1.8692066669464111,5.989185810089111,5.846596717834473
val,depablo_mixed_temp,55,0,0.559833288192749,-0.22476348280906677,-1.2267857789993286,1.046668291091919,1.0606496334075928,1.7533974647521973,0.6707876324653625,0.14105650782585144
val,depablo_mixed_temp,55,10,0.5403891205787659,-0.6563374996185303,-1.0962032079696655,1.1967732906341553,0.8155084252357483,1.5983588695526123,1.0516740083694458,0.5919945240020752
val,depablo_mixed_temp,55,50,0.4523189663887024,-2.445951223373413,-0.5739507675170898,1.8274701833724976,-0.20164340734481812,0.9567776918411255,2.632453441619873,2.4677622318267822
val,depablo_mixed_temp,55,100,0.43704062700271606,-4.953583717346191,0.04316098988056183,2.792616128921509,-1.5229897499084473,0.24992206692695618,4.882516384124756,5.079668045043945
val,depablo_mixed_temp,56,0,0.577418863773346,-0.33598393201828003,-1.2432348728179932,1.1161974668502808,1.0345934629440308,1.7722591161727905,0.787433922290802,0.26201558113098145
val,depablo_mixed_temp,56,10,0.505903959274292,-0.7737148404121399,-0.9982442259788513,1.1992812156677246,0.7019068598747253,1.4816914796829224,1.1321985721588135,0.7083218693733215
val,depablo_mixed_temp,56,50,0.44983476400375366,-2.442312240600586,-0.5640107989311218,1.8202744722366333,-0.20635150372982025,0.9477706551551819,2.6252899169921875,2.461134195327759
val,depablo_mixed_temp,56,100,0.3915952742099762,-5.304271697998047,0.2700428068637848,2.8435659408569336,-1.8028438091278076,0.006717931013554335,5.14510440826416,5.422834873199463
val,depablo_mixed_temp,57,0,0.5669249892234802,-1.1412696838378906,-0.8928054571151733,1.3161872625350952,0.4407074749469757,1.4764430522918701,1.4066230058670044,1.1218334436416626
val,depablo_mixed_temp,57,10,0.7098674178123474,-1.319658875465393,-1.184518814086914,1.5925776958465576,0.5960893034934998,1.811898946762085,1.6923046112060547,1.3412456512451172
val,depablo_mixed_temp,57,50,1.3683043718338013,-2.0588483810424805,-2.4490115642547607,2.7795562744140625,1.292871117591858,3.3096957206726074,2.8908984661102295,2.2363781929016113
val,depablo_mixed_temp,57,100,2.249918222427368,-3.4960055351257324,-3.861682176589966,4.449629783630371,1.898654818534851,5.072522163391113,4.830979824066162,3.851449728012085
val,depablo_mixed_temp,58,0,0.8484930992126465,-0.85417640209198,-1.6074446439743042,1.6020487546920776,1.067013144493103,2.2915170192718506,1.3839951753616333,0.8802099227905273
val,depablo_mixed_temp,58,10,1.010661005973816,-1.080459475517273,-1.9304873943328857,1.9227088689804077,1.2260003089904785,2.665088176727295,1.726922869682312,1.1544628143310547
val,depablo_mixed_temp,58,50,1.6244680881500244,-2.3576743602752686,-2.976369619369507,3.2605090141296387,1.57291841506958,3.9099888801574707,3.3770341873168945,2.608098268508911
val,depablo_mixed_temp,58,100,2.5211617946624756,-4.304793357849121,-4.279298782348633,5.1353254318237305,1.9180631637573242,5.558515548706055,5.775223255157471,4.753363609313965
val,depablo_mixed_temp,59,0,0.6490527391433716,-0.10380366444587708,-1.4020054340362549,1.0828685760498047,1.2074065208435059,1.992483139038086,0.5934130549430847,0.039172448217868805
val,depablo_mixed_temp,59,10,0.6836361289024353,-0.4155701994895935,-1.4317729473114014,1.2669364213943481,1.1186084747314453,2.017986297607422,0.9139642715454102,0.37951046228408813
val,depablo_mixed_temp,59,50,0.8714514970779419,-2.065469741821289,-1.5639106035232544,2.2272329330444336,0.6331214904785156,2.1391122341156006,2.5975170135498047,2.170084238052368
val,depablo_mixed_temp,59,100,1.1478924751281738,-4.337563514709473,-1.6803865432739258,3.5169243812561035,-0.07039125263690948,2.2761974334716797,4.884247779846191,4.606625556945801
