split,source,original_index,frame,coordinate_mse,zero_displacement_mse,explained_displacement_score,shuffled_same_source_coordinate_mse,shuffled_original_index,valid,total,control,transfer_only
train,reid,60,0,4.0524813016418193e-07,0.0,,1.4069792086957023e-07,45,1,1,same_source_cyclic_next_latent,False
train,reid,60,5,2.8802318752241263e-07,9.641969000995232e-08,-1.9871822601035456,6.9140860148309e-08,45,1,1,same_source_cyclic_next_latent,False
train,reid,60,10,2.6473236403035116e-07,3.9934545270625676e-07,0.3370843157563681,7.449090588806939e-08,45,1,1,same_source_cyclic_next_latent,False
train,reid,60,25,6.243317329790443e-07,2.613964852571371e-06,0.7611552686468275,4.6188367264221597e-07,45,1,1,same_source_cyclic_next_latent,False
train,reid,60,50,2.732289658524678e-06,1.078044169844361e-05,0.7465512327830554,2.168859282392077e-06,45,1,1,same_source_cyclic_next_latent,False
train,reid,60,75,6.899329946463695e-06,2.4720842702663504e-05,0.7209104062734747,5.4467300287797116e-06,45,1,1,same_source_cyclic_next_latent,False
train,reid,60,100,1.2335043720668182e-05,4.460650961846113e-05,0.7234698741018929,1.05064482340822e-05,45,1,1,same_source_cyclic_next_latent,False
train,reid,60,125,1.8587839804240502e-05,7.057588663883507e-05,0.7366261950152765,1.7234533515875228e-05,45,1,1,same_source_cyclic_next_latent,False
train,reid,60,149,2.5778999770409428e-05,0.00010132297029485926,0.7455759568102855,2.5335975806228817e-05,45,1,1,same_source_cyclic_next_latent,False
train,reid,60,175,3.5840304917655885e-05,0.00014116728561930358,0.7461146556695215,3.621065479819663e-05,45,1,1,same_source_cyclic_next_latent,False
train,reid,60,199,4.821353650186211e-05,0.00018406144226901233,0.7380573796037286,4.8743499064585194e-05,45,1,1,same_source_cyclic_next_latent,False
train,reid,45,0,2.908601857143367e-07,0.0,,7.718576853221748e-07,43,1,1,same_source_cyclic_next_latent,False
train,reid,45,5,1.9637533910099592e-07,1.0940514982848981e-07,-0.7949368874211669,6.715022209391464e-07,43,1,1,same_source_cyclic_next_latent,False
train,reid,45,10,1.621464491563529e-07,4.6404014142353844e-07,0.6505766749856265,6.984234346418816e-07,43,1,1,same_source_cyclic_next_latent,False
train,reid,45,25,3.567345174815273e-07,3.1349377422884572e-06,0.8862068255233941,1.4621546142734587e-06,43,1,1,same_source_cyclic_next_latent,False
train,reid,45,50,1.6009242926884326e-06,1.3438479982141871e-05,0.8808701359963427,5.1025290304096416e-06,43,1,1,same_source_cyclic_next_latent,False
train,reid,45,75,4.286508101358777e-06,3.1573268643114716e-05,0.864236162881617,1.2065635019098409e-05,43,1,1,same_source_cyclic_next_latent,False
train,reid,45,100,8.316000275954138e-06,5.785295434179716e-05,0.8562562556991828,2.2744379748473875e-05,43,1,1,same_source_cyclic_next_latent,False
train,reid,45,125,1.3294100426719524e-05,9.246835543308407e-05,0.8562308114548445,3.736647340701893e-05,43,1,1,same_source_cyclic_next_latent,False
train,reid,45,149,1.932827399286907e-05,0.00013366823259275407,0.8554011404358404,5.570851135416888e-05,43,1,1,same_source_cyclic_next_latent,False
train,reid,45,175,2.817061249515973e-05,0.00018724941764958203,0.8495556736636793,8.168298518285155e-05,43,1,1,same_source_cyclic_next_latent,False
train,reid,45,199,3.941380782634951e-05,0.00024507357738912106,0.839175613110795,0.00011258429003646597,43,1,1,same_source_cyclic_next_latent,False
train,reid,43,0,6.180643481457082e-07,0.0,,3.7768850802422094e-07,73,1,1,same_source_cyclic_next_latent,False
train,reid,43,5,4.00099850139668e-07,1.0691530860640341e-07,-2.7422129286703947,2.0523978605524462e-07,73,1,1,same_source_cyclic_next_latent,False
train,reid,43,10,2.4295027856169327e-07,4.3156654783160775e-07,0.43705025381974316,9.690657520877721e-08,73,1,1,same_source_cyclic_next_latent,False
train,reid,43,25,4.8687955001014416e-08,2.7168591714143986e-06,0.9820793232445436,4.8676906061473346e-08,73,1,1,same_source_cyclic_next_latent,False
train,reid,43,50,1.226260337716667e-07,1.0897718311753124e-05,0.9887475496921759,2.782114165711391e-07,73,1,1,same_source_cyclic_next_latent,False
train,reid,43,75,2.5893641009133717e-07,2.4548364308429882e-05,0.9894519892715451,4.2034201896967716e-07,73,1,1,same_source_cyclic_next_latent,False
train,reid,43,100,4.227095473652298e-07,4.367970905150287e-05,0.9903225191617735,5.378556124924216e-07,73,1,1,same_source_cyclic_next_latent,False
train,reid,43,125,6.626267463616387e-07,6.829092308180407e-05,0.9902970011758679,7.50741037336411e-07,73,1,1,same_source_cyclic_next_latent,False
train,reid,43,149,1.0336169680158491e-06,9.707405115477741e-05,0.9893522835843348,1.1319090162942302e-06,73,1,1,same_source_cyclic_next_latent,False
train,reid,43,175,1.7464897155150538e-06,0.000133975685457699,0.9869641292780212,1.9105366391158896e-06,73,1,1,same_source_cyclic_next_latent,False
train,reid,43,199,2.908709575422108e-06,0.00017330388072878122,0.9832161313226782,3.1696256428404013e-06,73,1,1,same_source_cyclic_next_latent,False
train,reid,73,0,4.499989927353454e-07,0.0,,3.5757179261963756e-07,85,1,1,same_source_cyclic_next_latent,False
train,reid,73,5,2.7576993488764856e-07,1.0321873844532092e-07,-1.671704179311733,2.0604208827990078e-07,85,1,1,same_source_cyclic_next_latent,False
train,reid,73,10,1.6092468513306812e-07,4.1087471913670015e-07,0.6083363671749109,1.1683892608971291e-07,85,1,1,same_source_cyclic_next_latent,False
train,reid,73,25,4.8276053377094286e-08,2.558030018917634e-06,0.9811276439212699,1.677131820088107e-07,85,1,1,same_source_cyclic_next_latent,False
train,reid,73,50,1.3304266133218334e-07,1.0220051990472712e-05,0.9869821932944952,1.04762079899956e-06,85,1,1,same_source_cyclic_next_latent,False
train,reid,73,75,2.666750162916287e-07,2.298522122146096e-05,0.9883979791309279,2.8095221296098316e-06,85,1,1,same_source_cyclic_next_latent,False
train,reid,73,100,4.989341846339812e-07,4.0849776269169524e-05,0.9877861219766204,5.603358658845536e-06,85,1,1,same_source_cyclic_next_latent,False
train,reid,73,125,7.426124852827343e-07,6.38140772935003e-05,0.988362873573064,9.512445103609934e-06,85,1,1,same_source_cyclic_next_latent,False
train,reid,73,149,9.481766483077081e-07,9.065200720215216e-05,0.9895404781695204,1.4325959455163684e-05,85,1,1,same_source_cyclic_next_latent,False
train,reid,73,175,1.3785357850792934e-06,0.0001250171335414052,0.9889732251409945,2.089693043672014e-05,85,1,1,same_source_cyclic_next_latent,False
train,reid,73,199,2.35160314332461e-06,0.0001616336521692574,0.9854510300809012,2.859873347915709e-05,85,1,1,same_source_cyclic_next_latent,False
train,reid,85,0,3.305330551484076e-07,0.0,,6.758870654266502e-07,60,1,1,same_source_cyclic_next_latent,False
train,reid,85,5,2.0747400242271397e-07,9.90699291492092e-08,-1.094217732913056,5.499032909028756e-07,60,1,1,same_source_cyclic_next_latent,False
train,reid,85,10,1.3688273270417994e-07,4.059011473600549e-07,0.6627683030844995,4.96745769851259e-07,60,1,1,same_source_cyclic_next_latent,False
train,reid,85,25,1.9682985907820694e-07,2.6302745936845895e-06,0.9251675625233942,6.696738523714885e-07,60,1,1,same_source_cyclic_next_latent,False
train,reid,85,50,8.362594599020667e-07,1.072301711246837e-05,0.922012671328325,2.289723170179059e-06,60,1,1,same_source_cyclic_next_latent,False
train,reid,85,75,1.8332651734453975e-06,2.430160930089187e-05,0.9245619847333273,5.58437977815629e-06,60,1,1,same_source_cyclic_next_latent,False
train,reid,85,100,3.2384496080339886e-06,4.336205529398285e-05,0.9253160491107216,8.949506081989966e-06,60,1,1,same_source_cyclic_next_latent,False
train,reid,85,125,5.172785677132197e-06,6.791073246859014e-05,0.9238296291455155,1.1574014024517965e-05,60,1,1,same_source_cyclic_next_latent,False
train,reid,85,149,7.633592758793384e-06,9.663699165685102e-05,0.9210075497186464,1.4240437849366572e-05,60,1,1,same_source_cyclic_next_latent,False
train,reid,85,175,1.1198393622180447e-05,0.0001334734115516767,0.9161001918509831,1.897002221085131e-05,60,1,1,same_source_cyclic_next_latent,False
train,reid,85,199,1.5672396330046467e-05,0.00017275374557357281,0.9092789781314937,2.627319008752238e-05,60,1,1,same_source_cyclic_next_latent,False
train,depablo_low_temp,99,0,2.7861128728545737e-06,0.0,,3.3766439173632534e-06,145,1,1,same_source_cyclic_next_latent,False
train,depablo_low_temp,99,5,2.3933628199301893e-06,1.005318210900441e-07,-22.80701745954157,2.667271701284335e-06,145,1,1,same_source_cyclic_next_latent,False
train,depablo_low_temp,99,10,2.023475644818973e-06,4.115541969440528e-07,-3.9166687154305624,1.987114046642091e-06,145,1,1,same_source_cyclic_next_latent,False
train,depablo_low_temp,99,25,1.2644665048355819e-06,2.6255513603246072e-06,0.5183996306668133,8.502502168994397e-07,145,1,1,same_source_cyclic_next_latent,False
train,depablo_low_temp,99,50,8.495757697346562e-07,1.0610699973767623e-05,0.9199321654711728,9.821361572903697e-07,145,1,1,same_source_cyclic_next_latent,False
train,depablo_low_temp,99,75,1.0291714716004208e-06,2.4012397261685692e-05,0.957139994795831,2.5091082989092683e-06,145,1,1,same_source_cyclic_next_latent,False
train,depablo_low_temp,99,100,1.5116559097805293e-06,4.2894575017271563e-05,0.9647588090295367,5.135914761922322e-06,145,1,1,same_source_cyclic_next_latent,False
train,depablo_low_temp,99,125,2.215350377809955e-06,6.73249815008603e-05,0.9670946752836219,8.830528713588137e-06,145,1,1,same_source_cyclic_next_latent,False
train,depablo_low_temp,99,149,3.1804006539459806e-06,9.607322863303125e-05,0.9668960781354181,1.3494433005689643e-05,145,1,1,same_source_cyclic_next_latent,False
train,depablo_low_temp,99,175,4.809041911357781e-06,0.00013315709657035768,0.9638844490063151,1.9850433091050945e-05,145,1,1,same_source_cyclic_next_latent,False
train,depablo_low_temp,99,199,7.232410098367836e-06,0.00017297302838414907,0.9581876425132266,2.7033725928049535e-05,145,1,1,same_source_cyclic_next_latent,False
train,depablo_low_temp,145,0,4.142054422118235e-06,0.0,,4.757372607855359e-06,7,1,1,same_source_cyclic_next_latent,False
train,depablo_low_temp,145,5,3.40506699103571e-06,1.0263002536703425e-07,-32.17807804156941,4.261006779415766e-06,7,1,1,same_source_cyclic_next_latent,False
train,depablo_low_temp,145,10,2.7163507638761075e-06,4.3361850998735463e-07,-5.264379175038729,3.849062068184139e-06,7,1,1,same_source_cyclic_next_latent,False
train,depablo_low_temp,145,25,1.5768582670716569e-06,2.8988624762860127e-06,0.45604240284902775,3.337920134072192e-06,7,1,1,same_source_cyclic_next_latent,False
train,depablo_low_temp,145,50,1.7725192265061196e-06,1.2047797099512536e-05,0.852876072541275,4.500380782701541e-06,7,1,1,same_source_cyclic_next_latent,False
train,depablo_low_temp,145,75,3.29323756886879e-06,2.75988695648266e-05,0.8806749109367197,7.596023806399899e-06,7,1,1,same_source_cyclic_next_latent,False
train,depablo_low_temp,145,100,5.440282620838843e-06,4.965141852153465e-05,0.8904304694038238,1.2047651580360252e-05,7,1,1,same_source_cyclic_next_latent,False
train,depablo_low_temp,145,125,7.78131652623415e-06,7.831659604562446e-05,0.9006428149443442,1.7341983038932085e-05,7,1,1,same_source_cyclic_next_latent,False
train,depablo_low_temp,145,149,1.0302778719051275e-05,0.00011215145786991343,0.9081351333747114,2.2916101443115622e-05,7,1,1,same_source_cyclic_next_latent,False
train,depablo_low_temp,145,175,1.386690291838022e-05,0.0001558988878969103,0.9110519445940509,2.9611850550281815e-05,7,1,1,same_source_cyclic_next_latent,False
train,depablo_low_temp,145,199,1.8711516531766392e-05,0.00020291323016863316,0.9077856258253048,3.6846231523668393e-05,7,1,1,same_source_cyclic_next_latent,False
train,depablo_low_temp,7,0,2.8812767141062068e-06,0.0,,8.078406921185888e-08,133,1,1,same_source_cyclic_next_latent,False
train,depablo_low_temp,7,5,2.3588997919432586e-06,1.011753809621041e-07,-22.314958337807493,3.5263933995111074e-08,133,1,1,same_source_cyclic_next_latent,False
train,depablo_low_temp,7,10,1.8771592067423626e-06,4.1584544874240237e-07,-3.514078998385717,8.971390741407959e-08,133,1,1,same_source_cyclic_next_latent,False
train,depablo_low_temp,7,25,9.389956971972424e-07,2.653020374054904e-06,0.6460654028969738,7.712598630860157e-07,133,1,1,same_source_cyclic_next_latent,False
train,depablo_low_temp,7,50,6.272653649830318e-07,1.0714314157667104e-05,0.9414553880208782,3.095661668339744e-06,133,1,1,same_source_cyclic_next_latent,False
train,depablo_low_temp,7,75,1.2213231457280926e-06,2.4235781893366948e-05,0.9496066126068599,6.69991777613177e-06,133,1,1,same_source_cyclic_next_latent,False
train,depablo_low_temp,7,100,2.349217766095535e-06,4.327576607465744e-05,0.9457151662655083,1.2220165444887243e-05,133,1,1,same_source_cyclic_next_latent,False
train,depablo_low_temp,7,125,4.084197826159652e-06,6.790105544496328e-05,0.9398507460687401,2.0355844753794372e-05,133,1,1,same_source_cyclic_next_latent,False
train,depablo_low_temp,7,149,6.664416105195414e-06,9.687045530881733e-05,0.9312027998221992,3.1186278647510335e-05,133,1,1,same_source_cyclic_next_latent,False
train,depablo_low_temp,7,175,1.0986646884703077e-05,0.0001342045870842412,0.918135086710511,4.7023895604070276e-05,133,1,1,same_source_cyclic_next_latent,False
train,depablo_low_temp,7,199,1.6903008145163767e-05,0.0001742498279782012,0.9029955533311727,6.620727072004229e-05,133,1,1,same_source_cyclic_next_latent,False
train,depablo_low_temp,133,0,2.241441592332194e-07,0.0,,5.209455594012979e-06,198,1,1,same_source_cyclic_next_latent,False
train,depablo_low_temp,133,5,1.1555969336995986e-07,1.0488408719311337e-07,-0.10178480322940198,4.610284122463781e-06,198,1,1,same_source_cyclic_next_latent,False
train,depablo_low_temp,133,10,5.98307039467727e-08,4.206289361263771e-07,0.8577589442662673,4.022966550110141e-06,198,1,1,same_source_cyclic_next_latent,False
train,depablo_low_temp,133,25,7.035581006675784e-08,2.6371496915089665e-06,0.9733212679229822,3.307455244794255e-06,198,1,1,same_source_cyclic_next_latent,False
train,depablo_low_temp,133,50,1.5169038647400157e-07,1.056383189279586e-05,0.9856405906480348,5.252340997685678e-06,198,1,1,same_source_cyclic_next_latent,False
train,depablo_low_temp,133,75,2.2893901530096628e-07,2.3784537916071713e-05,0.9903744602435068,1.0926251889031846e-05,198,1,1,same_source_cyclic_next_latent,False
train,depablo_low_temp,133,100,5.748843818764726e-07,4.23004494223278e-05,0.9864094970685341,2.0243916878825985e-05,198,1,1,same_source_cyclic_next_latent,False
train,depablo_low_temp,133,125,9.68077529250877e-07,6.611568096559495e-05,0.9853578226055837,3.267756255809218e-05,198,1,1,same_source_cyclic_next_latent,False
train,depablo_low_temp,133,149,1.2440675618563546e-06,9.396969107910991e-05,0.9867609699726584,4.715731483884156e-05,198,1,1,same_source_cyclic_next_latent,False
train,depablo_low_temp,133,175,1.7964504195333575e-06,0.0001296565606025979,0.986144546707208,6.570701953023672e-05,198,1,1,same_source_cyclic_next_latent,False
train,depablo_low_temp,133,199,3.0948692710808245e-06,0.00016769676585681736,0.9815448481950851,8.562723087379709e-05,198,1,1,same_source_cyclic_next_latent,False
train,depablo_low_temp,198,0,3.385171112313401e-06,0.0,,3.2823882065713406e-06,99,1,1,same_source_cyclic_next_latent,False
train,depablo_low_temp,198,5,2.7627513645711588e-06,1.0731390176488276e-07,-24.74458033055357,2.916479161285679e-06,99,1,1,same_source_cyclic_next_latent,False
train,depablo_low_temp,198,10,2.1506605207832763e-06,4.575125842620764e-07,-3.7007680111183907,2.6095299290318508e-06,99,1,1,same_source_cyclic_next_latent,False
train,depablo_low_temp,198,25,1.0774830343507347e-06,3.006710130648571e-06,0.641640534826577,2.226252490800107e-06,99,1,1,same_source_cyclic_next_latent,False
train,depablo_low_temp,198,50,1.0132451961908373e-06,1.2325030184001662e-05,0.9177896377482251,3.0724331736564636e-06,99,1,1,same_source_cyclic_next_latent,False
train,depablo_low_temp,198,75,2.0077077351743355e-06,2.8102962460252456e-05,0.9285588578779214,5.293842150422279e-06,99,1,1,same_source_cyclic_next_latent,False
train,depablo_low_temp,198,100,3.59179534825671e-06,5.048274033470079e-05,0.9288510226575838,8.540005183022004e-06,99,1,1,same_source_cyclic_next_latent,False
train,depablo_low_temp,198,125,5.968093773844885e-06,7.960081711644307e-05,0.9250247172071797,1.2638985936064273e-05,99,1,1,same_source_cyclic_next_latent,False
train,depablo_low_temp,198,149,9.466179108130746e-06,0.00011402370728319511,0.9169806057557832,1.740597144817002e-05,99,1,1,same_source_cyclic_next_latent,False
train,depablo_low_temp,198,175,1.5070962035679258e-05,0.00015858883853070438,0.9049683308402479,2.3766739104758017e-05,99,1,1,same_source_cyclic_next_latent,False
train,depablo_low_temp,198,199,2.2235379219637252e-05,0.00020657408458646387,0.8923612356111863,3.1225870770867914e-05,99,1,1,same_source_cyclic_next_latent,False
train,lj_noisy,178,0,5.789140686829342e-07,0.0,,1.1929004131161491e-06,199,1,1,same_source_cyclic_next_latent,False
train,lj_noisy,178,5,3.7730077906417137e-07,8.898146575120336e-08,-3.2402176214889877,9.695968401501887e-07,199,1,1,same_source_cyclic_next_latent,False
train,lj_noisy,178,10,2.467786259785498e-07,3.5017228583456017e-07,0.295265113884138,8.119237122627965e-07,199,1,1,same_source_cyclic_next_latent,False
train,lj_noisy,178,25,2.701656285353238e-07,2.1434675545606297e-06,0.8739586106817919,8.319183848470857e-07,199,1,1,same_source_cyclic_next_latent,False
train,lj_noisy,178,50,1.491430111855152e-06,8.785852514847647e-06,0.8302463979067813,2.5123820250883e-06,199,1,1,same_source_cyclic_next_latent,False
train,lj_noisy,178,75,4.093358256795909e-06,2.023533670580946e-05,0.7977123723559921,6.683846550004091e-06,199,1,1,same_source_cyclic_next_latent,False
train,lj_noisy,178,100,7.733159691269975e-06,3.592209759517573e-05,0.7847241611996365,1.2641756256925873e-05,199,1,1,same_source_cyclic_next_latent,False
train,lj_noisy,178,125,1.2319542292971164e-05,5.6316977861570194e-05,0.7812463885534984,1.882034666778054e-05,199,1,1,same_source_cyclic_next_latent,False
train,lj_noisy,178,149,1.6359113942598924e-05,8.071761840255931e-05,0.7973290804863461,2.2657513909507543e-05,199,1,1,same_source_cyclic_next_latent,False
train,lj_noisy,178,175,2.0412930098245852e-05,0.00011241415631957352,0.8184131717342119,2.5681458282633685e-05,199,1,1,same_source_cyclic_next_latent,False
train,lj_noisy,178,199,2.5433795599383302e-05,0.00014669761003460735,0.826624335642665,2.91992455458967e-05,199,1,1,same_source_cyclic_next_latent,False
train,lj_noisy,199,0,8.945776812652184e-07,0.0,,3.18433563961662e-07,42,1,1,same_source_cyclic_next_latent,False
train,lj_noisy,199,5,6.452007141888316e-07,9.910389309197853e-08,-5.510346809383355,1.6812406045119133e-07,42,1,1,same_source_cyclic_next_latent,False
train,lj_noisy,199,10,4.587724049542885e-07,4.1158244812322664e-07,-0.1146549301269848,9.96649731632715e-08,42,1,1,same_source_cyclic_next_latent,False
train,lj_noisy,199,25,4.0273351942232694e-07,2.667711441972642e-06,0.8490340772671705,3.438894111695845e-07,42,1,1,same_source_cyclic_next_latent,False
train,lj_noisy,199,50,1.7524580471217632e-06,1.0994632248184644e-05,0.8406078523080099,1.7633529978411389e-06,42,1,1,same_source_cyclic_next_latent,False
train,lj_noisy,199,75,5.077874902781332e-06,2.538395165174734e-05,0.7999572733021736,4.874949354416458e-06,42,1,1,same_source_cyclic_next_latent,False
train,lj_noisy,199,100,1.0764312719402369e-05,4.609454845194705e-05,0.7664731930149176,1.0479056982148904e-05,42,1,1,same_source_cyclic_next_latent,False
train,lj_noisy,199,125,1.70305029314477e-05,7.323205500142649e-05,0.7674446943880523,1.6462030544062145e-05,42,1,1,same_source_cyclic_next_latent,False
train,lj_noisy,199,149,2.295660124218557e-05,0.00010478922195034102,0.7809259309791939,2.236070213257335e-05,42,1,1,same_source_cyclic_next_latent,False
train,lj_noisy,199,175,3.0693761800648645e-05,0.00014562370779458433,0.7892255164664189,3.101201218669303e-05,42,1,1,same_source_cyclic_next_latent,False
train,lj_noisy,199,199,4.0298666135640815e-05,0.00019014337158296257,0.7880616831386211,4.256276588421315e-05,42,1,1,same_source_cyclic_next_latent,False
train,lj_noisy,42,0,4.295027338230284e-07,0.0,,1.3163461289877887e-06,102,1,1,same_source_cyclic_next_latent,False
train,lj_noisy,42,5,2.6953080123348627e-07,9.799599354209931e-08,-1.7504267418615966,1.1115005236206343e-06,102,1,1,same_source_cyclic_next_latent,False
train,lj_noisy,42,10,1.7237097438282944e-07,4.02869886784174e-07,0.5721423217834788,9.338227755506523e-07,102,1,1,same_source_cyclic_next_latent,False
train,lj_noisy,42,25,2.5041688900273584e-07,2.6836687538889237e-06,0.9066885998356337,7.982955025909177e-07,102,1,1,same_source_cyclic_next_latent,False
train,lj_noisy,42,50,1.16405283279164e-06,1.129412430600496e-05,0.8969328828643469,1.873096493909543e-06,102,1,1,same_source_cyclic_next_latent,False
train,lj_noisy,42,75,3.222532768631936e-06,2.5744931917870417e-05,0.874828460261141,4.558296495815739e-06,102,1,1,same_source_cyclic_next_latent,False
train,lj_noisy,42,100,6.816157565481262e-06,4.618121238308959e-05,0.852404100850822,8.313958460348658e-06,102,1,1,same_source_cyclic_next_latent,False
train,lj_noisy,42,125,1.0153597031603567e-05,7.250723137985915e-05,0.8599643533703591,1.142563451139722e-05,102,1,1,same_source_cyclic_next_latent,False
train,lj_noisy,42,149,1.2948785297339782e-05,0.0001034081433317624,0.8747798299037588,1.415495717083104e-05,102,1,1,same_source_cyclic_next_latent,False
train,lj_noisy,42,175,1.7220809240825474e-05,0.00014329282566905022,0.8798208552283089,1.827097548812162e-05,102,1,1,same_source_cyclic_next_latent,False
train,lj_noisy,42,199,2.335415229026694e-05,0.00018602452473714948,0.8744565947782096,2.3642662199563347e-05,102,1,1,same_source_cyclic_next_latent,False
train,lj_noisy,102,0,7.981936391843192e-07,0.0,,2.468917159603734e-07,99,1,1,same_source_cyclic_next_latent,False
train,lj_noisy,102,5,5.704447971766058e-07,1.047859115033134e-07,-4.443907382134744,1.0626690283288553e-07,99,1,1,same_source_cyclic_next_latent,False
train,lj_noisy,102,10,3.857118713312957e-07,4.6877312342985533e-07,0.1771885970996553,8.547082330778721e-08,99,1,1,same_source_cyclic_next_latent,False
train,lj_noisy,102,25,4.252771645951725e-07,3.25413498103444e-06,0.8693117627038374,8.620836524642073e-07,99,1,1,same_source_cyclic_next_latent,False
train,lj_noisy,102,50,1.8938725361294928e-06,1.3549693903769366e-05,0.8602276516665339,3.9604688026884105e-06,99,1,1,same_source_cyclic_next_latent,False
train,lj_noisy,102,75,4.540446298051393e-06,3.12767515424639e-05,0.8548299911553504,7.753180398140103e-06,99,1,1,same_source_cyclic_next_latent,False
train,lj_noisy,102,100,8.413708201260306e-06,5.606986815109849e-05,0.8499424293528418,1.150461412180448e-05,99,1,1,same_source_cyclic_next_latent,False
train,lj_noisy,102,125,1.3973592103866395e-05,8.798276394372806e-05,0.8411780730961849,1.6618743757135235e-05,99,1,1,same_source_cyclic_next_latent,False
train,lj_noisy,102,149,2.11814658541698e-05,0.00012481326120905578,0.8302947487391429,2.3551145204692148e-05,99,1,1,same_source_cyclic_next_latent,False
train,lj_noisy,102,175,3.102865957771428e-05,0.0001706574548734352,0.8181816340767176,3.3093689125962555e-05,99,1,1,same_source_cyclic_next_latent,False
train,lj_noisy,102,199,4.252140206517652e-05,0.00021850221673958004,0.805396015199904,4.4215550587978214e-05,99,1,1,same_source_cyclic_next_latent,False
train,lj_noisy,99,0,2.4889243377401726e-07,0.0,,3.414047000660503e-07,178,1,1,same_source_cyclic_next_latent,False
train,lj_noisy,99,5,1.2466752252748847e-07,8.34548146144698e-08,-0.49383259795622414,1.8808366064604343e-07,178,1,1,same_source_cyclic_next_latent,False
train,lj_noisy,99,10,8.153466524163377e-08,3.481648036540719e-07,0.765815888378411,1.0279396178702882e-07,178,1,1,same_source_cyclic_next_latent,False
train,lj_noisy,99,25,4.866757876698102e-07,2.3629713723494206e-06,0.7940407601358601,3.430722017583321e-07,178,1,1,same_source_cyclic_next_latent,False
train,lj_noisy,99,50,2.306407168362057e-06,9.879052413452882e-06,0.76653558743941,2.009309582717833e-06,178,1,1,same_source_cyclic_next_latent,False
train,lj_noisy,99,75,4.749897470901487e-06,2.2769198039895855e-05,0.7913893382376144,4.861426077695796e-06,178,1,1,same_source_cyclic_next_latent,False
train,lj_noisy,99,100,8.251602594100405e-06,4.133538095629774e-05,0.800374342676931,9.106925062951632e-06,178,1,1,same_source_cyclic_next_latent,False
train,lj_noisy,99,125,1.4080883374845143e-05,6.574357394129038e-05,0.7858211452358902,1.5369683751487173e-05,178,1,1,same_source_cyclic_next_latent,False
train,lj_noisy,99,149,2.2399734007194638e-05,9.555911674397066e-05,0.7655929149365233,2.4104203475872055e-05,178,1,1,same_source_cyclic_next_latent,False
train,lj_noisy,99,175,3.470291630947031e-05,0.0001350232632830739,0.7429856495416183,3.72662216250319e-05,178,1,1,same_source_cyclic_next_latent,False
train,lj_noisy,99,199,4.755456393468194e-05,0.0001759650040185079,0.7297498772558197,5.1072976930299774e-05,178,1,1,same_source_cyclic_next_latent,False
validation,reid,41,0,4.0250208144243516e-07,0.0,,7.350638497882755e-07,49,1,1,same_source_cyclic_next_latent,False
validation,reid,41,5,3.005513917742064e-07,1.1149158041234841e-07,-1.6957317374336762,6.195809305609146e-07,49,1,1,same_source_cyclic_next_latent,False
validation,reid,41,10,2.6355627369412105e-07,4.7308003559010103e-07,0.4428928429301153,5.824155095979222e-07,49,1,1,same_source_cyclic_next_latent,False
validation,reid,41,25,4.857830617766012e-07,3.1498402677243575e-06,0.8457753344655914,8.421289408033772e-07,49,1,1,same_source_cyclic_next_latent,False
validation,reid,41,50,1.8951342326545273e-06,1.3119908544467762e-05,0.8555527863451728,2.7191167646378744e-06,49,1,1,same_source_cyclic_next_latent,False
validation,reid,41,75,4.774239641847089e-06,3.0207520467229187e-05,0.8419519520966161,6.824970114394091e-06,49,1,1,same_source_cyclic_next_latent,False
validation,reid,41,100,9.408402547705919e-06,5.462400440592319e-05,0.8277606585231289,1.26536715470138e-05,49,1,1,same_source_cyclic_next_latent,False
validation,reid,41,125,1.5858093320275657e-05,8.655185956740752e-05,0.8167792881685552,1.9553615857148543e-05,49,1,1,same_source_cyclic_next_latent,False
validation,reid,41,149,2.4290024157380685e-05,0.00012444172170944512,0.8048080352496676,2.8164484319859184e-05,49,1,1,same_source_cyclic_next_latent,False
validation,reid,41,175,3.773954085772857e-05,0.00017371567082591355,0.7827510858502301,4.2218649468850344e-05,49,1,1,same_source_cyclic_next_latent,False
validation,reid,41,199,5.6978802604135126e-05,0.000227016702410765,0.7490105265425033,6.197239417815581e-05,49,1,1,same_source_cyclic_next_latent,False
validation,reid,49,0,3.9609440705135057e-07,0.0,,6.015536655468168e-07,25,1,1,same_source_cyclic_next_latent,False
validation,reid,49,5,2.714763240874163e-07,1.0523766036385496e-07,-1.579649938518187,4.995267204321863e-07,25,1,1,same_source_cyclic_next_latent,False
validation,reid,49,10,2.475309202054632e-07,4.594179756622907e-07,0.46120758586203336,5.181412916499539e-07,25,1,1,same_source_cyclic_next_latent,False
validation,reid,49,25,8.146485583893082e-07,3.2462357921758667e-06,0.7490482483272509,1.2558272146634408e-06,25,1,1,same_source_cyclic_next_latent,False
validation,reid,49,50,3.938116151402937e-06,1.4092956007516477e-05,0.7205613819199788,5.007615982322022e-06,25,1,1,same_source_cyclic_next_latent,False
validation,reid,49,75,9.81728226179257e-06,3.3031355997081846e-05,0.7027890025871213,1.1230922609684058e-05,25,1,1,same_source_cyclic_next_latent,False
validation,reid,49,100,1.834517934184987e-05,6.0234524426050484e-05,0.6954374668571988,1.923083073052112e-05,25,1,1,same_source_cyclic_next_latent,False
validation,reid,49,125,2.969039633171633e-05,9.579287143424153e-05,0.6900563070384862,3.022103373950813e-05,25,1,1,same_source_cyclic_next_latent,False
validation,reid,49,149,4.408654785947874e-05,0.0001378952874802053,0.6802896700454153,4.496680776355788e-05,25,1,1,same_source_cyclic_next_latent,False
validation,reid,49,175,6.507187208626419e-05,0.00019256462110206485,0.6620777393383481,6.677563214907423e-05,25,1,1,same_source_cyclic_next_latent,False
validation,reid,49,199,9.103586489800364e-05,0.0002518006949685514,0.6384606289137782,9.326377767138183e-05,25,1,1,same_source_cyclic_next_latent,False
validation,reid,25,0,5.592481784333359e-07,0.0,,1.903119084545324e-08,93,1,1,same_source_cyclic_next_latent,False
validation,reid,25,5,4.7112828838180576e-07,1.0530127525498756e-07,-3.47409860175925,6.376442485134248e-08,93,1,1,same_source_cyclic_next_latent,False
validation,reid,25,10,5.146231387698208e-07,4.6677956788698793e-07,-0.10249714035130242,2.7842222038998443e-07,93,1,1,same_source_cyclic_next_latent,False
validation,reid,25,25,1.3264188964967616e-06,3.385780473763589e-06,0.6082383643076741,2.0880956981272902e-06,93,1,1,same_source_cyclic_next_latent,False
validation,reid,25,50,4.995287326892139e-06,1.4759227269678377e-05,0.6615481802929786,8.677070582052693e-06,93,1,1,same_source_cyclic_next_latent,False
validation,reid,25,75,1.0783620382426307e-05,3.434355676290579e-05,0.6860074669355851,1.925537799252197e-05,93,1,1,same_source_cyclic_next_latent,False
validation,reid,25,100,1.7931204638443887e-05,6.215853500179946e-05,0.7115246580710954,3.4380402212264016e-05,93,1,1,same_source_cyclic_next_latent,False
validation,reid,25,125,2.7655612939270213e-05,9.824951848713681e-05,0.7185165549397478,5.498560130945407e-05,93,1,1,same_source_cyclic_next_latent,False
validation,reid,25,149,4.118255674256943e-05,0.0001407447998644784,0.707395535876113,8.074078505160287e-05,93,1,1,same_source_cyclic_next_latent,False
validation,reid,25,175,6.158024189062417e-05,0.00019554639584384859,0.6850862854061581,0.0001164807181339711,93,1,1,same_source_cyclic_next_latent,False
validation,reid,25,199,8.580417488701642e-05,0.00025431934045627713,0.6626124669359625,0.00015795703802723438,93,1,1,same_source_cyclic_next_latent,False
validation,reid,93,0,7.990268358071262e-08,0.0,,1.1521343168396925e-07,84,1,1,same_source_cyclic_next_latent,False
validation,reid,93,5,2.4721449776166082e-08,1.0514619930290792e-07,0.7648849892809926,6.556388854050965e-08,84,1,1,same_source_cyclic_next_latent,False
validation,reid,93,10,3.633045153605963e-08,4.2241856590408133e-07,0.9139941885406874,8.579071675285377e-08,84,1,1,same_source_cyclic_next_latent,False
validation,reid,93,25,3.314872003556957e-07,2.6625341433828e-06,0.8754993616966222,4.6296975142468e-07,84,1,1,same_source_cyclic_next_latent,False
validation,reid,93,50,8.623176768196572e-07,1.0701617611630354e-05,0.919421744626485,1.6026583580242004e-06,84,1,1,same_source_cyclic_next_latent,False
validation,reid,93,75,8.706526273272175e-07,2.4128486984409392e-05,0.9639159874429843,2.8408292109816102e-06,84,1,1,same_source_cyclic_next_latent,False
validation,reid,93,100,9.15615203211928e-07,4.294652535463683e-05,0.9786801098423886,4.178114522801479e-06,84,1,1,same_source_cyclic_next_latent,False
validation,reid,93,125,1.426876906407415e-06,6.716716598020867e-05,0.9787563330150352,5.813678399135824e-06,84,1,1,same_source_cyclic_next_latent,False
validation,reid,93,149,2.252560761917266e-06,9.55089635681361e-05,0.9764151899699939,7.635373549419455e-06,84,1,1,same_source_cyclic_next_latent,False
validation,reid,93,175,3.5943805869464995e-06,0.0001318353315582499,0.9727358323109434,9.728053555591032e-06,84,1,1,same_source_cyclic_next_latent,False
validation,reid,93,199,5.7131160247081425e-06,0.00017057791410479695,0.9665072934283966,1.174591488961596e-05,84,1,1,same_source_cyclic_next_latent,False
validation,reid,84,0,7.388027967181188e-08,0.0,,2.346536547292999e-07,96,1,1,same_source_cyclic_next_latent,False
validation,reid,84,5,2.9639139143000648e-08,9.34500405946892e-08,0.6828343898580922,1.243729030875329e-07,96,1,1,same_source_cyclic_next_latent,False
validation,reid,84,10,3.7334018543333514e-08,3.706644804424286e-07,0.899278132885106,6.342628466882161e-08,96,1,1,same_source_cyclic_next_latent,False
validation,reid,84,25,2.6847325784729037e-07,2.3013249119685497e-06,0.8833396986009947,7.83390703418263e-08,96,1,1,same_source_cyclic_next_latent,False
validation,reid,84,50,8.42401391309977e-07,9.18923342396738e-06,0.908327348708672,3.538280566317553e-07,96,1,1,same_source_cyclic_next_latent,False
validation,reid,84,75,1.182868572868756e-06,2.066570050374139e-05,0.9427617480155291,6.4163907609327e-07,96,1,1,same_source_cyclic_next_latent,False
validation,reid,84,100,1.3834785477229161e-06,3.673380706459284e-05,0.962337730328626,1.0714766176533885e-06,96,1,1,same_source_cyclic_next_latent,False
validation,reid,84,125,1.775845362317341e-06,5.7396227930439636e-05,0.9690598942413159,1.7879451661428902e-06,96,1,1,same_source_cyclic_next_latent,False
validation,reid,84,149,2.4387056782870786e-06,8.155551040545106e-05,0.9700975977446145,2.6639420411811443e-06,96,1,1,same_source_cyclic_next_latent,False
validation,reid,84,175,3.420871053094743e-06,0.00011250645911786705,0.9695940030473195,3.7050490391266067e-06,96,1,1,same_source_cyclic_next_latent,False
validation,reid,84,199,4.57881151305628e-06,0.0001454888260923326,0.968528088128566,4.781608822668204e-06,96,1,1,same_source_cyclic_next_latent,False
validation,reid,96,0,2.5071872755688673e-07,0.0,,7.974721683012831e-08,97,1,1,same_source_cyclic_next_latent,False
validation,reid,96,5,1.343076974080759e-07,1.03322996380939e-07,-0.2998819441211342,2.604755700019723e-08,97,1,1,same_source_cyclic_next_latent,False
validation,reid,96,10,7.225069253991023e-08,4.142063971812604e-07,0.8255683808082455,3.006392290672011e-08,97,1,1,same_source_cyclic_next_latent,False
validation,reid,96,25,1.168571941434493e-07,2.595082605694188e-06,0.9549697593876054,2.765364115475677e-07,97,1,1,same_source_cyclic_next_latent,False
validation,reid,96,50,4.95550807499967e-07,1.0409034985059407e-05,0.9523922430646784,8.851084771777096e-07,97,1,1,same_source_cyclic_next_latent,False
validation,reid,96,75,8.790499350652681e-07,2.3453274479834363e-05,0.9625190957526595,1.3002583045818028e-06,97,1,1,same_source_cyclic_next_latent,False
validation,reid,96,100,1.388868781759811e-06,4.173463457846083e-05,0.966721434228716,1.8249110098622623e-06,97,1,1,same_source_cyclic_next_latent,False
validation,reid,96,125,2.217665041825967e-06,6.525538628920913e-05,0.9660156016547451,2.8844156076957006e-06,97,1,1,same_source_cyclic_next_latent,False
validation,reid,96,149,3.2770622055977583e-06,9.276856144424528e-05,0.9646748623177982,4.456704118638299e-06,97,1,1,same_source_cyclic_next_latent,False
validation,reid,96,175,4.6048485273786355e-06,0.0001280317228520289,0.9640335346209421,6.701089660055004e-06,97,1,1,same_source_cyclic_next_latent,False
validation,reid,96,199,5.9959434111078735e-06,0.00016562770179007202,0.9637986680591176,9.34357649384765e-06,97,1,1,same_source_cyclic_next_latent,False
validation,reid,97,0,6.771669802674296e-08,0.0,,6.633603106820374e-07,13,1,1,same_source_cyclic_next_latent,False
validation,reid,97,5,1.8811935120766066e-08,1.0388254167992272e-07,0.8189114858324473,5.05049797538959e-07,13,1,1,same_source_cyclic_next_latent,False
validation,reid,97,10,2.895655271117903e-08,4.131814819174906e-07,0.9299180772168258,4.0490189689990075e-07,13,1,1,same_source_cyclic_next_latent,False
validation,reid,97,25,2.835002419487864e-07,2.567076535342494e-06,0.8895629958648809,3.3326841730740853e-07,13,1,1,same_source_cyclic_next_latent,False
validation,reid,97,50,8.15525822872587e-07,1.0246058991469909e-05,0.9204059020593642,8.782106419857882e-07,13,1,1,same_source_cyclic_next_latent,False
validation,reid,97,75,9.265849030271056e-07,2.3035410777083598e-05,0.9597756292694852,2.2796941721026087e-06,13,1,1,same_source_cyclic_next_latent,False
validation,reid,97,100,8.039291969907936e-07,4.093155075679533e-05,0.9803591805800974,4.434253241925035e-06,13,1,1,same_source_cyclic_next_latent,False
validation,reid,97,125,8.610517170382082e-07,6.392442446667701e-05,0.9865301608231598,7.206320788100129e-06,13,1,1,same_source_cyclic_next_latent,False
validation,reid,97,149,1.2049638371536275e-06,9.079395385924727e-05,0.9867285894496718,1.0695139280869626e-05,13,1,1,same_source_cyclic_next_latent,False
validation,reid,97,175,1.9169510778738186e-06,0.0001251927751582116,0.984688005554224,1.6046755263232626e-05,13,1,1,same_source_cyclic_next_latent,False
validation,reid,97,199,3.009575721080182e-06,0.00016182287072297186,0.9814020372544723,2.315035271749366e-05,13,1,1,same_source_cyclic_next_latent,False
validation,reid,13,0,4.2534739463917504e-07,0.0,,3.0322885891109763e-07,28,1,1,same_source_cyclic_next_latent,False
validation,reid,13,5,3.0059720756980823e-07,9.996369954023976e-08,-2.007063653629633,1.9579049137519178e-07,28,1,1,same_source_cyclic_next_latent,False
validation,reid,13,10,2.6112820705748163e-07,4.0348717789129296e-07,0.35282154832728174,1.7063466373201663e-07,28,1,1,same_source_cyclic_next_latent,False
validation,reid,13,25,5.408498964243336e-07,2.6054560748889344e-06,0.7924164212028065,4.867998768531834e-07,28,1,1,same_source_cyclic_next_latent,False
validation,reid,13,50,2.2529484340338968e-06,1.0772148925752845e-05,0.7908543179673463,2.305024736415362e-06,28,1,1,same_source_cyclic_next_latent,False
validation,reid,13,75,5.49629930901574e-06,2.473311178619042e-05,0.7777756654104251,5.94538141740486e-06,28,1,1,same_source_cyclic_next_latent,False
validation,reid,13,100,1.028813494485803e-05,4.4647022150456905e-05,0.7695672757258516,1.124271238950314e-05,28,1,1,same_source_cyclic_next_latent,False
validation,reid,13,125,1.673894985287916e-05,7.067642582114786e-05,0.7631607759107915,1.801203325157985e-05,28,1,1,same_source_cyclic_next_latent,False
validation,reid,13,149,2.4972425308078527e-05,0.00010157931683352217,0.7541583652407733,2.6709521989687346e-05,28,1,1,same_source_cyclic_next_latent,False
validation,reid,13,175,3.712178659043275e-05,0.00014179330901242793,0.7381978962972147,4.029829506180249e-05,28,1,1,same_source_cyclic_next_latent,False
validation,reid,13,199,5.2333933126647025e-05,0.0001853152789408341,0.7175951522952635,5.833858085679822e-05,28,1,1,same_source_cyclic_next_latent,False
validation,reid,28,0,3.9010913610582065e-07,0.0,,6.524036280097789e-07,52,1,1,same_source_cyclic_next_latent,False
validation,reid,28,5,2.832936445429368e-07,1.0269551609098926e-07,-1.758578517604759,5.239515417088114e-07,52,1,1,same_source_cyclic_next_latent,False
validation,reid,28,10,2.449815212912654e-07,4.423241932727251e-07,0.44614939671586895,4.980215635441709e-07,52,1,1,same_source_cyclic_next_latent,False
validation,reid,28,25,5.1581673687906e-07,3.113214461336611e-06,0.8343137797652391,1.0541025403654203e-06,52,1,1,same_source_cyclic_next_latent,False
validation,reid,28,50,2.270454388053622e-06,1.358427107334137e-05,0.8328615222859248,4.11696146329632e-06,52,1,1,same_source_cyclic_next_latent,False
validation,reid,28,75,5.8390792219142895e-06,3.200078208465129e-05,0.8175332338294657,9.923487596097402e-06,52,1,1,same_source_cyclic_next_latent,False
validation,reid,28,100,1.1275321412540507e-05,5.867032814421691e-05,0.8078190156900987,1.889560735435225e-05,52,1,1,same_source_cyclic_next_latent,False
validation,reid,28,125,1.8731549062067643e-05,9.386183228343725e-05,0.8004348667997078,3.15653596771881e-05,52,1,1,same_source_cyclic_next_latent,False
validation,reid,28,149,2.881371801777277e-05,0.00013590285379905254,0.7879829803987998,4.780007293447852e-05,52,1,1,same_source_cyclic_next_latent,False
validation,reid,28,175,4.506681943894364e-05,0.00019086066458839923,0.7638758120426096,7.075678877299652e-05,52,1,1,same_source_cyclic_next_latent,False
validation,reid,28,199,6.699705409118906e-05,0.000250564597081393,0.7326156413492612,9.770739416126162e-05,52,1,1,same_source_cyclic_next_latent,False
validation,reid,52,0,4.7186108531604987e-07,0.0,,2.8836458909609064e-07,59,1,1,same_source_cyclic_next_latent,False
validation,reid,52,5,2.7361079446563963e-07,1.0380210113680732e-07,-1.6358887871164645,1.4153430072383344e-07,59,1,1,same_source_cyclic_next_latent,False
validation,reid,52,10,1.4079746790685022e-07,4.140581495448714e-07,0.6599572594776522,5.68542972700925e-08,59,1,1,same_source_cyclic_next_latent,False
validation,reid,52,25,3.720841945664688e-08,2.5844267383945407e-06,0.9856028345072142,8.390539107949735e-08,59,1,1,same_source_cyclic_next_latent,False
validation,reid,52,50,3.237362022900925e-07,1.0333380487281829e-05,0.9686708330648869,5.476497904055577e-07,59,1,1,same_source_cyclic_next_latent,False
validation,reid,52,75,6.779170007575885e-07,2.3241327653522603e-05,0.9708313995282951,1.0602296924844268e-06,59,1,1,same_source_cyclic_next_latent,False
validation,reid,52,100,1.036099547491176e-06,4.1306804632768035e-05,0.9749169765925381,1.60228114509664e-06,59,1,1,same_source_cyclic_next_latent,False
validation,reid,52,125,1.482476818637224e-06,6.4523694163654e-05,0.9770243034306567,2.263946043967735e-06,59,1,1,same_source_cyclic_next_latent,False
validation,reid,52,149,2.0081688489881344e-06,9.165598748950288e-05,0.9780901509656625,3.011960643561906e-06,59,1,1,same_source_cyclic_next_latent,False
validation,reid,52,175,2.684279934328515e-06,0.0001263997401110828,0.9787635644506111,3.96446966988151e-06,59,1,1,same_source_cyclic_next_latent,False
validation,reid,52,199,3.4631977996468777e-06,0.00016340739966835827,0.9788063587898983,5.077656624052906e-06,59,1,1,same_source_cyclic_next_latent,False
validation,reid,59,0,2.956714411084249e-07,0.0,,3.9695365217085055e-07,57,1,1,same_source_cyclic_next_latent,False
validation,reid,59,5,1.526933601780911e-07,1.0051899579366363e-07,-0.5190497972296333,2.3376107094463805e-07,57,1,1,same_source_cyclic_next_latent,False
validation,reid,59,10,6.538967767255599e-08,4.096098109585e-07,0.8403610560021937,1.193579635128117e-07,57,1,1,same_source_cyclic_next_latent,False
validation,reid,59,25,7.981047644989303e-08,2.5966930934373522e-06,0.9692645709068974,6.522061823943659e-08,57,1,1,same_source_cyclic_next_latent,False
validation,reid,59,50,4.966272513229342e-07,1.0445361112942919e-05,0.9524547551824168,5.205121169638005e-07,57,1,1,same_source_cyclic_next_latent,False
validation,reid,59,75,9.127688826993108e-07,2.3561089619761333e-05,0.9612594791909053,1.2635258599402732e-06,57,1,1,same_source_cyclic_next_latent,False
validation,reid,59,100,1.3315552678250242e-06,4.1953680920414627e-05,0.9682613005912173,2.3029217572911875e-06,57,1,1,same_source_cyclic_next_latent,False
validation,reid,59,125,1.94515337170742e-06,6.56422707834281e-05,0.9703673662033263,3.843626018351642e-06,57,1,1,same_source_cyclic_next_latent,False
validation,reid,59,149,2.8712927360174945e-06,9.337658411823213e-05,0.9692503986611686,6.0520860643009655e-06,57,1,1,same_source_cyclic_next_latent,False
validation,reid,59,175,4.4202151912031695e-06,0.0001289642386836931,0.9657252643343671,9.60519173531793e-06,57,1,1,same_source_cyclic_next_latent,False
validation,reid,59,199,6.506139925477328e-06,0.00016694419900886714,0.9610280562960336,1.4404263311007526e-05,57,1,1,same_source_cyclic_next_latent,False
validation,reid,57,0,3.464151347998268e-07,0.0,,2.256509645803817e-07,15,1,1,same_source_cyclic_next_latent,False
validation,reid,57,5,1.945786465284982e-07,1.0879922029971567e-07,-0.7884194941147635,1.0165679498186364e-07,15,1,1,same_source_cyclic_next_latent,False
validation,reid,57,10,1.0647638504224233e-07,4.6272842268990644e-07,0.7698944352212473,5.987892848224874e-08,15,1,1,same_source_cyclic_next_latent,False
validation,reid,57,25,2.799365574901458e-07,3.0676756068714894e-06,0.9087463626000424,4.426998145845573e-07,15,1,1,same_source_cyclic_next_latent,False
validation,reid,57,50,1.5079865534062264e-06,1.2550069186545443e-05,0.8798423713055786,2.2436427116190316e-06,15,1,1,same_source_cyclic_next_latent,False
validation,reid,57,75,3.320091082059662e-06,2.845998460543342e-05,0.883341782221983,4.989033186575398e-06,15,1,1,same_source_cyclic_next_latent,False
validation,reid,57,100,5.663237061526161e-06,5.080093251308426e-05,0.8885210018523274,8.947499736677855e-06,15,1,1,same_source_cyclic_next_latent,False
validation,reid,57,125,8.894430720829405e-06,7.957850903039798e-05,0.8882307443403866,1.5042941413412336e-05,15,1,1,same_source_cyclic_next_latent,False
validation,reid,57,149,1.3307025255926419e-05,0.00011326819367241114,0.8825175468551008,2.3948849047883414e-05,15,1,1,same_source_cyclic_next_latent,False
validation,reid,57,175,2.0102746930206195e-05,0.00015646663086954504,0.8715205483847417,3.7941266782581806e-05,15,1,1,same_source_cyclic_next_latent,False
validation,reid,57,199,2.8783011657651514e-05,0.0002025431749643758,0.8578919696370219,5.541618156712502e-05,15,1,1,same_source_cyclic_next_latent,False
validation,reid,15,0,3.480577959180664e-07,0.0,,5.188372256270668e-07,53,1,1,same_source_cyclic_next_latent,False
validation,reid,15,5,2.4993079250634764e-07,9.878272066998761e-08,-1.5301063871414726,4.01119763182578e-07,53,1,1,same_source_cyclic_next_latent,False
validation,reid,15,10,2.2980826486218575e-07,4.075140793702303e-07,0.4360728217848817,3.776082451167895e-07,53,1,1,same_source_cyclic_next_latent,False
validation,reid,15,25,5.813238317387004e-07,2.657891172930249e-06,0.7812838096385235,8.050504902712419e-07,53,1,1,same_source_cyclic_next_latent,False
validation,reid,15,50,2.4100550035655033e-06,1.1012571121682413e-05,0.7811541939719783,3.1344386570708593e-06,53,1,1,same_source_cyclic_next_latent,False
validation,reid,15,75,5.801225597679149e-06,2.5448980522924103e-05,0.7720448725852306,7.629373158124508e-06,53,1,1,same_source_cyclic_next_latent,False
validation,reid,15,100,1.1016768439731095e-05,4.635270670405589e-05,0.7623273974038043,1.4553937035088893e-05,53,1,1,same_source_cyclic_next_latent,False
validation,reid,15,125,1.836964293033816e-05,7.409453974105418e-05,0.7520783178553178,2.4081673473119736e-05,53,1,1,same_source_cyclic_next_latent,False
validation,reid,15,149,2.7936715923715383e-05,0.00010749007924459875,0.7400995876080427,3.583627403713763e-05,53,1,1,same_source_cyclic_next_latent,False
validation,reid,15,175,4.196975351078436e-05,0.00015147423255257308,0.7229247984721252,5.177962520974688e-05,53,1,1,same_source_cyclic_next_latent,False
validation,reid,15,199,5.924042852711864e-05,0.00019959177006967366,0.7031920278755034,6.985430081840605e-05,53,1,1,same_source_cyclic_next_latent,False
validation,reid,53,0,5.024027700528677e-07,0.0,,5.82963252782065e-07,2,1,1,same_source_cyclic_next_latent,False
validation,reid,53,5,3.385201239325397e-07,9.364332242967066e-08,-2.6149948031455197,4.123126586819126e-07,2,1,1,same_source_cyclic_next_latent,False
validation,reid,53,10,2.2032985214082146e-07,3.85355036769397e-07,0.4282419298630561,2.842813273673528e-07,2,1,1,same_source_cyclic_next_latent,False
validation,reid,53,25,9.93401769733282e-08,2.4711696369195124e-06,0.9598003409036853,1.4273891224547697e-07,2,1,1,same_source_cyclic_next_latent,False
validation,reid,53,50,2.9280357694005943e-07,9.974225577025209e-06,0.9706439788554103,3.122590896964539e-07,2,1,1,same_source_cyclic_next_latent,False
validation,reid,53,75,6.288461804615508e-07,2.250624675070867e-05,0.9720590382116134,6.840725177426066e-07,2,1,1,same_source_cyclic_next_latent,False
validation,reid,53,100,1.0690781664379756e-06,4.006221570307389e-05,0.9733145521864895,1.2948909215992899e-06,2,1,1,same_source_cyclic_next_latent,False
validation,reid,53,125,1.6804341385068255e-06,6.264413968892768e-05,0.973174918725816,2.151454964405275e-06,2,1,1,same_source_cyclic_next_latent,False
validation,reid,53,149,2.485138566044043e-06,8.904800051823258e-05,0.9720921463527391,3.159366769978078e-06,2,1,1,same_source_cyclic_next_latent,False
validation,reid,53,175,3.6996364087826805e-06,0.0001228825276484713,0.9698929011342753,4.50352490588557e-06,2,1,1,same_source_cyclic_next_latent,False
validation,reid,53,199,5.2832292567472905e-06,0.00015894098032731563,0.9667598045144351,6.088535428716568e-06,2,1,1,same_source_cyclic_next_latent,False
validation,reid,2,0,3.957385388275725e-07,0.0,,1.1524711140964428e-07,88,1,1,same_source_cyclic_next_latent,False
validation,reid,2,5,2.209790181950666e-07,9.875607531739661e-08,-1.23762454598213,2.974593549254223e-08,88,1,1,same_source_cyclic_next_latent,False
validation,reid,2,10,1.0620233581448701e-07,3.9769926729604776e-07,0.7329581808471629,1.5684266330140417e-08,88,1,1,same_source_cyclic_next_latent,False
validation,reid,2,25,4.393228536514471e-08,2.5024969545484055e-06,0.9824446198484694,3.109363717612723e-07,88,1,1,same_source_cyclic_next_latent,False
validation,reid,2,50,3.6703383443636994e-07,1.003642591967946e-05,0.9634298267756165,1.403343048878014e-06,88,1,1,same_source_cyclic_next_latent,False
validation,reid,2,75,7.224856517495937e-07,2.2605408958042972e-05,0.968039257635614,2.7526571102498565e-06,88,1,1,same_source_cyclic_next_latent,False
validation,reid,2,100,1.0614145367071615e-06,4.020733467768878e-05,0.9736014698508194,4.548719061858719e-06,88,1,1,same_source_cyclic_next_latent,False
validation,reid,2,125,1.5222643696688465e-06,6.284512346610427e-05,0.9757775259922931,7.320436452573631e-06,88,1,1,same_source_cyclic_next_latent,False
validation,reid,2,149,2.1834803192177787e-06,8.931615593610331e-05,0.9755533554222839,1.1313736649753992e-05,88,1,1,same_source_cyclic_next_latent,False
validation,reid,2,175,3.240098067180952e-06,0.00012323314149398357,0.9737075755117455,1.755028461047914e-05,88,1,1,same_source_cyclic_next_latent,False
validation,reid,2,199,4.637310667021666e-06,0.00015938510478008538,0.9709049934533087,2.562257941463031e-05,88,1,1,same_source_cyclic_next_latent,False
validation,reid,88,0,2.780800514301518e-07,0.0,,1.2714720014628256e-06,74,1,1,same_source_cyclic_next_latent,False
validation,reid,88,5,1.6215493303661788e-07,1.0328217570076959e-07,-0.5700185626067289,1.0807708576976438e-06,74,1,1,same_source_cyclic_next_latent,False
validation,reid,88,10,9.65508277772642e-08,4.2534415456429997e-07,0.773005396356826,9.292891718359897e-07,74,1,1,same_source_cyclic_next_latent,False
validation,reid,88,25,1.3405993115611636e-07,2.7586918349697953e-06,0.9514045282417041,7.294233341781364e-07,74,1,1,same_source_cyclic_next_latent,False
validation,reid,88,50,5.46324088190886e-07,1.1242896107432898e-05,0.9514071745420025,1.0368709126851172e-06,74,1,1,same_source_cyclic_next_latent,False
validation,reid,88,75,1.154691062765778e-06,2.548983866290655e-05,0.9546999462006751,1.9154704204993322e-06,74,1,1,same_source_cyclic_next_latent,False
validation,reid,88,100,2.2357435227604583e-06,4.550983430817723e-05,0.950873397876583,3.234324822187773e-06,74,1,1,same_source_cyclic_next_latent,False
validation,reid,88,125,3.7788129247928737e-06,7.13156841811724e-05,0.947012877066522,4.786214049090631e-06,74,1,1,same_source_cyclic_next_latent,False
validation,reid,88,149,5.41563667866285e-06,0.00010155241761822253,0.946671514025176,6.3333477555715945e-06,74,1,1,same_source_cyclic_next_latent,False
validation,reid,88,175,7.341793661908014e-06,0.00014035985805094242,0.9476930672069833,8.051209078985266e-06,74,1,1,same_source_cyclic_next_latent,False
validation,reid,88,199,9.678291462478228e-06,0.0001818001619540155,0.9467641207881528,9.777897503226995e-06,74,1,1,same_source_cyclic_next_latent,False
validation,reid,74,0,8.034692768887908e-07,0.0,,5.415924988483312e-07,31,1,1,same_source_cyclic_next_latent,False
validation,reid,74,5,6.088577606533363e-07,9.82452448283766e-08,-5.197325496179916,3.8387165091080533e-07,31,1,1,same_source_cyclic_next_latent,False
validation,reid,74,10,4.710584846634447e-07,3.9470123169849103e-07,-0.1934558264142492,2.8638862659136066e-07,31,1,1,same_source_cyclic_next_latent,False
validation,reid,74,25,3.2278080652758945e-07,2.468499815222458e-06,0.8692400928948415,2.3486326483634912e-07,31,1,1,same_source_cyclic_next_latent,False
validation,reid,74,50,6.12828159773926e-07,9.872235750663094e-06,0.9379240756347655,7.940525961203093e-07,31,1,1,same_source_cyclic_next_latent,False
validation,reid,74,75,1.285290636587888e-06,2.2206828361959197e-05,0.9421218277712444,2.2790832190366928e-06,31,1,1,same_source_cyclic_next_latent,False
validation,reid,74,100,2.285805067003821e-06,3.9466427551815286e-05,0.9420822909800286,4.685532530857017e-06,31,1,1,same_source_cyclic_next_latent,False
validation,reid,74,125,3.6096116673434153e-06,6.164090154925361e-05,0.9414412901722538,7.888882464612834e-06,31,1,1,same_source_cyclic_next_latent,False
validation,reid,74,149,5.190633601159789e-06,8.754659938858822e-05,0.9407100488492944,1.2164426152594388e-05,31,1,1,same_source_cyclic_next_latent,False
validation,reid,74,175,7.3597707341832574e-06,0.00012070701632183045,0.9390278133082127,1.9035840523429215e-05,31,1,1,same_source_cyclic_next_latent,False
validation,reid,74,199,1.001616328721866e-05,0.0001560081000206992,0.9357971586995181,2.8065165679436177e-05,31,1,1,same_source_cyclic_next_latent,False
validation,reid,31,0,5.811025971524941e-07,0.0,,7.62735169246298e-07,69,1,1,same_source_cyclic_next_latent,False
validation,reid,31,5,4.566244058423763e-07,9.754089802527233e-08,-3.68136356222666,6.449194529523083e-07,69,1,1,same_source_cyclic_next_latent,False
validation,reid,31,10,4.2419040369168215e-07,4.046144965741405e-07,-0.04838162567898663,6.274340762502106e-07,69,1,1,same_source_cyclic_next_latent,False
validation,reid,31,25,7.699819661866059e-07,2.6757297746371478e-06,0.7122347804007891,1.0670449910321622e-06,69,1,1,same_source_cyclic_next_latent,False
validation,reid,31,50,2.8272781946725445e-06,1.1123805961688049e-05,0.7458353548767312,3.4263921406818554e-06,69,1,1,same_source_cyclic_next_latent,False
validation,reid,31,75,6.836870397819439e-06,2.5607325369492173e-05,0.7330111482097741,7.79778383730445e-06,69,1,1,same_source_cyclic_next_latent,False
validation,reid,31,100,1.240729761775583e-05,4.6321227273438126e-05,0.732146612944547,1.367176719213603e-05,69,1,1,same_source_cyclic_next_latent,False
validation,reid,31,125,1.8910957805928774e-05,7.339884905377403e-05,0.742353483062465,2.0422417946974747e-05,69,1,1,same_source_cyclic_next_latent,False
validation,reid,31,149,2.6267889552400447e-05,0.00010547126294113696,0.75094742567878,2.781571492960211e-05,69,1,1,same_source_cyclic_next_latent,False
validation,reid,31,175,3.6397745134308934e-05,0.00014702796761412174,0.7524433907034909,3.763570202863775e-05,69,1,1,same_source_cyclic_next_latent,False
validation,reid,31,199,4.854519647778943e-05,0.0001917742338264361,0.7468627796905974,4.931309013045393e-05,69,1,1,same_source_cyclic_next_latent,False
validation,reid,69,0,6.367030778164917e-07,0.0,,4.726439328806009e-07,19,1,1,same_source_cyclic_next_latent,False
validation,reid,69,5,4.969960514245031e-07,1.0311431708487362e-07,-3.819854948129313,3.5047906976615195e-07,19,1,1,same_source_cyclic_next_latent,False
validation,reid,69,10,4.3436264718366147e-07,4.325807765326317e-07,-0.004119162819282929,3.065639191390801e-07,19,1,1,same_source_cyclic_next_latent,False
validation,reid,69,25,6.49001776764635e-07,2.8503357043518918e-06,0.7723068985264651,5.502944873114757e-07,19,1,1,same_source_cyclic_next_latent,False
validation,reid,69,50,2.1417458810901735e-06,1.1736545275198296e-05,0.8175147941007719,2.0859981759713264e-06,19,1,1,same_source_cyclic_next_latent,False
validation,reid,69,75,4.951716164214304e-06,2.679025783436373e-05,0.8151672822699465,5.009540927858325e-06,19,1,1,same_source_cyclic_next_latent,False
validation,reid,69,100,8.911240001907572e-06,4.8090289055835456e-05,0.814697724283563,8.998244993563276e-06,19,1,1,same_source_cyclic_next_latent,False
validation,reid,69,125,1.385404266329715e-05,7.570085290353745e-05,0.8169896093383413,1.3936372852185741e-05,19,1,1,same_source_cyclic_next_latent,False
validation,reid,69,149,1.983576839847956e-05,0.00010818660666700453,0.8166522732380957,2.020457395701669e-05,19,1,1,same_source_cyclic_next_latent,False
validation,reid,69,175,2.8459147870307788e-05,0.0001500365324318409,0.8103185443636115,2.9669603463844396e-05,19,1,1,same_source_cyclic_next_latent,False
validation,reid,69,199,3.915048000635579e-05,0.00019486209203023463,0.7990862173424617,4.150890890741721e-05,19,1,1,same_source_cyclic_next_latent,False
validation,reid,19,0,5.025956966164813e-07,0.0,,2.717367522109271e-07,41,1,1,same_source_cyclic_next_latent,False
validation,reid,19,5,3.903853098563559e-07,9.762278807556868e-08,-2.998915801853181,1.772936997213037e-07,41,1,1,same_source_cyclic_next_latent,False
validation,reid,19,10,3.728756610144046e-07,3.94468059994324e-07,0.0547380160011689,1.595707885826414e-07,41,1,1,same_source_cyclic_next_latent,False
validation,reid,19,25,7.269622983585577e-07,2.5457179617660586e-06,0.7144372199604401,4.6882072979315126e-07,41,1,1,same_source_cyclic_next_latent,False
validation,reid,19,50,2.764114924502792e-06,1.0593883416731842e-05,0.7390838830511213,2.155000174752786e-06,41,1,1,same_source_cyclic_next_latent,False
validation,reid,19,75,6.738488082191907e-06,2.450023021083325e-05,0.7249622544684354,5.513949872693047e-06,41,1,1,same_source_cyclic_next_latent,False
validation,reid,19,100,1.2169672118034214e-05,4.4587679440155625e-05,0.7270619984974096,1.0848667443497106e-05,41,1,1,same_source_cyclic_next_latent,False
validation,reid,19,125,1.8771532268146984e-05,7.122715760488063e-05,0.7364554069070317,1.8095866835210472e-05,41,1,1,same_source_cyclic_next_latent,False
validation,reid,19,149,2.6909012376563624e-05,0.0001033735170494765,0.7396914302172338,2.6933801564155146e-05,41,1,1,same_source_cyclic_next_latent,False
validation,reid,19,175,3.9077021938282996e-05,0.00014598786947317421,0.7323269249746567,3.9350146835204214e-05,41,1,1,same_source_cyclic_next_latent,False
validation,reid,19,199,5.465415233629756e-05,0.00019308346963953227,0.7169402826749931,5.4943986469879746e-05,41,1,1,same_source_cyclic_next_latent,False
validation,depablo_low_temp,161,0,5.385933263823972e-07,0.0,,6.343573772937816e-07,47,1,1,same_source_cyclic_next_latent,False
validation,depablo_low_temp,161,5,3.397585430775507e-07,1.0447118370393582e-07,-2.252174724471421,4.073540935678466e-07,47,1,1,same_source_cyclic_next_latent,False
validation,depablo_low_temp,161,10,2.1688900631033903e-07,4.179090637990157e-07,0.48101387335631685,2.5103528855652257e-07,47,1,1,same_source_cyclic_next_latent,False
validation,depablo_low_temp,161,25,1.835822018847466e-07,2.613081051094923e-06,0.9297449262785696,1.1778703168374705e-07,47,1,1,same_source_cyclic_next_latent,False
validation,depablo_low_temp,161,50,6.186292011989281e-07,1.0458379620104097e-05,0.9408484656638644,5.547504429159744e-07,47,1,1,same_source_cyclic_next_latent,False
validation,depablo_low_temp,161,75,1.0617332009132951e-06,2.353832132939715e-05,0.9548934188612979,1.3109893188811839e-06,47,1,1,same_source_cyclic_next_latent,False
validation,depablo_low_temp,161,100,1.450727950214059e-06,4.185446596238762e-05,0.965338753777966,2.2373180854629027e-06,47,1,1,same_source_cyclic_next_latent,False
validation,depablo_low_temp,161,125,1.8951467382066767e-06,6.540835602208972e-05,0.9710259230859334,3.4537511055532377e-06,47,1,1,same_source_cyclic_next_latent,False
validation,depablo_low_temp,161,149,2.4907474198698765e-06,9.295123163610697e-05,0.9732037179494204,5.101104306959314e-06,47,1,1,same_source_cyclic_next_latent,False
validation,depablo_low_temp,161,175,3.5199784633732634e-06,0.00012823649740312248,0.9725508842283184,7.671114872209728e-06,47,1,1,same_source_cyclic_next_latent,False
validation,depablo_low_temp,161,199,4.997637461201521e-06,0.00016584270633757114,0.9698651959343398,1.0960015970340464e-05,47,1,1,same_source_cyclic_next_latent,False
validation,depablo_low_temp,47,0,7.251242095662747e-07,0.0,,8.430284026417212e-08,191,1,1,same_source_cyclic_next_latent,False
validation,depablo_low_temp,47,5,4.904439947495121e-07,1.0193582511419663e-07,-3.8113015635089784,2.0172247872096705e-08,191,1,1,same_source_cyclic_next_latent,False
validation,depablo_low_temp,47,10,3.1691578783465957e-07,4.097973942407407e-07,0.2266525061199307,3.0971019526759846e-08,191,1,1,same_source_cyclic_next_latent,False
validation,depablo_low_temp,47,25,9.365324871168923e-08,2.571714503574185e-06,0.9635833415483992,3.768153931105189e-07,191,1,1,same_source_cyclic_next_latent,False
validation,depablo_low_temp,47,50,2.6730913305073045e-07,1.0300798749085516e-05,0.9740496693934088,1.3128695854902617e-06,191,1,1,same_source_cyclic_next_latent,False
validation,depablo_low_temp,47,75,6.606129545616568e-07,2.318746737728361e-05,0.9715099133591084,2.2425924726121593e-06,191,1,1,same_source_cyclic_next_latent,False
validation,depablo_low_temp,47,100,1.160126657850924e-06,4.123131657252088e-05,0.9718629732375778,3.5858413411915535e-06,191,1,1,same_source_cyclic_next_latent,False
validation,depablo_low_temp,47,125,1.8873182625611662e-06,6.443101301556453e-05,0.9707079219427258,6.050584943295689e-06,191,1,1,same_source_cyclic_next_latent,False
validation,depablo_low_temp,47,149,3.0007015539013082e-06,9.155587758868933e-05,0.9672254623850385,1.0097204722114839e-05,191,1,1,same_source_cyclic_next_latent,False
validation,depablo_low_temp,47,175,4.936920049658511e-06,0.00012630049604922533,0.9609113170249596,1.6958943888312206e-05,191,1,1,same_source_cyclic_next_latent,False
validation,depablo_low_temp,47,199,7.6233127401792444e-06,0.00016332407540176064,0.9533240110410748,2.596375998109579e-05,191,1,1,same_source_cyclic_next_latent,False
validation,depablo_low_temp,191,0,3.781786972467671e-07,0.0,,3.486649802653119e-06,66,1,1,same_source_cyclic_next_latent,False
validation,depablo_low_temp,191,5,2.4016858901632077e-07,1.0844533449017035e-07,-1.2146511894256733,2.904146867876989e-06,66,1,1,same_source_cyclic_next_latent,False
validation,depablo_low_temp,191,10,1.5143008624818322e-07,4.3661586346388503e-07,0.6531731919980758,2.4071628104138654e-06,66,1,1,same_source_cyclic_next_latent,False
validation,depablo_low_temp,191,25,7.319741257560963e-08,2.7436412892711814e-06,0.973321070483287,1.989601059904089e-06,66,1,1,same_source_cyclic_next_latent,False
validation,depablo_low_temp,191,50,1.683739014879393e-07,1.0999379810527898e-05,0.9846924186282955,4.455316229723394e-06,66,1,1,same_source_cyclic_next_latent,False
validation,depablo_low_temp,191,75,5.754190510742774e-07,2.4769382434897125e-05,0.9767689383218703,1.0553952961345203e-05,66,1,1,same_source_cyclic_next_latent,False
validation,depablo_low_temp,191,100,1.3170041484045214e-06,4.4057222112314776e-05,0.9701069635065258,2.0418896383489482e-05,66,1,1,same_source_cyclic_next_latent,False
validation,depablo_low_temp,191,125,1.8846134253180935e-06,6.886258779559284e-05,0.9726322596108027,3.406280666240491e-05,66,1,1,same_source_cyclic_next_latent,False
validation,depablo_low_temp,191,149,2.097448941640323e-06,9.78677489911206e-05,0.9785685380192956,5.0554288463899866e-05,66,1,1,same_source_cyclic_next_latent,False
validation,depablo_low_temp,191,175,2.4099008442135528e-06,0.00013503755326382816,0.9821538469413376,7.207958697108552e-05,66,1,1,same_source_cyclic_next_latent,False
validation,depablo_low_temp,191,199,3.441328090048046e-06,0.00017463676340412349,0.9802943663008428,9.518900333205238e-05,66,1,1,same_source_cyclic_next_latent,False
validation,depablo_low_temp,66,0,3.0580754355469253e-06,0.0,,1.992119678106974e-06,118,1,1,same_source_cyclic_next_latent,False
validation,depablo_low_temp,66,5,2.470149183864123e-06,9.862818473038715e-08,-24.045063848803405,1.595230514794821e-06,118,1,1,same_source_cyclic_next_latent,False
validation,depablo_low_temp,66,10,1.935896534632775e-06,4.0102668208419345e-07,-3.82735094974639,1.2622875829038094e-06,118,1,1,same_source_cyclic_next_latent,False
validation,depablo_low_temp,66,25,9.527307156531606e-07,2.543989467085339e-06,0.625497381974341,7.31577699752961e-07,118,1,1,same_source_cyclic_next_latent,False
validation,depablo_low_temp,66,50,6.694901912851492e-07,1.0273105544911232e-05,0.9348307881819845,1.037682864080125e-06,118,1,1,same_source_cyclic_next_latent,False
validation,depablo_low_temp,66,75,1.222048695126432e-06,2.325402783753816e-05,0.9474478699490623,2.37120457313722e-06,118,1,1,same_source_cyclic_next_latent,False
validation,depablo_low_temp,66,100,2.2083002022554865e-06,4.156100476393476e-05,0.9468660535326668,4.42010241386015e-06,118,1,1,same_source_cyclic_next_latent,False
validation,depablo_low_temp,66,125,3.5738660244533094e-06,6.526274955831468e-05,0.9452388069972454,7.091892257449217e-06,118,1,1,same_source_cyclic_next_latent,False
validation,depablo_low_temp,66,149,5.3186163313512225e-06,9.317624062532559e-05,0.9429187495046285,1.0307805496267974e-05,118,1,1,same_source_cyclic_next_latent,False
validation,depablo_low_temp,66,175,7.925936188257765e-06,0.0001292074884986505,0.9386573001274571,1.4677147191832773e-05,118,1,1,same_source_cyclic_next_latent,False
validation,depablo_low_temp,66,199,1.1253795491938945e-05,0.00016791837697383016,0.9329805605869284,1.976777275558561e-05,118,1,1,same_source_cyclic_next_latent,False
validation,depablo_low_temp,118,0,1.806531940928835e-06,0.0,,1.1572245966817718e-05,98,1,1,same_source_cyclic_next_latent,False
validation,depablo_low_temp,118,5,1.4441353641814203e-06,9.106263831881733e-08,-14.858703315023565,1.078800323739415e-05,98,1,1,same_source_cyclic_next_latent,False
validation,depablo_low_temp,118,10,1.1335599765516235e-06,3.5658808883454185e-07,-2.1789058918274735,1.0052076504507568e-05,98,1,1,same_source_cyclic_next_latent,False
validation,depablo_low_temp,118,25,5.366914592741523e-07,2.1927392026555026e-06,0.755241545084707,9.17355100682471e-06,98,1,1,same_source_cyclic_next_latent,False
validation,depablo_low_temp,118,50,3.2883411904549575e-07,8.724763574718963e-06,0.9623102544579739,1.1846958841488231e-05,98,1,1,same_source_cyclic_next_latent,False
validation,depablo_low_temp,118,75,7.025460035947617e-07,1.959523251571227e-05,0.964147095318648,1.819796125346329e-05,98,1,1,same_source_cyclic_next_latent,False
validation,depablo_low_temp,118,100,1.4127645044936799e-06,3.4804885217454284e-05,0.9594090169909484,2.5358925995533355e-05,98,1,1,same_source_cyclic_next_latent,False
validation,depablo_low_temp,118,125,2.4269975256174803e-06,5.435306957224384e-05,0.9553475536024397,3.2374482543673366e-05,98,1,1,same_source_cyclic_next_latent,False
validation,depablo_low_temp,118,149,3.768401029446977e-06,7.720248686382547e-05,0.9511880875535277,4.0105587686412036e-05,98,1,1,same_source_cyclic_next_latent,False
validation,depablo_low_temp,118,175,5.776146281277761e-06,0.0001064735115505755,0.9457503918377478,5.194082041271031e-05,98,1,1,same_source_cyclic_next_latent,False
validation,depablo_low_temp,118,199,8.311811143357772e-06,0.0001376654690830037,0.9396231226412611,6.873281381558627e-05,98,1,1,same_source_cyclic_next_latent,False
validation,depablo_low_temp,98,0,8.02037538960576e-06,0.0,,2.4007422325666994e-06,2,1,1,same_source_cyclic_next_latent,False
validation,depablo_low_temp,98,5,7.106817975000013e-06,1.139613132750128e-07,-61.36167143712845,1.797121626623266e-06,2,1,1,same_source_cyclic_next_latent,False
validation,depablo_low_temp,98,10,6.1890318647783715e-06,5.0763196668413e-07,-11.191966367298235,1.2481963267418905e-06,2,1,1,same_source_cyclic_next_latent,False
validation,depablo_low_temp,98,25,4.552578047878342e-06,3.5328100693732267e-06,-0.28865632696920973,6.381054618032067e-07,2,1,1,same_source_cyclic_next_latent,False
validation,depablo_low_temp,98,50,4.644287855626317e-06,1.4838107745163143e-05,0.6870026869066077,1.8271156250193599e-06,2,1,1,same_source_cyclic_next_latent,False
validation,depablo_low_temp,98,75,6.4672408370825e-06,3.409271812415682e-05,0.8103043349746861,4.026329406769946e-06,2,1,1,same_source_cyclic_next_latent,False
validation,depablo_low_temp,98,100,8.773527952143922e-06,6.142582424217835e-05,0.8571687387123487,6.9653547143389005e-06,2,1,1,same_source_cyclic_next_latent,False
validation,depablo_low_temp,98,125,1.1991030078206677e-05,9.695556218503043e-05,0.8763244747596539,1.1161455404362641e-05,2,1,1,same_source_cyclic_next_latent,False
validation,depablo_low_temp,98,149,1.748344766383525e-05,0.0001388805831084028,0.87411164849309,1.6864942153915763e-05,2,1,1,same_source_cyclic_next_latent,False
validation,depablo_low_temp,98,175,2.8667887818301097e-05,0.00019302488362882286,0.8514808698269805,2.5560675567248836e-05,2,1,1,same_source_cyclic_next_latent,False
validation,depablo_low_temp,98,199,4.631634510587901e-05,0.00025115665630437434,0.8155878255930089,3.70345551345963e-05,2,1,1,same_source_cyclic_next_latent,False
validation,depablo_low_temp,2,0,3.0995436191005865e-06,0.0,,7.445030405506259e-06,136,1,1,same_source_cyclic_next_latent,False
validation,depablo_low_temp,2,5,2.498555886631948e-06,9.775605747108784e-08,-24.559090160432426,6.552323611686006e-06,136,1,1,same_source_cyclic_next_latent,False
validation,depablo_low_temp,2,10,1.9293765944894403e-06,4.147042602653528e-07,-3.6524156594265724,5.595615675701993e-06,136,1,1,same_source_cyclic_next_latent,False
validation,depablo_low_temp,2,25,1.0797272125273594e-06,2.7603841772361193e-06,0.6088489343507054,3.815673153440002e-06,136,1,1,same_source_cyclic_next_latent,False
validation,depablo_low_temp,2,50,1.584970732437796e-06,1.143445297202561e-05,0.8613863963308585,3.5652228689286858e-06,136,1,1,same_source_cyclic_next_latent,False
validation,depablo_low_temp,2,75,3.5138123166689184e-06,2.6147068638238125e-05,0.8656135276468341,5.29244243807625e-06,136,1,1,same_source_cyclic_next_latent,False
validation,depablo_low_temp,2,100,6.619513897021534e-06,4.6995002776384354e-05,0.8591443024587301,7.875164556025993e-06,136,1,1,same_source_cyclic_next_latent,False
validation,depablo_low_temp,2,125,1.0239748917229008e-05,7.407462544506416e-05,0.8617644185751152,1.0625336472003255e-05,136,1,1,same_source_cyclic_next_latent,False
validation,depablo_low_temp,2,149,1.3864533684682101e-05,0.00010602713882690296,0.8692359914821717,1.3535431207856163e-05,136,1,1,same_source_cyclic_next_latent,False
validation,depablo_low_temp,2,175,1.848855390562676e-05,0.0001473280426580459,0.8745075711856201,1.7609028873266652e-05,136,1,1,same_source_cyclic_next_latent,False
validation,depablo_low_temp,2,199,2.488790596544277e-05,0.00019171855819877237,0.8701852016869479,2.3368094844045117e-05,136,1,1,same_source_cyclic_next_latent,False
validation,depablo_low_temp,136,0,7.066770649544196e-06,0.0,,1.1686890957207652e-06,131,1,1,same_source_cyclic_next_latent,False
validation,depablo_low_temp,136,5,6.129614121164195e-06,1.0771704950229832e-07,-55.904771802475054,9.708695642984821e-07,131,1,1,same_source_cyclic_next_latent,False
validation,depablo_low_temp,136,10,5.082268671685597e-06,4.807949380847276e-07,-9.570553616747894,9.235237712346134e-07,131,1,1,same_source_cyclic_next_latent,False
validation,depablo_low_temp,136,25,3.1183590181171894e-06,3.323550799905206e-06,0.06173872287249804,1.8006322761721094e-06,131,1,1,same_source_cyclic_next_latent,False
validation,depablo_low_temp,136,50,2.728789013417554e-06,1.3947767911304254e-05,0.8043565801517281,6.7272949308971874e-06,131,1,1,same_source_cyclic_next_latent,False
validation,depablo_low_temp,136,75,4.108411303604953e-06,3.2096784707391635e-05,0.8719992877461393,1.651124875934329e-05,131,1,1,same_source_cyclic_next_latent,False
validation,depablo_low_temp,136,100,6.228502115845913e-06,5.795686229248531e-05,0.8925321028524089,3.165269663440995e-05,131,1,1,same_source_cyclic_next_latent,False
validation,depablo_low_temp,136,125,8.946355592343025e-06,9.172131103696302e-05,0.9024615382052519,5.201782187214121e-05,131,1,1,same_source_cyclic_next_latent,False
validation,depablo_low_temp,136,149,1.2505621270975098e-05,0.0001317478745477274,0.9050791421576614,7.668170292163268e-05,131,1,1,same_source_cyclic_next_latent,False
validation,depablo_low_temp,136,175,1.8021160940406844e-05,0.00018373868078924716,0.901919612881745,0.00011037816148018464,131,1,1,same_source_cyclic_next_latent,False
validation,depablo_low_temp,136,199,2.5550778445904143e-05,0.00023986533051356673,0.8934786515783739,0.0001494952302891761,131,1,1,same_source_cyclic_next_latent,False
validation,depablo_low_temp,131,0,7.088840447977418e-07,0.0,,1.827017115374474e-07,124,1,1,same_source_cyclic_next_latent,False
validation,depablo_low_temp,131,5,4.6276937837319565e-07,1.0976804531992457e-07,-3.2158842951464672,7.76872823848862e-08,124,1,1,same_source_cyclic_next_latent,False
validation,depablo_low_temp,131,10,2.8642872962336696e-07,4.4147617472845013e-07,0.3512022935336252,1.2506603752626688e-07,124,1,1,same_source_cyclic_next_latent,False
validation,depablo_low_temp,131,25,7.723897965661308e-08,2.7713413146557286e-06,0.9721293875827748,1.1978399925283156e-06,124,1,1,same_source_cyclic_next_latent,False
validation,depablo_low_temp,131,50,1.951774635244874e-07,1.1105170415248722e-05,0.9824246313900338,5.6160993153753225e-06,124,1,1,same_source_cyclic_next_latent,False
validation,depablo_low_temp,131,75,3.676957192055852e-07,2.5009072487591766e-05,0.9852975067592764,1.2447768312995322e-05,124,1,1,same_source_cyclic_next_latent,False
validation,depablo_low_temp,131,100,5.446353270599502e-07,4.449032712727785e-05,0.9877583429426837,2.1076904886285774e-05,124,1,1,same_source_cyclic_next_latent,False
validation,depablo_low_temp,131,125,7.588130301883211e-07,6.955634307814762e-05,0.9890906710070169,3.172730794176459e-05,124,1,1,same_source_cyclic_next_latent,False
validation,depablo_low_temp,131,149,1.061549937730888e-06,9.887514170259237e-05,0.9892637328306043,4.467599865165539e-05,124,1,1,same_source_cyclic_next_latent,False
validation,depablo_low_temp,131,175,1.682457877905108e-06,0.00013646083243656904,0.9876707634867524,6.264053081395105e-05,124,1,1,same_source_cyclic_next_latent,False
validation,depablo_low_temp,131,199,2.711643219299731e-06,0.00017653404211159796,0.9846395449463196,8.321641507791355e-05,124,1,1,same_source_cyclic_next_latent,False
validation,depablo_low_temp,124,0,7.849543521842861e-07,0.0,,7.443027698172955e-06,105,1,1,same_source_cyclic_next_latent,False
validation,depablo_low_temp,124,5,4.957263399774092e-07,9.75659233404258e-08,-4.080937308897566,6.674279120488791e-06,105,1,1,same_source_cyclic_next_latent,False
validation,depablo_low_temp,124,10,2.754560739504086e-07,3.8968275362094573e-07,0.2931273673498219,6.0090128499723505e-06,105,1,1,same_source_cyclic_next_latent,False
validation,depablo_low_temp,124,25,1.371425781826474e-07,2.429540245429962e-06,0.9435520451078689,5.26249414178892e-06,105,1,1,same_source_cyclic_next_latent,False
validation,depablo_low_temp,124,50,1.0397369578640792e-06,9.734014383866452e-06,0.8931851837421382,7.448322776326677e-06,105,1,1,same_source_cyclic_next_latent,False
validation,depablo_low_temp,124,75,2.29888587455207e-06,2.1937737983535044e-05,0.8952086183052484,1.3048947948846035e-05,105,1,1,same_source_cyclic_next_latent,False
validation,depablo_low_temp,124,100,3.2280927371175494e-06,3.905228732037358e-05,0.9173392147139752,1.993300611502491e-05,105,1,1,same_source_cyclic_next_latent,False
validation,depablo_low_temp,124,125,4.0131826608558185e-06,6.109093374107033e-05,0.9343080484271952,2.6664169126888737e-05,105,1,1,same_source_cyclic_next_latent,False
validation,depablo_low_temp,124,149,5.17601392857614e-06,8.68887800606899e-05,0.940429432603832,3.3305968827335164e-05,105,1,1,same_source_cyclic_next_latent,False
validation,depablo_low_temp,124,175,7.2332863965129945e-06,0.00011998012632830068,0.9397126289338902,4.1968331061070785e-05,105,1,1,same_source_cyclic_next_latent,False
validation,depablo_low_temp,124,199,9.870343092188705e-06,0.00015528261428698897,0.93643626404984,5.3512994782067835e-05,105,1,1,same_source_cyclic_next_latent,False
validation,depablo_low_temp,105,0,4.767259724758333e-06,0.0,,1.0352200661145616e-06,96,1,1,same_source_cyclic_next_latent,False
validation,depablo_low_temp,105,5,3.97448866351624e-06,1.102623485849108e-07,-35.04574648122579,7.847741017030785e-07,96,1,1,same_source_cyclic_next_latent,False
validation,depablo_low_temp,105,10,3.22417372444761e-06,4.893034883934888e-07,-5.58931276994042,6.436584385483002e-07,96,1,1,same_source_cyclic_next_latent,False
validation,depablo_low_temp,105,25,1.970795665329206e-06,3.356824890943244e-06,0.4128988763618747,1.1030788300558925e-06,96,1,1,same_source_cyclic_next_latent,False
validation,depablo_low_temp,105,50,2.012667664530454e-06,1.4006071069161408e-05,0.8563003390035662,4.697352778748609e-06,96,1,1,same_source_cyclic_next_latent,False
validation,depablo_low_temp,105,75,3.358243247930659e-06,3.212118099327199e-05,0.8954508164368531,1.1996277862635907e-05,96,1,1,same_source_cyclic_next_latent,False
validation,depablo_low_temp,105,100,5.097235771245323e-06,5.7851128076436e-05,0.9118904688511764,2.354766911594197e-05,96,1,1,same_source_cyclic_next_latent,False
validation,depablo_low_temp,105,125,7.176035978773143e-06,9.133149433182552e-05,0.9214286809684601,3.9813592593418434e-05,96,1,1,same_source_cyclic_next_latent,False
validation,depablo_low_temp,105,149,1.024733228405239e-05,0.00013090895663481206,0.9217216869840412,6.0143782320665196e-05,96,1,1,same_source_cyclic_next_latent,False
validation,depablo_low_temp,105,175,1.6483771105413325e-05,0.00018214789452031255,0.9095033673113629,8.773666195338592e-05,96,1,1,same_source_cyclic_next_latent,False
validation,depablo_low_temp,105,199,2.731357562879566e-05,0.00023727492953184992,0.8848863818748736,0.00011887789878528565,96,1,1,same_source_cyclic_next_latent,False
validation,depablo_low_temp,96,0,5.880021376469813e-07,0.0,,8.220197855735023e-07,152,1,1,same_source_cyclic_next_latent,False
validation,depablo_low_temp,96,5,3.9108871874304896e-07,1.028129190672189e-07,-2.8038869267718765,5.316393298926414e-07,152,1,1,same_source_cyclic_next_latent,False
validation,depablo_low_temp,96,10,2.5460488473072473e-07,4.112499141228909e-07,0.3808998470583438,3.871088551932189e-07,152,1,1,same_source_cyclic_next_latent,False
validation,depablo_low_temp,96,25,1.1669111188439274e-07,2.5721096790221054e-06,0.9546321399759446,8.435117138105852e-07,152,1,1,same_source_cyclic_next_latent,False
validation,depablo_low_temp,96,50,3.120871951978188e-07,1.0294354979123455e-05,0.9696836571275501,3.7101412999618333e-06,152,1,1,same_source_cyclic_next_latent,False
validation,depablo_low_temp,96,75,5.64957701953972e-07,2.3167545805335976e-05,0.9756142620068178,8.369199349544942e-06,152,1,1,same_source_cyclic_next_latent,False
validation,depablo_low_temp,96,100,7.953991030262841e-07,4.1188621253240854e-05,0.980688863117415,1.5080491721164435e-05,152,1,1,same_source_cyclic_next_latent,False
validation,depablo_low_temp,96,125,1.102574628930597e-06,6.43616949673742e-05,0.9828690865041776,2.448457235004753e-05,152,1,1,same_source_cyclic_next_latent,False
validation,depablo_low_temp,96,149,1.5578858665321604e-06,9.145318472292274e-05,0.9829652092351719,3.625554381869733e-05,152,1,1,same_source_cyclic_next_latent,False
validation,depablo_low_temp,96,175,2.381552576480317e-06,0.0001261606375919655,0.9811228555757395,5.203532055020332e-05,152,1,1,same_source_cyclic_next_latent,False
validation,depablo_low_temp,96,199,3.6459648526943056e-06,0.00016314847744069993,0.9776524739311802,6.94406553520821e-05,152,1,1,same_source_cyclic_next_latent,False
validation,depablo_low_temp,152,0,1.849131422204664e-06,0.0,,4.7086757604120066e-07,70,1,1,same_source_cyclic_next_latent,False
validation,depablo_low_temp,152,5,1.3375967000683886e-06,1.051594082923657e-07,-11.719705462297611,3.348546329107194e-07,70,1,1,same_source_cyclic_next_latent,False
validation,depablo_low_temp,152,10,8.843514365253213e-07,4.5047485741633864e-07,-0.9631538186114226,3.145972300444555e-07,70,1,1,same_source_cyclic_next_latent,False
validation,depablo_low_temp,152,25,2.906410543346283e-07,3.0113294542388758e-06,0.9034841392310929,1.0002603403336252e-06,70,1,1,same_source_cyclic_next_latent,False
validation,depablo_low_temp,152,50,7.60744740091468e-07,1.2442545994417742e-05,0.9388593989981817,4.765695848618634e-06,70,1,1,same_source_cyclic_next_latent,False
validation,depablo_low_temp,152,75,1.646133569010999e-06,2.840685374394525e-05,0.9420515350327432,1.2795886505045928e-05,70,1,1,same_source_cyclic_next_latent,False
validation,depablo_low_temp,152,100,2.7386299734644126e-06,5.09941964992322e-05,0.9462952617852181,2.6021449230029248e-05,70,1,1,same_source_cyclic_next_latent,False
validation,depablo_low_temp,152,125,4.308585175749613e-06,8.029223681660369e-05,0.9463387078679737,4.3846070184372365e-05,70,1,1,same_source_cyclic_next_latent,False
validation,depablo_low_temp,152,149,6.218910584721016e-06,0.00011480825196485966,0.9458321986591652,6.456933624576777e-05,70,1,1,same_source_cyclic_next_latent,False
validation,depablo_low_temp,152,175,8.70474013936473e-06,0.00015935282863210887,0.945374423447098,9.162740752799436e-05,70,1,1,same_source_cyclic_next_latent,False
validation,depablo_low_temp,152,199,1.1752459613489918e-05,0.00020716806466225535,0.9432708915215775,0.00012244042591191828,70,1,1,same_source_cyclic_next_latent,False
validation,depablo_low_temp,70,0,3.140879698548815e-07,0.0,,6.004176611895673e-06,169,1,1,same_source_cyclic_next_latent,False
validation,depablo_low_temp,70,5,1.7996354984006757e-07,1.0842899200724787e-07,-0.6597364460239381,5.239171059656655e-06,169,1,1,same_source_cyclic_next_latent,False
validation,depablo_low_temp,70,10,9.942733214529653e-08,4.3581886188803765e-07,0.7718608788188714,4.553399776341394e-06,169,1,1,same_source_cyclic_next_latent,False
validation,depablo_low_temp,70,25,5.806409930642076e-08,2.733828068812727e-06,0.9787608811363044,4.104017534700688e-06,169,1,1,same_source_cyclic_next_latent,False
validation,depablo_low_temp,70,50,1.217806868680782e-07,1.095371408155188e-05,0.9888822470660267,8.764553967921529e-06,169,1,1,same_source_cyclic_next_latent,False
validation,depablo_low_temp,70,75,2.0430951508387807e-07,2.4661450879648328e-05,0.9917154300417709,2.0724351998069324e-05,169,1,1,same_source_cyclic_next_latent,False
validation,depablo_low_temp,70,100,5.740373580920277e-07,4.38588103861548e-05,0.9869116979453406,3.8361682527465746e-05,169,1,1,same_source_cyclic_next_latent,False
validation,depablo_low_temp,70,125,9.81387074716622e-07,6.854946695966646e-05,0.9856835199711464,5.9517944464460015e-05,169,1,1,same_source_cyclic_next_latent,False
validation,depablo_low_temp,70,149,1.1026824040527572e-06,9.742454858496785e-05,0.9886816780773579,8.31733996164985e-05,169,1,1,same_source_cyclic_next_latent,False
validation,depablo_low_temp,70,175,1.1618656117207138e-06,0.0001344185438938439,0.9913563591892627,0.00011383443779777735,169,1,1,same_source_cyclic_next_latent,False
validation,depablo_low_temp,70,199,1.7171234958368586e-06,0.00017384615784976631,0.9901227411806204,0.0001492366282036528,169,1,1,same_source_cyclic_next_latent,False
validation,depablo_low_temp,169,0,4.199030627205502e-06,0.0,,1.4892420949763618e-06,168,1,1,same_source_cyclic_next_latent,False
validation,depablo_low_temp,169,5,3.46143178830971e-06,1.0561949181919772e-07,-31.77266088569222,1.0042056146630784e-06,168,1,1,same_source_cyclic_next_latent,False
validation,depablo_low_temp,169,10,2.7419448542786995e-06,4.714396197869064e-07,-4.8161103547429365,5.939883749306318e-07,168,1,1,same_source_cyclic_next_latent,False
validation,depablo_low_temp,169,25,1.6014200809877366e-06,3.285299726485391e-06,0.5125497780073377,2.8199991675137426e-07,168,1,1,same_source_cyclic_next_latent,False
validation,depablo_low_temp,169,50,2.1370535705500515e-06,1.3894406947656535e-05,0.8461932503775922,1.7062887991414755e-06,168,1,1,same_source_cyclic_next_latent,False
validation,depablo_low_temp,169,75,4.488371814659331e-06,3.2073730835691094e-05,0.8600608130793207,3.962116352340672e-06,168,1,1,same_source_cyclic_next_latent,False
validation,depablo_low_temp,169,100,7.744687536614947e-06,5.797980338684283e-05,0.8664243911808017,6.983841103647137e-06,168,1,1,same_source_cyclic_next_latent,False
validation,depablo_low_temp,169,125,1.113644157157978e-05,9.178016625810415e-05,0.8786617847230536,1.1537064892763738e-05,168,1,1,same_source_cyclic_next_latent,False
validation,depablo_low_temp,169,149,1.4756990822206717e-05,0.00013181191752664745,0.8880450941074929,1.7416008631698787e-05,168,1,1,same_source_cyclic_next_latent,False
validation,depablo_low_temp,169,175,2.142936318705324e-05,0.00018371574697084725,0.8833558715549096,2.489451799192466e-05,168,1,1,same_source_cyclic_next_latent,False
validation,depablo_low_temp,169,199,3.35064141836483e-05,0.00023968475579749793,0.8602063194542218,3.2823409128468484e-05,168,1,1,same_source_cyclic_next_latent,False
validation,depablo_low_temp,168,0,2.650531769177178e-06,0.0,,7.0488181336259e-07,126,1,1,same_source_cyclic_next_latent,False
validation,depablo_low_temp,168,5,2.051017645499087e-06,1.0086985469115461e-07,-19.33330623682303,5.020481239625951e-07,126,1,1,same_source_cyclic_next_latent,False
validation,depablo_low_temp,168,10,1.4790952036491944e-06,4.353984195404337e-07,-2.3971074245294473,3.6891222521262534e-07,126,1,1,same_source_cyclic_next_latent,False
validation,depablo_low_temp,168,25,5.761580155194679e-07,2.9493130568880588e-06,0.8046467077566205,6.101921599110938e-07,126,1,1,same_source_cyclic_next_latent,False
validation,depablo_low_temp,168,50,7.661303129680164e-07,1.232679915119661e-05,0.9378483981469232,3.0987048376118764e-06,126,1,1,same_source_cyclic_next_latent,False
validation,depablo_low_temp,168,75,1.8336569382881862e-06,2.83126955764601e-05,0.935235522405972,8.513600732840132e-06,126,1,1,same_source_cyclic_next_latent,False
validation,depablo_low_temp,168,100,3.664401901914971e-06,5.1012531912419945e-05,0.9281666334812367,1.777175384631846e-05,126,1,1,same_source_cyclic_next_latent,False
validation,depablo_low_temp,168,125,6.104017757024849e-06,8.052563498495147e-05,0.9241978314338588,3.152660792693496e-05,126,1,1,same_source_cyclic_next_latent,False
validation,depablo_low_temp,168,149,8.699608770257328e-06,0.00011536414240254089,0.9245900104739502,4.895940583082847e-05,126,1,1,same_source_cyclic_next_latent,False
validation,depablo_low_temp,168,175,1.1660561540338676e-05,0.00016040148329921067,0.927303904549391,7.231406925711781e-05,126,1,1,same_source_cyclic_next_latent,False
validation,depablo_low_temp,168,199,1.4895220374455675e-05,0.00020880624651908875,0.9286648717518421,9.824673907132819e-05,126,1,1,same_source_cyclic_next_latent,False
validation,depablo_low_temp,126,0,2.9667506851183134e-07,0.0,,2.2363258267432684e-06,196,1,1,same_source_cyclic_next_latent,False
validation,depablo_low_temp,126,5,1.6955684145614214e-07,9.771910924882832e-08,-0.7351451805029134,1.9294309367978713e-06,196,1,1,same_source_cyclic_next_latent,False
validation,depablo_low_temp,126,10,9.8327930686537e-08,3.9022279452183284e-07,0.7480210483167057,1.6650714087518281e-06,196,1,1,same_source_cyclic_next_latent,False
validation,depablo_low_temp,126,25,1.3743424176482222e-07,2.4379485239478527e-06,0.9436270944957155,1.1635779628704768e-06,196,1,1,same_source_cyclic_next_latent,False
validation,depablo_low_temp,126,50,5.049455467087682e-07,9.75643615674926e-06,0.9482448776790837,1.019901105792087e-06,196,1,1,same_source_cyclic_next_latent,False
validation,depablo_low_temp,126,75,6.922790589669603e-07,2.196334935433697e-05,0.9684802601006636,1.4412892141990596e-06,196,1,1,same_source_cyclic_next_latent,False
validation,depablo_low_temp,126,100,7.245271831379796e-07,3.906751953763887e-05,0.981454487213094,2.2147823983686976e-06,196,1,1,same_source_cyclic_next_latent,False
validation,depablo_low_temp,126,125,9.000868885777891e-07,6.107550143497065e-05,0.9852627179895339,3.0894238989276346e-06,196,1,1,same_source_cyclic_next_latent,False
validation,depablo_low_temp,126,149,1.3048617120148265e-06,8.682875341037288e-05,0.9849720091471572,3.8244484130700585e-06,196,1,1,same_source_cyclic_next_latent,False
validation,depablo_low_temp,126,175,2.0047302768944064e-06,0.00011984851153101772,0.9832727978738762,4.484187684283825e-06,196,1,1,same_source_cyclic_next_latent,False
validation,depablo_low_temp,126,199,2.98915506391495e-06,0.00015506899217143655,0.9807237087050241,5.091052116767969e-06,196,1,1,same_source_cyclic_next_latent,False
validation,depablo_low_temp,196,0,1.3630221928906394e-06,0.0,,7.582843295494968e-07,138,1,1,same_source_cyclic_next_latent,False
validation,depablo_low_temp,196,5,1.0363822866565897e-06,1.034447478787115e-07,-9.01870378060898,4.99997270253516e-07,138,1,1,same_source_cyclic_next_latent,False
validation,depablo_low_temp,196,10,7.683294143134844e-07,4.144339982303791e-07,-0.8539246721896088,3.717956644777587e-07,138,1,1,same_source_cyclic_next_latent,False
validation,depablo_low_temp,196,25,2.9801887535541027e-07,2.5973602078011027e-06,0.8852608604458024,7.537358328590926e-07,138,1,1,same_source_cyclic_next_latent,False
validation,depablo_low_temp,196,50,2.2050487302749389e-07,1.0403631677036174e-05,0.9788050096473319,3.188631808370701e-06,138,1,1,same_source_cyclic_next_latent,False
validation,depablo_low_temp,196,75,5.421750302048167e-07,2.342555126233492e-05,0.976855399297409,6.999111974437255e-06,138,1,1,same_source_cyclic_next_latent,False
validation,depablo_low_temp,196,100,1.0596257880024496e-06,4.167108636465855e-05,0.9745716783399935,1.2184196748421527e-05,138,1,1,same_source_cyclic_next_latent,False
validation,depablo_low_temp,196,125,1.7983448969971505e-06,6.514642882393673e-05,0.9723953418558473,1.9323004380567e-05,138,1,1,same_source_cyclic_next_latent,False
validation,depablo_low_temp,196,149,2.833691269188421e-06,9.261621016776189e-05,0.9694039384244338,2.834053520928137e-05,138,1,1,same_source_cyclic_next_latent,False
validation,depablo_low_temp,196,175,4.495814209803939e-06,0.0001278405252378434,0.9648326365881271,4.0271559555549175e-05,138,1,1,same_source_cyclic_next_latent,False
validation,depablo_low_temp,196,199,6.704313818772789e-06,0.00016540929209440947,0.9594683361866623,5.2898714784532785e-05,138,1,1,same_source_cyclic_next_latent,False
validation,depablo_low_temp,138,0,2.0667553144448902e-06,0.0,,6.232056648514117e-07,78,1,1,same_source_cyclic_next_latent,False
validation,depablo_low_temp,138,5,1.5825701211724663e-06,1.0271765660263554e-07,-14.406992074348594,4.7546930659336795e-07,78,1,1,same_source_cyclic_next_latent,False
validation,depablo_low_temp,138,10,1.1423517207731493e-06,4.321907454141183e-07,-1.6431656228051947,4.4447924096857605e-07,78,1,1,same_source_cyclic_next_latent,False
validation,depablo_low_temp,138,25,4.449966297670471e-07,2.8179315449960995e-06,0.8420839460925715,1.1157463859490235e-06,78,1,1,same_source_cyclic_next_latent,False
validation,depablo_low_temp,138,50,5.324892526914482e-07,1.1502431334520224e-05,0.9537063741390586,5.199191491556121e-06,78,1,1,same_source_cyclic_next_latent,False
validation,depablo_low_temp,138,75,1.2359764696157072e-06,2.6160945708397776e-05,0.9527549010118945,1.436777165508829e-05,78,1,1,same_source_cyclic_next_latent,False
validation,depablo_low_temp,138,100,2.3826701180951204e-06,4.6891502279322594e-05,0.9491875925854952,2.9029764846200123e-05,78,1,1,same_source_cyclic_next_latent,False
validation,depablo_low_temp,138,125,4.025506768812193e-06,7.379020098596811e-05,0.9454465943306256,4.785596320289187e-05,78,1,1,same_source_cyclic_next_latent,False
validation,depablo_low_temp,138,149,6.001127530907979e-06,0.00010551540617598221,0.943125579966028,6.936680438229814e-05,78,1,1,same_source_cyclic_next_latent,False
validation,depablo_low_temp,138,175,8.557340152037796e-06,0.0001465022942284122,0.9415890365600963,9.782730921870098e-05,78,1,1,same_source_cyclic_next_latent,False
validation,depablo_low_temp,138,199,1.1457344044174533e-05,0.0001905527024064213,0.9398730960018731,0.00013092583685647696,78,1,1,same_source_cyclic_next_latent,False
validation,depablo_low_temp,78,0,3.7668826280423673e-07,0.0,,1.3867454526916845e-06,161,1,1,same_source_cyclic_next_latent,False
validation,depablo_low_temp,78,5,2.3656892267354124e-07,1.066432204765988e-07,-1.2183212548935787,1.1725635431503179e-06,161,1,1,same_source_cyclic_next_latent,False
validation,depablo_low_temp,78,10,1.4885249299823045e-07,4.2946098233187513e-07,0.6533969344782025,1.021658817990101e-06,161,1,1,same_source_cyclic_next_latent,False
validation,depablo_low_temp,78,25,8.680561336404935e-08,2.696686124181724e-06,0.967810264388708,8.985703061625827e-07,161,1,1,same_source_cyclic_next_latent,False
validation,depablo_low_temp,78,50,1.649646890200529e-07,1.080872243619524e-05,0.9847378179989492,1.4992142496339511e-06,161,1,1,same_source_cyclic_next_latent,False
validation,depablo_low_temp,78,75,3.93796881326125e-07,2.434396810713224e-05,0.9838236363277706,3.0651451652374817e-06,161,1,1,same_source_cyclic_next_latent,False
validation,depablo_low_temp,78,100,8.707258416507102e-07,4.330917363404296e-05,0.9798951176254659,5.363762284105178e-06,161,1,1,same_source_cyclic_next_latent,False
validation,depablo_low_temp,78,125,1.2046217534589232e-06,6.771329935872927e-05,0.9822099681322997,7.526346507802373e-06,161,1,1,same_source_cyclic_next_latent,False
validation,depablo_low_temp,78,149,1.280853552998451e-06,9.626436803955585e-05,0.9866944168534703,8.909280040825251e-06,161,1,1,same_source_cyclic_next_latent,False
validation,depablo_low_temp,78,175,1.5491634712816449e-06,0.00013287020556163043,0.9883407761376339,9.783620953385253e-06,161,1,1,same_source_cyclic_next_latent,False
validation,depablo_low_temp,78,199,2.561725068517262e-06,0.00017190758080687374,0.9850982425760783,1.0542750715103466e-05,161,1,1,same_source_cyclic_next_latent,False
validation,lj_noisy,15,0,2.38725476719992e-07,0.0,,8.422080099990126e-07,79,1,1,same_source_cyclic_next_latent,False
validation,lj_noisy,15,5,1.2347589972705464e-07,9.055690952664008e-08,-0.36351715592425804,6.3519723880745e-07,79,1,1,same_source_cyclic_next_latent,False
validation,lj_noisy,15,10,8.343488389073173e-08,3.651525162240432e-07,0.7715067535244934,4.822741743737424e-07,79,1,1,same_source_cyclic_next_latent,False
validation,lj_noisy,15,25,3.6194401786815433e-07,2.382581669735373e-06,0.8480874664378852,4.0461949879500025e-07,79,1,1,same_source_cyclic_next_latent,False
validation,lj_noisy,15,50,1.604515432518383e-06,1.0002500857808627e-05,0.839588573365051,1.3538694929593476e-06,79,1,1,same_source_cyclic_next_latent,False
validation,lj_noisy,15,75,3.6386586543812882e-06,2.3497006623074412e-05,0.8451437362745572,3.858176114590606e-06,79,1,1,same_source_cyclic_next_latent,False
validation,lj_noisy,15,100,7.858543540351093e-06,4.446260936674662e-05,0.8232550079206898,8.837887435220182e-06,79,1,1,same_source_cyclic_next_latent,False
validation,lj_noisy,15,125,1.446808619220974e-05,7.343651668634266e-05,0.8029851244986891,1.5595851436955854e-05,79,1,1,same_source_cyclic_next_latent,False
validation,lj_noisy,15,149,2.074631629511714e-05,0.00010652769560692832,0.8052495533962546,2.1579880922217853e-05,79,1,1,same_source_cyclic_next_latent,False
validation,lj_noisy,15,175,2.8662680051638745e-05,0.00015080551384016871,0.809936126857955,2.8828033464378677e-05,79,1,1,same_source_cyclic_next_latent,False
validation,lj_noisy,15,199,3.9599501178599894e-05,0.00020307757949922234,0.8050030866221176,3.879757787217386e-05,79,1,1,same_source_cyclic_next_latent,False
validation,lj_noisy,79,0,7.709229521424277e-07,0.0,,1.3490617902789381e-06,75,1,1,same_source_cyclic_next_latent,False
validation,lj_noisy,79,5,5.362761612559552e-07,1.0333684485885897e-07,-4.189592947108262,1.0593421393423341e-06,75,1,1,same_source_cyclic_next_latent,False
validation,lj_noisy,79,10,3.416339211526065e-07,4.55465340110095e-07,0.24992333978689396,7.886321213845804e-07,75,1,1,same_source_cyclic_next_latent,False
validation,lj_noisy,79,25,3.634215488546033e-07,3.182375849064556e-06,0.8858018140876008,5.390483011069591e-07,75,1,1,same_source_cyclic_next_latent,False
validation,lj_noisy,79,50,1.7683410078461748e-06,1.3238345673016738e-05,0.8664228105592889,1.657336724747438e-06,75,1,1,same_source_cyclic_next_latent,False
validation,lj_noisy,79,75,4.100589649169706e-06,3.0100934964139014e-05,0.8637720172461428,4.071094281243859e-06,75,1,1,same_source_cyclic_next_latent,False
validation,lj_noisy,79,100,7.322814326471416e-06,5.402554961619899e-05,0.8644564584998549,7.552489023510134e-06,75,1,1,same_source_cyclic_next_latent,False
validation,lj_noisy,79,125,1.1772103789553512e-05,8.518932736478746e-05,0.8618124575729489,1.2170433365099598e-05,75,1,1,same_source_cyclic_next_latent,False
validation,lj_noisy,79,149,1.760420127538964e-05,0.0001221718266606331,0.8559062121229446,1.7765583834261633e-05,75,1,1,same_source_cyclic_next_latent,False
validation,lj_noisy,79,175,2.6258372599841096e-05,0.00017011869931593537,0.8456467589663648,2.5458437448833138e-05,75,1,1,same_source_cyclic_next_latent,False
validation,lj_noisy,79,199,3.664670657599345e-05,0.00022137924679555,0.8344618698163802,3.438520070631057e-05,75,1,1,same_source_cyclic_next_latent,False
validation,lj_noisy,75,0,7.700304536228941e-07,0.0,,3.8108026956251706e-07,181,1,1,same_source_cyclic_next_latent,False
validation,lj_noisy,75,5,5.466854418045841e-07,9.145860246917437e-08,-4.977408653153666,2.1643124625825294e-07,181,1,1,same_source_cyclic_next_latent,False
validation,lj_noisy,75,10,3.8445742234216596e-07,3.9008332919365785e-07,0.014422320643953768,1.3173578850000922e-07,181,1,1,same_source_cyclic_next_latent,False
validation,lj_noisy,75,25,4.379194820103294e-07,2.6733314371085726e-06,0.8361896037537436,4.667572852667945e-07,181,1,1,same_source_cyclic_next_latent,False
validation,lj_noisy,75,50,2.033511464105686e-06,1.1298255230940413e-05,0.8200154428679493,2.5234767235815525e-06,181,1,1,same_source_cyclic_next_latent,False
validation,lj_noisy,75,75,5.079416951048188e-06,2.6090825485880487e-05,0.8053178902370488,5.862725174665684e-06,181,1,1,same_source_cyclic_next_latent,False
validation,lj_noisy,75,100,9.399949703947641e-06,4.721252480521798e-05,0.8009013552499368,1.0357386599935126e-05,181,1,1,same_source_cyclic_next_latent,False
validation,lj_noisy,75,125,1.5158987480390351e-05,7.473392179235816e-05,0.7971605515028596,1.6475163647555746e-05,181,1,1,same_source_cyclic_next_latent,False
validation,lj_noisy,75,149,2.1965171981719323e-05,0.00010709988418966532,0.7949094702771036,2.4151562683982775e-05,181,1,1,same_source_cyclic_next_latent,False
validation,lj_noisy,75,175,3.092139013460837e-05,0.00014858660870231688,0.7918965214654218,3.48608591593802e-05,181,1,1,same_source_cyclic_next_latent,False
validation,lj_noisy,75,199,4.036300379084423e-05,0.00019195048662368208,0.7897217949232102,4.6888450015103444e-05,181,1,1,same_source_cyclic_next_latent,False
validation,lj_noisy,181,0,6.973044719416066e-07,0.0,,7.453898547282733e-07,31,1,1,same_source_cyclic_next_latent,False
validation,lj_noisy,181,5,4.896702421319787e-07,8.917994165358323e-08,-4.490811420735033,5.329970349521318e-07,31,1,1,same_source_cyclic_next_latent,False
validation,lj_noisy,181,10,3.4190898645647394e-07,3.5931097386310284e-07,0.048431550029025994,3.907230734512268e-07,31,1,1,same_source_cyclic_next_latent,False
validation,lj_noisy,181,25,2.747250391621492e-07,2.322475211258279e-06,0.8817102383567281,3.4215008781757206e-07,31,1,1,same_source_cyclic_next_latent,False
validation,lj_noisy,181,50,1.1721253940777387e-06,9.647412298363633e-06,0.878503648664777,1.3371393379202345e-06,31,1,1,same_source_cyclic_next_latent,False
validation,lj_noisy,181,75,3.227042498110677e-06,2.220537317043636e-05,0.8546728995121291,3.890280822815839e-06,31,1,1,same_source_cyclic_next_latent,False
validation,lj_noisy,181,100,6.642616426688619e-06,4.0102699131239206e-05,0.8343598667772925,8.142755177686922e-06,31,1,1,same_source_cyclic_next_latent,False
validation,lj_noisy,181,125,1.1381128388165962e-05,6.356189987855032e-05,0.8209441755216217,1.3396225767792203e-05,31,1,1,same_source_cyclic_next_latent,False
validation,lj_noisy,181,149,1.7051625036401674e-05,9.170166595140472e-05,0.8140532687220993,1.914048880280461e-05,31,1,1,same_source_cyclic_next_latent,False
validation,lj_noisy,181,175,2.4536804630770348e-05,0.0001289811043534428,0.8097643468493422,2.671560832823161e-05,31,1,1,same_source_cyclic_next_latent,False
validation,lj_noisy,181,199,3.3287728001596406e-05,0.00016955948376562446,0.8036811196735609,3.624477903940715e-05,31,1,1,same_source_cyclic_next_latent,False
validation,lj_noisy,31,0,6.52116909805045e-07,0.0,,2.388668178809894e-07,142,1,1,same_source_cyclic_next_latent,False
validation,lj_noisy,31,5,4.266852329237736e-07,1.0181967979860929e-07,-3.190596884293104,1.1231925611809856e-07,142,1,1,same_source_cyclic_next_latent,False
validation,lj_noisy,31,10,2.6771223815558187e-07,4.3096116542074014e-07,0.3788019440354471,7.591156503394814e-08,142,1,1,same_source_cyclic_next_latent,False
validation,lj_noisy,31,25,2.0760576546763332e-07,2.8248798571439693e-06,0.9265081079669248,4.914390387966705e-07,142,1,1,same_source_cyclic_next_latent,False
validation,lj_noisy,31,50,8.700901048541709e-07,1.1657663890218828e-05,0.9253632534744628,2.146906808775384e-06,142,1,1,same_source_cyclic_next_latent,False
validation,lj_noisy,31,75,2.2193300992512377e-06,2.6905094273388386e-05,0.9175126436391505,4.143262685829541e-06,142,1,1,same_source_cyclic_next_latent,False
validation,lj_noisy,31,100,4.625327164831106e-06,4.89304875372909e-05,0.9054714678388183,6.731738267262699e-06,142,1,1,same_source_cyclic_next_latent,False
validation,lj_noisy,31,125,8.542488103557844e-06,7.90988706285134e-05,0.892002401100295,1.1253597222093958e-05,142,1,1,same_source_cyclic_next_latent,False
validation,lj_noisy,31,149,1.557699215481989e-05,0.00011739749606931582,0.8673141022903703,1.990151395148132e-05,142,1,1,same_source_cyclic_next_latent,False
validation,lj_noisy,31,175,3.1399806175613776e-05,0.00017393942107446492,0.8194784943996608,3.89776068914216e-05,142,1,1,same_source_cyclic_next_latent,False
validation,lj_noisy,31,199,5.4438536608358845e-05,0.00024001374549698085,0.7731857544423695,6.673322059214115e-05,142,1,1,same_source_cyclic_next_latent,False
validation,lj_noisy,142,0,3.724053669884597e-07,0.0,,7.09354424088815e-07,157,1,1,same_source_cyclic_next_latent,False
validation,lj_noisy,142,5,2.1642104286456743e-07,9.436170955723355e-08,-1.293526091039086,5.166056098460103e-07,157,1,1,same_source_cyclic_next_latent,False
validation,lj_noisy,142,10,1.379880103513642e-07,3.835527593309962e-07,0.6402372111934564,3.7402710972855857e-07,157,1,1,same_source_cyclic_next_latent,False
validation,lj_noisy,142,25,3.3626122331043007e-07,2.477869657013798e-06,0.8642942245333135,3.5425190958449093e-07,157,1,1,same_source_cyclic_next_latent,False
validation,lj_noisy,142,50,1.6562178188905818e-06,1.0261092029395513e-05,0.8385924408293071,1.5115983842406422e-06,157,1,1,same_source_cyclic_next_latent,False
validation,lj_noisy,142,75,3.922115865861997e-06,2.3520789909525774e-05,0.8332489733147285,4.598280156642431e-06,157,1,1,same_source_cyclic_next_latent,False
validation,lj_noisy,142,100,7.745232323941309e-06,4.234289735904895e-05,0.8170830810592582,1.0324843060516287e-05,157,1,1,same_source_cyclic_next_latent,False
validation,lj_noisy,142,125,1.2862448784289882e-05,6.57610289636068e-05,0.8044062115967169,1.7014137483783998e-05,157,1,1,same_source_cyclic_next_latent,False
validation,lj_noisy,142,149,1.8641429051058367e-05,9.220665378961712e-05,0.7978298931268941,2.3325375877902843e-05,157,1,1,same_source_cyclic_next_latent,False
validation,lj_noisy,142,175,2.596399099275004e-05,0.00012604442599695176,0.7940092091547313,3.0508890631608665e-05,157,1,1,same_source_cyclic_next_latent,False
validation,lj_noisy,142,199,3.3649641409283504e-05,0.0001614613429410383,0.7915932024573119,3.829133856925182e-05,157,1,1,same_source_cyclic_next_latent,False
validation,lj_noisy,157,0,6.226370032891282e-07,0.0,,3.2067230222310172e-06,12,1,1,same_source_cyclic_next_latent,False
validation,lj_noisy,157,5,4.4165071244606224e-07,9.083687757538428e-08,-3.8620199662801307,2.9802986318827607e-06,12,1,1,same_source_cyclic_next_latent,False
validation,lj_noisy,157,10,3.092848430696904e-07,3.649991242582473e-07,0.1526422325033785,2.7868018150911666e-06,12,1,1,same_source_cyclic_next_latent,False
validation,lj_noisy,157,25,2.847106088665896e-07,2.373865527260932e-06,0.8800645590084873,2.6210916530544637e-06,12,1,1,same_source_cyclic_next_latent,False
validation,lj_noisy,157,50,1.1878921668539988e-06,9.819269507715944e-06,0.8790243850705434,3.7632860312442062e-06,12,1,1,same_source_cyclic_next_latent,False
validation,lj_noisy,157,75,3.35935692419298e-06,2.2813499526819214e-05,0.8527469702645238,6.309482159849722e-06,12,1,1,same_source_cyclic_next_latent,False
validation,lj_noisy,157,100,7.354300578299444e-06,4.15882641391363e-05,0.8231640408530844,1.00003326224396e-05,12,1,1,same_source_cyclic_next_latent,False
validation,lj_noisy,157,125,1.2459089703042991e-05,6.644261884503067e-05,0.8124834643844743,1.4201114026946016e-05,12,1,1,same_source_cyclic_next_latent,False
validation,lj_noisy,157,149,1.8186667148256674e-05,9.61377882049419e-05,0.8108270692738716,1.919284841278568e-05,12,1,1,same_source_cyclic_next_latent,False
validation,lj_noisy,157,175,2.555084938649088e-05,0.00013357444549910724,0.8087145389897078,2.5847026336123236e-05,12,1,1,same_source_cyclic_next_latent,False
validation,lj_noisy,157,199,3.5048571589868516e-05,0.0001735624682623893,0.7980636485482415,3.4342090657446533e-05,12,1,1,same_source_cyclic_next_latent,False
validation,lj_noisy,12,0,1.5896351897026761e-06,0.0,,3.395812200324144e-07,152,1,1,same_source_cyclic_next_latent,False
validation,lj_noisy,12,5,1.2631111303562648e-06,1.0223686786048347e-07,-11.354751830620993,1.6703381788829574e-07,152,1,1,same_source_cyclic_next_latent,False
validation,lj_noisy,12,10,9.923360266839154e-07,4.424935866609303e-07,-1.2425997948854186,1.0791412563548874e-07,152,1,1,same_source_cyclic_next_latent,False
validation,lj_noisy,12,25,9.258877184947778e-07,3.1844713248574408e-06,0.7092491581671796,8.08493496151641e-07,152,1,1,same_source_cyclic_next_latent,False
validation,lj_noisy,12,50,3.4479116948205046e-06,1.4166832443152089e-05,0.7566208460037838,4.6135837692418136e-06,152,1,1,same_source_cyclic_next_latent,False
validation,lj_noisy,12,75,8.850684935168829e-06,3.3046842872863635e-05,0.7321775950211402,1.0697822290239856e-05,152,1,1,same_source_cyclic_next_latent,False
validation,lj_noisy,12,100,1.4999930499470793e-05,5.7156557886628434e-05,0.7375641386728788,1.6952386431512423e-05,152,1,1,same_source_cyclic_next_latent,False
validation,lj_noisy,12,125,2.331467294425238e-05,8.803003584034741e-05,0.7351509320462368,2.5321898647234775e-05,152,1,1,same_source_cyclic_next_latent,False
validation,lj_noisy,12,149,3.394623126951046e-05,0.00012419970880728215,0.7266802668419774,3.607171674957499e-05,152,1,1,same_source_cyclic_next_latent,False
validation,lj_noisy,12,175,4.672708018915728e-05,0.00016892341955099255,0.7233830553906596,4.902702494291589e-05,152,1,1,same_source_cyclic_next_latent,False
validation,lj_noisy,12,199,5.866086212336086e-05,0.00021583693160209805,0.7282167528608869,6.116885924711823e-05,152,1,1,same_source_cyclic_next_latent,False
validation,lj_noisy,152,0,6.207626483956119e-07,0.0,,2.89307592993282e-07,29,1,1,same_source_cyclic_next_latent,False
validation,lj_noisy,152,5,3.9787491346032766e-07,9.695842351220563e-08,-3.103562115056884,1.3036883217409923e-07,29,1,1,same_source_cyclic_next_latent,False
validation,lj_noisy,152,10,2.3756012978992658e-07,4.1400659256396466e-07,0.42619239872799086,7.487282260854045e-08,29,1,1,same_source_cyclic_next_latent,False
validation,lj_noisy,152,25,2.4499468054273166e-07,2.7664339086186374e-06,0.9114402553484227,5.850891398040403e-07,29,1,1,same_source_cyclic_next_latent,False
validation,lj_noisy,152,50,1.2979413668290363e-06,1.1517513485159725e-05,0.8873071545779886,2.9278935471666045e-06,29,1,1,same_source_cyclic_next_latent,False
validation,lj_noisy,152,75,3.0708331451023696e-06,2.6382193027529866e-05,0.8836020515088359,5.706584033760009e-06,29,1,1,same_source_cyclic_next_latent,False
validation,lj_noisy,152,100,5.602494638878852e-06,4.726915722130798e-05,0.8814767394170218,8.3228542280267e-06,29,1,1,same_source_cyclic_next_latent,False
validation,lj_noisy,152,125,8.78489936440019e-06,7.386328070424497e-05,0.881065405156106,1.1324270417389926e-05,29,1,1,same_source_cyclic_next_latent,False
validation,lj_noisy,152,149,1.2607323697011452e-05,0.0001050939827109687,0.880037625639478,1.562386387377046e-05,29,1,1,same_source_cyclic_next_latent,False
validation,lj_noisy,152,175,1.7888036381918937e-05,0.00014509294123854488,0.8767132554538989,2.2344109311234206e-05,29,1,1,same_source_cyclic_next_latent,False
validation,lj_noisy,152,199,2.4266748368972912e-05,0.00018777258810587227,0.8707652239671397,3.085379648837261e-05,29,1,1,same_source_cyclic_next_latent,False
validation,lj_noisy,29,0,3.117841345101624e-07,0.0,,1.6541891909582773e-06,95,1,1,same_source_cyclic_next_latent,False
validation,lj_noisy,29,5,1.5010262188752677e-07,9.255531097096537e-08,-0.6217613048117143,1.3933876061855699e-06,95,1,1,same_source_cyclic_next_latent,False
validation,lj_noisy,29,10,7.92869627730397e-08,3.9399358797709283e-07,0.7987607788742757,1.1685400522765121e-06,95,1,1,same_source_cyclic_next_latent,False
validation,lj_noisy,29,25,4.7237239186870283e-07,2.62467051470594e-06,0.820026022610451,8.929349633035599e-07,95,1,1,same_source_cyclic_next_latent,False
validation,lj_noisy,29,50,2.3249654077517334e-06,1.0715701137087308e-05,0.7830318914265936,1.643307996346266e-06,95,1,1,same_source_cyclic_next_latent,False
validation,lj_noisy,29,75,4.445294962351909e-06,2.4163142370525748e-05,0.8160299312818564,4.063339474669192e-06,95,1,1,same_source_cyclic_next_latent,False
validation,lj_noisy,29,100,6.7766204665531404e-06,4.288870331947692e-05,0.841995212210678,8.04319824965205e-06,95,1,1,same_source_cyclic_next_latent,False
validation,lj_noisy,29,125,1.0149883564736228e-05,6.650677823927253e-05,0.847385727688991,1.2733804396702908e-05,95,1,1,same_source_cyclic_next_latent,False
validation,lj_noisy,29,149,1.4916935469955206e-05,9.352853521704674e-05,0.8405092581067557,1.7657805074122734e-05,95,1,1,same_source_cyclic_next_latent,False
validation,lj_noisy,29,175,2.201088864239864e-05,0.00012778700329363346,0.8277533076519429,2.4049324565567076e-05,95,1,1,same_source_cyclic_next_latent,False
validation,lj_noisy,29,199,3.04837722069351e-05,0.0001640301925363019,0.8141575539503884,3.137225940008648e-05,95,1,1,same_source_cyclic_next_latent,False
validation,lj_noisy,95,0,1.0090975592902396e-06,0.0,,1.1680369027544657e-07,183,1,1,same_source_cyclic_next_latent,False
validation,lj_noisy,95,5,7.537267947554938e-07,9.315184712477276e-08,-7.091377874084561,4.858813440478116e-08,183,1,1,same_source_cyclic_next_latent,False
validation,lj_noisy,95,10,5.405685783443914e-07,4.062233927015768e-07,-0.3307175018881996,7.548143798885576e-08,183,1,1,same_source_cyclic_next_latent,False
validation,lj_noisy,95,25,3.8293089232865896e-07,2.82183304989303e-06,0.8642971127072259,7.628334515175084e-07,183,1,1,same_source_cyclic_next_latent,False
validation,lj_noisy,95,50,1.7179704627778847e-06,1.2093249097233638e-05,0.8579397109110343,3.372686933289515e-06,183,1,1,same_source_cyclic_next_latent,False
validation,lj_noisy,95,75,4.996586994820973e-06,2.8183430913486518e-05,0.8227118972789799,7.311784884223016e-06,183,1,1,same_source_cyclic_next_latent,False
validation,lj_noisy,95,100,1.0705114618758671e-05,5.138449341757223e-05,0.791666436569407,1.3419200513453688e-05,183,1,1,same_source_cyclic_next_latent,False
validation,lj_noisy,95,125,1.8474982425686903e-05,8.035653445404023e-05,0.7700873668680468,2.197334833908826e-05,183,1,1,same_source_cyclic_next_latent,False
validation,lj_noisy,95,149,2.9792689019814134e-05,0.00011559575068531558,0.7422683027430802,3.5075856430921704e-05,183,1,1,same_source_cyclic_next_latent,False
validation,lj_noisy,95,175,4.7446603275602683e-05,0.00016214206698350608,0.7073763511326817,5.639976734528318e-05,183,1,1,same_source_cyclic_next_latent,False
validation,lj_noisy,95,199,6.865707837278023e-05,0.00021282926900312304,0.6774077235975811,8.312982390634716e-05,183,1,1,same_source_cyclic_next_latent,False
validation,lj_noisy,183,0,2.5198053776875895e-07,0.0,,1.555045741952199e-06,147,1,1,same_source_cyclic_next_latent,False
validation,lj_noisy,183,5,1.3369019313813624e-07,9.035466774776069e-08,-0.47961579042439184,1.3786230965706636e-06,147,1,1,same_source_cyclic_next_latent,False
validation,lj_noisy,183,10,8.112095883916481e-08,3.734352276296704e-07,0.7827710059544486,1.2364052963675931e-06,147,1,1,same_source_cyclic_next_latent,False
validation,lj_noisy,183,25,2.6568744715405046e-07,2.431817392789526e-06,0.890745313385031,1.249536012437602e-06,147,1,1,same_source_cyclic_next_latent,False
validation,lj_noisy,183,50,1.2620678262464935e-06,1.0205611033597961e-05,0.8763358879648038,2.8903411930514267e-06,147,1,1,same_source_cyclic_next_latent,False
validation,lj_noisy,183,75,3.2096318136609625e-06,2.3695167328696698e-05,0.864544876635083,6.806742476328509e-06,147,1,1,same_source_cyclic_next_latent,False
validation,lj_noisy,183,100,6.9055672611284535e-06,4.307867129682563e-05,0.8396986941972533,1.2045273251715116e-05,147,1,1,same_source_cyclic_next_latent,False
validation,lj_noisy,183,125,1.1222788998566102e-05,6.872970698168501e-05,0.8367112346113053,1.6064032024587505e-05,147,1,1,same_source_cyclic_next_latent,False
validation,lj_noisy,183,149,1.5625722880940884e-05,9.890592627925798e-05,0.8420142910666231,1.924701064126566e-05,147,1,1,same_source_cyclic_next_latent,False
validation,lj_noisy,183,175,2.1353544070734642e-05,0.00013746204786002636,0.8446586210291415,2.3171525754150935e-05,147,1,1,same_source_cyclic_next_latent,False
validation,lj_noisy,183,199,2.8946640668436885e-05,0.00017979549011215568,0.8390024096245123,2.8435888452804647e-05,147,1,1,same_source_cyclic_next_latent,False
validation,lj_noisy,147,0,1.0047629075415898e-06,0.0,,1.2814395233817777e-07,43,1,1,same_source_cyclic_next_latent,False
validation,lj_noisy,147,5,7.648729365428153e-07,1.0630814983869641e-07,-6.19486641149689,5.684275805606376e-08,43,1,1,same_source_cyclic_next_latent,False
validation,lj_noisy,147,10,5.86349528930441e-07,4.434336347003409e-07,-0.3222937617861992,9.301320602617125e-08,43,1,1,same_source_cyclic_next_latent,False
validation,lj_noisy,147,25,5.280019195197383e-07,2.912094714702107e-06,0.8186865568437562,7.339584158216894e-07,43,1,1,same_source_cyclic_next_latent,False
validation,lj_noisy,147,50,1.6735995131966774e-06,1.199792586703552e-05,0.8605092637057445,2.3529412374045933e-06,43,1,1,same_source_cyclic_next_latent,False
validation,lj_noisy,147,75,4.002426976512652e-06,2.7232879801886156e-05,0.8530296095885004,4.0738595998845994e-06,43,1,1,same_source_cyclic_next_latent,False
validation,lj_noisy,147,100,7.28636814528727e-06,4.869244003202766e-05,0.8503593547479931,6.982564627833199e-06,43,1,1,same_source_cyclic_next_latent,False
validation,lj_noisy,147,125,1.1417259884183295e-05,7.65042204875499e-05,0.8507630061266841,1.1398582500987686e-05,43,1,1,same_source_cyclic_next_latent,False
validation,lj_noisy,147,149,1.6484149455209263e-05,0.00010965059482259676,0.8496665751619596,1.712949961074628e-05,43,1,1,same_source_cyclic_next_latent,False
validation,lj_noisy,147,175,2.423730074951891e-05,0.00015283728134818375,0.8414176139766377,2.594795478216838e-05,43,1,1,same_source_cyclic_next_latent,False
validation,lj_noisy,147,199,3.425011527724564e-05,0.00019974987662862986,0.8285349865776257,3.732339609996416e-05,43,1,1,same_source_cyclic_next_latent,False
validation,lj_noisy,43,0,2.237808018890064e-07,0.0,,8.740433372622647e-07,13,1,1,same_source_cyclic_next_latent,False
validation,lj_noisy,43,5,1.1853231285385846e-07,9.6270760252537e-08,-0.23123898204319837,6.425491960726504e-07,13,1,1,same_source_cyclic_next_latent,False
validation,lj_noisy,43,10,1.0063634903190177e-07,4.102923867321806e-07,0.7547204084544898,4.71216594633006e-07,13,1,1,same_source_cyclic_next_latent,False
validation,lj_noisy,43,25,4.913148927698785e-07,2.796049102471443e-06,0.8242824518583731,4.2787362986018707e-07,13,1,1,same_source_cyclic_next_latent,False
validation,lj_noisy,43,50,1.5877398027441814e-06,1.1718565474438947e-05,0.8645107367273384,1.6342863773388672e-06,13,1,1,same_source_cyclic_next_latent,False
validation,lj_noisy,43,75,3.257629941799678e-06,2.693894930416718e-05,0.879073608067715,4.133424681640463e-06,13,1,1,same_source_cyclic_next_latent,False
validation,lj_noisy,43,100,6.445077815442346e-06,4.813013947568834e-05,0.8660906058936748,7.925944373710081e-06,13,1,1,same_source_cyclic_next_latent,False
validation,lj_noisy,43,125,1.0864390787901357e-05,7.53487111069262e-05,0.8558118562574499,1.3106659935147036e-05,13,1,1,same_source_cyclic_next_latent,False
validation,lj_noisy,43,149,1.6124498870340176e-05,0.00010748124623205513,0.8499784898704383,1.936008811753709e-05,13,1,1,same_source_cyclic_next_latent,False
validation,lj_noisy,43,175,2.34741728490917e-05,0.00014898361405357718,0.8424378882321248,2.770037463051267e-05,13,1,1,same_source_cyclic_next_latent,False
validation,lj_noisy,43,199,3.2850763091119006e-05,0.00019355223048478365,0.8302744276889042,3.742897024494596e-05,13,1,1,same_source_cyclic_next_latent,False
validation,lj_noisy,13,0,7.922006375338242e-07,0.0,,5.002758598493529e-07,40,1,1,same_source_cyclic_next_latent,False
validation,lj_noisy,13,5,5.731411079068494e-07,9.281463064780837e-08,-5.175115969395747,3.115637809969485e-07,40,1,1,same_source_cyclic_next_latent,False
validation,lj_noisy,13,10,4.1632901570665126e-07,3.781031523431011e-07,-0.10109903376013896,1.8776556487409835e-07,40,1,1,same_source_cyclic_next_latent,False
validation,lj_noisy,13,25,3.144886875361408e-07,2.410028173471801e-06,0.8695082941362052,2.473634310717898e-07,40,1,1,same_source_cyclic_next_latent,False
validation,lj_noisy,13,50,1.0484180847925018e-06,9.818084436119534e-06,0.8932156174033807,1.281318759538408e-06,40,1,1,same_source_cyclic_next_latent,False
validation,lj_noisy,13,75,2.768848389678169e-06,2.2434529455495067e-05,0.8765809465640487,2.8601889425772242e-06,40,1,1,same_source_cyclic_next_latent,False
validation,lj_noisy,13,100,5.577473530138377e-06,4.0286795410793275e-05,0.8615557908424727,5.464716196001973e-06,40,1,1,same_source_cyclic_next_latent,False
validation,lj_noisy,13,125,9.326193321612664e-06,6.321443652268499e-05,0.852467350266329,9.819680599321146e-06,40,1,1,same_source_cyclic_next_latent,False
validation,lj_noisy,13,149,1.4020920389157254e-05,8.989958587335423e-05,0.844037986905644,1.5498726497753523e-05,40,1,1,same_source_cyclic_next_latent,False
validation,lj_noisy,13,175,2.2256414013099857e-05,0.00012564916687551886,0.8228685906437456,2.4603343263152055e-05,40,1,1,same_source_cyclic_next_latent,False
validation,lj_noisy,13,199,3.2004831155063584e-05,0.00016380345914512873,0.80461443658093,3.4991131542483345e-05,40,1,1,same_source_cyclic_next_latent,False
validation,lj_noisy,40,0,4.777918434228923e-07,0.0,,3.5475645745464135e-06,132,1,1,same_source_cyclic_next_latent,False
validation,lj_noisy,40,5,2.88831017769553e-07,9.645786747114471e-08,-1.9943749052502802,3.367702902323799e-06,132,1,1,same_source_cyclic_next_latent,False
validation,lj_noisy,40,10,1.5784817719577404e-07,4.1816244333858776e-07,0.6225194784698449,3.118104814348044e-06,132,1,1,same_source_cyclic_next_latent,False
validation,lj_noisy,40,25,3.8687210235366365e-07,2.9362895475060213e-06,0.8682445664521543,2.820002237058361e-06,132,1,1,same_source_cyclic_next_latent,False
validation,lj_noisy,40,50,2.380096248089103e-06,1.2648867595999036e-05,0.8118332546352252,4.018330855615204e-06,132,1,1,same_source_cyclic_next_latent,False
validation,lj_noisy,40,75,5.285074621497188e-06,2.9483269827323966e-05,0.8207432672003299,7.426610409311252e-06,132,1,1,same_source_cyclic_next_latent,False
validation,lj_noisy,40,100,9.415603017259855e-06,5.388597855926491e-05,0.8252680331878101,1.3369357475312427e-05,132,1,1,same_source_cyclic_next_latent,False
validation,lj_noisy,40,125,1.5379215255961753e-05,8.557874389225617e-05,0.8202916453725446,2.1466894395416602e-05,132,1,1,same_source_cyclic_next_latent,False
validation,lj_noisy,40,149,2.2443047782871872e-05,0.00012253261229489,0.8168402079859369,3.182177897542715e-05,132,1,1,same_source_cyclic_next_latent,False
validation,lj_noisy,40,175,3.2290146918967366e-05,0.0001704702153801918,0.810581884659721,4.7697132686153054e-05,132,1,1,same_source_cyclic_next_latent,False
validation,lj_noisy,40,199,4.425564475241117e-05,0.0002223484916612506,0.8009626940944805,6.58728095004335e-05,132,1,1,same_source_cyclic_next_latent,False
validation,lj_noisy,132,0,2.3223929019877687e-06,0.0,,3.57461146904825e-07,61,1,1,same_source_cyclic_next_latent,False
validation,lj_noisy,132,5,2.0219108591845725e-06,1.029204241831394e-07,-18.645380158817936,2.0046671522777615e-07,61,1,1,same_source_cyclic_next_latent,False
validation,lj_noisy,132,10,1.7070328794943634e-06,4.4125229692326684e-07,-2.868609617212291,1.3577334811998298e-07,61,1,1,same_source_cyclic_next_latent,False
validation,lj_noisy,132,25,1.2549363646030542e-06,3.067184479732532e-06,0.5908507059502046,5.699487246602075e-07,61,1,1,same_source_cyclic_next_latent,False
validation,lj_noisy,132,50,2.496386059647193e-06,1.3521135770133696e-05,0.8153715706959055,2.97075916932954e-06,61,1,1,same_source_cyclic_next_latent,False
validation,lj_noisy,132,75,6.361574833135819e-06,3.2666182960383594e-05,0.8052550296172982,7.171281140472274e-06,61,1,1,same_source_cyclic_next_latent,False
validation,lj_noisy,132,100,1.3187287549953908e-05,6.118311284808442e-05,0.784461971022993,1.4205747902451549e-05,61,1,1,same_source_cyclic_next_latent,False
validation,lj_noisy,132,125,2.4695398678886704e-05,0.00010149922309210524,0.7566937171875994,2.712468631216325e-05,61,1,1,same_source_cyclic_next_latent,False
validation,lj_noisy,132,149,3.955414649681188e-05,0.00015093496767804027,0.7379391462077567,4.522745075519197e-05,61,1,1,same_source_cyclic_next_latent,False
validation,lj_noisy,132,175,5.803170643048361e-05,0.0002120805875165388,0.7263695507918277,6.88766740495339e-05,61,1,1,same_source_cyclic_next_latent,False
validation,lj_noisy,132,199,7.215607183752581e-05,0.0002682431077118963,0.7310049363317686,8.823064126772806e-05,61,1,1,same_source_cyclic_next_latent,False
validation,lj_noisy,61,0,6.656599680354702e-07,0.0,,6.530171958729625e-07,188,1,1,same_source_cyclic_next_latent,False
validation,lj_noisy,61,5,4.678058758145198e-07,9.96304834188777e-08,-3.695409073222275,4.310144845476316e-07,188,1,1,same_source_cyclic_next_latent,False
validation,lj_noisy,61,10,3.346356152178487e-07,4.162667153195798e-07,0.1961028761068745,2.7323429208081507e-07,188,1,1,same_source_cyclic_next_latent,False
validation,lj_noisy,61,25,3.0651352744826e-07,2.741091520874761e-06,0.8881782949916088,2.2671416388675425e-07,188,1,1,same_source_cyclic_next_latent,False
validation,lj_noisy,61,50,1.1101835752924671e-06,1.1338017429807223e-05,0.9020830950238411,9.450375841879577e-07,188,1,1,same_source_cyclic_next_latent,False
validation,lj_noisy,61,75,3.220802454961813e-06,2.6031604647869244e-05,0.8762733800497602,2.737076329140109e-06,188,1,1,same_source_cyclic_next_latent,False
validation,lj_noisy,61,100,6.621524335059803e-06,4.705508763436228e-05,0.859281436547057,6.117667908256408e-06,188,1,1,same_source_cyclic_next_latent,False
validation,lj_noisy,61,125,9.758398846315686e-06,7.433142309309915e-05,0.86871771802225,9.768251402419992e-06,188,1,1,same_source_cyclic_next_latent,False
validation,lj_noisy,61,149,1.25779542941018e-05,0.00010632432531565428,0.8817020069794891,1.3150262930139434e-05,188,1,1,same_source_cyclic_next_latent,False
validation,lj_noisy,61,175,1.688220254436601e-05,0.0001481663784943521,0.8860591537977724,1.742343738442287e-05,188,1,1,same_source_cyclic_next_latent,False
validation,lj_noisy,61,199,2.373847564740572e-05,0.00019447802333161235,0.8779374901043278,2.359860263823066e-05,188,1,1,same_source_cyclic_next_latent,False
validation,lj_noisy,188,0,3.130220989078225e-07,0.0,,6.73416025165352e-07,67,1,1,same_source_cyclic_next_latent,False
validation,lj_noisy,188,5,1.5731106373095827e-07,9.160689984355486e-08,-0.7172403388785362,4.626316183475865e-07,67,1,1,same_source_cyclic_next_latent,False
validation,lj_noisy,188,10,8.912974180930178e-08,3.833892776583525e-07,0.7675215583657312,3.252866918046493e-07,67,1,1,same_source_cyclic_next_latent,False
validation,lj_noisy,188,25,4.509847428835201e-07,2.6204288587905467e-06,0.827896589762154,4.101862884908769e-07,67,1,1,same_source_cyclic_next_latent,False
validation,lj_noisy,188,50,2.081486627503182e-06,1.1088137398473918e-05,0.8122780632399396,1.8426036376695265e-06,67,1,1,same_source_cyclic_next_latent,False
validation,lj_noisy,188,75,4.532536877377424e-06,2.5567558623151854e-05,0.8227231256537284,4.690813966590213e-06,67,1,1,same_source_cyclic_next_latent,False
validation,lj_noisy,188,100,8.416833225055598e-06,4.645999797503464e-05,0.8188369868294356,8.923079803935252e-06,67,1,1,same_source_cyclic_next_latent,False
validation,lj_noisy,188,125,1.3646896150021348e-05,7.364279736066237e-05,0.8146879716805668,1.4475893294729758e-05,67,1,1,same_source_cyclic_next_latent,False
validation,lj_noisy,188,149,1.9577388229663484e-05,0.00010572637256700546,0.8148296611873631,2.0838791897404008e-05,67,1,1,same_source_cyclic_next_latent,False
validation,lj_noisy,188,175,2.7359448722563684e-05,0.00014696051948703825,0.8138313009639521,2.9027776690782048e-05,67,1,1,same_source_cyclic_next_latent,False
validation,lj_noisy,188,199,3.636580368038267e-05,0.00019167976279277354,0.8102783353311115,3.8107849832158536e-05,67,1,1,same_source_cyclic_next_latent,False
validation,lj_noisy,67,0,8.78628497957834e-07,0.0,,2.066786066734494e-07,15,1,1,same_source_cyclic_next_latent,False
validation,lj_noisy,67,5,6.562711973856494e-07,8.974264886774108e-08,-6.31281286730052,1.0575961795211697e-07,15,1,1,same_source_cyclic_next_latent,False
validation,lj_noisy,67,10,4.944515126226179e-07,3.756259161491471e-07,-0.31634025067186666,8.69716316742597e-08,15,1,1,same_source_cyclic_next_latent,False
validation,lj_noisy,67,25,3.72104267398754e-07,2.4605394628451904e-06,0.8487712662131095,4.7477971065745805e-07,15,1,1,same_source_cyclic_next_latent,False
validation,lj_noisy,67,50,1.0729172572609968e-06,1.0304262104909867e-05,0.8958763620007527,1.9268054529675283e-06,15,1,1,same_source_cyclic_next_latent,False
validation,lj_noisy,67,75,2.847609266609652e-06,2.4312985260621645e-05,0.8828770208148087,3.764718258025823e-06,15,1,1,same_source_cyclic_next_latent,False
validation,lj_noisy,67,100,5.562715614360059e-06,4.4734984840033576e-05,0.8756517827322039,6.032163128111279e-06,15,1,1,same_source_cyclic_next_latent,False
validation,lj_noisy,67,125,9.146579941443633e-06,7.140247180359438e-05,0.8719010741448422,9.540206519886851e-06,15,1,1,same_source_cyclic_next_latent,False
validation,lj_noisy,67,149,1.3560893421526998e-05,0.0001028560582199134,0.8681565903241901,1.4564229786628857e-05,15,1,1,same_source_cyclic_next_latent,False
validation,lj_noisy,67,175,1.9783519746852107e-05,0.0001433728903066367,0.862013524979929,2.264690374431666e-05,15,1,1,same_source_cyclic_next_latent,False
validation,lj_noisy,67,199,2.7126578061142936e-05,0.00018682236259337515,0.854800155160307,3.3279720810242e-05,15,1,1,same_source_cyclic_next_latent,False
mixed_transfer,depablo_mixed_temp,268,0,4.604382411343977e-06,0.0,,2.1766159079561476e-06,161,1,1,same_source_cyclic_next_latent,True
mixed_transfer,depablo_mixed_temp,268,5,5.142265945323743e-05,4.713676025858149e-05,-0.09092477232513385,5.3873143770033494e-05,161,1,1,same_source_cyclic_next_latent,True
mixed_transfer,depablo_mixed_temp,268,10,9.194454469252378e-05,5.8645240642363206e-05,-0.5678091467512261,8.869243174558505e-05,161,1,1,same_source_cyclic_next_latent,True
mixed_transfer,depablo_mixed_temp,268,25,6.0457798099378124e-05,5.51444391021505e-05,-0.09635348701951729,6.195437163114548e-05,161,1,1,same_source_cyclic_next_latent,True
mixed_transfer,depablo_mixed_temp,268,50,0.00011279562022536993,6.742466939613223e-05,-0.6729132116714593,9.421512368135154e-05,161,1,1,same_source_cyclic_next_latent,True
mixed_transfer,depablo_mixed_temp,268,75,8.286105003207922e-05,7.959867070894688e-05,-0.04098534930390052,7.450750126736239e-05,161,1,1,same_source_cyclic_next_latent,True
mixed_transfer,depablo_mixed_temp,268,100,7.399718015221879e-05,9.612221765564755e-05,0.23017610333014227,0.00010043842485174537,161,1,1,same_source_cyclic_next_latent,True
mixed_transfer,depablo_mixed_temp,268,125,9.291956666857004e-05,0.00013924895029049367,0.3327090331760043,0.0001116909843403846,161,1,1,same_source_cyclic_next_latent,True
mixed_transfer,depablo_mixed_temp,268,149,0.00012585481454152614,0.00013940916687715799,0.09722712386320642,0.00017509124882053584,161,1,1,same_source_cyclic_next_latent,True
mixed_transfer,depablo_mixed_temp,268,175,0.00010743996244855225,0.00018091170932166278,0.4061193559476963,0.00020621897419914603,161,1,1,same_source_cyclic_next_latent,True
mixed_transfer,depablo_mixed_temp,268,199,0.0001224660809384659,0.00022531113063450903,0.45645791846331096,0.0002322144282516092,161,1,1,same_source_cyclic_next_latent,True
mixed_transfer,depablo_mixed_temp,161,0,5.399909355219279e-07,0.0,,6.352378818519355e-07,47,1,1,same_source_cyclic_next_latent,True
mixed_transfer,depablo_mixed_temp,161,5,1.9677969248732552e-05,2.0224346371833235e-05,0.02701581119386043,1.9464408978819847e-05,47,1,1,same_source_cyclic_next_latent,True
mixed_transfer,depablo_mixed_temp,161,10,2.4162505724234506e-05,2.2510845155920833e-05,-0.07337177066758205,2.0749694158439524e-05,47,1,1,same_source_cyclic_next_latent,True
mixed_transfer,depablo_mixed_temp,161,25,2.0114042854402214e-05,2.079022306133993e-05,0.03252395152003418,1.9549963326426223e-05,47,1,1,same_source_cyclic_next_latent,True
mixed_transfer,depablo_mixed_temp,161,50,3.7723497371189296e-05,4.2505580495344475e-05,0.11250483038759929,3.249132714699954e-05,47,1,1,same_source_cyclic_next_latent,True
mixed_transfer,depablo_mixed_temp,161,75,2.162259079341311e-05,4.9270100134890527e-05,0.5611417323241623,2.273373320349492e-05,47,1,1,same_source_cyclic_next_latent,True
mixed_transfer,depablo_mixed_temp,161,100,2.7591613616095856e-05,7.182943227235228e-05,0.6158731491642864,2.8324539016466588e-05,47,1,1,same_source_cyclic_next_latent,True
mixed_transfer,depablo_mixed_temp,161,125,3.051144813071005e-05,9.014578245114535e-05,0.6615321615601286,3.118847234873101e-05,47,1,1,same_source_cyclic_next_latent,True
mixed_transfer,depablo_mixed_temp,161,149,2.3891097953310236e-05,0.0001271728688152507,0.8121368325187519,2.8904903956572525e-05,47,1,1,same_source_cyclic_next_latent,True
mixed_transfer,depablo_mixed_temp,161,175,2.6515694116824307e-05,0.00017018135986290872,0.8441915487208218,3.423148154979572e-05,47,1,1,same_source_cyclic_next_latent,True
mixed_transfer,depablo_mixed_temp,161,199,2.9821951102348976e-05,0.0001962430396815762,0.8480356238328858,3.527398803271353e-05,47,1,1,same_source_cyclic_next_latent,True
mixed_transfer,depablo_mixed_temp,47,0,7.249407758536108e-07,0.0,,6.441611333229957e-08,191,1,1,same_source_cyclic_next_latent,True
mixed_transfer,depablo_mixed_temp,47,5,7.248312385854661e-07,2.6881184567173477e-07,-1.6964259583657224,1.919925125548616e-07,191,1,1,same_source_cyclic_next_latent,True
mixed_transfer,depablo_mixed_temp,47,10,5.177478215045994e-07,5.738165782531723e-07,0.09771198475871667,3.4627805689524394e-07,191,1,1,same_source_cyclic_next_latent,True
mixed_transfer,depablo_mixed_temp,47,25,3.0503079528898525e-07,2.950489943032153e-06,0.8966169005221174,1.1188345752088935e-06,191,1,1,same_source_cyclic_next_latent,True
mixed_transfer,depablo_mixed_temp,47,50,6.018696012688451e-07,1.030835755955195e-05,0.9416134337801332,2.237061153209652e-06,191,1,1,same_source_cyclic_next_latent,True
mixed_transfer,depablo_mixed_temp,47,75,9.447721254218777e-07,2.303583823959343e-05,0.9589868571052028,4.562840331345797e-06,191,1,1,same_source_cyclic_next_latent,True
mixed_transfer,depablo_mixed_temp,47,100,1.6681660781614482e-06,4.1095041524386033e-05,0.9594071202684745,3.7759032238682266e-06,191,1,1,same_source_cyclic_next_latent,True
mixed_transfer,depablo_mixed_temp,47,125,2.436454451526515e-06,6.353035132633522e-05,0.9616489693404775,9.35939715418499e-06,191,1,1,same_source_cyclic_next_latent,True
mixed_transfer,depablo_mixed_temp,47,149,3.156513912472292e-06,9.000220597954467e-05,0.9649284828286354,8.511267878930084e-06,191,1,1,same_source_cyclic_next_latent,True
mixed_transfer,depablo_mixed_temp,47,175,5.398208031692775e-06,0.00012707475980278105,0.9575194315529634,1.2283683645364363e-05,191,1,1,same_source_cyclic_next_latent,True
mixed_transfer,depablo_mixed_temp,47,199,7.4543600021570455e-06,0.00016195152420550585,0.9539716588730714,2.6756353690871038e-05,191,1,1,same_source_cyclic_next_latent,True
mixed_transfer,depablo_mixed_temp,191,0,3.011621743098658e-07,0.0,,1.1782976798713207e-06,242,1,1,same_source_cyclic_next_latent,True
mixed_transfer,depablo_mixed_temp,191,5,7.112096227501752e-06,7.1508447945234366e-06,0.005418739762239166,8.518475624441635e-06,242,1,1,same_source_cyclic_next_latent,True
mixed_transfer,depablo_mixed_temp,191,10,1.0701457540562842e-05,1.1249665476498194e-05,0.04873104334352163,2.120960743923206e-05,242,1,1,same_source_cyclic_next_latent,True
mixed_transfer,depablo_mixed_temp,191,25,9.574649084242992e-06,1.134495687438175e-05,0.1560435892124299,3.251092857681215e-05,242,1,1,same_source_cyclic_next_latent,True
mixed_transfer,depablo_mixed_temp,191,50,1.0955885954899713e-05,2.3212682208395563e-05,0.5280215419940919,1.3869534086552449e-05,242,1,1,same_source_cyclic_next_latent,True
mixed_transfer,depablo_mixed_temp,191,75,1.1161399015691131e-05,3.4925145882880315e-05,0.6804194017364935,1.6859019524417818e-05,242,1,1,same_source_cyclic_next_latent,True
mixed_transfer,depablo_mixed_temp,191,100,1.0585344170976896e-05,5.758188126492314e-05,0.8161688375154719,2.1439174815895967e-05,242,1,1,same_source_cyclic_next_latent,True
mixed_transfer,depablo_mixed_temp,191,125,1.0587130418571178e-05,7.634270150447264e-05,0.8613209879931887,2.260322253277991e-05,242,1,1,same_source_cyclic_next_latent,True
mixed_transfer,depablo_mixed_temp,191,149,1.1763889233407099e-05,0.00011539997649379075,0.898059864561237,4.641395207727328e-05,242,1,1,same_source_cyclic_next_latent,True
mixed_transfer,depablo_mixed_temp,191,175,1.4457521501753945e-05,0.00014662892499472946,0.9014006172228732,4.1442202928010374e-05,242,1,1,same_source_cyclic_next_latent,True
mixed_transfer,depablo_mixed_temp,191,199,1.2732075447274838e-05,0.00018133649427909404,0.9297875725573531,0.00012225520913489163,242,1,1,same_source_cyclic_next_latent,True
mixed_transfer,depablo_mixed_temp,242,0,1.3611147551273461e-06,0.0,,1.3199063459978788e-06,208,1,1,same_source_cyclic_next_latent,True
mixed_transfer,depablo_mixed_temp,242,5,2.505867087165825e-05,2.3800261260475963e-05,-0.05287377299811724,2.383220817137044e-05,208,1,1,same_source_cyclic_next_latent,True
mixed_transfer,depablo_mixed_temp,242,10,4.326360794948414e-05,3.038742215721868e-05,-0.42373406094293053,3.1784835300641134e-05,208,1,1,same_source_cyclic_next_latent,True
mixed_transfer,depablo_mixed_temp,242,25,4.716552939498797e-05,3.699141598190181e-05,-0.2750398475706872,3.842645310214721e-05,208,1,1,same_source_cyclic_next_latent,True
mixed_transfer,depablo_mixed_temp,242,50,3.3155396522488445e-05,4.2313102312618867e-05,0.2164271889702437,3.685714546008967e-05,208,1,1,same_source_cyclic_next_latent,True
mixed_transfer,depablo_mixed_temp,242,75,4.0209488361142576e-05,7.29313469491899e-05,0.4486665879192403,4.525843542069197e-05,208,1,1,same_source_cyclic_next_latent,True
mixed_transfer,depablo_mixed_temp,242,100,4.166086364421062e-05,9.204618982039392e-05,0.54739176357542,4.397246448206715e-05,208,1,1,same_source_cyclic_next_latent,True
mixed_transfer,depablo_mixed_temp,242,125,3.719639789778739e-05,0.00011756044841604307,0.6835976861354731,4.046700996696018e-05,208,1,1,same_source_cyclic_next_latent,True
mixed_transfer,depablo_mixed_temp,242,149,3.822077633230947e-05,0.000145202677231282,0.7367763662413016,3.5806067899102345e-05,208,1,1,same_source_cyclic_next_latent,True
mixed_transfer,depablo_mixed_temp,242,175,4.337382415542379e-05,0.00018254968745168298,0.7623998991129255,5.717887688660994e-05,208,1,1,same_source_cyclic_next_latent,True
mixed_transfer,depablo_mixed_temp,242,199,7.179396197898313e-05,0.0002420646051177755,0.7034099142910544,6.877979467390105e-05,208,1,1,same_source_cyclic_next_latent,True
mixed_transfer,depablo_mixed_temp,208,0,1.280167452932801e-06,0.0,,2.6169163902522996e-06,221,1,1,same_source_cyclic_next_latent,True
mixed_transfer,depablo_mixed_temp,208,5,2.335349199711345e-05,2.257787127746269e-05,-0.03435313764167791,3.4063574275933206e-05,221,1,1,same_source_cyclic_next_latent,True
mixed_transfer,depablo_mixed_temp,208,10,2.210484308307059e-05,2.1629317416227423e-05,-0.021985236875131653,4.5406333811115474e-05,221,1,1,same_source_cyclic_next_latent,True
mixed_transfer,depablo_mixed_temp,208,25,2.1519221263588406e-05,2.2251089831115678e-05,0.03289135826973455,2.4350258172489703e-05,221,1,1,same_source_cyclic_next_latent,True
mixed_transfer,depablo_mixed_temp,208,50,2.115451206918806e-05,2.6678577341954224e-05,0.20705996432872475,2.7156238502357155e-05,221,1,1,same_source_cyclic_next_latent,True
mixed_transfer,depablo_mixed_temp,208,75,2.7790929379989393e-05,4.3110252590849996e-05,0.3553522025549921,3.007849409186747e-05,221,1,1,same_source_cyclic_next_latent,True
mixed_transfer,depablo_mixed_temp,208,100,4.458497278392315e-05,6.287909491220489e-05,0.29094124452371584,3.600697164074518e-05,221,1,1,same_source_cyclic_next_latent,True
mixed_transfer,depablo_mixed_temp,208,125,2.6361381969763897e-05,6.771790503989905e-05,0.6107176978639268,2.7837526431540027e-05,221,1,1,same_source_cyclic_next_latent,True
mixed_transfer,depablo_mixed_temp,208,149,3.964588540839031e-05,0.0001124460031860508,0.6474229026816269,3.895086410921067e-05,221,1,1,same_source_cyclic_next_latent,True
mixed_transfer,depablo_mixed_temp,208,175,3.311206091893837e-05,0.00013137060159351677,0.7479492328017742,3.083199408138171e-05,221,1,1,same_source_cyclic_next_latent,True
mixed_transfer,depablo_mixed_temp,208,199,3.515307616908103e-05,0.00017357629258185625,0.7974776644540711,3.298276715213433e-05,221,1,1,same_source_cyclic_next_latent,True
mixed_transfer,depablo_mixed_temp,221,0,2.0861491520918207e-06,0.0,,3.206459666671435e-07,140,1,1,same_source_cyclic_next_latent,True
mixed_transfer,depablo_mixed_temp,221,5,3.7578756746370345e-05,2.707511703192722e-05,-0.3879443882756679,2.753301123448182e-05,140,1,1,same_source_cyclic_next_latent,True
mixed_transfer,depablo_mixed_temp,221,10,5.830982263432816e-05,3.6674908187706023e-05,-0.5899105278162491,3.767000816878863e-05,140,1,1,same_source_cyclic_next_latent,True
mixed_transfer,depablo_mixed_temp,221,25,3.763231870834716e-05,3.482666943455115e-05,-0.08056036707927494,3.515125354169868e-05,140,1,1,same_source_cyclic_next_latent,True
mixed_transfer,depablo_mixed_temp,221,50,4.443283614818938e-05,4.851730773225427e-05,0.0841858663428996,4.827035445487127e-05,140,1,1,same_source_cyclic_next_latent,True
mixed_transfer,depablo_mixed_temp,221,75,4.793358311871998e-05,5.7804521929938346e-05,0.17076412850853406,6.939836748642847e-05,140,1,1,same_source_cyclic_next_latent,True
mixed_transfer,depablo_mixed_temp,221,100,4.509949576458894e-05,6.448220665333793e-05,0.3005900680935466,5.6775170378386974e-05,140,1,1,same_source_cyclic_next_latent,True
mixed_transfer,depablo_mixed_temp,221,125,3.377606481080875e-05,9.433583181817085e-05,0.6419593259546279,8.582599548390135e-05,140,1,1,same_source_cyclic_next_latent,True
mixed_transfer,depablo_mixed_temp,221,149,6.274076440604404e-05,0.00012878440611530095,0.5128232811830331,0.00010209959873463959,140,1,1,same_source_cyclic_next_latent,True
mixed_transfer,depablo_mixed_temp,221,175,6.323419802356511e-05,0.00016914735897444189,0.6261591170742442,0.00013408872473519295,140,1,1,same_source_cyclic_next_latent,True
mixed_transfer,depablo_mixed_temp,221,199,6.147610110929236e-05,0.00020088825840502977,0.6939786247469746,0.00015843457367736846,140,1,1,same_source_cyclic_next_latent,True
mixed_transfer,depablo_mixed_temp,140,0,2.3447793751074641e-07,0.0,,1.7217899994648178e-06,118,1,1,same_source_cyclic_next_latent,True
mixed_transfer,depablo_mixed_temp,140,5,5.846636668138672e-06,5.748682269768324e-06,-0.0170394524820896,6.653670880041318e-06,118,1,1,same_source_cyclic_next_latent,True
mixed_transfer,depablo_mixed_temp,140,10,5.7035554164031055e-06,6.143378413980827e-06,0.07159301738222601,7.066188118187711e-06,118,1,1,same_source_cyclic_next_latent,True
mixed_transfer,depablo_mixed_temp,140,25,4.919611001241719e-06,7.007966814853717e-06,0.2979973890837537,5.700186193280388e-06,118,1,1,same_source_cyclic_next_latent,True
mixed_transfer,depablo_mixed_temp,140,50,6.9425605033757165e-06,1.9301036445540376e-05,0.6403011556936447,1.208861795021221e-05,118,1,1,same_source_cyclic_next_latent,True
mixed_transfer,depablo_mixed_temp,140,75,6.035020760464249e-06,2.7593006961978972e-05,0.7812844113445105,1.3267514987092e-05,118,1,1,same_source_cyclic_next_latent,True
mixed_transfer,depablo_mixed_temp,140,100,5.114417945151217e-06,4.4695243559544906e-05,0.8855713150251083,1.6537953342776746e-05,118,1,1,same_source_cyclic_next_latent,True
mixed_transfer,depablo_mixed_temp,140,125,6.813170330133289e-06,7.706028554821387e-05,0.9115864899582998,3.1604180549038574e-05,118,1,1,same_source_cyclic_next_latent,True
mixed_transfer,depablo_mixed_temp,140,149,5.937351033935556e-06,0.00010311150253983214,0.9424181503742325,3.471566014923155e-05,118,1,1,same_source_cyclic_next_latent,True
mixed_transfer,depablo_mixed_temp,140,175,6.884151844133157e-06,0.0001441092899767682,0.9522296456720941,4.705556420958601e-05,118,1,1,same_source_cyclic_next_latent,True
mixed_transfer,depablo_mixed_temp,140,199,9.213822522724513e-06,0.00018415348313283175,0.9499666128167747,5.802968007628806e-05,118,1,1,same_source_cyclic_next_latent,True
mixed_transfer,depablo_mixed_temp,118,0,1.806129262149625e-06,0.0,,2.1101348011143273e-06,158,1,1,same_source_cyclic_next_latent,True
mixed_transfer,depablo_mixed_temp,118,5,7.98704058979638e-06,7.472703146049753e-06,-0.06882883391648131,1.0984865184582304e-05,158,1,1,same_source_cyclic_next_latent,True
mixed_transfer,depablo_mixed_temp,118,10,8.112934665405191e-06,6.560167093994096e-06,-0.2366963446453476,1.8447302863933146e-05,158,1,1,same_source_cyclic_next_latent,True
mixed_transfer,depablo_mixed_temp,118,25,7.704810741415713e-06,9.963821867131628e-06,0.22672134807707434,8.940899533627089e-06,158,1,1,same_source_cyclic_next_latent,True
mixed_transfer,depablo_mixed_temp,118,50,9.047482308233157e-06,1.8252863810630515e-05,0.5043253265844301,9.53009475779254e-06,158,1,1,same_source_cyclic_next_latent,True
mixed_transfer,depablo_mixed_temp,118,75,8.186062586901244e-06,2.543711343605537e-05,0.6781842952629185,1.5267691196640953e-05,158,1,1,same_source_cyclic_next_latent,True
mixed_transfer,depablo_mixed_temp,118,100,8.118363439280074e-06,4.048683331348002e-05,0.7994813924709424,1.3640836186823435e-05,158,1,1,same_source_cyclic_next_latent,True
mixed_transfer,depablo_mixed_temp,118,125,1.3158074580132961e-05,6.137721356935799e-05,0.785619551378559,2.747550570347812e-05,158,1,1,same_source_cyclic_next_latent,True
mixed_transfer,depablo_mixed_temp,118,149,1.2007229088339955e-05,7.702268339926377e-05,0.8441078840878877,1.8361777620157227e-05,158,1,1,same_source_cyclic_next_latent,True
mixed_transfer,depablo_mixed_temp,118,175,1.5981779142748564e-05,0.0001161079853773117,0.8623541775286757,3.605395613703877e-05,158,1,1,same_source_cyclic_next_latent,True
mixed_transfer,depablo_mixed_temp,118,199,1.6605847122264095e-05,0.00014814999303780496,0.887911927758062,4.874177830060944e-05,158,1,1,same_source_cyclic_next_latent,True
mixed_transfer,depablo_mixed_temp,158,0,1.2263819826330291e-06,0.0,,2.0406139356055064e-06,250,1,1,same_source_cyclic_next_latent,True
mixed_transfer,depablo_mixed_temp,158,5,1.8084469047607854e-05,1.573649569763802e-05,-0.14920560428979468,1.8086517229676247e-05,250,1,1,same_source_cyclic_next_latent,True
mixed_transfer,depablo_mixed_temp,158,10,2.6954674467560835e-05,2.0582121578627266e-05,-0.3096159385022246,2.1294583348208107e-05,250,1,1,same_source_cyclic_next_latent,True
mixed_transfer,depablo_mixed_temp,158,25,2.0772662537638098e-05,2.284510264871642e-05,0.090717040888182,2.2275928131421097e-05,250,1,1,same_source_cyclic_next_latent,True
mixed_transfer,depablo_mixed_temp,158,50,1.844672078732401e-05,2.7017762477044016e-05,0.31723728776587246,1.856198832683731e-05,250,1,1,same_source_cyclic_next_latent,True
mixed_transfer,depablo_mixed_temp,158,75,2.3784816221450455e-05,4.9534719437360764e-05,0.5198354509400704,2.936454075097572e-05,250,1,1,same_source_cyclic_next_latent,True
mixed_transfer,depablo_mixed_temp,158,100,1.995210004679393e-05,5.9894391597481444e-05,0.6668786590089861,3.533717608661391e-05,250,1,1,same_source_cyclic_next_latent,True
mixed_transfer,depablo_mixed_temp,158,125,2.191988460253924e-05,7.881387864472345e-05,0.7218778598456052,5.1878054364351556e-05,250,1,1,same_source_cyclic_next_latent,True
mixed_transfer,depablo_mixed_temp,158,149,2.06506738322787e-05,0.00011068722233176231,0.8134321794580541,3.561090852599591e-05,250,1,1,same_source_cyclic_next_latent,True
mixed_transfer,depablo_mixed_temp,158,175,2.2465765141532756e-05,0.00015321206592489034,0.853368173022703,6.520777969853953e-05,250,1,1,same_source_cyclic_next_latent,True
mixed_transfer,depablo_mixed_temp,158,199,2.2496198653243482e-05,0.0002061646373476833,0.8908823601241318,9.230209980159998e-05,250,1,1,same_source_cyclic_next_latent,True
mixed_transfer,depablo_mixed_temp,250,0,3.0109349609119818e-06,0.0,,7.5788616413774434e-06,136,1,1,same_source_cyclic_next_latent,True
mixed_transfer,depablo_mixed_temp,250,5,5.4022137192077935e-05,4.835599611396901e-05,-0.11717556318671507,6.0294340073596686e-05,136,1,1,same_source_cyclic_next_latent,True
mixed_transfer,depablo_mixed_temp,250,10,5.1613591494970024e-05,5.153584061190486e-05,-0.0015086759455555931,6.13185839029029e-05,136,1,1,same_source_cyclic_next_latent,True
mixed_transfer,depablo_mixed_temp,250,25,5.137822881806642e-05,5.111822974868119e-05,-0.0050862299156972934,6.499515438918024e-05,136,1,1,same_source_cyclic_next_latent,True
mixed_transfer,depablo_mixed_temp,250,50,5.934097498538904e-05,6.523817864945158e-05,0.09039497708466637,6.251763261388987e-05,136,1,1,same_source_cyclic_next_latent,True
mixed_transfer,depablo_mixed_temp,250,75,6.0501879488583654e-05,8.879067172529176e-05,0.31860094857971577,6.719368684571236e-05,136,1,1,same_source_cyclic_next_latent,True
mixed_transfer,depablo_mixed_temp,250,100,9.679848153609782e-05,0.0001296159898629412,0.25319027661282634,0.00010063453373732045,136,1,1,same_source_cyclic_next_latent,True
mixed_transfer,depablo_mixed_temp,250,125,0.00011096017260570079,0.00019025067740585655,0.4167685807026458,0.00010784160258481279,136,1,1,same_source_cyclic_next_latent,True
mixed_transfer,depablo_mixed_temp,250,149,8.590870129410177e-05,0.00016449361282866448,0.477738376482838,7.994233601493761e-05,136,1,1,same_source_cyclic_next_latent,True
mixed_transfer,depablo_mixed_temp,250,175,9.142181079369038e-05,0.00018673459999263287,0.5104184720062741,9.533729462418705e-05,136,1,1,same_source_cyclic_next_latent,True
mixed_transfer,depablo_mixed_temp,250,199,0.0001120210436056368,0.00025101620121859014,0.5537298267529491,0.00011534486839082092,136,1,1,same_source_cyclic_next_latent,True
mixed_transfer,depablo_mixed_temp,136,0,7.086232471920084e-06,0.0,,4.069040187459905e-06,68,1,1,same_source_cyclic_next_latent,True
mixed_transfer,depablo_mixed_temp,136,5,1.9243769202148542e-05,1.0966320587613154e-05,-0.7548063681345463,1.4729997928952798e-05,68,1,1,same_source_cyclic_next_latent,True
mixed_transfer,depablo_mixed_temp,136,10,1.4703740816912614e-05,1.2293307008803822e-05,-0.1960769227013175,1.374711973767262e-05,68,1,1,same_source_cyclic_next_latent,True
mixed_transfer,depablo_mixed_temp,136,25,1.5413846995215863e-05,1.05185035863542e-05,-0.46540302702491454,1.4145796740194783e-05,68,1,1,same_source_cyclic_next_latent,True
mixed_transfer,depablo_mixed_temp,136,50,1.3720011338591576e-05,1.8912367522716522e-05,0.27454818535480374,1.2587973287736531e-05,68,1,1,same_source_cyclic_next_latent,True
mixed_transfer,depablo_mixed_temp,136,75,1.2296257409616373e-05,3.769572140299715e-05,0.673802305620852,1.196666471514618e-05,68,1,1,same_source_cyclic_next_latent,True
mixed_transfer,depablo_mixed_temp,136,100,1.7360034689772874e-05,6.272367318160832e-05,0.7232299415962276,1.6899586626095697e-05,68,1,1,same_source_cyclic_next_latent,True
mixed_transfer,depablo_mixed_temp,136,125,2.5431319954805076e-05,9.743942064233124e-05,0.7390037852528366,2.469889477652032e-05,68,1,1,same_source_cyclic_next_latent,True
mixed_transfer,depablo_mixed_temp,136,149,1.8173674106947146e-05,0.00012985024659428746,0.8600412815254009,1.8509455912862904e-05,68,1,1,same_source_cyclic_next_latent,True
mixed_transfer,depablo_mixed_temp,136,175,2.546476935094688e-05,0.00018626838573254645,0.8632899015536084,2.468240745656658e-05,68,1,1,same_source_cyclic_next_latent,True
mixed_transfer,depablo_mixed_temp,136,199,3.138524334644899e-05,0.00021623147767968476,0.8548534945825897,2.81607481156243e-05,68,1,1,same_source_cyclic_next_latent,True
mixed_transfer,depablo_mixed_temp,68,0,4.387362423585728e-06,0.0,,9.922590606947779e-07,96,1,1,same_source_cyclic_next_latent,True
mixed_transfer,depablo_mixed_temp,68,5,5.002953457733383e-06,1.8872113969337079e-06,-1.6509767087365264,2.9407331112452084e-06,96,1,1,same_source_cyclic_next_latent,True
mixed_transfer,depablo_mixed_temp,68,10,5.785013399872696e-06,2.4416788164671743e-06,-1.3692769748655715,3.188561095157638e-06,96,1,1,same_source_cyclic_next_latent,True
mixed_transfer,depablo_mixed_temp,68,25,4.743078989122296e-06,5.627597602142487e-06,0.1571751705707326,3.339599743412691e-06,96,1,1,same_source_cyclic_next_latent,True
mixed_transfer,depablo_mixed_temp,68,50,2.7876044441654813e-06,1.578773844812531e-05,0.8234323140502438,6.108467914600624e-06,96,1,1,same_source_cyclic_next_latent,True
mixed_transfer,depablo_mixed_temp,68,75,4.37323569713044e-06,3.037540773220826e-05,0.8560270948233784,1.3471677448251285e-05,96,1,1,same_source_cyclic_next_latent,True
mixed_transfer,depablo_mixed_temp,68,100,6.4675896283006296e-06,5.9114165196660906e-05,0.8905915425383364,2.0447721908567473e-05,96,1,1,same_source_cyclic_next_latent,True
mixed_transfer,depablo_mixed_temp,68,125,6.4144032876356505e-06,8.239176531787962e-05,0.9221475196836973,2.9368995456025004e-05,96,1,1,same_source_cyclic_next_latent,True
mixed_transfer,depablo_mixed_temp,68,149,8.407742825511377e-06,0.00011558266123756766,0.927257750120235,4.25218022428453e-05,96,1,1,same_source_cyclic_next_latent,True
mixed_transfer,depablo_mixed_temp,68,175,1.3307890185387805e-05,0.00017106324958149344,0.9222048557013527,7.118937355699018e-05,96,1,1,same_source_cyclic_next_latent,True
mixed_transfer,depablo_mixed_temp,68,199,1.881843309092801e-05,0.00021742821263615042,0.9134499020951838,9.897956624627113e-05,96,1,1,same_source_cyclic_next_latent,True
mixed_transfer,depablo_mixed_temp,96,0,5.893549541724497e-07,0.0,,1.6626566434752021e-07,262,1,1,same_source_cyclic_next_latent,True
mixed_transfer,depablo_mixed_temp,96,5,2.2043902845325647e-06,1.7755693306753528e-06,-0.24151180494546276,1.7042237914211e-06,262,1,1,same_source_cyclic_next_latent,True
mixed_transfer,depablo_mixed_temp,96,10,1.798322614376957e-06,1.988127678487217e-06,0.09546925288756314,2.161306383641204e-06,262,1,1,same_source_cyclic_next_latent,True
mixed_transfer,depablo_mixed_temp,96,25,1.8517042690291419e-06,3.6336575703899143e-06,0.490402099493805,3.31459591507155e-06,262,1,1,same_source_cyclic_next_latent,True
mixed_transfer,depablo_mixed_temp,96,50,1.928942538143019e-06,1.0712924449762795e-05,0.8199424865555054,3.149508529531886e-06,262,1,1,same_source_cyclic_next_latent,True
mixed_transfer,depablo_mixed_temp,96,75,2.394597004240495e-06,2.5437306248932146e-05,0.9058627914132606,5.484939265443245e-06,262,1,1,same_source_cyclic_next_latent,True
mixed_transfer,depablo_mixed_temp,96,100,2.114463768521091e-06,4.0724535210756585e-05,0.9480788729060167,4.047557922604028e-06,262,1,1,same_source_cyclic_next_latent,True
mixed_transfer,depablo_mixed_temp,96,125,3.0314545256260317e-06,6.520055467262864e-05,0.9535056942253493,3.7504398733290145e-06,262,1,1,same_source_cyclic_next_latent,True
mixed_transfer,depablo_mixed_temp,96,149,2.5684694264782593e-06,9.046640479937196e-05,0.9716085829632075,8.512679414707236e-06,262,1,1,same_source_cyclic_next_latent,True
mixed_transfer,depablo_mixed_temp,96,175,3.881643806380453e-06,0.00012494108523242176,0.9689322067344011,6.424903403967619e-06,262,1,1,same_source_cyclic_next_latent,True
mixed_transfer,depablo_mixed_temp,96,199,4.408344466355629e-06,0.0001630225160624832,0.9729586772868479,6.8542153712769505e-06,262,1,1,same_source_cyclic_next_latent,True
mixed_transfer,depablo_mixed_temp,262,0,3.7766730542898586e-07,0.0,,3.638336636413442e-07,70,1,1,same_source_cyclic_next_latent,True
mixed_transfer,depablo_mixed_temp,262,5,2.9823913791915402e-05,3.000729702762328e-05,0.006111288049005736,2.9873963285353966e-05,70,1,1,same_source_cyclic_next_latent,True
mixed_transfer,depablo_mixed_temp,262,10,2.7835509172291495e-05,2.804812538670376e-05,0.007580407299272007,2.7790523745352402e-05,70,1,1,same_source_cyclic_next_latent,True
mixed_transfer,depablo_mixed_temp,262,25,3.2080286473501474e-05,3.341671254020184e-05,0.03999274510000306,2.9267437639646232e-05,70,1,1,same_source_cyclic_next_latent,True
mixed_transfer,depablo_mixed_temp,262,50,3.481301973806694e-05,4.543422983260825e-05,0.23377110459828776,3.339411341585219e-05,70,1,1,same_source_cyclic_next_latent,True
mixed_transfer,depablo_mixed_temp,262,75,3.1797917472431436e-05,5.0519352953415364e-05,0.3705794786850741,3.229536741855554e-05,70,1,1,same_source_cyclic_next_latent,True
mixed_transfer,depablo_mixed_temp,262,100,3.6568606446962804e-05,7.402702613035217e-05,0.5060100566167531,3.777230449486524e-05,70,1,1,same_source_cyclic_next_latent,True
mixed_transfer,depablo_mixed_temp,262,125,3.759064566111192e-05,8.881043322617188e-05,0.576731648573535,3.905190169462003e-05,70,1,1,same_source_cyclic_next_latent,True
mixed_transfer,depablo_mixed_temp,262,149,5.256159056443721e-05,0.00013079402560833842,0.5981346218226171,4.972866008756682e-05,70,1,1,same_source_cyclic_next_latent,True
mixed_transfer,depablo_mixed_temp,262,175,4.3000687583116814e-05,0.00015667513071093708,0.7255423538630879,3.783997453865595e-05,70,1,1,same_source_cyclic_next_latent,True
mixed_transfer,depablo_mixed_temp,262,199,3.684399780468084e-05,0.00018418519175611436,0.799962214913199,4.097669807379134e-05,70,1,1,same_source_cyclic_next_latent,True
mixed_transfer,depablo_mixed_temp,70,0,3.161316044497653e-07,0.0,,4.6780999696238723e-07,78,1,1,same_source_cyclic_next_latent,True
mixed_transfer,depablo_mixed_temp,70,5,1.4856692587272846e-06,1.34399056150869e-06,-0.10541643764190867,1.4633637874794658e-06,78,1,1,same_source_cyclic_next_latent,True
mixed_transfer,depablo_mixed_temp,70,10,1.428972268513462e-06,1.8160093304686598e-06,0.21312504041777947,1.4151265759210219e-06,78,1,1,same_source_cyclic_next_latent,True
mixed_transfer,depablo_mixed_temp,70,25,1.090167188522173e-06,3.822250619123224e-06,0.7147839592024858,1.2001987670373637e-06,78,1,1,same_source_cyclic_next_latent,True
mixed_transfer,depablo_mixed_temp,70,50,1.0811422725964803e-06,1.149375930253882e-05,0.9059365831371056,1.1631067309281207e-06,78,1,1,same_source_cyclic_next_latent,True
mixed_transfer,depablo_mixed_temp,70,75,1.4028865962245618e-06,2.6700765374698676e-05,0.9474589369803639,1.8044811440631747e-06,78,1,1,same_source_cyclic_next_latent,True
mixed_transfer,depablo_mixed_temp,70,100,1.6267016462734318e-06,4.5999360736459494e-05,0.9646364292844597,2.981013494718354e-06,78,1,1,same_source_cyclic_next_latent,True
mixed_transfer,depablo_mixed_temp,70,125,2.7875262276211288e-06,6.957071309443563e-05,0.9599324758417047,3.934548658435233e-06,78,1,1,same_source_cyclic_next_latent,True
mixed_transfer,depablo_mixed_temp,70,149,2.3044890440360177e-06,9.833231888478622e-05,0.9765642764233381,3.976140760642011e-06,78,1,1,same_source_cyclic_next_latent,True
mixed_transfer,depablo_mixed_temp,70,175,2.188554844906321e-06,0.00013775291154161096,0.9841124603435679,3.0898879685992142e-06,78,1,1,same_source_cyclic_next_latent,True
mixed_transfer,depablo_mixed_temp,70,199,2.7654639325191965e-06,0.00017585520981810987,0.9842741995794179,3.3567866921657696e-06,78,1,1,same_source_cyclic_next_latent,True
mixed_transfer,depablo_mixed_temp,78,0,3.7653768458767445e-07,0.0,,7.927076694613788e-06,44,1,1,same_source_cyclic_next_latent,True
mixed_transfer,depablo_mixed_temp,78,5,1.5997906075426727e-06,1.4125503184914123e-06,-0.13255477458051246,8.990889909910038e-06,44,1,1,same_source_cyclic_next_latent,True
mixed_transfer,depablo_mixed_temp,78,10,1.141630605161481e-06,1.781855075932981e-06,0.3593022122948343,6.864315309940139e-06,44,1,1,same_source_cyclic_next_latent,True
mixed_transfer,depablo_mixed_temp,78,25,1.5142136362555902e-06,3.92146057492937e-06,0.6138648834222022,6.7595574364531785e-06,44,1,1,same_source_cyclic_next_latent,True
mixed_transfer,depablo_mixed_temp,78,50,1.553074525872944e-06,1.2238961971888784e-05,0.873104064753192,1.1214327969355509e-05,44,1,1,same_source_cyclic_next_latent,True
mixed_transfer,depablo_mixed_temp,78,75,1.6858399476404884e-06,2.4325721824425273e-05,0.9306972282340354,2.1416408344521187e-05,44,1,1,same_source_cyclic_next_latent,True
mixed_transfer,depablo_mixed_temp,78,100,2.0037248305015964e-06,4.797106157639064e-05,0.9582305505724362,3.546350126271136e-05,44,1,1,same_source_cyclic_next_latent,True
mixed_transfer,depablo_mixed_temp,78,125,2.3136724394134944e-06,6.928451330168173e-05,0.9666062106933018,5.3718504204880446e-05,44,1,1,same_source_cyclic_next_latent,True
mixed_transfer,depablo_mixed_temp,78,149,2.6251225335727213e-06,9.965606295736507e-05,0.97365817537167,7.265850581461564e-05,44,1,1,same_source_cyclic_next_latent,True
mixed_transfer,depablo_mixed_temp,78,175,2.5965018721763045e-06,0.00013577769277617335,0.9808768154835523,9.809021867113188e-05,44,1,1,same_source_cyclic_next_latent,True
mixed_transfer,depablo_mixed_temp,78,199,3.449242512942874e-06,0.00017324589134659618,0.980090480148575,0.00012236819020472467,44,1,1,same_source_cyclic_next_latent,True
mixed_transfer,depablo_mixed_temp,44,0,5.489613158715656e-06,0.0,,2.838092768797651e-06,36,1,1,same_source_cyclic_next_latent,True
mixed_transfer,depablo_mixed_temp,44,5,5.15287820235244e-06,3.781680391057307e-07,-12.62589555303949,2.0583511286531575e-06,36,1,1,same_source_cyclic_next_latent,True
mixed_transfer,depablo_mixed_temp,44,10,4.481405539991101e-06,6.340637810353655e-07,-6.067751973899841,1.6156350284290966e-06,36,1,1,same_source_cyclic_next_latent,True
mixed_transfer,depablo_mixed_temp,44,25,3.1631877845939016e-06,2.970265768453828e-06,-0.06495109568612745,1.2300889693506178e-06,36,1,1,same_source_cyclic_next_latent,True
mixed_transfer,depablo_mixed_temp,44,50,4.352910309535218e-06,1.2383442481223028e-05,0.6484894797116778,2.2539936708199093e-06,36,1,1,same_source_cyclic_next_latent,True
mixed_transfer,depablo_mixed_temp,44,75,5.7243391893280204e-06,2.688998392841313e-05,0.7871200219171781,4.0018835534283426e-06,36,1,1,same_source_cyclic_next_latent,True
mixed_transfer,depablo_mixed_temp,44,100,8.010198143892922e-06,4.955984331900254e-05,0.8383732149366663,6.586058589164168e-06,36,1,1,same_source_cyclic_next_latent,True
mixed_transfer,depablo_mixed_temp,44,125,1.034946308209328e-05,7.413839921355247e-05,0.86040347253409,9.443475391890388e-06,36,1,1,same_source_cyclic_next_latent,True
mixed_transfer,depablo_mixed_temp,44,149,1.4329049918160308e-05,0.00010949795978376642,0.8691386584146689,1.3904840670875274e-05,36,1,1,same_source_cyclic_next_latent,True
mixed_transfer,depablo_mixed_temp,44,175,2.1009078409406357e-05,0.00015169796824920923,0.8615071866032334,2.0423374735401012e-05,36,1,1,same_source_cyclic_next_latent,True
mixed_transfer,depablo_mixed_temp,44,199,3.191319774487056e-05,0.00019818956207018346,0.8389763950658039,2.970030254800804e-05,36,1,1,same_source_cyclic_next_latent,True
mixed_transfer,depablo_mixed_temp,36,0,4.046968115289928e-06,0.0,,1.2970066336492891e-06,39,1,1,same_source_cyclic_next_latent,True
mixed_transfer,depablo_mixed_temp,36,5,2.8859797112090746e-06,3.3019685474755534e-07,-7.740179289156119,1.0443119435876724e-06,39,1,1,same_source_cyclic_next_latent,True
mixed_transfer,depablo_mixed_temp,36,10,2.2711594738211716e-06,8.42837948766828e-07,-1.6946573503769584,1.0283530400556629e-06,39,1,1,same_source_cyclic_next_latent,True
mixed_transfer,depablo_mixed_temp,36,25,1.5851962871238356e-06,3.554258228177787e-06,0.554000811039399,1.3158324918549624e-06,39,1,1,same_source_cyclic_next_latent,True
mixed_transfer,depablo_mixed_temp,36,50,1.946472366398666e-06,1.4621562513639219e-05,0.8668765828150742,4.1572220652597025e-06,39,1,1,same_source_cyclic_next_latent,True
mixed_transfer,depablo_mixed_temp,36,75,3.839950295514427e-06,3.327914600959048e-05,0.8846139172439155,9.514025805401616e-06,39,1,1,same_source_cyclic_next_latent,True
mixed_transfer,depablo_mixed_temp,36,100,6.466996183007723e-06,5.905385114601813e-05,0.8904898485448941,1.65709661814617e-05,39,1,1,same_source_cyclic_next_latent,True
mixed_transfer,depablo_mixed_temp,36,125,9.579796824255027e-06,9.289666195400059e-05,0.8968768454888225,2.605894042062573e-05,39,1,1,same_source_cyclic_next_latent,True
mixed_transfer,depablo_mixed_temp,36,149,1.201002760353731e-05,0.0001317297574132681,0.9088282872497901,3.7020356103312224e-05,39,1,1,same_source_cyclic_next_latent,True
mixed_transfer,depablo_mixed_temp,36,175,1.5453619198524393e-05,0.0001856548187788576,0.9167615508168848,5.2778341341763735e-05,39,1,1,same_source_cyclic_next_latent,True
mixed_transfer,depablo_mixed_temp,36,199,1.8829377950169146e-05,0.00023682504252064973,0.9204924540506423,6.441291770897806e-05,39,1,1,same_source_cyclic_next_latent,True
mixed_transfer,depablo_mixed_temp,39,0,1.6103100506370538e-06,0.0,,3.870175532938447e-06,268,1,1,same_source_cyclic_next_latent,True
mixed_transfer,depablo_mixed_temp,39,5,1.1807413784481469e-06,2.2900907481471222e-07,-4.155871571480156,3.827551154245157e-06,268,1,1,same_source_cyclic_next_latent,True
mixed_transfer,depablo_mixed_temp,39,10,1.0862893304874888e-06,5.392316211327852e-07,-1.0145134074397895,2.2169870135257952e-05,268,1,1,same_source_cyclic_next_latent,True
mixed_transfer,depablo_mixed_temp,39,25,5.984416588944441e-07,2.620684426801745e-06,0.7716468061647637,2.77040317087085e-06,268,1,1,same_source_cyclic_next_latent,True
mixed_transfer,depablo_mixed_temp,39,50,4.205913910482195e-07,1.0089373063237872e-05,0.9583134265714977,4.2609732190612704e-05,268,1,1,same_source_cyclic_next_latent,True
mixed_transfer,depablo_mixed_temp,39,75,6.23024220658408e-07,2.215639869973529e-05,0.9718806188179918,2.5042127163033e-05,268,1,1,same_source_cyclic_next_latent,True
mixed_transfer,depablo_mixed_temp,39,100,1.0500381222300348e-06,4.0103928768076e-05,0.9738170759203547,7.728923264949117e-06,268,1,1,same_source_cyclic_next_latent,True
mixed_transfer,depablo_mixed_temp,39,125,1.8943477471111692e-06,6.175228190841153e-05,0.9693234373116643,5.064908691565506e-05,268,1,1,same_source_cyclic_next_latent,True
mixed_transfer,depablo_mixed_temp,39,149,2.5473143523413455e-06,8.764490485191345e-05,0.9709359676224724,8.536942186765373e-05,268,1,1,same_source_cyclic_next_latent,True
mixed_transfer,depablo_mixed_temp,39,175,3.530232334014727e-06,0.00012142759078415111,0.9709272636373882,6.04060769546777e-05,268,1,1,same_source_cyclic_next_latent,True
mixed_transfer,depablo_mixed_temp,39,199,4.887365776085062e-06,0.00015619987971149385,0.9687108224083644,7.710459613008425e-05,268,1,1,same_source_cyclic_next_latent,True
