split,source,sim_idx,frame,z0,z1,z2,z3,z4,z5,z6,z7
train,reid,0,0,1.467585563659668,-1.5297346115112305,1.6724039316177368,1.4593743085861206,-1.5899980068206787,1.0348440408706665,-1.516688346862793,2.0618607997894287
train,reid,0,10,1.5834091901779175,-1.7193354368209839,1.7272804975509644,1.7839086055755615,-1.6899806261062622,1.0380183458328247,-1.855997920036316,2.2612643241882324
train,reid,0,20,1.7169572114944458,-1.9266438484191895,1.817170262336731,2.1266913414001465,-1.822541356086731,1.0545306205749512,-2.197110414505005,2.5000009536743164
train,reid,0,30,1.85392165184021,-2.138669490814209,1.9054700136184692,2.478822708129883,-1.956629991531372,1.0692453384399414,-2.54921817779541,2.7450969219207764
train,reid,0,40,1.9930191040039062,-2.353534698486328,1.9894661903381348,2.837960720062256,-2.0899507999420166,1.0809810161590576,-2.9110631942749023,2.9940032958984375
train,reid,0,50,2.133967638015747,-2.5706520080566406,2.068532705307007,3.203284740447998,-2.2220170497894287,1.0894453525543213,-3.282046318054199,3.246244430541992
train,reid,0,60,2.2766268253326416,-2.789703130722046,2.1421353816986084,3.5744309425354004,-2.3524699211120605,1.094368815422058,-3.6620333194732666,3.501570463180542
train,reid,0,70,2.4209845066070557,-3.0104408264160156,2.2104132175445557,3.9508914947509766,-2.4814319610595703,1.0957893133163452,-4.0503692626953125,3.760089874267578
train,reid,0,80,2.5672671794891357,-3.2328872680664062,2.273933172225952,4.332456588745117,-2.609412670135498,1.0939527750015259,-4.446558952331543,4.022395133972168
train,reid,0,90,2.7154757976531982,-3.4568257331848145,2.3330726623535156,4.718552112579346,-2.736658811569214,1.0890626907348633,-4.849791049957275,4.288635730743408
train,reid,0,100,2.865943670272827,-3.682384490966797,2.388625144958496,5.1090803146362305,-2.863880157470703,1.08145010471344,-5.259575366973877,4.559631824493408
train,reid,1,0,1.2922195196151733,-1.105674386024475,1.7002999782562256,0.7108781337738037,-1.5459038019180298,0.9954256415367126,-0.5894231796264648,1.8077516555786133
train,reid,1,10,1.4368441104888916,-1.3296055793762207,1.7995787858963013,1.0755242109298706,-1.686318039894104,1.0222615003585815,-0.9608179330825806,2.058854818344116
train,reid,1,20,1.5973901748657227,-1.5695629119873047,1.9198907613754272,1.4603800773620605,-1.8493750095367432,1.056907296180725,-1.345363974571228,2.342545747756958
train,reid,1,30,1.7608369588851929,-1.8128911256790161,2.032230854034424,1.8546310663223267,-2.0099449157714844,1.086782693862915,-1.7447841167449951,2.6307129859924316
train,reid,1,40,1.9255602359771729,-2.0573668479919434,2.134486436843872,2.2552053928375244,-2.165924549102783,1.1109144687652588,-2.1563796997070312,2.9203941822052
train,reid,1,50,2.090549945831299,-2.3013803958892822,2.226318359375,2.6593825817108154,-2.316598892211914,1.1291863918304443,-2.5770349502563477,3.209974765777588
train,reid,1,60,2.2548749446868896,-2.543494939804077,2.307436227798462,3.0647048950195312,-2.461292266845703,1.141545057296753,-3.003976821899414,3.497917890548706
train,reid,1,70,2.4175808429718018,-2.7823662757873535,2.3774960041046143,3.4688987731933594,-2.5992488861083984,1.1479474306106567,-3.4346938133239746,3.7825798988342285
train,reid,1,80,2.5777862071990967,-3.0168004035949707,2.436249017715454,3.86991286277771,-2.729793071746826,1.1484075784683228,-3.866908311843872,4.062410354614258
train,reid,1,90,2.7347936630249023,-3.2458016872406006,2.483659505844116,4.265959739685059,-2.8524889945983887,1.1430193185806274,-4.298552989959717,4.336228370666504
train,reid,1,100,2.8878865242004395,-3.468459129333496,2.5199267864227295,4.655306816101074,-2.9669878482818604,1.1320306062698364,-4.727518081665039,4.602789402008057
train,reid,2,0,1.3380920886993408,-1.168816089630127,1.6947963237762451,0.7351548075675964,-1.5414224863052368,1.061897873878479,-0.6798232793807983,1.8176840543746948
train,reid,2,10,1.3639761209487915,-1.2831342220306396,1.5285123586654663,1.0112261772155762,-1.4501762390136719,0.9764202237129211,-1.0813120603561401,1.8105541467666626
train,reid,2,20,1.3928313255310059,-1.400787353515625,1.3569753170013428,1.2958669662475586,-1.3582122325897217,0.8870350122451782,-1.4947214126586914,1.8085365295410156
train,reid,2,30,1.424864649772644,-1.521666169166565,1.1821128129959106,1.5881168842315674,-1.2668614387512207,0.7946100234985352,-1.9178578853607178,1.8124949932098389
train,reid,2,40,1.4600075483322144,-1.645444393157959,1.0045201778411865,1.887133240699768,-1.1764545440673828,0.6994580030441284,-2.3494555950164795,1.8224763870239258
train,reid,2,50,1.4982056617736816,-1.7718397378921509,0.8249788880348206,2.192098617553711,-1.087451457977295,0.6019430756568909,-2.7881336212158203,1.8385887145996094
train,reid,2,60,1.5391552448272705,-1.9003726243972778,0.6434201598167419,2.5021657943725586,-0.9996346235275269,0.5020883679389954,-3.2329583168029785,1.8603241443634033
train,reid,2,70,1.5827571153640747,-2.0307483673095703,0.4605262875556946,2.8165268898010254,-0.9133622646331787,0.40023505687713623,-3.6826276779174805,1.8876625299453735
train,reid,2,80,1.6287968158721924,-2.1625142097473145,0.27677470445632935,3.1341495513916016,-0.8287907242774963,0.29667627811431885,-4.135733127593994,1.920346975326538
train,reid,2,90,1.6771568059921265,-2.295397996902466,0.09269687533378601,3.454324960708618,-0.7461696863174438,0.191689595580101,-4.591174602508545,1.9582833051681519
train,reid,2,100,1.7272162437438965,-2.428640365600586,-0.0921349823474884,3.7758350372314453,-0.6648481488227844,0.08520161360502243,-5.047790050506592,2.0002996921539307
train,reid,3,0,1.3539625406265259,-1.1950291395187378,1.6429020166397095,0.8101767301559448,-1.5250349044799805,1.0196363925933838,-0.7850646376609802,1.838680624961853
train,reid,3,10,1.3781582117080688,-1.3059412240982056,1.4721702337265015,1.081149935722351,-1.4296109676361084,0.9331226348876953,-1.1842565536499023,1.826106309890747
train,reid,3,20,1.403740644454956,-1.4179105758666992,1.2955580949783325,1.3568270206451416,-1.3321863412857056,0.8426069021224976,-1.5911617279052734,1.815885305404663
train,reid,3,30,1.431897759437561,-1.5326411724090576,1.1148695945739746,1.6395431756973267,-1.2344728708267212,0.74888014793396,-2.007601261138916,1.810288667678833
train,reid,3,40,1.4627240896224976,-1.6500437259674072,0.9309784770011902,1.9287811517715454,-1.1370673179626465,0.6523523330688477,-2.4325203895568848,1.809701919555664
train,reid,3,50,1.4959475994110107,-1.769714593887329,0.7437715530395508,2.223870277404785,-1.0397528409957886,0.5529926419258118,-2.865178346633911,1.813664197921753
train,reid,3,60,1.5316457748413086,-1.89155912399292,0.5540115833282471,2.524320602416992,-0.9430505037307739,0.45115917921066284,-3.3046133518218994,1.8225061893463135
train,reid,3,70,1.5695475339889526,-2.01511812210083,0.3618178069591522,2.8292603492736816,-0.8468846678733826,0.3469369113445282,-3.7497386932373047,1.835816740989685
train,reid,3,80,1.609370231628418,-2.1399881839752197,0.16711677610874176,3.1379899978637695,-0.7510485649108887,0.24032700061798096,-4.199773788452148,1.853116750717163
train,reid,3,90,1.6511163711547852,-2.265991449356079,-0.02938007190823555,3.4498908519744873,-0.655979573726654,0.13168063759803772,-4.653639793395996,1.8745754957199097
train,reid,3,100,1.6947137117385864,-2.3929061889648438,-0.22708849608898163,3.764321804046631,-0.5619848370552063,0.021302923560142517,-5.110301971435547,1.9001977443695068
train,reid,4,0,1.298551321029663,-1.1534401178359985,1.7022507190704346,0.7621619701385498,-1.5277390480041504,1.0460306406021118,-0.6815142035484314,1.7851008176803589
train,reid,4,10,1.3999533653259277,-1.3350754976272583,1.7071681022644043,1.0892143249511719,-1.5862356424331665,1.0320650339126587,-1.0558580160140991,1.9446587562561035
train,reid,4,20,1.5108743906021118,-1.5257859230041504,1.7189605236053467,1.4299793243408203,-1.6555957794189453,1.0189573764801025,-1.4420812129974365,2.123671054840088
train,reid,4,30,1.6270678043365479,-1.721907615661621,1.7285428047180176,1.7816815376281738,-1.7276750802993774,1.002929925918579,-1.8414331674575806,2.3127431869506836
train,reid,4,40,1.7479991912841797,-1.922609567642212,1.7359347343444824,2.142833948135376,-1.8021774291992188,0.9840766787528992,-2.2521450519561768,2.5110204219818115
train,reid,4,50,1.8732999563217163,-2.127276659011841,1.7411425113677979,2.512322425842285,-1.8789088726043701,0.9624505043029785,-2.672905921936035,2.7179338932037354
train,reid,4,60,2.002561092376709,-2.3353028297424316,1.7440290451049805,2.889116048812866,-1.957550287246704,0.938044011592865,-3.102574348449707,2.9327831268310547
train,reid,4,70,2.1355364322662354,-2.546109914779663,1.745290756225586,3.2718751430511475,-2.0383872985839844,0.9112449884414673,-3.5392448902130127,3.1553268432617188
train,reid,4,80,2.271609306335449,-2.7588934898376465,1.7443289756774902,3.6594009399414062,-2.120697259902954,0.8818443417549133,-3.9818191528320312,3.384401798248291
train,reid,4,90,2.410410165786743,-2.973017454147339,1.7414319515228271,4.050416946411133,-2.204432487487793,0.8500522971153259,-4.428677558898926,3.619441032409668
train,reid,4,100,2.5516626834869385,-3.187976598739624,1.737057089805603,4.443817615509033,-2.2896995544433594,0.8161525130271912,-4.8783159255981445,3.8600680828094482
train,reid,5,0,1.4435220956802368,-1.46002995967865,1.7456798553466797,1.3128947019577026,-1.6329190731048584,1.0574214458465576,-1.2931232452392578,2.0649960041046143
train,reid,5,10,1.5819318294525146,-1.6725022792816162,1.8448727130889893,1.6596461534500122,-1.7729334831237793,1.079533576965332,-1.6365147829055786,2.311424493789673
train,reid,5,20,1.742233157157898,-1.903676986694336,1.9830585718154907,2.0251810550689697,-1.9514374732971191,1.1151564121246338,-1.9800746440887451,2.6070854663848877
train,reid,5,30,1.909553050994873,-2.1402029991149902,2.1255431175231934,2.398974657058716,-2.13786244392395,1.1507726907730103,-2.3304691314697266,2.918092966079712
train,reid,5,40,2.0846915245056152,-2.382814645767212,2.274200201034546,2.7814862728118896,-2.3337388038635254,1.1873985528945923,-2.6874969005584717,3.246189832687378
train,reid,5,50,2.2686431407928467,-2.6322953701019287,2.4315693378448486,3.1730756759643555,-2.541163921356201,1.2262427806854248,-3.050395965576172,3.5936691761016846
train,reid,5,60,2.4621047973632812,-2.8891804218292236,2.5992825031280518,3.5740208625793457,-2.761540412902832,1.2680591344833374,-3.418731451034546,3.9621496200561523
train,reid,5,70,2.6657485961914062,-3.1540424823760986,2.7788543701171875,3.9847424030303955,-2.9961862564086914,1.3135149478912354,-3.792245388031006,4.353158473968506
train,reid,5,80,2.880521774291992,-3.42759108543396,2.972586154937744,4.405569553375244,-3.2470664978027344,1.3636373281478882,-4.170214653015137,4.768891334533691
train,reid,5,90,3.1069111824035645,-3.710145950317383,3.181842803955078,4.836541652679443,-3.515310764312744,1.4190181493759155,-4.551992416381836,5.210535049438477
train,reid,5,100,3.345874786376953,-4.002492427825928,3.4087178707122803,5.278213977813721,-3.8027665615081787,1.4805670976638794,-4.93720817565918,5.680251121520996
train,reid,6,0,1.3070363998413086,-1.1915351152420044,1.7299368381500244,0.8382091522216797,-1.5516244173049927,1.053141713142395,-0.7442820072174072,1.8267464637756348
train,reid,6,10,1.4226030111312866,-1.3859999179840088,1.7717063426971436,1.174286127090454,-1.6413151025772095,1.0540611743927002,-1.108676552772522,2.0194199085235596
train,reid,6,20,1.5525840520858765,-1.5959455966949463,1.8237841129302979,1.5338447093963623,-1.7466082572937012,1.0574581623077393,-1.495366096496582,2.2404465675354004
train,reid,6,30,1.6896159648895264,-1.8119547367095947,1.8766000270843506,1.9038950204849243,-1.8575835227966309,1.0595393180847168,-1.8938157558441162,2.475806713104248
train,reid,6,40,1.832129955291748,-2.0312724113464355,1.9305133819580078,2.2793829441070557,-1.9735897779464722,1.0606681108474731,-2.2979049682617188,2.723076105117798
train,reid,6,50,1.9786186218261719,-2.251765012741089,1.9848419427871704,2.6567747592926025,-2.093323230743408,1.0607285499572754,-2.70383620262146,2.979562759399414
train,reid,6,60,2.128248453140259,-2.4721381664276123,2.0401082038879395,3.033538341522217,-2.21657395362854,1.060130000114441,-3.1083967685699463,3.2439193725585938
train,reid,6,70,2.280263900756836,-2.6914026737213135,2.0965006351470947,3.407834053039551,-2.342956304550171,1.05911386013031,-3.509347677230835,3.5148046016693115
train,reid,6,80,2.433958053588867,-2.9086923599243164,2.1541099548339844,3.778071641921997,-2.472045660018921,1.0578776597976685,-3.9048056602478027,3.7909297943115234
train,reid,6,90,2.589050769805908,-3.1236753463745117,2.213599681854248,4.143393516540527,-2.6040163040161133,1.056827187538147,-4.2934370040893555,4.071840286254883
train,reid,6,100,2.745130777359009,-3.3358776569366455,2.2754454612731934,4.5027570724487305,-2.7388429641723633,1.0563136339187622,-4.673807144165039,4.356813907623291
train,reid,7,0,1.4408330917358398,-1.498154878616333,1.6286251544952393,1.4178801774978638,-1.542946219444275,1.023213267326355,-1.497588038444519,1.9945050477981567
train,reid,7,10,1.550370454788208,-1.6861176490783691,1.6529594659805298,1.752028226852417,-1.6204866170883179,1.0123878717422485,-1.8639906644821167,2.1763386726379395
train,reid,7,20,1.6694190502166748,-1.88179349899292,1.6927587985992432,2.0938761234283447,-1.7138079404830933,1.0072368383407593,-2.231178045272827,2.379392623901367
train,reid,7,30,1.7929000854492188,-2.080595016479492,1.7354731559753418,2.4401440620422363,-1.8122555017471313,1.0024691820144653,-2.6018407344818115,2.5922586917877197
train,reid,7,40,1.9205892086029053,-2.282369375228882,1.7799986600875854,2.7909889221191406,-1.9150733947753906,0.9975117444992065,-2.9766950607299805,2.8143503665924072
train,reid,7,50,2.0522332191467285,-2.486814498901367,1.8256819248199463,3.146104097366333,-2.021747589111328,0.9920499324798584,-3.35571551322937,3.0451297760009766
train,reid,7,60,2.1876587867736816,-2.6936283111572266,1.8723597526550293,3.5049943923950195,-2.1321113109588623,0.9859899282455444,-3.738398313522339,3.2843050956726074
train,reid,7,70,2.3266148567199707,-2.9024837017059326,1.9197516441345215,3.867166042327881,-2.245863199234009,0.9792110323905945,-4.124304294586182,3.5313940048217773
train,reid,7,80,2.4689433574676514,-3.113079071044922,1.967777967453003,4.232082843780518,-2.3628861904144287,0.9716830253601074,-4.51286506652832,3.7861485481262207
train,reid,7,90,2.6144630908966064,-3.3251359462738037,2.016411781311035,4.599223613739014,-2.48306941986084,0.9634184837341309,-4.903502464294434,4.048267364501953
train,reid,7,100,2.762932300567627,-3.5383083820343018,2.065523624420166,4.968006134033203,-2.6062042713165283,0.9543728232383728,-5.295597076416016,4.31732177734375
train,reid,8,0,1.2997889518737793,-1.074049472808838,1.6809881925582886,0.6259543895721436,-1.5417802333831787,0.9908521175384521,-0.5100999474525452,1.8034758567810059
train,reid,8,10,1.3430192470550537,-1.208055019378662,1.5426565408706665,0.9246259331703186,-1.4763026237487793,0.9185677766799927,-0.9263372421264648,1.8279780149459839
train,reid,8,20,1.387447714805603,-1.3438831567764282,1.3984006643295288,1.2293041944503784,-1.4084129333496094,0.8426701426506042,-1.351990818977356,1.854154348373413
train,reid,8,30,1.433729648590088,-1.4819945096969604,1.2487953901290894,1.5406666994094849,-1.3389801979064941,0.7631170749664307,-1.7874178886413574,1.8833942413330078
train,reid,8,40,1.48172128200531,-1.6219629049301147,1.0939664840698242,1.8579221963882446,-1.268060326576233,0.679895281791687,-2.231562614440918,1.9155775308609009
train,reid,8,50,1.5313066244125366,-1.7634557485580444,0.9341872930526733,2.1803722381591797,-1.195786714553833,0.5931101441383362,-2.6834404468536377,1.950620412826538
train,reid,8,60,1.5822385549545288,-1.9060204029083252,0.7696589231491089,2.5071277618408203,-1.1221531629562378,0.5028727054595947,-3.1418874263763428,1.9881846904754639
train,reid,8,70,1.6344143152236938,-2.049394130706787,0.6007902026176453,2.837547779083252,-1.0473556518554688,0.409394234418869,-3.605944871902466,2.0282065868377686
train,reid,8,80,1.6875600814819336,-2.19316029548645,0.4276818037033081,3.170835018157959,-0.9712970852851868,0.3127594590187073,-4.074625492095947,2.0702483654022217
train,reid,8,90,1.7415889501571655,-2.3370842933654785,0.25082433223724365,3.506364345550537,-0.8942188024520874,0.2132321000099182,-4.546957492828369,2.114272356033325
train,reid,8,100,1.7962872982025146,-2.4807944297790527,0.07066266238689423,3.8432672023773193,-0.8162548542022705,0.11108323186635971,-5.021719932556152,2.1600043773651123
train,reid,9,0,1.3202263116836548,-1.1683069467544556,1.6539238691329956,0.7688394784927368,-1.507107138633728,1.036651372909546,-0.7313724160194397,1.7879140377044678
train,reid,9,10,1.3529146909713745,-1.2859798669815063,1.5104964971542358,1.0414273738861084,-1.4336265325546265,0.9614324569702148,-1.1175094842910767,1.7963624000549316
train,reid,9,20,1.3866031169891357,-1.4052032232284546,1.3586722612380981,1.320644497871399,-1.3562378883361816,0.881184458732605,-1.5149599313735962,1.8057167530059814
train,reid,9,30,1.421991229057312,-1.5262150764465332,1.201055884361267,1.6059046983718872,-1.2770484685897827,0.7969252467155457,-1.9215631484985352,1.8179129362106323
train,reid,9,40,1.458843469619751,-1.6485648155212402,1.037752628326416,1.8963515758514404,-1.1960099935531616,0.7087197303771973,-2.3362531661987305,1.8326258659362793
train,reid,9,50,1.4968277215957642,-1.7717314958572388,0.8687747120857239,2.1910526752471924,-1.1129478216171265,0.6166016459465027,-2.7579126358032227,1.8493285179138184
train,reid,9,60,1.5357123613357544,-1.8953430652618408,0.6942309737205505,2.489280939102173,-1.0277940034866333,0.5206649899482727,-3.185647487640381,1.8676652908325195
train,reid,9,70,1.5753173828125,-2.019077777862549,0.5146027207374573,2.790271282196045,-0.9407299757003784,0.42116719484329224,-3.6182992458343506,1.8874263763427734
train,reid,9,80,1.6151717901229858,-2.142259120941162,0.3297317326068878,3.0928423404693604,-0.8513730764389038,0.3181343972682953,-4.054614543914795,1.9077836275100708
train,reid,9,90,1.6552107334136963,-2.264737844467163,0.14013223350048065,3.3965156078338623,-0.7599927186965942,0.2118212878704071,-4.49375581741333,1.928725004196167
train,reid,9,100,1.6950749158859253,-2.386049509048462,-0.0541408509016037,3.700418710708618,-0.6663817167282104,0.1023503988981247,-4.934712886810303,1.9496166706085205
train,reid,10,0,1.3157774209976196,-1.1174507141113281,1.7222763299942017,0.6429426670074463,-1.5588083267211914,1.0584890842437744,-0.5375838279724121,1.818689227104187
train,reid,10,10,1.3377068042755127,-1.2256561517715454,1.5572761297225952,0.9064215421676636,-1.464906930923462,0.9758126735687256,-0.9253895282745361,1.8022860288619995
train,reid,10,20,1.3618849515914917,-1.3365365266799927,1.3875185251235962,1.1770870685577393,-1.370073676109314,0.8896840810775757,-1.323214054107666,1.7897952795028687
train,reid,10,30,1.3885091543197632,-1.4500473737716675,1.2136945724487305,1.4545941352844238,-1.274916648864746,0.8003119230270386,-1.7302381992340088,1.7817976474761963
train,reid,10,40,1.417478322982788,-1.5658400058746338,1.0362308025360107,1.7381573915481567,-1.1796663999557495,0.7078801989555359,-2.145303249359131,1.7782772779464722
train,reid,10,50,1.4486379623413086,-1.683591604232788,0.8554625511169434,2.027061939239502,-1.0844486951828003,0.6125582456588745,-2.5673863887786865,1.7790708541870117
train,reid,10,60,1.4819682836532593,-1.8030773401260376,0.6721112728118896,2.3206019401550293,-0.9897021651268005,0.5146980285644531,-2.995300531387329,1.7843356132507324
train,reid,10,70,1.5171921253204346,-1.923829197883606,0.4863438010215759,2.6178619861602783,-0.8953615427017212,0.41443172097206116,-3.427907705307007,1.7936419248580933
train,reid,10,80,1.5541232824325562,-2.045532464981079,0.29842567443847656,2.9181602001190186,-0.8014816641807556,0.3119146525859833,-3.864274024963379,1.8067423105239868
train,reid,10,90,1.5928057432174683,-2.1680591106414795,0.10923852026462555,3.2208948135375977,-0.7086148262023926,0.2075890302658081,-4.303269863128662,1.8238940238952637
train,reid,10,100,1.633040428161621,-2.2910454273223877,-0.08072107285261154,3.5251951217651367,-0.6169325113296509,0.10174760222434998,-4.743648052215576,1.844853162765503
train,reid,11,0,1.2515835762023926,-1.0360164642333984,1.6891379356384277,0.5933717489242554,-1.5203152894973755,0.9888398051261902,-0.45107781887054443,1.7473113536834717
train,reid,11,10,1.387031078338623,-1.2573325634002686,1.7611396312713623,0.9641281366348267,-1.6383557319641113,1.0044223070144653,-0.843288242816925,1.9770561456680298
train,reid,11,20,1.5310813188552856,-1.4869309663772583,1.8448244333267212,1.3453621864318848,-1.768998146057129,1.0240728855133057,-1.2413854598999023,2.224849224090576
train,reid,11,30,1.676191806793213,-1.7178916931152344,1.9217509031295776,1.732174277305603,-1.896657943725586,1.0397522449493408,-1.6488889455795288,2.4740006923675537
train,reid,11,40,1.8225324153900146,-1.9498422145843506,1.9932974576950073,2.12331223487854,-2.0223746299743652,1.0520250797271729,-2.063601493835449,2.725282669067383
train,reid,11,50,1.9702365398406982,-2.1825127601623535,2.060455083847046,2.517874240875244,-2.14688777923584,1.0613166093826294,-2.4839706420898438,2.979262351989746
train,reid,11,60,2.1193041801452637,-2.415494680404663,2.124270439147949,2.9146673679351807,-2.2708704471588135,1.068131446838379,-2.9080963134765625,3.2362518310546875
train,reid,11,70,2.269869089126587,-2.6486077308654785,2.185880184173584,3.3128864765167236,-2.3951094150543213,1.0730146169662476,-3.3344950675964355,3.4967777729034424
train,reid,11,80,2.422092914581299,-2.8816630840301514,2.2465856075286865,3.7116336822509766,-2.5205109119415283,1.0765832662582397,-3.761491537094116,3.7614526748657227
train,reid,11,90,2.575892210006714,-3.1143569946289062,2.306938409805298,4.110115051269531,-2.64736008644104,1.0791445970535278,-4.187920570373535,4.030277252197266
train,reid,11,100,2.7314844131469727,-3.3466055393218994,2.368441343307495,4.507535457611084,-2.7767014503479004,1.0814275741577148,-4.612135887145996,4.303969383239746
train,reid,12,0,1.3711856603622437,-1.267675518989563,1.6202269792556763,0.9401553869247437,-1.5068268775939941,1.0334669351577759,-0.9634590148925781,1.8472778797149658
train,reid,12,10,1.3903497457504272,-1.3727251291275024,1.4398764371871948,1.2062582969665527,-1.4043421745300293,0.9400869011878967,-1.358961582183838,1.8280155658721924
train,reid,12,20,1.410056233406067,-1.478659987449646,1.2506022453308105,1.4779930114746094,-1.2973824739456177,0.8414983153343201,-1.764862060546875,1.8088386058807373
train,reid,12,30,1.4318512678146362,-1.5866978168487549,1.0565131902694702,1.7559397220611572,-1.1894621849060059,0.7393290996551514,-2.17958664894104,1.793456792831421
train,reid,12,40,1.4554495811462402,-1.6962862014770508,0.8577365875244141,2.0390331745147705,-1.0805118083953857,0.6336808204650879,-2.6018428802490234,1.7814631462097168
train,reid,12,50,1.4808415174484253,-1.8072307109832764,0.6551108360290527,2.326585292816162,-0.971028208732605,0.5249713063240051,-3.0304007530212402,1.7730213403701782
train,reid,12,60,1.5077900886535645,-1.9190787076950073,0.44902893900871277,2.6175966262817383,-0.8611039519309998,0.41345417499542236,-3.463926315307617,1.7678096294403076
train,reid,12,70,1.5363868474960327,-2.0318007469177246,0.24036063253879547,2.9116551876068115,-0.7513154745101929,0.2995450496673584,-3.901498317718506,1.7661662101745605
train,reid,12,80,1.5662789344787598,-2.144834280014038,0.029240626841783524,3.207670211791992,-0.6415220499038696,0.18339966237545013,-4.341818809509277,1.7675111293792725
train,reid,12,90,1.5975451469421387,-2.258179187774658,-0.1834259033203125,3.5052595138549805,-0.5322953462600708,0.06547363847494125,-4.783998489379883,1.7721260786056519
train,reid,12,100,1.630182147026062,-2.37166428565979,-0.3968500792980194,3.8037750720977783,-0.42409569025039673,-0.05381142720580101,-5.226920127868652,1.78016197681427
train,reid,13,0,1.4821897745132446,-1.5699613094329834,1.7295171022415161,1.51884925365448,-1.6277873516082764,1.068137764930725,-1.5593074560165405,2.1004929542541504
train,reid,13,10,1.5832217931747437,-1.7482712268829346,1.7405178546905518,1.8412115573883057,-1.692323923110962,1.0519167184829712,-1.9186280965805054,2.2652292251586914
train,reid,13,20,1.693799376487732,-1.9371411800384521,1.7584128379821777,2.1798741817474365,-1.7672908306121826,1.037233591079712,-2.293165445327759,2.4489989280700684
train,reid,13,30,1.8072141408920288,-2.1295714378356934,1.7703200578689575,2.5274322032928467,-1.840907335281372,1.0188326835632324,-2.680818796157837,2.63765811920166
train,reid,13,40,1.9217753410339355,-2.3232407569885254,1.7740775346755981,2.880580425262451,-1.9109452962875366,0.9958596229553223,-3.0787947177886963,2.82806134223938
train,reid,13,50,2.0361592769622803,-2.5162479877471924,1.7685532569885254,3.236353635787964,-1.9759775400161743,0.9679415225982666,-3.484203815460205,3.0178210735321045
train,reid,13,60,2.149401903152466,-2.7071995735168457,1.753162145614624,3.5924859046936035,-2.0350983142852783,0.9349184632301331,-3.894684076309204,3.2052161693573
train,reid,13,70,2.2605409622192383,-2.894897699356079,1.7272729873657227,3.9470813274383545,-2.087338924407959,0.8966331481933594,-4.308332920074463,3.3884472846984863
train,reid,13,80,2.369128704071045,-3.0786361694335938,1.6910922527313232,4.298782825469971,-2.132549524307251,0.8532577753067017,-4.7234697341918945,3.566775321960449
train,reid,13,90,2.4749419689178467,-3.258009195327759,1.6453027725219727,4.646556854248047,-2.170975685119629,0.8052170276641846,-5.13859224319458,3.7399168014526367
train,reid,13,100,2.577704906463623,-3.4326283931732178,1.59041166305542,4.989504337310791,-2.2027244567871094,0.7528195381164551,-5.552396297454834,3.9074416160583496
train,reid,14,0,1.3618555068969727,-1.2756109237670898,1.6939308643341064,1.0057132244110107,-1.5667532682418823,1.0156363248825073,-0.9517151117324829,1.913778305053711
train,reid,14,10,1.4613511562347412,-1.4477014541625977,1.7185604572296143,1.3082878589630127,-1.636513590812683,1.0104018449783325,-1.2859141826629639,2.074134111404419
train,reid,14,20,1.568142056465149,-1.6227221488952637,1.7599152326583862,1.6093378067016602,-1.7219412326812744,1.0112242698669434,-1.6092196702957153,2.252660036087036
train,reid,14,30,1.679540991783142,-1.8021295070648193,1.8012824058532715,1.9182918071746826,-1.8108655214309692,1.010671854019165,-1.9413018226623535,2.4403085708618164
train,reid,14,40,1.7961301803588867,-1.9872530698776245,1.8417226076126099,2.2379722595214844,-1.9030379056930542,1.0081629753112793,-2.285851001739502,2.637784481048584
train,reid,14,50,1.9181073904037476,-2.178452491760254,1.8809794187545776,2.569149971008301,-1.9984421730041504,1.0035070180892944,-2.643848419189453,2.8454020023345947
train,reid,14,60,2.0453240871429443,-2.3756120204925537,1.9183123111724854,2.9119274616241455,-2.0965752601623535,0.9963214993476868,-3.015752077102661,3.0628039836883545
train,reid,14,70,2.177581787109375,-2.5784921646118164,1.9531022310256958,3.266134262084961,-2.196976900100708,0.9863017797470093,-3.401651382446289,3.289586067199707
train,reid,14,80,2.314669132232666,-2.7867913246154785,1.9848384857177734,3.631450653076172,-2.2992594242095947,0.9731736779212952,-3.8013834953308105,3.525360584259033
train,reid,14,90,2.456167221069336,-3.000013828277588,2.0127103328704834,4.007322788238525,-2.4027109146118164,0.9565735459327698,-4.21468448638916,3.7692997455596924
train,reid,14,100,2.6013827323913574,-3.2173609733581543,2.035517930984497,4.3928117752075195,-2.5062217712402344,0.9359815120697021,-4.641034126281738,4.020013809204102
train,reid,15,0,1.351348876953125,-1.244551658630371,1.640642762184143,0.9462944269180298,-1.5215587615966797,1.004682183265686,-0.9277122616767883,1.8539570569992065
train,reid,15,10,1.4416375160217285,-1.4185070991516113,1.6203203201293945,1.270598292350769,-1.5574150085449219,0.9803009033203125,-1.3107906579971313,1.987699270248413
train,reid,15,20,1.5373746156692505,-1.5965330600738525,1.606590986251831,1.5997837781906128,-1.601119041442871,0.9577889442443848,-1.6958081722259521,2.13336443901062
train,reid,15,30,1.6347275972366333,-1.775062084197998,1.5897332429885864,1.9314024448394775,-1.6446174383163452,0.9327969551086426,-2.084733247756958,2.2825326919555664
train,reid,15,40,1.7334949970245361,-1.9537639617919922,1.5698217153549194,2.2648420333862305,-1.6878628730773926,0.905343234539032,-2.476766586303711,2.4349145889282227
train,reid,15,50,1.8332569599151611,-2.1321258544921875,1.5464948415756226,2.599339485168457,-1.7303860187530518,0.8753073215484619,-2.871189594268799,2.5897200107574463
train,reid,15,60,1.9341168403625488,-2.310133934020996,1.520683765411377,2.9344918727874756,-1.7728127241134644,0.843115508556366,-3.267038106918335,2.747316598892212
train,reid,15,70,2.0357532501220703,-2.487452268600464,1.4920986890792847,3.2698163986206055,-1.8147575855255127,0.8086913824081421,-3.6639039516448975,2.907069683074951
train,reid,15,80,2.13836407661438,-2.664149284362793,1.4619522094726562,3.6049435138702393,-1.857071876525879,0.7725890278816223,-4.060721397399902,3.069563150405884
train,reid,15,90,2.241692543029785,-2.8399524688720703,1.4301795959472656,3.9394047260284424,-1.8995370864868164,0.7348411679267883,-4.456993579864502,3.2343082427978516
train,reid,15,100,2.345712423324585,-3.0148074626922607,1.3972961902618408,4.272885799407959,-1.9424283504486084,0.6957268714904785,-4.852100849151611,3.40132999420166
train,reid,16,0,1.3340283632278442,-1.2112771272659302,1.6791950464248657,0.8329840302467346,-1.5239719152450562,1.0614670515060425,-0.798555314540863,1.8158173561096191
train,reid,16,10,1.3817607164382935,-1.3397070169448853,1.5788100957870483,1.1081770658493042,-1.4867626428604126,1.003395438194275,-1.1643881797790527,1.8618332147598267
train,reid,16,20,1.4307677745819092,-1.4700065851211548,1.4720070362091064,1.3896615505218506,-1.4468990564346313,0.9414536356925964,-1.5402723550796509,1.9095566272735596
train,reid,16,30,1.4819453954696655,-1.6027437448501587,1.3602185249328613,1.6779563426971436,-1.405957579612732,0.8759357929229736,-1.9258825778961182,1.9610595703125
train,reid,16,40,1.5351210832595825,-1.7375314235687256,1.2434227466583252,1.9723891019821167,-1.3638757467269897,0.8067828416824341,-2.3203935623168945,2.016117811203003
train,reid,16,50,1.5900219678878784,-1.8739006519317627,1.121681809425354,2.272096633911133,-1.3205437660217285,0.7340522408485413,-2.722752571105957,2.074319362640381
train,reid,16,60,1.646418571472168,-2.011488676071167,0.9950865507125854,2.576381206512451,-1.2758855819702148,0.6578237414360046,-3.132101058959961,2.135300397872925
train,reid,16,70,1.704269289970398,-2.150048017501831,0.8642757534980774,2.884528875350952,-1.2302656173706055,0.5784239172935486,-3.5472962856292725,2.1991443634033203
train,reid,16,80,1.7633674144744873,-2.2892637252807617,0.7294597625732422,3.195880889892578,-1.1836843490600586,0.4959947466850281,-3.967461585998535,2.2655439376831055
train,reid,16,90,1.8235208988189697,-2.4287853240966797,0.5909512042999268,3.509659767150879,-1.136199712753296,0.4107571244239807,-4.391575813293457,2.3342249393463135
train,reid,16,100,1.8845865726470947,-2.568321704864502,0.44913408160209656,3.8251681327819824,-1.0879555940628052,0.3229367733001709,-4.818647861480713,2.4050283432006836
train,reid,17,0,1.3383076190948486,-1.2254602909088135,1.718746542930603,0.909614086151123,-1.569386601448059,1.0276424884796143,-0.8256996870040894,1.8800400495529175
train,reid,17,10,1.4559483528137207,-1.4177000522613525,1.7774772644042969,1.2351926565170288,-1.6710795164108276,1.035539984703064,-1.1683893203735352,2.079780101776123
train,reid,17,20,1.581891417503357,-1.6137198209762573,1.8526501655578613,1.5607298612594604,-1.7891478538513184,1.0490766763687134,-1.5020499229431152,2.3000028133392334
train,reid,17,30,1.7125521898269653,-1.8123266696929932,1.9305980205535889,1.8896257877349854,-1.9127366542816162,1.0625286102294922,-1.8379749059677124,2.53084397315979
train,reid,17,40,1.8482805490493774,-2.0141894817352295,2.012019395828247,2.2228541374206543,-2.0423614978790283,1.0762845277786255,-2.176973819732666,2.772860527038574
train,reid,17,50,1.9890213012695312,-2.2195041179656982,2.096693277359009,2.560908555984497,-2.177781820297241,1.0902923345565796,-2.5197277069091797,3.02579402923584
train,reid,17,60,2.1347358226776123,-2.4282939434051514,2.18479061126709,2.903785467147827,-2.319054365158081,1.1046472787857056,-2.866119861602783,3.289567470550537
train,reid,17,70,2.285067319869995,-2.640368700027466,2.2755017280578613,3.2515110969543457,-2.465445041656494,1.119005560874939,-3.2165517807006836,3.5633351802825928
train,reid,17,80,2.4399845600128174,-2.8557682037353516,2.368739604949951,3.6042048931121826,-2.61688232421875,1.1333156824111938,-3.571178913116455,3.8470146656036377
train,reid,17,90,2.5990734100341797,-3.0741987228393555,2.4636571407318115,3.96171236038208,-2.772587776184082,1.1472142934799194,-3.930213689804077,4.139669895172119
train,reid,17,100,2.7619526386260986,-3.2953429222106934,2.5594403743743896,4.3238019943237305,-2.931837797164917,1.1603493690490723,-4.293773651123047,4.440458297729492
train,reid,18,0,1.3157809972763062,-1.2048285007476807,1.663977026939392,0.8729671239852905,-1.5132988691329956,1.025833010673523,-0.8278329968452454,1.8089152574539185
train,reid,18,10,1.4157532453536987,-1.3802062273025513,1.6877174377441406,1.1814899444580078,-1.5820519924163818,1.021774411201477,-1.1705223321914673,1.9698314666748047
train,reid,18,20,1.5200999975204468,-1.5562431812286377,1.7245553731918335,1.4862840175628662,-1.6622031927108765,1.0225613117218018,-1.5013842582702637,2.142702579498291
train,reid,18,30,1.62523353099823,-1.732387661933899,1.75920832157135,1.792426586151123,-1.741926670074463,1.0217154026031494,-1.8344995975494385,2.317291736602783
train,reid,18,40,1.7311339378356934,-1.9087176322937012,1.791301965713501,2.100215196609497,-1.8209855556488037,1.0190349817276,-2.170391321182251,2.493468761444092
train,reid,18,50,1.8377234935760498,-2.0850656032562256,1.8209271430969238,2.409332036972046,-1.8994097709655762,1.014531135559082,-2.5086045265197754,2.6711461544036865
train,reid,18,60,1.9447516202926636,-2.2610878944396973,1.8478703498840332,2.719251871109009,-1.9769434928894043,1.0080946683883667,-2.8486030101776123,2.8498687744140625
train,reid,18,70,2.052299737930298,-2.436818838119507,1.8725216388702393,3.0298829078674316,-2.0538833141326904,0.9998782277107239,-3.1900579929351807,3.0298757553100586
train,reid,18,80,2.1602532863616943,-2.6120688915252686,1.8950467109680176,3.3408186435699463,-2.130275249481201,0.9899545907974243,-3.5323877334594727,3.211016893386841
train,reid,18,90,2.268531084060669,-2.7867507934570312,1.915528655052185,3.651864528656006,-2.206118583679199,0.9783691763877869,-3.8753104209899902,3.3931612968444824
train,reid,18,100,2.3768718242645264,-2.9605259895324707,1.933820366859436,3.962453603744507,-2.2811710834503174,0.9650970697402954,-4.218254089355469,3.5758397579193115
train,reid,19,0,1.4254045486450195,-1.4917720556259155,1.653609275817871,1.401532769203186,-1.541757345199585,1.0485225915908813,-1.4706979990005493,1.968658208847046
train,reid,19,10,1.5265065431594849,-1.6654527187347412,1.6719032526016235,1.7116141319274902,-1.6102339029312134,1.0371737480163574,-1.8137263059616089,2.134051561355591
train,reid,19,20,1.6400541067123413,-1.8504287004470825,1.7051490545272827,2.036614179611206,-1.696157455444336,1.0301883220672607,-2.1657583713531494,2.3259663581848145
train,reid,19,30,1.759943962097168,-2.0414388179779053,1.7388570308685303,2.3728063106536865,-1.787039041519165,1.0215027332305908,-2.52988338470459,2.53066086769104
train,reid,19,40,1.8864827156066895,-2.2386696338653564,1.7737306356430054,2.7202296257019043,-1.8835108280181885,1.0114169120788574,-2.9057958126068115,2.748877763748169
train,reid,19,50,2.019906997680664,-2.442202568054199,1.810667634010315,3.0786361694335938,-1.9862678050994873,1.000360369682312,-3.2927801609039307,2.981259346008301
train,reid,19,60,2.1600353717803955,-2.6516788005828857,1.8497610092163086,3.4473326206207275,-2.095276355743408,0.9884119629859924,-3.6899876594543457,3.227576971054077
train,reid,19,70,2.3061957359313965,-2.866351842880249,1.8901172876358032,3.8253352642059326,-2.2095882892608643,0.9752559661865234,-4.0967254638671875,3.4865074157714844
train,reid,19,80,2.4580862522125244,-3.085784673690796,1.9315425157546997,4.211915016174316,-2.3289108276367188,0.9608596563339233,-4.512267112731934,3.7575173377990723
train,reid,19,90,2.614896059036255,-3.309048652648926,1.9731457233428955,4.605757713317871,-2.452214002609253,0.9449176788330078,-4.935524940490723,4.039017677307129
train,reid,19,100,2.7760181427001953,-3.53543758392334,2.0142595767974854,5.0058465003967285,-2.578725576400757,0.9272151589393616,-5.365667819976807,4.32982873916626
train,reid,20,0,1.3886524438858032,-1.278375506401062,1.6547894477844238,0.9503777027130127,-1.544310212135315,1.0372297763824463,-0.949930727481842,1.895380973815918
train,reid,20,10,1.4122415781021118,-1.388475775718689,1.4831485748291016,1.22066330909729,-1.4480600357055664,0.9499925374984741,-1.348233699798584,1.8816958665847778
train,reid,20,20,1.437059760093689,-1.4998726844787598,1.3035863637924194,1.4969757795333862,-1.3484262228012085,0.8578138947486877,-1.7568467855453491,1.869593858718872
train,reid,20,30,1.4639414548873901,-1.6130948066711426,1.1190799474716187,1.7790149450302124,-1.2477474212646484,0.762033998966217,-2.173895835876465,1.8612487316131592
train,reid,20,40,1.4924283027648926,-1.7275416851043701,0.9292923212051392,2.065840482711792,-1.1455419063568115,0.6625685691833496,-2.5984644889831543,1.8558189868927002
train,reid,20,50,1.5225334167480469,-1.8430535793304443,0.7349830269813538,2.356860876083374,-1.0422980785369873,0.5597591400146484,-3.0294442176818848,1.8535223007202148
train,reid,20,60,1.5539823770523071,-1.9591786861419678,0.5362546443939209,2.6512105464935303,-0.9379209280014038,0.45370614528656006,-3.465787649154663,1.853947401046753
train,reid,20,70,1.5863760709762573,-2.075375556945801,0.3329993188381195,2.9479589462280273,-0.8321031332015991,0.3444202244281769,-3.9064645767211914,1.85638427734375
train,reid,20,80,1.6196306943893433,-2.1913936138153076,0.1258297860622406,3.2463929653167725,-0.7251685261726379,0.23222368955612183,-4.350343227386475,1.8608450889587402
train,reid,20,90,1.6537964344024658,-2.307180643081665,-0.08444365859031677,3.546088695526123,-0.617628812789917,0.11750519275665283,-4.796512603759766,1.8675649166107178
train,reid,20,100,1.688326358795166,-2.422067880630493,-0.29824626445770264,3.845991849899292,-0.5088859796524048,0.00017665550694800913,-5.243995666503906,1.8755162954330444
train,reid,21,0,1.3484649658203125,-1.1982511281967163,1.657801866531372,0.8246070146560669,-1.5339398384094238,1.0204654932022095,-0.7844299077987671,1.848142385482788
train,reid,21,10,1.407735824584961,-1.341415286064148,1.5676956176757812,1.1216069459915161,-1.5091739892959595,0.9666047096252441,-1.171613097190857,1.9143836498260498
train,reid,21,20,1.4701584577560425,-1.4875001907348633,1.4754180908203125,1.4252270460128784,-1.4857016801834106,0.9102922677993774,-1.5668144226074219,1.9868838787078857
train,reid,21,30,1.5354876518249512,-1.6365699768066406,1.3797931671142578,1.7360637187957764,-1.462656021118164,0.850971519947052,-1.971287727355957,2.064931869506836
train,reid,21,40,1.6035852432250977,-1.7883025407791138,1.28110933303833,2.053420066833496,-1.4401466846466064,0.7887905836105347,-2.384065628051758,2.148395538330078
train,reid,21,50,1.6742980480194092,-1.9424028396606445,1.179587960243225,2.3766841888427734,-1.4182342290878296,0.7238556146621704,-2.804293155670166,2.237088680267334
train,reid,21,60,1.7474639415740967,-2.0985374450683594,1.0755329132080078,2.705129623413086,-1.397013545036316,0.6563398838043213,-3.2309670448303223,2.330827474594116
train,reid,21,70,1.8229926824569702,-2.2564265727996826,0.9694886207580566,3.038027048110962,-1.3767727613449097,0.5865120887756348,-3.6629512310028076,2.4295971393585205
train,reid,21,80,1.900550365447998,-2.4156012535095215,0.8614075183868408,3.3745477199554443,-1.357279896736145,0.5144057869911194,-4.099309921264648,2.532811164855957
train,reid,21,90,1.9800448417663574,-2.575812816619873,0.7517424821853638,3.7140440940856934,-1.3387571573257446,0.44026362895965576,-4.539069652557373,2.640421152114868
train,reid,21,100,2.0613651275634766,-2.736814022064209,0.6410161852836609,4.055847644805908,-1.3214409351348877,0.36438512802124023,-4.981203079223633,2.7523374557495117
train,reid,22,0,1.2393896579742432,-0.9847896695137024,1.6876952648162842,0.465718537569046,-1.5060616731643677,1.0100418329238892,-0.3239023685455322,1.6984009742736816
train,reid,22,10,1.3092175722122192,-1.1398481130599976,1.623425006866455,0.7728374600410461,-1.50261652469635,0.9685547351837158,-0.7108879685401917,1.7875601053237915
train,reid,22,20,1.3819245100021362,-1.2975244522094727,1.5569684505462646,1.0859246253967285,-1.5002299547195435,0.9247511625289917,-1.1052435636520386,1.8823072910308838
train,reid,22,30,1.4575040340423584,-1.4580321311950684,1.4879326820373535,1.405551791191101,-1.4986408948898315,0.8784394860267639,-1.5078078508377075,1.9825267791748047
train,reid,22,40,1.5358136892318726,-1.6210813522338867,1.416501522064209,1.7311115264892578,-1.4978880882263184,0.8297301530838013,-1.9177820682525635,2.08804988861084
train,reid,22,50,1.616700530052185,-1.786336898803711,1.3431143760681152,2.061821460723877,-1.4981567859649658,0.7788539528846741,-2.3340189456939697,2.1987342834472656
train,reid,22,60,1.7001084089279175,-1.9535223245620728,1.2683539390563965,2.3969337940216064,-1.4997844696044922,0.7260988354682922,-2.7553539276123047,2.314646005630493
train,reid,22,70,1.7858057022094727,-2.1222522258758545,1.1923688650131226,2.7356889247894287,-1.5027260780334473,0.6715742349624634,-3.1808297634124756,2.435436487197876
train,reid,22,80,1.8736552000045776,-2.292163133621216,1.1157456636428833,3.0771753787994385,-1.5072633028030396,0.6155936121940613,-3.6090965270996094,2.561018705368042
train,reid,22,90,1.9635881185531616,-2.46305251121521,1.038918375968933,3.4208407402038574,-1.5136293172836304,0.5583692789077759,-4.039287090301514,2.691380500793457
train,reid,22,100,2.055169105529785,-2.63432240486145,0.9617835879325867,3.7656302452087402,-1.5214848518371582,0.49995172023773193,-4.4702582359313965,2.8257412910461426
train,reid,23,0,1.3435553312301636,-1.277838945388794,1.7007369995117188,1.0124534368515015,-1.5493069887161255,1.0373610258102417,-0.9651365280151367,1.8737996816635132
train,reid,23,10,1.4364826679229736,-1.4507924318313599,1.6935348510742188,1.3294035196304321,-1.5956450700759888,1.018243432044983,-1.332485556602478,2.0170557498931885
train,reid,23,20,1.534665822982788,-1.6293537616729736,1.6845905780792236,1.6573286056518555,-1.644820213317871,0.9966897964477539,-1.7130060195922852,2.170135736465454
train,reid,23,30,1.6350706815719604,-1.8092402219772339,1.6696202754974365,1.9903335571289062,-1.6926895380020142,0.9707933664321899,-2.1018149852752686,2.327483892440796
train,reid,23,40,1.7376480102539062,-1.9905411005020142,1.6486883163452148,2.328558921813965,-1.7392206192016602,0.9406436681747437,-2.4990460872650146,2.4889848232269287
train,reid,23,50,1.8420993089675903,-2.1729049682617188,1.6216777563095093,2.6713969707489014,-1.7841495275497437,0.9062706232070923,-2.904073476791382,2.654106855392456
train,reid,23,60,1.9479846954345703,-2.355926990509033,1.5880508422851562,3.018343448638916,-1.8268659114837646,0.867500901222229,-3.3165714740753174,2.8219573497772217
train,reid,23,70,2.0547032356262207,-2.5389440059661865,1.547209620475769,3.36843204498291,-1.8666304349899292,0.8241655826568604,-3.7357287406921387,2.991363763809204
train,reid,23,80,2.161640167236328,-2.7212307453155518,1.4985194206237793,3.7206125259399414,-1.9026765823364258,0.7760765552520752,-4.1606645584106445,3.1611380577087402
train,reid,23,90,2.2683658599853516,-2.9022977352142334,1.4417425394058228,4.074089527130127,-1.9345853328704834,0.723210871219635,-4.590579509735107,3.330479145050049
train,reid,23,100,2.37435245513916,-3.0815491676330566,1.3765549659729004,4.427907466888428,-1.9618130922317505,0.6655324697494507,-5.024550914764404,3.498368263244629
train,reid,24,0,1.3933265209197998,-1.3393545150756836,1.752453327178955,1.02494478225708,-1.5912686586380005,1.1169161796569824,-0.9968843460083008,1.9306156635284424
train,reid,24,10,1.4320166110992432,-1.4553866386413574,1.639102816581726,1.2840545177459717,-1.5419448614120483,1.0519201755523682,-1.3487309217453003,1.9603649377822876
train,reid,24,20,1.4730294942855835,-1.5740188360214233,1.5207886695861816,1.5502893924713135,-1.4916480779647827,0.9833282232284546,-1.7106504440307617,1.9941736459732056
train,reid,24,30,1.516363501548767,-1.6953431367874146,1.3975368738174438,1.8238319158554077,-1.4403971433639526,0.9111039638519287,-2.0827713012695312,2.0320138931274414
train,reid,24,40,1.5620462894439697,-1.8192906379699707,1.2698169946670532,2.1043756008148193,-1.3885079622268677,0.8354472517967224,-2.4644644260406494,2.074052333831787
train,reid,24,50,1.6096999645233154,-1.9453215599060059,1.1373494863510132,2.391049861907959,-1.3355873823165894,0.7562923431396484,-2.8548789024353027,2.119596242904663
train,reid,24,60,1.6594148874282837,-2.073378324508667,1.0008116960525513,2.6834776401519775,-1.2821184396743774,0.6739339828491211,-3.2532100677490234,2.1689789295196533
train,reid,24,70,1.7107783555984497,-2.202944755554199,0.8600234985351562,2.98079252243042,-1.227734088897705,0.5883612632751465,-3.6585476398468018,2.221428394317627
train,reid,24,80,1.763500690460205,-2.333595037460327,0.7148087620735168,3.2822885513305664,-1.1721571683883667,0.4995405972003937,-4.0701775550842285,2.276427745819092
train,reid,24,90,1.8176543712615967,-2.4652721881866455,0.5660773515701294,3.587484836578369,-1.1159796714782715,0.40790894627571106,-4.487074375152588,2.3342854976654053
train,reid,24,100,1.8727601766586304,-2.5974042415618896,0.413417786359787,3.8954973220825195,-1.058646321296692,0.3133701682090759,-4.908447742462158,2.394061326980591
train,reid,25,0,1.244341254234314,-0.9944638013839722,1.6873407363891602,0.49968382716178894,-1.5155490636825562,0.9932008385658264,-0.35101962089538574,1.7224394083023071
train,reid,25,10,1.36174738407135,-1.1977481842041016,1.714359998703003,0.8559208512306213,-1.5958465337753296,0.9891645908355713,-0.7494451403617859,1.9117486476898193
train,reid,25,20,1.4911913871765137,-1.4115874767303467,1.7575905323028564,1.2249393463134766,-1.6941345930099487,0.9901600480079651,-1.1538010835647583,2.1268558502197266
train,reid,25,30,1.626753807067871,-1.6316686868667603,1.8014298677444458,1.6053563356399536,-1.7972662448883057,0.9895645380020142,-1.5703730583190918,2.3540267944335938
train,reid,25,40,1.7680587768554688,-1.8576395511627197,1.8452264070510864,1.9968031644821167,-1.9046170711517334,0.987129271030426,-1.999051570892334,2.592479705810547
train,reid,25,50,1.915196180343628,-2.089287519454956,1.8898378610610962,2.398533821105957,-2.0167877674102783,0.9832585453987122,-2.438549041748047,2.8426287174224854
train,reid,25,60,2.0675086975097656,-2.325752019882202,1.9344282150268555,2.8093457221984863,-2.1329007148742676,0.9776312708854675,-2.887878656387329,3.1032254695892334
train,reid,25,70,2.225158929824829,-2.5669190883636475,1.9802353382110596,3.228523015975952,-2.2538211345672607,0.9708248376846313,-3.3455750942230225,3.374858856201172
train,reid,25,80,2.387256145477295,-2.811666488647461,2.026052236557007,3.6545372009277344,-2.378303050994873,0.962372899055481,-3.8104705810546875,3.6557908058166504
train,reid,25,90,2.5540294647216797,-3.0598762035369873,2.0735409259796143,4.086484909057617,-2.5075056552886963,0.9530616402626038,-4.28068208694458,3.9468135833740234
train,reid,25,100,2.7242655754089355,-3.310178756713867,2.1208384037017822,4.522653102874756,-2.639571189880371,0.9421777725219727,-4.755177021026611,4.24546480178833
train,reid,26,0,1.2385838031768799,-0.9610909223556519,1.6547048091888428,0.41776567697525024,-1.4862184524536133,0.9962970018386841,-0.29170355200767517,1.6767630577087402
train,reid,26,10,1.291677474975586,-1.1075276136398315,1.5311943292617798,0.7338361144065857,-1.4366997480392456,0.9279724955558777,-0.7188097834587097,1.724090576171875
train,reid,26,20,1.3480595350265503,-1.258782148361206,1.4015312194824219,1.0615075826644897,-1.3859386444091797,0.8554528951644897,-1.1618741750717163,1.776684045791626
train,reid,26,30,1.4074503183364868,-1.4134776592254639,1.26731276512146,1.397693157196045,-1.3349155187606812,0.7793524265289307,-1.6163467168807983,1.8347012996673584
train,reid,26,40,1.4693851470947266,-1.5708093643188477,1.1282862424850464,1.7410624027252197,-1.283254623413086,0.6995493173599243,-2.080763578414917,1.8973757028579712
train,reid,26,50,1.5337239503860474,-1.7303526401519775,0.9849714040756226,2.0906355381011963,-1.2312111854553223,0.6163040399551392,-2.5537118911743164,1.9646334648132324
train,reid,26,60,1.6002594232559204,-1.891570806503296,0.8378860950469971,2.4452342987060547,-1.1790030002593994,0.5298784971237183,-3.033548355102539,2.036283016204834
train,reid,26,70,1.6687999963760376,-2.054049253463745,0.6874979138374329,2.8039135932922363,-1.1268056631088257,0.44053277373313904,-3.5189368724823,2.1121184825897217
train,reid,26,80,1.7389171123504639,-2.2171201705932617,0.5338560938835144,3.165435552597046,-1.0743913650512695,0.3483709990978241,-4.0084309577941895,2.191418170928955
train,reid,26,90,1.8106569051742554,-2.3805792331695557,0.3780263066291809,3.5289745330810547,-1.0224401950836182,0.25391778349876404,-4.500543117523193,2.274515390396118
train,reid,26,100,1.8833916187286377,-2.5436673164367676,0.21956998109817505,3.8933444023132324,-0.9702860116958618,0.15707926452159882,-4.994129657745361,2.360196113586426
train,reid,27,0,1.3498520851135254,-1.2624180316925049,1.7012321949005127,0.9825551509857178,-1.561363935470581,1.024063229560852,-0.9233618378639221,1.8918381929397583
train,reid,27,10,1.4897818565368652,-1.4777292013168335,1.80633544921875,1.3308154344558716,-1.7036951780319214,1.051674246788025,-1.26873779296875,2.137448787689209
train,reid,27,20,1.6537177562713623,-1.7184113264083862,1.9501044750213623,1.7099156379699707,-1.8844722509384155,1.093265414237976,-1.628840446472168,2.433387041091919
train,reid,27,30,1.8249154090881348,-1.9680761098861694,2.093101978302002,2.10598087310791,-2.0697906017303467,1.132528305053711,-2.0082881450653076,2.7428603172302246
train,reid,27,40,2.0024614334106445,-2.225306510925293,2.2341344356536865,2.51690411567688,-2.258450984954834,1.1690369844436646,-2.405287981033325,3.064272403717041
train,reid,27,50,2.1855309009552,-2.4889650344848633,2.3720386028289795,2.941102981567383,-2.4492955207824707,1.202347993850708,-2.8185977935791016,3.3960888385772705
train,reid,27,60,2.373673677444458,-2.758192777633667,2.5068047046661377,3.3770296573638916,-2.642101764678955,1.2325026988983154,-3.2464141845703125,3.7376763820648193
train,reid,27,70,2.56626033782959,-3.032120704650879,2.637742280960083,3.8234028816223145,-2.8360981941223145,1.2592517137527466,-3.687596082687378,4.087875843048096
train,reid,27,80,2.762794256210327,-3.309791326522827,2.765192747116089,4.278357028961182,-3.0312321186065674,1.2828195095062256,-4.139795303344727,4.446011066436768
train,reid,27,90,2.9626355171203613,-3.590299606323242,2.8886868953704834,4.740436553955078,-3.2268457412719727,1.3030915260314941,-4.601583003997803,4.8109283447265625
train,reid,27,100,3.164971351623535,-3.872518301010132,3.0078201293945312,5.207756042480469,-3.422208309173584,1.3200159072875977,-5.0709991455078125,5.1811747550964355
train,reid,28,0,1.0688148736953735,-0.6182938814163208,1.6568853855133057,-0.1602993756532669,-1.4172459840774536,0.9616745710372925,0.4202283024787903,1.427722692489624
train,reid,28,10,1.1373178958892822,-0.7835685610771179,1.5647779703140259,0.17483870685100555,-1.3931560516357422,0.9107338786125183,-0.017311057075858116,1.5026805400848389
train,reid,28,20,1.2095807790756226,-0.9532350897789001,1.4693270921707153,0.519563615322113,-1.3698147535324097,0.8569950461387634,-0.4672331213951111,1.5843377113342285
train,reid,28,30,1.2843886613845825,-1.1253886222839355,1.3694701194763184,0.8709483742713928,-1.3460279703140259,0.7998843193054199,-0.9264585971832275,1.670678734779358
train,reid,28,40,1.3615537881851196,-1.2995433807373047,1.2656350135803223,1.2279582023620605,-1.3219845294952393,0.7395912408828735,-1.3935251235961914,1.7615493535995483
train,reid,28,50,1.4406763315200806,-1.475079894065857,1.1577118635177612,1.5895342826843262,-1.2974120378494263,0.6760769486427307,-1.867209792137146,1.8562989234924316
train,reid,28,60,1.5214728116989136,-1.6514527797698975,1.0460149049758911,1.9545756578445435,-1.272351622581482,0.6095158457756042,-2.3460516929626465,1.9545531272888184
train,reid,28,70,1.6036187410354614,-1.828169822692871,0.930666446685791,2.322143793106079,-1.24669349193573,0.5400027632713318,-2.8288748264312744,2.0557990074157715
train,reid,28,80,1.6867554187774658,-2.004666566848755,0.8117284774780273,2.6912014484405518,-1.2202740907669067,0.46760618686676025,-3.3144235610961914,2.1594631671905518
train,reid,28,90,1.7706105709075928,-2.180471897125244,0.6895624995231628,3.0607452392578125,-1.1931489706039429,0.3925475776195526,-3.8013482093811035,2.265159845352173
train,reid,28,100,1.8548710346221924,-2.3551220893859863,0.5644029974937439,3.429840087890625,-1.1652723550796509,0.3149870038032532,-4.2884297370910645,2.372401714324951
train,reid,29,0,1.3255749940872192,-1.1961050033569336,1.7015528678894043,0.832057774066925,-1.54384183883667,1.0439825057983398,-0.7633248567581177,1.832718849182129
train,reid,29,10,1.4008561372756958,-1.3558011054992676,1.6453332901000977,1.1444998979568481,-1.5489495992660522,1.0047489404678345,-1.1516964435577393,1.9331490993499756
train,reid,29,20,1.480803370475769,-1.5206319093704224,1.5882025957107544,1.4668939113616943,-1.5569474697113037,0.9635629653930664,-1.551424264907837,2.042456865310669
train,reid,29,30,1.564051866531372,-1.6892709732055664,1.5269649028778076,1.7982299327850342,-1.5651427507400513,0.9189320802688599,-1.9628138542175293,2.1576931476593018
train,reid,29,40,1.6501059532165527,-1.8609886169433594,1.4612010717391968,2.1373746395111084,-1.5730178356170654,0.8706855773925781,-2.384726047515869,2.277977466583252
train,reid,29,50,1.7388365268707275,-2.0355029106140137,1.3910983800888062,2.4837491512298584,-1.5806355476379395,0.8189038634300232,-2.8163626194000244,2.403170347213745
train,reid,29,60,1.8296945095062256,-2.2120985984802246,1.31615149974823,2.836273431777954,-1.58737313747406,0.7634132504463196,-3.256711721420288,2.5322535037994385
train,reid,29,70,1.9222407341003418,-2.390131711959839,1.2361971139907837,3.19385027885437,-1.5928843021392822,0.7041900157928467,-3.7045674324035645,2.664470911026001
train,reid,29,80,2.0161819458007812,-2.569143295288086,1.1513738632202148,3.555590867996216,-1.5970864295959473,0.6413354873657227,-4.158813953399658,2.799362897872925
train,reid,29,90,2.1109790802001953,-2.7484560012817383,1.061219573020935,3.9204559326171875,-1.5993698835372925,0.574723482131958,-4.618493556976318,2.9359054565429688
train,reid,29,100,2.2064361572265625,-2.9276719093322754,0.9662655591964722,4.287497520446777,-1.5999414920806885,0.5046548247337341,-5.082237243652344,3.073894500732422
train,depablo_low_temp,30,0,1.331842303276062,-1.3528480529785156,1.6735258102416992,1.315598487854004,-1.5725576877593994,0.908971905708313,-1.2143850326538086,1.9992445707321167
train,depablo_low_temp,30,10,1.415625810623169,-1.5112923383712769,1.6511738300323486,1.6104570627212524,-1.6027073860168457,0.8880081176757812,-1.5692723989486694,2.122147560119629
train,depablo_low_temp,30,20,1.5119469165802002,-1.6806745529174805,1.648854374885559,1.916968822479248,-1.652920126914978,0.8748053312301636,-1.9276822805404663,2.2718403339385986
train,depablo_low_temp,30,30,1.6120316982269287,-1.8535648584365845,1.6444827318191528,2.2309627532958984,-1.7048454284667969,0.8592902421951294,-2.2952756881713867,2.4288740158081055
train,depablo_low_temp,30,40,1.715512752532959,-2.029358148574829,1.6379265785217285,2.551415205001831,-1.7582274675369263,0.8413988351821899,-2.670879602432251,2.592665433883667
train,depablo_low_temp,30,50,1.8221842050552368,-2.207639217376709,1.6294668912887573,2.877469301223755,-1.8131346702575684,0.8212795257568359,-3.0533323287963867,2.7629659175872803
train,depablo_low_temp,30,60,1.9316880702972412,-2.3877999782562256,1.619222640991211,3.207976818084717,-1.8694517612457275,0.7990214824676514,-3.4412147998809814,2.9392454624176025
train,depablo_low_temp,30,70,2.0438454151153564,-2.569528579711914,1.6074813604354858,3.5422563552856445,-1.9272491931915283,0.7747918963432312,-3.833585023880005,3.1212711334228516
train,depablo_low_temp,30,80,2.158189058303833,-2.752138614654541,1.59430992603302,3.8790481090545654,-1.9862968921661377,0.748675525188446,-4.228913307189941,3.308270215988159
train,depablo_low_temp,30,90,2.274442672729492,-2.935184955596924,1.5798912048339844,4.217459678649902,-2.046537399291992,0.7208205461502075,-4.626086711883545,3.4998133182525635
train,depablo_low_temp,30,100,2.3924169540405273,-3.1183619499206543,1.5646929740905762,4.556750774383545,-2.108128309249878,0.6914923787117004,-5.024001121520996,3.695662498474121
train,depablo_low_temp,31,0,1.470907211303711,-1.3704209327697754,2.110532760620117,1.228695034980774,-2.0042169094085693,0.9721826910972595,-0.7821345329284668,2.498018980026245
train,depablo_low_temp,31,10,1.597057580947876,-1.5562939643859863,2.214810848236084,1.518493890762329,-2.134769916534424,1.0121324062347412,-1.073688268661499,2.7202727794647217
train,depablo_low_temp,31,20,1.7468502521514893,-1.757804274559021,2.3760886192321777,1.8127772808074951,-2.3146471977233887,1.0768520832061768,-1.3427472114562988,2.997262716293335
train,depablo_low_temp,31,30,1.901414394378662,-1.9625091552734375,2.5395843982696533,2.112232208251953,-2.4995198249816895,1.1412155628204346,-1.6162512302398682,3.2846086025238037
train,depablo_low_temp,31,40,2.059164047241211,-2.1690914630889893,2.7015411853790283,2.416081428527832,-2.6861982345581055,1.2035088539123535,-1.8950486183166504,3.578803062438965
train,depablo_low_temp,31,50,2.2199580669403076,-2.377139091491699,2.8624820709228516,2.723343849182129,-2.874929666519165,1.2640266418457031,-2.177762746810913,3.879770040512085
train,depablo_low_temp,31,60,2.383993148803711,-2.5866708755493164,3.0235941410064697,3.033568859100342,-3.066561222076416,1.323313593864441,-2.4632515907287598,4.188133239746094
train,depablo_low_temp,31,70,2.5510337352752686,-2.797245740890503,3.1852669715881348,3.345787525177002,-3.261183261871338,1.3816190958023071,-2.750215530395508,4.503584384918213
train,depablo_low_temp,31,80,2.721219301223755,-3.0088162422180176,3.3485984802246094,3.6594347953796387,-3.459528923034668,1.439520239830017,-3.0374979972839355,4.826612949371338
train,depablo_low_temp,31,90,2.8947207927703857,-3.221372127532959,3.51475191116333,3.9739990234375,-3.662402629852295,1.497567892074585,-3.323927402496338,5.157755374908447
train,depablo_low_temp,31,100,3.071444272994995,-3.4346916675567627,3.684307098388672,4.288812160491943,-3.8700742721557617,1.5561326742172241,-3.6084983348846436,5.496974945068359
train,depablo_low_temp,32,0,1.5295624732971191,-1.5221582651138306,2.201375722885132,1.409091830253601,-2.0426080226898193,1.1086071729660034,-1.02180016040802,2.532935857772827
train,depablo_low_temp,32,10,1.6056978702545166,-1.662015676498413,2.207285165786743,1.6574466228485107,-2.0842838287353516,1.1056767702102661,-1.3110078573226929,2.6482760906219482
train,depablo_low_temp,32,20,1.690524935722351,-1.808797836303711,2.225111484527588,1.9134379625320435,-2.138967752456665,1.1070078611373901,-1.6031103134155273,2.7824034690856934
train,depablo_low_temp,32,30,1.7792720794677734,-1.9589790105819702,2.241370916366577,2.1765995025634766,-2.1958792209625244,1.1060278415679932,-1.9035866260528564,2.9244470596313477
train,depablo_low_temp,32,40,1.8713603019714355,-2.1118953227996826,2.2554001808166504,2.4460270404815674,-2.25429630279541,1.1024432182312012,-2.2116565704345703,3.073296546936035
train,depablo_low_temp,32,50,1.9663488864898682,-2.2669694423675537,2.2670271396636963,2.720747232437134,-2.3138513565063477,1.0962331295013428,-2.5262603759765625,3.228154182434082
train,depablo_low_temp,32,60,2.0640480518341064,-2.4238998889923096,2.276512861251831,3.0001111030578613,-2.3745877742767334,1.0875535011291504,-2.846505880355835,3.3887574672698975
train,depablo_low_temp,32,70,2.1639785766601562,-2.582134962081909,2.283596992492676,3.2832250595092773,-2.4360551834106445,1.0763450860977173,-3.1714680194854736,3.5542032718658447
train,depablo_low_temp,32,80,2.2657439708709717,-2.741177797317505,2.2882637977600098,3.56919527053833,-2.497987747192383,1.0626839399337769,-3.5001251697540283,3.7237837314605713
train,depablo_low_temp,32,90,2.369276523590088,-2.9007718563079834,2.2912440299987793,3.857231616973877,-2.560776472091675,1.0469688177108765,-3.8312268257141113,3.897528648376465
train,depablo_low_temp,32,100,2.474322557449341,-3.0606255531311035,2.2927305698394775,4.14673376083374,-2.6243691444396973,1.029333472251892,-4.163960933685303,4.074997425079346
train,depablo_low_temp,33,0,1.1192017793655396,-0.8110787868499756,1.677034854888916,0.30925798416137695,-1.4636098146438599,0.9084951877593994,-0.06487154215574265,1.5697814226150513
train,depablo_low_temp,33,10,1.1470245122909546,-0.9411985874176025,1.4707494974136353,0.6283937692642212,-1.3469035625457764,0.8059611320495605,-0.5405504107475281,1.5516602993011475
train,depablo_low_temp,33,20,1.176448941230774,-1.0731964111328125,1.2565290927886963,0.9546380043029785,-1.2270867824554443,0.6982985734939575,-1.0276943445205688,1.535800814628601
train,depablo_low_temp,33,30,1.2090157270431519,-1.2085981369018555,1.0385645627975464,1.2889641523361206,-1.1075443029403687,0.5874749422073364,-1.525408387184143,1.5256634950637817
train,depablo_low_temp,33,40,1.2443230152130127,-1.3468706607818604,0.8165759444236755,1.6305298805236816,-0.9878748059272766,0.47341176867485046,-2.0328407287597656,1.5205354690551758
train,depablo_low_temp,33,50,1.282335638999939,-1.4877490997314453,0.5912522673606873,1.9785749912261963,-0.8684971332550049,0.35643598437309265,-2.5487377643585205,1.520548939704895
train,depablo_low_temp,33,60,1.3225709199905396,-1.6305317878723145,0.3622422218322754,2.331989288330078,-0.7489336133003235,0.2364218533039093,-3.0719635486602783,1.5248513221740723
train,depablo_low_temp,33,70,1.3648467063903809,-1.7748005390167236,0.1299908310174942,2.689835786819458,-0.6293697357177734,0.1135949045419693,-3.601179361343384,1.5332775115966797
train,depablo_low_temp,33,80,1.4087140560150146,-1.9199572801589966,-0.1057891845703125,3.051151752471924,-0.5093652606010437,-0.01211716141551733,-4.135408878326416,1.5450067520141602
train,depablo_low_temp,33,90,1.4540694952011108,-2.0656206607818604,-0.3443685472011566,3.4149506092071533,-0.389323890209198,-0.1403614580631256,-4.673120021820068,1.560063362121582
train,depablo_low_temp,33,100,1.5003501176834106,-2.2111237049102783,-0.5862867832183838,3.780242919921875,-0.2685738801956177,-0.27130284905433655,-5.213441371917725,1.5773608684539795
train,depablo_low_temp,34,0,1.4306671619415283,-1.3617539405822754,1.9634320735931396,1.256804347038269,-1.8676021099090576,0.9393929243087769,-0.9153088331222534,2.347846031188965
train,depablo_low_temp,34,10,1.5410406589508057,-1.5312155485153198,2.0369460582733154,1.5312920808792114,-1.9707229137420654,0.964353621006012,-1.202064037322998,2.536594867706299
train,depablo_low_temp,34,20,1.6670215129852295,-1.7124974727630615,2.1432182788848877,1.8136471509933472,-2.1032629013061523,1.003402590751648,-1.4820866584777832,2.760120391845703
train,depablo_low_temp,34,30,1.7969595193862915,-1.8976635932922363,2.2473857402801514,2.1041464805603027,-2.237529993057251,1.0402171611785889,-1.7721972465515137,2.9912807941436768
train,depablo_low_temp,34,40,1.930845856666565,-2.0863728523254395,2.350041627883911,2.4019343852996826,-2.3739140033721924,1.0750718116760254,-2.071104049682617,3.230269432067871
train,depablo_low_temp,34,50,2.0686233043670654,-2.278484582901001,2.4513027667999268,2.706732749938965,-2.512483596801758,1.107979416847229,-2.378363609313965,3.4770658016204834
train,depablo_low_temp,34,60,2.209958076477051,-2.4733474254608154,2.551260471343994,3.0173230171203613,-2.6531219482421875,1.1390341520309448,-2.6925230026245117,3.7311930656433105
train,depablo_low_temp,34,70,2.354865074157715,-2.6708219051361084,2.6504950523376465,3.333224296569824,-2.796220541000366,1.1684726476669312,-3.0126805305480957,3.9928441047668457
train,depablo_low_temp,34,80,2.5030508041381836,-2.8703806400299072,2.7491092681884766,3.65343976020813,-2.941676139831543,1.1963987350463867,-3.3376383781433105,4.261586666107178
train,depablo_low_temp,34,90,2.6541686058044434,-3.0715320110321045,2.8471014499664307,3.977076530456543,-3.089287519454956,1.2228598594665527,-3.6663460731506348,4.536835193634033
train,depablo_low_temp,34,100,2.807914972305298,-3.2738301753997803,2.9444518089294434,4.3033342361450195,-3.2388734817504883,1.247883915901184,-3.9978740215301514,4.818094253540039
train,depablo_low_temp,35,0,1.402653455734253,-1.5085009336471558,1.7512717247009277,1.4839445352554321,-1.6007318496704102,1.055099368095398,-1.4697800874710083,2.0172600746154785
train,depablo_low_temp,35,10,1.4256254434585571,-1.6076875925064087,1.5997071266174316,1.7279434204101562,-1.5186940431594849,0.974242091178894,-1.8243526220321655,2.0111148357391357
train,depablo_low_temp,35,20,1.4502017498016357,-1.7091846466064453,1.4413787126541138,1.9793163537979126,-1.4341646432876587,0.8889312148094177,-2.1900806427001953,2.0073676109313965
train,depablo_low_temp,35,30,1.4762089252471924,-1.8128023147583008,1.275707483291626,2.237980365753174,-1.3467316627502441,0.7988315224647522,-2.5670955181121826,2.0056400299072266
train,depablo_low_temp,35,40,1.5032349824905396,-1.9181491136550903,1.1020452976226807,2.503516435623169,-1.2557576894760132,0.7036658525466919,-2.9551937580108643,2.0050768852233887
train,depablo_low_temp,35,50,1.5313998460769653,-2.0251975059509277,0.9210978746414185,2.775585412979126,-1.1617553234100342,0.6037503480911255,-3.353616952896118,2.006070613861084
train,depablo_low_temp,35,60,1.5602778196334839,-2.133507251739502,0.7323267459869385,3.0536208152770996,-1.0641463994979858,0.4988749325275421,-3.7619469165802,2.0077731609344482
train,depablo_low_temp,35,70,1.5897159576416016,-2.242753505706787,0.5360811948776245,3.3368942737579346,-0.9630530476570129,0.38923442363739014,-4.179161071777344,2.01000714302063
train,depablo_low_temp,35,80,1.6197466850280762,-2.352917194366455,0.33281534910202026,3.6251888275146484,-0.8587691783905029,0.2750431299209595,-4.604764461517334,2.0129284858703613
train,depablo_low_temp,35,90,1.6501426696777344,-2.4636483192443848,0.12262217700481415,3.917832851409912,-0.7512134313583374,0.15638262033462524,-5.037929534912109,2.0161619186401367
train,depablo_low_temp,35,100,1.6805860996246338,-2.5745296478271484,-0.09455718845129013,4.2140913009643555,-0.640146017074585,0.03329804539680481,-5.477848052978516,2.0191407203674316
train,depablo_low_temp,36,0,1.1981345415115356,-0.9053505659103394,1.8177927732467651,0.49205511808395386,-1.6527938842773438,0.8714504241943359,-0.1067066565155983,1.883150339126587
train,depablo_low_temp,36,10,1.3004659414291382,-1.0870087146759033,1.8248050212860107,0.8148589134216309,-1.7088220119476318,0.8664757013320923,-0.48435214161872864,2.038564920425415
train,depablo_low_temp,36,20,1.4124966859817505,-1.2765741348266602,1.8456605672836304,1.1465575695037842,-1.77968168258667,0.8662718534469604,-0.8650767803192139,2.2149195671081543
train,depablo_low_temp,36,30,1.5285040140151978,-1.4691987037658691,1.8666791915893555,1.4841480255126953,-1.8538856506347656,0.8645378947257996,-1.2517504692077637,2.399723768234253
train,depablo_low_temp,36,40,1.6480814218521118,-1.6642422676086426,1.887992024421692,1.8264175653457642,-1.9312787055969238,0.861402690410614,-1.6428897380828857,2.59234881401062
train,depablo_low_temp,36,50,1.77132248878479,-1.8615816831588745,1.9107871055603027,2.1726510524749756,-2.0126402378082275,0.8574391603469849,-2.037055730819702,2.7932212352752686
train,depablo_low_temp,36,60,1.8979458808898926,-2.060683012008667,1.9355487823486328,2.521679401397705,-2.0980966091156006,0.8529373407363892,-2.4326517581939697,3.0019805431365967
train,depablo_low_temp,36,70,2.027789354324341,-2.2611920833587646,1.9628320932388306,2.872633934020996,-2.1878879070281982,0.8481950759887695,-2.828378677368164,3.2184720039367676
train,depablo_low_temp,36,80,2.16054105758667,-2.4626331329345703,1.9929099082946777,3.22452974319458,-2.2819747924804688,0.8434270620346069,-3.222982406616211,3.442199468612671
train,depablo_low_temp,36,90,2.296200752258301,-2.664818525314331,2.0268023014068604,3.5765931606292725,-2.380962610244751,0.8391539454460144,-3.6150577068328857,3.6733624935150146
train,depablo_low_temp,36,100,2.4343624114990234,-2.8672077655792236,2.0644729137420654,3.927855968475342,-2.4845638275146484,0.8354531526565552,-4.003528118133545,3.9112234115600586
train,depablo_low_temp,37,0,1.2718181610107422,-1.0325069427490234,1.6887856721878052,0.8490791320800781,-1.6700412034988403,0.6905597448348999,-0.48948949575424194,2.0940651893615723
train,depablo_low_temp,37,10,1.4215623140335083,-1.243924617767334,1.833579421043396,1.1681398153305054,-1.837648868560791,0.7483499646186829,-0.7966597676277161,2.3613572120666504
train,depablo_low_temp,37,20,1.5952006578445435,-1.4753162860870361,2.0317587852478027,1.5012168884277344,-2.0516650676727295,0.8297564387321472,-1.094359040260315,2.681381940841675
train,depablo_low_temp,37,30,1.7712700366973877,-1.7094348669052124,2.2256112098693848,1.8413034677505493,-2.2651023864746094,0.9080415964126587,-1.4017870426177979,3.005798101425171
train,depablo_low_temp,37,40,1.948534369468689,-1.9445242881774902,2.4134724140167236,2.185936212539673,-2.4763479232788086,0.9824139475822449,-1.7168020009994507,3.332343339920044
train,depablo_low_temp,37,50,2.1265876293182373,-2.179858684539795,2.5952157974243164,2.5338640213012695,-2.6851253509521484,1.052832007408142,-2.0379908084869385,3.660378932952881
train,depablo_low_temp,37,60,2.3055150508880615,-2.415252685546875,2.772027015686035,2.884260892868042,-2.8922297954559326,1.1198418140411377,-2.3637726306915283,3.990349769592285
train,depablo_low_temp,37,70,2.485018730163574,-2.6501128673553467,2.94431209564209,3.2358832359313965,-3.0977368354797363,1.1836971044540405,-2.6925108432769775,4.321874618530273
train,depablo_low_temp,37,80,2.6648714542388916,-2.8839945793151855,3.1125595569610596,3.587714195251465,-3.3018016815185547,1.2446930408477783,-3.022796630859375,4.654661178588867
train,depablo_low_temp,37,90,2.8450276851654053,-3.116680145263672,3.2775375843048096,3.9390392303466797,-3.5048630237579346,1.30321204662323,-3.3534035682678223,4.988805770874023
train,depablo_low_temp,37,100,3.0254030227661133,-3.3478808403015137,3.4400343894958496,4.2889909744262695,-3.7073326110839844,1.359695315361023,-3.6829707622528076,5.324325084686279
train,depablo_low_temp,38,0,1.1238375902175903,-0.7374057769775391,1.8174623250961304,0.17215539515018463,-1.601560115814209,0.8912981152534485,0.24212709069252014,1.7131685018539429
train,depablo_low_temp,38,10,1.2156462669372559,-0.9185432195663452,1.7818140983581543,0.5109936594963074,-1.6248691082000732,0.8674687147140503,-0.17561069130897522,1.8401323556900024
train,depablo_low_temp,38,20,1.316400170326233,-1.107819676399231,1.7589118480682373,0.8594474792480469,-1.661574125289917,0.8483957648277283,-0.5980820655822754,1.9859814643859863
train,depablo_low_temp,38,30,1.4194633960723877,-1.2996970415115356,1.7310415506362915,1.2149901390075684,-1.6972864866256714,0.8257614970207214,-1.0306377410888672,2.1358742713928223
train,depablo_low_temp,38,40,1.5241944789886475,-1.4931349754333496,1.6977431774139404,1.575963020324707,-1.7314170598983765,0.7993465662002563,-1.4715063571929932,2.2887327671051025
train,depablo_low_temp,38,50,1.6306902170181274,-1.687918782234192,1.6601083278656006,1.941536784172058,-1.7647216320037842,0.7696367502212524,-1.9191447496414185,2.445032835006714
train,depablo_low_temp,38,60,1.7384746074676514,-1.883274793624878,1.6180672645568848,2.310351610183716,-1.7968987226486206,0.736645519733429,-2.3719892501831055,2.6039936542510986
train,depablo_low_temp,38,70,1.8473469018936157,-2.0787179470062256,1.5722033977508545,2.6812896728515625,-1.8281970024108887,0.700682520866394,-2.828441858291626,2.7654337882995605
train,depablo_low_temp,38,80,1.9572951793670654,-2.2739362716674805,1.5236035585403442,3.053330898284912,-1.859276294708252,0.6622921228408813,-3.2867767810821533,2.929595947265625
train,depablo_low_temp,38,90,2.0680806636810303,-2.468484401702881,1.4726598262786865,3.4255051612854004,-1.8902310132980347,0.6217091679573059,-3.7456767559051514,3.096167802810669
train,depablo_low_temp,38,100,2.1793761253356934,-2.6618123054504395,1.4196741580963135,3.796685218811035,-1.9210453033447266,0.5791482925415039,-4.203693866729736,3.264655113220215
train,depablo_low_temp,39,0,1.1525278091430664,-0.8776713013648987,1.773038387298584,0.40669316053390503,-1.554580807685852,0.9385813474655151,-0.10141658037900925,1.7044461965560913
train,depablo_low_temp,39,10,1.2147209644317627,-1.0304536819458008,1.6748641729354858,0.7220567464828491,-1.5243232250213623,0.8844393491744995,-0.5185510516166687,1.7700910568237305
train,depablo_low_temp,39,20,1.2809252738952637,-1.1872588396072388,1.5752344131469727,1.0456674098968506,-1.4962278604507446,0.8281722068786621,-0.9453666806221008,1.843414545059204
train,depablo_low_temp,39,30,1.3498425483703613,-1.3466672897338867,1.4721726179122925,1.375796914100647,-1.4683724641799927,0.7689296007156372,-1.3807412385940552,1.9218612909317017
train,depablo_low_temp,39,40,1.421246886253357,-1.5082825422286987,1.3659203052520752,1.7116212844848633,-1.4407788515090942,0.7068718075752258,-1.823590874671936,2.0051279067993164
train,depablo_low_temp,39,50,1.494907021522522,-1.6716872453689575,1.2567152976989746,2.0522964000701904,-1.4134613275527954,0.6421448588371277,-2.272798776626587,2.092902183532715
train,depablo_low_temp,39,60,1.57072913646698,-1.8365261554718018,1.1452702283859253,2.3968825340270996,-1.3868085145950317,0.5751115083694458,-2.7269153594970703,2.185204029083252
train,depablo_low_temp,39,70,1.6484867334365845,-2.0024070739746094,1.0317933559417725,2.74458384513855,-1.3608167171478271,0.5059085488319397,-3.1849052906036377,2.281712055206299
train,depablo_low_temp,39,80,1.7279064655303955,-2.168884515762329,0.9165298342704773,3.094491481781006,-1.335471749305725,0.4347013831138611,-3.645587205886841,2.3820149898529053
train,depablo_low_temp,39,90,1.8089271783828735,-2.3357064723968506,0.8001655340194702,3.4458560943603516,-1.311147689819336,0.3618547320365906,-4.107760906219482,2.4861624240875244
train,depablo_low_temp,39,100,1.8912802934646606,-2.5024619102478027,0.6828523278236389,3.7978694438934326,-1.287771224975586,0.2874949276447296,-4.570417404174805,2.593721389770508
train,depablo_low_temp,40,0,1.3031322956085205,-1.2371869087219238,1.8227134943008423,1.0106496810913086,-1.62876558303833,1.0220407247543335,-0.8258169889450073,1.9252336025238037
train,depablo_low_temp,40,10,1.3651700019836426,-1.3773988485336304,1.7537568807601929,1.2930278778076172,-1.6187100410461426,0.9787314534187317,-1.186381220817566,2.001856565475464
train,depablo_low_temp,40,20,1.4307466745376587,-1.5210871696472168,1.685032844543457,1.5819103717803955,-1.6114163398742676,0.9344215393066406,-1.5538365840911865,2.0855331420898438
train,depablo_low_temp,40,30,1.4984030723571777,-1.6673802137374878,1.6115366220474243,1.877838373184204,-1.6030369997024536,0.8866960406303406,-1.9311635494232178,2.1726813316345215
train,depablo_low_temp,40,40,1.56813645362854,-1.8159639835357666,1.5338499546051025,2.1800076961517334,-1.5939629077911377,0.835808515548706,-2.3171281814575195,2.2634944915771484
train,depablo_low_temp,40,50,1.6397985219955444,-1.9665254354476929,1.4522581100463867,2.4877407550811768,-1.584285855293274,0.7819202542304993,-2.710789680480957,2.3578073978424072
train,depablo_low_temp,40,60,1.7133426666259766,-2.1187596321105957,1.3674306869506836,2.8002068996429443,-1.5743999481201172,0.7253599166870117,-3.110847234725952,2.4557178020477295
train,depablo_low_temp,40,70,1.7885900735855103,-2.272322177886963,1.2796845436096191,3.1166458129882812,-1.564390778541565,0.6663229465484619,-3.5162649154663086,2.5570011138916016
train,depablo_low_temp,40,80,1.865564227104187,-2.4270031452178955,1.1898415088653564,3.436326503753662,-1.5547789335250854,0.6052138805389404,-3.9257922172546387,2.6618943214416504
train,depablo_low_temp,40,90,1.944051742553711,-2.5824315547943115,1.0981700420379639,3.7584681510925293,-1.5455875396728516,0.5422219038009644,-4.338406562805176,2.770085334777832
train,depablo_low_temp,40,100,2.023813247680664,-2.738217353820801,1.004736304283142,4.082313537597656,-1.536716341972351,0.4774274230003357,-4.7532172203063965,2.881193161010742
train,depablo_low_temp,41,0,1.2701435089111328,-1.2046635150909424,1.7498254776000977,0.9519057273864746,-1.5467325448989868,1.0260086059570312,-0.8277312517166138,1.8085278272628784
train,depablo_low_temp,41,10,1.2870502471923828,-1.3084821701049805,1.565456509590149,1.2156473398208618,-1.438420057296753,0.9343618154525757,-1.2259690761566162,1.780396580696106
train,depablo_low_temp,41,20,1.3056169748306274,-1.414177417755127,1.3750019073486328,1.4856401681900024,-1.3280357122421265,0.838736891746521,-1.6339102983474731,1.7549608945846558
train,depablo_low_temp,41,30,1.3265131711959839,-1.5222440958023071,1.1800131797790527,1.7621753215789795,-1.216982364654541,0.7396888136863708,-2.051020622253418,1.7337719202041626
train,depablo_low_temp,41,40,1.3497267961502075,-1.632442593574524,0.9809678792953491,2.0446269512176514,-1.1055715084075928,0.637432336807251,-2.476321220397949,1.716981053352356
train,depablo_low_temp,41,50,1.3751320838928223,-1.74442720413208,0.7784562706947327,2.332118511199951,-0.9940961003303528,0.5322761535644531,-2.9084930419921875,1.7045246362686157
train,depablo_low_temp,41,60,1.4027178287506104,-1.8579964637756348,0.5729231238365173,2.6241109371185303,-0.8828395009040833,0.4244246482849121,-3.346676826477051,1.6965274810791016
train,depablo_low_temp,41,70,1.4322261810302734,-1.972724199295044,0.3645469844341278,2.9197518825531006,-0.7717584371566772,0.3140108287334442,-3.7897982597351074,1.692603349685669
train,depablo_low_temp,41,80,1.4636317491531372,-2.0883705615997314,0.15399910509586334,3.2183241844177246,-0.6612514853477478,0.2013767808675766,-4.236699104309082,1.6928805112838745
train,depablo_low_temp,41,90,1.496811032295227,-2.204662561416626,-0.05822676047682762,3.5191168785095215,-0.5515420436859131,0.08679436892271042,-4.686310291290283,1.697253942489624
train,depablo_low_temp,41,100,1.5314936637878418,-2.3211987018585205,-0.2721278667449951,3.821396589279175,-0.44245991110801697,-0.029669374227523804,-5.137807369232178,1.7052626609802246
train,depablo_low_temp,42,0,1.2220497131347656,-0.7930213212966919,1.9784750938415527,0.29117318987846375,-1.8415786027908325,0.8122080564498901,0.3136851191520691,2.0963082313537598
train,depablo_low_temp,42,10,1.3821349143981934,-1.018022894859314,2.1379661560058594,0.6271443367004395,-2.0226054191589355,0.878638505935669,-0.009165399707853794,2.3819050788879395
train,depablo_low_temp,42,20,1.5779221057891846,-1.2711856365203857,2.377131938934326,0.9807212948799133,-2.2734413146972656,0.9797894358634949,-0.3141280710697174,2.746918201446533
train,depablo_low_temp,42,30,1.779478669166565,-1.5290749073028564,2.6195967197418213,1.3417576551437378,-2.530486583709717,1.0809577703475952,-0.6256065368652344,3.1239912509918213
train,depablo_low_temp,42,40,1.984266996383667,-1.7891322374343872,2.8606014251708984,1.7076623439788818,-2.789426803588867,1.1800191402435303,-0.9427754878997803,3.5078721046447754
train,depablo_low_temp,42,50,2.1915016174316406,-2.0503902435302734,3.0994579792022705,2.0769989490509033,-3.0494022369384766,1.2766976356506348,-1.264237403869629,3.8971004486083984
train,depablo_low_temp,42,60,2.400752067565918,-2.3120596408843994,3.3365964889526367,2.4481775760650635,-3.3104472160339355,1.3712328672409058,-1.5878868103027344,4.29109001159668
train,depablo_low_temp,42,70,2.611403703689575,-2.573367118835449,3.5717499256134033,2.8199148178100586,-3.5720298290252686,1.4635837078094482,-1.9123482704162598,4.688723564147949
train,depablo_low_temp,42,80,2.823007822036743,-2.833714008331299,3.8049449920654297,3.1911160945892334,-3.833892822265625,1.5538263320922852,-2.236320972442627,5.089226245880127
train,depablo_low_temp,42,90,3.035295248031616,-3.0926413536071777,4.036743640899658,3.5607218742370605,-4.096210479736328,1.6422843933105469,-2.558281421661377,5.492252826690674
train,depablo_low_temp,42,100,3.2477540969848633,-3.3494820594787598,4.267088890075684,3.9275412559509277,-4.358621120452881,1.7290328741073608,-2.8768904209136963,5.89687967300415
train,depablo_low_temp,43,0,1.2643046379089355,-1.0983426570892334,1.7851353883743286,0.8417589068412781,-1.646180510520935,0.8910596966743469,-0.5526486039161682,1.9645929336547852
train,depablo_low_temp,43,10,1.3776623010635376,-1.2861562967300415,1.8276305198669434,1.1613421440124512,-1.7311311960220337,0.9015381932258606,-0.9081411957740784,2.1493544578552246
train,depablo_low_temp,43,20,1.5006200075149536,-1.4809870719909668,1.8854646682739258,1.4875816106796265,-1.8318034410476685,0.9175783395767212,-1.2634491920471191,2.3554186820983887
train,depablo_low_temp,43,30,1.6274892091751099,-1.6797922849655151,1.9404675960540771,1.822532057762146,-1.9338300228118896,0.9308340549468994,-1.6296969652175903,2.5690462589263916
train,depablo_low_temp,43,40,1.7585244178771973,-1.8825554847717285,1.9938457012176514,2.1656622886657715,-2.0381128787994385,0.9418721199035645,-2.005674123764038,2.791011333465576
train,depablo_low_temp,43,50,1.893479824066162,-2.088848352432251,2.0456161499023438,2.516188621520996,-2.144536256790161,0.95073401927948,-2.3904552459716797,3.0209572315216064
train,depablo_low_temp,43,60,2.032536029815674,-2.298583984375,2.0968616008758545,2.873509168624878,-2.253894090652466,0.9579086303710938,-2.782783269882202,3.2595040798187256
train,depablo_low_temp,43,70,2.1754848957061768,-2.511255979537964,2.1478796005249023,3.2365736961364746,-2.3662538528442383,0.9635985493659973,-3.181328773498535,3.506422281265259
train,depablo_low_temp,43,80,2.3224196434020996,-2.7267589569091797,2.19950270652771,3.6048390865325928,-2.4822006225585938,0.9681881070137024,-3.585028886795044,3.762108564376831
train,depablo_low_temp,43,90,2.4734106063842773,-2.9449079036712646,2.252580165863037,3.977606773376465,-2.6023049354553223,0.9720999002456665,-3.9926719665527344,4.026927471160889
train,depablo_low_temp,43,100,2.628354787826538,-3.165321111679077,2.3076260089874268,4.353961944580078,-2.7268245220184326,0.9756245613098145,-4.402973175048828,4.30085563659668
train,depablo_low_temp,44,0,1.0841799974441528,-0.6960278153419495,1.6453622579574585,0.14820106327533722,-1.4596689939498901,0.8294687271118164,0.15503177046775818,1.5572421550750732
train,depablo_low_temp,44,10,1.1351419687271118,-0.8510336875915527,1.4866142272949219,0.4913403391838074,-1.3835315704345703,0.7499806880950928,-0.3275942802429199,1.5849090814590454
train,depablo_low_temp,44,20,1.1896615028381348,-1.010602355003357,1.3239552974700928,0.8446539640426636,-1.3076173067092896,0.6674482822418213,-0.8235034942626953,1.6186599731445312
train,depablo_low_temp,44,30,1.2466366291046143,-1.1727654933929443,1.156916856765747,1.2048358917236328,-1.2311835289001465,0.5815720558166504,-1.328880786895752,1.656859040260315
train,depablo_low_temp,44,40,1.3058490753173828,-1.3370323181152344,0.9857577085494995,1.570913314819336,-1.1543056964874268,0.492453932762146,-1.8424094915390015,1.6992768049240112
train,depablo_low_temp,44,50,1.3669233322143555,-1.50272798538208,0.8106243014335632,1.9416171312332153,-1.076880693435669,0.4001938998699188,-2.362513303756714,1.7453765869140625
train,depablo_low_temp,44,60,1.4297176599502563,-1.6694295406341553,0.6322115063667297,2.3159031867980957,-0.9992699027061462,0.3051307201385498,-2.887600898742676,1.795116662979126
train,depablo_low_temp,44,70,1.4940201044082642,-1.8366813659667969,0.4509892463684082,2.6927614212036133,-0.9216511249542236,0.2075071632862091,-3.4162378311157227,1.8482816219329834
train,depablo_low_temp,44,80,1.5593290328979492,-2.003777027130127,0.2668250799179077,3.070967435836792,-0.8436514139175415,0.10733356326818466,-3.9470629692077637,1.904006838798523
train,depablo_low_temp,44,90,1.625830054283142,-2.1706137657165527,0.08118655532598495,3.449730396270752,-0.7662817239761353,0.00529789924621582,-4.4784135818481445,1.9629521369934082
train,depablo_low_temp,44,100,1.692962408065796,-2.3364980220794678,-0.10624738782644272,3.82792329788208,-0.689002513885498,-0.09865841269493103,-5.009142875671387,2.0240821838378906
train,depablo_low_temp,45,0,1.3531997203826904,-1.20143461227417,1.8627749681472778,1.0297982692718506,-1.7765944004058838,0.860442042350769,-0.6853867769241333,2.196956157684326
train,depablo_low_temp,45,10,1.4923022985458374,-1.4032584428787231,1.9794070720672607,1.3434386253356934,-1.9217596054077148,0.9042574167251587,-0.9988380670547485,2.4408211708068848
train,depablo_low_temp,45,20,1.6568015813827515,-1.6234360933303833,2.1534218788146973,1.666420578956604,-2.117495536804199,0.9726316928863525,-1.2951470613479614,2.7422988414764404
train,depablo_low_temp,45,30,1.8277997970581055,-1.849372386932373,2.3307619094848633,1.998676061630249,-2.3198740482330322,1.0410094261169434,-1.6001980304718018,3.0571951866149902
train,depablo_low_temp,45,40,2.0044970512390137,-2.080352306365967,2.509389877319336,2.339784622192383,-2.527226686477661,1.1084483861923218,-1.914447546005249,3.383805274963379
train,depablo_low_temp,45,50,2.186821460723877,-2.3160529136657715,2.689647912979126,2.6890320777893066,-2.7397513389587402,1.175114631652832,-2.236884355545044,3.722181797027588
train,depablo_low_temp,45,60,2.37489914894104,-2.5562784671783447,2.872464895248413,3.0456809997558594,-2.958125591278076,1.2414336204528809,-2.5661847591400146,4.07285737991333
train,depablo_low_temp,45,70,2.5687882900238037,-2.8008224964141846,3.0585358142852783,3.4090895652770996,-3.1828417778015137,1.307713270187378,-2.901230573654175,4.436182975769043
train,depablo_low_temp,45,80,2.7682411670684814,-3.0491042137145996,3.2481813430786133,3.778064489364624,-3.4139726161956787,1.3741600513458252,-3.240499258041382,4.8119025230407715
train,depablo_low_temp,45,90,2.973536491394043,-3.3011343479156494,3.4427080154418945,4.152088165283203,-3.652493715286255,1.4413799047470093,-3.582735061645508,5.200848579406738
train,depablo_low_temp,45,100,3.184540271759033,-3.556483030319214,3.6426687240600586,4.530153751373291,-3.898681163787842,1.5096714496612549,-3.9265058040618896,5.602998733520508
train,depablo_low_temp,46,0,1.2184497117996216,-0.8313398361206055,1.8627824783325195,0.40274620056152344,-1.7508445978164673,0.775868833065033,0.10856113582849503,2.0237538814544678
train,depablo_low_temp,46,10,1.3715660572052002,-1.0518287420272827,2.0009281635284424,0.7407293319702148,-1.9163655042648315,0.8300814628601074,-0.22404053807258606,2.2960100173950195
train,depablo_low_temp,46,20,1.5493040084838867,-1.2921127080917358,2.1940386295318604,1.0917614698410034,-2.1300230026245117,0.9082582592964172,-0.5450716018676758,2.623286008834839
train,depablo_low_temp,46,30,1.7303612232208252,-1.5364323854446411,2.3835062980651855,1.4518629312515259,-2.3439743518829346,0.9836524128913879,-0.8779946565628052,2.9566359519958496
train,depablo_low_temp,46,40,1.9135582447052002,-1.7834093570709229,2.566901206970215,1.8195785284042358,-2.5561423301696777,1.0551087856292725,-1.2222280502319336,3.29365873336792
train,depablo_low_temp,46,50,2.0990071296691895,-2.032775640487671,2.745330572128296,2.19398832321167,-2.767305612564087,1.1231123208999634,-1.5761137008666992,3.6348702907562256
train,depablo_low_temp,46,60,2.2863175868988037,-2.283797264099121,2.9187772274017334,2.573784828186035,-2.977264404296875,1.1876766681671143,-1.9381201267242432,3.979684829711914
train,depablo_low_temp,46,70,2.475416660308838,-2.536168336868286,3.0877950191497803,2.958191156387329,-3.18633770942688,1.2490522861480713,-2.3070383071899414,4.328134059906006
train,depablo_low_temp,46,80,2.666301727294922,-2.7895545959472656,3.2534356117248535,3.3461713790893555,-3.395174026489258,1.3077569007873535,-2.6811375617980957,4.68048620223999
train,depablo_low_temp,46,90,2.858876943588257,-3.043598175048828,3.4163591861724854,3.736793041229248,-3.604128122329712,1.364132285118103,-3.0590169429779053,5.036736011505127
train,depablo_low_temp,46,100,3.0526492595672607,-3.297619581222534,3.5762906074523926,4.128942489624023,-3.812739849090576,1.4181209802627563,-3.439523220062256,5.395998477935791
train,depablo_low_temp,47,0,1.0370310544967651,-0.5857815742492676,1.700392484664917,-0.06380333751440048,-1.4727253913879395,0.8498764038085938,0.43783095479011536,1.4985133409500122
train,depablo_low_temp,47,10,1.1052634716033936,-0.7531508207321167,1.587414264678955,0.28288111090660095,-1.4355227947235107,0.789374828338623,-0.02565666288137436,1.56745445728302
train,depablo_low_temp,47,20,1.178382158279419,-0.9252971410751343,1.4752249717712402,0.6381747722625732,-1.4023160934448242,0.7278282046318054,-0.4982530474662781,1.645988941192627
train,depablo_low_temp,47,30,1.2538594007492065,-1.100095510482788,1.357974886894226,1.000740647315979,-1.3681085109710693,0.6626013517379761,-0.9811214804649353,1.7286242246627808
train,depablo_low_temp,47,40,1.3314526081085205,-1.2770485877990723,1.235878348350525,1.3696085214614868,-1.3329230546951294,0.5937961339950562,-1.4729799032211304,1.815070629119873
train,depablo_low_temp,47,50,1.4107584953308105,-1.4555072784423828,1.108931303024292,1.743612289428711,-1.2965459823608398,0.5214467644691467,-1.9724453687667847,1.9047024250030518
train,depablo_low_temp,47,60,1.4916719198226929,-1.63512122631073,0.9776848554611206,2.1219046115875244,-1.2592731714248657,0.44581323862075806,-2.47822904586792,1.9975097179412842
train,depablo_low_temp,47,70,1.573859453201294,-1.8152881860733032,0.842404305934906,2.503286361694336,-1.2210853099822998,0.36706551909446716,-2.988790273666382,2.0930254459381104
train,depablo_low_temp,47,80,1.6569994688034058,-1.9954826831817627,0.7032626867294312,2.8867433071136475,-1.1819061040878296,0.285326212644577,-3.5028460025787354,2.1907620429992676
train,depablo_low_temp,47,90,1.7409504652023315,-2.17533540725708,0.5608665347099304,3.2713510990142822,-1.1420260667800903,0.2009156048297882,-4.01901912689209,2.2906317710876465
train,depablo_low_temp,47,100,1.825292944908142,-2.3542165756225586,0.4153280556201935,3.6559205055236816,-1.1012595891952515,0.11396390944719315,-4.535873889923096,2.3919408321380615
train,depablo_low_temp,48,0,1.2089486122131348,-0.8325281143188477,1.8594334125518799,0.40997153520584106,-1.7534536123275757,0.7680844664573669,0.11357856541872025,2.044071674346924
train,depablo_low_temp,48,10,1.3665090799331665,-1.0498801469802856,2.0285818576812744,0.7289354801177979,-1.9398598670959473,0.838517427444458,-0.18295511603355408,2.330186605453491
train,depablo_low_temp,48,20,1.5483497381210327,-1.283340334892273,2.2575650215148926,1.0524351596832275,-2.1777572631835938,0.9347086548805237,-0.4551818370819092,2.6728506088256836
train,depablo_low_temp,48,30,1.735305666923523,-1.5209749937057495,2.489471435546875,1.382534384727478,-2.4212193489074707,1.0308723449707031,-0.7331239581108093,3.026409149169922
train,depablo_low_temp,48,40,1.9266163110733032,-1.7622261047363281,2.722618341445923,1.7189030647277832,-2.6687393188476562,1.1263176202774048,-1.017250418663025,3.389115810394287
train,depablo_low_temp,48,50,2.1222331523895264,-2.0069828033447266,2.9573283195495605,2.0612003803253174,-2.9204819202423096,1.2212162017822266,-1.3069988489151,3.760952949523926
train,depablo_low_temp,48,60,2.321610689163208,-2.254626512527466,3.192732572555542,2.4086720943450928,-3.1756064891815186,1.3152098655700684,-1.6019176244735718,4.14083194732666
train,depablo_low_temp,48,70,2.5246992111206055,-2.504916191101074,3.4294862747192383,2.760607957839966,-3.4344894886016846,1.4086313247680664,-1.9008457660675049,4.528836727142334
train,depablo_low_temp,48,80,2.7310218811035156,-2.757256031036377,3.667020797729492,3.116154909133911,-3.6965079307556152,1.5012813806533813,-2.2030937671661377,4.924055576324463
train,depablo_low_temp,48,90,2.9405322074890137,-3.011474370956421,3.9057846069335938,3.4748101234436035,-3.961913585662842,1.5933887958526611,-2.507843494415283,5.326534748077393
train,depablo_low_temp,48,100,3.1528687477111816,-3.267066240310669,4.145562171936035,3.835742712020874,-4.230358123779297,1.6849219799041748,-2.8142621517181396,5.735625267028809
train,depablo_low_temp,49,0,1.2133522033691406,-0.9804217219352722,1.8118268251419067,0.5946141481399536,-1.6215558052062988,0.932325005531311,-0.2820432186126709,1.8413699865341187
train,depablo_low_temp,49,10,1.2979252338409424,-1.148306131362915,1.7743648290634155,0.9111683964729309,-1.6404306888580322,0.9070321321487427,-0.6732175350189209,1.956800103187561
train,depablo_low_temp,49,20,1.3893864154815674,-1.3225911855697632,1.7442117929458618,1.2364994287490845,-1.6682102680206299,0.8840292692184448,-1.0707871913909912,2.0864288806915283
train,depablo_low_temp,49,30,1.4829994440078735,-1.499696969985962,1.70798659324646,1.5697993040084839,-1.694181203842163,0.8569881916046143,-1.480021357536316,2.2194936275482178
train,depablo_low_temp,49,40,1.5783262252807617,-1.6790266036987305,1.665024757385254,1.9102813005447388,-1.7177287340164185,0.8255851864814758,-1.9002844095230103,2.355189323425293
train,depablo_low_temp,49,50,1.675330638885498,-1.8602501153945923,1.6160789728164673,2.257051706314087,-1.7393280267715454,0.7901543378829956,-2.3301193714141846,2.4936935901641846
train,depablo_low_temp,49,60,1.7736494541168213,-2.042797565460205,1.5609650611877441,2.6091599464416504,-1.7586759328842163,0.7506393790245056,-2.7684974670410156,2.6344008445739746
train,depablo_low_temp,49,70,1.8731273412704468,-2.2262492179870605,1.500213623046875,2.965629816055298,-1.7760252952575684,0.7073073983192444,-3.2140040397644043,2.7772140502929688
train,depablo_low_temp,49,80,1.9734563827514648,-2.410090684890747,1.4339649677276611,3.325477123260498,-1.7912914752960205,0.6602623462677002,-3.6654107570648193,2.921670436859131
train,depablo_low_temp,49,90,2.0746774673461914,-2.5941073894500732,1.3632118701934814,3.687893867492676,-1.805112600326538,0.6099879741668701,-4.121282577514648,3.0680856704711914
train,depablo_low_temp,49,100,2.1762912273406982,-2.7776072025299072,1.2875900268554688,4.051774024963379,-1.8169761896133423,0.5563821196556091,-4.580531120300293,3.215549945831299
train,depablo_low_temp,50,0,1.2404476404190063,-0.9197913408279419,1.84871244430542,0.5651805400848389,-1.7537691593170166,0.7794147729873657,-0.08712209761142731,2.0818588733673096
train,depablo_low_temp,50,10,1.383588433265686,-1.127771019935608,1.9757078886032104,0.8843076229095459,-1.9060672521591187,0.8308969736099243,-0.40456444025039673,2.3333775997161865
train,depablo_low_temp,50,20,1.553512692451477,-1.3537168502807617,2.1701743602752686,1.2080355882644653,-2.115893602371216,0.9116464853286743,-0.6941404342651367,2.647095203399658
train,depablo_low_temp,50,30,1.7288780212402344,-1.5846062898635864,2.3681089878082275,1.5394912958145142,-2.3316707611083984,0.9926871657371521,-0.9905447959899902,2.9720211029052734
train,depablo_low_temp,50,40,1.9085108041763306,-1.8195390701293945,2.5664327144622803,1.8783222436904907,-2.5508453845977783,1.072649598121643,-1.2948668003082275,3.30549955368042
train,depablo_low_temp,50,50,2.091972827911377,-2.0579917430877686,2.7645792961120605,2.223822832107544,-2.772834300994873,1.1513009071350098,-1.606536626815796,3.6467056274414062
train,depablo_low_temp,50,60,2.2793772220611572,-2.299877166748047,2.963364839553833,2.5754947662353516,-2.998220205307007,1.2290186882019043,-1.9245587587356567,3.9960622787475586
train,depablo_low_temp,50,70,2.4701404571533203,-2.5444657802581787,3.1620142459869385,2.9323527812957764,-3.2262156009674072,1.30547034740448,-2.2481396198272705,4.352465629577637
train,depablo_low_temp,50,80,2.6644463539123535,-2.7916934490203857,3.3617541790008545,3.293771743774414,-3.457693576812744,1.3812212944030762,-2.575920820236206,4.7165374755859375
train,depablo_low_temp,50,90,2.861647844314575,-3.040783166885376,3.5616869926452637,3.6587166786193848,-3.6917331218719482,1.4559293985366821,-2.9071545600891113,5.0870137214660645
train,depablo_low_temp,50,100,3.061927318572998,-3.291696548461914,3.762996196746826,4.026632785797119,-3.9291858673095703,1.5301225185394287,-3.240570068359375,5.464506149291992
train,depablo_low_temp,51,0,1.2189949750900269,-0.9982418417930603,1.8680956363677979,0.5734509229660034,-1.6366876363754272,1.005001425743103,-0.2669694125652313,1.8208231925964355
train,depablo_low_temp,51,10,1.2777754068374634,-1.1505391597747803,1.7573221921920776,0.8925289511680603,-1.595211148262024,0.9473627209663391,-0.6966685652732849,1.8751466274261475
train,depablo_low_temp,51,20,1.3408918380737305,-1.3074822425842285,1.6443625688552856,1.2211819887161255,-1.5555287599563599,0.887435793876648,-1.1382296085357666,1.93739914894104
train,depablo_low_temp,51,30,1.4075671434402466,-1.4678179025650024,1.5287781953811646,1.5574078559875488,-1.5170845985412598,0.8248656392097473,-1.589280366897583,2.006431818008423
train,depablo_low_temp,51,40,1.477493166923523,-1.6310275793075562,1.41051185131073,1.9003074169158936,-1.4796898365020752,0.7596319913864136,-2.048771381378174,2.0817556381225586
train,depablo_low_temp,51,50,1.5505237579345703,-1.7966067790985107,1.290346384048462,2.2486486434936523,-1.4437618255615234,0.6921242475509644,-2.514859676361084,2.1633660793304443
train,depablo_low_temp,51,60,1.626428246498108,-1.9640694856643677,1.1685799360275269,2.601438522338867,-1.4093761444091797,0.6224859356880188,-2.9862122535705566,2.250983476638794
train,depablo_low_temp,51,70,1.7049078941345215,-2.1328508853912354,1.045610785484314,2.9574942588806152,-1.3766051530838013,0.5509588718414307,-3.4612486362457275,2.3442223072052
train,depablo_low_temp,51,80,1.7857787609100342,-2.3025107383728027,0.9220470190048218,3.315762519836426,-1.3457260131835938,0.47785747051239014,-3.938422441482544,2.4429361820220947
train,depablo_low_temp,51,90,1.8687115907669067,-2.472501039505005,0.7980694770812988,3.6751749515533447,-1.3166556358337402,0.4033237397670746,-4.41641092300415,2.546619415283203
train,depablo_low_temp,51,100,1.9534646272659302,-2.642329692840576,0.6742607355117798,4.034595489501953,-1.2896037101745605,0.3276890516281128,-4.893603324890137,2.654998540878296
train,depablo_low_temp,52,0,1.2419145107269287,-1.1044728755950928,1.7777801752090454,0.7954180240631104,-1.5810911655426025,0.9817256927490234,-0.5831044316291809,1.8273663520812988
train,depablo_low_temp,52,10,1.302207589149475,-1.2511897087097168,1.6855120658874512,1.0978959798812866,-1.5537556409835815,0.9302037954330444,-0.9814740419387817,1.892162561416626
train,depablo_low_temp,52,20,1.3681316375732422,-1.4028693437576294,1.597707748413086,1.4077436923980713,-1.5330039262771606,0.8796252012252808,-1.385869026184082,1.9687272310256958
train,depablo_low_temp,52,30,1.4376178979873657,-1.5579824447631836,1.5081100463867188,1.724906086921692,-1.5139142274856567,0.8269250392913818,-1.799089789390564,2.0522096157073975
train,depablo_low_temp,52,40,1.5104142427444458,-1.7160570621490479,1.4165759086608887,2.0486111640930176,-1.4962892532348633,0.772021472454071,-2.2202775478363037,2.1422195434570312
train,depablo_low_temp,52,50,1.586464762687683,-1.8767476081848145,1.3237968683242798,2.3779478073120117,-1.4805389642715454,0.7152515649795532,-2.648022174835205,2.2388710975646973
train,depablo_low_temp,52,60,1.665497899055481,-2.039611339569092,1.2298606634140015,2.7120940685272217,-1.4665640592575073,0.6566870212554932,-3.081305742263794,2.341745138168335
train,depablo_low_temp,52,70,1.747444987297058,-2.2043633460998535,1.1353092193603516,3.0503053665161133,-1.4546657800674438,0.5966082215309143,-3.5189967155456543,2.4508914947509766
train,depablo_low_temp,52,80,1.832127571105957,-2.3705899715423584,1.0406177043914795,3.3916399478912354,-1.4450304508209229,0.5352769494056702,-3.959765911102295,2.566127300262451
train,depablo_low_temp,52,90,1.9193518161773682,-2.537956476211548,0.9460126161575317,3.735391855239868,-1.4376747608184814,0.4728579521179199,-4.402695178985596,2.687185049057007
train,depablo_low_temp,52,100,2.0087475776672363,-2.7059144973754883,0.8514682054519653,4.080572128295898,-1.4323569536209106,0.4094104766845703,-4.846668243408203,2.8134348392486572
train,depablo_low_temp,53,0,0.9748650789260864,-0.5024749636650085,1.662164568901062,-0.21168261766433716,-1.3992023468017578,0.8643698692321777,0.5701158046722412,1.355574131011963
train,depablo_low_temp,53,10,1.0376633405685425,-0.6706377267837524,1.5255169868469238,0.1456415057182312,-1.3434447050094604,0.7945071458816528,0.08131928741931915,1.408840298652649
train,depablo_low_temp,53,20,1.1041772365570068,-0.8426767587661743,1.386380672454834,0.5113562345504761,-1.2890211343765259,0.722089409828186,-0.41789138317108154,1.4690173864364624
train,depablo_low_temp,53,30,1.1735155582427979,-1.0177152156829834,1.243260383605957,0.8845275640487671,-1.234548568725586,0.6464223861694336,-0.9270421266555786,1.5343403816223145
train,depablo_low_temp,53,40,1.2456871271133423,-1.1955095529556274,1.0969734191894531,1.2643859386444092,-1.1805553436279297,0.5678832530975342,-1.4447968006134033,1.605061650276184
train,depablo_low_temp,53,50,1.320313572883606,-1.3753719329833984,0.9477455019950867,1.649601697921753,-1.1269803047180176,0.4866199791431427,-1.9694721698760986,1.680647611618042
train,depablo_low_temp,53,60,1.3972437381744385,-1.5569138526916504,0.7960254549980164,2.0392980575561523,-1.0740292072296143,0.402850866317749,-2.4997963905334473,1.7609858512878418
train,depablo_low_temp,53,70,1.476082682609558,-1.739511251449585,0.6418957710266113,2.4323129653930664,-1.0215288400650024,0.31667086482048035,-3.0343637466430664,1.8454504013061523
train,depablo_low_temp,53,80,1.5566432476043701,-1.9227148294448853,0.4859444499015808,2.8275935649871826,-0.9697389602661133,0.22838866710662842,-3.571643829345703,1.9338858127593994
train,depablo_low_temp,53,90,1.6386057138442993,-2.1059772968292236,0.3284637928009033,3.224027395248413,-0.9186542630195618,0.13819065690040588,-4.110184192657471,2.025827407836914
train,depablo_low_temp,53,100,1.721727967262268,-2.2888877391815186,0.16976545751094818,3.620742082595825,-0.8683151602745056,0.046278730034828186,-4.648818492889404,2.1209309101104736
train,depablo_low_temp,54,0,1.2271499633789062,-1.0688674449920654,1.7336188554763794,0.7302179336547852,-1.5335750579833984,0.9788373112678528,-0.5545997023582458,1.7484068870544434
train,depablo_low_temp,54,10,1.2516183853149414,-1.186023235321045,1.5475486516952515,1.018334150314331,-1.4281015396118164,0.8857825994491577,-0.9827946424484253,1.7312146425247192
train,depablo_low_temp,54,20,1.2772713899612427,-1.3044710159301758,1.3551033735275269,1.3117800951004028,-1.32009756565094,0.7886570692062378,-1.4197211265563965,1.7158176898956299
train,depablo_low_temp,54,30,1.3047038316726685,-1.4247788190841675,1.1575193405151367,1.6110987663269043,-1.2106987237930298,0.6879103779792786,-1.865321397781372,1.7035269737243652
train,depablo_low_temp,54,40,1.3338937759399414,-1.5467631816864014,0.955382227897644,1.9157218933105469,-1.1002634763717651,0.5838138461112976,-2.318612813949585,1.6944609880447388
train,depablo_low_temp,54,50,1.3646550178527832,-1.6699849367141724,0.7490944862365723,2.224698066711426,-0.9889405965805054,0.47658365964889526,-2.778278350830078,1.6884292364120483
train,depablo_low_temp,54,60,1.3970236778259277,-1.7942978143692017,0.5394444465637207,2.537431478500366,-0.8772360682487488,0.3666066825389862,-3.2432303428649902,1.685689926147461
train,depablo_low_temp,54,70,1.4308332204818726,-1.9193564653396606,0.32685065269470215,2.8531241416931152,-0.765305757522583,0.25411608815193176,-3.7123279571533203,1.6860556602478027
train,depablo_low_temp,54,80,1.4659651517868042,-2.0448479652404785,0.11184770613908768,3.170987367630005,-0.653403639793396,0.13940197229385376,-4.184393882751465,1.6894543170928955
train,depablo_low_temp,54,90,1.5022320747375488,-2.1704323291778564,-0.10519503802061081,3.4902427196502686,-0.5416337847709656,0.022694936022162437,-4.658351421356201,1.6956384181976318
train,depablo_low_temp,54,100,1.5396780967712402,-2.2960095405578613,-0.32348471879959106,3.8103737831115723,-0.4304930865764618,-0.09560354053974152,-5.133219242095947,1.7048449516296387
train,depablo_low_temp,55,0,1.3321934938430786,-1.236811637878418,1.9798517227172852,0.9526324272155762,-1.7581770420074463,1.076516032218933,-0.6573426127433777,2.051898241043091
train,depablo_low_temp,55,10,1.3893203735351562,-1.375365138053894,1.8981292247772217,1.2359062433242798,-1.735702633857727,1.0304864645004272,-1.0280340909957886,2.1142005920410156
train,depablo_low_temp,55,20,1.450799584388733,-1.5183098316192627,1.8157744407653809,1.5274821519851685,-1.7159836292266846,0.9830609560012817,-1.4084141254425049,2.1848766803741455
train,depablo_low_temp,55,30,1.51507568359375,-1.6639924049377441,1.7289555072784424,1.8261730670928955,-1.6959798336029053,0.9321542382240295,-1.7986130714416504,2.2606911659240723
train,depablo_low_temp,55,40,1.5817742347717285,-1.8117256164550781,1.6376948356628418,2.1307458877563477,-1.6755237579345703,0.8777802586555481,-2.1971468925476074,2.3410818576812744
train,depablo_low_temp,55,50,1.6505063772201538,-1.9609456062316895,1.54189133644104,2.440244674682617,-1.654338002204895,0.819916307926178,-2.6029164791107178,2.4253835678100586
train,depablo_low_temp,55,60,1.7213033437728882,-2.1114113330841064,1.4425663948059082,2.7538130283355713,-1.63307785987854,0.7590493559837341,-3.014402151107788,2.5139167308807373
train,depablo_low_temp,55,70,1.7937912940979004,-2.262550115585327,1.3399516344070435,3.0703227519989014,-1.611649513244629,0.6953639984130859,-3.430180549621582,2.60608172416687
train,depablo_low_temp,55,80,1.8677926063537598,-2.4139907360076904,1.2345863580703735,3.388871669769287,-1.590272307395935,0.6291637420654297,-3.848938465118408,2.701695203781128
train,depablo_low_temp,55,90,1.9430456161499023,-2.565298557281494,1.1268165111541748,3.70854115486145,-1.568991780281067,0.5606614947319031,-4.269431114196777,2.800380229949951
train,depablo_low_temp,55,100,2.019563674926758,-2.7162957191467285,1.0177150964736938,4.028552055358887,-1.5484462976455688,0.4904150366783142,-4.690239429473877,2.90236496925354
train,depablo_low_temp,56,0,1.102731704711914,-0.6748700141906738,1.8158345222473145,0.07425355911254883,-1.6034338474273682,0.865127444267273,0.37215107679367065,1.6986289024353027
train,depablo_low_temp,56,10,1.200819730758667,-0.8629646897315979,1.7872164249420166,0.422724187374115,-1.6348278522491455,0.8434807658195496,-0.05335191264748573,1.837356686592102
train,depablo_low_temp,56,20,1.3097052574157715,-1.0587793588638306,1.7763127088546753,0.778133749961853,-1.6842461824417114,0.8281499743461609,-0.4776986241340637,1.9999983310699463
train,depablo_low_temp,56,30,1.4234936237335205,-1.2587858438491821,1.7667709589004517,1.140974760055542,-1.7381703853607178,0.8118540048599243,-0.9093283414840698,2.172691583633423
train,depablo_low_temp,56,40,1.5421981811523438,-1.4629125595092773,1.759486436843872,1.5107297897338867,-1.7971172332763672,0.7950962781906128,-1.3472176790237427,2.3556313514709473
train,depablo_low_temp,56,50,1.6656832695007324,-1.6709017753601074,1.754960536956787,1.8867193460464478,-1.861303687095642,0.7781701683998108,-1.79032564163208,2.548713445663452
train,depablo_low_temp,56,60,1.7937321662902832,-1.882293939590454,1.7536194324493408,2.267937421798706,-1.9308629035949707,0.7613270282745361,-2.237271308898926,2.751685857772827
train,depablo_low_temp,56,70,1.9260501861572266,-2.096622943878174,1.7556159496307373,2.653477191925049,-2.0057215690612793,0.7446848750114441,-2.68691086769104,2.9641058444976807
train,depablo_low_temp,56,80,2.062690019607544,-2.3136510848999023,1.762030005455017,3.042459487915039,-2.086571216583252,0.7287763357162476,-3.1376912593841553,3.186324119567871
train,depablo_low_temp,56,90,2.203052043914795,-2.5326359272003174,1.7723060846328735,3.4337732791900635,-2.1727216243743896,0.713417112827301,-3.588590621948242,3.417210578918457
train,depablo_low_temp,56,100,2.3471293449401855,-2.753321886062622,1.7874505519866943,3.8265304565429688,-2.2647786140441895,0.6991191506385803,-4.038081169128418,3.656981945037842
train,depablo_low_temp,57,0,1.3640285730361938,-1.3563940525054932,1.8597748279571533,1.2578539848327637,-1.7203177213668823,0.9773158431053162,-1.0292507410049438,2.1381568908691406
train,depablo_low_temp,57,10,1.4609498977661133,-1.5129812955856323,1.9124414920806885,1.5175567865371704,-1.802933692932129,0.9944438338279724,-1.308891773223877,2.300382614135742
train,depablo_low_temp,57,20,1.5726878643035889,-1.6805514097213745,1.9954770803451538,1.784307837486267,-1.913132667541504,1.0248404741287231,-1.582364797592163,2.4959025382995605
train,depablo_low_temp,57,30,1.6893185377120972,-1.8531670570373535,2.077169418334961,2.0608866214752197,-2.0260977745056152,1.0532857179641724,-1.8675899505615234,2.7008233070373535
train,depablo_low_temp,57,40,1.8099595308303833,-2.0299394130706787,2.155606746673584,2.3465003967285156,-2.14018177986145,1.0789000988006592,-2.164536714553833,2.9132583141326904
train,depablo_low_temp,57,50,1.9341418743133545,-2.210202693939209,2.230242967605591,2.640170097351074,-2.2548112869262695,1.1014562845230103,-2.4723169803619385,3.132362127304077
train,depablo_low_temp,57,60,2.061595916748047,-2.393601894378662,2.3007419109344482,2.941412925720215,-2.3696675300598145,1.1207575798034668,-2.7904629707336426,3.3576674461364746
train,depablo_low_temp,57,70,2.191714286804199,-2.5792977809906006,2.366499900817871,3.2489523887634277,-2.4840517044067383,1.1365809440612793,-3.1177828311920166,3.588059902191162
train,depablo_low_temp,57,80,2.3239431381225586,-2.7665231227874756,2.4270095825195312,3.5616087913513184,-2.5973501205444336,1.1487377882003784,-3.453145980834961,3.8225290775299072
train,depablo_low_temp,57,90,2.4579763412475586,-2.954845428466797,2.482328414916992,3.8785934448242188,-2.7094390392303467,1.1572563648223877,-3.7955446243286133,4.060589790344238
train,depablo_low_temp,57,100,2.5932066440582275,-3.143429756164551,2.532024383544922,4.1985602378845215,-2.819709539413452,1.1620062589645386,-4.1436333656311035,4.30113410949707
train,depablo_low_temp,58,0,1.2054849863052368,-0.8812224864959717,1.7245543003082275,0.5314862132072449,-1.6370893716812134,0.7465846538543701,-0.144443079829216,1.9305182695388794
train,depablo_low_temp,58,10,1.3506746292114258,-1.0993373394012451,1.823562502861023,0.8813614249229431,-1.7740631103515625,0.7820678353309631,-0.5103756189346313,2.179232120513916
train,depablo_low_temp,58,20,1.5222668647766113,-1.3359979391098022,1.9812052249908447,1.2404959201812744,-1.9630162715911865,0.8425368070602417,-0.8586337566375732,2.487635850906372
train,depablo_low_temp,58,30,1.7008845806121826,-1.5785681009292603,2.1429052352905273,1.6089333295822144,-2.159452199935913,0.903148353099823,-1.215261459350586,2.810549736022949
train,depablo_low_temp,58,40,1.8854656219482422,-1.8261648416519165,2.306666374206543,1.9858897924423218,-2.3615219593048096,0.9630986452102661,-1.580306053161621,3.145749568939209
train,depablo_low_temp,58,50,2.0756194591522217,-2.078289747238159,2.4723339080810547,2.3705363273620605,-2.5689122676849365,1.0223662853240967,-1.9528448581695557,3.492586612701416
train,depablo_low_temp,58,60,2.2707996368408203,-2.3341424465179443,2.639737367630005,2.761495590209961,-2.7812178134918213,1.08094322681427,-2.331338882446289,3.8501596450805664
train,depablo_low_temp,58,70,2.4706413745880127,-2.5931448936462402,2.808826208114624,3.157738208770752,-2.998223066329956,1.1388336420059204,-2.7145910263061523,4.217898845672607
train,depablo_low_temp,58,80,2.674612045288086,-2.854449510574341,2.9796323776245117,3.5577259063720703,-3.2196500301361084,1.1961230039596558,-3.1007747650146484,4.594956874847412
train,depablo_low_temp,58,90,2.8822710514068604,-3.1173813343048096,3.152170181274414,3.9602229595184326,-3.445274829864502,1.252859115600586,-3.4884192943573,4.980632305145264
train,depablo_low_temp,58,100,3.0933194160461426,-3.381376028060913,3.3269429206848145,4.363994598388672,-3.675234317779541,1.3093353509902954,-3.875825881958008,5.374553680419922
train,depablo_low_temp,59,0,1.2197133302688599,-1.032698154449463,1.8226100206375122,0.6316479444503784,-1.5911613702774048,1.0169179439544678,-0.3852793872356415,1.7775310277938843
train,depablo_low_temp,59,10,1.2469794750213623,-1.1520190238952637,1.6473653316497803,0.9191156029701233,-1.493681788444519,0.9288246035575867,-0.8072789907455444,1.7665245532989502
train,depablo_low_temp,59,20,1.2768876552581787,-1.2744375467300415,1.4666911363601685,1.2148337364196777,-1.3952064514160156,0.8367341756820679,-1.240801453590393,1.7601122856140137
train,depablo_low_temp,59,30,1.3090347051620483,-1.3992433547973633,1.2807751893997192,1.517463207244873,-1.2956355810165405,0.7407739758491516,-1.6841577291488647,1.7577135562896729
train,depablo_low_temp,59,40,1.3431577682495117,-1.5260158777236938,1.0897092819213867,1.8262138366699219,-1.1948866844177246,0.6410073637962341,-2.1363508701324463,1.7589412927627563
train,depablo_low_temp,59,50,1.3793725967407227,-1.6545825004577637,0.8946527242660522,2.140305280685425,-1.0937526226043701,0.5379675030708313,-2.595872163772583,1.7642844915390015
train,depablo_low_temp,59,60,1.4171361923217773,-1.7842663526535034,0.6950551867485046,2.458738088607788,-0.9915841221809387,0.4314615726470947,-3.061829090118408,1.7727205753326416
train,depablo_low_temp,59,70,1.4562444686889648,-1.914656162261963,0.49140238761901855,2.7805683612823486,-0.8885502815246582,0.32177039980888367,-3.532886266708374,1.7840075492858887
train,depablo_low_temp,59,80,1.4967916011810303,-2.045612096786499,0.2848145067691803,3.1050779819488525,-0.7853966951370239,0.20942288637161255,-4.007632732391357,1.7985703945159912
train,depablo_low_temp,59,90,1.5382219552993774,-2.1764729022979736,0.07479014992713928,3.4312758445739746,-0.6814752221107483,0.09427626430988312,-4.4851837158203125,1.8153380155563354
train,depablo_low_temp,59,100,1.5804669857025146,-2.306992769241333,-0.1379239857196808,3.758392333984375,-0.5771886706352234,-0.02327360026538372,-4.964284420013428,1.834338903427124
train,depablo_mixed_temp,60,0,1.3137067556381226,-1.3201550245285034,1.7406214475631714,1.1685442924499512,-1.55690336227417,1.0295149087905884,-1.0893036127090454,1.876591444015503
train,depablo_mixed_temp,60,10,1.3497693538665771,-1.4207843542099,1.5910245180130005,1.4212584495544434,-1.4825105667114258,0.9539628624916077,-1.457832932472229,1.9083282947540283
train,depablo_mixed_temp,60,20,1.4026405811309814,-1.46104097366333,1.6817100048065186,1.4478950500488281,-1.573425531387329,0.9900224804878235,-1.4500737190246582,2.0229122638702393
train,depablo_mixed_temp,60,30,1.5194569826126099,-1.725623607635498,1.6477389335632324,1.9429049491882324,-1.608124852180481,0.9570144414901733,-2.0310940742492676,2.1737353801727295
train,depablo_mixed_temp,60,40,1.5835179090499878,-1.8197084665298462,1.5576863288879395,2.1445178985595703,-1.5925462245941162,0.9071911573410034,-2.323589324951172,2.2687127590179443
train,depablo_mixed_temp,60,50,1.5446876287460327,-1.9808183908462524,0.9412629008293152,2.6961772441864014,-1.183660626411438,0.6070303320884705,-3.264833450317383,2.0352041721343994
train,depablo_mixed_temp,60,60,1.5067262649536133,-1.9281147718429565,0.8523226380348206,2.640925407409668,-1.1113609075546265,0.561721920967102,-3.241334915161133,1.9559431076049805
train,depablo_mixed_temp,60,70,1.5911223888397217,-2.1898112297058105,0.5491862297058105,3.237194061279297,-0.9696239829063416,0.4025919735431671,-4.080726623535156,2.015385627746582
train,depablo_mixed_temp,60,80,1.5793375968933105,-2.221837282180786,0.4957617521286011,3.323471784591675,-0.9262370467185974,0.37188413739204407,-4.193603515625,1.9657313823699951
train,depablo_mixed_temp,60,90,1.8872300386428833,-2.537374258041382,0.6780312657356262,3.812012195587158,-1.2407100200653076,0.3997846245765686,-4.678110599517822,2.5682425498962402
train,depablo_mixed_temp,60,100,2.092040777206421,-2.9007205963134766,0.7161508798599243,4.468278884887695,-1.3743497133255005,0.38102322816848755,-5.4014058113098145,2.894620895385742
train,depablo_mixed_temp,61,0,1.329437494277954,-1.1902631521224976,1.906785488128662,0.9369801878929138,-1.751749038696289,0.9649378061294556,-0.620775580406189,2.0954322814941406
train,depablo_mixed_temp,61,10,1.872786283493042,-1.6311383247375488,2.6639485359191895,1.3808537721633911,-2.5137851238250732,1.3704410791397095,-0.8997347354888916,3.2657980918884277
train,depablo_mixed_temp,61,20,1.3096952438354492,-1.2480995655059814,1.1877671480178833,1.3319945335388184,-1.3117421865463257,0.6350513100624084,-1.4746520519256592,1.9703271389007568
train,depablo_mixed_temp,61,30,1.592094898223877,-1.5896040201187134,1.7294292449951172,1.7329621315002441,-1.7750074863433838,0.89244544506073,-1.6921924352645874,2.516603708267212
train,depablo_mixed_temp,61,40,2.0352249145507812,-2.06388258934021,2.4457099437713623,2.270127058029175,-2.450162649154663,1.242637038230896,-2.0229251384735107,3.431243419647217
train,depablo_mixed_temp,61,50,2.4219319820404053,-2.431246280670166,3.224452018737793,2.608001232147217,-3.1377124786376953,1.5925085544586182,-2.0561883449554443,4.241359233856201
train,depablo_mixed_temp,61,60,2.2983219623565674,-2.4556188583374023,2.536609172821045,2.9339940547943115,-2.6608803272247314,1.2432419061660767,-2.7510833740234375,3.8849565982818604
train,depablo_mixed_temp,61,70,2.6506423950195312,-2.6873762607574463,3.3207032680511475,3.038867712020874,-3.3773109912872314,1.5332235097885132,-2.4506006240844727,4.694509983062744
train,depablo_mixed_temp,61,80,2.572211503982544,-2.809443950653076,2.557037115097046,3.562465190887451,-2.8446261882781982,1.1830084323883057,-3.4627795219421387,4.322235107421875
train,depablo_mixed_temp,61,90,2.215331554412842,-2.597365379333496,1.6271649599075317,3.5854814052581787,-2.052152156829834,0.7932122945785522,-3.943415641784668,3.5199334621429443
train,depablo_mixed_temp,61,100,2.7798144817352295,-3.0890953540802,2.755289316177368,4.025806903839111,-3.0940535068511963,1.2229063510894775,-3.8605589866638184,4.748085021972656
train,depablo_mixed_temp,62,0,1.4710259437561035,-1.372652292251587,2.1020700931549072,1.2350691556930542,-1.9978547096252441,0.9696071743965149,-0.7957777976989746,2.492753028869629
train,depablo_mixed_temp,62,10,1.9596314430236816,-1.6133918762207031,3.3685965538024902,1.1206032037734985,-3.0569052696228027,1.571225881576538,-0.10980146378278732,3.6501052379608154
train,depablo_mixed_temp,62,20,1.9896470308303833,-1.7547930479049683,3.2921597957611084,1.412875771522522,-3.0205013751983643,1.5175985097885132,-0.4686617851257324,3.6444785594940186
train,depablo_mixed_temp,62,30,2.5004851818084717,-2.1779682636260986,4.404096603393555,1.6940281391143799,-3.997032880783081,2.023287296295166,-0.28509438037872314,4.781839370727539
train,depablo_mixed_temp,62,40,2.4703071117401123,-2.3225157260894775,3.941056728363037,2.168813705444336,-3.695495128631592,1.7763768434524536,-1.0328811407089233,4.613333225250244
train,depablo_mixed_temp,62,50,2.481964111328125,-2.342390298843384,3.7677366733551025,2.266871929168701,-3.590972661972046,1.7103544473648071,-1.2659143209457397,4.598865985870361
train,depablo_mixed_temp,62,60,3.0599236488342285,-2.905618667602539,4.887725353240967,2.804841995239258,-4.617915153503418,2.179025411605835,-1.342321515083313,5.823792934417725
train,depablo_mixed_temp,62,70,2.9682562351226807,-2.9141058921813965,4.241986274719238,3.1090424060821533,-4.17621374130249,1.8493244647979736,-1.9980289936065674,5.525785446166992
train,depablo_mixed_temp,62,80,3.2941126823425293,-3.2872581481933594,4.955318450927734,3.4829494953155518,-4.785907745361328,2.1745314598083496,-2.0849075317382812,6.212636947631836
train,depablo_mixed_temp,62,90,3.207672119140625,-3.233154058456421,4.356123447418213,3.64039945602417,-4.38895845413208,1.860746145248413,-2.5559892654418945,5.948605537414551
train,depablo_mixed_temp,62,100,3.6981043815612793,-3.700448989868164,5.2873358726501465,4.0807785987854,-5.246572494506836,2.266322135925293,-2.6281585693359375,7.003121376037598
train,depablo_mixed_temp,63,0,1.5703703165054321,-1.5479363203048706,2.2952070236206055,1.4399315118789673,-2.1457865238189697,1.1114494800567627,-0.976492166519165,2.6708481311798096
train,depablo_mixed_temp,63,10,3.6259055137634277,-2.392406463623047,7.04299259185791,0.7925459146499634,-6.376552104949951,3.3403375148773193,1.774078130722046,7.744287967681885
train,depablo_mixed_temp,63,20,2.5743722915649414,-1.7447140216827393,4.218428611755371,0.8951383829116821,-4.003767490386963,2.0469653606414795,0.3581271469593048,5.236897945404053
train,depablo_mixed_temp,63,30,3.0481796264648438,-2.3494434356689453,4.9179534912109375,1.705310344696045,-4.690818786621094,2.326681613922119,-0.22497324645519257,6.14963436126709
train,depablo_mixed_temp,63,40,2.762723207473755,-1.980269432067871,4.98347806930542,0.999290943145752,-4.5505571365356445,2.396087646484375,0.6280695796012878,5.614852428436279
train,depablo_mixed_temp,63,50,4.290895462036133,-3.2575902938842773,7.534813404083252,2.2291793823242188,-7.076553821563721,3.4368762969970703,0.41113051772117615,9.026881217956543
train,depablo_mixed_temp,63,60,4.426086902618408,-3.3946874141693115,8.488592147827148,2.084514856338501,-7.651711463928223,3.971597194671631,0.9995004534721375,9.30164909362793
train,depablo_mixed_temp,63,70,4.82898473739624,-3.9307169914245605,9.029766082763672,2.8508217334747314,-8.201255798339844,4.1373820304870605,0.41705310344696045,9.975830078125
train,depablo_mixed_temp,63,80,3.5505499839782715,-3.229374885559082,5.7129340171813965,2.9878530502319336,-5.404730319976807,2.6529672145843506,-1.2853703498840332,6.988525390625
train,depablo_mixed_temp,63,90,4.713753700256348,-4.236677169799805,7.500401020050049,4.00787353515625,-7.190094947814941,3.4742650985717773,-1.734201431274414,9.521869659423828
train,depablo_mixed_temp,63,100,4.701374053955078,-3.9337496757507324,8.357657432556152,3.1082372665405273,-7.741607189178467,3.816230297088623,-0.20633168518543243,9.667797088623047
train,depablo_mixed_temp,64,0,1.1436653137207031,-0.8769149780273438,1.6811095476150513,0.4485175907611847,-1.493233323097229,0.8871310353279114,-0.1956603229045868,1.6599630117416382
train,depablo_mixed_temp,64,10,1.020919680595398,-0.6486868262290955,1.202447533607483,0.2003566324710846,-1.1473790407180786,0.7115477323532104,-0.21481047570705414,1.4444060325622559
train,depablo_mixed_temp,64,20,1.1937605142593384,-1.0155329704284668,1.0581392049789429,0.9216094017028809,-1.1414602994918823,0.6317078471183777,-1.1339669227600098,1.664955735206604
train,depablo_mixed_temp,64,30,1.2608141899108887,-1.061008095741272,1.483150601387024,0.8331977725028992,-1.4389358758926392,0.8246364593505859,-0.7943836450576782,1.8651046752929688
train,depablo_mixed_temp,64,40,1.5534913539886475,-1.5121355056762695,1.4364230632781982,1.6508830785751343,-1.5791821479797363,0.7734727263450623,-1.7978955507278442,2.3537468910217285
train,depablo_mixed_temp,64,50,1.3311166763305664,-1.3166614770889282,0.8395504355430603,1.5678236484527588,-1.100340485572815,0.4647466540336609,-1.9572054147720337,1.842725396156311
train,depablo_mixed_temp,64,60,1.6094954013824463,-1.7858054637908936,1.0073314905166626,2.326216459274292,-1.3405232429504395,0.5513954162597656,-2.7832961082458496,2.3192105293273926
train,depablo_mixed_temp,64,70,1.2859876155853271,-1.5931339263916016,-0.13555635511875153,2.4823577404022217,-0.461687296628952,-0.009325364604592323,-3.493285655975342,1.499045968055725
train,depablo_mixed_temp,64,80,1.7216885089874268,-2.067039728164673,0.628710925579071,2.9949686527252197,-1.1656749248504639,0.35325053334236145,-3.7589213848114014,2.4036245346069336
train,depablo_mixed_temp,64,90,1.546480655670166,-1.8921163082122803,0.5653254389762878,2.7257308959960938,-1.0339254140853882,0.29887843132019043,-3.41308856010437,2.068427324295044
train,depablo_mixed_temp,64,100,1.8198500871658325,-2.26639986038208,0.5300719141960144,3.401508331298828,-1.1652870178222656,0.2670418918132782,-4.259217262268066,2.518681526184082
train,depablo_mixed_temp,65,0,1.388829231262207,-1.3624240159988403,1.9470237493515015,1.2388577461242676,-1.7999541759490967,1.000396966934204,-0.9473298788070679,2.2256009578704834
train,depablo_mixed_temp,65,10,1.5181903839111328,-1.3677940368652344,1.7961801290512085,1.314718246459961,-1.8238089084625244,0.901809811592102,-1.1356375217437744,2.5477287769317627
train,depablo_mixed_temp,65,20,1.4216421842575073,-1.385730504989624,1.3089274168014526,1.5371168851852417,-1.4313626289367676,0.7287997603416443,-1.6931533813476562,2.212815046310425
train,depablo_mixed_temp,65,30,1.7612388134002686,-1.7801454067230225,1.9391604661941528,1.969222903251648,-1.993033766746521,1.0254184007644653,-1.916193962097168,2.890296220779419
train,depablo_mixed_temp,65,40,2.17714786529541,-2.0944271087646484,2.7701497077941895,2.197154998779297,-2.742401123046875,1.3926876783370972,-1.7999649047851562,3.8049862384796143
train,depablo_mixed_temp,65,50,1.7108333110809326,-1.8665509223937988,1.2977136373519897,2.4011573791503906,-1.5881552696228027,0.6798953413963318,-2.707083225250244,2.6649651527404785
train,depablo_mixed_temp,65,60,2.4433088302612305,-2.3962583541870117,3.3277082443237305,2.4990129470825195,-3.2456040382385254,1.6250547170639038,-1.8601460456848145,4.39233922958374
train,depablo_mixed_temp,65,70,2.396831750869751,-2.43752384185791,2.455355644226074,2.9026434421539307,-2.719905138015747,1.1912782192230225,-2.788492441177368,4.182765007019043
train,depablo_mixed_temp,65,80,2.186594009399414,-2.5213048458099365,1.3637531995773315,3.597411632537842,-1.873594880104065,0.6877024173736572,-4.105304718017578,3.4831905364990234
train,depablo_mixed_temp,65,90,2.149791955947876,-2.565326690673828,1.5334669351577759,3.557950019836426,-1.9502876996994019,0.8062992095947266,-3.983618974685669,3.4527029991149902
train,depablo_mixed_temp,65,100,3.2766265869140625,-3.5905981063842773,3.317215919494629,4.724090576171875,-3.7470340728759766,1.44088876247406,-4.403011798858643,5.834205627441406
train,depablo_mixed_temp,66,0,1.3012099266052246,-1.25104558467865,1.7512160539627075,1.051253318786621,-1.5759758949279785,1.0008068084716797,-0.9236948490142822,1.883845567703247
train,depablo_mixed_temp,66,10,1.5306463241577148,-1.3902455568313599,1.3591254949569702,1.4309918880462646,-1.526649832725525,0.8037824630737305,-1.6357061862945557,2.3959908485412598
train,depablo_mixed_temp,66,20,1.3547719717025757,-1.2544450759887695,1.2855886220932007,1.1775754690170288,-1.3337913751602173,0.8503835797309875,-1.4337646961212158,1.9748332500457764
train,depablo_mixed_temp,66,30,1.68044912815094,-1.6424094438552856,1.5135294198989868,1.7877588272094727,-1.6604609489440918,0.9453693628311157,-2.0582194328308105,2.626025676727295
train,depablo_mixed_temp,66,40,1.7306708097457886,-1.9376006126403809,1.184914469718933,2.4975264072418213,-1.466590166091919,0.7410382628440857,-2.996208667755127,2.5420644283294678
train,depablo_mixed_temp,66,50,1.9086112976074219,-2.0543313026428223,1.8356337547302246,2.44368577003479,-1.9774880409240723,1.0079867839813232,-2.57843279838562,2.979954719543457
train,depablo_mixed_temp,66,60,2.043790817260742,-2.352346420288086,1.4888643026351929,3.1365489959716797,-1.856231451034546,0.7936334609985352,-3.532768964767456,3.1429531574249268
train,depablo_mixed_temp,66,70,2.1340813636779785,-2.6006674766540527,1.2635648250579834,3.658071517944336,-1.748371958732605,0.718836784362793,-4.2906084060668945,3.226919412612915
train,depablo_mixed_temp,66,80,1.5039913654327393,-1.9989013671875,-0.08817857503890991,3.157473564147949,-0.57422935962677,0.08457960933446884,-4.325876235961914,1.8559038639068604
train,depablo_mixed_temp,66,90,2.0629725456237793,-2.609614372253418,0.6114341616630554,4.004766464233398,-1.319881558418274,0.3489970564842224,-4.967416286468506,2.961841583251953
train,depablo_mixed_temp,66,100,2.0694079399108887,-2.584989309310913,0.4709041118621826,4.014556884765625,-1.243269443511963,0.268086701631546,-5.060324668884277,2.9254648685455322
train,depablo_mixed_temp,67,0,1.1320945024490356,-0.841643750667572,1.6788994073867798,0.3613620698451996,-1.4692224264144897,0.9136480689048767,-0.1278430074453354,1.5895628929138184
train,depablo_mixed_temp,67,10,1.1417360305786133,-0.971260666847229,1.3552533388137817,0.7181763052940369,-1.2594009637832642,0.7847999930381775,-0.7358587384223938,1.5157471895217896
train,depablo_mixed_temp,67,20,1.2069199085235596,-1.170209527015686,1.2206034660339355,1.1265630722045898,-1.2039910554885864,0.7192394733428955,-1.280748963356018,1.5699065923690796
train,depablo_mixed_temp,67,30,1.3153780698776245,-1.3003360033035278,1.3609213829040527,1.3043464422225952,-1.3497107028961182,0.7765930891036987,-1.4212901592254639,1.779836654663086
train,depablo_mixed_temp,67,40,1.3756465911865234,-1.4910613298416138,1.0124694108963013,1.8014814853668213,-1.1776255369186401,0.5739254355430603,-2.1556668281555176,1.7941761016845703
train,depablo_mixed_temp,67,50,1.331844449043274,-1.5791007280349731,0.6585896015167236,2.1000590324401855,-0.9231216311454773,0.4222598969936371,-2.68646240234375,1.6194796562194824
train,depablo_mixed_temp,67,60,1.470953106880188,-1.7734723091125488,0.7493425607681274,2.4178383350372314,-1.055176854133606,0.44404882192611694,-3.010559320449829,1.8564890623092651
train,depablo_mixed_temp,67,70,1.5838338136672974,-1.975872278213501,0.556110143661499,2.86968994140625,-1.0160462856292725,0.3077165186405182,-3.6144661903381348,2.012462854385376
train,depablo_mixed_temp,67,80,1.4316426515579224,-1.9563270807266235,-0.023181844502687454,3.067614793777466,-0.5558679103851318,0.06642703711986542,-4.148161888122559,1.5971879959106445
train,depablo_mixed_temp,67,90,1.3755284547805786,-1.9408000707626343,-0.3746139407157898,3.190434217453003,-0.31765511631965637,-0.11519401520490646,-4.455348491668701,1.4319013357162476
train,depablo_mixed_temp,67,100,1.5336990356445312,-2.2150685787200928,-0.47281938791275024,3.723505973815918,-0.3460664749145508,-0.18227779865264893,-5.131568431854248,1.6654911041259766
train,depablo_mixed_temp,68,0,1.4249694347381592,-1.347955584526062,1.9773410558700562,1.2271093130111694,-1.8742823600769043,0.9454506039619446,-0.8717126846313477,2.3453140258789062
train,depablo_mixed_temp,68,10,1.6636945009231567,-1.7313803434371948,1.9988105297088623,1.8996038436889648,-2.005183696746826,0.9769402742385864,-1.6918660402297974,2.769460916519165
train,depablo_mixed_temp,68,20,2.055307626724243,-1.9638437032699585,3.19427227973938,1.8260622024536133,-2.965367078781128,1.5016018152236938,-1.0126391649246216,3.6821486949920654
train,depablo_mixed_temp,68,30,2.127300500869751,-2.241791248321533,2.588012218475342,2.570906639099121,-2.639742374420166,1.201922059059143,-2.190805435180664,3.688647508621216
train,depablo_mixed_temp,68,40,2.1568408012390137,-2.2264816761016846,2.9541444778442383,2.3899331092834473,-2.8700709342956543,1.3836190700531006,-1.7973434925079346,3.788564443588257
train,depablo_mixed_temp,68,50,2.171626329421997,-2.474419116973877,2.456282615661621,3.0580530166625977,-2.556020736694336,1.1369956731796265,-2.81066632270813,3.6583566665649414
train,depablo_mixed_temp,68,60,2.0824344158172607,-2.4527828693389893,1.8384004831314087,3.2681052684783936,-2.139859676361084,0.8391081690788269,-3.369434118270874,3.39833927154541
train,depablo_mixed_temp,68,70,2.460627555847168,-2.907764196395874,2.278310775756836,3.9117045402526855,-2.6496284008026123,0.9644253253936768,-3.8659281730651855,4.148272514343262
train,depablo_mixed_temp,68,80,2.2035582065582275,-2.7768704891204834,1.2970887422561646,4.107923984527588,-1.9071338176727295,0.4858235716819763,-4.550485610961914,3.4945106506347656
train,depablo_mixed_temp,68,90,2.902326822280884,-3.367581605911255,2.9009270668029785,4.49090576171875,-3.2803502082824707,1.2124533653259277,-4.245031833648682,5.012589454650879
train,depablo_mixed_temp,68,100,2.7113893032073975,-3.330007553100586,1.9833991527557373,4.792269229888916,-2.6002321243286133,0.8132710456848145,-5.076026439666748,4.491189002990723
train,depablo_mixed_temp,69,0,1.4026010036468506,-1.5083997249603271,1.7514241933822632,1.4836539030075073,-1.6007685661315918,1.0552453994750977,-1.469419002532959,2.017158269882202
train,depablo_mixed_temp,69,10,1.437849998474121,-1.6135727167129517,1.637178659439087,1.7234206199645996,-1.5492712259292603,0.9903228282928467,-1.8002749681472778,2.041473388671875
train,depablo_mixed_temp,69,20,1.4531469345092773,-1.7133625745773315,1.4456307888031006,1.985612154006958,-1.4368164539337158,0.8921266198158264,-2.1968140602111816,2.0101232528686523
train,depablo_mixed_temp,69,30,1.4773221015930176,-1.807496428489685,1.2976431846618652,2.219407320022583,-1.3599326610565186,0.8106609582901001,-2.536001205444336,2.011197090148926
train,depablo_mixed_temp,69,40,1.501035213470459,-1.91221284866333,1.1124531030654907,2.488621711730957,-1.260023593902588,0.710019052028656,-2.933616876602173,2.00242018699646
train,depablo_mixed_temp,69,50,1.529375433921814,-2.0224692821502686,0.916662335395813,2.773611307144165,-1.157940149307251,0.6008129119873047,-3.3526253700256348,2.001309633255005
train,depablo_mixed_temp,69,60,1.5761680603027344,-2.148099899291992,0.7580059766769409,3.0701324939727783,-1.089232087135315,0.5088350772857666,-3.76833438873291,2.0407471656799316
train,depablo_mixed_temp,69,70,1.610958456993103,-2.2573232650756836,0.5800973176956177,3.34415340423584,-1.0025631189346313,0.4086271822452545,-4.167904853820801,2.0562052726745605
train,depablo_mixed_temp,69,80,1.6248477697372437,-2.3585238456726074,0.3533351421356201,3.626213312149048,-0.8723263740539551,0.28756773471832275,-4.598217487335205,2.0239481925964355
train,depablo_mixed_temp,69,90,1.6493510007858276,-2.467172145843506,0.0818953886628151,3.9423813819885254,-0.7255523204803467,0.13642698526382446,-5.088066101074219,2.0050063133239746
train,depablo_mixed_temp,69,100,1.7066551446914673,-2.59928560256958,-0.06039862707257271,4.245481491088867,-0.6765093803405762,0.0467304065823555,-5.498462677001953,2.07296085357666
train,depablo_mixed_temp,70,0,1.1983864307403564,-0.9058744311332703,1.8174591064453125,0.4930478632450104,-1.652664065361023,0.8713607788085938,-0.10816507041454315,1.8833070993423462
train,depablo_mixed_temp,70,10,1.3313831090927124,-1.1087080240249634,1.9068132638931274,0.8201116919517517,-1.777206540107727,0.9026710987091064,-0.4503539502620697,2.110210418701172
train,depablo_mixed_temp,70,20,1.413794755935669,-1.274233102798462,1.8428350687026978,1.1445143222808838,-1.7802727222442627,0.8621405363082886,-0.8624696135520935,2.2184226512908936
train,depablo_mixed_temp,70,30,1.5359923839569092,-1.4759480953216553,1.8668723106384277,1.4957414865493774,-1.858980655670166,0.8631753325462341,-1.2662279605865479,2.413036346435547
train,depablo_mixed_temp,70,40,1.6713731288909912,-1.6826574802398682,1.929884433746338,1.8424403667449951,-1.971734642982483,0.8769280314445496,-1.6404664516448975,2.642216682434082
train,depablo_mixed_temp,70,50,1.792073130607605,-1.880428671836853,1.9326735734939575,2.1976711750030518,-2.0384416580200195,0.8649432063102722,-2.056955099105835,2.8331193923950195
train,depablo_mixed_temp,70,60,1.909192681312561,-2.0713067054748535,1.945478081703186,2.5364623069763184,-2.1105711460113525,0.8565089702606201,-2.446382999420166,3.0221500396728516
train,depablo_mixed_temp,70,70,2.062622547149658,-2.291590929031372,2.0132505893707275,2.9073219299316406,-2.2400927543640137,0.8666259050369263,-2.8442838191986084,3.2898309230804443
train,depablo_mixed_temp,70,80,2.16884708404541,-2.482952117919922,1.9401644468307495,3.283658027648926,-2.2553012371063232,0.8149726986885071,-3.3186426162719727,3.444737434387207
train,depablo_mixed_temp,70,90,2.313002824783325,-2.6921846866607666,1.9992798566818237,3.637716293334961,-2.3750863075256348,0.821901798248291,-3.7002034187316895,3.697286605834961
train,depablo_mixed_temp,70,100,2.429582118988037,-2.872361898422241,2.0052695274353027,3.9619061946868896,-2.4465394020080566,0.8055480122566223,-4.072353839874268,3.89066219329834
train,depablo_mixed_temp,71,0,1.2704522609710693,-1.0288954973220825,1.684997320175171,0.8448352813720703,-1.6678606271743774,0.6870105266571045,-0.4854852855205536,2.0918216705322266
train,depablo_mixed_temp,71,10,1.7604219913482666,-1.5619271993637085,2.415515422821045,1.4936004877090454,-2.392237424850464,1.0029336214065552,-0.9096664190292358,3.088500499725342
train,depablo_mixed_temp,71,20,2.194746732711792,-1.820768117904663,3.775693655014038,1.3983738422393799,-3.4690213203430176,1.626129150390625,-0.14227890968322754,4.121167182922363
train,depablo_mixed_temp,71,30,2.400270462036133,-2.1681978702545166,3.9121949672698975,1.9651517868041992,-3.6560816764831543,1.6792858839035034,-0.7391069531440735,4.465418338775635
train,depablo_mixed_temp,71,40,2.4729974269866943,-2.296053409576416,3.958406925201416,2.187218189239502,-3.7181711196899414,1.6934938430786133,-0.9696447849273682,4.58450174331665
train,depablo_mixed_temp,71,50,2.5087521076202393,-2.4162940979003906,3.617017984390259,2.537546157836914,-3.5346195697784424,1.5202560424804688,-1.5586661100387573,4.573817729949951
train,depablo_mixed_temp,71,60,2.789931535720825,-2.73688006401062,4.101117134094238,2.9087440967559814,-3.984963893890381,1.7282484769821167,-1.760462999343872,5.128927230834961
train,depablo_mixed_temp,71,70,2.819019317626953,-2.918628454208374,3.6983330249786377,3.407489538192749,-3.758807897567749,1.5176844596862793,-2.528766632080078,5.092988014221191
train,depablo_mixed_temp,71,80,3.253706216812134,-3.358192205429077,4.542989253997803,3.8458499908447266,-4.511523723602295,1.8980313539505005,-2.6447880268096924,5.991817474365234
train,depablo_mixed_temp,71,90,3.3737683296203613,-3.510291814804077,4.565419673919678,4.110491752624512,-4.599564552307129,1.8890690803527832,-2.945026397705078,6.2073822021484375
train,depablo_mixed_temp,71,100,3.288259983062744,-3.4874513149261475,4.085180759429932,4.264543533325195,-4.257172107696533,1.6643930673599243,-3.371880292892456,5.951189041137695
train,depablo_mixed_temp,72,0,1.1244697570800781,-0.7385954856872559,1.8173837661743164,0.17437277734279633,-1.601872205734253,0.8911597728729248,0.23952603340148926,1.714245080947876
train,depablo_mixed_temp,72,10,1.1831157207489014,-0.9009338617324829,1.6730952262878418,0.5247065424919128,-1.539652705192566,0.817097008228302,-0.24399876594543457,1.7596817016601562
train,depablo_mixed_temp,72,20,1.3158776760101318,-1.1109037399291992,1.7388737201690674,0.8740336298942566,-1.6502705812454224,0.8358569145202637,-0.6228194236755371,1.9808759689331055
train,depablo_mixed_temp,72,30,1.4317586421966553,-1.3205338716506958,1.7181084156036377,1.2583476305007935,-1.6978261470794678,0.8153074383735657,-1.085900068283081,2.1547677516937256
train,depablo_mixed_temp,72,40,1.514202356338501,-1.4853346347808838,1.6485967636108398,1.5830612182617188,-1.6974124908447266,0.7733964920043945,-1.502543568611145,2.26257586479187
train,depablo_mixed_temp,72,50,1.638727068901062,-1.6973522901535034,1.674971103668213,1.952682614326477,-1.7786608934402466,0.7756620645523071,-1.9239897727966309,2.4628593921661377
train,depablo_mixed_temp,72,60,1.7391884326934814,-1.8949227333068848,1.6001193523406982,2.3383352756500244,-1.785532832145691,0.7288898825645447,-2.413616180419922,2.600228786468506
train,depablo_mixed_temp,72,70,1.8401871919631958,-2.0901851654052734,1.5064787864685059,2.729580879211426,-1.7837440967559814,0.6685792803764343,-2.9159951210021973,2.737713098526001
train,depablo_mixed_temp,72,80,1.9480655193328857,-2.2667713165283203,1.4860605001449585,3.0563457012176514,-1.831834316253662,0.6436315178871155,-3.308366060256958,2.906451463699341
train,depablo_mixed_temp,72,90,2.093179225921631,-2.4924991130828857,1.5047417879104614,3.455035448074341,-1.9256761074066162,0.6332972049713135,-3.7647347450256348,3.1480772495269775
train,depablo_mixed_temp,72,100,2.203521728515625,-2.670776844024658,1.4794386625289917,3.7885358333587646,-1.9742203950881958,0.602432131767273,-4.164249897003174,3.3232507705688477
train,depablo_mixed_temp,73,0,1.1523231267929077,-0.8766502141952515,1.774570107460022,0.4044281244277954,-1.5556578636169434,0.9389760494232178,-0.0976785272359848,1.704984188079834
train,depablo_mixed_temp,73,10,1.1807403564453125,-1.0290123224258423,1.5614951848983765,0.7696561813354492,-1.4317070245742798,0.8346439599990845,-0.6266409754753113,1.6816924810409546
train,depablo_mixed_temp,73,20,1.260015845298767,-1.2085756063461304,1.4644469022750854,1.1326618194580078,-1.4121198654174805,0.7784806489944458,-1.0988160371780396,1.775948166847229
train,depablo_mixed_temp,73,30,1.3934229612350464,-1.3869261741638184,1.5520052909851074,1.4165769815444946,-1.5416251420974731,0.8042782545089722,-1.391019344329834,2.0150628089904785
train,depablo_mixed_temp,73,40,1.5034223794937134,-1.5794302225112915,1.5241329669952393,1.7776713371276855,-1.5858184099197388,0.7713629603385925,-1.822483777999878,2.18041729927063
train,depablo_mixed_temp,73,50,1.5205936431884766,-1.712658166885376,1.2404881715774536,2.1365904808044434,-1.4201550483703613,0.626981258392334,-2.3749611377716064,2.136821746826172
train,depablo_mixed_temp,73,60,1.5800025463104248,-1.8560923337936401,1.131954312324524,2.438243865966797,-1.3827341794967651,0.568959653377533,-2.7825286388397217,2.1959424018859863
train,depablo_mixed_temp,73,70,1.7624804973602295,-2.080198287963867,1.2857496738433838,2.7842931747436523,-1.5870712995529175,0.610460638999939,-3.1042113304138184,2.544395685195923
train,depablo_mixed_temp,73,80,1.7886059284210205,-2.2304651737213135,0.9871166944503784,3.1806516647338867,-1.414754867553711,0.4586799144744873,-3.710026741027832,2.502901315689087
train,depablo_mixed_temp,73,90,1.8247771263122559,-2.3558592796325684,0.852060079574585,3.4634175300598145,-1.3485140800476074,0.3881245255470276,-4.102447509765625,2.520318031311035
train,depablo_mixed_temp,73,100,1.862151861190796,-2.5110363960266113,0.5493378043174744,3.8683557510375977,-1.1848021745681763,0.2311171591281891,-4.720462322235107,2.5083019733428955
train,depablo_mixed_temp,74,0,1.301586627960205,-1.235660433769226,1.8210636377334595,1.0085386037826538,-1.6267775297164917,1.0216923952102661,-0.8241043090820312,1.9224555492401123
train,depablo_mixed_temp,74,10,1.3187086582183838,-1.392292857170105,1.3936619758605957,1.4602606296539307,-1.369322657585144,0.8199894428253174,-1.576763391494751,1.8456673622131348
train,depablo_mixed_temp,74,20,1.4190291166305542,-1.4775128364562988,1.5081297159194946,1.5717144012451172,-1.507552981376648,0.8469091653823853,-1.6431593894958496,2.0541279315948486
train,depablo_mixed_temp,74,30,1.5440665483474731,-1.6706204414367676,1.7252230644226074,1.8231152296066284,-1.6956675052642822,0.9616392254829407,-1.842226505279541,2.291252851486206
train,depablo_mixed_temp,74,40,1.589816689491272,-1.7191076278686523,1.6636757850646973,1.9351541996002197,-1.6952240467071533,0.9095965623855591,-1.9993067979812622,2.3604776859283447
train,depablo_mixed_temp,74,50,1.6885675191879272,-2.060274839401245,1.2659233808517456,2.7216274738311768,-1.498350977897644,0.7002770900726318,-3.100748062133789,2.4116880893707275
train,depablo_mixed_temp,74,60,1.9697779417037964,-2.2659640312194824,1.9223122596740723,2.8294286727905273,-2.0666308403015137,0.9768915176391602,-2.9009554386138916,3.0377554893493652
train,depablo_mixed_temp,74,70,1.8056674003601074,-2.267059326171875,1.160035252571106,3.156323194503784,-1.5000038146972656,0.6223114728927612,-3.6484107971191406,2.5810387134552
train,depablo_mixed_temp,74,80,2.0300164222717285,-2.547395944595337,1.3436923027038574,3.574953556060791,-1.7577991485595703,0.6618106365203857,-4.034037113189697,3.0062196254730225
train,depablo_mixed_temp,74,90,2.039462089538574,-2.6099753379821777,1.3186835050582886,3.702592611312866,-1.733358383178711,0.663968563079834,-4.200406551361084,2.9973278045654297
train,depablo_mixed_temp,74,100,2.0732548236846924,-2.760240077972412,0.8934283256530762,4.157572269439697,-1.4981393814086914,0.4369699954986572,-4.9330339431762695,2.959587574005127
train,depablo_mixed_temp,75,0,1.2698626518249512,-1.2039960622787476,1.7502028942108154,0.9506011605262756,-1.546877145767212,1.0261236429214478,-0.8259261250495911,1.8082927465438843
train,depablo_mixed_temp,75,10,1.290940523147583,-1.2743791341781616,1.6267156600952148,1.1315231323242188,-1.4852298498153687,0.956125020980835,-1.0918363332748413,1.8145190477371216
train,depablo_mixed_temp,75,20,1.3842401504516602,-1.466829776763916,1.5558547973632812,1.5047473907470703,-1.4865795373916626,0.9180477857589722,-1.571117639541626,1.9371163845062256
train,depablo_mixed_temp,75,30,1.3345351219177246,-1.4767396450042725,1.329626202583313,1.6154192686080933,-1.3146175146102905,0.8153274059295654,-1.8112636804580688,1.7875574827194214
train,depablo_mixed_temp,75,40,1.4176963567733765,-1.6594237089157104,1.1531245708465576,2.0242738723754883,-1.2551270723342896,0.709227979183197,-2.3682663440704346,1.8822739124298096
train,depablo_mixed_temp,75,50,1.3872591257095337,-1.715472936630249,0.906873345375061,2.225644826889038,-1.0819364786148071,0.5944971442222595,-2.7221696376800537,1.7614461183547974
train,depablo_mixed_temp,75,60,1.3833895921707153,-1.8101428747177124,0.6335327625274658,2.5108697414398193,-0.9077551364898682,0.46084028482437134,-3.1878678798675537,1.6786181926727295
train,depablo_mixed_temp,75,70,1.5025619268417358,-2.010028123855591,0.606937050819397,2.887890338897705,-0.9642194509506226,0.4189589321613312,-3.627157211303711,1.8711374998092651
train,depablo_mixed_temp,75,80,1.5712848901748657,-2.15033221244812,0.5362368226051331,3.168928384780884,-0.9572721719741821,0.37825554609298706,-3.9914989471435547,1.962904930114746
train,depablo_mixed_temp,75,90,1.5895297527313232,-2.265225887298584,0.2469293773174286,3.504117965698242,-0.7960140705108643,0.2176235318183899,-4.508302688598633,1.928257942199707
train,depablo_mixed_temp,75,100,1.5524721145629883,-2.286444664001465,-0.10071443766355515,3.685128688812256,-0.5615094304084778,0.05366138368844986,-4.899857521057129,1.786021113395691
train,depablo_mixed_temp,76,0,1.113602638244629,-0.7864997386932373,1.6926263570785522,0.2977997362613678,-1.4943252801895142,0.8684391975402832,1.588128725416027e-05,1.618410348892212
train,depablo_mixed_temp,76,10,1.4603172540664673,-1.0280550718307495,2.402151346206665,0.4182789921760559,-2.1364223957061768,1.2033486366271973,0.16251394152641296,2.42246150970459
train,depablo_mixed_temp,76,20,1.1417710781097412,-0.8333288431167603,1.108101725578308,0.6087861061096191,-1.167795181274414,0.5942575335502625,-0.7047184109687805,1.5953946113586426
train,depablo_mixed_temp,76,30,1.129650354385376,-0.9705603718757629,0.7328433990478516,1.0042953491210938,-0.9107047915458679,0.4396491050720215,-1.3754855394363403,1.4606940746307373
train,depablo_mixed_temp,76,40,1.2954273223876953,-1.2336797714233398,0.9074593186378479,1.413551926612854,-1.1072461605072021,0.4936463236808777,-1.748712182044983,1.7499809265136719
train,depablo_mixed_temp,76,50,1.4760075807571411,-1.4280056953430176,0.9343386888504028,1.741806149482727,-1.242478370666504,0.47245457768440247,-2.130180597305298,2.0749247074127197
train,depablo_mixed_temp,76,60,2.008885622024536,-1.984241247177124,1.885602355003357,2.3660085201263428,-2.146003484725952,0.8399410247802734,-2.3547794818878174,3.201411724090576
train,depablo_mixed_temp,76,70,1.7840008735656738,-1.853292465209961,1.3891807794570923,2.32320499420166,-1.6906118392944336,0.6527235507965088,-2.5667476654052734,2.6679179668426514
train,depablo_mixed_temp,76,80,1.8851789236068726,-2.1375038623809814,1.0609872341156006,2.9721107482910156,-1.5219440460205078,0.5049266815185547,-3.514719247817993,2.716731071472168
train,depablo_mixed_temp,76,90,1.7617640495300293,-2.1189329624176025,0.4149377644062042,3.2230682373046875,-1.0891562700271606,0.133576899766922,-4.058750152587891,2.380918025970459
train,depablo_mixed_temp,76,100,2.187941312789917,-2.669924259185791,0.74143385887146,4.080972671508789,-1.5350067615509033,0.24529486894607544,-4.907162189483643,3.1824419498443604
train,depablo_mixed_temp,77,0,1.2219996452331543,-0.7945073843002319,1.9739127159118652,0.29592904448509216,-1.8387948274612427,0.809801459312439,0.3060719072818756,2.0954079627990723
train,depablo_mixed_temp,77,10,1.3169379234313965,-0.9954437613487244,1.9234511852264404,0.674447774887085,-1.8531559705734253,0.7802444696426392,-0.16545604169368744,2.2193360328674316
train,depablo_mixed_temp,77,20,1.6412098407745361,-1.3394145965576172,2.446053981781006,1.0720857381820679,-2.3524410724639893,1.006008505821228,-0.39144065976142883,2.8659443855285645
train,depablo_mixed_temp,77,30,1.8820534944534302,-1.6344093084335327,2.796135902404785,1.4558948278427124,-2.699272394180298,1.1531604528427124,-0.6721517443656921,3.3362534046173096
train,depablo_mixed_temp,77,40,2.06877064704895,-1.842254400253296,3.0577592849731445,1.7180724143981934,-2.961949110031128,1.2650089263916016,-0.8629376292228699,3.6980197429656982
train,depablo_mixed_temp,77,50,2.1602046489715576,-2.082038164138794,2.8679492473602295,2.2258522510528564,-2.888793706893921,1.1669193506240845,-1.5517632961273193,3.784464120864868
train,depablo_mixed_temp,77,60,2.48705792427063,-2.3881728649139404,3.4423415660858154,2.5386414527893066,-3.428537607192993,1.410892128944397,-1.6472327709197998,4.465612888336182
train,depablo_mixed_temp,77,70,2.752997636795044,-2.658785104751587,3.9265828132629395,2.826603889465332,-3.8766026496887207,1.6160999536514282,-1.7477896213531494,5.019646167755127
train,depablo_mixed_temp,77,80,2.786052942276001,-2.80956768989563,3.6550495624542236,3.210628032684326,-3.7243075370788574,1.4804692268371582,-2.3302600383758545,4.9986090660095215
train,depablo_mixed_temp,77,90,3.0808472633361816,-3.1447949409484863,4.037929058074951,3.653895616531372,-4.130115985870361,1.6283149719238281,-2.661999225616455,5.577664375305176
train,depablo_mixed_temp,77,100,3.3639400005340576,-3.457331657409668,4.413540840148926,4.056692123413086,-4.521052360534668,1.7828395366668701,-2.960426092147827,6.13316535949707
train,depablo_mixed_temp,78,0,1.3325400352478027,-1.1749554872512817,1.849676489830017,1.0091990232467651,-1.778009057044983,0.8252329230308533,-0.6305625438690186,2.218482494354248
train,depablo_mixed_temp,78,10,0.24823781847953796,0.5767742991447449,-0.6756479740142822,-1.14703369140625,0.3459123373031616,-0.12106731534004211,0.3658578395843506,0.19691020250320435
train,depablo_mixed_temp,78,20,1.3512241840362549,-0.9608662128448486,1.2793664932250977,0.8881322145462036,-1.4729551076889038,0.5611422061920166,-0.8466476202011108,2.2923684120178223
train,depablo_mixed_temp,78,30,1.433549404144287,-0.9757291078567505,1.012997031211853,0.9697091579437256,-1.3577065467834473,0.4970085024833679,-1.1982638835906982,2.4381330013275146
train,depablo_mixed_temp,78,40,1.894980788230896,-1.343839168548584,2.2619500160217285,1.1362992525100708,-2.3809478282928467,1.0459275245666504,-0.7672745585441589,3.4866976737976074
train,depablo_mixed_temp,78,50,2.5676252841949463,-2.0678091049194336,3.6805057525634766,1.8331894874572754,-3.6271820068359375,1.6761661767959595,-0.8885318040847778,4.924720287322998
train,depablo_mixed_temp,78,60,2.0673465728759766,-1.9018032550811768,1.6984080076217651,2.353693723678589,-2.131141185760498,0.7484381198883057,-2.455487012863159,3.6273670196533203
train,depablo_mixed_temp,78,70,3.340144395828247,-2.8768060207366943,4.935424327850342,2.8040552139282227,-4.829586982727051,2.1721673011779785,-1.3913483619689941,6.456474304199219
train,depablo_mixed_temp,78,80,3.4186863899230957,-3.098273277282715,4.808675765991211,3.2130305767059326,-4.801863670349121,2.124253273010254,-1.9540107250213623,6.5848283767700195
train,depablo_mixed_temp,78,90,3.3246347904205322,-3.1692984104156494,4.402704238891602,3.5132193565368652,-4.461987495422363,1.9979681968688965,-2.532932758331299,6.321836948394775
train,depablo_mixed_temp,78,100,3.872689723968506,-3.422081470489502,6.153559684753418,3.234081268310547,-5.864370346069336,2.7618205547332764,-1.3474292755126953,7.617988586425781
train,depablo_mixed_temp,79,0,1.0848678350448608,-0.6974691152572632,1.6441969871520996,0.15140828490257263,-1.4594075679779053,0.8286231160163879,0.1508316695690155,1.5582170486450195
train,depablo_mixed_temp,79,10,1.200089454650879,-0.9164589643478394,1.624715805053711,0.551622748374939,-1.5045735836029053,0.8110120296478271,-0.33063527941703796,1.7248092889785767
train,depablo_mixed_temp,79,20,1.2618805170059204,-1.0494403839111328,1.4906811714172363,0.8472299575805664,-1.4568482637405396,0.7338742017745972,-0.7435128688812256,1.7879654169082642
train,depablo_mixed_temp,79,30,1.29334557056427,-1.1634072065353394,1.3218549489974976,1.1219627857208252,-1.3663071393966675,0.648489236831665,-1.1497533321380615,1.78587806224823
train,depablo_mixed_temp,79,40,1.3091539144515991,-1.3116275072097778,1.0051515102386475,1.5198938846588135,-1.1737430095672607,0.4943907558917999,-1.7711715698242188,1.7196305990219116
train,depablo_mixed_temp,79,50,1.4084935188293457,-1.5258252620697021,0.886254608631134,1.9532548189163208,-1.150140404701233,0.4286312758922577,-2.339785575866699,1.8378077745437622
train,depablo_mixed_temp,79,60,1.4838205575942993,-1.7156400680541992,0.7184435129165649,2.3649213314056396,-1.087566614151001,0.33426228165626526,-2.8986079692840576,1.910866379737854
train,depablo_mixed_temp,79,70,1.609272837638855,-1.9265460968017578,0.7018494606018066,2.7530834674835205,-1.1461739540100098,0.31075629591941833,-3.360466480255127,2.108443021774292
train,depablo_mixed_temp,79,80,1.6140203475952148,-2.0546951293945312,0.37287628650665283,3.1208951473236084,-0.9419757127761841,0.14932391047477722,-3.9499192237854004,2.0237436294555664
train,depablo_mixed_temp,79,90,1.688165545463562,-2.2275707721710205,0.14361579716205597,3.5282063484191895,-0.8471320271492004,0.018442722037434578,-4.534881591796875,2.090099573135376
train,depablo_mixed_temp,79,100,1.688677191734314,-2.3266241550445557,-0.1450863480567932,3.8292911052703857,-0.6652193665504456,-0.12117676436901093,-5.028629302978516,2.0128488540649414
train,depablo_mixed_temp,80,0,1.4052140712738037,-1.339795470237732,1.9353666305541992,1.2130916118621826,-1.8213369846343994,0.9552221894264221,-0.9020243883132935,2.2688865661621094
train,depablo_mixed_temp,80,10,2.528207540512085,-2.219216823577881,4.009714603424072,1.8867318630218506,-3.737614631652832,1.9325495958328247,-0.8220271468162537,4.741991996765137
train,depablo_mixed_temp,80,20,2.853806257247925,-2.720177173614502,3.8855645656585693,2.833611488342285,-3.8452365398406982,1.8420453071594238,-2.017383575439453,5.254800796508789
train,depablo_mixed_temp,80,30,2.65645170211792,-2.3845791816711426,4.01804256439209,2.193636178970337,-3.8365187644958496,1.89266836643219,-1.1501277685165405,5.0002570152282715
train,depablo_mixed_temp,80,40,2.787698745727539,-2.5817511081695557,3.9987716674804688,2.556385040283203,-3.917675495147705,1.848126769065857,-1.5626884698867798,5.251236915588379
train,depablo_mixed_temp,80,50,2.204150915145874,-2.4768152236938477,1.661001443862915,3.339874744415283,-2.1369102001190186,0.7618334293365479,-3.596285820007324,3.677227735519409
train,depablo_mixed_temp,80,60,2.834350824356079,-2.87414288520813,3.247075319290161,3.3916869163513184,-3.4413485527038574,1.541918396949768,-2.9826765060424805,5.113722324371338
train,depablo_mixed_temp,80,70,3.181328535079956,-3.3428525924682617,3.936941385269165,3.9841079711914062,-4.084157943725586,1.7413049936294556,-3.2192962169647217,5.806393623352051
train,depablo_mixed_temp,80,80,3.0882935523986816,-3.205948829650879,3.42348575592041,3.8858437538146973,-3.722825050354004,1.564803123474121,-3.457763195037842,5.590885162353516
train,depablo_mixed_temp,80,90,3.0536389350891113,-3.357207775115967,2.8343472480773926,4.410983085632324,-3.313704490661621,1.321237564086914,-4.386790752410889,5.380274772644043
train,depablo_mixed_temp,80,100,4.172816276550293,-4.2908220291137695,5.369815349578857,5.069125175476074,-5.526744842529297,2.4040772914886475,-3.8951568603515625,7.886775016784668
train,depablo_mixed_temp,81,0,1.353241205215454,-1.2012274265289307,1.8630335330963135,1.0292714834213257,-1.7767407894134521,0.8605831265449524,-0.6847792863845825,2.196852922439575
train,depablo_mixed_temp,81,10,1.6382395029067993,-1.5023093223571777,2.388272285461426,1.3541011810302734,-2.2574305534362793,1.0874402523040771,-0.810347855091095,2.786391258239746
train,depablo_mixed_temp,81,20,1.7035006284713745,-1.6950751543045044,2.1985676288604736,1.7777490615844727,-2.1687629222869873,0.9942796230316162,-1.4040040969848633,2.8314456939697266
train,depablo_mixed_temp,81,30,1.936065673828125,-1.9617162942886353,2.5275685787200928,2.1163811683654785,-2.5004653930664062,1.1290497779846191,-1.6463004350662231,3.280179738998413
train,depablo_mixed_temp,81,40,2.234466075897217,-2.2916259765625,2.9624009132385254,2.5295803546905518,-2.9385995864868164,1.304702877998352,-1.9193530082702637,3.879521608352661
train,depablo_mixed_temp,81,50,2.34017276763916,-2.442687511444092,3.051943778991699,2.7656195163726807,-3.0497307777404785,1.3386125564575195,-2.152399778366089,4.067747592926025
train,depablo_mixed_temp,81,60,2.460782051086426,-2.6142642498016357,3.126950263977051,3.0393171310424805,-3.1596157550811768,1.37002694606781,-2.4457287788391113,4.281695365905762
train,depablo_mixed_temp,81,70,2.812490224838257,-2.9878029823303223,3.710908889770508,3.476433753967285,-3.7214207649230957,1.6029772758483887,-2.6616766452789307,5.000869274139404
train,depablo_mixed_temp,81,80,3.036322593688965,-3.278028726577759,3.8635401725769043,3.9385793209075928,-3.9495348930358887,1.636390209197998,-3.1194448471069336,5.411067485809326
train,depablo_mixed_temp,81,90,3.2053616046905518,-3.472615957260132,4.035852432250977,4.214148044586182,-4.151660919189453,1.7035777568817139,-3.3664298057556152,5.732351303100586
train,depablo_mixed_temp,81,100,3.190140962600708,-3.5705180168151855,3.5883824825286865,4.578668117523193,-3.8671085834503174,1.486567497253418,-4.01500940322876,5.602712154388428
train,depablo_mixed_temp,82,0,1.0823971033096313,-0.7236864566802979,1.6804966926574707,0.1542358249425888,-1.4520745277404785,0.9010522365570068,0.12497603893280029,1.5146769285202026
train,depablo_mixed_temp,82,10,0.9761989116668701,-0.6038097739219666,0.9809234142303467,0.2090775966644287,-0.9559298157691956,0.6270894408226013,-0.3741462826728821,1.2269426584243774
train,depablo_mixed_temp,82,20,1.1441380977630615,-0.8395832777023315,1.065551996231079,0.595191478729248,-1.1075888872146606,0.6360580325126648,-0.7810245752334595,1.5163636207580566
train,depablo_mixed_temp,82,30,0.5675519108772278,-0.3027379512786865,-0.2522192597389221,0.1742321401834488,0.04266258329153061,0.08094581961631775,-0.9597719311714172,0.2336084544658661
train,depablo_mixed_temp,82,40,1.2258319854736328,-1.0029493570327759,0.41946616768836975,1.1849943399429321,-0.7919940948486328,0.24922344088554382,-1.7586721181869507,1.5400066375732422
train,depablo_mixed_temp,82,50,1.114200472831726,-1.1008949279785156,-0.10825459659099579,1.5410892963409424,-0.37394553422927856,0.058612924069166183,-2.4770760536193848,1.1809502840042114
train,depablo_mixed_temp,82,60,1.8045976161956787,-1.7873854637145996,1.2273898124694824,2.2362754344940186,-1.6005419492721558,0.6092870831489563,-2.61061692237854,2.675262451171875
train,depablo_mixed_temp,82,70,1.41158926486969,-1.668718695640564,-0.5899942517280579,2.791884660720825,-0.26995036005973816,-0.27046799659729004,-4.132287502288818,1.5774762630462646
train,depablo_mixed_temp,82,80,1.579363226890564,-1.9581665992736816,0.003927952144294977,3.0634515285491943,-0.7020831108093262,0.02242426387965679,-4.136658191680908,1.9423044919967651
train,depablo_mixed_temp,82,90,1.4611375331878662,-1.8607094287872314,-0.6978440880775452,3.188495397567749,-0.2068769782781601,-0.30743637681007385,-4.6538262367248535,1.5920016765594482
train,depablo_mixed_temp,82,100,1.160895824432373,-2.085662841796875,-2.8788366317749023,4.5013322830200195,1.3044617176055908,-1.3517903089523315,-7.243562698364258,0.5711624622344971
train,depablo_mixed_temp,83,0,1.1362112760543823,-0.8077975511550903,1.714390516281128,0.3121723532676697,-1.5191258192062378,0.8840157985687256,-0.015991106629371643,1.6526448726654053
train,depablo_mixed_temp,83,10,1.3580454587936401,-0.9768171310424805,1.8723175525665283,0.5176271796226501,-1.7323493957519531,1.019434928894043,-0.2851288318634033,2.136416435241699
train,depablo_mixed_temp,83,20,1.4121131896972656,-1.2292404174804688,1.4493976831436157,1.142712950706482,-1.5051155090332031,0.7970435619354248,-1.2064589262008667,2.1134707927703857
train,depablo_mixed_temp,83,30,1.3393088579177856,-1.198191523551941,1.0336834192276,1.2847853899002075,-1.2070785760879517,0.5852170586585999,-1.574049472808838,1.890561580657959
train,depablo_mixed_temp,83,40,1.379901647567749,-1.4376089572906494,0.6077610850334167,1.890950322151184,-0.9609119296073914,0.37624043226242065,-2.489875316619873,1.8414802551269531
train,depablo_mixed_temp,83,50,1.4113359451293945,-1.35529625415802,0.9294949769973755,1.6224921941757202,-1.194296956062317,0.4827535152435303,-1.9825695753097534,1.9586079120635986
train,depablo_mixed_temp,83,60,1.3950200080871582,-1.515568494796753,0.7090014219284058,1.9809973239898682,-1.0207194089889526,0.4280487298965454,-2.538243532180786,1.8518784046173096
train,depablo_mixed_temp,83,70,1.7772971391677856,-1.9604467153549194,0.8997666835784912,2.7151939868927,-1.3793572187423706,0.4365840554237366,-3.2878944873809814,2.5580146312713623
train,depablo_mixed_temp,83,80,1.6000770330429077,-2.0650687217712402,-0.09577037394046783,3.313107490539551,-0.6531221270561218,-0.02532196044921875,-4.470293045043945,1.9897737503051758
train,depablo_mixed_temp,83,90,1.5848770141601562,-2.047899007797241,-0.24217331409454346,3.3434338569641113,-0.5610119104385376,-0.105661541223526,-4.5776286125183105,1.9334230422973633
train,depablo_mixed_temp,83,100,1.9998316764831543,-2.670576810836792,-0.1842624694108963,4.420280456542969,-0.8294945359230042,-0.0949820950627327,-5.8400187492370605,2.6578571796417236
train,depablo_mixed_temp,84,0,1.2090582847595215,-0.8322017788887024,1.8599306344985962,0.4092109501361847,-1.7538914680480957,0.7681494355201721,0.11473407596349716,2.044323682785034
train,depablo_mixed_temp,84,10,1.4293832778930664,-1.0912129878997803,2.2020456790924072,0.7312715649604797,-2.082744836807251,0.9162050485610962,-0.10193556547164917,2.4772181510925293
train,depablo_mixed_temp,84,20,1.6177372932434082,-1.3419238328933716,2.4251880645751953,1.0892665386199951,-2.3210089206695557,1.006475567817688,-0.414162278175354,2.8274569511413574
train,depablo_mixed_temp,84,30,1.7771754264831543,-1.5544675588607788,2.590675115585327,1.4010982513427734,-2.5071964263916016,1.0752360820770264,-0.7055780291557312,3.1190991401672363
train,depablo_mixed_temp,84,40,1.9837405681610107,-1.7901346683502197,2.886774778366089,1.7022029161453247,-2.8054397106170654,1.1961054801940918,-0.91560959815979,3.5285251140594482
train,depablo_mixed_temp,84,50,2.208261728286743,-2.066296100616455,3.20121169090271,2.0669496059417725,-3.1204891204833984,1.3285064697265625,-1.1929420232772827,3.961472511291504
train,depablo_mixed_temp,84,60,2.4371566772460938,-2.344832181930542,3.4655568599700928,2.457885503768921,-3.4115774631500244,1.4321098327636719,-1.524993896484375,4.400477409362793
train,depablo_mixed_temp,84,70,2.613644599914551,-2.582085371017456,3.624936103820801,2.8190948963165283,-3.607387065887451,1.4904797077178955,-1.871052861213684,4.7252678871154785
train,depablo_mixed_temp,84,80,2.8058037757873535,-2.8148515224456787,3.8557891845703125,3.1424803733825684,-3.8558266162872314,1.582238793373108,-2.1397974491119385,5.091013431549072
train,depablo_mixed_temp,84,90,2.98466420173645,-3.0401206016540527,4.035689353942871,3.472602367401123,-4.067549705505371,1.6507740020751953,-2.4408578872680664,5.431000232696533
train,depablo_mixed_temp,84,100,3.2252912521362305,-3.320016622543335,4.333653926849365,3.853459119796753,-4.388001441955566,1.767456293106079,-2.7426247596740723,5.9013895988464355
train,depablo_mixed_temp,85,0,1.237221598625183,-0.9156520366668701,1.84134840965271,0.5610110759735107,-1.7476580142974854,0.7755991220474243,-0.08551884442567825,2.074979305267334
train,depablo_mixed_temp,85,10,0.8827095627784729,-0.47310951352119446,0.9907758235931396,0.0824827179312706,-1.0253820419311523,0.45814990997314453,-0.027907073497772217,1.3496699333190918
train,depablo_mixed_temp,85,20,1.803570032119751,-1.4852510690689087,2.714524030685425,1.1844508647918701,-2.6021013259887695,1.1792559623718262,-0.45464184880256653,3.23478364944458
train,depablo_mixed_temp,85,30,1.8574976921081543,-1.761845350265503,2.277470588684082,1.8656412363052368,-2.345616579055786,0.9756888151168823,-1.4724998474121094,3.192589044570923
train,depablo_mixed_temp,85,40,2.084385395050049,-2.1107208728790283,2.1756839752197266,2.5293900966644287,-2.4002773761749268,0.9217060804367065,-2.3406832218170166,3.53328537940979
train,depablo_mixed_temp,85,50,2.2399485111236572,-2.215924024581909,2.6259782314300537,2.546410322189331,-2.783968925476074,1.08489191532135,-2.09846830368042,3.9128470420837402
train,depablo_mixed_temp,85,60,2.7959344387054443,-2.780384063720703,3.690342903137207,3.109464406967163,-3.7409446239471436,1.5769543647766113,-2.2678074836730957,5.093045234680176
train,depablo_mixed_temp,85,70,2.8248696327209473,-2.867220878601074,3.630526065826416,3.296454429626465,-3.7134194374084473,1.5320632457733154,-2.5074970722198486,5.082777500152588
train,depablo_mixed_temp,85,80,2.8006956577301025,-2.9693870544433594,3.1713390350341797,3.6575751304626465,-3.4277005195617676,1.3082549571990967,-3.1510658264160156,4.956881523132324
train,depablo_mixed_temp,85,90,3.014204978942871,-3.1867895126342773,3.5485665798187256,3.8927674293518066,-3.7620887756347656,1.4949132204055786,-3.270962715148926,5.375654220581055
train,depablo_mixed_temp,85,100,3.187389612197876,-3.2700254917144775,4.0412092208862305,3.8284850120544434,-4.1749114990234375,1.7056095600128174,-2.9607248306274414,5.792943477630615
train,depablo_mixed_temp,86,0,1.2423230409622192,-1.1056865453720093,1.7756967544555664,0.7987611889839172,-1.5802220106124878,0.9802448153495789,-0.587732195854187,1.827930212020874
train,depablo_mixed_temp,86,10,1.2586666345596313,-1.0499048233032227,1.7870045900344849,0.670921266078949,-1.598495364189148,1.0143883228302002,-0.4805183708667755,1.8913530111312866
train,depablo_mixed_temp,86,20,1.401494026184082,-1.3756251335144043,1.6924740076065063,1.3215327262878418,-1.6110813617706299,0.9396729469299316,-1.2597942352294922,2.0845868587493896
train,depablo_mixed_temp,86,30,1.5759305953979492,-1.6271566152572632,1.8831274509429932,1.6902934312820435,-1.8230035305023193,1.0133318901062012,-1.5956698656082153,2.4008219242095947
train,depablo_mixed_temp,86,40,1.2747259140014648,-1.5596314668655396,0.7520139813423157,2.031886339187622,-0.9461671113967896,0.5014896988868713,-2.545759677886963,1.6056944131851196
train,depablo_mixed_temp,86,50,1.5797977447509766,-1.833367109298706,1.3281642198562622,2.2906901836395264,-1.4834299087524414,0.7293915748596191,-2.559542655944824,2.2563729286193848
train,depablo_mixed_temp,86,60,1.718843698501587,-2.1090614795684814,1.1279444694519043,2.8761844635009766,-1.4315890073776245,0.6246049404144287,-3.3523178100585938,2.4384191036224365
train,depablo_mixed_temp,86,70,1.5782279968261719,-2.0691561698913574,0.7778908014297485,2.947518825531006,-1.122314453125,0.4838678240776062,-3.603498697280884,2.096278667449951
train,depablo_mixed_temp,86,80,1.8553699254989624,-2.305760622024536,1.3173394203186035,3.1722233295440674,-1.6340484619140625,0.6640399694442749,-3.5606331825256348,2.701240301132202
train,depablo_mixed_temp,86,90,1.9051648378372192,-2.526601791381836,0.9888229370117188,3.705327033996582,-1.4492239952087402,0.5099815726280212,-4.347803592681885,2.689744472503662
train,depablo_mixed_temp,86,100,2.0570085048675537,-2.6981089115142822,0.9061585664749146,4.036464214324951,-1.506978988647461,0.4322207272052765,-4.781808853149414,2.951986074447632
train,depablo_mixed_temp,87,0,1.1095058917999268,-0.6261434555053711,1.8605210781097412,0.02142900973558426,-1.688873529434204,0.7928969860076904,0.5403986573219299,1.8337194919586182
train,depablo_mixed_temp,87,10,1.242093563079834,-0.8481944799423218,1.8963204622268677,0.4036695063114166,-1.7780370712280273,0.8013760447502136,0.10362712293863297,2.043358325958252
train,depablo_mixed_temp,87,20,1.469795823097229,-1.1121153831481934,2.2628014087677,0.7239460349082947,-2.1257176399230957,0.960807740688324,-0.09952978789806366,2.4923062324523926
train,depablo_mixed_temp,87,30,1.5873167514801025,-1.3131297826766968,2.263045072555542,1.0825289487838745,-2.1868374347686768,0.9522253274917603,-0.5257559418678284,2.6736466884613037
train,depablo_mixed_temp,87,40,1.8029303550720215,-1.5916024446487427,2.494633197784424,1.485114574432373,-2.4467403888702393,1.0447328090667725,-0.8905730843544006,3.0740432739257812
train,depablo_mixed_temp,87,50,1.988037109375,-1.8315768241882324,2.721550226211548,1.8224514722824097,-2.686589002609253,1.1371254920959473,-1.17638099193573,3.4232828617095947
train,depablo_mixed_temp,87,60,2.183210849761963,-2.079055070877075,2.9233477115631104,2.181586265563965,-2.9189279079437256,1.214978814125061,-1.5036771297454834,3.78582501411438
train,depablo_mixed_temp,87,70,2.366725444793701,-2.33193302154541,3.059063196182251,2.5809240341186523,-3.1038734912872314,1.2601587772369385,-1.906745433807373,4.1139817237854
train,depablo_mixed_temp,87,80,2.524528741836548,-2.5594615936279297,3.1441071033477783,2.9541895389556885,-3.2434678077697754,1.2843433618545532,-2.3047189712524414,4.388589382171631
train,depablo_mixed_temp,87,90,2.7449700832366943,-2.8057382106781006,3.4641194343566895,3.2655718326568604,-3.565605878829956,1.4128466844558716,-2.5127484798431396,4.827120780944824
train,depablo_mixed_temp,87,100,2.952997922897339,-3.090552806854248,3.6048245429992676,3.719296455383301,-3.7690420150756836,1.4570701122283936,-2.9772253036499023,5.199737548828125
train,depablo_mixed_temp,88,0,1.2295576333999634,-1.0737807750701904,1.7313824892044067,0.7399353981018066,-1.5333662033081055,0.9776075482368469,-0.5673120021820068,1.7514026165008545
train,depablo_mixed_temp,88,10,1.4952422380447388,-1.266143560409546,2.284274101257324,0.8376508355140686,-2.020810842514038,1.2516056299209595,-0.4594975709915161,2.35030198097229
train,depablo_mixed_temp,88,20,1.4922903776168823,-1.5040555000305176,1.6364043951034546,1.555862545967102,-1.626116394996643,0.8993536233901978,-1.5730791091918945,2.1791274547576904
train,depablo_mixed_temp,88,30,1.5123653411865234,-1.5255199670791626,1.6388835906982422,1.5890777111053467,-1.6339503526687622,0.9061938524246216,-1.625138521194458,2.201775312423706
train,depablo_mixed_temp,88,40,1.6553442478179932,-1.8570623397827148,1.468416452407837,2.2537364959716797,-1.5995807647705078,0.8151805996894836,-2.487318277359009,2.3785135746002197
train,depablo_mixed_temp,88,50,1.55471670627594,-1.823134422302246,1.067800521850586,2.3664512634277344,-1.3008854389190674,0.6116678714752197,-2.7971866130828857,2.107543468475342
train,depablo_mixed_temp,88,60,1.6092441082000732,-1.9622290134429932,0.890347421169281,2.685420513153076,-1.2211415767669678,0.526775598526001,-3.2666542530059814,2.162748336791992
train,depablo_mixed_temp,88,70,1.7939674854278564,-2.2540836334228516,1.0212551355361938,3.1592931747436523,-1.3978825807571411,0.5700828433036804,-3.7531096935272217,2.475235939025879
train,depablo_mixed_temp,88,80,1.7525277137756348,-2.2894649505615234,0.42077192664146423,3.471550703048706,-1.0230731964111328,0.2621424198150635,-4.413712024688721,2.2933528423309326
train,depablo_mixed_temp,88,90,1.6045475006103516,-2.2077035903930664,0.028496887534856796,3.494555711746216,-0.6977551579475403,0.07283218204975128,-4.611833572387695,1.9382752180099487
train,depablo_mixed_temp,88,100,1.6749550104141235,-2.349835157394409,-0.44664913415908813,3.9502921104431152,-0.461444228887558,-0.1818723827600479,-5.389136791229248,1.972186803817749
train,depablo_mixed_temp,89,0,1.3331378698349,-1.2359638214111328,1.987292766571045,0.9481768608093262,-1.7633925676345825,1.079882264137268,-0.6482677459716797,2.0553317070007324
train,depablo_mixed_temp,89,10,1.6246055364608765,-1.480553150177002,2.505067825317383,1.155898928642273,-2.2460951805114746,1.332268238067627,-0.6830952167510986,2.696540355682373
train,depablo_mixed_temp,89,20,1.6307373046875,-1.576392650604248,2.37947678565979,1.3942877054214478,-2.1654200553894043,1.2693346738815308,-1.0073915719985962,2.6721954345703125
train,depablo_mixed_temp,89,30,1.802537441253662,-1.8244290351867676,2.35398530960083,1.8587040901184082,-2.2628142833709717,1.205573320388794,-1.543599247932434,2.9623594284057617
train,depablo_mixed_temp,89,40,1.9083843231201172,-2.019636392593384,2.2381486892700195,2.2667829990386963,-2.253119945526123,1.1258805990219116,-2.0683326721191406,3.1081347465515137
train,depablo_mixed_temp,89,50,1.582208275794983,-1.8519365787506104,1.160264015197754,2.394002914428711,-1.3915503025054932,0.6603672504425049,-2.7764739990234375,2.283212184906006
train,depablo_mixed_temp,89,60,1.6785203218460083,-2.0284440517425537,0.9433537125587463,2.797555446624756,-1.3170270919799805,0.5380529165267944,-3.363919496536255,2.3927409648895264
train,depablo_mixed_temp,89,70,2.3692963123321533,-2.5975186824798584,2.607698678970337,3.1592557430267334,-2.7470223903656006,1.2334476709365845,-2.9302384853363037,3.946214199066162
train,depablo_mixed_temp,89,80,2.3185064792633057,-2.623429298400879,2.392002582550049,3.2657480239868164,-2.5767204761505127,1.1672725677490234,-3.188610315322876,3.810055732727051
train,depablo_mixed_temp,89,90,2.307865858078003,-2.8372154235839844,1.9281388521194458,3.8776865005493164,-2.2801342010498047,0.9090214967727661,-4.07614278793335,3.6508584022521973
train,depablo_mixed_temp,89,100,2.060668468475342,-2.633342981338501,1.045331597328186,3.8560023307800293,-1.5902423858642578,0.5341243743896484,-4.536624908447266,3.02433705329895
val,reid,0,0,1.2510836124420166,-1.0477848052978516,1.6715143918991089,0.6230109333992004,-1.5046310424804688,0.985366940498352,-0.49956414103507996,1.7336641550064087
val,reid,0,10,1.3923250436782837,-1.2761341333389282,1.757444143295288,1.0015673637390137,-1.6336791515350342,1.006784439086914,-0.8930572271347046,1.9734772443771362
val,reid,0,50,1.9888453483581543,-2.2290570735931396,2.023000955581665,2.622096061706543,-2.1281564235687256,1.0422075986862183,-2.6253201961517334,2.982356071472168
val,reid,0,100,2.7643344402313232,-3.4293315410614014,2.1669461727142334,4.745488166809082,-2.6731460094451904,0.9696359634399414,-4.986846446990967,4.2999420166015625
val,reid,1,0,1.3660216331481934,-1.3324187994003296,1.8062288761138916,1.0538218021392822,-1.6167106628417969,1.116020679473877,-0.9712194204330444,1.9390559196472168
val,reid,1,10,1.4744882583618164,-1.5184698104858398,1.8453967571258545,1.3777422904968262,-1.701957106590271,1.1139411926269531,-1.3190006017684937,2.121664524078369
val,reid,1,50,2.0084517002105713,-2.3621480464935303,2.079897165298462,2.8216402530670166,-2.1611738204956055,1.119546890258789,-2.836550712585449,3.0640006065368652
val,reid,1,100,2.7726385593414307,-3.517770290374756,2.1933579444885254,4.87921667098999,-2.7079687118530273,1.0103577375411987,-5.114321231842041,4.421920299530029
val,reid,2,0,1.3668427467346191,-1.36209237575531,1.7763853073120117,1.1184303760528564,-1.5927605628967285,1.111775517463684,-1.066343069076538,1.9288363456726074
val,reid,2,10,1.4919006824493408,-1.5662932395935059,1.8460748195648193,1.4635529518127441,-1.7066655158996582,1.1212043762207031,-1.4222912788391113,2.146897554397583
val,reid,2,50,2.056309938430786,-2.398883819580078,2.240208625793457,2.819828987121582,-2.2786011695861816,1.2086013555526733,-2.768864631652832,3.1768686771392822
val,reid,2,100,2.7442333698272705,-3.313096284866333,2.73494815826416,4.280503273010254,-3.0007407665252686,1.321641206741333,-4.189239025115967,4.478302001953125
val,reid,3,0,1.2303003072738647,-0.9162269830703735,1.6296147108078003,0.32855892181396484,-1.4686225652694702,0.9846510887145996,-0.20663248002529144,1.645280361175537
val,reid,3,10,1.2510223388671875,-1.0299534797668457,1.436446189880371,0.6133740544319153,-1.3568166494369507,0.8884502649307251,-0.6344532370567322,1.6207109689712524
val,reid,3,50,1.3450464010238647,-1.50047767162323,0.585913896560669,1.8166089057922363,-0.8753213882446289,0.45596909523010254,-2.452580690383911,1.5360734462738037
val,reid,3,100,1.4981675148010254,-2.1179580688476562,-0.5771750807762146,3.423949956893921,-0.2502534091472626,-0.15892820060253143,-4.877674102783203,1.498899221420288
val,reid,4,0,1.2875189781188965,-1.1040467023849487,1.6926013231277466,0.6670055389404297,-1.520792007446289,1.0360097885131836,-0.5749157667160034,1.761460542678833
val,reid,4,10,1.3588069677352905,-1.2602877616882324,1.6265647411346436,0.9770963191986084,-1.517337441444397,0.9929180145263672,-0.966191291809082,1.8524560928344727
val,reid,4,50,1.6727018356323242,-1.913311243057251,1.336235523223877,2.2827086448669434,-1.5117239952087402,0.7947866320610046,-2.612891435623169,2.272181272506714
val,reid,4,100,2.10608172416687,-2.7632498741149902,0.8865557909011841,4.0202436447143555,-1.4930821657180786,0.47727471590042114,-4.819227695465088,2.8765809535980225
val,reid,5,0,1.2423752546310425,-1.025528907775879,1.6296792030334473,0.563347578048706,-1.4619574546813965,0.9939898252487183,-0.4778212010860443,1.6723442077636719
val,reid,5,10,1.3264589309692383,-1.1961063146591187,1.5845357179641724,0.8902573585510254,-1.4784901142120361,0.9596599340438843,-0.8786417245864868,1.788841962814331
val,reid,5,50,1.7022652626037598,-1.9176771640777588,1.388430118560791,2.27872633934021,-1.5656828880310059,0.8004069924354553,-2.5767946243286133,2.3308632373809814
val,reid,5,100,2.2376606464385986,-2.866466999053955,1.1150387525558472,4.119074821472168,-1.7141293287277222,0.5571033954620361,-4.818593502044678,3.1453967094421387
val,reid,6,0,1.29629647731781,-1.1192623376846313,1.6295872926712036,0.7197560667991638,-1.4887667894363403,0.9973352551460266,-0.6680768132209778,1.7550413608551025
val,reid,6,10,1.3552473783493042,-1.262181043624878,1.5363235473632812,1.0170371532440186,-1.4614570140838623,0.9426181316375732,-1.0582762956619263,1.8186923265457153
val,reid,6,50,1.614537000656128,-1.853171706199646,1.1324647665023804,2.257113456726074,-1.3545836210250854,0.6967756152153015,-2.686882257461548,2.119007110595703
val,reid,6,100,1.978578805923462,-2.6185033321380615,0.5620245933532715,3.890078067779541,-1.2203930616378784,0.33287742733955383,-4.835996150970459,2.5754621028900146
val,reid,7,0,1.3489900827407837,-1.2683302164077759,1.804126262664795,0.9419596195220947,-1.6151978969573975,1.0985546112060547,-0.8329398036003113,1.9147597551345825
val,reid,7,10,1.4566377401351929,-1.4552127122879028,1.8347830772399902,1.2699732780456543,-1.6940404176712036,1.0935389995574951,-1.1913187503814697,2.092041492462158
val,reid,7,50,1.9720780849456787,-2.2600040435791016,2.0422940254211426,2.650773286819458,-2.1231844425201416,1.0932791233062744,-2.6596734523773193,2.9877543449401855
val,reid,7,100,2.758610486984253,-3.3462400436401367,2.4137678146362305,4.474206924438477,-2.83625864982605,1.1120508909225464,-4.550868511199951,4.4265456199646
val,reid,8,0,1.3403033018112183,-1.254454493522644,1.6629804372787476,0.9941316843032837,-1.5351510047912598,0.9968440532684326,-0.9497178792953491,1.8707406520843506
val,reid,8,10,1.4752293825149536,-1.4709434509277344,1.7336654663085938,1.3585906028747559,-1.6539992094039917,1.008336067199707,-1.331947922706604,2.102268695831299
val,reid,8,50,2.1297061443328857,-2.457724094390869,2.084202527999878,3.009392738342285,-2.2473182678222656,1.0618854761123657,-3.04671049118042,3.255070686340332
val,reid,8,100,2.9582467079162598,-3.6669540405273438,2.3314990997314453,5.112900257110596,-2.902831792831421,1.0124844312667847,-5.319869518280029,4.718751430511475
val,reid,9,0,1.392364740371704,-1.344657063484192,1.717059850692749,1.045089602470398,-1.5662586688995361,1.1032742261886597,-1.043105959892273,1.911834478378296
val,reid,9,10,1.4312795400619507,-1.4631266593933105,1.5975351333618164,1.3108820915222168,-1.512944221496582,1.0358632802963257,-1.4065132141113281,1.9400690793991089
val,reid,9,50,1.601250171661377,-1.9500600099563599,1.0573605298995972,2.4271764755249023,-1.2776267528533936,0.7248204350471497,-2.9458930492401123,2.07631254196167
val,reid,9,100,1.840247631072998,-2.5726890563964844,0.27395567297935486,3.901207447052002,-0.9501577615737915,0.25854194164276123,-4.9986748695373535,2.2973179817199707
val,reid,10,0,1.4129639863967896,-1.3770090341567993,1.673834204673767,1.122799038887024,-1.556376576423645,1.0691041946411133,-1.149928092956543,1.940146803855896
val,reid,10,10,1.4690221548080444,-1.511374592781067,1.5892423391342163,1.403285264968872,-1.534745216369629,1.01558518409729,-1.5122547149658203,2.005241632461548
val,reid,10,50,1.721329689025879,-2.08027982711792,1.1948312520980835,2.608732223510742,-1.4383630752563477,0.7609438896179199,-3.0798704624176025,2.314685821533203
val,reid,10,100,2.084951877593994,-2.8353378772735596,0.5894066691398621,4.24920129776001,-1.2958046197891235,0.36023497581481934,-5.234910488128662,2.7911362648010254
val,reid,11,0,1.3866980075836182,-1.3783555030822754,1.7427978515625,1.133156180381775,-1.5802525281906128,1.1052279472351074,-1.1148427724838257,1.934826374053955
val,reid,11,10,1.4673291444778442,-1.5385628938674927,1.7131797075271606,1.4377926588058472,-1.6066707372665405,1.0747135877609253,-1.476757526397705,2.0540049076080322
val,reid,11,50,1.839370846748352,-2.2328124046325684,1.5624176263809204,2.7678511142730713,-1.7302286624908447,0.9215714335441589,-3.0652785301208496,2.622751235961914
val,reid,11,100,2.369962692260742,-3.1485986709594727,1.286877989768982,4.558689117431641,-1.8913496732711792,0.6572482585906982,-5.2293267250061035,3.464670181274414
val,reid,12,0,1.2815521955490112,-1.1503647565841675,1.6388248205184937,0.8125426173210144,-1.4835273027420044,0.9963560104370117,-0.7574666142463684,1.7522051334381104
val,reid,12,10,1.4184796810150146,-1.3643863201141357,1.725473165512085,1.1648865938186646,-1.6139110326766968,1.0153391361236572,-1.1178110837936401,1.9917916059494019
val,reid,12,50,2.053964376449585,-2.296414375305176,2.163041830062866,2.677945852279663,-2.2535552978515625,1.1106730699539185,-2.6243460178375244,3.138627529144287
val,reid,12,100,3.0413219928741455,-3.6312177181243896,2.8441903591156006,4.826653003692627,-3.273946762084961,1.2435849905014038,-4.7241058349609375,4.979485988616943
val,reid,13,0,1.3165913820266724,-1.1877895593643188,1.66672945022583,0.8258388042449951,-1.5127111673355103,1.0346401929855347,-0.7810068130493164,1.7962634563446045
val,reid,13,10,1.391344666481018,-1.3450450897216797,1.6134778261184692,1.132347583770752,-1.5190194845199585,0.9973717927932739,-1.1615403890609741,1.8953611850738525
val,reid,13,50,1.734445571899414,-2.0174906253814697,1.3921526670455933,2.4439072608947754,-1.5732265710830688,0.828380823135376,-2.779865264892578,2.378962278366089
val,reid,13,100,2.2151968479156494,-2.8861913681030273,1.0797157287597656,4.157639026641846,-1.6691981554031372,0.5701026916503906,-4.889038562774658,3.099515199661255
val,reid,14,0,1.392769694328308,-1.3272453546524048,1.7512335777282715,1.0189218521118164,-1.6008639335632324,1.0945491790771484,-0.9739542007446289,1.9487872123718262
val,reid,14,10,1.4365960359573364,-1.450143814086914,1.6495610475540161,1.2851815223693848,-1.5608632564544678,1.0358638763427734,-1.3288606405258179,1.9887101650238037
val,reid,14,50,1.6431427001953125,-1.9783345460891724,1.2097381353378296,2.434445381164551,-1.4054440259933472,0.7722241282463074,-2.855405569076538,2.2057950496673584
val,reid,14,100,1.9637643098831177,-2.6987454891204834,0.606024980545044,4.012763023376465,-1.2314633131027222,0.3859967589378357,-4.936038970947266,2.6005513668060303
val,reid,15,0,1.2107516527175903,-0.9180952310562134,1.6889171600341797,0.35972362756729126,-1.5000104904174805,0.9932141900062561,-0.18657565116882324,1.6634917259216309
val,reid,15,10,1.3111129999160767,-1.1068780422210693,1.6807307004928589,0.7042990922927856,-1.5478636026382446,0.9754521250724792,-0.589759886264801,1.8144583702087402
val,reid,15,50,1.7506624460220337,-1.9067342281341553,1.6197178363800049,2.178178310394287,-1.750732660293579,0.8779446482658386,-2.3217084407806396,2.48799729347229
val,reid,15,100,2.3125903606414795,-2.8980278968811035,1.421616792678833,4.062742233276367,-1.9552408456802368,0.6757122874259949,-4.581082820892334,3.357584238052368
val,reid,16,0,1.302801489830017,-1.1680152416229248,1.7048368453979492,0.7880133986473083,-1.5312241315841675,1.048658013343811,-0.7089533805847168,1.7964024543762207
val,reid,16,10,1.3807179927825928,-1.3267910480499268,1.6695449352264404,1.0906343460083008,-1.5507301092147827,1.018926978111267,-1.0744954347610474,1.905911922454834
val,reid,16,50,1.7290688753128052,-1.9936808347702026,1.5236592292785645,2.3639838695526123,-1.654899001121521,0.8844022750854492,-2.6056466102600098,2.4195613861083984
val,reid,16,100,2.214963674545288,-2.8635170459747314,1.2900055646896362,4.0505452156066895,-1.799774169921875,0.6659495830535889,-4.640578746795654,3.1674644947052
val,reid,17,0,1.314773440361023,-1.1991513967514038,1.6950700283050537,0.8751401901245117,-1.5398468971252441,1.0204238891601562,-0.7975963354110718,1.834434986114502
val,reid,17,10,1.4361523389816284,-1.398245096206665,1.7566179037094116,1.2119032144546509,-1.6450071334838867,1.029739260673523,-1.1520626544952393,2.040933609008789
val,reid,17,50,2.000007152557373,-2.2449142932891846,2.12739634513855,2.5988917350769043,-2.1982948780059814,1.108368158340454,-2.549241304397583,3.048720121383667
val,reid,17,100,2.822139024734497,-3.3940484523773193,2.5957014560699463,4.489314079284668,-2.986680507659912,1.1766656637191772,-4.471700668334961,4.55991792678833
val,reid,18,0,1.3531969785690308,-1.3269813060760498,1.6509819030761719,1.1048822402954102,-1.5115307569503784,1.036816120147705,-1.1157242059707642,1.8574905395507812
val,reid,18,10,1.4623582363128662,-1.512961506843567,1.6856770515441895,1.4290814399719238,-1.5934162139892578,1.0346051454544067,-1.468901515007019,2.0380678176879883
val,reid,18,50,1.9539713859558105,-2.3041751384735107,1.8516871929168701,2.8021044731140137,-1.977157473564148,1.0249192714691162,-2.952568292617798,2.874302625656128
val,reid,18,100,2.5831027030944824,-3.2869300842285156,1.9206664562225342,4.56912899017334,-2.3984487056732178,0.9270121455192566,-4.924744606018066,3.948394775390625
val,reid,19,0,1.3149811029434204,-1.2189749479293823,1.7255833148956299,0.8827704787254333,-1.5460761785507202,1.0635536909103394,-0.8076798319816589,1.827481985092163
val,reid,19,10,1.4324666261672974,-1.4164507389068604,1.775881052017212,1.22183096408844,-1.641703724861145,1.0681569576263428,-1.1702585220336914,2.0244476795196533
val,reid,19,50,1.998522400856018,-2.288419246673584,2.1233367919921875,2.670369863510132,-2.1785571575164795,1.1350579261779785,-2.645911693572998,3.0251243114471436
val,reid,19,100,2.798449993133545,-3.437192440032959,2.62070631980896,4.565907955169678,-2.9590604305267334,1.2230453491210938,-4.549285888671875,4.482780933380127
val,depablo_low_temp,20,0,1.4113978147506714,-1.51943838596344,1.8229948282241821,1.4729719161987305,-1.650938868522644,1.0936315059661865,-1.4169411659240723,2.0628976821899414
val,depablo_low_temp,20,10,1.4416433572769165,-1.6302599906921387,1.6801738739013672,1.7338322401046753,-1.577161431312561,1.0178886651992798,-1.788195252418518,2.0688533782958984
val,depablo_low_temp,20,50,1.580815315246582,-2.0918502807617188,1.0461227893829346,2.8404290676116943,-1.2623591423034668,0.6719500422477722,-3.3703536987304688,2.123368263244629
val,depablo_low_temp,20,100,1.7754899263381958,-2.6795096397399902,0.11480861902236938,4.310047626495361,-0.8150290846824646,0.14567479491233826,-5.498758792877197,2.2284421920776367
val,depablo_low_temp,21,0,1.369349479675293,-1.408475637435913,1.8449039459228516,1.286026120185852,-1.6596732139587402,1.0721646547317505,-1.1615221500396729,2.0271823406219482
val,depablo_low_temp,21,10,1.4123941659927368,-1.5274910926818848,1.739384412765503,1.546226978302002,-1.6164828538894653,1.0125222206115723,-1.5134762525558472,2.0635294914245605
val,depablo_low_temp,21,50,1.6115986108779907,-2.022662401199341,1.2906744480133057,2.635890007019043,-1.451516032218933,0.7482320666313171,-2.9849741458892822,2.263713836669922
val,depablo_low_temp,21,100,1.8934236764907837,-2.651369333267212,0.6666988730430603,4.049133777618408,-1.2431550025939941,0.36374321579933167,-4.900211811065674,2.5874710083007812
val,depablo_low_temp,22,0,1.0543662309646606,-0.6668933033943176,1.6883622407913208,0.0500003956258297,-1.4420326948165894,0.9058690071105957,0.25102466344833374,1.4686356782913208
val,depablo_low_temp,22,10,1.078498363494873,-0.7980413436889648,1.4690529108047485,0.3751413822174072,-1.3133633136749268,0.8003205060958862,-0.240556538105011,1.4379706382751465
val,depablo_low_temp,22,50,1.1986712217330933,-1.3514912128448486,0.5332803726196289,1.7555903196334839,-0.7834439873695374,0.3381592333316803,-2.3228282928466797,1.3539265394210815
val,depablo_low_temp,22,100,1.385098934173584,-2.0657875537872314,-0.730905294418335,3.5700535774230957,-0.1023501455783844,-0.31210872530937195,-5.0590691566467285,1.3207255601882935
val,depablo_low_temp,23,0,1.3893898725509644,-1.2241082191467285,1.9891464710235596,1.014864444732666,-1.8825314044952393,0.9137544631958008,-0.601483166217804,2.305558681488037
val,depablo_low_temp,23,10,1.5190587043762207,-1.4188079833984375,2.0823476314544678,1.3250185251235962,-2.0086307525634766,0.9473774433135986,-0.9222137331962585,2.531684637069702
val,depablo_low_temp,23,50,2.1305172443389893,-2.257678508758545,2.6202621459960938,2.6074814796447754,-2.6760597229003906,1.1447031497955322,-2.170163154602051,3.6484436988830566
val,depablo_low_temp,23,100,2.996670961380005,-3.377650260925293,3.3496713638305664,4.321578025817871,-3.6217827796936035,1.3909283876419067,-3.823068141937256,5.26763916015625
val,depablo_low_temp,24,0,1.266129732131958,-1.0557644367218018,1.8631930351257324,0.7232140898704529,-1.6993666887283325,0.9270414113998413,-0.38153085112571716,1.983486294746399
val,depablo_low_temp,24,10,1.3540374040603638,-1.221375584602356,1.8441985845565796,1.0278778076171875,-1.7316569089889526,0.9106476902961731,-0.7500182390213013,2.109743595123291
val,depablo_low_temp,24,50,1.7656928300857544,-1.9310157299041748,1.8311928510665894,2.309148073196411,-1.941030502319336,0.8612335920333862,-2.2611498832702637,2.7444028854370117
val,depablo_low_temp,24,100,2.3505425453186035,-2.865176200866699,1.8166722059249878,4.003622531890869,-2.261807918548584,0.772322952747345,-4.2435173988342285,3.690190553665161
val,depablo_low_temp,25,0,1.4833788871765137,-1.5307343006134033,1.8712120056152344,1.6236162185668945,-1.8504775762557983,0.8737348318099976,-1.361379623413086,2.466989755630493
val,depablo_low_temp,25,10,1.6121398210525513,-1.7090725898742676,2.0038318634033203,1.8883014917373657,-1.9992649555206299,0.9283002614974976,-1.6108956336975098,2.698366165161133
val,depablo_low_temp,25,50,2.2480342388153076,-2.513042449951172,2.751678228378296,3.020315170288086,-2.804384708404541,1.2340294122695923,-2.5873324871063232,3.8922834396362305
val,depablo_low_temp,25,100,3.0498979091644287,-3.508176803588867,3.5251238346099854,4.490259170532227,-3.7369847297668457,1.5142698287963867,-3.9357590675354004,5.397351264953613
val,depablo_low_temp,26,0,1.2241767644882202,-0.9972965717315674,1.8507792949676514,0.6720966100692749,-1.702406406402588,0.8671172857284546,-0.25873440504074097,2.0063552856445312
val,depablo_low_temp,26,10,1.3508470058441162,-1.1827540397644043,1.971497654914856,0.9539940357208252,-1.8416297435760498,0.9165477752685547,-0.5341335535049438,2.2286088466644287
val,depablo_low_temp,26,50,1.9705103635787964,-2.0007128715515137,2.7059295177459717,2.1169557571411133,-2.62394642829895,1.2184906005859375,-1.550065279006958,3.378732204437256
val,depablo_low_temp,26,100,2.7672789096832275,-3.0317788124084473,3.526089668273926,3.631863832473755,-3.571894645690918,1.5288615226745605,-2.927074670791626,4.866744518280029
val,depablo_low_temp,27,0,1.3222777843475342,-1.1850069761276245,1.8837010860443115,0.9952385425567627,-1.7686163187026978,0.8866106867790222,-0.6321542859077454,2.1666922569274902
val,depablo_low_temp,27,10,1.4500417709350586,-1.3735201358795166,1.989155888557434,1.288540244102478,-1.8990051746368408,0.9295284748077393,-0.9299486875534058,2.388368606567383
val,depablo_low_temp,27,50,2.0906856060028076,-2.2258987426757812,2.6288342475891113,2.5497195720672607,-2.635653495788574,1.186976432800293,-2.1172516345977783,3.556152105331421
val,depablo_low_temp,27,100,3.0225343704223633,-3.386122941970825,3.501481771469116,4.272370338439941,-3.69942045211792,1.5074325799942017,-3.7246968746185303,5.296995162963867
val,depablo_low_temp,28,0,1.294581413269043,-1.2646734714508057,1.7755424976348877,1.048130989074707,-1.5754940509796143,1.0431163311004639,-0.9249466061592102,1.8685195446014404
val,depablo_low_temp,28,10,1.3212977647781372,-1.3795653581619263,1.6092334985733032,1.3256094455718994,-1.4849989414215088,0.956718921661377,-1.3276599645614624,1.8628662824630737
val,depablo_low_temp,28,50,1.4515435695648193,-1.866737723350525,0.882825493812561,2.5147414207458496,-1.1067935228347778,0.5685905814170837,-3.0536720752716064,1.878669261932373
val,depablo_low_temp,28,100,1.648850917816162,-2.5021584033966064,-0.14333930611610413,4.107100963592529,-0.5999943614006042,-0.0010785817867144942,-5.375410079956055,1.961217999458313
val,depablo_low_temp,29,0,1.1436607837677002,-0.7639776468276978,1.7503068447113037,0.2768315076828003,-1.5912902355194092,0.8123258352279663,0.11626063287258148,1.7625727653503418
val,depablo_low_temp,29,10,1.2651363611221313,-0.964013397693634,1.7922933101654053,0.6179931163787842,-1.6804038286209106,0.8216967582702637,-0.2658066153526306,1.9598743915557861
val,depablo_low_temp,29,50,1.81370210647583,-1.808027982711792,2.053515672683716,2.0255768299102783,-2.1367170810699463,0.8912431597709656,-1.7944366931915283,2.88987398147583
val,depablo_low_temp,29,100,2.5442216396331787,-2.8968398571014404,2.308030366897583,3.8820929527282715,-2.704721450805664,0.9216845035552979,-3.842463731765747,4.143667697906494
val,depablo_low_temp,30,0,1.3543413877487183,-1.1357901096343994,2.0883662700653076,0.8440602421760559,-1.9599595069885254,0.9176315069198608,-0.2922879457473755,2.3685715198516846
val,depablo_low_temp,30,10,1.504814863204956,-1.339867115020752,2.2656941413879395,1.1340512037277222,-2.146641254425049,0.9950792193412781,-0.5531888604164124,2.643394708633423
val,depablo_low_temp,30,50,2.222944736480713,-2.2447638511657715,3.1774566173553467,2.370920181274414,-3.0920095443725586,1.3843214511871338,-1.5850651264190674,4.001097202301025
val,depablo_low_temp,30,100,3.1511309146881104,-3.3938446044921875,4.194794178009033,4.008090496063232,-4.236581325531006,1.7858796119689941,-3.025157928466797,5.761791706085205
val,depablo_low_temp,31,0,1.3170089721679688,-1.2649086713790894,1.7922784090042114,1.0643590688705444,-1.621155858039856,1.0057446956634521,-0.9034969806671143,1.9482975006103516
val,depablo_low_temp,31,10,1.3697444200515747,-1.4013322591781616,1.6883444786071777,1.3540606498718262,-1.5834777355194092,0.947612464427948,-1.2909560203552246,1.999711275100708
val,depablo_low_temp,31,50,1.6195707321166992,-1.9843173027038574,1.2632875442504883,2.588014602661133,-1.4572536945343018,0.6962054371833801,-2.925598382949829,2.2821760177612305
val,depablo_low_temp,31,100,1.9973609447479248,-2.764878511428833,0.7100688219070435,4.242199420928955,-1.3414466381072998,0.3417438566684723,-5.092492580413818,2.77162504196167
val,depablo_low_temp,32,0,1.195980429649353,-0.7851192951202393,2.0012285709381104,0.25602665543556213,-1.8252326250076294,0.8590782284736633,0.34942978620529175,2.044222354888916
val,depablo_low_temp,32,10,1.3401702642440796,-0.9969068765640259,2.1301076412200928,0.5804370045661926,-1.9780194759368896,0.9130523204803467,0.02509777620434761,2.2955305576324463
val,depablo_low_temp,32,50,2.031445026397705,-1.9427951574325562,2.8027725219726562,1.9932081699371338,-2.7584950923919678,1.1853139400482178,-1.3272424936294556,3.5430049896240234
val,depablo_low_temp,32,100,2.989699602127075,-3.1944475173950195,3.6401820182800293,3.893277883529663,-3.808577299118042,1.4888287782669067,-3.160388708114624,5.302318572998047
val,depablo_low_temp,33,0,1.1749556064605713,-0.9212512373924255,1.6909635066986084,0.4974546730518341,-1.4984917640686035,0.9195208549499512,-0.2832406461238861,1.663061261177063
val,depablo_low_temp,33,10,1.207581877708435,-1.055176854133606,1.4958016872406006,0.819266676902771,-1.3917338848114014,0.8209906816482544,-0.7556843757629395,1.6558623313903809
val,depablo_low_temp,33,50,1.3575081825256348,-1.6126444339752197,0.6527477502822876,2.175898790359497,-0.9454835653305054,0.38397273421287537,-2.7496232986450195,1.658555269241333
val,depablo_low_temp,33,100,1.5742822885513306,-2.3270726203918457,-0.5019663572311401,3.9547581672668457,-0.36061927676200867,-0.2370479851961136,-5.370789051055908,1.7197227478027344
val,depablo_low_temp,34,0,1.2948883771896362,-1.0947543382644653,1.887953281402588,0.8579033613204956,-1.793196201324463,0.831296443939209,-0.4118395447731018,2.198699474334717
val,depablo_low_temp,34,10,1.4434865713119507,-1.2966609001159668,2.0622689723968506,1.146972894668579,-1.9783985614776611,0.9052389860153198,-0.6702005863189697,2.4737308025360107
val,depablo_low_temp,34,50,2.1521847248077393,-2.2049357891082764,2.9392240047454834,2.411294937133789,-2.899918556213379,1.2724990844726562,-1.7411038875579834,3.8188228607177734
val,depablo_low_temp,34,100,3.012639045715332,-3.323809862136841,3.7377214431762695,4.094897270202637,-3.876096487045288,1.5639199018478394,-3.326280355453491,5.427823066711426
val,depablo_low_temp,35,0,1.2460644245147705,-0.8278792500495911,2.1356213092803955,0.26515993475914,-1.9277204275131226,0.9345269203186035,0.38448604941368103,2.133131265640259
val,depablo_low_temp,35,10,1.3870739936828613,-1.0427789688110352,2.2368059158325195,0.6062755584716797,-2.0615432262420654,0.9755153059959412,0.026539411395788193,2.372340202331543
val,depablo_low_temp,35,50,2.101184129714966,-2.0158135890960693,2.9260926246643066,2.0599281787872314,-2.8661487102508545,1.2527822256088257,-1.366286277770996,3.664274215698242
val,depablo_low_temp,35,100,3.071596622467041,-3.269327402114868,3.8194637298583984,3.9407262802124023,-3.95868182182312,1.5815215110778809,-3.148145914077759,5.4626288414001465
val,depablo_low_temp,36,0,1.259259819984436,-1.1376184225082397,1.7464827299118042,0.8643367290496826,-1.5673366785049438,0.9683317542076111,-0.6865948438644409,1.8340004682540894
val,depablo_low_temp,36,10,1.3173376321792603,-1.2794983386993408,1.6511321067810059,1.160597801208496,-1.5384495258331299,0.9128208160400391,-1.0768358707427979,1.8969953060150146
val,depablo_low_temp,36,50,1.579972743988037,-1.8826736211776733,1.2356152534484863,2.427959680557251,-1.4263144731521606,0.6620298624038696,-2.74367094039917,2.204890489578247
val,depablo_low_temp,36,100,1.9501445293426514,-2.6779625415802,0.6171841025352478,4.137267589569092,-1.2669875621795654,0.2733154594898224,-5.003762245178223,2.668850898742676
val,depablo_low_temp,37,0,1.4000859260559082,-1.4265460968017578,1.9220473766326904,1.3052268028259277,-1.7421972751617432,1.0763545036315918,-1.1188911199569702,2.1346733570098877
val,depablo_low_temp,37,10,1.4613608121871948,-1.5639888048171997,1.8563439846038818,1.5816700458526611,-1.7338991165161133,1.0344082117080688,-1.4703493118286133,2.2115964889526367
val,depablo_low_temp,37,50,1.7443971633911133,-2.1481683254241943,1.580201506614685,2.7585043907165527,-1.7219185829162598,0.8472312092781067,-2.96004319190979,2.5942184925079346
val,depablo_low_temp,37,100,2.160041332244873,-2.9222795963287354,1.1898441314697266,4.336028575897217,-1.7333767414093018,0.562971830368042,-4.953649520874023,3.2009775638580322
val,depablo_low_temp,38,0,1.3114053010940552,-1.0101474523544312,1.9876399040222168,0.6407618522644043,-1.8535174131393433,0.8835358619689941,-0.14950449764728546,2.1710755825042725
val,depablo_low_temp,38,10,1.4478027820587158,-1.2205649614334106,2.0818850994110107,0.9774776101112366,-1.980970859527588,0.9207539558410645,-0.5039469599723816,2.4020841121673584
val,depablo_low_temp,38,50,2.0832443237304688,-2.1277663707733154,2.611985445022583,2.381427526473999,-2.6435494422912598,1.1277046203613281,-1.9096627235412598,3.5280632972717285
val,depablo_low_temp,38,100,2.9241058826446533,-3.275002956390381,3.2526254653930664,4.177227020263672,-3.5051653385162354,1.3491955995559692,-3.709591865539551,5.048581600189209
val,depablo_low_temp,39,0,1.1967180967330933,-1.02305269241333,1.6531915664672852,0.681111216545105,-1.4666533470153809,0.9385889768600464,-0.540402889251709,1.6674151420593262
val,depablo_low_temp,39,10,1.2226520776748657,-1.1472439765930176,1.453318476676941,0.9875292778015137,-1.3534594774246216,0.8384250402450562,-0.9968562126159668,1.6488971710205078
val,depablo_low_temp,39,50,1.34275484085083,-1.666872262954712,0.583195149898529,2.2876031398773193,-0.8739650249481201,0.39248034358024597,-2.937269687652588,1.598991870880127
val,depablo_low_temp,39,100,1.5156655311584473,-2.3321661949157715,-0.6317675113677979,4.0035176277160645,-0.22798991203308105,-0.25235825777053833,-5.513014793395996,1.5785493850708008
val,depablo_mixed_temp,40,0,1.117705225944519,-0.6880221366882324,1.7703843116760254,0.19149349629878998,-1.6475460529327393,0.7293702363967896,0.32380545139312744,1.863109827041626
val,depablo_mixed_temp,40,10,1.107396125793457,-0.6584646701812744,0.7994241118431091,0.4987305700778961,-1.0926198959350586,0.26532676815986633,-0.5866255164146423,1.7495315074920654
val,depablo_mixed_temp,40,50,1.5061534643173218,-1.4973443746566772,0.5049580931663513,2.1430602073669434,-1.1204195022583008,0.06201261654496193,-2.6325652599334717,2.2860214710235596
val,depablo_mixed_temp,40,100,2.874079704284668,-2.558746099472046,3.434191942214966,2.7945687770843506,-3.6988115310668945,1.4105998277664185,-2.0806005001068115,5.321146488189697
val,depablo_mixed_temp,41,0,1.410882592201233,-1.5188382863998413,1.820685863494873,1.4731773138046265,-1.6493260860443115,1.0921493768692017,-1.418046474456787,2.0615174770355225
val,depablo_mixed_temp,41,10,1.6138520240783691,-1.765127420425415,1.7695329189300537,1.9214009046554565,-1.739948034286499,1.06869637966156,-2.010645866394043,2.4401943683624268
val,depablo_mixed_temp,41,50,1.9431092739105225,-2.3370721340179443,1.604669213294983,3.032684087753296,-1.8373701572418213,0.9194870591163635,-3.3625781536102295,2.9601125717163086
val,depablo_mixed_temp,41,100,2.391899824142456,-3.0501885414123535,1.4171357154846191,4.4197845458984375,-1.9939275979995728,0.7285899519920349,-5.0431437492370605,3.666193962097168
val,depablo_mixed_temp,42,0,1.3694332838058472,-1.4088773727416992,1.8441522121429443,1.2870423793792725,-1.6592050790786743,1.0718417167663574,-1.1631441116333008,2.027024507522583
val,depablo_mixed_temp,42,10,1.4128307104110718,-1.5180063247680664,1.748520016670227,1.5230728387832642,-1.624610424041748,1.0159028768539429,-1.4828826189041138,2.069737672805786
val,depablo_mixed_temp,42,50,1.6326223611831665,-2.022186756134033,1.3655732870101929,2.603900909423828,-1.5129421949386597,0.7787253856658936,-2.9094200134277344,2.3214917182922363
val,depablo_mixed_temp,42,100,1.8858851194381714,-2.631208658218384,0.6819676160812378,4.005622863769531,-1.2506691217422485,0.3693356215953827,-4.8401923179626465,2.581258773803711
val,depablo_mixed_temp,43,0,1.0514355897903442,-0.6613689661026001,1.7159807682037354,0.028566908091306686,-1.4577113389968872,0.9217358827590942,0.2915613651275635,1.476048231124878
val,depablo_mixed_temp,43,10,1.2645119428634644,-0.9737956523895264,1.54312264919281,0.6527591943740845,-1.4810656309127808,0.8104299902915955,-0.5468500256538391,1.805849313735962
val,depablo_mixed_temp,43,50,1.3849968910217285,-1.5665059089660645,0.5255780220031738,2.1304404735565186,-0.8921229839324951,0.3292890787124634,-2.7999470233917236,1.7007113695144653
val,depablo_mixed_temp,43,100,1.4712400436401367,-2.182147741317749,-0.8360929489135742,3.8137145042419434,-0.09001229703426361,-0.3585039973258972,-5.420250415802002,1.466747522354126
val,depablo_mixed_temp,44,0,1.1384742259979248,-0.7194435596466064,1.8611972332000732,0.18154843151569366,-1.6867518424987793,0.8217071294784546,0.3323611617088318,1.856999397277832
val,depablo_mixed_temp,44,10,0.8811360001564026,-0.5383003354072571,0.535897970199585,0.37469926476478577,-0.7226728200912476,0.2745594084262848,-0.649034321308136,1.1990643739700317
val,depablo_mixed_temp,44,50,1.5002392530441284,-1.4796518087387085,0.9286779761314392,1.9020750522613525,-1.2996784448623657,0.3954679071903229,-2.2419919967651367,2.2649309635162354
val,depablo_mixed_temp,44,100,3.0101914405822754,-3.2129905223846436,3.09844708442688,4.131868362426758,-3.5051369667053223,1.2476969957351685,-3.7549474239349365,5.287998199462891
val,depablo_mixed_temp,45,0,1.2399406433105469,-0.9480048418045044,1.7185534238815308,0.6071292161941528,-1.6210050582885742,0.7980524897575378,-0.29335927963256836,1.9090824127197266
val,depablo_mixed_temp,45,10,1.3376574516296387,-0.9940673112869263,1.6860699653625488,0.6806033849716187,-1.6582094430923462,0.8146809935569763,-0.46079397201538086,2.12155818939209
val,depablo_mixed_temp,45,50,1.9469878673553467,-1.7775046825408936,2.3460237979888916,1.812008261680603,-2.4047389030456543,1.0652918815612793,-1.467661738395691,3.2677743434906006
val,depablo_mixed_temp,45,100,2.8325440883636475,-2.981452465057373,3.288879632949829,3.590442657470703,-3.4715938568115234,1.4234507083892822,-3.076282262802124,4.913711071014404
val,depablo_mixed_temp,46,0,1.2288118600845337,-0.9351409673690796,1.7953858375549316,0.5733540058135986,-1.6703425645828247,0.8245525360107422,-0.18896424770355225,1.9480277299880981
val,depablo_mixed_temp,46,10,1.8179755210876465,-1.2492948770523071,3.1006813049316406,0.5667612552642822,-2.840176582336426,1.425382375717163,0.3892780542373657,3.369574546813965
val,depablo_mixed_temp,46,50,2.3916306495666504,-1.7278969287872314,4.016378879547119,1.0487014055252075,-3.7148051261901855,1.8300784826278687,0.20777012407779694,4.5191473960876465
val,depablo_mixed_temp,46,100,3.035883903503418,-2.891000747680664,3.856651544570923,3.221449613571167,-4.000144004821777,1.6133177280426025,-2.3442792892456055,5.53163480758667
val,depablo_mixed_temp,47,0,1.1309624910354614,-0.8480941653251648,1.78049898147583,0.32206881046295166,-1.5234771966934204,0.9866046905517578,-0.03876825049519539,1.6155908107757568
val,depablo_mixed_temp,47,10,1.0350120067596436,-0.7613688707351685,1.4290995597839355,0.30260172486305237,-1.2569316625595093,0.8357062935829163,-0.20657746493816376,1.3954341411590576
val,depablo_mixed_temp,47,50,1.3669326305389404,-1.5803542137145996,0.8407280445098877,2.028921365737915,-1.0700589418411255,0.4928005337715149,-2.488839864730835,1.7521934509277344
val,depablo_mixed_temp,47,100,1.5270246267318726,-2.1291937828063965,-0.049951329827308655,3.391918897628784,-0.6123332381248474,0.019599122926592827,-4.505969047546387,1.78228759765625
val,depablo_mixed_temp,48,0,1.2644591331481934,-1.0515691041946411,1.865019679069519,0.7149683833122253,-1.699838638305664,0.9277074933052063,-0.3707863986492157,1.9814404249191284
val,depablo_mixed_temp,48,10,1.3184003829956055,-1.1530483961105347,1.7367314100265503,0.9501529335975647,-1.6508734226226807,0.8660405874252319,-0.7202504873275757,2.0526883602142334
val,depablo_mixed_temp,48,50,1.832263469696045,-1.9162237644195557,2.1440000534057617,2.1455025672912598,-2.1622655391693115,1.036720871925354,-1.9483060836791992,2.939967155456543
val,depablo_mixed_temp,48,100,2.4203882217407227,-2.820596933364868,2.0857038497924805,3.8048272132873535,-2.4648985862731934,0.9184616804122925,-3.914607048034668,3.888868808746338
val,depablo_mixed_temp,49,0,1.3266777992248535,-1.312625527381897,1.7866047620773315,1.1408199071884155,-1.6035269498825073,1.0337896347045898,-1.020125150680542,1.9288084506988525
val,depablo_mixed_temp,49,10,1.7159106731414795,-1.5938462018966675,2.435300588607788,1.3764266967773438,-2.2381322383880615,1.3179670572280884,-1.0131586790084839,2.802100419998169
val,depablo_mixed_temp,49,50,1.8250797986984253,-1.9450838565826416,2.0098259449005127,2.188791513442993,-2.0257627964019775,1.100425124168396,-2.1701667308807373,2.8510403633117676
val,depablo_mixed_temp,49,100,2.211575746536255,-2.7777562141418457,1.3422784805297852,3.964114189147949,-1.8481980562210083,0.68463134765625,-4.540040969848633,3.306217908859253
val,depablo_mixed_temp,50,0,1.2853388786315918,-1.0899639129638672,1.9043911695480347,0.8242785334587097,-1.7768545150756836,0.8754109740257263,-0.39835453033447266,2.1399829387664795
val,depablo_mixed_temp,50,10,1.4739073514938354,-0.7412413954734802,2.7104485034942627,-0.1597815752029419,-2.3950634002685547,1.3397237062454224,0.9941948056221008,2.8227832317352295
val,depablo_mixed_temp,50,50,2.3167004585266113,-1.929856538772583,3.4083847999572754,1.6797733306884766,-3.3126440048217773,1.5486936569213867,-0.7844532132148743,4.360372543334961
val,depablo_mixed_temp,50,100,4.0238423347473145,-3.443761110305786,6.688604354858398,3.0104756355285645,-6.356281757354736,2.9077959060668945,-0.7461341619491577,8.047510147094727
val,depablo_mixed_temp,51,0,1.322934627532959,-1.183562159538269,1.8891180753707886,0.9906684756278992,-1.7728114128112793,0.888403058052063,-0.6236313581466675,2.1697444915771484
val,depablo_mixed_temp,51,10,1.884981393814087,-1.680662751197815,3.026731014251709,1.3999212980270386,-2.7837350368499756,1.4082818031311035,-0.5874230861663818,3.377530813217163
val,depablo_mixed_temp,51,50,2.1448140144348145,-2.168574094772339,2.83746337890625,2.36106014251709,-2.8108105659484863,1.2799023389816284,-1.8011646270751953,3.7502119541168213
val,depablo_mixed_temp,51,100,3.013953685760498,-3.301682233810425,3.690028190612793,4.047392845153809,-3.8132834434509277,1.6119545698165894,-3.3741261959075928,5.369450569152832
val,depablo_mixed_temp,52,0,1.322133183479309,-1.055199146270752,2.135180950164795,0.6717050075531006,-1.964590072631836,0.9534008502960205,-0.08099998533725739,2.3035953044891357
val,depablo_mixed_temp,52,10,1.5703587532043457,-1.3631669282913208,2.47280216217041,1.0804132223129272,-2.3053410053253174,1.1028594970703125,-0.4069458842277527,2.786911964416504
val,depablo_mixed_temp,52,50,2.2923569679260254,-2.2733500003814697,3.3452556133270264,2.3412582874298096,-3.2304630279541016,1.472329020500183,-1.488140344619751,4.146703720092773
val,depablo_mixed_temp,52,100,3.0285797119140625,-3.3139965534210205,3.813415050506592,4.008775234222412,-3.9222660064697266,1.6352118253707886,-3.2336368560791016,5.44957971572876
val,depablo_mixed_temp,53,0,1.3155101537704468,-1.26274573802948,1.7913627624511719,1.060775637626648,-1.6196775436401367,1.0056294202804565,-0.8998079895973206,1.9455294609069824
val,depablo_mixed_temp,53,10,1.3478772640228271,-1.3902472257614136,1.5680294036865234,1.3789211511611938,-1.49739670753479,0.8950299024581909,-1.387639045715332,1.9371047019958496
val,depablo_mixed_temp,53,50,1.5813015699386597,-1.9244813919067383,1.2704081535339355,2.472935438156128,-1.4367151260375977,0.7134586572647095,-2.7958486080169678,2.220369338989258
val,depablo_mixed_temp,53,100,2.0013513565063477,-2.7480387687683105,0.7749224305152893,4.18156623840332,-1.3816869258880615,0.3796723186969757,-4.99689245223999,2.794450044631958
val,depablo_mixed_temp,54,0,1.1898343563079834,-0.9179705381393433,1.7246425151824951,0.5131638646125793,-1.5560436248779297,0.88211590051651,-0.23835554718971252,1.7569621801376343
val,depablo_mixed_temp,54,10,1.1078506708145142,-0.94256591796875,1.1581765413284302,0.7668256163597107,-1.1351526975631714,0.6956738829612732,-0.8902190923690796,1.511757493019104
val,depablo_mixed_temp,54,50,1.604616641998291,-1.7710068225860596,1.122923731803894,2.25575852394104,-1.3954949378967285,0.6153777837753296,-2.6534218788146973,2.3067052364349365
val,depablo_mixed_temp,54,100,1.8918551206588745,-2.4151968955993652,0.2137262225151062,3.7783312797546387,-1.0044581890106201,0.12448911368846893,-4.9061970710754395,2.5438194274902344
val,depablo_mixed_temp,55,0,1.1281065940856934,-0.8168554306030273,1.748548984527588,0.2884625494480133,-1.5134679079055786,0.9462757110595703,-0.0028741161804646254,1.6111280918121338
val,depablo_mixed_temp,55,10,1.1168383359909058,-0.8908683657646179,1.4838111400604248,0.5288323760032654,-1.3369370698928833,0.8262509107589722,-0.4236758053302765,1.51641845703125
val,depablo_mixed_temp,55,50,1.286783218383789,-1.5010147094726562,0.6678956151008606,1.968551516532898,-0.9156001210212708,0.4019303321838379,-2.4969067573547363,1.5520268678665161
val,depablo_mixed_temp,55,100,1.5517826080322266,-2.249891519546509,-0.3600255250930786,3.7552735805511475,-0.4346141219139099,-0.15908731520175934,-5.069442272186279,1.7215681076049805
val,depablo_mixed_temp,56,0,1.1974469423294067,-1.0240163803100586,1.652903437614441,0.683290421962738,-1.467129111289978,0.9378326535224915,-0.5427289009094238,1.6689356565475464
val,depablo_mixed_temp,56,10,1.2694309949874878,-1.1893092393875122,1.5077977180480957,1.0422818660736084,-1.419205665588379,0.8516150116920471,-1.029476284980774,1.7475764751434326
val,depablo_mixed_temp,56,50,1.4859377145767212,-1.7774760723114014,0.8870483636856079,2.3660025596618652,-1.1505885124206543,0.5107911825180054,-2.8705244064331055,1.9204142093658447
val,depablo_mixed_temp,56,100,1.587181568145752,-2.4086785316467285,-0.5367677807807922,4.105722904205322,-0.3311641216278076,-0.22196653485298157,-5.578986167907715,1.7254890203475952
val,depablo_mixed_temp,57,0,1.4553899765014648,-1.4959155321121216,1.8382285833358765,1.5532456636428833,-1.7970417737960815,0.8909580707550049,-1.3258638381958008,2.3703858852386475
val,depablo_mixed_temp,57,10,1.5958367586135864,-1.678771734237671,2.0122694969177246,1.8085360527038574,-1.9796383380889893,0.9625076651573181,-1.542790174484253,2.6332406997680664
val,depablo_mixed_temp,57,50,2.242319345474243,-2.440610885620117,2.9405977725982666,2.7934834957122803,-2.9108810424804688,1.341567039489746,-2.245612382888794,3.9024064540863037
val,depablo_mixed_temp,57,100,3.037142753601074,-3.379211664199829,3.916904926300049,4.0788893699646,-3.9667651653289795,1.7177696228027344,-3.2733020782470703,5.451939105987549
val,depablo_mixed_temp,58,0,1.3922017812728882,-1.2359392642974854,1.951636791229248,1.0648385286331177,-1.8654441833496094,0.8812760710716248,-0.6648232936859131,2.310626983642578
val,depablo_mixed_temp,58,10,1.5531156063079834,-1.440111517906189,2.1648929119110107,1.341016173362732,-2.080979108810425,0.974979817867279,-0.8920456171035767,2.6157658100128174
val,depablo_mixed_temp,58,50,2.2024166584014893,-2.33014178276062,2.7881317138671875,2.677680015563965,-2.8148422241210938,1.2178728580474854,-2.1661906242370605,3.797140121459961
val,depablo_mixed_temp,58,100,3.062580108642578,-3.4370996952056885,3.570852518081665,4.343226432800293,-3.779758930206299,1.5060352087020874,-3.744981288909912,5.399803638458252
val,depablo_mixed_temp,59,0,1.1721241474151611,-0.8992558717727661,1.719231367111206,0.4970170259475708,-1.550832986831665,0.8675248026847839,-0.2046375274658203,1.7525160312652588
val,depablo_mixed_temp,59,10,1.2681375741958618,-1.0835894346237183,1.688002109527588,0.8402794003486633,-1.5803648233413696,0.8437055349349976,-0.6236245632171631,1.8892707824707031
val,depablo_mixed_temp,59,50,1.609357237815857,-1.7811644077301025,1.3917828798294067,2.2160019874572754,-1.5741221904754639,0.6649879813194275,-2.383953094482422,2.336815357208252
val,depablo_mixed_temp,59,100,2.1119234561920166,-2.711940050125122,0.9949492812156677,4.060601711273193,-1.6114522218704224,0.40055251121520996,-4.730982780456543,3.0517075061798096
