split,source,original_index,frame,coordinate_mse,zero_displacement_mse,explained_displacement_score,shuffled_same_source_coordinate_mse,shuffled_original_index,valid,total,control,transfer_only
train,reid,60,0,3.8575257121920004e-07,0.0,,3.8125357093576895e-08,45,1,1,same_source_cyclic_next_latent,False
train,reid,60,5,2.7884476594408625e-07,9.641969000995232e-08,-1.8919898613582373,1.1357673912471e-08,45,1,1,same_source_cyclic_next_latent,False
train,reid,60,10,2.587826486433187e-07,3.9934545270625676e-07,0.3519829839312849,5.598408847617975e-08,45,1,1,same_source_cyclic_next_latent,False
train,reid,60,25,6.437482511501003e-07,2.613964852571371e-06,0.7537272735259459,5.438397465695743e-07,45,1,1,same_source_cyclic_next_latent,False
train,reid,60,50,2.8953838864254067e-06,1.078044169844361e-05,0.7314225179805557,2.2826643544249237e-06,45,1,1,same_source_cyclic_next_latent,False
train,reid,60,75,7.1055246735340916e-06,2.4720842702663504e-05,0.7125694799729251,5.589336524280952e-06,45,1,1,same_source_cyclic_next_latent,False
train,reid,60,100,1.2547658116091043e-05,4.460650961846113e-05,0.718703430880008,1.0764437320176512e-05,45,1,1,same_source_cyclic_next_latent,False
train,reid,60,125,1.9039256585529074e-05,7.057588663883507e-05,0.7302300050021258,1.787266410246957e-05,45,1,1,same_source_cyclic_next_latent,False
train,reid,60,149,2.651993781910278e-05,0.00010132297029485926,0.7382633203317344,2.6716661523096263e-05,45,1,1,same_source_cyclic_next_latent,False
train,reid,60,175,3.677999120554887e-05,0.00014116728561930358,0.7394581113875334,3.868760904879309e-05,45,1,1,same_source_cyclic_next_latent,False
train,reid,60,199,4.8808280553203076e-05,0.00018406144226901233,0.7348261539651089,5.214566408540122e-05,45,1,1,same_source_cyclic_next_latent,False
train,reid,45,0,6.910703120865946e-08,0.0,,3.1094162977751694e-07,43,1,1,same_source_cyclic_next_latent,False
train,reid,45,5,2.7571710248253112e-08,1.0940514982848981e-07,0.7479852612836214,2.701842731767101e-07,43,1,1,same_source_cyclic_next_latent,False
train,reid,45,10,3.9299454357433206e-08,4.6404014142353844e-07,0.9153102267470352,3.393894587588875e-07,43,1,1,same_source_cyclic_next_latent,False
train,reid,45,25,3.319366612686281e-07,3.1349377422884572e-06,0.8941169845923896,1.1581863645915291e-06,43,1,1,same_source_cyclic_next_latent,False
train,reid,45,50,1.586600546943373e-06,1.3438479982141871e-05,0.8819360114349409,4.691537469625473e-06,43,1,1,same_source_cyclic_next_latent,False
train,reid,45,75,4.404695118864765e-06,3.1573268643114716e-05,0.8604929008569624,1.1338191143295262e-05,43,1,1,same_source_cyclic_next_latent,False
train,reid,45,100,8.421344318776391e-06,5.785295434179716e-05,0.8544353626433179,2.1409578039310873e-05,43,1,1,same_source_cyclic_next_latent,False
train,reid,45,125,1.3305186257639434e-05,9.246835543308407e-05,0.8561109236200496,3.5305096389492974e-05,43,1,1,same_source_cyclic_next_latent,False
train,reid,45,149,1.9388147848076187e-05,0.00013366823259275407,0.8549532116045411,5.3212977945804596e-05,43,1,1,same_source_cyclic_next_latent,False
train,reid,45,175,2.8603884857147932e-05,0.00018724941764958203,0.8472417953754219,7.920159259811044e-05,43,1,1,same_source_cyclic_next_latent,False
train,reid,45,199,4.125323539483361e-05,0.00024507357738912106,0.8316699995392287,0.00011081236152676865,43,1,1,same_source_cyclic_next_latent,False
train,reid,43,0,2.695278169539961e-07,0.0,,1.352857736947044e-07,73,1,1,same_source_cyclic_next_latent,False
train,reid,43,5,1.4200404052644444e-07,1.0691530860640341e-07,-0.32819184060176276,4.834399192077399e-08,73,1,1,same_source_cyclic_next_latent,False
train,reid,43,10,6.499153926142753e-08,4.3156654783160775e-07,0.8494055213779301,1.3698696399444543e-08,73,1,1,same_source_cyclic_next_latent,False
train,reid,43,25,3.6041505779849103e-08,2.7168591714143986e-06,0.9867341280847156,1.0654970594714541e-07,73,1,1,same_source_cyclic_next_latent,False
train,reid,43,50,1.867718282255737e-07,1.0897718311753124e-05,0.9828613822744765,3.805281210134126e-07,73,1,1,same_source_cyclic_next_latent,False
train,reid,43,75,3.0459798949777905e-07,2.4548364308429882e-05,0.9875919232063384,5.145178647580906e-07,73,1,1,same_source_cyclic_next_latent,False
train,reid,43,100,4.632208572274976e-07,4.367970905150287e-05,0.9893950562564116,6.870131414871139e-07,73,1,1,same_source_cyclic_next_latent,False
train,reid,43,125,7.087644462444587e-07,6.829092308180407e-05,0.9896213960178069,1.0351847095080302e-06,73,1,1,same_source_cyclic_next_latent,False
train,reid,43,149,1.004972773444024e-06,9.707405115477741e-05,0.9896473592943837,1.5516638995904941e-06,73,1,1,same_source_cyclic_next_latent,False
train,reid,43,175,1.3896764130549855e-06,0.000133975685457699,0.9896273983722684,2.2767535483581014e-06,73,1,1,same_source_cyclic_next_latent,False
train,reid,43,199,1.9958381471951725e-06,0.00017330388072878122,0.9884835922957858,3.1601148293702863e-06,73,1,1,same_source_cyclic_next_latent,False
train,reid,73,0,1.6361191512714868e-07,0.0,,1.0227874724932917e-07,85,1,1,same_source_cyclic_next_latent,False
train,reid,73,5,7.377077793080389e-08,1.0321873844532092e-07,0.2852966521201651,3.3936849774818256e-08,85,1,1,same_source_cyclic_next_latent,False
train,reid,73,10,2.9182691818618878e-08,4.1087471913670015e-07,0.9289742336059629,2.4784677421507695e-08,85,1,1,same_source_cyclic_next_latent,False
train,reid,73,25,4.5340733834109415e-08,2.558030018917634e-06,0.9822751361403905,2.7996523499496107e-07,85,1,1,same_source_cyclic_next_latent,False
train,reid,73,50,1.478052951142672e-07,1.0220051990472712e-05,0.9855377159282503,1.3050394045421854e-06,85,1,1,same_source_cyclic_next_latent,False
train,reid,73,75,2.0815009804664442e-07,2.298522122146096e-05,0.9909441768673387,3.009106876561418e-06,85,1,1,same_source_cyclic_next_latent,False
train,reid,73,100,3.448576819664595e-07,4.0849776269169524e-05,0.991557905245451,5.7253205341112334e-06,85,1,1,same_source_cyclic_next_latent,False
train,reid,73,125,5.152087396709248e-07,6.38140772935003e-05,0.9919264093202927,9.62479771260405e-06,85,1,1,same_source_cyclic_next_latent,False
train,reid,73,149,6.946593771317566e-07,9.065200720215216e-05,0.9923370767115759,1.4467843357124366e-05,85,1,1,same_source_cyclic_next_latent,False
train,reid,73,175,9.664911431173095e-07,0.0001250171335414052,0.9922691305124413,2.1006133465562016e-05,85,1,1,same_source_cyclic_next_latent,False
train,reid,73,199,1.4583700931325438e-06,0.0001616336521692574,0.9909773115093299,2.83967237919569e-05,85,1,1,same_source_cyclic_next_latent,False
train,reid,85,0,8.755353775313779e-08,0.0,,5.94970060774358e-07,60,1,1,same_source_cyclic_next_latent,False
train,reid,85,5,3.278254823158022e-08,9.90699291492092e-08,0.6690968842603446,5.009749202145031e-07,60,1,1,same_source_cyclic_next_latent,False
train,reid,85,10,2.857743552908687e-08,4.059011473600549e-07,0.9295950856139432,4.755802365252748e-07,60,1,1,same_source_cyclic_next_latent,False
train,reid,85,25,2.6232279992655094e-07,2.6302745936845895e-06,0.9002679033754118,7.564677844129619e-07,60,1,1,same_source_cyclic_next_latent,False
train,reid,85,50,1.0196380344495992e-06,1.072301711246837e-05,0.9049112741539881,2.7406115350459004e-06,60,1,1,same_source_cyclic_next_latent,False
train,reid,85,75,1.9388812688703183e-06,2.430160930089187e-05,0.9202159311811847,6.207531896507135e-06,60,1,1,same_source_cyclic_next_latent,False
train,reid,85,100,3.205995426469599e-06,4.336205529398285e-05,0.9260644956809858,9.372420208819676e-06,60,1,1,same_source_cyclic_next_latent,False
train,reid,85,125,4.992663889424875e-06,6.791073246859014e-05,0.9264819608338922,1.2083786714356393e-05,60,1,1,same_source_cyclic_next_latent,False
train,reid,85,149,7.295295290532522e-06,9.663699165685102e-05,0.9245082533566708,1.5158279893512372e-05,60,1,1,same_source_cyclic_next_latent,False
train,reid,85,175,1.0642971574270632e-05,0.0001334734115516767,0.9202614854108977,2.0409366698004305e-05,60,1,1,same_source_cyclic_next_latent,False
train,reid,85,199,1.474719920224743e-05,0.00017275374557357281,0.914634561738247,2.81511038338067e-05,60,1,1,same_source_cyclic_next_latent,False
train,depablo_low_temp,99,0,1.5926844980640453e-06,0.0,,1.479509478485852e-06,145,1,1,same_source_cyclic_next_latent,False
train,depablo_low_temp,99,5,1.3139125485395198e-06,1.005318210900441e-07,-12.069618497835403,1.06715538095159e-06,145,1,1,same_source_cyclic_next_latent,False
train,depablo_low_temp,99,10,1.0581269407339278e-06,4.115541969440528e-07,-1.5710512700172288,7.120564760043635e-07,145,1,1,same_source_cyclic_next_latent,False
train,depablo_low_temp,99,25,5.943544465480954e-07,2.6255513603246072e-06,0.7736268063426446,3.838953546164703e-07,145,1,1,same_source_cyclic_next_latent,False
train,depablo_low_temp,99,50,5.181233291295939e-07,1.0610699973767623e-05,0.9511697314587607,1.44403009016969e-06,145,1,1,same_source_cyclic_next_latent,False
train,depablo_low_temp,99,75,9.001665262076131e-07,2.4012397261685692e-05,0.9625124257108671,3.923933036276139e-06,145,1,1,same_source_cyclic_next_latent,False
train,depablo_low_temp,99,100,1.5259901147146593e-06,4.2894575017271563e-05,0.9644246361200637,7.060352345433785e-06,145,1,1,same_source_cyclic_next_latent,False
train,depablo_low_temp,99,125,2.3482014057663037e-06,6.73249815008603e-05,0.9651213954550244,1.1000296581187285e-05,145,1,1,same_source_cyclic_next_latent,False
train,depablo_low_temp,99,149,3.3798705771914683e-06,9.607322863303125e-05,0.9648198501780191,1.6700898413546383e-05,145,1,1,same_source_cyclic_next_latent,False
train,depablo_low_temp,99,175,4.915829777019098e-06,0.00013315709657035768,0.9630824799906803,2.676175245142076e-05,145,1,1,same_source_cyclic_next_latent,False
train,depablo_low_temp,99,199,6.912687695148634e-06,0.00017297302838414907,0.9600360370647121,4.156678187428042e-05,145,1,1,same_source_cyclic_next_latent,False
train,depablo_low_temp,145,0,1.8631475313668489e-06,0.0,,3.540613306540763e-06,7,1,1,same_source_cyclic_next_latent,False
train,depablo_low_temp,145,5,1.4376613535205252e-06,1.0263002536703425e-07,-13.00819446725301,3.17241301672766e-06,7,1,1,same_source_cyclic_next_latent,False
train,depablo_low_temp,145,10,1.0701537576096598e-06,4.3361850998735463e-07,-1.4679614291393328,2.855112825272954e-06,7,1,1,same_source_cyclic_next_latent,False
train,depablo_low_temp,145,25,6.616023142669292e-07,2.8988624762860127e-06,0.7717717485120005,2.500568825780647e-06,7,1,1,same_source_cyclic_next_latent,False
train,depablo_low_temp,145,50,1.353275138171739e-06,1.2047797099512536e-05,0.8876744746783216,3.607518465287285e-06,7,1,1,same_source_cyclic_next_latent,False
train,depablo_low_temp,145,75,2.9392858778010122e-06,2.75988695648266e-05,0.8934997728476899,6.3468573898717295e-06,7,1,1,same_source_cyclic_next_latent,False
train,depablo_low_temp,145,100,4.9390841923013795e-06,4.965141852153465e-05,0.9005248119918423,1.0274690794176422e-05,7,1,1,same_source_cyclic_next_latent,False
train,depablo_low_temp,145,125,7.381536306638736e-06,7.831659604562446e-05,0.9057474829174328,1.5181813978415448e-05,7,1,1,same_source_cyclic_next_latent,False
train,depablo_low_temp,145,149,9.970120117941406e-06,0.00011215145786991343,0.911101288317572,2.0892946849926375e-05,7,1,1,same_source_cyclic_next_latent,False
train,depablo_low_temp,145,175,1.3531983313441742e-05,0.0001558988878969103,0.9132002575772709,2.8373009627102874e-05,7,1,1,same_source_cyclic_next_latent,False
train,depablo_low_temp,145,199,1.9319473722134717e-05,0.00020291323016863316,0.9047894821541254,3.6536592233460397e-05,7,1,1,same_source_cyclic_next_latent,False
train,depablo_low_temp,7,0,2.1374787593231304e-06,0.0,,2.454365422011051e-08,133,1,1,same_source_cyclic_next_latent,False
train,depablo_low_temp,7,5,1.7158037053377484e-06,1.011753809621041e-07,-15.95870763244681,3.906450274371309e-08,133,1,1,same_source_cyclic_next_latent,False
train,depablo_low_temp,7,10,1.3273200920593808e-06,4.1584544874240237e-07,-2.1918591295719487,1.3875114746042527e-07,133,1,1,same_source_cyclic_next_latent,False
train,depablo_low_temp,7,25,6.117248290138377e-07,2.653020374054904e-06,0.7694232449188202,8.536462701158598e-07,133,1,1,same_source_cyclic_next_latent,False
train,depablo_low_temp,7,50,5.54941721020441e-07,1.0714314157667104e-05,0.9482055768708884,3.0836199584882706e-06,133,1,1,same_source_cyclic_next_latent,False
train,depablo_low_temp,7,75,1.3877759101887932e-06,2.4235781893366948e-05,0.9427385542461656,6.617979124712292e-06,133,1,1,same_source_cyclic_next_latent,False
train,depablo_low_temp,7,100,2.8631602617679164e-06,4.327576607465744e-05,0.9338391778708546,1.1924350474146195e-05,133,1,1,same_source_cyclic_next_latent,False
train,depablo_low_temp,7,125,5.093498202768387e-06,6.790105544496328e-05,0.9249864649468242,1.961986708920449e-05,133,1,1,same_source_cyclic_next_latent,False
train,depablo_low_temp,7,149,8.196457201847807e-06,9.687045530881733e-05,0.9153874401052624,3.0021041311556473e-05,133,1,1,same_source_cyclic_next_latent,False
train,depablo_low_temp,7,175,1.2930489901918918e-05,0.0001342045870842412,0.9036509095340954,4.576064020511694e-05,133,1,1,same_source_cyclic_next_latent,False
train,depablo_low_temp,7,199,1.8884375094785355e-05,0.0001742498279782012,0.8916247131265587,6.56591946608387e-05,133,1,1,same_source_cyclic_next_latent,False
train,depablo_low_temp,133,0,3.285876815084521e-08,0.0,,2.6156385501963086e-06,198,1,1,same_source_cyclic_next_latent,False
train,depablo_low_temp,133,5,1.4846512463861927e-08,1.0488408719311337e-07,0.8584483799098483,2.305397174495738e-06,198,1,1,same_source_cyclic_next_latent,False
train,depablo_low_temp,133,10,2.2442943503619972e-08,4.206289361263771e-07,0.9466443185999048,2.0543927803373663e-06,198,1,1,same_source_cyclic_next_latent,False
train,depablo_low_temp,133,25,8.753472968692222e-08,2.6371496915089665e-06,0.9668070682643596,2.3120626337913563e-06,198,1,1,same_source_cyclic_next_latent,False
train,depablo_low_temp,133,50,1.1729830617923653e-07,1.056383189279586e-05,0.9888962350622761,6.07389029028127e-06,198,1,1,same_source_cyclic_next_latent,False
train,depablo_low_temp,133,75,2.4093341721709294e-07,2.3784537916071713e-05,0.9898701661530162,1.4188844033924397e-05,198,1,1,same_source_cyclic_next_latent,False
train,depablo_low_temp,133,100,4.6359753014257876e-07,4.23004494223278e-05,0.9890403639565618,2.5304938390036114e-05,198,1,1,same_source_cyclic_next_latent,False
train,depablo_low_temp,133,125,5.940129881309986e-07,6.611568096559495e-05,0.9910155506310203,3.8066882552811876e-05,198,1,1,same_source_cyclic_next_latent,False
train,depablo_low_temp,133,149,8.271970273199258e-07,9.396969107910991e-05,0.9911971932883813,5.29719254700467e-05,198,1,1,same_source_cyclic_next_latent,False
train,depablo_low_temp,133,175,1.5574389635730768e-06,0.0001296565606025979,0.9879879663910978,7.427274977089837e-05,198,1,1,same_source_cyclic_next_latent,False
train,depablo_low_temp,133,199,2.983784497700981e-06,0.00016769676585681736,0.9822072627193741,0.00010059031046694145,198,1,1,same_source_cyclic_next_latent,False
train,depablo_low_temp,198,0,1.782950789674942e-06,0.0,,1.8908982610810199e-06,99,1,1,same_source_cyclic_next_latent,False
train,depablo_low_temp,198,5,1.3852829852112336e-06,1.0731390176488276e-07,-11.9087002003365,1.6352630609617336e-06,99,1,1,same_source_cyclic_next_latent,False
train,depablo_low_temp,198,10,1.0130152077181265e-06,4.575125842620764e-07,-1.214179986659869,1.4310586493593291e-06,99,1,1,same_source_cyclic_next_latent,False
train,depablo_low_temp,198,25,5.079310767541756e-07,3.006710130648571e-06,0.831067494143637,1.2896130101580638e-06,99,1,1,same_source_cyclic_next_latent,False
train,depablo_low_temp,198,50,8.356685157195898e-07,1.2325030184001662e-05,0.9321974467207133,2.3246175260283053e-06,99,1,1,same_source_cyclic_next_latent,False
train,depablo_low_temp,198,75,1.8478207266525715e-06,2.8102962460252456e-05,0.9342481872056712,4.537398126558401e-06,99,1,1,same_source_cyclic_next_latent,False
train,depablo_low_temp,198,100,3.448467396083288e-06,5.048274033470079e-05,0.931690170279586,7.683238436584361e-06,99,1,1,same_source_cyclic_next_latent,False
train,depablo_low_temp,198,125,6.00491875957232e-06,7.960081711644307e-05,0.9245620965072745,1.167539357993519e-05,99,1,1,same_source_cyclic_next_latent,False
train,depablo_low_temp,198,149,9.638377377996221e-06,0.00011402370728319511,0.9154704086751201,1.637553759792354e-05,99,1,1,same_source_cyclic_next_latent,False
train,depablo_low_temp,198,175,1.497292032581754e-05,0.00015858883853070438,0.9055865440182372,2.2646918296231888e-05,99,1,1,same_source_cyclic_next_latent,False
train,depablo_low_temp,198,199,2.1564343114732765e-05,0.00020657408458646387,0.8956096397188352,2.9792014174745418e-05,99,1,1,same_source_cyclic_next_latent,False
train,lj_noisy,178,0,7.438837457129921e-08,0.0,,1.7635694860018702e-07,199,1,1,same_source_cyclic_next_latent,False
train,lj_noisy,178,5,3.7251471241006584e-08,8.898146575120336e-08,0.5813569609522553,1.1212549111405679e-07,199,1,1,same_source_cyclic_next_latent,False
train,lj_noisy,178,10,4.5196308917638817e-08,3.5017228583456017e-07,0.870931222298409,8.581042720834375e-08,199,1,1,same_source_cyclic_next_latent,False
train,lj_noisy,178,25,3.3582921332708793e-07,2.1434675545606297e-06,0.8433243308896614,2.726591503687814e-07,199,1,1,same_source_cyclic_next_latent,False
train,lj_noisy,178,50,1.650439571676543e-06,8.785852514847647e-06,0.812148044952111,1.5972215123838396e-06,199,1,1,same_source_cyclic_next_latent,False
train,lj_noisy,178,75,4.11281143897213e-06,2.023533670580946e-05,0.7967510252601152,4.860181888943771e-06,199,1,1,same_source_cyclic_next_latent,False
train,lj_noisy,178,100,7.528317382821115e-06,3.592209759517573e-05,0.7904265650725208,1.0087745067721698e-05,199,1,1,same_source_cyclic_next_latent,False
train,lj_noisy,178,125,1.1863793588418048e-05,5.6316977861570194e-05,0.789338951788574,1.624344804440625e-05,199,1,1,same_source_cyclic_next_latent,False
train,lj_noisy,178,149,1.5895726392045617e-05,8.071761840255931e-05,0.803069928144193,2.062480962194968e-05,199,1,1,same_source_cyclic_next_latent,False
train,lj_noisy,178,175,2.0390261852298863e-05,0.00011241415631957352,0.8186148211233026,2.4338169168913737e-05,199,1,1,same_source_cyclic_next_latent,False
train,lj_noisy,178,199,2.5899185857269913e-05,0.00014669761003460735,0.823451889562754,2.8317206670180894e-05,199,1,1,same_source_cyclic_next_latent,False
train,lj_noisy,199,0,1.276061993848998e-07,0.0,,2.3962138939737088e-08,42,1,1,same_source_cyclic_next_latent,False
train,lj_noisy,199,5,5.8685415638137783e-08,9.910389309197853e-08,0.40783945204179084,6.434844834757314e-08,42,1,1,same_source_cyclic_next_latent,False
train,lj_noisy,199,10,4.54167867758315e-08,4.1158244812322664e-07,0.8896532469182606,1.5703659528298886e-07,42,1,1,same_source_cyclic_next_latent,False
train,lj_noisy,199,25,3.6418708759811125e-07,2.667711441972642e-06,0.8634833281185716,6.491069939329464e-07,42,1,1,same_source_cyclic_next_latent,False
train,lj_noisy,199,50,1.9016312080566422e-06,1.0994632248184644e-05,0.8270400350706931,1.9315559711685637e-06,42,1,1,same_source_cyclic_next_latent,False
train,lj_noisy,199,75,5.036830771132372e-06,2.538395165174734e-05,0.8015742056148434,4.785686542163603e-06,42,1,1,same_source_cyclic_next_latent,False
train,lj_noisy,199,100,1.0419601494504604e-05,4.609454845194705e-05,0.7739515442836608,9.996902008424513e-06,42,1,1,same_source_cyclic_next_latent,False
train,lj_noisy,199,125,1.6441981642856263e-05,7.323205500142649e-05,0.7754810834881529,1.5813648133189417e-05,42,1,1,same_source_cyclic_next_latent,False
train,lj_noisy,199,149,2.2275664377957582e-05,0.00010478922195034102,0.787424088438085,2.2173378965817392e-05,42,1,1,same_source_cyclic_next_latent,False
train,lj_noisy,199,175,2.9908323995186947e-05,0.00014562370779458433,0.7946191286560607,3.154977093799971e-05,42,1,1,same_source_cyclic_next_latent,False
train,lj_noisy,199,199,3.930531966034323e-05,0.00019014337158296257,0.7932858803695205,4.361019091447815e-05,42,1,1,same_source_cyclic_next_latent,False
train,lj_noisy,42,0,2.8011642783098978e-08,0.0,,2.0152967294961854e-07,102,1,1,same_source_cyclic_next_latent,False
train,lj_noisy,42,5,5.754796106316462e-08,9.799599354209931e-08,0.41275189951064806,1.3991366643040237e-07,102,1,1,same_source_cyclic_next_latent,False
train,lj_noisy,42,10,1.195825944932949e-07,4.02869886784174e-07,0.703173162313425,1.0386795423755757e-07,102,1,1,same_source_cyclic_next_latent,False
train,lj_noisy,42,25,4.390439585222339e-07,2.6836687538889237e-06,0.8364015835091376,2.5102664835685573e-07,102,1,1,same_source_cyclic_next_latent,False
train,lj_noisy,42,50,1.1670780395434122e-06,1.129412430600496e-05,0.8966650261744605,1.2800643389709876e-06,102,1,1,same_source_cyclic_next_latent,False
train,lj_noisy,42,75,2.877953647839604e-06,2.5744931917870417e-05,0.8882128079802021,3.643421223387122e-06,102,1,1,same_source_cyclic_next_latent,False
train,lj_noisy,42,100,5.954459538770607e-06,4.618121238308959e-05,0.8710631611535824,7.35056391931721e-06,102,1,1,same_source_cyclic_next_latent,False
train,lj_noisy,42,125,8.943946340878028e-06,7.250723137985915e-05,0.8766475264512382,1.0838357411557809e-05,102,1,1,same_source_cyclic_next_latent,False
train,lj_noisy,42,149,1.1785276910813991e-05,0.0001034081433317624,0.886031442678518,1.4393933270184789e-05,102,1,1,same_source_cyclic_next_latent,False
train,lj_noisy,42,175,1.6172269170056097e-05,0.00014329282566905022,0.887138319071133,2.008496994676534e-05,102,1,1,same_source_cyclic_next_latent,False
train,lj_noisy,42,199,2.228466655651573e-05,0.00018602452473714948,0.8802057600308147,2.790510370687116e-05,102,1,1,same_source_cyclic_next_latent,False
train,lj_noisy,102,0,1.300712568763629e-07,0.0,,4.5272997795109404e-08,99,1,1,same_source_cyclic_next_latent,False
train,lj_noisy,102,5,6.213117842435167e-08,1.047859115033134e-07,0.4070655345457672,3.986464847116622e-08,99,1,1,same_source_cyclic_next_latent,False
train,lj_noisy,102,10,5.5799812770374047e-08,4.6877312342985533e-07,0.8809662713550948,1.4642726853253407e-07,99,1,1,same_source_cyclic_next_latent,False
train,lj_noisy,102,25,4.980741437066172e-07,3.25413498103444e-06,0.8469411543745223,1.1478264241304714e-06,99,1,1,same_source_cyclic_next_latent,False
train,lj_noisy,102,50,2.1304374513420044e-06,1.3549693903769366e-05,0.8427685919348081,4.097500550415134e-06,99,1,1,same_source_cyclic_next_latent,False
train,lj_noisy,102,75,4.629772774933372e-06,3.12767515424639e-05,0.8519739887741343,7.460745564458193e-06,99,1,1,same_source_cyclic_next_latent,False
train,lj_noisy,102,100,8.46863076731097e-06,5.606986815109849e-05,0.8489628913610161,1.1039715900551528e-05,99,1,1,same_source_cyclic_next_latent,False
train,lj_noisy,102,125,1.3924148333899211e-05,8.798276394372806e-05,0.8417400441886003,1.6329760910593905e-05,99,1,1,same_source_cyclic_next_latent,False
train,lj_noisy,102,149,2.036466139543336e-05,0.00012481326120905578,0.8368389608751301,2.347996451135259e-05,99,1,1,same_source_cyclic_next_latent,False
train,lj_noisy,102,175,2.8681968615273945e-05,0.0001706574548734352,0.8319325186435871,3.292805195087567e-05,99,1,1,same_source_cyclic_next_latent,False
train,lj_noisy,102,199,3.9130136428866535e-05,0.00021850221673958004,0.8209165242680194,4.413278657011688e-05,99,1,1,same_source_cyclic_next_latent,False
train,lj_noisy,99,0,5.1219998908891284e-08,0.0,,5.346961273744455e-08,178,1,1,same_source_cyclic_next_latent,False
train,lj_noisy,99,5,3.932839831577439e-08,8.34548146144698e-08,0.528746202391594,2.704741675074729e-08,178,1,1,same_source_cyclic_next_latent,False
train,lj_noisy,99,10,9.508691789505974e-08,3.481648036540719e-07,0.7268910673994038,5.752346154963561e-08,178,1,1,same_source_cyclic_next_latent,False
train,lj_noisy,99,25,6.923823434590304e-07,2.3629713723494206e-06,0.70698657141554,5.493419621416251e-07,178,1,1,same_source_cyclic_next_latent,False
train,lj_noisy,99,50,2.4822209070407553e-06,9.879052413452882e-06,0.7487389677515457,2.32815955314436e-06,178,1,1,same_source_cyclic_next_latent,False
train,lj_noisy,99,75,4.746747436001897e-06,2.2769198039895855e-05,0.7915276845638254,5.137301286595175e-06,178,1,1,same_source_cyclic_next_latent,False
train,lj_noisy,99,100,8.20872446638532e-06,4.133538095629774e-05,0.8014116653463511,9.462920388614293e-06,178,1,1,same_source_cyclic_next_latent,False
train,lj_noisy,99,125,1.3800246961181983e-05,6.574357394129038e-05,0.790089796859755,1.589677958691027e-05,178,1,1,same_source_cyclic_next_latent,False
train,lj_noisy,99,149,2.1696976546081714e-05,9.555911674397066e-05,0.7729470794062075,2.4854076400515623e-05,178,1,1,same_source_cyclic_next_latent,False
train,lj_noisy,99,175,3.452404052950442e-05,0.0001350232632830739,0.7443104270326708,3.849426138913259e-05,178,1,1,same_source_cyclic_next_latent,False
train,lj_noisy,99,199,4.9286900321021676e-05,0.0001759650040185079,0.7199050993353331,5.334512025001459e-05,178,1,1,same_source_cyclic_next_latent,False
validation,reid,41,0,1.209120767953209e-07,0.0,,4.7149603688012576e-07,49,1,1,same_source_cyclic_next_latent,False
validation,reid,41,5,6.426748910826063e-08,1.1149158041234841e-07,0.4235664355050922,3.7978688283146766e-07,49,1,1,same_source_cyclic_next_latent,False
validation,reid,41,10,7.483159691901164e-08,4.7308003559010103e-07,0.8418204293367195,3.5052167390858813e-07,49,1,1,same_source_cyclic_next_latent,False
validation,reid,41,25,4.500955981256993e-07,3.1498402677243575e-06,0.8571052625310183,6.273895678532426e-07,49,1,1,same_source_cyclic_next_latent,False
validation,reid,41,50,1.8985331280418904e-06,1.3119908544467762e-05,0.8552937223908896,2.6507095753913745e-06,49,1,1,same_source_cyclic_next_latent,False
validation,reid,41,75,4.621495008905185e-06,3.0207520467229187e-05,0.8470084622165913,7.1814415605331305e-06,49,1,1,same_source_cyclic_next_latent,False
validation,reid,41,100,9.148879144049715e-06,5.462400440592319e-05,0.8325117456409393,1.2994969438295811e-05,49,1,1,same_source_cyclic_next_latent,False
validation,reid,41,125,1.5354711649706587e-05,8.655185956740752e-05,0.8225952425927004,1.952925777004566e-05,49,1,1,same_source_cyclic_next_latent,False
validation,reid,41,149,2.3259155568666756e-05,0.00012444172170944512,0.8130919819401583,2.8053447749698535e-05,49,1,1,same_source_cyclic_next_latent,False
validation,reid,41,175,3.558095340849832e-05,0.00017371567082591355,0.7951770658379161,4.256117972545326e-05,49,1,1,same_source_cyclic_next_latent,False
validation,reid,41,199,5.3189938626019284e-05,0.000227016702410765,0.7657003292657419,6.292224861681461e-05,49,1,1,same_source_cyclic_next_latent,False
validation,reid,49,0,2.707359954001731e-07,0.0,,3.8032374050089857e-07,25,1,1,same_source_cyclic_next_latent,False
validation,reid,49,5,1.686378965359836e-07,1.0523766036385496e-07,-0.602448172573629,3.0094506087152695e-07,25,1,1,same_source_cyclic_next_latent,False
validation,reid,49,10,1.564997802461221e-07,4.594179756622907e-07,0.6593520747190744,3.34688991188159e-07,25,1,1,same_source_cyclic_next_latent,False
validation,reid,49,25,7.474424705833371e-07,3.2462357921758667e-06,0.7697510228970934,1.1562362942640902e-06,25,1,1,same_source_cyclic_next_latent,False
validation,reid,49,50,3.852592271869071e-06,1.4092956007516477e-05,0.7266299369831077,5.284017788653728e-06,25,1,1,same_source_cyclic_next_latent,False
validation,reid,49,75,9.71534609561786e-06,3.3031355997081846e-05,0.7058750450185526,1.1590029316721484e-05,25,1,1,same_source_cyclic_next_latent,False
validation,reid,49,100,1.821182195271831e-05,6.0234524426050484e-05,0.6976514361779873,1.9445713405730203e-05,25,1,1,same_source_cyclic_next_latent,False
validation,reid,49,125,2.9423506930470467e-05,9.579287143424153e-05,0.6928424162473439,3.0670795240439475e-05,25,1,1,same_source_cyclic_next_latent,False
validation,reid,49,149,4.354627526481636e-05,0.0001378952874802053,0.6842076617660529,4.683249426307157e-05,25,1,1,same_source_cyclic_next_latent,False
validation,reid,49,175,6.415124516934156e-05,0.00019256462110206485,0.6668586119184399,7.208542956504971e-05,25,1,1,same_source_cyclic_next_latent,False
validation,reid,49,199,8.964911830844358e-05,0.0002518006949685514,0.6439679472702,0.00010407035006210208,25,1,1,same_source_cyclic_next_latent,False
validation,reid,25,0,3.5529524211597163e-07,0.0,,2.5722979302145177e-08,93,1,1,same_source_cyclic_next_latent,False
validation,reid,25,5,2.81193877071928e-07,1.0530127525498756e-07,-1.670374849601922,1.2975591801023256e-07,93,1,1,same_source_cyclic_next_latent,False
validation,reid,25,10,3.2377701586483454e-07,4.6677956788698793e-07,0.30635992202806905,3.8304278859868646e-07,93,1,1,same_source_cyclic_next_latent,False
validation,reid,25,25,1.1562116242203047e-06,3.385780473763589e-06,0.6585095716689879,2.2005258415447315e-06,93,1,1,same_source_cyclic_next_latent,False
validation,reid,25,50,5.065665845904732e-06,1.4759227269678377e-05,0.6567797383056952,8.553493898943998e-06,93,1,1,same_source_cyclic_next_latent,False
validation,reid,25,75,1.0853244020836428e-05,3.434355676290579e-05,0.6839801976317452,1.8867991457227618e-05,93,1,1,same_source_cyclic_next_latent,False
validation,reid,25,100,1.8131049728253856e-05,6.215853500179946e-05,0.7083095712000135,3.3716027246555313e-05,93,1,1,same_source_cyclic_next_latent,False
validation,reid,25,125,2.8521968488348648e-05,9.824951848713681e-05,0.7096986435400918,5.3953601309331134e-05,93,1,1,same_source_cyclic_next_latent,False
validation,reid,25,149,4.291939694667235e-05,0.0001407447998644784,0.6950551850725643,7.954718603286892e-05,93,1,1,same_source_cyclic_next_latent,False
validation,reid,25,175,6.467120692832395e-05,0.00019554639584384859,0.6692794738085255,0.00011549018381629139,93,1,1,same_source_cyclic_next_latent,False
validation,reid,25,199,9.181842324323952e-05,0.00025431934045627713,0.6389640556691163,0.0001575211063027382,93,1,1,same_source_cyclic_next_latent,False
validation,reid,93,0,2.6146413034666693e-08,0.0,,2.0492452179610154e-08,84,1,1,same_source_cyclic_next_latent,False
validation,reid,93,5,8.555791453090933e-08,1.0514619930290792e-07,0.1862956997196651,6.768307514448679e-08,84,1,1,same_source_cyclic_next_latent,False
validation,reid,93,10,1.855551801099864e-07,4.2241856590408133e-07,0.5607314756328194,1.6899615218335384e-07,84,1,1,same_source_cyclic_next_latent,False
validation,reid,93,25,5.840109906785074e-07,2.6625341433828e-06,0.7806559618662728,6.917263704053767e-07,84,1,1,same_source_cyclic_next_latent,False
validation,reid,93,50,9.315038482782256e-07,1.0701617611630354e-05,0.9129567246669437,1.7893191852635937e-06,84,1,1,same_source_cyclic_next_latent,False
validation,reid,93,75,8.193770781872445e-07,2.4128486984409392e-05,0.9660410916475333,2.76568880508421e-06,84,1,1,same_source_cyclic_next_latent,False
validation,reid,93,100,9.727964425110258e-07,4.294652535463683e-05,0.9773486577906355,3.795411885221256e-06,84,1,1,same_source_cyclic_next_latent,False
validation,reid,93,125,1.5407692899316316e-06,6.716716598020867e-05,0.9770606773793965,5.159190095582744e-06,84,1,1,same_source_cyclic_next_latent,False
validation,reid,93,149,2.3085594875738025e-06,9.55089635681361e-05,0.9758288709108766,6.761300483049126e-06,84,1,1,same_source_cyclic_next_latent,False
validation,reid,93,175,3.3602898383833235e-06,0.0001318353315582499,0.9745114621500488,8.652998076286167e-06,84,1,1,same_source_cyclic_next_latent,False
validation,reid,93,199,4.723748133983463e-06,0.00017057791410479695,0.9723073871622011,1.043910833686823e-05,84,1,1,same_source_cyclic_next_latent,False
validation,reid,84,0,1.8364966436479335e-08,0.0,,3.7160656773949086e-08,96,1,1,same_source_cyclic_next_latent,False
validation,reid,84,5,5.0316604216504857e-08,9.34500405946892e-08,0.46156680193711586,2.0469753891916298e-08,96,1,1,same_source_cyclic_next_latent,False
validation,reid,84,10,1.205326327635703e-07,3.706644804424286e-07,0.6748201159719933,4.5446647334301815e-08,96,1,1,same_source_cyclic_next_latent,False
validation,reid,84,25,4.6527111408067867e-07,2.3013249119685497e-06,0.7978246740992838,2.7345143394086335e-07,96,1,1,same_source_cyclic_next_latent,False
validation,reid,84,50,1.038100663208752e-06,9.18923342396738e-06,0.8870307657544997,7.166424325077969e-07,96,1,1,same_source_cyclic_next_latent,False
validation,reid,84,75,1.2738564691971987e-06,2.066570050374139e-05,0.9383589020383521,9.252327686226636e-07,96,1,1,same_source_cyclic_next_latent,False
validation,reid,84,100,1.3967411405246821e-06,3.673380706459284e-05,0.9619766843641159,1.159663497674046e-06,96,1,1,same_source_cyclic_next_latent,False
validation,reid,84,125,1.7399262333128718e-06,5.7396227930439636e-05,0.9696857041647137,1.6976767938103876e-06,96,1,1,same_source_cyclic_next_latent,False
validation,reid,84,149,2.3311363293032628e-06,8.155551040545106e-05,0.9714165686939598,2.4514181404811097e-06,96,1,1,same_source_cyclic_next_latent,False
validation,reid,84,175,3.218785877834307e-06,0.00011250645911786705,0.9713902125880421,3.432637186051579e-06,96,1,1,same_source_cyclic_next_latent,False
validation,reid,84,199,4.3193135752517264e-06,0.0001454888260923326,0.9703117160866325,4.50832158094272e-06,96,1,1,same_source_cyclic_next_latent,False
validation,reid,96,0,3.921156377373336e-08,0.0,,8.096189496598072e-09,97,1,1,same_source_cyclic_next_latent,False
validation,reid,96,5,2.3859316300445244e-08,1.03322996380939e-07,0.7690802905823703,3.902855638671099e-08,97,1,1,same_source_cyclic_next_latent,False
validation,reid,96,10,5.724547591512419e-08,4.142063971812604e-07,0.8617948049458226,1.1335801985978833e-07,97,1,1,same_source_cyclic_next_latent,False
validation,reid,96,25,3.42729407520892e-07,2.595082605694188e-06,0.8679312146870133,4.819667083211243e-07,97,1,1,same_source_cyclic_next_latent,False
validation,reid,96,50,9.123414201894775e-07,1.0409034985059407e-05,0.9123510083788742,1.0704635542424512e-06,97,1,1,same_source_cyclic_next_latent,False
validation,reid,96,75,1.1888424751305138e-06,2.3453274479834363e-05,0.9493101709037386,1.3567566838901257e-06,97,1,1,same_source_cyclic_next_latent,False
validation,reid,96,100,1.4366771665663691e-06,4.173463457846083e-05,0.9655759016203813,1.7545088439874235e-06,97,1,1,same_source_cyclic_next_latent,False
validation,reid,96,125,2.0244547158654314e-06,6.525538628920913e-05,0.9689764350349084,2.635349801494158e-06,97,1,1,same_source_cyclic_next_latent,False
validation,reid,96,149,2.945952019217657e-06,9.276856144424528e-05,0.9682440691829829,3.962322352890624e-06,97,1,1,same_source_cyclic_next_latent,False
validation,reid,96,175,4.285184786567697e-06,0.0001280317228520289,0.9665302888134978,5.936311026744079e-06,97,1,1,same_source_cyclic_next_latent,False
validation,reid,96,199,5.840598987560952e-06,0.00016562770179007202,0.9647365813542246,8.34638012747746e-06,97,1,1,same_source_cyclic_next_latent,False
validation,reid,97,0,8.168323795132437e-09,0.0,,3.4631941048246517e-07,13,1,1,same_source_cyclic_next_latent,False
validation,reid,97,5,4.441623602247091e-08,1.0388254167992272e-07,0.5724379158980937,2.5209712362084247e-07,13,1,1,same_source_cyclic_next_latent,False
validation,reid,97,10,1.251793406709112e-07,4.131814819174906e-07,0.697035452581322,2.0990175642054965e-07,13,1,1,same_source_cyclic_next_latent,False
validation,reid,97,25,5.068148425380059e-07,2.567076535342494e-06,0.8025711989649005,2.9694027148252644e-07,13,1,1,same_source_cyclic_next_latent,False
validation,reid,97,50,1.0474661849002587e-06,1.0246058991469909e-05,0.8977688703752048,1.222242303811072e-06,13,1,1,same_source_cyclic_next_latent,False
validation,reid,97,75,1.0863459465326741e-06,2.3035410777083598e-05,0.9528401747620057,3.4332369978073984e-06,13,1,1,same_source_cyclic_next_latent,False
validation,reid,97,100,9.354756684842869e-07,4.093155075679533e-05,0.9771453646102333,6.607398972846568e-06,13,1,1,same_source_cyclic_next_latent,False
validation,reid,97,125,9.904230182655738e-07,6.392442446667701e-05,0.9845063443819996,1.0365224625275005e-05,13,1,1,same_source_cyclic_next_latent,False
validation,reid,97,149,1.3223020687291864e-06,9.079395385924727e-05,0.9854362321220301,1.4896909306116868e-05,13,1,1,same_source_cyclic_next_latent,False
validation,reid,97,175,1.965043111340492e-06,0.0001251927751582116,0.9843038617136078,2.1749599909526296e-05,13,1,1,same_source_cyclic_next_latent,False
validation,reid,97,199,2.8230595034983708e-06,0.00016182287072297186,0.9825546321673453,3.091531471000053e-05,13,1,1,same_source_cyclic_next_latent,False
validation,reid,13,0,2.3620167155513627e-07,0.0,,1.5629596816779667e-07,28,1,1,same_source_cyclic_next_latent,False
validation,reid,13,5,1.487725143078933e-07,9.996369954023976e-08,-0.48826539025804916,8.058971445734642e-08,28,1,1,same_source_cyclic_next_latent,False
validation,reid,13,10,1.3559264289142448e-07,4.0348717789129296e-07,0.6639480748804472,7.758727349482797e-08,28,1,1,same_source_cyclic_next_latent,False
validation,reid,13,25,4.614161355220858e-07,2.6054560748889344e-06,0.8229038900447573,4.25018669147903e-07,28,1,1,same_source_cyclic_next_latent,False
validation,reid,13,50,2.1833261598658282e-06,1.0772148925752845e-05,0.7973174920886791,2.199541086156387e-06,28,1,1,same_source_cyclic_next_latent,False
validation,reid,13,75,5.450886419566814e-06,2.473311178619042e-05,0.7796117825088923,5.852790764038218e-06,28,1,1,same_source_cyclic_next_latent,False
validation,reid,13,100,1.018206421576906e-05,4.4647022150456905e-05,0.7719430384078849,1.1179646207892802e-05,28,1,1,same_source_cyclic_next_latent,False
validation,reid,13,125,1.6436924852314405e-05,7.067642582114786e-05,0.767434124443286,1.8071383237838745e-05,28,1,1,same_source_cyclic_next_latent,False
validation,reid,13,149,2.4357968868571334e-05,0.00010157931683352217,0.7602073962705274,2.689708344405517e-05,28,1,1,same_source_cyclic_next_latent,False
validation,reid,13,175,3.605779420468025e-05,0.00014179330901242793,0.7457017227694442,4.098860881640576e-05,28,1,1,same_source_cyclic_next_latent,False
validation,reid,13,199,5.094987864140421e-05,0.0001853152789408341,0.7250637997438352,6.0488968301797286e-05,28,1,1,same_source_cyclic_next_latent,False
validation,reid,28,0,1.939721272492534e-07,0.0,,2.3815633198864816e-07,52,1,1,same_source_cyclic_next_latent,False
validation,reid,28,5,1.1749945372230286e-07,1.0269551609098926e-07,-0.1441536903928422,1.586506641615415e-07,52,1,1,same_source_cyclic_next_latent,False
validation,reid,28,10,1.0402713002122255e-07,4.423241932727251e-07,0.7648170016396045,1.6319280859988794e-07,52,1,1,same_source_cyclic_next_latent,False
validation,reid,28,25,4.4530719378599315e-07,3.113214461336611e-06,0.8569622493675533,7.485162427656178e-07,52,1,1,same_source_cyclic_next_latent,False
validation,reid,28,50,2.3704508294031257e-06,1.358427107334137e-05,0.8255003292701477,3.6943361010344233e-06,52,1,1,same_source_cyclic_next_latent,False
validation,reid,28,75,6.39036443317309e-06,3.200078208465129e-05,0.8003059920139222,9.35651405598037e-06,52,1,1,same_source_cyclic_next_latent,False
validation,reid,28,100,1.2032132872263901e-05,5.867032814421691e-05,0.7949196254248341,1.822306148824282e-05,52,1,1,same_source_cyclic_next_latent,False
validation,reid,28,125,1.9332976080477238e-05,9.386183228343725e-05,0.7940272887269354,3.0758477805648e-05,52,1,1,same_source_cyclic_next_latent,False
validation,reid,28,149,2.9420212740660645e-05,0.00013590285379905254,0.7835202726194279,4.7119603550527245e-05,52,1,1,same_source_cyclic_next_latent,False
validation,reid,28,175,4.654844451579265e-05,0.00019086066458839923,0.7561129496422075,7.135065243346617e-05,52,1,1,same_source_cyclic_next_latent,False
validation,reid,28,199,7.135447231121361e-05,0.000250564597081393,0.7152252427423538,0.00010169440793106332,52,1,1,same_source_cyclic_next_latent,False
validation,reid,52,0,1.83439823331355e-07,0.0,,1.1224305751511565e-07,59,1,1,same_source_cyclic_next_latent,False
validation,reid,52,5,7.363922804870526e-08,1.0380210113680732e-07,0.29058056395552645,3.794446712390709e-08,59,1,1,same_source_cyclic_next_latent,False
validation,reid,52,10,2.1813372441670253e-08,4.140581495448714e-07,0.9473180941719241,2.0214395490825154e-08,59,1,1,same_source_cyclic_next_latent,False
validation,reid,52,25,1.0546087736429399e-07,2.5844267383945407e-06,0.9591937059783684,2.0910032105803111e-07,59,1,1,same_source_cyclic_next_latent,False
validation,reid,52,50,5.260473585622094e-07,1.0333380487281829e-05,0.9490924234126809,8.302441187879595e-07,59,1,1,same_source_cyclic_next_latent,False
validation,reid,52,75,8.833366678118182e-07,2.3241327653522603e-05,0.961992848215023,1.41321856972354e-06,59,1,1,same_source_cyclic_next_latent,False
validation,reid,52,100,1.2241813465152518e-06,4.1306804632768035e-05,0.9703636880799991,1.9972385416622274e-06,59,1,1,same_source_cyclic_next_latent,False
validation,reid,52,125,1.6349542875104817e-06,6.4523694163654e-05,0.9746611797619076,2.6964253265759908e-06,59,1,1,same_source_cyclic_next_latent,False
validation,reid,52,149,2.064347199848271e-06,9.165598748950288e-05,0.9774772248230407,3.459065283095697e-06,59,1,1,same_source_cyclic_next_latent,False
validation,reid,52,175,2.567316187196411e-06,0.0001263997401110828,0.9796889124539323,4.325805548432982e-06,59,1,1,same_source_cyclic_next_latent,False
validation,reid,52,199,3.2469158668391174e-06,0.00016340739966835827,0.9801299336907089,5.1612114475574344e-06,59,1,1,same_source_cyclic_next_latent,False
validation,reid,59,0,1.1268461008739905e-07,0.0,,1.9360433611836925e-07,57,1,1,same_source_cyclic_next_latent,False
validation,reid,59,5,3.676523263607123e-08,1.0051899579366363e-07,0.6342459219196778,9.402953793369306e-08,57,1,1,same_source_cyclic_next_latent,False
validation,reid,59,10,1.3178078184239439e-08,4.096098109585e-07,0.9678277281654892,4.16200016672974e-08,57,1,1,same_source_cyclic_next_latent,False
validation,reid,59,25,1.8124516998341278e-07,2.5966930934373522e-06,0.9302015434779429,1.3253419695047342e-07,57,1,1,same_source_cyclic_next_latent,False
validation,reid,59,50,7.500959782191785e-07,1.0445361112942919e-05,0.9281886025663842,7.08538493654487e-07,57,1,1,same_source_cyclic_next_latent,False
validation,reid,59,75,1.2607290500454837e-06,2.3561089619761333e-05,0.9464910549388142,1.5334369436459383e-06,57,1,1,same_source_cyclic_next_latent,False
validation,reid,59,100,1.8004533330895356e-06,4.1953680920414627e-05,0.9570847350318328,2.7251153369434178e-06,57,1,1,same_source_cyclic_next_latent,False
validation,reid,59,125,2.566581997598405e-06,6.56422707834281e-05,0.9609004690580211,4.463575805857545e-06,57,1,1,same_source_cyclic_next_latent,False
validation,reid,59,149,3.556835508788936e-06,9.337658411823213e-05,0.9619086996769413,6.755543836334255e-06,57,1,1,same_source_cyclic_next_latent,False
validation,reid,59,175,4.929169790557353e-06,0.0001289642386836931,0.9617787858024194,1.0079349522129633e-05,57,1,1,same_source_cyclic_next_latent,False
validation,reid,59,199,6.599285825359402e-06,0.00016694419900886714,0.9604701099856193,1.4174169336911291e-05,57,1,1,same_source_cyclic_next_latent,False
validation,reid,57,0,1.743966464573532e-07,0.0,,1.0005260264733806e-07,15,1,1,same_source_cyclic_next_latent,False
validation,reid,57,5,7.634770327058504e-08,1.0879922029971567e-07,0.2982697572623637,2.893919770485809e-08,15,1,1,same_source_cyclic_next_latent,False
validation,reid,57,10,4.036249734440389e-08,4.6272842268990644e-07,0.9127728158348888,5.092330113143362e-08,15,1,1,same_source_cyclic_next_latent,False
validation,reid,57,25,3.2441593589283e-07,3.0676756068714894e-06,0.8942469877955318,6.362818112393143e-07,15,1,1,same_source_cyclic_next_latent,False
validation,reid,57,50,1.587857582308061e-06,1.2550069186545443e-05,0.8734781809800415,2.5626777642173693e-06,15,1,1,same_source_cyclic_next_latent,False
validation,reid,57,75,3.384817091500736e-06,2.845998460543342e-05,0.8810675009692547,5.102636805531802e-06,15,1,1,same_source_cyclic_next_latent,False
validation,reid,57,100,5.806564786325907e-06,5.080093251308426e-05,0.8856996417372778,8.940922270994633e-06,15,1,1,same_source_cyclic_next_latent,False
validation,reid,57,125,9.119967216975056e-06,7.957850903039798e-05,0.8853966060925904,1.5278981663868763e-05,15,1,1,same_source_cyclic_next_latent,False
validation,reid,57,149,1.3332722119230311e-05,0.00011326819367241114,0.8822906794312393,2.466849582560826e-05,15,1,1,same_source_cyclic_next_latent,False
validation,reid,57,175,1.9383192920940928e-05,0.00015646663086954504,0.8761193181369018,3.9589303924003616e-05,15,1,1,same_source_cyclic_next_latent,False
validation,reid,57,199,2.6810648705577478e-05,0.0002025431749643758,0.8676299573644333,5.8526005886960775e-05,15,1,1,same_source_cyclic_next_latent,False
validation,reid,15,0,1.3744971738560707e-07,0.0,,2.055385266430676e-07,53,1,1,same_source_cyclic_next_latent,False
validation,reid,15,5,8.032100140553666e-08,9.878272066998761e-08,0.1868921926753535,1.323758169746725e-07,53,1,1,same_source_cyclic_next_latent,False
validation,reid,15,10,9.7005184329646e-08,4.075140793702303e-07,0.7619586923731392,1.375710780848749e-07,53,1,1,same_source_cyclic_next_latent,False
validation,reid,15,25,5.394290383264888e-07,2.657891172930249e-06,0.7970462282954258,6.010433821757033e-07,53,1,1,same_source_cyclic_next_latent,False
validation,reid,15,50,2.303478595422348e-06,1.1012571121682413e-05,0.7908318983850121,2.841253262886312e-06,53,1,1,same_source_cyclic_next_latent,False
validation,reid,15,75,5.420894467533799e-06,2.5448980522924103e-05,0.7869897199751978,7.131203801691299e-06,53,1,1,same_source_cyclic_next_latent,False
validation,reid,15,100,1.0338684660382569e-05,4.635270670405589e-05,0.7769561823780632,1.3830821444571484e-05,53,1,1,same_source_cyclic_next_latent,False
validation,reid,15,125,1.7343718354823068e-05,7.409453974105418e-05,0.7659244741186605,2.314149242010899e-05,53,1,1,same_source_cyclic_next_latent,False
validation,reid,15,149,2.6661722586140968e-05,0.00010749007924459875,0.7519610853996027,3.468884096946567e-05,53,1,1,same_source_cyclic_next_latent,False
validation,reid,15,175,4.0908329538069665e-05,0.00015147423255257308,0.7299320891170624,5.042628254159354e-05,53,1,1,same_source_cyclic_next_latent,False
validation,reid,15,199,5.9063142543891445e-05,0.00019959177006967366,0.7040802708284333,6.840909918537363e-05,53,1,1,same_source_cyclic_next_latent,False
validation,reid,53,0,2.1033815755799878e-07,0.0,,3.260827838857949e-07,2,1,1,same_source_cyclic_next_latent,False
validation,reid,53,5,1.0982625298083804e-07,9.364332242967066e-08,-0.17281457055649962,2.0905149256122968e-07,2,1,1,same_source_cyclic_next_latent,False
validation,reid,53,10,5.093374255693561e-08,3.85355036769397e-07,0.867826451721156,1.2691869244463305e-07,2,1,1,same_source_cyclic_next_latent,False
validation,reid,53,25,7.51897673012536e-08,2.4711696369195124e-06,0.9695732068823155,7.4580192688245e-08,2,1,1,same_source_cyclic_next_latent,False
validation,reid,53,50,4.011758960587031e-07,9.974225577025209e-06,0.9597787424235945,2.8768161541847803e-07,2,1,1,same_source_cyclic_next_latent,False
validation,reid,53,75,7.768138061692298e-07,2.250624675070867e-05,0.9654845245956094,6.736835871379299e-07,2,1,1,same_source_cyclic_next_latent,False
validation,reid,53,100,1.215441898239078e-06,4.006221570307389e-05,0.9696611413795114,1.2785146736860042e-06,2,1,1,same_source_cyclic_next_latent,False
validation,reid,53,125,1.789945486052602e-06,6.264413968892768e-05,0.9714267688096454,2.0972192942281254e-06,2,1,1,same_source_cyclic_next_latent,False
validation,reid,53,149,2.5194644877046812e-06,8.904800051823258e-05,0.9717066697394422,3.176698555762414e-06,2,1,1,same_source_cyclic_next_latent,False
validation,reid,53,175,3.5961741104983957e-06,0.0001228825276484713,0.9707348621539921,4.958078534400556e-06,2,1,1,same_source_cyclic_next_latent,False
validation,reid,53,199,4.957655164616881e-06,0.00015894098032731563,0.968808200664125,7.510625891882228e-06,2,1,1,same_source_cyclic_next_latent,False
validation,reid,2,0,2.2909998165232537e-07,0.0,,2.4262792663876098e-08,88,1,1,same_source_cyclic_next_latent,False
validation,reid,2,5,1.0673952033357637e-07,9.875607531739661e-08,-0.0808400393648836,1.8917297950338252e-08,88,1,1,same_source_cyclic_next_latent,False
validation,reid,2,10,3.794011149693688e-08,3.9769926729604776e-07,0.9046010022726689,8.85280257989507e-08,88,1,1,same_source_cyclic_next_latent,False
validation,reid,2,25,7.679780367197964e-08,2.5024969545484055e-06,0.9693115296174902,6.545231485688419e-07,88,1,1,same_source_cyclic_next_latent,False
validation,reid,2,50,4.78532740544324e-07,1.003642591967946e-05,0.9523204032616814,2.1557464151555905e-06,88,1,1,same_source_cyclic_next_latent,False
validation,reid,2,75,8.761567187320907e-07,2.2605408958042972e-05,0.9612412798919812,3.618205710154143e-06,88,1,1,same_source_cyclic_next_latent,False
validation,reid,2,100,1.276921238968498e-06,4.020733467768878e-05,0.968241584546586,5.099435838928912e-06,88,1,1,same_source_cyclic_next_latent,False
validation,reid,2,125,1.7793677216104697e-06,6.284512346610427e-05,0.9716864631100586,7.168763659137767e-06,88,1,1,same_source_cyclic_next_latent,False
validation,reid,2,149,2.3361390049103647e-06,8.931615593610331e-05,0.9738441608863951,1.0023030881711747e-05,88,1,1,same_source_cyclic_next_latent,False
validation,reid,2,175,2.9997086130606476e-06,0.00012323314149398357,0.9756582638672154,1.4235027265385725e-05,88,1,1,same_source_cyclic_next_latent,False
validation,reid,2,199,3.7844736198167084e-06,0.00015938510478008538,0.9762557886131304,1.9454608263913542e-05,88,1,1,same_source_cyclic_next_latent,False
validation,reid,88,0,3.746888666000814e-08,0.0,,6.250950832509261e-07,74,1,1,same_source_cyclic_next_latent,False
validation,reid,88,5,2.1157266161253574e-08,1.0328217570076959e-07,0.7951508474942407,4.902552177554753e-07,74,1,1,same_source_cyclic_next_latent,False
validation,reid,88,10,5.5717627844842355e-08,4.2534415456429997e-07,0.8690057750954246,3.9467226997658145e-07,74,1,1,same_source_cyclic_next_latent,False
validation,reid,88,25,3.785792443977698e-07,2.7586918349697953e-06,0.8627685631287937,3.3217668260476785e-07,74,1,1,same_source_cyclic_next_latent,False
validation,reid,88,50,1.0446549367770785e-06,1.1242896107432898e-05,0.9070831103663373,7.488035862479592e-07,74,1,1,same_source_cyclic_next_latent,False
validation,reid,88,75,1.4978525086917216e-06,2.548983866290655e-05,0.9412372699372384,1.6774948790043709e-06,74,1,1,same_source_cyclic_next_latent,False
validation,reid,88,100,2.261236886624829e-06,4.550983430817723e-05,0.9503132252402305,3.0494809379888466e-06,74,1,1,same_source_cyclic_next_latent,False
validation,reid,88,125,3.61529032488761e-06,7.13156841811724e-05,0.9493058172771193,4.649120455724187e-06,74,1,1,same_source_cyclic_next_latent,False
validation,reid,88,149,5.212981704971753e-06,0.00010155241761822253,0.9486670841794284,6.3229540501197334e-06,74,1,1,same_source_cyclic_next_latent,False
validation,reid,88,175,7.119741894712206e-06,0.00014035985805094242,0.9492750848171408,8.387646630581003e-06,74,1,1,same_source_cyclic_next_latent,False
validation,reid,88,199,9.112367479247041e-06,0.0001818001619540155,0.9498770112121686,1.0633079000399448e-05,74,1,1,same_source_cyclic_next_latent,False
validation,reid,74,0,4.224474423608626e-07,0.0,,2.8016330588798155e-07,31,1,1,same_source_cyclic_next_latent,False
validation,reid,74,5,2.798570051254501e-07,9.82452448283766e-08,-1.8485552213171115,1.616531619674788e-07,31,1,1,same_source_cyclic_next_latent,False
validation,reid,74,10,1.9157609187914204e-07,3.9470123169849103e-07,0.5146301138845054,9.52041006030413e-08,31,1,1,same_source_cyclic_next_latent,False
validation,reid,74,25,1.6882222553249449e-07,2.468499815222458e-06,0.931609382957446,1.2907273116979923e-07,31,1,1,same_source_cyclic_next_latent,False
validation,reid,74,50,5.748444209530135e-07,9.872235750663094e-06,0.9417716072152752,7.414008678097161e-07,31,1,1,same_source_cyclic_next_latent,False
validation,reid,74,75,1.2770509556503384e-06,2.2206828361959197e-05,0.9424928704434914,2.3464622245228384e-06,31,1,1,same_source_cyclic_next_latent,False
validation,reid,74,100,2.2920767150935717e-06,3.9466427551815286e-05,0.941923380014968,5.042877091909759e-06,31,1,1,same_source_cyclic_next_latent,False
validation,reid,74,125,3.6769888538401574e-06,6.164090154925361e-05,0.9403482304537338,8.517620699421968e-06,31,1,1,same_source_cyclic_next_latent,False
validation,reid,74,149,5.415458417701302e-06,8.754659938858822e-05,0.9381419900313431,1.2885000614915043e-05,31,1,1,same_source_cyclic_next_latent,False
validation,reid,74,175,7.84530675446149e-06,0.00012070701632183045,0.9350053791939962,1.9797611457761377e-05,31,1,1,same_source_cyclic_next_latent,False
validation,reid,74,199,1.0670952178770676e-05,0.0001560081000206992,0.9316000119394131,2.9268265279824845e-05,31,1,1,same_source_cyclic_next_latent,False
validation,reid,31,0,2.9197460094110284e-07,0.0,,4.809951974493742e-07,69,1,1,same_source_cyclic_next_latent,False
validation,reid,31,5,1.9794170214026963e-07,9.754089802527233e-08,-1.0293200713508295,3.753002602024935e-07,69,1,1,same_source_cyclic_next_latent,False
validation,reid,31,10,1.8082894825965923e-07,4.046144965741405e-07,0.5530833675245628,3.604916969379701e-07,69,1,1,same_source_cyclic_next_latent,False
validation,reid,31,25,5.507164928530983e-07,2.6757297746371478e-06,0.7941808257047256,7.985244678820891e-07,69,1,1,same_source_cyclic_next_latent,False
validation,reid,31,50,2.5265633212256944e-06,1.1123805961688049e-05,0.7728688067800236,3.166099304507952e-06,69,1,1,same_source_cyclic_next_latent,False
validation,reid,31,75,6.451094122894574e-06,2.5607325369492173e-05,0.7480762231193336,7.650736733921804e-06,69,1,1,same_source_cyclic_next_latent,False
validation,reid,31,100,1.1935519069083966e-05,4.6321227273438126e-05,0.7423315449172452,1.3584711268777028e-05,69,1,1,same_source_cyclic_next_latent,False
validation,reid,31,125,1.849338150350377e-05,7.339884905377403e-05,0.7480426227125849,2.0471145035116933e-05,69,1,1,same_source_cyclic_next_latent,False
validation,reid,31,149,2.619041333673522e-05,0.00010547126294113696,0.75168199748066,2.822456917783711e-05,69,1,1,same_source_cyclic_next_latent,False
validation,reid,31,175,3.6677371099358425e-05,0.00014702796761412174,0.7505415350933843,3.8386424421332777e-05,69,1,1,same_source_cyclic_next_latent,False
validation,reid,31,199,4.8956524551613256e-05,0.0001917742338264361,0.7447179239108784,4.996035931981169e-05,69,1,1,same_source_cyclic_next_latent,False
validation,reid,69,0,4.1075105627896846e-07,0.0,,2.5147258497781877e-07,19,1,1,same_source_cyclic_next_latent,False
validation,reid,69,5,2.8668418394772743e-07,1.0311431708487362e-07,-1.780255856340076,1.5769897743211914e-07,19,1,1,same_source_cyclic_next_latent,False
validation,reid,69,10,2.375651035890769e-07,4.325807765326317e-07,0.45081909211664617,1.3340239490844397e-07,19,1,1,same_source_cyclic_next_latent,False
validation,reid,69,25,4.921263325741165e-07,2.8503357043518918e-06,0.8273444311058735,4.2007653178188775e-07,19,1,1,same_source_cyclic_next_latent,False
validation,reid,69,50,2.039278342635953e-06,1.1736545275198296e-05,0.8262454329771673,2.03458557734848e-06,19,1,1,same_source_cyclic_next_latent,False
validation,reid,69,75,4.95764425068046e-06,2.679025783436373e-05,0.8149460045762862,5.204638000577688e-06,19,1,1,same_source_cyclic_next_latent,False
validation,reid,69,100,9.015074283524882e-06,4.8090289055835456e-05,0.8125385714970877,9.452812264498789e-06,19,1,1,same_source_cyclic_next_latent,False
validation,reid,69,125,1.4140565326670185e-05,7.570085290353745e-05,0.8132046762446794,1.4705531611980405e-05,19,1,1,same_source_cyclic_next_latent,False
validation,reid,69,149,2.0346049495856278e-05,0.00010818660666700453,0.8119355979203519,2.1110992747708224e-05,19,1,1,same_source_cyclic_next_latent,False
validation,reid,69,175,2.8879074307042174e-05,0.0001500365324318409,0.8075197164386516,3.0342773243319243e-05,19,1,1,same_source_cyclic_next_latent,False
validation,reid,69,199,3.8968810258666053e-05,0.00019486209203023463,0.8000185164150876,4.186964360997081e-05,19,1,1,same_source_cyclic_next_latent,False
validation,reid,19,0,2.686977325083717e-07,0.0,,8.905197290687283e-08,41,1,1,same_source_cyclic_next_latent,False
validation,reid,19,5,1.8126955581010407e-07,9.762278807556868e-08,-0.8568364967182189,3.8152190739992875e-08,41,1,1,same_source_cyclic_next_latent,False
validation,reid,19,10,1.7110535566189355e-07,3.94468059994324e-07,0.5662377439016086,5.880936981839113e-08,41,1,1,same_source_cyclic_next_latent,False
validation,reid,19,25,5.158382236913894e-07,2.5457179617660586e-06,0.7973702384008269,4.803703177458374e-07,41,1,1,same_source_cyclic_next_latent,False
validation,reid,19,50,2.517138909752248e-06,1.0593883416731842e-05,0.7623969595722838,2.171136884498992e-06,41,1,1,same_source_cyclic_next_latent,False
validation,reid,19,75,6.5412436924816575e-06,2.450023021083325e-05,0.7330129702377524,5.267334472591756e-06,41,1,1,same_source_cyclic_next_latent,False
validation,reid,19,100,1.1960546544287354e-05,4.4587679440155625e-05,0.7317522083574572,1.0287418263033032e-05,41,1,1,same_source_cyclic_next_latent,False
validation,reid,19,125,1.8650425772648305e-05,7.122715760488063e-05,0.7381556922977601,1.746244561218191e-05,41,1,1,same_source_cyclic_next_latent,False
validation,reid,19,149,2.673828748811502e-05,0.0001033735170494765,0.741342964317277,2.6592397261993028e-05,41,1,1,same_source_cyclic_next_latent,False
validation,reid,19,175,3.831857975455932e-05,0.00014598786947317421,0.7375221661029823,3.907578138750978e-05,41,1,1,same_source_cyclic_next_latent,False
validation,reid,19,199,5.274213617667556e-05,0.00019308346963953227,0.7268428194545089,5.399328074418008e-05,41,1,1,same_source_cyclic_next_latent,False
validation,depablo_low_temp,161,0,7.451374699485314e-07,0.0,,5.940023015682527e-07,47,1,1,same_source_cyclic_next_latent,False
validation,depablo_low_temp,161,5,5.578647233051015e-07,1.0447118370393582e-07,-4.339890901265672,4.1688360852276674e-07,47,1,1,same_source_cyclic_next_latent,False
validation,depablo_low_temp,161,10,4.399618376282888e-07,4.179090637990157e-07,-0.05276931212929825,3.0392649819077633e-07,47,1,1,same_source_cyclic_next_latent,False
validation,depablo_low_temp,161,25,3.8607311125815613e-07,2.613081051094923e-06,0.852253679197442,2.5423909733035543e-07,47,1,1,same_source_cyclic_next_latent,False
validation,depablo_low_temp,161,50,7.393076089101669e-07,1.0458379620104097e-05,0.9293095454778674,7.252309615068953e-07,47,1,1,same_source_cyclic_next_latent,False
validation,depablo_low_temp,161,75,1.1585459560592426e-06,2.353832132939715e-05,0.950780434175978,1.492872570452164e-06,47,1,1,same_source_cyclic_next_latent,False
validation,depablo_low_temp,161,100,1.542777567919984e-06,4.185446596238762e-05,0.9631394755028915,2.469968421792146e-06,47,1,1,same_source_cyclic_next_latent,False
validation,depablo_low_temp,161,125,1.9157628230459522e-06,6.540835602208972e-05,0.9707107327021189,3.73918260265782e-06,47,1,1,same_source_cyclic_next_latent,False
validation,depablo_low_temp,161,149,2.3088866782927653e-06,9.295123163610697e-05,0.9751602357746934,5.315720954968128e-06,47,1,1,same_source_cyclic_next_latent,False
validation,depablo_low_temp,161,175,2.9436710065056104e-06,0.00012823649740312248,0.977044982777002,7.483722129109083e-06,47,1,1,same_source_cyclic_next_latent,False
validation,depablo_low_temp,161,199,4.203464868623996e-06,0.00016584270633757114,0.974653905731206,9.988641977543011e-06,47,1,1,same_source_cyclic_next_latent,False
validation,depablo_low_temp,47,0,6.7290966399014e-07,0.0,,3.073041554557676e-08,191,1,1,same_source_cyclic_next_latent,False
validation,depablo_low_temp,47,5,4.844719683205767e-07,1.0193582511419663e-07,-3.75271542441367,2.880949878658612e-08,191,1,1,same_source_cyclic_next_latent,False
validation,depablo_low_temp,47,10,3.4819177585632133e-07,4.097973942407407e-07,0.1503318938827326,8.316664690255493e-08,191,1,1,same_source_cyclic_next_latent,False
validation,depablo_low_temp,47,25,1.8304558579984587e-07,2.571714503574185e-06,0.9288235200503602,4.5847451701774844e-07,191,1,1,same_source_cyclic_next_latent,False
validation,depablo_low_temp,47,50,3.367277372490207e-07,1.0300798749085516e-05,0.9673105216933867,1.333007162429567e-06,191,1,1,same_source_cyclic_next_latent,False
validation,depablo_low_temp,47,75,6.781721140214358e-07,2.318746737728361e-05,0.9707526439612016,2.4318298983416753e-06,191,1,1,same_source_cyclic_next_latent,False
validation,depablo_low_temp,47,100,1.1444444680819288e-06,4.123131657252088e-05,0.9722433198059783,4.310204076318769e-06,191,1,1,same_source_cyclic_next_latent,False
validation,depablo_low_temp,47,125,1.841892071752227e-06,6.443101301556453e-05,0.9714129580531772,7.595412171212956e-06,191,1,1,same_source_cyclic_next_latent,False
validation,depablo_low_temp,47,149,2.8744620976794977e-06,9.155587758868933e-05,0.9686042865473597,1.2534635061456356e-05,191,1,1,same_source_cyclic_next_latent,False
validation,depablo_low_temp,47,175,4.54754490419873e-06,0.00012630049604922533,0.9639942435188351,2.0662491806433536e-05,191,1,1,same_source_cyclic_next_latent,False
validation,depablo_low_temp,47,199,6.7496325755200814e-06,0.00016332407540176064,0.9586733764822077,3.180924613843672e-05,191,1,1,same_source_cyclic_next_latent,False
validation,depablo_low_temp,191,0,6.880780745177617e-08,0.0,,9.675975434220163e-07,66,1,1,same_source_cyclic_next_latent,False
validation,depablo_low_temp,191,5,3.4883569810517656e-08,1.0844533449017035e-07,0.6783303774706919,7.303936513380904e-07,66,1,1,same_source_cyclic_next_latent,False
validation,depablo_low_temp,191,10,2.4046794777632385e-08,4.3661586346388503e-07,0.9449245966766816,6.169487960505649e-07,66,1,1,same_source_cyclic_next_latent,False
validation,depablo_low_temp,191,25,4.616804005763697e-08,2.7436412892711814e-06,0.9831727127601652,1.2280227110750275e-06,66,1,1,same_source_cyclic_next_latent,False
validation,depablo_low_temp,191,50,1.2302639618155808e-07,1.0999379810527898e-05,0.9888151515539262,5.2855125431960914e-06,66,1,1,same_source_cyclic_next_latent,False
validation,depablo_low_temp,191,75,4.192135918401618e-07,2.4769382434897125e-05,0.9830753312908788,1.3483833754435182e-05,66,1,1,same_source_cyclic_next_latent,False
validation,depablo_low_temp,191,100,7.742647767372546e-07,4.4057222112314776e-05,0.9824259283809718,2.495062472007703e-05,66,1,1,same_source_cyclic_next_latent,False
validation,depablo_low_temp,191,125,9.300640613219002e-07,6.886258779559284e-05,0.98649391358799,3.849645145237446e-05,66,1,1,same_source_cyclic_next_latent,False
validation,depablo_low_temp,191,149,1.1241905895076343e-06,9.78677489911206e-05,0.98851316597044,5.4396066843764856e-05,66,1,1,same_source_cyclic_next_latent,False
validation,depablo_low_temp,191,175,1.7998485191128566e-06,0.00013503755326382816,0.9866714963681515,7.661928975721821e-05,66,1,1,same_source_cyclic_next_latent,False
validation,depablo_low_temp,191,199,3.2785935673018685e-06,0.00017463676340412349,0.981226212033517,0.00010329622455174103,66,1,1,same_source_cyclic_next_latent,False
validation,depablo_low_temp,66,0,8.834095979182166e-07,0.0,,7.077957775436516e-07,118,1,1,same_source_cyclic_next_latent,False
validation,depablo_low_temp,66,5,6.18298429344577e-07,9.862818473038715e-08,-5.268983161707533,5.110875349600974e-07,118,1,1,same_source_cyclic_next_latent,False
validation,depablo_low_temp,66,10,4.1480677737126825e-07,4.0102668208419345e-07,-0.03436204098804008,3.730937407908641e-07,118,1,1,same_source_cyclic_next_latent,False
validation,depablo_low_temp,66,25,2.0608075601558085e-07,2.543989467085339e-06,0.9189930781232013,3.2182168752115103e-07,118,1,1,same_source_cyclic_next_latent,False
validation,depablo_low_temp,66,50,5.156073257239768e-07,1.0273105544911232e-05,0.9498099845786767,1.0875849056901643e-06,118,1,1,same_source_cyclic_next_latent,False
validation,depablo_low_temp,66,75,1.2971212299817125e-06,2.325402783753816e-05,0.9442195030020643,2.5541069135215366e-06,118,1,1,same_source_cyclic_next_latent,False
validation,depablo_low_temp,66,100,2.3873767531767953e-06,4.156100476393476e-05,0.9425572897783145,4.580175300361589e-06,118,1,1,same_source_cyclic_next_latent,False
validation,depablo_low_temp,66,125,3.740054125955794e-06,6.526274955831468e-05,0.9426923604771829,7.186591119534569e-06,118,1,1,same_source_cyclic_next_latent,False
validation,depablo_low_temp,66,149,5.674395652022213e-06,9.317624062532559e-05,0.9391004014119895,1.0352779099775944e-05,118,1,1,same_source_cyclic_next_latent,False
validation,depablo_low_temp,66,175,8.551649443688802e-06,0.0001292074884986505,0.9338145989597335,1.478408375987783e-05,118,1,1,same_source_cyclic_next_latent,False
validation,depablo_low_temp,66,199,1.1881435966643039e-05,0.00016791837697383016,0.929242789379183,2.017438418988604e-05,118,1,1,same_source_cyclic_next_latent,False
validation,depablo_low_temp,118,0,6.461091857090651e-07,0.0,,7.080462637532037e-06,98,1,1,same_source_cyclic_next_latent,False
validation,depablo_low_temp,118,5,4.6011163590264914e-07,9.106263831881733e-08,-4.052693886286962,6.603197562071728e-06,98,1,1,same_source_cyclic_next_latent,False
validation,depablo_low_temp,118,10,3.1834966307542345e-07,3.5658808883454185e-07,0.1072341644503475,6.2207623159338254e-06,98,1,1,same_source_cyclic_next_latent,False
validation,depablo_low_temp,118,25,1.3666203813045286e-07,2.1927392026555026e-06,0.937675197321711,6.361955456668511e-06,98,1,1,same_source_cyclic_next_latent,False
validation,depablo_low_temp,118,50,3.284421268290316e-07,8.724763574718963e-06,0.9623551831500934,1.0638126695994288e-05,98,1,1,same_source_cyclic_next_latent,False
validation,depablo_low_temp,118,75,8.290970754387672e-07,1.959523251571227e-05,0.9576888370794292,1.724326102703344e-05,98,1,1,same_source_cyclic_next_latent,False
validation,depablo_low_temp,118,100,1.5524626633123262e-06,3.4804885217454284e-05,0.9553952655320413,2.392506030446384e-05,98,1,1,same_source_cyclic_next_latent,False
validation,depablo_low_temp,118,125,2.5604792881495086e-06,5.435306957224384e-05,0.9528917261104044,3.3490974601591006e-05,98,1,1,same_source_cyclic_next_latent,False
validation,depablo_low_temp,118,149,3.89208162232535e-06,7.720248686382547e-05,0.9495860589414633,4.900381463812664e-05,98,1,1,same_source_cyclic_next_latent,False
validation,depablo_low_temp,118,175,5.923243861616356e-06,0.0001064735115505755,0.9443688502862725,7.748659118078649e-05,98,1,1,same_source_cyclic_next_latent,False
validation,depablo_low_temp,118,199,8.59940246300539e-06,0.0001376654690830037,0.9375340634053956,0.00011864786938531324,98,1,1,same_source_cyclic_next_latent,False
validation,depablo_low_temp,98,0,5.099077043269062e-06,0.0,,9.91960860119434e-07,2,1,1,same_source_cyclic_next_latent,False
validation,depablo_low_temp,98,5,4.457138402358396e-06,1.139613132750128e-07,-38.110977877223796,6.325439017018653e-07,2,1,1,same_source_cyclic_next_latent,False
validation,depablo_low_temp,98,10,3.843438207695726e-06,5.0763196668413e-07,-6.571308467433997,3.5744568549489486e-07,2,1,1,same_source_cyclic_next_latent,False
validation,depablo_low_temp,98,25,2.9982691103214165e-06,3.5328100693732267e-06,0.15130758477107875,4.479669257761998e-07,2,1,1,same_source_cyclic_next_latent,False
validation,depablo_low_temp,98,50,3.902337539329892e-06,1.4838107745163143e-05,0.7370057148559285,2.077980980175198e-06,2,1,1,same_source_cyclic_next_latent,False
validation,depablo_low_temp,98,75,5.7502415984345134e-06,3.409271812415682e-05,0.8313351966395396,4.2095357457583304e-06,2,1,1,same_source_cyclic_next_latent,False
validation,depablo_low_temp,98,100,8.170822184183635e-06,6.142582424217835e-05,0.8669806667637177,7.308273779926822e-06,2,1,1,same_source_cyclic_next_latent,False
validation,depablo_low_temp,98,125,1.2366650480544195e-05,9.695556218503043e-05,0.8724503246451851,1.1984949196630623e-05,2,1,1,same_source_cyclic_next_latent,False
validation,depablo_low_temp,98,149,1.9883998902514577e-05,0.0001388805831084028,0.8568266459034508,1.775477903720457e-05,2,1,1,same_source_cyclic_next_latent,False
validation,depablo_low_temp,98,175,3.6277608160162345e-05,0.00019302488362882286,0.8120573499221875,2.5602415917092003e-05,2,1,1,same_source_cyclic_next_latent,False
validation,depablo_low_temp,98,199,6.48071727482602e-05,0.00025115665630437434,0.7419651395990835,3.6382032703841105e-05,2,1,1,same_source_cyclic_next_latent,False
validation,depablo_low_temp,2,0,1.228242581419181e-06,0.0,,3.3032160899892915e-06,136,1,1,same_source_cyclic_next_latent,False
validation,depablo_low_temp,2,5,8.756030069889675e-07,9.775605747108784e-08,-7.957020461345163,2.748989572864957e-06,136,1,1,same_source_cyclic_next_latent,False
validation,depablo_low_temp,2,10,5.704644649995316e-07,4.147042602653528e-07,-0.3755934521495248,2.1965956875646953e-06,136,1,1,same_source_cyclic_next_latent,False
validation,depablo_low_temp,2,25,3.380696966814867e-07,2.7603841772361193e-06,0.877528026906753,1.4370468761626398e-06,136,1,1,same_source_cyclic_next_latent,False
validation,depablo_low_temp,2,50,1.1549027476576157e-06,1.143445297202561e-05,0.898997988755292,2.1469670627993764e-06,136,1,1,same_source_cyclic_next_latent,False
validation,depablo_low_temp,2,75,2.958097184091457e-06,2.6147068638238125e-05,0.8868669668092177,4.302221896068659e-06,136,1,1,same_source_cyclic_next_latent,False
validation,depablo_low_temp,2,100,5.8845098465099e-06,4.6995002776384354e-05,0.8747843494230636,6.8378376454347745e-06,136,1,1,same_source_cyclic_next_latent,False
validation,depablo_low_temp,2,125,9.673241947893985e-06,7.407462544506416e-05,0.8694122057347703,9.876315743895248e-06,136,1,1,same_source_cyclic_next_latent,False
validation,depablo_low_temp,2,149,1.4012844985700212e-05,0.00010602713882690296,0.8678371863964263,1.3654860595124774e-05,136,1,1,same_source_cyclic_next_latent,False
validation,depablo_low_temp,2,175,1.9802089809672907e-05,0.0001473280426580459,0.8655918489622894,1.906484249047935e-05,136,1,1,same_source_cyclic_next_latent,False
validation,depablo_low_temp,2,199,2.8111431674915366e-05,0.00019171855819877237,0.8533713588343929,2.6595025701681152e-05,136,1,1,same_source_cyclic_next_latent,False
validation,depablo_low_temp,136,0,3.1499655506195268e-06,0.0,,7.825688044249546e-07,131,1,1,same_source_cyclic_next_latent,False
validation,depablo_low_temp,136,5,2.5672943593235686e-06,1.0771704950229832e-07,-22.833686228741264,6.456489245465491e-07,131,1,1,same_source_cyclic_next_latent,False
validation,depablo_low_temp,136,10,1.965756609934033e-06,4.807949380847276e-07,-3.088555128647422,6.317984002635058e-07,131,1,1,same_source_cyclic_next_latent,False
validation,depablo_low_temp,136,25,1.1430144013502286e-06,3.323550799905206e-06,0.6560863756369153,1.5246664588630665e-06,131,1,1,same_source_cyclic_next_latent,False
validation,depablo_low_temp,136,50,1.6778359395175357e-06,1.3947767911304254e-05,0.8797057744158692,6.325676622509491e-06,131,1,1,same_source_cyclic_next_latent,False
validation,depablo_low_temp,136,75,3.2918349006649805e-06,3.2096784707391635e-05,0.8974403532729278,1.571529355715029e-05,131,1,1,same_source_cyclic_next_latent,False
validation,depablo_low_temp,136,100,5.382823474064935e-06,5.795686229248531e-05,0.9071236215842748,2.9669770810869522e-05,131,1,1,same_source_cyclic_next_latent,False
validation,depablo_low_temp,136,125,8.25477582111489e-06,9.172131103696302e-05,0.9100015500455693,4.828250894206576e-05,131,1,1,same_source_cyclic_next_latent,False
validation,depablo_low_temp,136,149,1.1989853192062583e-05,0.0001317478745477274,0.9089939535402592,7.171957258833572e-05,131,1,1,same_source_cyclic_next_latent,False
validation,depablo_low_temp,136,175,1.7419126379536465e-05,0.00018373868078924716,0.9051961932854158,0.000105321902083233,131,1,1,same_source_cyclic_next_latent,False
validation,depablo_low_temp,136,199,2.5051511329365894e-05,0.00023986533051356673,0.8955600991784471,0.00014584331074729562,131,1,1,same_source_cyclic_next_latent,False
validation,depablo_low_temp,131,0,4.895358642897918e-07,0.0,,1.3405982990377652e-08,124,1,1,same_source_cyclic_next_latent,False
validation,depablo_low_temp,131,5,3.169327271734801e-07,1.0976804531992457e-07,-1.887294988717012,7.045503025437938e-08,124,1,1,same_source_cyclic_next_latent,False
validation,depablo_low_temp,131,10,2.0168324965652573e-07,4.4147617472845013e-07,0.5431616444973952,2.927403670582862e-07,124,1,1,same_source_cyclic_next_latent,False
validation,depablo_low_temp,131,25,1.0237810954549786e-07,2.7713413146557286e-06,0.9630582819214327,1.8973021269630408e-06,124,1,1,same_source_cyclic_next_latent,False
validation,depablo_low_temp,131,50,2.606554687645257e-07,1.1105170415248722e-05,0.9765284584551162,7.054230536596151e-06,124,1,1,same_source_cyclic_next_latent,False
validation,depablo_low_temp,131,75,4.883706310465641e-07,2.5009072487591766e-05,0.9804722613647959,1.4262252079788595e-05,124,1,1,same_source_cyclic_next_latent,False
validation,depablo_low_temp,131,100,7.331404958677012e-07,4.449032712727785e-05,0.9835213507473134,2.3041648091748357e-05,124,1,1,same_source_cyclic_next_latent,False
validation,depablo_low_temp,131,125,9.330454417977307e-07,6.955634307814762e-05,0.9865857605430832,3.39910329785198e-05,124,1,1,same_source_cyclic_next_latent,False
validation,depablo_low_temp,131,149,1.091547119358438e-06,9.887514170259237e-05,0.9889603483690399,4.7284022002713755e-05,124,1,1,same_source_cyclic_next_latent,False
validation,depablo_low_temp,131,175,1.4227139217837248e-06,0.00013646083243656904,0.9895741957865819,6.490251689683646e-05,124,1,1,same_source_cyclic_next_latent,False
validation,depablo_low_temp,131,199,2.42598412114603e-06,0.00017653404211159796,0.9862576979933853,8.405793778365478e-05,124,1,1,same_source_cyclic_next_latent,False
validation,depablo_low_temp,124,0,3.49220066198086e-08,0.0,,3.5091979952994734e-06,105,1,1,same_source_cyclic_next_latent,False
validation,depablo_low_temp,124,5,4.356577321118493e-08,9.75659233404258e-08,0.5534734698386876,3.206207793482463e-06,105,1,1,same_source_cyclic_next_latent,False
validation,depablo_low_temp,124,10,1.4144093540835456e-07,3.8968275362094573e-07,0.6370356807067276,3.0710614282725146e-06,105,1,1,same_source_cyclic_next_latent,False
validation,depablo_low_temp,124,25,8.775933224569599e-07,2.429540245429962e-06,0.6387821423795144,3.854593614960322e-06,105,1,1,same_source_cyclic_next_latent,False
validation,depablo_low_temp,124,50,2.7348783078195993e-06,9.734014383866452e-06,0.7190390110422995,8.263729796453845e-06,105,1,1,same_source_cyclic_next_latent,False
validation,depablo_low_temp,124,75,4.1310954657092225e-06,2.1937737983535044e-05,0.811689998813472,1.3752486665907782e-05,105,1,1,same_source_cyclic_next_latent,False
validation,depablo_low_temp,124,100,4.747059392684605e-06,3.905228732037358e-05,0.87844349925675,1.9961244106525555e-05,105,1,1,same_source_cyclic_next_latent,False
validation,depablo_low_temp,124,125,5.424467872217065e-06,6.109093374107033e-05,0.9112066629197666,3.0330256777233444e-05,105,1,1,same_source_cyclic_next_latent,False
validation,depablo_low_temp,124,149,6.819222562626237e-06,8.68887800606899e-05,0.9215178005967726,4.7394489229191095e-05,105,1,1,same_source_cyclic_next_latent,False
validation,depablo_low_temp,124,175,9.300879355578218e-06,0.00011998012632830068,0.9224798336173752,7.862161874072626e-05,105,1,1,same_source_cyclic_next_latent,False
validation,depablo_low_temp,124,199,1.2408466318447609e-05,0.00015528261428698897,0.9200910779650153,0.00012444665480870754,105,1,1,same_source_cyclic_next_latent,False
validation,depablo_low_temp,105,0,2.3561613033962203e-06,0.0,,8.53354208629753e-07,96,1,1,same_source_cyclic_next_latent,False
validation,depablo_low_temp,105,5,1.9319959392305464e-06,1.102623485849108e-07,-16.52181015573739,6.582728246939951e-07,96,1,1,same_source_cyclic_next_latent,False
validation,depablo_low_temp,105,10,1.5775060546729947e-06,4.893034883934888e-07,-2.2239828492790013,5.516545797945582e-07,96,1,1,same_source_cyclic_next_latent,False
validation,depablo_low_temp,105,25,1.261405600416765e-06,3.356824890943244e-06,0.6242265708229067,1.06221148143959e-06,96,1,1,same_source_cyclic_next_latent,False
validation,depablo_low_temp,105,50,2.1246864889690187e-06,1.4006071069161408e-05,0.8483024626622695,4.752765562443528e-06,96,1,1,same_source_cyclic_next_latent,False
validation,depablo_low_temp,105,75,3.3200508369191084e-06,3.212118099327199e-05,0.8966398266111537,1.2343273738224525e-05,96,1,1,same_source_cyclic_next_latent,False
validation,depablo_low_temp,105,100,4.915819317830028e-06,5.7851128076436e-05,0.9150263878807171,2.4145017960108817e-05,96,1,1,same_source_cyclic_next_latent,False
validation,depablo_low_temp,105,125,7.944154276628979e-06,9.133149433182552e-05,0.9130184572720744,4.020414053229615e-05,96,1,1,same_source_cyclic_next_latent,False
validation,depablo_low_temp,105,149,1.3781383131572511e-05,0.00013090895663481206,0.8947254375419283,5.984021845506504e-05,96,1,1,same_source_cyclic_next_latent,False
validation,depablo_low_temp,105,175,2.7217263777856715e-05,0.00018214789452031255,0.8505760176392183,8.633907418698072e-05,96,1,1,same_source_cyclic_next_latent,False
validation,depablo_low_temp,105,199,5.0840320909628645e-05,0.00023727492953184992,0.7857324370090931,0.00011627745698206127,96,1,1,same_source_cyclic_next_latent,False
validation,depablo_low_temp,96,0,5.198609187573311e-07,0.0,,1.4307394735624257e-07,152,1,1,same_source_cyclic_next_latent,False
validation,depablo_low_temp,96,5,3.677329232232296e-07,1.028129190672189e-07,-2.5767190209122113,8.690660280308293e-08,152,1,1,same_source_cyclic_next_latent,False
validation,depablo_low_temp,96,10,2.6525069074523344e-07,4.112499141228909e-07,0.3550133832587976,1.7813820818446402e-07,152,1,1,same_source_cyclic_next_latent,False
validation,depablo_low_temp,96,25,1.6704025540548173e-07,2.5721096790221054e-06,0.9350571024370201,1.2000203923889785e-06,152,1,1,same_source_cyclic_next_latent,False
validation,depablo_low_temp,96,50,3.071595813253225e-07,1.0294354979123455e-05,0.9701623285821958,4.536698270385386e-06,152,1,1,same_source_cyclic_next_latent,False
validation,depablo_low_temp,96,75,5.158276508154813e-07,2.3167545805335976e-05,0.9777349031636888,9.583278369973414e-06,152,1,1,same_source_cyclic_next_latent,False
validation,depablo_low_temp,96,100,7.606038820995309e-07,4.1188621253240854e-05,0.9815336406280003,1.6410402167821303e-05,152,1,1,same_source_cyclic_next_latent,False
validation,depablo_low_temp,96,125,1.0741890719145886e-06,6.43616949673742e-05,0.9833101183482021,2.509258956706617e-05,152,1,1,same_source_cyclic_next_latent,False
validation,depablo_low_temp,96,149,1.5000246094132308e-06,9.145318472292274e-05,0.98359789641052,3.6104771425016224e-05,152,1,1,same_source_cyclic_next_latent,False
validation,depablo_low_temp,96,175,2.2169688236317597e-06,0.0001261606375919655,0.982427412654635,5.303985744831152e-05,152,1,1,same_source_cyclic_next_latent,False
validation,depablo_low_temp,96,199,3.2309353628079407e-06,0.00016314847744069993,0.9801963498924942,7.655310037080199e-05,152,1,1,same_source_cyclic_next_latent,False
validation,depablo_low_temp,152,0,3.590238577544369e-07,0.0,,8.784910932035928e-08,70,1,1,same_source_cyclic_next_latent,False
validation,depablo_low_temp,152,5,1.8669310009045148e-07,1.051594082923657e-07,-0.7753342579810325,7.608030472283644e-08,70,1,1,same_source_cyclic_next_latent,False
validation,depablo_low_temp,152,10,8.856287081471237e-08,4.5047485741633864e-07,0.8034010792019395,1.690482775984492e-07,70,1,1,same_source_cyclic_next_latent,False
validation,depablo_low_temp,152,25,2.883508329887263e-07,3.0113294542388758e-06,0.9042446741976932,1.1119909686385654e-06,70,1,1,same_source_cyclic_next_latent,False
validation,depablo_low_temp,152,50,1.0772698715300066e-06,1.2442545994417742e-05,0.9134204629813452,5.167409653950017e-06,70,1,1,same_source_cyclic_next_latent,False
validation,depablo_low_temp,152,75,1.7847436311058118e-06,2.840685374394525e-05,0.9371720765983731,1.3021466656937264e-05,70,1,1,same_source_cyclic_next_latent,False
validation,depablo_low_temp,152,100,2.9330435609153938e-06,5.09941964992322e-05,0.9424827968225844,2.442383447487373e-05,70,1,1,same_source_cyclic_next_latent,False
validation,depablo_low_temp,152,125,4.712879217549926e-06,8.029223681660369e-05,0.9413034260296589,3.854769602185115e-05,70,1,1,same_source_cyclic_next_latent,False
validation,depablo_low_temp,152,149,6.866041985631455e-06,0.00011480825196485966,0.9401955707179219,5.510026676347479e-05,70,1,1,same_source_cyclic_next_latent,False
validation,depablo_low_temp,152,175,9.543264241074212e-06,0.00015935282863210887,0.9401123637214728,7.783459295751527e-05,70,1,1,same_source_cyclic_next_latent,False
validation,depablo_low_temp,152,199,1.3229085197963286e-05,0.00020716806466225535,0.9361432215938756,0.000104647217085585,70,1,1,same_source_cyclic_next_latent,False
validation,depablo_low_temp,70,0,5.439576966637105e-08,0.0,,3.0385751870198874e-06,169,1,1,same_source_cyclic_next_latent,False
validation,depablo_low_temp,70,5,1.8878488106111035e-08,1.0842899200724787e-07,0.8258907718624819,2.5565091164025944e-06,169,1,1,same_source_cyclic_next_latent,False
validation,depablo_low_temp,70,10,1.3332480008898528e-08,4.3581886188803765e-07,0.96940820791661,2.173273969674483e-06,169,1,1,same_source_cyclic_next_latent,False
validation,depablo_low_temp,70,25,6.681398900809654e-08,2.733828068812727e-06,0.9755602812882402,2.5412903141841525e-06,169,1,1,same_source_cyclic_next_latent,False
validation,depablo_low_temp,70,50,9.130429390324935e-08,1.095371408155188e-05,0.9916645355882511,8.624895599496085e-06,169,1,1,same_source_cyclic_next_latent,False
validation,depablo_low_temp,70,75,1.9533229078660952e-07,2.4661450879648328e-05,0.9920794485393475,2.153502828150522e-05,169,1,1,same_source_cyclic_next_latent,False
validation,depablo_low_temp,70,100,4.850695063396415e-07,4.38588103861548e-05,0.9889402037568086,3.808298788499087e-05,169,1,1,same_source_cyclic_next_latent,False
validation,depablo_low_temp,70,125,6.387241455740877e-07,6.854946695966646e-05,0.9906822886609767,6.169500557007268e-05,169,1,1,same_source_cyclic_next_latent,False
validation,depablo_low_temp,70,149,6.776384111617517e-07,9.742454858496785e-05,0.9930444798461575,9.77486779447645e-05,169,1,1,same_source_cyclic_next_latent,False
validation,depablo_low_temp,70,175,9.372432145937637e-07,0.0001344185438938439,0.9930274262207903,0.00015859595441725105,169,1,1,same_source_cyclic_next_latent,False
validation,depablo_low_temp,70,199,1.764731678122189e-06,0.00017384615784976631,0.9898488888109496,0.00023926017456687987,169,1,1,same_source_cyclic_next_latent,False
validation,depablo_low_temp,169,0,2.269274546051747e-06,0.0,,2.7442848704595235e-07,168,1,1,same_source_cyclic_next_latent,False
validation,depablo_low_temp,169,5,1.7778720575734042e-06,1.0561949181919772e-07,-15.832802610116826,1.126300688270021e-07,168,1,1,same_source_cyclic_next_latent,False
validation,depablo_low_temp,169,10,1.3159374248061795e-06,4.714396197869064e-07,-1.7913169991970368,5.7522715479763065e-08,168,1,1,same_source_cyclic_next_latent,False
validation,depablo_low_temp,169,25,7.81772712343809e-07,3.285299726485391e-06,0.7620391509361162,5.765767809862155e-07,168,1,1,same_source_cyclic_next_latent,False
validation,depablo_low_temp,169,50,1.732988948788261e-06,1.3894406947656535e-05,0.8752743492171466,2.339444790777634e-06,168,1,1,same_source_cyclic_next_latent,False
validation,depablo_low_temp,169,75,4.019084371975623e-06,3.2073730835691094e-05,0.8746923333439197,4.517771230894141e-06,168,1,1,same_source_cyclic_next_latent,False
validation,depablo_low_temp,169,100,7.070128503983142e-06,5.797980338684283e-05,0.8780587706237799,8.165226063283626e-06,168,1,1,same_source_cyclic_next_latent,False
validation,depablo_low_temp,169,125,1.0739526260294951e-05,9.178016625810415e-05,0.8829864152774222,1.3633254638989456e-05,168,1,1,same_source_cyclic_next_latent,False
validation,depablo_low_temp,169,149,1.5973813788150437e-05,0.00013181191752664745,0.878813584629621,1.9525839888956398e-05,168,1,1,same_source_cyclic_next_latent,False
validation,depablo_low_temp,169,175,2.8799135179724544e-05,0.00018371574697084725,0.8432407909796948,2.5813355023274198e-05,168,1,1,same_source_cyclic_next_latent,False
validation,depablo_low_temp,169,199,5.4491123592015356e-05,0.00023968475579749793,0.7726550301010666,3.205717439414002e-05,168,1,1,same_source_cyclic_next_latent,False
validation,depablo_low_temp,168,0,4.593512130668387e-07,0.0,,3.913251589438005e-07,126,1,1,same_source_cyclic_next_latent,False
validation,depablo_low_temp,168,5,2.567184367308073e-07,1.0086985469115461e-07,-1.545046163859689,2.642478875714005e-07,126,1,1,same_source_cyclic_next_latent,False
validation,depablo_low_temp,168,10,1.2077983058134123e-07,4.353984195404337e-07,0.7225992903032923,1.8266405277245212e-07,126,1,1,same_source_cyclic_next_latent,False
validation,depablo_low_temp,168,25,2.0588474569649406e-07,2.9493130568880588e-06,0.9301923052164115,5.006195920032042e-07,126,1,1,same_source_cyclic_next_latent,False
validation,depablo_low_temp,168,50,9.233431228494737e-07,1.232679915119661e-05,0.9250946566481664,3.1276831577997655e-06,126,1,1,same_source_cyclic_next_latent,False
validation,depablo_low_temp,168,75,2.0868483261438087e-06,2.83126955764601e-05,0.9262928420041054,9.098548616748303e-06,126,1,1,same_source_cyclic_next_latent,False
validation,depablo_low_temp,168,100,3.832049969787477e-06,5.1012531912419945e-05,0.9248802240130627,1.9146056729368865e-05,126,1,1,same_source_cyclic_next_latent,False
validation,depablo_low_temp,168,125,6.2171616264095064e-06,8.052563498495147e-05,0.9227927649676856,3.3138258004328236e-05,126,1,1,same_source_cyclic_next_latent,False
validation,depablo_low_temp,168,149,9.31570048123831e-06,0.00011536414240254089,0.9192496014165912,4.99921698065009e-05,126,1,1,same_source_cyclic_next_latent,False
validation,depablo_low_temp,168,175,1.3942049008619506e-05,0.00016040148329921067,0.9130802987487827,7.239328260766342e-05,126,1,1,same_source_cyclic_next_latent,False
validation,depablo_low_temp,168,199,2.0683113689301535e-05,0.00020880624651908875,0.9009459054309914,9.775824582902715e-05,126,1,1,same_source_cyclic_next_latent,False
validation,depablo_low_temp,126,0,1.8504979948374967e-07,0.0,,1.438340518689074e-06,196,1,1,same_source_cyclic_next_latent,False
validation,depablo_low_temp,126,5,1.1867906124507499e-07,9.771910924882832e-08,-0.21449184460815163,1.2542039939944516e-06,196,1,1,same_source_cyclic_next_latent,False
validation,depablo_low_temp,126,10,9.217068708267107e-08,3.9022279452183284e-07,0.7637998385111915,1.1036913747375365e-06,196,1,1,same_source_cyclic_next_latent,False
validation,depablo_low_temp,126,25,1.753477079091681e-07,2.4379485239478527e-06,0.9280757135818349,8.924067742555053e-07,196,1,1,same_source_cyclic_next_latent,False
validation,depablo_low_temp,126,50,4.2757608298416017e-07,9.75643615674926e-06,0.9561749724884558,1.138723405347264e-06,196,1,1,same_source_cyclic_next_latent,False
validation,depablo_low_temp,126,75,5.27158306340425e-07,2.196334935433697e-05,0.9759982734037634,1.914597078211955e-06,196,1,1,same_source_cyclic_next_latent,False
validation,depablo_low_temp,126,100,6.349052910081809e-07,3.906751953763887e-05,0.9837485128689449,2.9628195079567377e-06,196,1,1,same_source_cyclic_next_latent,False
validation,depablo_low_temp,126,125,9.012002806230157e-07,6.107550143497065e-05,0.9852444882244225,3.971593287133146e-06,196,1,1,same_source_cyclic_next_latent,False
validation,depablo_low_temp,126,149,1.294625803893723e-06,8.682875341037288e-05,0.9850898953048995,4.75741398986429e-06,196,1,1,same_source_cyclic_next_latent,False
validation,depablo_low_temp,126,175,1.9097142285318114e-06,0.00011984851153101772,0.9840655991122796,5.43162150279386e-06,196,1,1,same_source_cyclic_next_latent,False
validation,depablo_low_temp,126,199,2.764541250144248e-06,0.00015506899217143655,0.9821721853516149,5.924999641138129e-06,196,1,1,same_source_cyclic_next_latent,False
validation,depablo_low_temp,196,0,9.287186344408838e-07,0.0,,2.3624359357654612e-07,138,1,1,same_source_cyclic_next_latent,False
validation,depablo_low_temp,196,5,6.894114221722702e-07,1.034447478787115e-07,-5.664537700653513,1.3632633510951564e-07,138,1,1,same_source_cyclic_next_latent,False
validation,depablo_low_temp,196,10,4.973915110895177e-07,4.144339982303791e-07,-0.20017062599440383,1.5963564692356158e-07,138,1,1,same_source_cyclic_next_latent,False
validation,depablo_low_temp,196,25,1.972201886246694e-07,2.5973602078011027e-06,0.9240689881856495,8.723785072106693e-07,138,1,1,same_source_cyclic_next_latent,False
validation,depablo_low_temp,196,50,2.4615829374852183e-07,1.0403631677036174e-05,0.9763391956395511,3.530614094415796e-06,138,1,1,same_source_cyclic_next_latent,False
validation,depablo_low_temp,196,75,5.869500796507054e-07,2.342555126233492e-05,0.9749440227434716,7.604754046042217e-06,138,1,1,same_source_cyclic_next_latent,False
validation,depablo_low_temp,196,100,1.0896803814830491e-06,4.167108636465855e-05,0.9738504445997066,1.3095368558424525e-05,138,1,1,same_source_cyclic_next_latent,False
validation,depablo_low_temp,196,125,1.7814348893807619e-06,6.514642882393673e-05,0.9726549110743241,2.0232824681443162e-05,138,1,1,same_source_cyclic_next_latent,False
validation,depablo_low_temp,196,149,2.68328722086153e-06,9.261621016776189e-05,0.9710278879258705,2.8895776267745532e-05,138,1,1,same_source_cyclic_next_latent,False
validation,depablo_low_temp,196,175,3.988704975199653e-06,0.0001278405252378434,0.9687993696225919,4.0791132050799206e-05,138,1,1,same_source_cyclic_next_latent,False
validation,depablo_low_temp,196,199,5.569178938458208e-06,0.00016540929209440947,0.96633091848746,5.516703095054254e-05,138,1,1,same_source_cyclic_next_latent,False
validation,depablo_low_temp,138,0,6.68161817429791e-07,0.0,,2.6342459591433e-07,78,1,1,same_source_cyclic_next_latent,False
validation,depablo_low_temp,138,5,4.561341313547018e-07,1.0271765660263554e-07,-3.4406594390997647,2.0669877187629027e-07,78,1,1,same_source_cyclic_next_latent,False
validation,depablo_low_temp,138,10,2.9432200676637876e-07,4.321907454141183e-07,0.3189997474740832,2.5616657239879714e-07,78,1,1,same_source_cyclic_next_latent,False
validation,depablo_low_temp,138,25,2.0681343926298723e-07,2.8179315449960995e-06,0.926608068379009,1.1259409120611963e-06,78,1,1,same_source_cyclic_next_latent,False
validation,depablo_low_temp,138,50,6.989376402088965e-07,1.1502431334520224e-05,0.9392356607153743,5.453569883684395e-06,78,1,1,same_source_cyclic_next_latent,False
validation,depablo_low_temp,138,75,1.5533601072093006e-06,2.6160945708397776e-05,0.9406229375450037,1.4014442967891227e-05,78,1,1,same_source_cyclic_next_latent,False
validation,depablo_low_temp,138,100,2.667862645466812e-06,4.6891502279322594e-05,0.9431056264827062,2.5917037419276312e-05,78,1,1,same_source_cyclic_next_latent,False
validation,depablo_low_temp,138,125,4.256768988852855e-06,7.379020098596811e-05,0.942312543779867,4.0411610825685784e-05,78,1,1,same_source_cyclic_next_latent,False
validation,depablo_low_temp,138,149,6.349962404783582e-06,0.00010551540617598221,0.9398195710473511,5.796324694529176e-05,78,1,1,same_source_cyclic_next_latent,False
validation,depablo_low_temp,138,175,9.114187378145289e-06,0.0001465022942284122,0.9377880911275333,8.315177547046915e-05,78,1,1,same_source_cyclic_next_latent,False
validation,depablo_low_temp,138,199,1.2542603144538589e-05,0.0001905527024064213,0.9341777734655947,0.00011402335803722963,78,1,1,same_source_cyclic_next_latent,False
validation,depablo_low_temp,78,0,1.7272650154609437e-07,0.0,,1.7079381677831407e-06,161,1,1,same_source_cyclic_next_latent,False
validation,depablo_low_temp,78,5,9.846207404962115e-08,1.066432204765988e-07,0.07671511035033751,1.5814532616786892e-06,161,1,1,same_source_cyclic_next_latent,False
validation,depablo_low_temp,78,10,5.812554348949561e-08,4.2946098233187513e-07,0.8646546580928326,1.5173072824836709e-06,161,1,1,same_source_cyclic_next_latent,False
validation,depablo_low_temp,78,25,5.12104776362321e-08,2.696686124181724e-06,0.9810098486520112,1.6777822793301311e-06,161,1,1,same_source_cyclic_next_latent,False
validation,depablo_low_temp,78,50,1.4070346310290915e-07,1.080872243619524e-05,0.9869824149955285,2.985073706440744e-06,161,1,1,same_source_cyclic_next_latent,False
validation,depablo_low_temp,78,75,4.036890288716677e-07,2.434396810713224e-05,0.9834172873093193,5.456653980218107e-06,161,1,1,same_source_cyclic_next_latent,False
validation,depablo_low_temp,78,100,7.063383122840605e-07,4.330917363404296e-05,0.9836907922036904,8.219949449994601e-06,161,1,1,same_source_cyclic_next_latent,False
validation,depablo_low_temp,78,125,8.159175877153757e-07,6.771329935872927e-05,0.9879504086281067,1.0492369256098755e-05,161,1,1,same_source_cyclic_next_latent,False
validation,depablo_low_temp,78,149,9.40888298828213e-07,9.626436803955585e-05,0.9902259962020257,1.240787241840735e-05,161,1,1,same_source_cyclic_next_latent,False
validation,depablo_low_temp,78,175,1.514930886514776e-06,0.00013287020556163043,0.9885984154226954,1.4753522918908857e-05,161,1,1,same_source_cyclic_next_latent,False
validation,depablo_low_temp,78,199,3.022072178282542e-06,0.00017190758080687374,0.9824203670129148,1.7848344214144163e-05,161,1,1,same_source_cyclic_next_latent,False
validation,lj_noisy,15,0,3.5301962242328955e-08,0.0,,7.562008619288463e-08,79,1,1,same_source_cyclic_next_latent,False
validation,lj_noisy,15,5,9.71410116790139e-08,9.055690952664008e-08,-0.07270678942987674,4.139903353461705e-08,79,1,1,same_source_cyclic_next_latent,False
validation,lj_noisy,15,10,1.989542539604372e-07,3.651525162240432e-07,0.455147520225859,4.4117463460224826e-08,79,1,1,same_source_cyclic_next_latent,False
validation,lj_noisy,15,25,6.939947638784361e-07,2.382581669735373e-06,0.7087215214093726,2.6214311787953193e-07,79,1,1,same_source_cyclic_next_latent,False
validation,lj_noisy,15,50,1.8337428855375038e-06,1.0002500857808627e-05,0.8166715592825008,1.2073239759047283e-06,79,1,1,same_source_cyclic_next_latent,False
validation,lj_noisy,15,75,3.703525635501137e-06,2.3497006623074412e-05,0.8423830875604291,3.5325524549989495e-06,79,1,1,same_source_cyclic_next_latent,False
validation,lj_noisy,15,100,7.843562343623489e-06,4.446260936674662e-05,0.8235919471363807,8.50396554596955e-06,79,1,1,same_source_cyclic_next_latent,False
validation,lj_noisy,15,125,1.455077017453732e-05,7.343651668634266e-05,0.8018591998761919,1.5537720173597336e-05,79,1,1,same_source_cyclic_next_latent,False
validation,lj_noisy,15,149,2.11874157685088e-05,0.00010652769560692832,0.8011088511039676,2.184417098760605e-05,79,1,1,same_source_cyclic_next_latent,False
validation,lj_noisy,15,175,2.936510463769082e-05,0.00015080551384016871,0.8052783091948916,2.904294706240762e-05,79,1,1,same_source_cyclic_next_latent,False
validation,lj_noisy,15,199,3.9987793570617214e-05,0.00020307757949922234,0.803091046932779,3.83989026886411e-05,79,1,1,same_source_cyclic_next_latent,False
validation,lj_noisy,79,0,7.730973550224007e-08,0.0,,3.4496477496759326e-07,75,1,1,same_source_cyclic_next_latent,False
validation,lj_noisy,79,5,4.3027156948483025e-08,1.0333684485885897e-07,0.5836223081200999,2.311364823981421e-07,75,1,1,same_source_cyclic_next_latent,False
validation,lj_noisy,79,10,6.797038309969139e-08,4.55465340110095e-07,0.850767166864417,1.4566022343842633e-07,75,1,1,same_source_cyclic_next_latent,False
validation,lj_noisy,79,25,5.599197834271763e-07,3.182375849064556e-06,0.8240560480649192,3.164113024922699e-07,75,1,1,same_source_cyclic_next_latent,False
validation,lj_noisy,79,50,2.075776592391776e-06,1.3238345673016738e-05,0.8431996985376534,1.5935855799398269e-06,75,1,1,same_source_cyclic_next_latent,False
validation,lj_noisy,79,75,4.135307790420484e-06,3.0100934964139014e-05,0.8626186264530615,3.7617523958033416e-06,75,1,1,same_source_cyclic_next_latent,False
validation,lj_noisy,79,100,7.1757899604563136e-06,5.402554961619899e-05,0.8671778443452479,6.98390931574977e-06,75,1,1,same_source_cyclic_next_latent,False
validation,lj_noisy,79,125,1.151209926320007e-05,8.518932736478746e-05,0.8648645362123315,1.1415160770411603e-05,75,1,1,same_source_cyclic_next_latent,False
validation,lj_noisy,79,149,1.7109556210925803e-05,0.0001221718266606331,0.8599549775215161,1.6837868315633386e-05,75,1,1,same_source_cyclic_next_latent,False
validation,lj_noisy,79,175,2.5132825612672605e-05,0.00017011869931593537,0.8522630039276443,2.4313525500474498e-05,75,1,1,same_source_cyclic_next_latent,False
validation,lj_noisy,79,199,3.4639557270566e-05,0.00022137924679555,0.8435284347021172,3.3123036700999364e-05,75,1,1,same_source_cyclic_next_latent,False
validation,lj_noisy,75,0,1.970437892850896e-07,0.0,,1.7633034588016017e-08,181,1,1,same_source_cyclic_next_latent,False
validation,lj_noisy,75,5,1.0533152305924887e-07,9.145860246917437e-08,-0.1516852457345419,2.964177348019348e-08,181,1,1,same_source_cyclic_next_latent,False
validation,lj_noisy,75,10,7.114429223520347e-08,3.9008332919365785e-07,0.8176177064980809,1.1922938369934855e-07,181,1,1,same_source_cyclic_next_latent,False
validation,lj_noisy,75,25,4.329274929659732e-07,2.6733314371085726e-06,0.8380569326509624,8.438796612608712e-07,181,1,1,same_source_cyclic_next_latent,False
validation,lj_noisy,75,50,2.2232497940422036e-06,1.1298255230940413e-05,0.8032218472146206,3.0544667879439658e-06,181,1,1,same_source_cyclic_next_latent,False
validation,lj_noisy,75,75,5.152388894202886e-06,2.6090825485880487e-05,0.802521047216724,6.194577963469783e-06,181,1,1,same_source_cyclic_next_latent,False
validation,lj_noisy,75,100,9.202397450280841e-06,4.721252480521798e-05,0.8050856740187768,1.0439573088660836e-05,181,1,1,same_source_cyclic_next_latent,False
validation,lj_noisy,75,125,1.4670235941594001e-05,7.473392179235816e-05,0.8037004403120446,1.6378986401832663e-05,181,1,1,same_source_cyclic_next_latent,False
validation,lj_noisy,75,149,2.123593549185898e-05,0.00010709988418966532,0.8017184084508266,2.3989519831957296e-05,181,1,1,same_source_cyclic_next_latent,False
validation,lj_noisy,75,175,3.0096178306848742e-05,0.00014858660870231688,0.7974502643966767,3.468163777142763e-05,181,1,1,same_source_cyclic_next_latent,False
validation,lj_noisy,75,199,3.990705590695143e-05,0.00019195048662368208,0.7920971360432704,4.694107701652683e-05,181,1,1,same_source_cyclic_next_latent,False
validation,lj_noisy,181,0,2.8852308986415665e-08,0.0,,5.473677688883072e-08,31,1,1,same_source_cyclic_next_latent,False
validation,lj_noisy,181,5,2.241072927233745e-08,8.917994165358323e-08,0.7487021312551285,2.5157786964769002e-08,31,1,1,same_source_cyclic_next_latent,False
validation,lj_noisy,181,10,5.4459000864426343e-08,3.5931097386310284e-07,0.8484349078490011,3.220324984454237e-08,31,1,1,same_source_cyclic_next_latent,False
validation,lj_noisy,181,25,3.3926181686183554e-07,2.322475211258279e-06,0.8539223087431667,2.307461102191155e-07,31,1,1,same_source_cyclic_next_latent,False
validation,lj_noisy,181,50,1.2752246902891784e-06,9.647412298363633e-06,0.8678169180656373,1.1653132787614595e-06,31,1,1,same_source_cyclic_next_latent,False
validation,lj_noisy,181,75,3.0846049412502907e-06,2.220537317043636e-05,0.8610874531324224,3.4679012514970964e-06,31,1,1,same_source_cyclic_next_latent,False
validation,lj_noisy,181,100,6.272219707170734e-06,4.0102699131239206e-05,0.8435960710114696,7.482422461180249e-06,31,1,1,same_source_cyclic_next_latent,False
validation,lj_noisy,181,125,1.0904152077273466e-05,6.356189987855032e-05,0.8284482984601095,1.273658108402742e-05,31,1,1,same_source_cyclic_next_latent,False
validation,lj_noisy,181,149,1.6644700735923834e-05,9.170166595140472e-05,0.8184907486332438,1.883281765913125e-05,31,1,1,same_source_cyclic_next_latent,False
validation,lj_noisy,181,175,2.4381542971241288e-05,0.0001289811043534428,0.8109681019288738,2.705923543544486e-05,31,1,1,same_source_cyclic_next_latent,False
validation,lj_noisy,181,199,3.334721986902878e-05,0.00016955948376562446,0.8033302583350433,3.7552752473857254e-05,31,1,1,same_source_cyclic_next_latent,False
validation,lj_noisy,31,0,5.443265038707068e-08,0.0,,4.4235466845066185e-08,142,1,1,same_source_cyclic_next_latent,False
validation,lj_noisy,31,5,2.3869111132057697e-08,1.0181967979860929e-07,0.7655746788904779,1.231731800999114e-07,142,1,1,same_source_cyclic_next_latent,False
validation,lj_noisy,31,10,4.396135722117833e-08,4.3096116542074014e-07,0.8979923001223101,2.788069650705438e-07,142,1,1,same_source_cyclic_next_latent,False
validation,lj_noisy,31,25,3.1478217010771914e-07,2.8248798571439693e-06,0.8885679441156933,1.0665373793017352e-06,142,1,1,same_source_cyclic_next_latent,False
validation,lj_noisy,31,50,1.0276155535393627e-06,1.1657663890218828e-05,0.9118506449305365,2.8102765554649523e-06,142,1,1,same_source_cyclic_next_latent,False
validation,lj_noisy,31,75,2.2271474335866515e-06,2.6905094273388386e-05,0.9172220914390363,4.718746822618414e-06,142,1,1,same_source_cyclic_next_latent,False
validation,lj_noisy,31,100,4.4934122342965566e-06,4.89304875372909e-05,0.9081674338341298,7.343906872847583e-06,142,1,1,same_source_cyclic_next_latent,False
validation,lj_noisy,31,125,8.35392620501807e-06,7.90988706285134e-05,0.8943862770904512,1.1988475307589397e-05,142,1,1,same_source_cyclic_next_latent,False
validation,lj_noisy,31,149,1.5324527339544147e-05,0.00011739749606931582,0.8694646150672926,2.0607109036063775e-05,142,1,1,same_source_cyclic_next_latent,False
validation,lj_noisy,31,175,3.069546801270917e-05,0.00017393942107446492,0.8235278246696695,3.881163866026327e-05,142,1,1,same_source_cyclic_next_latent,False
validation,lj_noisy,31,199,5.28413693245966e-05,0.00024001374549698085,0.7798402370031707,6.401320570148528e-05,142,1,1,same_source_cyclic_next_latent,False
validation,lj_noisy,142,0,4.638371819964959e-08,0.0,,5.917108225617085e-08,157,1,1,same_source_cyclic_next_latent,False
validation,lj_noisy,142,5,1.1326284976576062e-07,9.436170955723355e-08,-0.20030519049745377,3.017742145061675e-08,157,1,1,same_source_cyclic_next_latent,False
validation,lj_noisy,142,10,2.244090779868202e-07,3.835527593309962e-07,0.41491992293774393,3.5913700457967934e-08,157,1,1,same_source_cyclic_next_latent,False
validation,lj_noisy,142,25,7.66852053857292e-07,2.477869657013798e-06,0.6905196156356896,2.9543394930442446e-07,157,1,1,same_source_cyclic_next_latent,False
validation,lj_noisy,142,50,2.0939551177434623e-06,1.0261092029395513e-05,0.7959325272841532,1.4019609579918324e-06,157,1,1,same_source_cyclic_next_latent,False
validation,lj_noisy,142,75,4.0654445001564454e-06,2.3520789909525774e-05,0.8271552734498102,3.975329036620678e-06,157,1,1,same_source_cyclic_next_latent,False
validation,lj_noisy,142,100,7.529794856964145e-06,4.234289735904895e-05,0.8221710056089259,8.906709808798041e-06,157,1,1,same_source_cyclic_next_latent,False
validation,lj_noisy,142,125,1.2362620509520639e-05,6.57610289636068e-05,0.8120068875996099,1.5184366020548623e-05,157,1,1,same_source_cyclic_next_latent,False
validation,lj_noisy,142,149,1.819786848500371e-05,9.220665378961712e-05,0.8026403980939945,2.180722185585182e-05,157,1,1,same_source_cyclic_next_latent,False
validation,lj_noisy,142,175,2.5693492716527544e-05,0.00012604442599695176,0.7961552641990777,2.9477363568730652e-05,157,1,1,same_source_cyclic_next_latent,False
validation,lj_noisy,142,199,3.293534246040508e-05,0.0001614613429410383,0.7960171650967114,3.71721871488262e-05,157,1,1,same_source_cyclic_next_latent,False
validation,lj_noisy,157,0,5.8925973434043044e-08,0.0,,9.121794164457242e-07,12,1,1,same_source_cyclic_next_latent,False
validation,lj_noisy,157,5,3.3995078752013796e-08,9.083687757538428e-08,0.6257568549315035,8.060633831519226e-07,12,1,1,same_source_cyclic_next_latent,False
validation,lj_noisy,157,10,4.500460448753074e-08,3.649991242582473e-07,0.8766994178986339,7.338160230574431e-07,12,1,1,same_source_cyclic_next_latent,False
validation,lj_noisy,157,25,3.1253529186869855e-07,2.373865527260932e-06,0.8683433040837342,8.719360380382568e-07,12,1,1,same_source_cyclic_next_latent,False
validation,lj_noisy,157,50,1.2408276006681263e-06,9.819269507715944e-06,0.8736334103373893,2.550980980231543e-06,12,1,1,same_source_cyclic_next_latent,False
validation,lj_noisy,157,75,3.1184099498204887e-06,2.2813499526819214e-05,0.8633085666600807,6.686413598799845e-06,12,1,1,same_source_cyclic_next_latent,False
validation,lj_noisy,157,100,6.664920874754898e-06,4.15882641391363e-05,0.8397403447170345,1.3044970728515182e-05,12,1,1,same_source_cyclic_next_latent,False
validation,lj_noisy,157,125,1.1477089174150024e-05,6.644261884503067e-05,0.8272631426386287,2.0539626348181628e-05,12,1,1,same_source_cyclic_next_latent,False
validation,lj_noisy,157,149,1.7384089005645365e-05,9.61377882049419e-05,0.8191752761298523,2.914938704634551e-05,12,1,1,same_source_cyclic_next_latent,False
validation,lj_noisy,157,175,2.518897053960245e-05,0.00013357444549910724,0.8114237311973659,4.054250894114375e-05,12,1,1,same_source_cyclic_next_latent,False
validation,lj_noisy,157,199,3.483717955532484e-05,0.0001735624682623893,0.7992816079184903,5.543164661503397e-05,12,1,1,same_source_cyclic_next_latent,False
validation,lj_noisy,12,0,5.070531869932893e-07,0.0,,4.3169208652216184e-08,152,1,1,same_source_cyclic_next_latent,False
validation,lj_noisy,12,5,3.3746925964805996e-07,1.0223686786048347e-07,-2.3008567917845846,2.4360799599776328e-08,152,1,1,same_source_cyclic_next_latent,False
validation,lj_noisy,12,10,2.352572749941828e-07,4.424935866609303e-07,0.46833743564637587,1.0659216798103444e-07,152,1,1,same_source_cyclic_next_latent,False
validation,lj_noisy,12,25,6.243123493732128e-07,3.1844713248574408e-06,0.803951021791298,1.0962436363115557e-06,152,1,1,same_source_cyclic_next_latent,False
validation,lj_noisy,12,50,3.5714977002498927e-06,1.4166832443152089e-05,0.74789723005609,5.0028770601784345e-06,152,1,1,same_source_cyclic_next_latent,False
validation,lj_noisy,12,75,9.09320715436479e-06,3.3046842872863635e-05,0.7248388540670049,1.102651276596589e-05,152,1,1,same_source_cyclic_next_latent,False
validation,lj_noisy,12,100,1.5322444596677087e-05,5.7156557886628434e-05,0.7319214948690653,1.7355494492221624e-05,152,1,1,same_source_cyclic_next_latent,False
validation,lj_noisy,12,125,2.3109227186068892e-05,8.803003584034741e-05,0.7374847463656594,2.5980161808547564e-05,152,1,1,same_source_cyclic_next_latent,False
validation,lj_noisy,12,149,3.19650825986173e-05,0.00012419970880728215,0.7426315817840057,3.672199454740621e-05,152,1,1,same_source_cyclic_next_latent,False
validation,lj_noisy,12,175,4.0999057091539726e-05,0.00016892341955099255,0.7572920486660915,4.864533548243344e-05,152,1,1,same_source_cyclic_next_latent,False
validation,lj_noisy,12,199,4.776376226800494e-05,0.00021583693160209805,0.7787044046935448,5.8794259530259296e-05,152,1,1,same_source_cyclic_next_latent,False
validation,lj_noisy,152,0,5.736987773730107e-08,0.0,,2.953810351868924e-08,29,1,1,same_source_cyclic_next_latent,False
validation,lj_noisy,152,5,2.4928507258437094e-08,9.695842351220563e-08,0.7428948784908929,1.1594985949159309e-07,29,1,1,same_source_cyclic_next_latent,False
validation,lj_noisy,152,10,4.6683776844247404e-08,4.1400659256396466e-07,0.8872390496123931,2.9738944817836455e-07,29,1,1,same_source_cyclic_next_latent,False
validation,lj_noisy,152,25,4.1524492644384736e-07,2.7664339086186374e-06,0.8498988444472937,1.3165794143787934e-06,29,1,1,same_source_cyclic_next_latent,False
validation,lj_noisy,152,50,1.5603259271301795e-06,1.1517513485159725e-05,0.8645257998490166,3.806313543464057e-06,29,1,1,same_source_cyclic_next_latent,False
validation,lj_noisy,152,75,3.1790802950126817e-06,2.6382193027529866e-05,0.8794990131527236,6.213378128450131e-06,29,1,1,same_source_cyclic_next_latent,False
validation,lj_noisy,152,100,5.647199941449799e-06,4.726915722130798e-05,0.8805309789000394,8.603594324085861e-06,29,1,1,same_source_cyclic_next_latent,False
validation,lj_noisy,152,125,8.922469532990362e-06,7.386328070424497e-05,0.8792029077517324,1.1784028174588457e-05,29,1,1,same_source_cyclic_next_latent,False
validation,lj_noisy,152,149,1.2744994819513522e-05,0.0001050939827109687,0.8787276446210529,1.655571031733416e-05,29,1,1,same_source_cyclic_next_latent,False
validation,lj_noisy,152,175,1.749097282299772e-05,0.00014509294123854488,0.8794498707263705,2.390155896137003e-05,29,1,1,same_source_cyclic_next_latent,False
validation,lj_noisy,152,199,2.2832608010503463e-05,0.00018777258810587227,0.8784028689127419,3.3010179322445765e-05,29,1,1,same_source_cyclic_next_latent,False
validation,lj_noisy,29,0,3.295727779573099e-08,0.0,,3.160400012802711e-07,95,1,1,same_source_cyclic_next_latent,False
validation,lj_noisy,29,5,1.1241210273738034e-07,9.255531097096537e-08,-0.2145397336803725,2.2529474108523573e-07,95,1,1,same_source_cyclic_next_latent,False
validation,lj_noisy,29,10,2.752271086592373e-07,3.9399358797709283e-07,0.30144267049534,1.6393606472320243e-07,95,1,1,same_source_cyclic_next_latent,False
validation,lj_noisy,29,25,1.1709827276717988e-06,2.62467051470594e-06,0.5538553425617341,2.2415241573980893e-07,95,1,1,same_source_cyclic_next_latent,False
validation,lj_noisy,29,50,3.1566569305141456e-06,1.0715701137087308e-05,0.7054176026252843,1.0414210009912495e-06,95,1,1,same_source_cyclic_next_latent,False
validation,lj_noisy,29,75,4.9440186558058485e-06,2.4163142370525748e-05,0.7953900788236644,3.143682079098653e-06,95,1,1,same_source_cyclic_next_latent,False
validation,lj_noisy,29,100,7.102198651409708e-06,4.288870331947692e-05,0.8344039781640027,6.898512310726801e-06,95,1,1,same_source_cyclic_next_latent,False
validation,lj_noisy,29,125,1.0559339898463804e-05,6.650677823927253e-05,0.8412291171213513,1.188221631309716e-05,95,1,1,same_source_cyclic_next_latent,False
validation,lj_noisy,29,149,1.5500507288379595e-05,9.352853521704674e-05,0.8342697525155464,1.7565507732797414e-05,95,1,1,same_source_cyclic_next_latent,False
validation,lj_noisy,29,175,2.268813295813743e-05,0.00012778700329363346,0.8224535173893714,2.5078496037167497e-05,95,1,1,same_source_cyclic_next_latent,False
validation,lj_noisy,29,199,3.0961578886490315e-05,0.0001640301925363019,0.8112446348580726,3.385617310414091e-05,95,1,1,same_source_cyclic_next_latent,False
validation,lj_noisy,95,0,2.1658691196080326e-07,0.0,,4.881997739403232e-08,183,1,1,same_source_cyclic_next_latent,False
validation,lj_noisy,95,5,1.1904889163361076e-07,9.315184712477276e-08,-0.27800892100561425,1.440580348344156e-07,183,1,1,same_source_cyclic_next_latent,False
validation,lj_noisy,95,10,6.626462578651626e-08,4.062233927015768e-07,0.8368763912244804,3.254525893225946e-07,183,1,1,same_source_cyclic_next_latent,False
validation,lj_noisy,95,25,2.9747397434221057e-07,2.82183304989303e-06,0.8945812990766809,1.31050899199181e-06,183,1,1,same_source_cyclic_next_latent,False
validation,lj_noisy,95,50,1.9583148969104514e-06,1.2093249097233638e-05,0.838065446170424,4.0152094697987195e-06,183,1,1,same_source_cyclic_next_latent,False
validation,lj_noisy,95,75,5.290294211590663e-06,2.8183430913486518e-05,0.8122906246641847,8.09526136436034e-06,183,1,1,same_source_cyclic_next_latent,False
validation,lj_noisy,95,100,1.0940567335637752e-05,5.138449341757223e-05,0.7870842620412728,1.462259388063103e-05,183,1,1,same_source_cyclic_next_latent,False
validation,lj_noisy,95,125,1.8610075130709447e-05,8.035653445404023e-05,0.7684062004770322,2.3598200641572475e-05,183,1,1,same_source_cyclic_next_latent,False
validation,lj_noisy,95,149,2.9885160984122194e-05,0.00011559575068531558,0.7414683428504385,3.7300407711882144e-05,183,1,1,same_source_cyclic_next_latent,False
validation,lj_noisy,95,175,4.763655306305736e-05,0.00016214206698350608,0.706204848937178,5.954747030045837e-05,183,1,1,same_source_cyclic_next_latent,False
validation,lj_noisy,95,199,6.907722854521126e-05,0.00021282926900312304,0.675433605214339,8.679040183778852e-05,183,1,1,same_source_cyclic_next_latent,False
validation,lj_noisy,183,0,6.544977537714658e-08,0.0,,2.7908907895835e-07,147,1,1,same_source_cyclic_next_latent,False
validation,lj_noisy,183,5,1.461143170899959e-07,9.035466774776069e-08,-0.617119743031949,2.238085698991199e-07,147,1,1,same_source_cyclic_next_latent,False
validation,lj_noisy,183,10,2.663734619545721e-07,3.734352276296704e-07,0.28669433881387774,1.9167320886026573e-07,147,1,1,same_source_cyclic_next_latent,False
validation,lj_noisy,183,25,7.508072599193838e-07,2.431817392789526e-06,0.6912567275217418,3.455331523127825e-07,147,1,1,same_source_cyclic_next_latent,False
validation,lj_noisy,183,50,1.7555280464875977e-06,1.0205611033597961e-05,0.8279840334196343,1.6827568742883159e-06,147,1,1,same_source_cyclic_next_latent,False
validation,lj_noisy,183,75,3.512736384436721e-06,2.3695167328696698e-05,0.8517530458549443,5.049761057307478e-06,147,1,1,same_source_cyclic_next_latent,False
validation,lj_noisy,183,100,6.9199427343846764e-06,4.307867129682563e-05,0.8393649913966916,1.0097345693793613e-05,147,1,1,same_source_cyclic_next_latent,False
validation,lj_noisy,183,125,1.106225772673497e-05,6.872970698168501e-05,0.8390469243571368,1.4592455045203678e-05,147,1,1,same_source_cyclic_next_latent,False
validation,lj_noisy,183,149,1.5647869076929055e-05,9.890592627925798e-05,0.8417903793474644,1.871214590210002e-05,147,1,1,same_source_cyclic_next_latent,False
validation,lj_noisy,183,175,2.179592047468759e-05,0.00013746204786002636,0.841440449825964,2.3803679141565226e-05,147,1,1,same_source_cyclic_next_latent,False
validation,lj_noisy,183,199,2.9463473765645176e-05,0.00017979549011215568,0.8361278486614654,2.995683826156892e-05,147,1,1,same_source_cyclic_next_latent,False
validation,lj_noisy,147,0,2.0174384474103135e-07,0.0,,2.2239447616811958e-08,43,1,1,same_source_cyclic_next_latent,False
validation,lj_noisy,147,5,1.1832850077553303e-07,1.0630814983869641e-07,-0.11307083187013744,8.955061758797456e-08,43,1,1,same_source_cyclic_next_latent,False
validation,lj_noisy,147,10,8.626849989923357e-08,4.434336347003409e-07,0.805453413660127,2.323857444253008e-07,43,1,1,same_source_cyclic_next_latent,False
validation,lj_noisy,147,25,3.285709908595891e-07,2.912094714702107e-06,0.887170225198805,9.442612736165756e-07,43,1,1,same_source_cyclic_next_latent,False
validation,lj_noisy,147,50,1.5781650972712669e-06,1.199792586703552e-05,0.8684635065459689,2.311822299816413e-06,43,1,1,same_source_cyclic_next_latent,False
validation,lj_noisy,147,75,3.822011876764009e-06,2.7232879801886156e-05,0.8596545093809985,4.129540684516542e-06,43,1,1,same_source_cyclic_next_latent,False
validation,lj_noisy,147,100,7.1283034230873454e-06,4.869244003202766e-05,0.8536055408519542,7.237389127112692e-06,43,1,1,same_source_cyclic_next_latent,False
validation,lj_noisy,147,125,1.1435603482823353e-05,7.65042204875499e-05,0.8505232337517333,1.1932454981433693e-05,43,1,1,same_source_cyclic_next_latent,False
validation,lj_noisy,147,149,1.6717523976694793e-05,0.00010965059482259676,0.8475382280986072,1.8208535038866103e-05,43,1,1,same_source_cyclic_next_latent,False
validation,lj_noisy,147,175,2.4501305233570747e-05,0.00015283728134818375,0.8396902573937213,2.758657865342684e-05,43,1,1,same_source_cyclic_next_latent,False
validation,lj_noisy,147,199,3.4194858017144725e-05,0.00019974987662862986,0.8288116188390996,3.909050428774208e-05,43,1,1,same_source_cyclic_next_latent,False
validation,lj_noisy,43,0,2.4833997969153643e-08,0.0,,8.622246383538368e-08,13,1,1,same_source_cyclic_next_latent,False
validation,lj_noisy,43,5,7.681140345994208e-08,9.6270760252537e-08,0.20213153756705804,3.9051190725558627e-08,13,1,1,same_source_cyclic_next_latent,False
validation,lj_noisy,43,10,1.8315533623081137e-07,4.102923867321806e-07,0.5535980141148306,3.5340079307388805e-08,13,1,1,same_source_cyclic_next_latent,False
validation,lj_noisy,43,25,6.838245667495357e-07,2.796049102471443e-06,0.7554318462629646,3.45102307619527e-07,13,1,1,same_source_cyclic_next_latent,False
validation,lj_noisy,43,50,1.5435153954967973e-06,1.1718565474438947e-05,0.8682846122365762,1.704339410935063e-06,13,1,1,same_source_cyclic_next_latent,False
validation,lj_noisy,43,75,3.214020125597017e-06,2.693894930416718e-05,0.8806924468616955,3.988220669270959e-06,13,1,1,same_source_cyclic_next_latent,False
validation,lj_noisy,43,100,6.2464682741847355e-06,4.813013947568834e-05,0.8702171167124921,7.352024567808257e-06,13,1,1,same_source_cyclic_next_latent,False
validation,lj_noisy,43,125,1.032096679409733e-05,7.53487111069262e-05,0.8630239768872622,1.2251062798895873e-05,13,1,1,same_source_cyclic_next_latent,False
validation,lj_noisy,43,149,1.5125522622838616e-05,0.00010748124623205513,0.8592729136189752,1.867436913016718e-05,13,1,1,same_source_cyclic_next_latent,False
validation,lj_noisy,43,175,2.152367596863769e-05,0.00014898361405357718,0.8555299110887632,2.7703168598236516e-05,13,1,1,same_source_cyclic_next_latent,False
validation,lj_noisy,43,199,2.9403827284113504e-05,0.00019355223048478365,0.8480832423864776,3.8426980609074235e-05,13,1,1,same_source_cyclic_next_latent,False
validation,lj_noisy,13,0,8.50045722700088e-08,0.0,,3.7937340380267415e-08,40,1,1,same_source_cyclic_next_latent,False
validation,lj_noisy,13,5,4.281536902794869e-08,9.281463064780837e-08,0.5387002164517078,4.900295635934526e-08,40,1,1,same_source_cyclic_next_latent,False
validation,lj_noisy,13,10,4.2746528094994574e-08,3.781031523431011e-07,0.8869447984495903,1.1793945020599494e-07,40,1,1,same_source_cyclic_next_latent,False
validation,lj_noisy,13,25,2.675956807252078e-07,2.410028173471801e-06,0.8889657458486392,6.49586183953943e-07,40,1,1,same_source_cyclic_next_latent,False
validation,lj_noisy,13,50,1.1976619589404436e-06,9.818084436119534e-06,0.878014701672926,2.155567699446692e-06,40,1,1,same_source_cyclic_next_latent,False
validation,lj_noisy,13,75,2.858731932064984e-06,2.2434529455495067e-05,0.872574464388208,3.865357939503156e-06,40,1,1,same_source_cyclic_next_latent,False
validation,lj_noisy,13,100,5.53628706256859e-06,4.0286795410793275e-05,0.8625781225308042,6.003896032780176e-06,40,1,1,same_source_cyclic_next_latent,False
validation,lj_noisy,13,125,9.372029126097914e-06,6.321443652268499e-05,0.8517422658234929,9.455877261643764e-06,40,1,1,same_source_cyclic_next_latent,False
validation,lj_noisy,13,149,1.4469421330431942e-05,8.989958587335423e-05,0.8390490769243844,1.472331950935768e-05,40,1,1,same_source_cyclic_next_latent,False
validation,lj_noisy,13,175,2.329251219634898e-05,0.00012564916687551886,0.8146226292178684,2.4020020646275952e-05,40,1,1,same_source_cyclic_next_latent,False
validation,lj_noisy,13,199,3.356478191562928e-05,0.00016380345914512873,0.7950911287783543,3.462714812485501e-05,40,1,1,same_source_cyclic_next_latent,False
validation,lj_noisy,40,0,3.101274970163104e-08,0.0,,7.581746217510954e-07,132,1,1,same_source_cyclic_next_latent,False
validation,lj_noisy,40,5,4.0840824055976555e-08,9.645786747114471e-08,0.5765941635793053,6.851123544038273e-07,132,1,1,same_source_cyclic_next_latent,False
validation,lj_noisy,40,10,1.2241959268521896e-07,4.1816244333858776e-07,0.7072439320283592,5.928166046942351e-07,132,1,1,same_source_cyclic_next_latent,False
validation,lj_noisy,40,25,8.980660481938685e-07,2.9362895475060213e-06,0.6941493563001464,6.610782179450325e-07,132,1,1,same_source_cyclic_next_latent,False
validation,lj_noisy,40,50,3.5270522857899778e-06,1.2648867595999036e-05,0.7211566759615999,2.128687356162118e-06,132,1,1,same_source_cyclic_next_latent,False
validation,lj_noisy,40,75,6.924974059074884e-06,2.9483269827323966e-05,0.7651219115236302,5.8494611039350275e-06,132,1,1,same_source_cyclic_next_latent,False
validation,lj_noisy,40,100,1.1300899132038467e-05,5.388597855926491e-05,0.7902812673317327,1.2734869414998684e-05,132,1,1,same_source_cyclic_next_latent,False
validation,lj_noisy,40,125,1.7293139535468072e-05,8.557874389225617e-05,0.7979271633474759,2.2004140191711485e-05,132,1,1,same_source_cyclic_next_latent,False
validation,lj_noisy,40,149,2.48130254476564e-05,0.00012253261229489,0.7974986007158587,3.352484418428503e-05,132,1,1,same_source_cyclic_next_latent,False
validation,lj_noisy,40,175,3.572445348254405e-05,0.0001704702153801918,0.7904358048538306,5.156887709745206e-05,132,1,1,same_source_cyclic_next_latent,False
validation,lj_noisy,40,199,4.8823705583345145e-05,0.0002223484916612506,0.7804180940533278,7.327579078264534e-05,132,1,1,same_source_cyclic_next_latent,False
validation,lj_noisy,132,0,5.218051910560462e-07,0.0,,2.3977658969442928e-08,61,1,1,same_source_cyclic_next_latent,False
validation,lj_noisy,132,5,3.9832156062402646e-07,1.029204241831394e-07,-2.8701896517181296,5.9407302188674294e-08,61,1,1,same_source_cyclic_next_latent,False
validation,lj_noisy,132,10,2.9751836905234086e-07,4.4125229692326684e-07,0.3257409170969622,1.7761784931735747e-07,61,1,1,same_source_cyclic_next_latent,False
validation,lj_noisy,132,25,4.353935878498305e-07,3.067184479732532e-06,0.8580477989743225,9.935141633832245e-07,61,1,1,same_source_cyclic_next_latent,False
validation,lj_noisy,132,50,2.331811629119329e-06,1.3521135770133696e-05,0.827543213176664,3.5522127745934995e-06,61,1,1,same_source_cyclic_next_latent,False
validation,lj_noisy,132,75,6.5080475906142965e-06,3.2666182960383594e-05,0.8007711032994878,7.721488145762123e-06,61,1,1,same_source_cyclic_next_latent,False
validation,lj_noisy,132,100,1.3454313375405036e-05,6.118311284808442e-05,0.7800975996626449,1.495343167334795e-05,61,1,1,same_source_cyclic_next_latent,False
validation,lj_noisy,132,125,2.5546234610374086e-05,0.00010149922309210524,0.7483110330096594,2.8478803869802505e-05,61,1,1,same_source_cyclic_next_latent,False
validation,lj_noisy,132,149,4.229140540701337e-05,0.00015093496767804027,0.7198037932652872,4.714338865596801e-05,61,1,1,same_source_cyclic_next_latent,False
validation,lj_noisy,132,175,6.485087214969099e-05,0.0002120805875165388,0.6942158973195334,7.010808621998876e-05,61,1,1,same_source_cyclic_next_latent,False
validation,lj_noisy,132,199,8.449450979242101e-05,0.0002682431077118963,0.6850077136625949,8.712612179806456e-05,61,1,1,same_source_cyclic_next_latent,False
validation,lj_noisy,61,0,2.0043369630684538e-08,0.0,,7.190102735421533e-08,188,1,1,same_source_cyclic_next_latent,False
validation,lj_noisy,61,5,3.479227572711352e-08,9.96304834188777e-08,0.6507868422073602,3.286711702799039e-08,188,1,1,same_source_cyclic_next_latent,False
validation,lj_noisy,61,10,8.353423908147306e-08,4.162667153195798e-07,0.7993252018304143,3.4081661937079843e-08,188,1,1,same_source_cyclic_next_latent,False
validation,lj_noisy,61,25,3.3991878467531933e-07,2.741091520874761e-06,0.8759914500896192,2.195777426550194e-07,188,1,1,same_source_cyclic_next_latent,False
validation,lj_noisy,61,50,9.25129256756918e-07,1.1338017429807223e-05,0.918404671497083,8.913138458410685e-07,188,1,1,same_source_cyclic_next_latent,False
validation,lj_noisy,61,75,2.4620173917355714e-06,2.6031604647869244e-05,0.9054219889615183,2.9629252367158188e-06,188,1,1,same_source_cyclic_next_latent,False
validation,lj_noisy,61,100,5.485008841787931e-06,4.705508763436228e-05,0.8834343082217009,6.714764367643511e-06,188,1,1,same_source_cyclic_next_latent,False
validation,lj_noisy,61,125,8.817169145913795e-06,7.433142309309915e-05,0.8813803263947954,1.0698796359065454e-05,188,1,1,same_source_cyclic_next_latent,False
validation,lj_noisy,61,149,1.2069330296071712e-05,0.00010632432531565428,0.8864857100175295,1.4621905393141787e-05,188,1,1,same_source_cyclic_next_latent,False
validation,lj_noisy,61,175,1.6580350347794592e-05,0.0001481663784943521,0.8880964054309621,1.997012623178307e-05,188,1,1,same_source_cyclic_next_latent,False
validation,lj_noisy,61,199,2.336561919946689e-05,0.00019447802333161235,0.8798547064640552,2.8232205295353197e-05,188,1,1,same_source_cyclic_next_latent,False
validation,lj_noisy,188,0,4.0836226844476187e-08,0.0,,6.821315423621854e-08,67,1,1,same_source_cyclic_next_latent,False
validation,lj_noisy,188,5,1.680495209654964e-08,9.160689984355486e-08,0.8165536425176605,2.765165341145348e-08,67,1,1,same_source_cyclic_next_latent,False
validation,lj_noisy,188,10,5.8166147454130623e-08,3.833892776583525e-07,0.8482843656729391,3.904933976173197e-08,67,1,1,same_source_cyclic_next_latent,False
validation,lj_noisy,188,25,5.740965889344807e-07,2.6204288587905467e-06,0.7809150257948794,4.381730036584486e-07,67,1,1,same_source_cyclic_next_latent,False
validation,lj_noisy,188,50,2.0930729078827426e-06,1.1088137398473918e-05,0.8112331374816102,2.0423196929186815e-06,67,1,1,same_source_cyclic_next_latent,False
validation,lj_noisy,188,75,4.54136852567899e-06,2.5567558623151854e-05,0.8223777016563989,4.84126758237835e-06,67,1,1,same_source_cyclic_next_latent,False
validation,lj_noisy,188,100,8.351675205631182e-06,4.645999797503464e-05,0.820239441032284,8.92104253580328e-06,67,1,1,same_source_cyclic_next_latent,False
validation,lj_noisy,188,125,1.34048941617948e-05,7.364279736066237e-05,0.8179741313173519,1.4389062926056795e-05,67,1,1,same_source_cyclic_next_latent,False
validation,lj_noisy,188,149,1.932348095579073e-05,0.00010572637256700546,0.8172312121694687,2.0858293282799423e-05,67,1,1,same_source_cyclic_next_latent,False
validation,lj_noisy,188,175,2.726903767324984e-05,0.00014696051948703825,0.8144465073447502,2.923419560829643e-05,67,1,1,same_source_cyclic_next_latent,False
validation,lj_noisy,188,199,3.655452746897936e-05,0.00019167976279277354,0.8092937567514692,3.83846418117173e-05,67,1,1,same_source_cyclic_next_latent,False
validation,lj_noisy,67,0,8.847238319731332e-08,0.0,,3.9500093862443464e-08,15,1,1,same_source_cyclic_next_latent,False
validation,lj_noisy,67,5,4.4159261136655914e-08,8.974264886774108e-08,0.50793450278322,1.051377722660618e-07,15,1,1,same_source_cyclic_next_latent,False
validation,lj_noisy,67,10,3.781390844892485e-08,3.756259161491471e-07,0.8993309385130116,2.292202339049254e-07,15,1,1,same_source_cyclic_next_latent,False
validation,lj_noisy,67,25,2.0645467202484724e-07,2.4605394628451904e-06,0.9160937367019027,8.391911592298129e-07,15,1,1,same_source_cyclic_next_latent,False
validation,lj_noisy,67,50,1.0002206636272604e-06,1.0304262104909867e-05,0.9029313643768178,2.196530431319843e-06,15,1,1,same_source_cyclic_next_latent,False
validation,lj_noisy,67,75,2.8281144750508247e-06,2.4312985260621645e-05,0.883678847137239,3.989328888565069e-06,15,1,1,same_source_cyclic_next_latent,False
validation,lj_noisy,67,100,5.763612080045277e-06,4.4734984840033576e-05,0.8711609694145377,6.595742888748646e-06,15,1,1,same_source_cyclic_next_latent,False
validation,lj_noisy,67,125,9.650163519836497e-06,7.140247180359438e-05,0.8648483270105685,1.0623468369885813e-05,15,1,1,same_source_cyclic_next_latent,False
validation,lj_noisy,67,149,1.4136895515548531e-05,0.0001028560582199134,0.8625565109123386,1.5953657566569746e-05,15,1,1,same_source_cyclic_next_latent,False
validation,lj_noisy,67,175,1.9817633074126206e-05,0.0001433728903066367,0.8617755906870432,2.342783409403637e-05,15,1,1,same_source_cyclic_next_latent,False
validation,lj_noisy,67,199,2.594821125967428e-05,0.00018682236259337515,0.8611075735288104,3.173926961608231e-05,15,1,1,same_source_cyclic_next_latent,False
mixed_transfer,depablo_mixed_temp,268,0,1.2894352039438672e-06,0.0,,2.694551540116663e-06,161,1,1,same_source_cyclic_next_latent,True
mixed_transfer,depablo_mixed_temp,268,5,5.343277734937146e-05,4.713676025858149e-05,-0.13356915189443352,5.305089143803343e-05,161,1,1,same_source_cyclic_next_latent,True
mixed_transfer,depablo_mixed_temp,268,10,0.00010239213588647544,5.8645240642363206e-05,-0.7459581504813719,0.00010987856512656435,161,1,1,same_source_cyclic_next_latent,True
mixed_transfer,depablo_mixed_temp,268,25,6.117918383097276e-05,5.51444391021505e-05,-0.10943523639153163,6.642168591497466e-05,161,1,1,same_source_cyclic_next_latent,True
mixed_transfer,depablo_mixed_temp,268,50,0.0001321353774983436,6.742466939613223e-05,-0.959748244696969,0.00011402141535654664,161,1,1,same_source_cyclic_next_latent,True
mixed_transfer,depablo_mixed_temp,268,75,8.07610122137703e-05,7.959867070894688e-05,-0.01460252406819107,8.13660299172625e-05,161,1,1,same_source_cyclic_next_latent,True
mixed_transfer,depablo_mixed_temp,268,100,9.05851338757202e-05,9.612221765564755e-05,0.05760461956634866,0.00011540109699126333,161,1,1,same_source_cyclic_next_latent,True
mixed_transfer,depablo_mixed_temp,268,125,9.459927241550758e-05,0.00013924895029049367,0.32064642341533156,0.0001239800767507404,161,1,1,same_source_cyclic_next_latent,True
mixed_transfer,depablo_mixed_temp,268,149,0.0001660749112488702,0.00013940916687715799,-0.19127683615819202,0.00017472819308750331,161,1,1,same_source_cyclic_next_latent,True
mixed_transfer,depablo_mixed_temp,268,175,0.00013614530325867236,0.00018091170932166278,0.24744891433973093,0.00022475070727523416,161,1,1,same_source_cyclic_next_latent,True
mixed_transfer,depablo_mixed_temp,268,199,0.00019383268954697996,0.00022531113063450903,0.1397109898604706,0.0002507553726900369,161,1,1,same_source_cyclic_next_latent,True
mixed_transfer,depablo_mixed_temp,161,0,7.477898407159955e-07,0.0,,5.948551233814214e-07,47,1,1,same_source_cyclic_next_latent,True
mixed_transfer,depablo_mixed_temp,161,5,1.9546141629689373e-05,2.0224346371833235e-05,0.03353407470752223,1.9373168470337987e-05,47,1,1,same_source_cyclic_next_latent,True
mixed_transfer,depablo_mixed_temp,161,10,2.7874306397279724e-05,2.2510845155920833e-05,-0.23826121161640113,2.0802204744541086e-05,47,1,1,same_source_cyclic_next_latent,True
mixed_transfer,depablo_mixed_temp,161,25,2.1046464098617435e-05,2.079022306133993e-05,-0.01232507397931637,1.97563786059618e-05,47,1,1,same_source_cyclic_next_latent,True
mixed_transfer,depablo_mixed_temp,161,50,4.148650259594433e-05,4.2505580495344475e-05,0.02397515543898432,3.2739771995693445e-05,47,1,1,same_source_cyclic_next_latent,True
mixed_transfer,depablo_mixed_temp,161,75,2.1754107365268283e-05,4.9270100134890527e-05,0.5584724344843952,2.258802305732388e-05,47,1,1,same_source_cyclic_next_latent,True
mixed_transfer,depablo_mixed_temp,161,100,2.7687812689691782e-05,7.182943227235228e-05,0.6145338781920313,2.850053715519607e-05,47,1,1,same_source_cyclic_next_latent,True
mixed_transfer,depablo_mixed_temp,161,125,3.161439235555008e-05,9.014578245114535e-05,0.6492970442329506,3.1517578463535756e-05,47,1,1,same_source_cyclic_next_latent,True
mixed_transfer,depablo_mixed_temp,161,149,2.4736393243074417e-05,0.0001271728688152507,0.8054900115604846,2.9156244636396877e-05,47,1,1,same_source_cyclic_next_latent,True
mixed_transfer,depablo_mixed_temp,161,175,2.586785558378324e-05,0.00017018135986290872,0.8479983024896419,3.364403164596297e-05,47,1,1,same_source_cyclic_next_latent,True
mixed_transfer,depablo_mixed_temp,161,199,3.0659135518362746e-05,0.0001962430396815762,0.8437695646780123,3.4886918001575395e-05,47,1,1,same_source_cyclic_next_latent,True
mixed_transfer,depablo_mixed_temp,47,0,6.729933375027031e-07,0.0,,1.8795587308773065e-08,191,1,1,same_source_cyclic_next_latent,True
mixed_transfer,depablo_mixed_temp,47,5,7.495214049413335e-07,2.6881184567173477e-07,-1.7882752081417843,2.2617730621732335e-07,191,1,1,same_source_cyclic_next_latent,True
mixed_transfer,depablo_mixed_temp,47,10,5.540638312595547e-07,5.738165782531723e-07,0.034423451225040314,2.888768051434454e-07,191,1,1,same_source_cyclic_next_latent,True
mixed_transfer,depablo_mixed_temp,47,25,3.935444681246736e-07,2.950489943032153e-06,0.8666172480763528,7.893942779446661e-07,191,1,1,same_source_cyclic_next_latent,True
mixed_transfer,depablo_mixed_temp,47,50,6.205333988873463e-07,1.030835755955195e-05,0.9398028836987375,1.8736838001132128e-06,191,1,1,same_source_cyclic_next_latent,True
mixed_transfer,depablo_mixed_temp,47,75,9.459491820962285e-07,2.303583823959343e-05,0.9589357603462263,3.377188022568589e-06,191,1,1,same_source_cyclic_next_latent,True
mixed_transfer,depablo_mixed_temp,47,100,1.6719611721782712e-06,4.1095041524386033e-05,0.9593147710731447,4.027292106911773e-06,191,1,1,same_source_cyclic_next_latent,True
mixed_transfer,depablo_mixed_temp,47,125,2.307118847966194e-06,6.353035132633522e-05,0.9636847774362957,9.374477485835087e-06,191,1,1,same_source_cyclic_next_latent,True
mixed_transfer,depablo_mixed_temp,47,149,3.0239436910051154e-06,9.000220597954467e-05,0.9664014491856746,1.0034294973593205e-05,191,1,1,same_source_cyclic_next_latent,True
mixed_transfer,depablo_mixed_temp,47,175,4.932572664984036e-06,0.00012707475980278105,0.9611836947585867,1.666348907747306e-05,191,1,1,same_source_cyclic_next_latent,True
mixed_transfer,depablo_mixed_temp,47,199,6.619566647714237e-06,0.00016195152420550585,0.9591262466951874,3.200870560249314e-05,191,1,1,same_source_cyclic_next_latent,True
mixed_transfer,depablo_mixed_temp,191,0,3.8089989828904436e-08,0.0,,1.6032409178023954e-07,242,1,1,same_source_cyclic_next_latent,True
mixed_transfer,depablo_mixed_temp,191,5,7.0846695052750874e-06,7.1508447945234366e-06,0.009254191798293565,7.845687832741532e-06,242,1,1,same_source_cyclic_next_latent,True
mixed_transfer,depablo_mixed_temp,191,10,1.0683179425541312e-05,1.1249665476498194e-05,0.05035581299198055,2.06815057026688e-05,242,1,1,same_source_cyclic_next_latent,True
mixed_transfer,depablo_mixed_temp,191,25,9.62438207352534e-06,1.134495687438175e-05,0.15165988023644872,3.803277650149539e-05,242,1,1,same_source_cyclic_next_latent,True
mixed_transfer,depablo_mixed_temp,191,50,1.0738787750597112e-05,2.3212682208395563e-05,0.5373741106612355,1.3746359400101937e-05,242,1,1,same_source_cyclic_next_latent,True
mixed_transfer,depablo_mixed_temp,191,75,1.0722352271841373e-05,3.4925145882880315e-05,0.6929904800455743,1.8795879441313446e-05,242,1,1,same_source_cyclic_next_latent,True
mixed_transfer,depablo_mixed_temp,191,100,1.0835858120117337e-05,5.758188126492314e-05,0.8118182684885955,1.8738197468337603e-05,242,1,1,same_source_cyclic_next_latent,True
mixed_transfer,depablo_mixed_temp,191,125,1.0549089893174823e-05,7.634270150447264e-05,0.86181927433421,1.9146245904266834e-05,242,1,1,same_source_cyclic_next_latent,True
mixed_transfer,depablo_mixed_temp,191,149,1.200285623781383e-05,0.00011539997649379075,0.8959890928707455,4.971435555489734e-05,242,1,1,same_source_cyclic_next_latent,True
mixed_transfer,depablo_mixed_temp,191,175,1.4131741409073584e-05,0.00014662892499472946,0.9036224168622832,3.836306495941244e-05,242,1,1,same_source_cyclic_next_latent,True
mixed_transfer,depablo_mixed_temp,191,199,1.318325121246744e-05,0.00018133649427909404,0.9272995142821214,0.00012911288649775088,242,1,1,same_source_cyclic_next_latent,True
mixed_transfer,depablo_mixed_temp,242,0,1.9036527021398797e-07,0.0,,2.8791691875085235e-07,208,1,1,same_source_cyclic_next_latent,True
mixed_transfer,depablo_mixed_temp,242,5,2.4495308025507256e-05,2.3800261260475963e-05,-0.029203325014987458,2.434393718431238e-05,208,1,1,same_source_cyclic_next_latent,True
mixed_transfer,depablo_mixed_temp,242,10,4.099352008779533e-05,3.038742215721868e-05,-0.34902920937823345,3.1592397135682404e-05,208,1,1,same_source_cyclic_next_latent,True
mixed_transfer,depablo_mixed_temp,242,25,4.882558641838841e-05,3.699141598190181e-05,-0.3199166650521439,3.995298902736977e-05,208,1,1,same_source_cyclic_next_latent,True
mixed_transfer,depablo_mixed_temp,242,50,3.360496339155361e-05,4.2313102312618867e-05,0.20580242159337636,3.6097626434639096e-05,208,1,1,same_source_cyclic_next_latent,True
mixed_transfer,depablo_mixed_temp,242,75,3.964581628679298e-05,7.29313469491899e-05,0.456395391759135,4.131133027840406e-05,208,1,1,same_source_cyclic_next_latent,True
mixed_transfer,depablo_mixed_temp,242,100,4.1125647840090096e-05,9.204618982039392e-05,0.5532064073446501,4.541759335552342e-05,208,1,1,same_source_cyclic_next_latent,True
mixed_transfer,depablo_mixed_temp,242,125,3.711904719239101e-05,0.00011756044841604307,0.6842556515178663,4.037603139295243e-05,208,1,1,same_source_cyclic_next_latent,True
mixed_transfer,depablo_mixed_temp,242,149,3.728985757334158e-05,0.000145202677231282,0.7431875342494858,3.926115095964633e-05,208,1,1,same_source_cyclic_next_latent,True
mixed_transfer,depablo_mixed_temp,242,175,4.382318729767576e-05,0.00018254968745168298,0.7599383055132602,5.749480260419659e-05,208,1,1,same_source_cyclic_next_latent,True
mixed_transfer,depablo_mixed_temp,242,199,7.767053466523066e-05,0.0002420646051177755,0.6791330371185809,7.161125540733337e-05,208,1,1,same_source_cyclic_next_latent,True
mixed_transfer,depablo_mixed_temp,208,0,2.768149727216951e-07,0.0,,7.906120345069212e-07,221,1,1,same_source_cyclic_next_latent,True
mixed_transfer,depablo_mixed_temp,208,5,2.463011333020404e-05,2.257787127746269e-05,-0.09089617118996962,3.330240724608302e-05,221,1,1,same_source_cyclic_next_latent,True
mixed_transfer,depablo_mixed_temp,208,10,2.19771136471536e-05,2.1629317416227423e-05,-0.0160798523704333,6.1588259995915e-05,221,1,1,same_source_cyclic_next_latent,True
mixed_transfer,depablo_mixed_temp,208,25,2.1979361918056384e-05,2.2251089831115678e-05,0.012211892321755569,2.265712282678578e-05,221,1,1,same_source_cyclic_next_latent,True
mixed_transfer,depablo_mixed_temp,208,50,2.0523932107607834e-05,2.6678577341954224e-05,0.23069615577543223,2.9523876946768723e-05,221,1,1,same_source_cyclic_next_latent,True
mixed_transfer,depablo_mixed_temp,208,75,2.7190102628082968e-05,4.3110252590849996e-05,0.36928918310597014,3.410788849578239e-05,221,1,1,same_source_cyclic_next_latent,True
mixed_transfer,depablo_mixed_temp,208,100,4.343052569311112e-05,6.287909491220489e-05,0.3093010363181736,3.414629463804886e-05,221,1,1,same_source_cyclic_next_latent,True
mixed_transfer,depablo_mixed_temp,208,125,2.73094410658814e-05,6.771790503989905e-05,0.5967175734424919,3.253372778999619e-05,221,1,1,same_source_cyclic_next_latent,True
mixed_transfer,depablo_mixed_temp,208,149,4.161872129770927e-05,0.0001124460031860508,0.6298781626871361,3.5358243621885777e-05,221,1,1,same_source_cyclic_next_latent,True
mixed_transfer,depablo_mixed_temp,208,175,3.309838939458132e-05,0.00013137060159351677,0.748053301171647,3.185393870808184e-05,221,1,1,same_source_cyclic_next_latent,True
mixed_transfer,depablo_mixed_temp,208,199,3.6704579542856663e-05,0.00017357629258185625,0.7885392123722929,3.551621193764731e-05,221,1,1,same_source_cyclic_next_latent,True
mixed_transfer,depablo_mixed_temp,221,0,6.308738988991536e-07,0.0,,6.172803779236347e-08,140,1,1,same_source_cyclic_next_latent,True
mixed_transfer,depablo_mixed_temp,221,5,3.687216667458415e-05,2.707511703192722e-05,-0.36184699150530575,2.727699938986916e-05,140,1,1,same_source_cyclic_next_latent,True
mixed_transfer,depablo_mixed_temp,221,10,7.401254697469994e-05,3.6674908187706023e-05,-1.0180704092262745,3.775304139708169e-05,140,1,1,same_source_cyclic_next_latent,True
mixed_transfer,depablo_mixed_temp,221,25,3.5909379221266136e-05,3.482666943455115e-05,-0.03108852509567983,3.552868656697683e-05,140,1,1,same_source_cyclic_next_latent,True
mixed_transfer,depablo_mixed_temp,221,50,4.439752228790894e-05,4.851730773225427e-05,0.08491372742858305,4.960718797519803e-05,140,1,1,same_source_cyclic_next_latent,True
mixed_transfer,depablo_mixed_temp,221,75,4.905159948975779e-05,5.7804521929938346e-05,0.1514227978701993,6.908738578204066e-05,140,1,1,same_source_cyclic_next_latent,True
mixed_transfer,depablo_mixed_temp,221,100,4.417763921082951e-05,6.448220665333793e-05,0.3148863616232548,5.5601962230866775e-05,140,1,1,same_source_cyclic_next_latent,True
mixed_transfer,depablo_mixed_temp,221,125,3.3475640520919114e-05,9.433583181817085e-05,0.645143951394394,7.878190808696672e-05,140,1,1,same_source_cyclic_next_latent,True
mixed_transfer,depablo_mixed_temp,221,149,5.816693737870082e-05,0.00012878440611530095,0.5483386604537832,9.256177872885019e-05,140,1,1,same_source_cyclic_next_latent,True
mixed_transfer,depablo_mixed_temp,221,175,6.186612154124305e-05,0.00016914735897444189,0.6342471918193473,0.00011917641677428037,140,1,1,same_source_cyclic_next_latent,True
mixed_transfer,depablo_mixed_temp,221,199,5.893190609640442e-05,0.00020088825840502977,0.7066433520590026,0.00014154704695101827,140,1,1,same_source_cyclic_next_latent,True
mixed_transfer,depablo_mixed_temp,140,0,4.559700172990233e-08,0.0,,5.975482508802088e-07,118,1,1,same_source_cyclic_next_latent,True
mixed_transfer,depablo_mixed_temp,140,5,5.778892955277115e-06,5.748682269768324e-06,-0.005255236607468516,6.451745775848394e-06,118,1,1,same_source_cyclic_next_latent,True
mixed_transfer,depablo_mixed_temp,140,10,5.673902705893852e-06,6.143378413980827e-06,0.07641979322298675,6.451552053476917e-06,118,1,1,same_source_cyclic_next_latent,True
mixed_transfer,depablo_mixed_temp,140,25,4.9069094529841095e-06,7.007966814853717e-06,0.2998098332053053,5.131660600454779e-06,118,1,1,same_source_cyclic_next_latent,True
mixed_transfer,depablo_mixed_temp,140,50,6.930867584742373e-06,1.9301036445540376e-05,0.6409069738664841,1.144291672972031e-05,118,1,1,same_source_cyclic_next_latent,True
mixed_transfer,depablo_mixed_temp,140,75,6.174323971208651e-06,2.7593006961978972e-05,0.7762359144214912,1.2851323845097795e-05,118,1,1,same_source_cyclic_next_latent,True
mixed_transfer,depablo_mixed_temp,140,100,5.096894710732158e-06,4.4695243559544906e-05,0.885963375410588,1.650171725486871e-05,118,1,1,same_source_cyclic_next_latent,True
mixed_transfer,depablo_mixed_temp,140,125,6.75654700899031e-06,7.706028554821387e-05,0.9123212824748361,3.253548129578121e-05,118,1,1,same_source_cyclic_next_latent,True
mixed_transfer,depablo_mixed_temp,140,149,5.917758244322613e-06,0.00010311150253983214,0.9426081659314723,3.590244523365982e-05,118,1,1,same_source_cyclic_next_latent,True
mixed_transfer,depablo_mixed_temp,140,175,7.041917797323549e-06,0.0001441092899767682,0.9511348796565525,4.7502064262516797e-05,118,1,1,same_source_cyclic_next_latent,True
mixed_transfer,depablo_mixed_temp,140,199,1.0250766536046285e-05,0.00018415348313283175,0.9443357445014912,5.835721822222695e-05,118,1,1,same_source_cyclic_next_latent,True
mixed_transfer,depablo_mixed_temp,118,0,6.498712536995299e-07,0.0,,1.403632609253691e-06,158,1,1,same_source_cyclic_next_latent,True
mixed_transfer,depablo_mixed_temp,118,5,8.00499037723057e-06,7.472703146049753e-06,-0.07123088135278022,1.046810211846605e-05,158,1,1,same_source_cyclic_next_latent,True
mixed_transfer,depablo_mixed_temp,118,10,7.550154805358034e-06,6.560167093994096e-06,-0.1509089169802218,2.5374922188348137e-05,158,1,1,same_source_cyclic_next_latent,True
mixed_transfer,depablo_mixed_temp,118,25,7.571020887553459e-06,9.963821867131628e-06,0.24014891188204324,9.41201960813487e-06,158,1,1,same_source_cyclic_next_latent,True
mixed_transfer,depablo_mixed_temp,118,50,8.866599273460452e-06,1.8252863810630515e-05,0.5142351706861188,9.55462110141525e-06,158,1,1,same_source_cyclic_next_latent,True
mixed_transfer,depablo_mixed_temp,118,75,8.071285265032202e-06,2.543711343605537e-05,0.6826964944225273,1.1482321497169323e-05,158,1,1,same_source_cyclic_next_latent,True
mixed_transfer,depablo_mixed_temp,118,100,7.981555427249987e-06,4.048683331348002e-05,0.8028604666250214,1.2131464245612733e-05,158,1,1,same_source_cyclic_next_latent,True
mixed_transfer,depablo_mixed_temp,118,125,1.4677993931400124e-05,6.137721356935799e-05,0.7608559744274872,3.0435383450821973e-05,158,1,1,same_source_cyclic_next_latent,True
mixed_transfer,depablo_mixed_temp,118,149,1.2343893104116432e-05,7.702268339926377e-05,0.8397369117857244,1.6994790712487884e-05,158,1,1,same_source_cyclic_next_latent,True
mixed_transfer,depablo_mixed_temp,118,175,1.678579064900987e-05,0.0001161079853773117,0.8554294901038743,3.055329216294922e-05,158,1,1,same_source_cyclic_next_latent,True
mixed_transfer,depablo_mixed_temp,118,199,1.7534708604216576e-05,0.00014814999303780496,0.8816421908319492,5.035082358517684e-05,158,1,1,same_source_cyclic_next_latent,True
mixed_transfer,depablo_mixed_temp,158,0,8.545608238819113e-07,0.0,,7.65940967539791e-07,250,1,1,same_source_cyclic_next_latent,True
mixed_transfer,depablo_mixed_temp,158,5,1.761539351718966e-05,1.573649569763802e-05,-0.1193974729604923,1.7185724573209882e-05,250,1,1,same_source_cyclic_next_latent,True
mixed_transfer,depablo_mixed_temp,158,10,3.0514504032908008e-05,2.0582121578627266e-05,-0.4825733059800139,2.1001187633373775e-05,250,1,1,same_source_cyclic_next_latent,True
mixed_transfer,depablo_mixed_temp,158,25,2.084407606162131e-05,2.284510264871642e-05,0.0875910525710657,2.1264479073579423e-05,250,1,1,same_source_cyclic_next_latent,True
mixed_transfer,depablo_mixed_temp,158,50,1.9182627511327155e-05,2.7017762477044016e-05,0.2899994021479049,2.046954250545241e-05,250,1,1,same_source_cyclic_next_latent,True
mixed_transfer,depablo_mixed_temp,158,75,2.3955108190421015e-05,4.9534719437360764e-05,0.5163976204465335,3.375071901245974e-05,250,1,1,same_source_cyclic_next_latent,True
mixed_transfer,depablo_mixed_temp,158,100,2.0282228433643468e-05,5.9894391597481444e-05,0.6613668176154187,5.7324541558045894e-05,250,1,1,same_source_cyclic_next_latent,True
mixed_transfer,depablo_mixed_temp,158,125,2.1857278625248e-05,7.881387864472345e-05,0.722672212037983,7.83591385697946e-05,250,1,1,same_source_cyclic_next_latent,True
mixed_transfer,depablo_mixed_temp,158,149,2.1253503291518427e-05,0.00011068722233176231,0.8079859369149639,4.6338678657775745e-05,250,1,1,same_source_cyclic_next_latent,True
mixed_transfer,depablo_mixed_temp,158,175,2.4101556846289895e-05,0.00015321206592489034,0.8426915223628322,8.721555059310049e-05,250,1,1,same_source_cyclic_next_latent,True
mixed_transfer,depablo_mixed_temp,158,199,2.2648513549938798e-05,0.0002061646373476833,0.8901435578801832,0.00012850853090640157,250,1,1,same_source_cyclic_next_latent,True
mixed_transfer,depablo_mixed_temp,250,0,1.1606050520640565e-06,0.0,,3.366892315170844e-06,136,1,1,same_source_cyclic_next_latent,True
mixed_transfer,depablo_mixed_temp,250,5,5.141400106367655e-05,4.835599611396901e-05,-0.06323941590408366,5.7139881391776726e-05,136,1,1,same_source_cyclic_next_latent,True
mixed_transfer,depablo_mixed_temp,250,10,5.1689032261492684e-05,5.153584061190486e-05,-0.0029725264547724173,5.9083718952024356e-05,136,1,1,same_source_cyclic_next_latent,True
mixed_transfer,depablo_mixed_temp,250,25,5.219706872594543e-05,5.111822974868119e-05,-0.02110477969538982,6.0886981373187155e-05,136,1,1,same_source_cyclic_next_latent,True
mixed_transfer,depablo_mixed_temp,250,50,5.9196976508246735e-05,6.523817864945158e-05,0.09260225018951584,6.157081224955618e-05,136,1,1,same_source_cyclic_next_latent,True
mixed_transfer,depablo_mixed_temp,250,75,5.8496996643953025e-05,8.879067172529176e-05,0.341180830065842,6.259214569581673e-05,136,1,1,same_source_cyclic_next_latent,True
mixed_transfer,depablo_mixed_temp,250,100,0.00010892985301325098,0.0001296159898629412,0.15959556279718423,9.616131137590855e-05,136,1,1,same_source_cyclic_next_latent,True
mixed_transfer,depablo_mixed_temp,250,125,0.00010889142140513286,0.00019025067740585655,0.42764239849281704,0.00010367549111833796,136,1,1,same_source_cyclic_next_latent,True
mixed_transfer,depablo_mixed_temp,250,149,8.201398304663599e-05,0.00016449361282866448,0.5014153945778963,8.055436046561226e-05,136,1,1,same_source_cyclic_next_latent,True
mixed_transfer,depablo_mixed_temp,250,175,8.663990593049675e-05,0.00018673459999263287,0.536026499995636,9.091829269891605e-05,136,1,1,same_source_cyclic_next_latent,True
mixed_transfer,depablo_mixed_temp,250,199,0.0001130687232944183,0.00025101620121859014,0.549556073490429,0.00011505762086017057,136,1,1,same_source_cyclic_next_latent,True
mixed_transfer,depablo_mixed_temp,136,0,3.1767738164489856e-06,0.0,,1.8777294599203742e-06,68,1,1,same_source_cyclic_next_latent,True
mixed_transfer,depablo_mixed_temp,136,5,1.6997482816805132e-05,1.0966320587613154e-05,-0.5499713583063026,1.3143609066901263e-05,68,1,1,same_source_cyclic_next_latent,True
mixed_transfer,depablo_mixed_temp,136,10,1.3255309568194207e-05,1.2293307008803822e-05,-0.07825417185965078,1.23119689305895e-05,68,1,1,same_source_cyclic_next_latent,True
mixed_transfer,depablo_mixed_temp,136,25,1.3166178177925758e-05,1.05185035863542e-05,-0.2517158994941471,1.1993234693363775e-05,68,1,1,same_source_cyclic_next_latent,True
mixed_transfer,depablo_mixed_temp,136,50,1.2476963092922233e-05,1.8912367522716522e-05,0.34027492444107943,1.1889292181876954e-05,68,1,1,same_source_cyclic_next_latent,True
mixed_transfer,depablo_mixed_temp,136,75,1.1692848602251615e-05,3.769572140299715e-05,0.6898096609626914,1.2205198800074868e-05,68,1,1,same_source_cyclic_next_latent,True
mixed_transfer,depablo_mixed_temp,136,100,1.5815990991541184e-05,6.272367318160832e-05,0.747846543588925,1.6307410987792537e-05,68,1,1,same_source_cyclic_next_latent,True
mixed_transfer,depablo_mixed_temp,136,125,2.2898795577930287e-05,9.743942064233124e-05,0.7649945429993432,2.322584441571962e-05,68,1,1,same_source_cyclic_next_latent,True
mixed_transfer,depablo_mixed_temp,136,149,1.654390689509455e-05,0.00012985024659428746,0.8725924106498972,1.733237149892375e-05,68,1,1,same_source_cyclic_next_latent,True
mixed_transfer,depablo_mixed_temp,136,175,2.374937139393296e-05,0.00018626838573254645,0.8724991828294818,2.417787072772626e-05,68,1,1,same_source_cyclic_next_latent,True
mixed_transfer,depablo_mixed_temp,136,199,2.9668746719835326e-05,0.00021623147767968476,0.8627917311660551,3.2380638003814965e-05,68,1,1,same_source_cyclic_next_latent,True
mixed_transfer,depablo_mixed_temp,68,0,2.0474633402045583e-06,0.0,,8.265606084023602e-07,96,1,1,same_source_cyclic_next_latent,True
mixed_transfer,depablo_mixed_temp,68,5,3.6293022276367992e-06,1.8872113969337079e-06,-0.9231031740978226,2.77250137514784e-06,96,1,1,same_source_cyclic_next_latent,True
mixed_transfer,depablo_mixed_temp,68,10,4.206213816360105e-06,2.4416788164671743e-06,-0.7226728544280889,3.0219944164855406e-06,96,1,1,same_source_cyclic_next_latent,True
mixed_transfer,depablo_mixed_temp,68,25,3.632804236985976e-06,5.627597602142487e-06,0.3544662405139045,3.4940139812533744e-06,96,1,1,same_source_cyclic_next_latent,True
mixed_transfer,depablo_mixed_temp,68,50,2.8872252642031526e-06,1.578773844812531e-05,0.8171223019883516,5.922036052652402e-06,96,1,1,same_source_cyclic_next_latent,True
mixed_transfer,depablo_mixed_temp,68,75,4.430755325302016e-06,3.037540773220826e-05,0.854133469931865,1.4080813343753107e-05,96,1,1,same_source_cyclic_next_latent,True
mixed_transfer,depablo_mixed_temp,68,100,6.671063601970673e-06,5.9114165196660906e-05,0.8871494915004317,2.0431722077773884e-05,96,1,1,same_source_cyclic_next_latent,True
mixed_transfer,depablo_mixed_temp,68,125,6.724048489559209e-06,8.239176531787962e-05,0.9183893139852407,2.9751234251307324e-05,96,1,1,same_source_cyclic_next_latent,True
mixed_transfer,depablo_mixed_temp,68,149,8.759235242905561e-06,0.00011558266123756766,0.9242167021496251,4.2386120185256004e-05,96,1,1,same_source_cyclic_next_latent,True
mixed_transfer,depablo_mixed_temp,68,175,1.7122038116212934e-05,0.00017106324958149344,0.8999081441624543,7.070221181493253e-05,96,1,1,same_source_cyclic_next_latent,True
mixed_transfer,depablo_mixed_temp,68,199,2.609158582345117e-05,0.00021742821263615042,0.8799990787436889,9.735128696775064e-05,96,1,1,same_source_cyclic_next_latent,True
mixed_transfer,depablo_mixed_temp,96,0,5.202708166507364e-07,0.0,,4.830788924437002e-08,262,1,1,same_source_cyclic_next_latent,True
mixed_transfer,depablo_mixed_temp,96,5,2.1777602796646534e-06,1.7755693306753528e-06,-0.22651379590811227,1.661229021010513e-06,262,1,1,same_source_cyclic_next_latent,True
mixed_transfer,depablo_mixed_temp,96,10,1.8062137314700522e-06,1.988127678487217e-06,0.09150013300734527,1.7555239537614398e-06,262,1,1,same_source_cyclic_next_latent,True
mixed_transfer,depablo_mixed_temp,96,25,2.0251961814210517e-06,3.6336575703899143e-06,0.44265629267764617,2.5559941150277155e-06,262,1,1,same_source_cyclic_next_latent,True
mixed_transfer,depablo_mixed_temp,96,50,2.092818704113597e-06,1.0712924449762795e-05,0.8046454342203508,1.8147607079299632e-06,262,1,1,same_source_cyclic_next_latent,True
mixed_transfer,depablo_mixed_temp,96,75,2.494941327313427e-06,2.5437306248932146e-05,0.901918021393552,5.723428785131546e-06,262,1,1,same_source_cyclic_next_latent,True
mixed_transfer,depablo_mixed_temp,96,100,2.1247644781396957e-06,4.0724535210756585e-05,0.9478259366953197,3.062246832996607e-06,262,1,1,same_source_cyclic_next_latent,True
mixed_transfer,depablo_mixed_temp,96,125,3.0551211693818914e-06,6.520055467262864e-05,0.9531427119796507,5.852471076650545e-06,262,1,1,same_source_cyclic_next_latent,True
mixed_transfer,depablo_mixed_temp,96,149,2.5399574496987043e-06,9.046640479937196e-05,0.97192374942575,7.734193786745891e-06,262,1,1,same_source_cyclic_next_latent,True
mixed_transfer,depablo_mixed_temp,96,175,3.790773462242214e-06,0.00012494108523242176,0.9696595122798043,1.2494106158555951e-05,262,1,1,same_source_cyclic_next_latent,True
mixed_transfer,depablo_mixed_temp,96,199,4.164524852967588e-06,0.0001630225160624832,0.9744542965379616,1.397136293235235e-05,262,1,1,same_source_cyclic_next_latent,True
mixed_transfer,depablo_mixed_temp,262,0,9.577586013165273e-08,0.0,,6.44969020413555e-08,70,1,1,same_source_cyclic_next_latent,True
mixed_transfer,depablo_mixed_temp,262,5,2.9830138373654336e-05,3.000729702762328e-05,0.00590385244648528,2.964219675050117e-05,70,1,1,same_source_cyclic_next_latent,True
mixed_transfer,depablo_mixed_temp,262,10,2.756763933575712e-05,2.804812538670376e-05,0.01713077235366367,2.755546483967919e-05,70,1,1,same_source_cyclic_next_latent,True
mixed_transfer,depablo_mixed_temp,262,25,3.074928463320248e-05,3.341671254020184e-05,0.07982316943326861,2.9367614843067713e-05,70,1,1,same_source_cyclic_next_latent,True
mixed_transfer,depablo_mixed_temp,262,50,3.3497242839075625e-05,4.543422983260825e-05,0.2627311398809147,3.349722101120278e-05,70,1,1,same_source_cyclic_next_latent,True
mixed_transfer,depablo_mixed_temp,262,75,3.154598016408272e-05,5.0519352953415364e-05,0.3755664251446029,3.218122583348304e-05,70,1,1,same_source_cyclic_next_latent,True
mixed_transfer,depablo_mixed_temp,262,100,3.576140443328768e-05,7.402702613035217e-05,0.5169142095440062,3.744244895642623e-05,70,1,1,same_source_cyclic_next_latent,True
mixed_transfer,depablo_mixed_temp,262,125,3.526095315464772e-05,8.881043322617188e-05,0.6029638424930401,3.684472540044226e-05,70,1,1,same_source_cyclic_next_latent,True
mixed_transfer,depablo_mixed_temp,262,149,6.202832446433604e-05,0.00013079402560833842,0.5257556744214043,4.623384302249178e-05,70,1,1,same_source_cyclic_next_latent,True
mixed_transfer,depablo_mixed_temp,262,175,4.040472413180396e-05,0.00015667513071093708,0.7421114381812772,3.599217234295793e-05,70,1,1,same_source_cyclic_next_latent,True
mixed_transfer,depablo_mixed_temp,262,199,3.6677709431387484e-05,0.00018418519175611436,0.8008650473923352,3.969134922954254e-05,70,1,1,same_source_cyclic_next_latent,True
mixed_transfer,depablo_mixed_temp,70,0,5.595381580292269e-08,0.0,,2.0902417929846706e-07,78,1,1,same_source_cyclic_next_latent,True
mixed_transfer,depablo_mixed_temp,70,5,1.2209712849653442e-06,1.34399056150869e-06,0.09153284261553973,1.4122281299933093e-06,78,1,1,same_source_cyclic_next_latent,True
mixed_transfer,depablo_mixed_temp,70,10,1.3060970331935096e-06,1.8160093304686598e-06,0.2807872672898418,1.3399122735791025e-06,78,1,1,same_source_cyclic_next_latent,True
mixed_transfer,depablo_mixed_temp,70,25,1.1351588682373404e-06,3.822250619123224e-06,0.7030129676588995,1.2211786497573485e-06,78,1,1,same_source_cyclic_next_latent,True
mixed_transfer,depablo_mixed_temp,70,50,1.047713908519654e-06,1.149375930253882e-05,0.9088449757001412,1.203591864396003e-06,78,1,1,same_source_cyclic_next_latent,True
mixed_transfer,depablo_mixed_temp,70,75,1.3657603403771645e-06,2.6700765374698676e-05,0.9488493935956105,1.918592943184194e-06,78,1,1,same_source_cyclic_next_latent,True
mixed_transfer,depablo_mixed_temp,70,100,1.5454426147698541e-06,4.5999360736459494e-05,0.9664029545187804,2.598686478449963e-06,78,1,1,same_source_cyclic_next_latent,True
mixed_transfer,depablo_mixed_temp,70,125,2.214838104919181e-06,6.957071309443563e-05,0.9681642172919408,3.265376108174678e-06,78,1,1,same_source_cyclic_next_latent,True
mixed_transfer,depablo_mixed_temp,70,149,1.8145833564631175e-06,9.833231888478622e-05,0.9815464195592781,2.8588988243427593e-06,78,1,1,same_source_cyclic_next_latent,True
mixed_transfer,depablo_mixed_temp,70,175,2.0412953745108098e-06,0.00013775291154161096,0.9851814720163341,2.6311231522413436e-06,78,1,1,same_source_cyclic_next_latent,True
mixed_transfer,depablo_mixed_temp,70,199,2.9278462534421124e-06,0.00017585520981810987,0.9833508131122732,3.3232092846446903e-06,78,1,1,same_source_cyclic_next_latent,True
mixed_transfer,depablo_mixed_temp,78,0,1.7297729471010825e-07,0.0,,4.709551831183489e-06,44,1,1,same_source_cyclic_next_latent,True
mixed_transfer,depablo_mixed_temp,78,5,1.5569307834084611e-06,1.4125503184914123e-06,-0.10221261715564611,6.104704880272038e-06,44,1,1,same_source_cyclic_next_latent,True
mixed_transfer,depablo_mixed_temp,78,10,1.1011927654180909e-06,1.781855075932981e-06,0.3819964483691215,4.6272621148091275e-06,44,1,1,same_source_cyclic_next_latent,True
mixed_transfer,depablo_mixed_temp,78,25,1.5482082744711079e-06,3.92146057492937e-06,0.6051960118204189,5.3206108532322105e-06,44,1,1,same_source_cyclic_next_latent,True
mixed_transfer,depablo_mixed_temp,78,50,1.482996253798774e-06,1.2238961971888784e-05,0.8788298993652393,1.3094350833853241e-05,44,1,1,same_source_cyclic_next_latent,True
mixed_transfer,depablo_mixed_temp,78,75,1.7269780983042438e-06,2.4325721824425273e-05,0.9290060903117704,2.55938994087046e-05,44,1,1,same_source_cyclic_next_latent,True
mixed_transfer,depablo_mixed_temp,78,100,1.9341141523909755e-06,4.797106157639064e-05,0.9596816478761674,4.06097860832233e-05,44,1,1,same_source_cyclic_next_latent,True
mixed_transfer,depablo_mixed_temp,78,125,2.1388157165347366e-06,6.928451330168173e-05,0.9691299597181002,6.235442560864612e-05,44,1,1,same_source_cyclic_next_latent,True
mixed_transfer,depablo_mixed_temp,78,149,2.3388315639749635e-06,9.965606295736507e-05,0.9765309656575981,9.337982191937044e-05,44,1,1,same_source_cyclic_next_latent,True
mixed_transfer,depablo_mixed_temp,78,175,2.5202177766914247e-06,0.00013577769277617335,0.9814386463257558,0.0001471674331696704,44,1,1,same_source_cyclic_next_latent,True
mixed_transfer,depablo_mixed_temp,78,199,3.6292519780545263e-06,0.00017324589134659618,0.979051439835916,0.00021141894103493541,44,1,1,same_source_cyclic_next_latent,True
mixed_transfer,depablo_mixed_temp,44,0,3.4942033835250186e-06,0.0,,1.3417896980172372e-06,36,1,1,same_source_cyclic_next_latent,True
mixed_transfer,depablo_mixed_temp,44,5,3.447862582106609e-06,3.781680391057307e-07,-8.11727651617495,9.329675663138914e-07,36,1,1,same_source_cyclic_next_latent,True
mixed_transfer,depablo_mixed_temp,44,10,2.9951604574307567e-06,6.340637810353655e-07,-3.723752636587988,6.626410140597727e-07,36,1,1,same_source_cyclic_next_latent,True
mixed_transfer,depablo_mixed_temp,44,25,2.0913557818857953e-06,2.970265768453828e-06,0.295902809742695,6.332232374006708e-07,36,1,1,same_source_cyclic_next_latent,True
mixed_transfer,depablo_mixed_temp,44,50,3.970167654188117e-06,1.2383442481223028e-05,0.6793970933197235,1.890410999294545e-06,36,1,1,same_source_cyclic_next_latent,True
mixed_transfer,depablo_mixed_temp,44,75,5.3254893828125205e-06,2.688998392841313e-05,0.8019526751302601,3.6475264550972497e-06,36,1,1,same_source_cyclic_next_latent,True
mixed_transfer,depablo_mixed_temp,44,100,7.318592906813137e-06,4.955984331900254e-05,0.8523281669858105,6.1313435253396165e-06,36,1,1,same_source_cyclic_next_latent,True
mixed_transfer,depablo_mixed_temp,44,125,1.0341125744162127e-05,7.413839921355247e-05,0.8605159289402114,9.206637514580507e-06,36,1,1,same_source_cyclic_next_latent,True
mixed_transfer,depablo_mixed_temp,44,149,1.6269392290269025e-05,0.00010949795978376642,0.8514183065840005,1.428938685421599e-05,36,1,1,same_source_cyclic_next_latent,True
mixed_transfer,depablo_mixed_temp,44,175,2.897820195357781e-05,0.00015169796824920923,0.808974356822153,2.2724172595189884e-05,36,1,1,same_source_cyclic_next_latent,True
mixed_transfer,depablo_mixed_temp,44,199,5.19482018717099e-05,0.00019818956207018346,0.7378862876072462,3.425366958254017e-05,36,1,1,same_source_cyclic_next_latent,True
mixed_transfer,depablo_mixed_temp,36,0,1.8736810716291075e-06,0.0,,4.65285268091975e-07,39,1,1,same_source_cyclic_next_latent,True
mixed_transfer,depablo_mixed_temp,36,5,1.2285879620321793e-06,3.3019685474755534e-07,-2.720774272581939,5.121698336552072e-07,39,1,1,same_source_cyclic_next_latent,True
mixed_transfer,depablo_mixed_temp,36,10,8.854264592628169e-07,8.42837948766828e-07,-0.050529891965947815,6.398406071639329e-07,39,1,1,same_source_cyclic_next_latent,True
mixed_transfer,depablo_mixed_temp,36,25,7.011605589468672e-07,3.554258228177787e-06,0.8027266129995452,1.469896574235463e-06,39,1,1,same_source_cyclic_next_latent,True
mixed_transfer,depablo_mixed_temp,36,50,1.776105023054697e-06,1.4621562513639219e-05,0.8785283705898108,5.278969638311537e-06,39,1,1,same_source_cyclic_next_latent,True
mixed_transfer,depablo_mixed_temp,36,75,3.918371021427447e-06,3.327914600959048e-05,0.8822574647709337,1.1681510841299314e-05,39,1,1,same_source_cyclic_next_latent,True
mixed_transfer,depablo_mixed_temp,36,100,6.547043994942214e-06,5.905385114601813e-05,0.8891343431818898,1.967364369193092e-05,39,1,1,same_source_cyclic_next_latent,True
mixed_transfer,depablo_mixed_temp,36,125,1.0172096153837629e-05,9.289666195400059e-05,0.8905009508428352,3.0048855478526093e-05,39,1,1,same_source_cyclic_next_latent,True
mixed_transfer,depablo_mixed_temp,36,149,1.3121599295118358e-05,0.0001317297574132681,0.9003900139741947,4.235100277583115e-05,39,1,1,same_source_cyclic_next_latent,True
mixed_transfer,depablo_mixed_temp,36,175,1.7964128346648067e-05,0.0001856548187788576,0.9032390946553022,6.002081136102788e-05,39,1,1,same_source_cyclic_next_latent,True
mixed_transfer,depablo_mixed_temp,36,199,2.323588341823779e-05,0.00023682504252064973,0.901885868272517,7.426299998769537e-05,39,1,1,same_source_cyclic_next_latent,True
mixed_transfer,depablo_mixed_temp,39,0,5.577384172283928e-07,0.0,,1.087839450519823e-06,268,1,1,same_source_cyclic_next_latent,True
mixed_transfer,depablo_mixed_temp,39,5,4.052360225159646e-07,2.2900907481471222e-07,-0.7695194954341216,4.199795966997044e-06,268,1,1,same_source_cyclic_next_latent,True
mixed_transfer,depablo_mixed_temp,39,10,3.5706821677194966e-07,5.392316211327852e-07,0.33782033030288117,2.8387597922119312e-05,268,1,1,same_source_cyclic_next_latent,True
mixed_transfer,depablo_mixed_temp,39,25,2.306567381538116e-07,2.620684426801745e-06,0.9119860690608588,4.8572555897408165e-06,268,1,1,same_source_cyclic_next_latent,True
mixed_transfer,depablo_mixed_temp,39,50,4.6601761027886823e-07,1.0089373063237872e-05,0.9538110438222497,5.8859997807303444e-05,268,1,1,same_source_cyclic_next_latent,True
mixed_transfer,depablo_mixed_temp,39,75,8.955414614320034e-07,2.215639869973529e-05,0.9595809105275442,2.192797910538502e-05,268,1,1,same_source_cyclic_next_latent,True
mixed_transfer,depablo_mixed_temp,39,100,1.1569643447728595e-06,4.0103928768076e-05,0.9711508478018782,1.5946005078149028e-05,268,1,1,same_source_cyclic_next_latent,True
mixed_transfer,depablo_mixed_temp,39,125,1.6673558320690063e-06,6.175228190841153e-05,0.9729992839043267,6.29578935331665e-05,268,1,1,same_source_cyclic_next_latent,True
mixed_transfer,depablo_mixed_temp,39,149,2.264050635858439e-06,8.764490485191345e-05,0.9741679149554235,0.00016205405700020492,268,1,1,same_source_cyclic_next_latent,True
mixed_transfer,depablo_mixed_temp,39,175,3.15735678668716e-06,0.00012142759078415111,0.9739980282380826,0.00011355535389157012,268,1,1,same_source_cyclic_next_latent,True
mixed_transfer,depablo_mixed_temp,39,199,4.509459358814638e-06,0.00015619987971149385,0.9711301995421268,0.00019529352721292526,268,1,1,same_source_cyclic_next_latent,True
