split,source,original_index,frame,coordinate_mse,zero_displacement_mse,explained_displacement_score,shuffled_same_source_coordinate_mse,shuffled_original_index,valid,total,control,transfer_only
train,reid,60,0,3.1223243013300817e-07,0.0,,7.736263540891741e-08,45,1,1,same_source_cyclic_next_latent,False
train,reid,60,5,2.0702499625713244e-07,9.641969000995232e-08,-1.1471236449294078,2.4194243053443643e-08,45,1,1,same_source_cyclic_next_latent,False
train,reid,60,10,2.0057805727446976e-07,3.9934545270625676e-07,0.49773296298929615,5.696499272289657e-08,45,1,1,same_source_cyclic_next_latent,False
train,reid,60,25,6.086763164603326e-07,2.613964852571371e-06,0.7671444144087958,5.948020316282054e-07,45,1,1,same_source_cyclic_next_latent,False
train,reid,60,50,2.7542146199266426e-06,1.078044169844361e-05,0.74451746069697,2.5757838102435926e-06,45,1,1,same_source_cyclic_next_latent,False
train,reid,60,75,6.939698778296588e-06,2.4720842702663504e-05,0.7192774185829481,5.8241034821548965e-06,45,1,1,same_source_cyclic_next_latent,False
train,reid,60,100,1.2373102435958572e-05,4.460650961846113e-05,0.7226166642090786,1.077299293683609e-05,45,1,1,same_source_cyclic_next_latent,False
train,reid,60,125,1.8641503629623912e-05,7.057588663883507e-05,0.7358658244703334,1.7835824110079557e-05,45,1,1,same_source_cyclic_next_latent,False
train,reid,60,149,2.6010429792222567e-05,0.00010132297029485926,0.7432918743249453,2.690672772587277e-05,45,1,1,same_source_cyclic_next_latent,False
train,reid,60,175,3.587241008062847e-05,0.00014116728561930358,0.7458872293020615,3.92965339415241e-05,45,1,1,same_source_cyclic_next_latent,False
train,reid,60,199,4.6794495574431494e-05,0.00018406144226901233,0.7457669841245747,5.283744394546375e-05,45,1,1,same_source_cyclic_next_latent,False
train,reid,45,0,1.2599424792369973e-07,0.0,,3.2163129048967676e-07,43,1,1,same_source_cyclic_next_latent,False
train,reid,45,5,5.813556569478351e-08,1.0940514982848981e-07,0.46862130543287617,2.2218161177534057e-07,43,1,1,same_source_cyclic_next_latent,False
train,reid,45,10,5.925824808628022e-08,4.6404014142353844e-07,0.8722993060374187,2.2623929396559106e-07,43,1,1,same_source_cyclic_next_latent,False
train,reid,45,25,4.07116857559231e-07,3.1349377422884572e-06,0.8701355844910522,8.706541052561079e-07,43,1,1,same_source_cyclic_next_latent,False
train,reid,45,50,1.7752356598066399e-06,1.3438479982141871e-05,0.8678990732459537,4.152647306909785e-06,43,1,1,same_source_cyclic_next_latent,False
train,reid,45,75,4.121264282730408e-06,3.1573268643114716e-05,0.869469824954942,1.0802196811710019e-05,43,1,1,same_source_cyclic_next_latent,False
train,reid,45,100,7.935574103612453e-06,5.785295434179716e-05,0.8628319989204213,2.1589090465568006e-05,43,1,1,same_source_cyclic_next_latent,False
train,reid,45,125,1.3635291907121427e-05,9.246835543308407e-05,0.8525409926102905,3.653154635685496e-05,43,1,1,same_source_cyclic_next_latent,False
train,reid,45,149,2.1400566765805706e-05,0.00013366823259275407,0.8398978848549106,5.449159652926028e-05,43,1,1,same_source_cyclic_next_latent,False
train,reid,45,175,3.265485793235712e-05,0.00018724941764958203,0.8256076929784245,7.806148641975597e-05,43,1,1,same_source_cyclic_next_latent,False
train,reid,45,199,4.539574001682922e-05,0.00024507357738912106,0.8147668936796433,0.00010393002594355494,43,1,1,same_source_cyclic_next_latent,False
train,reid,43,0,2.66666319248543e-07,0.0,,4.3890974410487615e-08,73,1,1,same_source_cyclic_next_latent,False
train,reid,43,5,1.268477802796042e-07,1.0691530860640341e-07,-0.18643234475036596,9.73118474689727e-09,73,1,1,same_source_cyclic_next_latent,False
train,reid,43,10,4.7005137560063304e-08,4.3156654783160775e-07,0.8910825276049799,5.104315548010163e-08,73,1,1,same_source_cyclic_next_latent,False
train,reid,43,25,5.8346461884184464e-08,2.7168591714143986e-06,0.9785242965487205,4.839157554670237e-07,73,1,1,same_source_cyclic_next_latent,False
train,reid,43,50,2.98430848033604e-07,1.0897718311753124e-05,0.9726152906969757,1.4210601193553885e-06,73,1,1,same_source_cyclic_next_latent,False
train,reid,43,75,3.645737649549119e-07,2.4548364308429882e-05,0.9851487553152485,1.777752459020121e-06,73,1,1,same_source_cyclic_next_latent,False
train,reid,43,100,4.203883179343393e-07,4.367970905150287e-05,0.990375661215173,1.6202170627366286e-06,73,1,1,same_source_cyclic_next_latent,False
train,reid,43,125,6.421836360459565e-07,6.829092308180407e-05,0.990596354433858,1.4770882899028948e-06,73,1,1,same_source_cyclic_next_latent,False
train,reid,43,149,9.812681582843652e-07,9.707405115477741e-05,0.989891550351393,1.6078887483672588e-06,73,1,1,same_source_cyclic_next_latent,False
train,reid,43,175,1.448348371013708e-06,0.000133975685457699,0.9891894684765692,2.0590771327988477e-06,73,1,1,same_source_cyclic_next_latent,False
train,reid,43,199,1.9986596271337476e-06,0.00017330388072878122,0.9884673117605391,2.7153714654559735e-06,73,1,1,same_source_cyclic_next_latent,False
train,reid,73,0,5.1456058969279184e-08,0.0,,4.2932359178848856e-07,85,1,1,same_source_cyclic_next_latent,False
train,reid,73,5,1.1373861852348455e-08,1.0321873844532092e-07,0.8898081683262032,2.692754605959635e-07,85,1,1,same_source_cyclic_next_latent,False
train,reid,73,10,3.5370138817825136e-08,4.1087471913670015e-07,0.9139150276947137,1.7147962694252783e-07,85,1,1,same_source_cyclic_next_latent,False
train,reid,73,25,3.4198347975689103e-07,2.558030018917634e-06,0.8663098254407535,1.6306191241710621e-07,85,1,1,same_source_cyclic_next_latent,False
train,reid,73,50,9.028497629515186e-07,1.0220051990472712e-05,0.9116589853169857,8.281604095827788e-07,85,1,1,same_source_cyclic_next_latent,False
train,reid,73,75,8.970289968601719e-07,2.298522122146096e-05,0.9609736626757966,2.2494900804304052e-06,85,1,1,same_source_cyclic_next_latent,False
train,reid,73,100,5.978607191536867e-07,4.0849776269169524e-05,0.9853644065217338,4.608989002008457e-06,85,1,1,same_source_cyclic_next_latent,False
train,reid,73,125,5.01254703522136e-07,6.38140772935003e-05,0.9921450763721504,8.06711341283517e-06,85,1,1,same_source_cyclic_next_latent,False
train,reid,73,149,6.696761829516618e-07,9.065200720215216e-05,0.9926126712069563,1.2499929653131403e-05,85,1,1,same_source_cyclic_next_latent,False
train,reid,73,175,1.0173944247071631e-06,0.0001250171335414052,0.9918619600698955,1.8724675101111643e-05,85,1,1,same_source_cyclic_next_latent,False
train,reid,73,199,1.450295144422853e-06,0.0001616336521692574,0.99102726984784,2.6079143935930915e-05,85,1,1,same_source_cyclic_next_latent,False
train,reid,85,0,4.1515724547025457e-07,0.0,,4.6599024017268675e-07,60,1,1,same_source_cyclic_next_latent,False
train,reid,85,5,2.7821454295917647e-07,9.90699291492092e-08,-1.8082642770457382,3.5378482721171167e-07,60,1,1,same_source_cyclic_next_latent,False
train,reid,85,10,1.951641905861834e-07,4.059011473600549e-07,0.5191829541367055,3.1235123287842725e-07,60,1,1,same_source_cyclic_next_latent,False
train,reid,85,25,2.0816582946281414e-07,2.6302745936845895e-06,0.9208577576034723,4.578002119615121e-07,60,1,1,same_source_cyclic_next_latent,False
train,reid,85,50,7.726181934231136e-07,1.072301711246837e-05,0.9279476862417072,1.8144285149901407e-06,60,1,1,same_source_cyclic_next_latent,False
train,reid,85,75,1.7453370446673944e-06,2.430160930089187e-05,0.928180186626433,4.89943022330408e-06,60,1,1,same_source_cyclic_next_latent,False
train,reid,85,100,3.1189542823995e-06,4.336205529398285e-05,0.9280718069922229,8.299778528453317e-06,60,1,1,same_source_cyclic_next_latent,False
train,reid,85,125,4.886934220849071e-06,6.791073246859014e-05,0.928038852723178,1.1107371392427012e-05,60,1,1,same_source_cyclic_next_latent,False
train,reid,85,149,6.9713505581603386e-06,9.663699165685102e-05,0.9278604348227751,1.41873579195817e-05,60,1,1,same_source_cyclic_next_latent,False
train,reid,85,175,9.858438716037199e-06,0.0001334734115516767,0.9261393066871575,1.9094624803983606e-05,60,1,1,same_source_cyclic_next_latent,False
train,reid,85,199,1.3387782018980943e-05,0.00017275374557357281,0.9225036656974867,2.5727053071022965e-05,60,1,1,same_source_cyclic_next_latent,False
train,depablo_low_temp,99,0,1.0677517821022775e-06,0.0,,1.88122203326202e-06,145,1,1,same_source_cyclic_next_latent,False
train,depablo_low_temp,99,5,8.049224220485485e-07,1.005318210900441e-07,-7.006643203325616,1.4798658867221093e-06,145,1,1,same_source_cyclic_next_latent,False
train,depablo_low_temp,99,10,5.811821210954804e-07,4.115541969440528e-07,-0.41216424327823575,1.1197304274901398e-06,145,1,1,same_source_cyclic_next_latent,False
train,depablo_low_temp,99,25,2.444356255182356e-07,2.6255513603246072e-06,0.906901221125602,6.597554147447227e-07,145,1,1,same_source_cyclic_next_latent,False
train,depablo_low_temp,99,50,3.881832242313976e-07,1.0610699973767623e-05,0.9634158702827254,1.346038175142894e-06,145,1,1,same_source_cyclic_next_latent,False
train,depablo_low_temp,99,75,8.988891977423918e-07,2.4012397261685692e-05,0.9625656202524742,3.274310984124895e-06,145,1,1,same_source_cyclic_next_latent,False
train,depablo_low_temp,99,100,1.5686500773881562e-06,4.2894575017271563e-05,0.963430105630921,5.981994945614133e-06,145,1,1,same_source_cyclic_next_latent,False
train,depablo_low_temp,99,125,2.4718519853195176e-06,6.73249815008603e-05,0.9632847728998198,9.37490494834492e-06,145,1,1,same_source_cyclic_next_latent,False
train,depablo_low_temp,99,149,3.7617699035763508e-06,9.607322863303125e-05,0.9608447643833736,1.3550322364608292e-05,145,1,1,same_source_cyclic_next_latent,False
train,depablo_low_temp,99,175,5.9533267631195486e-06,0.00013315709657035768,0.9552909539449599,1.923353374877479e-05,145,1,1,same_source_cyclic_next_latent,False
train,depablo_low_temp,99,199,9.046789273270406e-06,0.00017297302838414907,0.9476982662685495,2.562877125455998e-05,145,1,1,same_source_cyclic_next_latent,False
train,depablo_low_temp,145,0,2.294536216140841e-06,0.0,,2.0210989077895647e-06,7,1,1,same_source_cyclic_next_latent,False
train,depablo_low_temp,145,5,1.8780052641886869e-06,1.0263002536703425e-07,-17.298789827561713,1.7364822042509331e-06,7,1,1,same_source_cyclic_next_latent,False
train,depablo_low_temp,145,10,1.5138034541450907e-06,4.3361850998735463e-07,-2.491095096907272,1.5370309256468317e-06,7,1,1,same_source_cyclic_next_latent,False
train,depablo_low_temp,145,25,1.0651694992702687e-06,2.8988624762860127e-06,0.6325560429362103,1.5336693195422413e-06,7,1,1,same_source_cyclic_next_latent,False
train,depablo_low_temp,145,50,1.7231996025657281e-06,1.2047797099512536e-05,0.856969735767259,3.152333192701917e-06,7,1,1,same_source_cyclic_next_latent,False
train,depablo_low_temp,145,75,3.313264187454479e-06,2.75988695648266e-05,0.8799492790937687,6.3325787778012455e-06,7,1,1,same_source_cyclic_next_latent,False
train,depablo_low_temp,145,100,5.384253199736122e-06,4.965141852153465e-05,0.8915589250002821,1.0709968591982033e-05,7,1,1,same_source_cyclic_next_latent,False
train,depablo_low_temp,145,125,7.964400538185146e-06,7.831659604562446e-05,0.8983050727390479,1.6120486179715954e-05,7,1,1,same_source_cyclic_next_latent,False
train,depablo_low_temp,145,149,1.1115012057416607e-05,0.00011215145786991343,0.9008928437621461,2.238262095488608e-05,7,1,1,same_source_cyclic_next_latent,False
train,depablo_low_temp,145,175,1.5281051673809998e-05,0.0001558988878969103,0.9019810091017793,3.070536331506446e-05,7,1,1,same_source_cyclic_next_latent,False
train,depablo_low_temp,145,199,1.985841845453251e-05,0.00020291323016863316,0.9021334467051312,4.009472468169406e-05,7,1,1,same_source_cyclic_next_latent,False
train,depablo_low_temp,7,0,1.2496037697928841e-06,0.0,,3.839379658643338e-08,133,1,1,same_source_cyclic_next_latent,False
train,depablo_low_temp,7,5,9.309783877142763e-07,1.011753809621041e-07,-8.201629673754136,3.442684715082578e-08,133,1,1,same_source_cyclic_next_latent,False
train,depablo_low_temp,7,10,6.666165290880599e-07,4.1584544874240237e-07,-0.6030391365446901,1.2324211695613485e-07,133,1,1,same_source_cyclic_next_latent,False
train,depablo_low_temp,7,25,2.7981715788882866e-07,2.653020374054904e-06,0.8945288318833552,8.715792318980675e-07,133,1,1,same_source_cyclic_next_latent,False
train,depablo_low_temp,7,50,5.746815077145584e-07,1.0714314157667104e-05,0.9463632016704197,3.2443385862279683e-06,133,1,1,same_source_cyclic_next_latent,False
train,depablo_low_temp,7,75,1.5726001265647938e-06,2.4235781893366948e-05,0.9351124657960717,6.847742952231783e-06,133,1,1,same_source_cyclic_next_latent,False
train,depablo_low_temp,7,100,3.1557617603539256e-06,4.327576607465744e-05,0.9270778533438381,1.2304639312787913e-05,133,1,1,same_source_cyclic_next_latent,False
train,depablo_low_temp,7,125,5.589646207226906e-06,6.790105544496328e-05,0.9176795386964558,2.029928145930171e-05,133,1,1,same_source_cyclic_next_latent,False
train,depablo_low_temp,7,149,9.164313269138802e-06,9.687045530881733e-05,0.9053961990792393,3.076818757108413e-05,133,1,1,same_source_cyclic_next_latent,False
train,depablo_low_temp,7,175,1.4873699910822324e-05,0.0001342045870842412,0.8891714490989343,4.553923645289615e-05,133,1,1,same_source_cyclic_next_latent,False
train,depablo_low_temp,7,199,2.2086756871431135e-05,0.0001742498279782012,0.8732466073126097,6.23887826805003e-05,133,1,1,same_source_cyclic_next_latent,False
train,depablo_low_temp,133,0,3.500768741560023e-08,0.0,,3.0576240988011705e-06,198,1,1,same_source_cyclic_next_latent,False
train,depablo_low_temp,133,5,1.0352907864330518e-08,1.0488408719311337e-07,0.9012919105138545,2.7066341772297164e-06,198,1,1,same_source_cyclic_next_latent,False
train,depablo_low_temp,133,10,2.3535486448622578e-08,4.206289361263771e-07,0.9440469153992026,2.42195733335393e-06,198,1,1,same_source_cyclic_next_latent,False
train,depablo_low_temp,133,25,1.6081962428415864e-07,2.6371496915089665e-06,0.9390176352893573,2.389085921095102e-06,198,1,1,same_source_cyclic_next_latent,False
train,depablo_low_temp,133,50,2.504398537439556e-07,1.056383189279586e-05,0.9762927073920263,5.191384843783453e-06,198,1,1,same_source_cyclic_next_latent,False
train,depablo_low_temp,133,75,2.2314156922220718e-07,2.3784537916071713e-05,0.990618208770353,1.2199875527585391e-05,198,1,1,same_source_cyclic_next_latent,False
train,depablo_low_temp,133,100,5.402837928158988e-07,4.23004494223278e-05,0.9872274692067287,2.3378883270197548e-05,198,1,1,same_source_cyclic_next_latent,False
train,depablo_low_temp,133,125,1.0740275229181862e-06,6.611568096559495e-05,0.9837553284299214,3.7447462091222405e-05,198,1,1,same_source_cyclic_next_latent,False
train,depablo_low_temp,133,149,1.6204628536797827e-06,9.396969107910991e-05,0.9827554732268347,5.3829360695090145e-05,198,1,1,same_source_cyclic_next_latent,False
train,depablo_low_temp,133,175,2.445555765007157e-06,0.0001296565606025979,0.9811382026976415,7.582821126561612e-05,198,1,1,same_source_cyclic_next_latent,False
train,depablo_low_temp,133,199,3.667768169179908e-06,0.00016769676585681736,0.9781285694423498,9.994040738092735e-05,198,1,1,same_source_cyclic_next_latent,False
train,depablo_low_temp,198,0,2.1377400116762146e-06,0.0,,1.2557961781567428e-06,99,1,1,same_source_cyclic_next_latent,False
train,depablo_low_temp,198,5,1.7129605112131685e-06,1.0731390176488276e-07,-14.962149200074236,1.008965455184807e-06,99,1,1,same_source_cyclic_next_latent,False
train,depablo_low_temp,198,10,1.3316898730408866e-06,4.575125842620764e-07,-1.9107174728073844,8.338044494848873e-07,99,1,1,same_source_cyclic_next_latent,False
train,depablo_low_temp,198,25,7.687471565986925e-07,3.006710130648571e-06,0.7443228235530415,8.218730158660037e-07,99,1,1,same_source_cyclic_next_latent,False
train,depablo_low_temp,198,50,1.082871108337713e-06,1.2325030184001662e-05,0.9121404903540667,2.106513420585543e-06,99,1,1,same_source_cyclic_next_latent,False
train,depablo_low_temp,198,75,2.149237388948677e-06,2.8102962460252456e-05,0.9235227463300902,4.482548320083879e-06,99,1,1,same_source_cyclic_next_latent,False
train,depablo_low_temp,198,100,3.721471102835494e-06,5.048274033470079e-05,0.9262823080093885,7.660135452169925e-06,99,1,1,same_source_cyclic_next_latent,False
train,depablo_low_temp,198,125,5.844608494953718e-06,7.960081711644307e-05,0.9265760238817147,1.157948008767562e-05,99,1,1,same_source_cyclic_next_latent,False
train,depablo_low_temp,198,149,8.600727596785873e-06,0.00011402370728319511,0.9245707072527938,1.615241308172699e-05,99,1,1,same_source_cyclic_next_latent,False
train,depablo_low_temp,198,175,1.2526940736279357e-05,0.00015858883853070438,0.9210099471542947,2.2318527044262737e-05,99,1,1,same_source_cyclic_next_latent,False
train,depablo_low_temp,198,199,1.7090829715016298e-05,0.00020657408458646387,0.9172653735862848,2.9519178497139364e-05,99,1,1,same_source_cyclic_next_latent,False
train,lj_noisy,178,0,1.495104555715443e-07,0.0,,4.844555405725259e-07,199,1,1,same_source_cyclic_next_latent,False
train,lj_noisy,178,5,7.194533679921733e-08,8.898146575120336e-08,0.19145705016390602,3.539622923653951e-07,199,1,1,same_source_cyclic_next_latent,False
train,lj_noisy,178,10,5.0963620878974325e-08,3.5017228583456017e-07,0.8544612953663265,2.7276669811726606e-07,199,1,1,same_source_cyclic_next_latent,False
train,lj_noisy,178,25,2.864130692614708e-07,2.1434675545606297e-06,0.8663786309001631,4.086033129624411e-07,199,1,1,same_source_cyclic_next_latent,False
train,lj_noisy,178,50,1.5695821957706357e-06,8.785852514847647e-06,0.8213511787139471,1.923612444443279e-06,199,1,1,same_source_cyclic_next_latent,False
train,lj_noisy,178,75,4.119461209484143e-06,2.023533670580946e-05,0.796422403571794,5.461936325446004e-06,199,1,1,same_source_cyclic_next_latent,False
train,lj_noisy,178,100,7.821779945516028e-06,3.592209759517573e-05,0.7822571489654191,1.0475081580807455e-05,199,1,1,same_source_cyclic_next_latent,False
train,lj_noisy,178,125,1.2419482118275482e-05,5.6316977861570194e-05,0.7794717935894366,1.5681522199884057e-05,199,1,1,same_source_cyclic_next_latent,False
train,lj_noisy,178,149,1.6553829482290894e-05,8.071761840255931e-05,0.7949167751737578,1.9311162759549916e-05,199,1,1,same_source_cyclic_next_latent,False
train,lj_noisy,178,175,2.1231349819572642e-05,0.00011241415631957352,0.8111327744237506,2.2664164134766906e-05,199,1,1,same_source_cyclic_next_latent,False
train,lj_noisy,178,199,2.7119986043544486e-05,0.00014669761003460735,0.8151300076589754,2.660831160028465e-05,199,1,1,same_source_cyclic_next_latent,False
train,lj_noisy,199,0,3.95823889220992e-07,0.0,,2.3377155855541787e-07,42,1,1,same_source_cyclic_next_latent,False
train,lj_noisy,199,5,2.440791035951406e-07,9.910389309197853e-08,-1.4628609026348771,1.2674378524479835e-07,42,1,1,same_source_cyclic_next_latent,False
train,lj_noisy,199,10,1.5123505647807178e-07,4.1158244812322664e-07,0.6325522209032771,8.164091980233934e-08,42,1,1,same_source_cyclic_next_latent,False
train,lj_noisy,199,25,3.200138394277019e-07,2.667711441972642e-06,0.8800418087231101,3.283469425241492e-07,42,1,1,same_source_cyclic_next_latent,False
train,lj_noisy,199,50,1.8161034631702933e-06,1.0994632248184644e-05,0.8348190806045236,1.7751639234120375e-06,42,1,1,same_source_cyclic_next_latent,False
train,lj_noisy,199,75,5.000218152417801e-06,2.538395165174734e-05,0.803016558610818,4.979467576049501e-06,42,1,1,same_source_cyclic_next_latent,False
train,lj_noisy,199,100,1.037018319038907e-05,4.609454845194705e-05,0.7750236516320396,1.0356158782087732e-05,42,1,1,same_source_cyclic_next_latent,False
train,lj_noisy,199,125,1.6535035683773458e-05,7.323205500142649e-05,0.7742104098614825,1.639442598388996e-05,42,1,1,same_source_cyclic_next_latent,False
train,lj_noisy,199,149,2.2964051822782494e-05,0.00010478922195034102,0.7808548303406144,2.29896013479447e-05,42,1,1,same_source_cyclic_next_latent,False
train,lj_noisy,199,175,3.183758963132277e-05,0.00014562370779458433,0.781370835055013,3.259878940298222e-05,42,1,1,same_source_cyclic_next_latent,False
train,lj_noisy,199,199,4.29665669798851e-05,0.00019014337158296257,0.7740306873587854,4.4880667701363564e-05,42,1,1,same_source_cyclic_next_latent,False
train,lj_noisy,42,0,3.0399604611375253e-07,0.0,,8.742254067328759e-07,102,1,1,same_source_cyclic_next_latent,False
train,lj_noisy,42,5,1.994766165580586e-07,9.799599354209931e-08,-1.0355588973376033,7.248403903759026e-07,102,1,1,same_source_cyclic_next_latent,False
train,lj_noisy,42,10,1.3873075488390896e-07,4.02869886784174e-07,0.6556437712649643,6.107415515543835e-07,102,1,1,same_source_cyclic_next_latent,False
train,lj_noisy,42,25,2.4192891601160227e-07,2.6836687538889237e-06,0.9098514242262494,5.772467943643278e-07,102,1,1,same_source_cyclic_next_latent,False
train,lj_noisy,42,50,1.1917171605091426e-06,1.129412430600496e-05,0.8944834386252044,1.54008228037128e-06,102,1,1,same_source_cyclic_next_latent,False
train,lj_noisy,42,75,3.2745358566899085e-06,2.5744931917870417e-05,0.8728085252998108,3.6408175674296217e-06,102,1,1,same_source_cyclic_next_latent,False
train,lj_noisy,42,100,6.246731118153548e-06,4.618121238308959e-05,0.8647343628327752,6.6044754021277186e-06,102,1,1,same_source_cyclic_next_latent,False
train,lj_noisy,42,125,8.969683221948799e-06,7.250723137985915e-05,0.8762925703926358,9.342912562715355e-06,102,1,1,same_source_cyclic_next_latent,False
train,lj_noisy,42,149,1.1662044016702566e-05,0.0001034081433317624,0.8872231563109353,1.2097927537979558e-05,102,1,1,same_source_cyclic_next_latent,False
train,lj_noisy,42,175,1.585191421327181e-05,0.00014329282566905022,0.8893739854786348,1.6282339856843464e-05,102,1,1,same_source_cyclic_next_latent,False
train,lj_noisy,42,199,2.1400483092293143e-05,0.00018602452473714948,0.8849588078640073,2.1539006411330774e-05,102,1,1,same_source_cyclic_next_latent,False
train,lj_noisy,102,0,5.694672609024565e-07,0.0,,2.635691203067836e-07,99,1,1,same_source_cyclic_next_latent,False
train,lj_noisy,102,5,3.9200463675115316e-07,1.047859115033134e-07,-2.741005170707111,1.271447729322972e-07,99,1,1,same_source_cyclic_next_latent,False
train,lj_noisy,102,10,2.6393431085125485e-07,4.6877312342985533e-07,0.4369679112144138,8.578802379588524e-08,99,1,1,same_source_cyclic_next_latent,False
train,lj_noisy,102,25,3.956888292577787e-07,3.25413498103444e-06,0.878404297435752,6.637953333665791e-07,99,1,1,same_source_cyclic_next_latent,False
train,lj_noisy,102,50,1.894255092338426e-06,1.3549693903769366e-05,0.8601994180981855,3.1546824175165966e-06,99,1,1,same_source_cyclic_next_latent,False
train,lj_noisy,102,75,4.55451618108782e-06,3.12767515424639e-05,0.8543801399929838,6.5608896875346545e-06,99,1,1,same_source_cyclic_next_latent,False
train,lj_noisy,102,100,8.536644600098953e-06,5.606986815109849e-05,0.8477498720508101,1.0877847671508789e-05,99,1,1,same_source_cyclic_next_latent,False
train,lj_noisy,102,125,1.4545923477271572e-05,8.798276394372806e-05,0.8346730333844156,1.7122592907981016e-05,99,1,1,same_source_cyclic_next_latent,False
train,lj_noisy,102,149,2.2478081518784165e-05,0.00012481326120905578,0.8199063040173709,2.4944529286585748e-05,99,1,1,same_source_cyclic_next_latent,False
train,lj_noisy,102,175,3.341875344631262e-05,0.0001706574548734352,0.8041764218791556,3.4907021472463384e-05,99,1,1,same_source_cyclic_next_latent,False
train,lj_noisy,102,199,4.6281562390504405e-05,0.00021850221673958004,0.7881872180470156,4.6772216592216864e-05,99,1,1,same_source_cyclic_next_latent,False
train,lj_noisy,99,0,2.546865687236277e-07,0.0,,1.0982883225096884e-07,178,1,1,same_source_cyclic_next_latent,False
train,lj_noisy,99,5,1.3881358995604387e-07,8.34548146144698e-08,-0.6633383058522271,4.912996942607606e-08,178,1,1,same_source_cyclic_next_latent,False
train,lj_noisy,99,10,8.905553983140635e-08,3.481648036540719e-07,0.7442144096797051,5.5719585390079374e-08,178,1,1,same_source_cyclic_next_latent,False
train,lj_noisy,99,25,3.8804509472356585e-07,2.3629713723494206e-06,0.8357808734949903,4.981166625839251e-07,178,1,1,same_source_cyclic_next_latent,False
train,lj_noisy,99,50,1.8779322772388696e-06,9.879052413452882e-06,0.8099076511952119,2.177918531742762e-06,178,1,1,same_source_cyclic_next_latent,False
train,lj_noisy,99,75,4.224570147925988e-06,2.2769198039895855e-05,0.8144611795055865,4.739113592222566e-06,178,1,1,same_source_cyclic_next_latent,False
train,lj_noisy,99,100,8.058770617935807e-06,4.133538095629774e-05,0.8050394013192711,8.854780389810912e-06,178,1,1,same_source_cyclic_next_latent,False
train,lj_noisy,99,125,1.4232882676878944e-05,6.574357394129038e-05,0.7835091428161627,1.5424986486323178e-05,178,1,1,same_source_cyclic_next_latent,False
train,lj_noisy,99,149,2.2908572645974346e-05,9.555911674397066e-05,0.7602680578625192,2.4930621293606237e-05,178,1,1,same_source_cyclic_next_latent,False
train,lj_noisy,99,175,3.575597293092869e-05,0.0001350232632830739,0.7351865740648933,3.909806764568202e-05,178,1,1,same_source_cyclic_next_latent,False
train,lj_noisy,99,199,4.9267124268226326e-05,0.0001759650040185079,0.7200174856186492,5.3620922699337825e-05,178,1,1,same_source_cyclic_next_latent,False
validation,reid,41,0,1.3428598322207108e-07,0.0,,9.147594823843974e-07,49,1,1,same_source_cyclic_next_latent,False
validation,reid,41,5,7.232853960204011e-08,1.1149158041234841e-07,0.3512645588614398,8.273681260106969e-07,49,1,1,same_source_cyclic_next_latent,False
validation,reid,41,10,7.517947153701243e-08,4.7308003559010103e-07,0.841085089453761,8.567831741856935e-07,49,1,1,same_source_cyclic_next_latent,False
validation,reid,41,25,4.002523326107621e-07,3.1498402677243575e-06,0.8729293238415771,1.42418116411136e-06,49,1,1,same_source_cyclic_next_latent,False
validation,reid,41,50,1.8265884591528447e-06,1.3119908544467762e-05,0.860777348183341,4.000783974333899e-06,49,1,1,same_source_cyclic_next_latent,False
validation,reid,41,75,4.534065283223754e-06,3.0207520467229187e-05,0.8499027655003143,8.18765602161875e-06,49,1,1,same_source_cyclic_next_latent,False
validation,reid,41,100,8.89475631993264e-06,5.462400440592319e-05,0.8371639645121269,1.2887417142337654e-05,49,1,1,same_source_cyclic_next_latent,False
validation,reid,41,125,1.5070756489876658e-05,8.655185956740752e-05,0.825875994285953,1.8196526070823893e-05,49,1,1,same_source_cyclic_next_latent,False
validation,reid,41,149,2.2998730855761096e-05,0.00012444172170944512,0.8151847263134138,2.5193403416778892e-05,49,1,1,same_source_cyclic_next_latent,False
validation,reid,41,175,3.4441411116858944e-05,0.00017371567082591355,0.8017368786989064,3.624338569352403e-05,49,1,1,same_source_cyclic_next_latent,False
validation,reid,41,199,4.820136382477358e-05,0.000227016702410765,0.7876748128533828,5.0275652029085904e-05,49,1,1,same_source_cyclic_next_latent,False
validation,reid,49,0,5.540384222513239e-07,0.0,,5.8899217947328e-07,25,1,1,same_source_cyclic_next_latent,False
validation,reid,49,5,4.2417855183884967e-07,1.0523766036385496e-07,-3.0306725783552153,4.46614080829022e-07,25,1,1,same_source_cyclic_next_latent,False
validation,reid,49,10,4.1168490838572325e-07,4.594179756622907e-07,0.10389899787389933,4.027926365779422e-07,25,1,1,same_source_cyclic_next_latent,False
validation,reid,49,25,1.0370232530476642e-06,3.2462357921758667e-06,0.6805459247454805,9.623986443330068e-07,25,1,1,same_source_cyclic_next_latent,False
validation,reid,49,50,4.353251370048383e-06,1.4092956007516477e-05,0.6911044519172147,4.446410912350984e-06,25,1,1,same_source_cyclic_next_latent,False
validation,reid,49,75,1.0294176718161907e-05,3.3031355997081846e-05,0.6883513737955128,1.1208512660232373e-05,25,1,1,same_source_cyclic_next_latent,False
validation,reid,49,100,1.849311411206145e-05,6.0234524426050484e-05,0.692981487140895,2.0192454030620866e-05,25,1,1,same_source_cyclic_next_latent,False
validation,reid,49,125,2.945622145489324e-05,9.579287143424153e-05,0.6925009031061993,3.20204344461672e-05,25,1,1,same_source_cyclic_next_latent,False
validation,reid,49,149,4.3530468246899545e-05,0.0001378952874802053,0.6843222923542743,4.72745559818577e-05,25,1,1,same_source_cyclic_next_latent,False
validation,reid,49,175,6.333932833513245e-05,0.00019256462110206485,0.6710749463082277,6.915003177709877e-05,25,1,1,same_source_cyclic_next_latent,False
validation,reid,49,199,8.603376045357436e-05,0.0002518006949685514,0.6583259610767971,9.570467955200002e-05,25,1,1,same_source_cyclic_next_latent,False
validation,reid,25,0,5.533722173822753e-07,0.0,,3.19502255763382e-08,93,1,1,same_source_cyclic_next_latent,False
validation,reid,25,5,4.227179601912212e-07,1.0530127525498756e-07,-3.0143669596366003,1.9137036844085742e-08,93,1,1,same_source_cyclic_next_latent,False
validation,reid,25,10,4.0124385236595117e-07,4.6677956788698793e-07,0.14039970904832666,1.558495341669186e-07,93,1,1,same_source_cyclic_next_latent,False
validation,reid,25,25,1.0514926316318451e-06,3.385780473763589e-06,0.6894386272884905,1.6626524939056253e-06,93,1,1,same_source_cyclic_next_latent,False
validation,reid,25,50,4.538168468570802e-06,1.4759227269678377e-05,0.6925199141086404,7.731613550276961e-06,93,1,1,same_source_cyclic_next_latent,False
validation,reid,25,75,1.0914355698332656e-05,3.434355676290579e-05,0.6822007757181059,1.812289519875776e-05,93,1,1,same_source_cyclic_next_latent,False
validation,reid,25,100,1.93175164895365e-05,6.215853500179946e-05,0.6892218182269375,3.3465930755482987e-05,93,1,1,same_source_cyclic_next_latent,False
validation,reid,25,125,3.0062783480389044e-05,9.824951848713681e-05,0.6940159713421397,5.4357802582671866e-05,93,1,1,same_source_cyclic_next_latent,False
validation,reid,25,149,4.281962901586667e-05,0.0001407447998644784,0.6957640420314128,7.968225691001862e-05,93,1,1,same_source_cyclic_next_latent,False
validation,reid,25,175,5.892682747798972e-05,0.00019554639584384859,0.698655517409561,0.00011283506319159642,93,1,1,same_source_cyclic_next_latent,False
validation,reid,25,199,7.650142651982605e-05,0.00025431934045627713,0.6991914717041416,0.00014873511099722236,93,1,1,same_source_cyclic_next_latent,False
validation,reid,93,0,7.704606019842686e-08,0.0,,2.786728998671606e-07,84,1,1,same_source_cyclic_next_latent,False
validation,reid,93,5,2.503457707803136e-08,1.0514619930290792e-07,0.7619069710174583,1.6814578884805087e-07,84,1,1,same_source_cyclic_next_latent,False
validation,reid,93,10,2.932322473725435e-08,4.2241856590408133e-07,0.930582538022458,1.144009047493455e-07,84,1,1,same_source_cyclic_next_latent,False
validation,reid,93,25,2.3965168338691e-07,2.6625341433828e-06,0.9099911323268787,2.2494876361633942e-07,84,1,1,same_source_cyclic_next_latent,False
validation,reid,93,50,5.743130486735026e-07,1.0701617611630354e-05,0.9463339964558865,9.356363648294064e-07,84,1,1,same_source_cyclic_next_latent,False
validation,reid,93,75,5.786311021438451e-07,2.4128486984409392e-05,0.9760187573088306,1.934136435011169e-06,84,1,1,same_source_cyclic_next_latent,False
validation,reid,93,100,7.941600870253751e-07,4.294652535463683e-05,0.9815081643865833,3.1564638902636943e-06,84,1,1,same_source_cyclic_next_latent,False
validation,reid,93,125,1.4874068483550218e-06,6.716716598020867e-05,0.977855149511693,4.655649263440864e-06,84,1,1,same_source_cyclic_next_latent,False
validation,reid,93,149,2.3889310796221253e-06,9.55089635681361e-05,0.9749873625430155,6.355787263601087e-06,84,1,1,same_source_cyclic_next_latent,False
validation,reid,93,175,3.4615161439432995e-06,0.0001318353315582499,0.9737436383477075,8.47275532578351e-06,84,1,1,same_source_cyclic_next_latent,False
validation,reid,93,199,4.5848337322240695e-06,0.00017057791410479695,0.9731217622381798,1.0729009773058351e-05,84,1,1,same_source_cyclic_next_latent,False
validation,reid,84,0,2.3057233988765802e-07,0.0,,2.531627387725166e-07,96,1,1,same_source_cyclic_next_latent,False
validation,reid,84,5,1.2494888323999476e-07,9.34500405946892e-08,-0.3370661205159031,1.4445343765601137e-07,96,1,1,same_source_cyclic_next_latent,False
validation,reid,84,10,6.39012540659678e-08,3.706644804424286e-07,0.8276035135880981,7.867862450439134e-08,96,1,1,same_source_cyclic_next_latent,False
validation,reid,84,25,6.703949395614472e-08,2.3013249119685497e-06,0.9708691747056267,5.1669573508661415e-08,96,1,1,same_source_cyclic_next_latent,False
validation,reid,84,50,3.471330956017482e-07,9.18923342396738e-06,0.9622239332068381,2.433421855130291e-07,96,1,1,same_source_cyclic_next_latent,False
validation,reid,84,75,6.770552545276587e-07,2.066570050374139e-05,0.9672377302475141,5.46137869150698e-07,96,1,1,same_source_cyclic_next_latent,False
validation,reid,84,100,1.0675760222511599e-06,3.673380706459284e-05,0.9709375066849475,1.0793601177283563e-06,96,1,1,same_source_cyclic_next_latent,False
validation,reid,84,125,1.6267750879706e-06,5.7396227930439636e-05,0.9716571080255981,1.9001445252797566e-06,96,1,1,same_source_cyclic_next_latent,False
validation,reid,84,149,2.3543732368125347e-06,8.155551040545106e-05,0.9711316473269822,2.845426934072748e-06,96,1,1,same_source_cyclic_next_latent,False
validation,reid,84,175,3.3512067147967173e-06,0.00011250645911786705,0.9702132060588109,3.9246565393114e-06,96,1,1,same_source_cyclic_next_latent,False
validation,reid,84,199,4.499370334087871e-06,0.0001454888260923326,0.9690741175460966,4.9954669520957395e-06,96,1,1,same_source_cyclic_next_latent,False
validation,reid,96,0,2.6830170440916845e-07,0.0,,3.165467603594152e-07,97,1,1,same_source_cyclic_next_latent,False
validation,reid,96,5,1.5280258480743214e-07,1.03322996380939e-07,-0.4788826317431607,1.9006722595804604e-07,97,1,1,same_source_cyclic_next_latent,False
validation,reid,96,10,8.400928663832019e-08,4.142063971812604e-07,0.7971801323928925,1.1470685024050908e-07,97,1,1,same_source_cyclic_next_latent,False
validation,reid,96,25,7.46322612599215e-08,2.595082605694188e-06,0.9712408918713563,1.0777462478017696e-07,97,1,1,same_source_cyclic_next_latent,False
validation,reid,96,50,3.38004014110993e-07,1.0409034985059407e-05,0.9675278241838801,4.599514795700088e-07,97,1,1,same_source_cyclic_next_latent,False
validation,reid,96,75,7.149078555812594e-07,2.3453274479834363e-05,0.9695177807177435,9.95264258563111e-07,97,1,1,same_source_cyclic_next_latent,False
validation,reid,96,100,1.320948058491922e-06,4.173463457846083e-05,0.9683488768541019,1.781189439498121e-06,97,1,1,same_source_cyclic_next_latent,False
validation,reid,96,125,2.234623480035225e-06,6.525538628920913e-05,0.965755723671124,2.9332957183214603e-06,97,1,1,same_source_cyclic_next_latent,False
validation,reid,96,149,3.3169642392749665e-06,9.276856144424528e-05,0.9642447377900918,4.37621110904729e-06,97,1,1,same_source_cyclic_next_latent,False
validation,reid,96,175,4.627961516234791e-06,0.0001280317228520289,0.9638530091359975,6.258070698095253e-06,97,1,1,same_source_cyclic_next_latent,False
validation,reid,96,199,6.001549536449602e-06,0.00016562770179007202,0.9637648203073156,8.293601240438875e-06,97,1,1,same_source_cyclic_next_latent,False
validation,reid,97,0,3.002127755280526e-07,0.0,,6.364335831676726e-07,13,1,1,same_source_cyclic_next_latent,False
validation,reid,97,5,1.64731261520501e-07,1.0388254167992272e-07,-0.5857453895194638,4.970087843503279e-07,13,1,1,same_source_cyclic_next_latent,False
validation,reid,97,10,8.067548407098002e-08,4.131814819174906e-07,0.8047456442225299,4.1337960965392995e-07,13,1,1,same_source_cyclic_next_latent,False
validation,reid,97,25,3.611272703096802e-08,2.567076535342494e-06,0.9859323528014134,4.0079990526464826e-07,13,1,1,same_source_cyclic_next_latent,False
validation,reid,97,50,2.330574062625601e-07,1.0246058991469909e-05,0.9772539464728257,1.1482621857794584e-06,13,1,1,same_source_cyclic_next_latent,False
validation,reid,97,75,4.057558840031561e-07,2.3035410777083598e-05,0.9823855590017602,3.2028633540903684e-06,13,1,1,same_source_cyclic_next_latent,False
validation,reid,97,100,5.522017545445124e-07,4.093155075679533e-05,0.986509141619736,6.527529876620974e-06,13,1,1,same_source_cyclic_next_latent,False
validation,reid,97,125,7.964020483086642e-07,6.392442446667701e-05,0.9875415061621114,1.0502386430744082e-05,13,1,1,same_source_cyclic_next_latent,False
validation,reid,97,149,1.1717763754859334e-06,9.079395385924727e-05,0.9870941144682115,1.4829504834779073e-05,13,1,1,same_source_cyclic_next_latent,False
validation,reid,97,175,1.7532198626213358e-06,0.0001251927751582116,0.9859958383348743,2.0737479644594714e-05,13,1,1,same_source_cyclic_next_latent,False
validation,reid,97,199,2.4979201498354087e-06,0.00016182287072297186,0.9845638620877536,2.8086486054235138e-05,13,1,1,same_source_cyclic_next_latent,False
validation,reid,13,0,4.5024052042208496e-07,0.0,,1.7117535833222064e-07,28,1,1,same_source_cyclic_next_latent,False
validation,reid,13,5,3.266290491410473e-07,9.996369954023976e-08,-2.2674766004389904,8.7427210360147e-08,28,1,1,same_source_cyclic_next_latent,False
validation,reid,13,10,2.91565328325305e-07,4.0348717789129296e-07,0.2773863847444039,8.152349550982763e-08,28,1,1,same_source_cyclic_next_latent,False
validation,reid,13,25,6.10635140674276e-07,2.6054560748889344e-06,0.7656321491812883,4.45723600250858e-07,28,1,1,same_source_cyclic_next_latent,False
validation,reid,13,50,2.4693699742783792e-06,1.0772148925752845e-05,0.7707634761366057,2.1760884010291193e-06,28,1,1,same_source_cyclic_next_latent,False
validation,reid,13,75,6.03570333623793e-06,2.473311178619042e-05,0.7559666818953236,5.641991720040096e-06,28,1,1,same_source_cyclic_next_latent,False
validation,reid,13,100,1.1164395800733473e-05,4.4647022150456905e-05,0.7499408636233263,1.125240305555053e-05,28,1,1,same_source_cyclic_next_latent,False
validation,reid,13,125,1.7559081243234687e-05,7.067642582114786e-05,0.7515567455594133,1.870173764473293e-05,28,1,1,same_source_cyclic_next_latent,False
validation,reid,13,149,2.513654180802405e-05,0.00010157931683352217,0.7525427164545692,2.7952512027695775e-05,28,1,1,same_source_cyclic_next_latent,False
validation,reid,13,175,3.560990808182396e-05,0.00014179330901242793,0.7488604481421417,4.169122621533461e-05,28,1,1,same_source_cyclic_next_latent,False
validation,reid,13,199,4.786100907949731e-05,0.0001853152789408341,0.7417319858726923,5.930885163252242e-05,28,1,1,same_source_cyclic_next_latent,False
validation,reid,28,0,2.0648934651035233e-07,0.0,,6.854831440250564e-07,52,1,1,same_source_cyclic_next_latent,False
validation,reid,28,5,1.1974925939739478e-07,1.0269551609098926e-07,-0.16606122599642759,5.255990345176542e-07,52,1,1,same_source_cyclic_next_latent,False
validation,reid,28,10,9.947181212055511e-08,4.423241932727251e-07,0.7751155970362591,4.521556888903433e-07,52,1,1,same_source_cyclic_next_latent,False
validation,reid,28,25,4.435246694356465e-07,3.113214461336611e-06,0.8575348165236178,8.593883080720843e-07,52,1,1,same_source_cyclic_next_latent,False
validation,reid,28,50,2.230007112302701e-06,1.358427107334137e-05,0.8358390302826769,3.721298753589508e-06,52,1,1,same_source_cyclic_next_latent,False
validation,reid,28,75,5.775689714937471e-06,3.200078208465129e-05,0.8195141075096506,9.435480933461804e-06,52,1,1,same_source_cyclic_next_latent,False
validation,reid,28,100,1.1612908565439284e-05,5.867032814421691e-05,0.8020650483342497,1.8403447029413655e-05,52,1,1,same_source_cyclic_next_latent,False
validation,reid,28,125,1.9836719729937613e-05,9.386183228343725e-05,0.7886604251445241,3.096067302976735e-05,52,1,1,same_source_cyclic_next_latent,False
validation,reid,28,149,3.076003122259863e-05,0.00013590285379905254,0.7736616240003263,4.657712997868657e-05,52,1,1,same_source_cyclic_next_latent,False
validation,reid,28,175,4.7573692427249625e-05,0.00019086066458839923,0.7507412408426601,6.775947258574888e-05,52,1,1,same_source_cyclic_next_latent,False
validation,reid,28,199,6.9722234911751e-05,0.000250564597081393,0.721739480661338,9.167230746243149e-05,52,1,1,same_source_cyclic_next_latent,False
validation,reid,52,0,5.055651968177699e-07,0.0,,4.704680520717375e-07,59,1,1,same_source_cyclic_next_latent,False
validation,reid,52,5,3.0135592510305287e-07,1.0380210113680732e-07,-1.903177506068754,2.799271499043243e-07,59,1,1,same_source_cyclic_next_latent,False
validation,reid,52,10,1.6168860383913852e-07,4.140581495448714e-07,0.6095026652250052,1.5372073391972663e-07,59,1,1,same_source_cyclic_next_latent,False
validation,reid,52,25,4.7920103440901585e-08,2.5844267383945407e-06,0.9814581304515253,6.026279919524313e-08,59,1,1,same_source_cyclic_next_latent,False
validation,reid,52,50,3.581890553050471e-07,1.0333380487281829e-05,0.9653367012135186,4.350151812104741e-07,59,1,1,same_source_cyclic_next_latent,False
validation,reid,52,75,7.406577537949488e-07,2.3241327653522603e-05,0.9681318655785703,1.0434955584059935e-06,59,1,1,same_source_cyclic_next_latent,False
validation,reid,52,100,1.08235281004454e-06,4.1306804632768035e-05,0.9737972273656353,1.7727035128700663e-06,59,1,1,same_source_cyclic_next_latent,False
validation,reid,52,125,1.5053824427013751e-06,6.4523694163654e-05,0.9766693078842756,2.708368810999673e-06,59,1,1,same_source_cyclic_next_latent,False
validation,reid,52,149,2.0689401480922243e-06,9.165598748950288e-05,0.9774271140952011,3.916742116416572e-06,59,1,1,same_source_cyclic_next_latent,False
validation,reid,52,175,2.88586716123973e-06,0.0001263997401110828,0.9771687255155465,5.6948720157379285e-06,59,1,1,same_source_cyclic_next_latent,False
validation,reid,52,199,3.841794750769623e-06,0.00016340739966835827,0.9764894689067527,7.85665451985551e-06,59,1,1,same_source_cyclic_next_latent,False
validation,reid,59,0,4.7463967689509445e-07,0.0,,6.561373879776511e-07,57,1,1,same_source_cyclic_next_latent,False
validation,reid,59,5,2.8780709726561327e-07,1.0051899579366363e-07,-1.863211027857837,4.5137798565519915e-07,57,1,1,same_source_cyclic_next_latent,False
validation,reid,59,10,1.5711268019913405e-07,4.096098109585e-07,0.6164333080023514,2.982590388000972e-07,57,1,1,same_source_cyclic_next_latent,False
validation,reid,59,25,5.0613085278428116e-08,2.5966930934373522e-06,0.9805086379263136,1.095943389373133e-07,57,1,1,same_source_cyclic_next_latent,False
validation,reid,59,50,4.0120448829839006e-07,1.0445361112942919e-05,0.9615901753936248,3.318128847240587e-07,57,1,1,same_source_cyclic_next_latent,False
validation,reid,59,75,9.625675829738611e-07,2.3561089619761333e-05,0.9591458799865296,9.055577834260475e-07,57,1,1,same_source_cyclic_next_latent,False
validation,reid,59,100,1.6109083844639827e-06,4.1953680920414627e-05,0.9616026925618315,1.8027889154836885e-06,57,1,1,same_source_cyclic_next_latent,False
validation,reid,59,125,2.444438450766029e-06,6.56422707834281e-05,0.9627612143578808,3.1825879887037445e-06,57,1,1,same_source_cyclic_next_latent,False
validation,reid,59,149,3.561953690223163e-06,9.337658411823213e-05,0.9618538874187873,5.22323489349219e-06,57,1,1,same_source_cyclic_next_latent,False
validation,reid,59,175,5.29030830875854e-06,0.0001289642386836931,0.9589784861078122,8.582424015912693e-06,57,1,1,same_source_cyclic_next_latent,False
validation,reid,59,199,7.48296133679105e-06,0.00016694419900886714,0.9551768711867994,1.30500584418769e-05,57,1,1,same_source_cyclic_next_latent,False
validation,reid,57,0,6.22301797648106e-07,0.0,,5.564950242842315e-07,15,1,1,same_source_cyclic_next_latent,False
validation,reid,57,5,4.169619103322475e-07,1.0879922029971567e-07,-2.832397963731889,3.75921615614061e-07,15,1,1,same_source_cyclic_next_latent,False
validation,reid,57,10,2.711595072923956e-07,4.6272842268990644e-07,0.4139985918390173,2.6305568212592334e-07,15,1,1,same_source_cyclic_next_latent,False
validation,reid,57,25,2.391849420746439e-07,3.0676756068714894e-06,0.9220305623127564,2.6901057026407216e-07,15,1,1,same_source_cyclic_next_latent,False
validation,reid,57,50,1.1162486543980776e-06,1.2550069186545443e-05,0.911056374446543,1.0356105804021354e-06,15,1,1,same_source_cyclic_next_latent,False
validation,reid,57,75,2.7076159767602803e-06,2.845998460543342e-05,0.9048623527279296,2.604360588520649e-06,15,1,1,same_source_cyclic_next_latent,False
validation,reid,57,100,4.943613475916209e-06,5.080093251308426e-05,0.9026865604358161,5.1914553296228405e-06,15,1,1,same_source_cyclic_next_latent,False
validation,reid,57,125,8.047621122386772e-06,7.957850903039798e-05,0.8988719288606842,9.338551535620354e-06,15,1,1,same_source_cyclic_next_latent,False
validation,reid,57,149,1.2190722372906748e-05,0.00011326819367241114,0.8923729426800592,1.543985490570776e-05,15,1,1,same_source_cyclic_next_latent,False
validation,reid,57,175,1.839760079747066e-05,0.00015646663086954504,0.8824183744787746,2.4912809749366716e-05,15,1,1,same_source_cyclic_next_latent,False
validation,reid,57,199,2.6029367290902883e-05,0.0002025431749643758,0.8714873147639705,3.662981907837093e-05,15,1,1,same_source_cyclic_next_latent,False
validation,reid,15,0,7.889084940870816e-07,0.0,,5.257984412310179e-07,53,1,1,same_source_cyclic_next_latent,False
validation,reid,15,5,6.891144721521414e-07,9.878272066998761e-08,-5.97606289316862,4.0436270865029655e-07,53,1,1,same_source_cyclic_next_latent,False
validation,reid,15,10,6.960253813304007e-07,4.075140793702303e-07,-0.7079787339029708,3.763264828648971e-07,53,1,1,same_source_cyclic_next_latent,False
validation,reid,15,25,1.2060939980074181e-06,2.657891172930249e-06,0.546221451694076,8.095433940980001e-07,53,1,1,same_source_cyclic_next_latent,False
validation,reid,15,50,3.790953542193165e-06,1.1012571121682413e-05,0.6557612658928269,3.1849144761508796e-06,53,1,1,same_source_cyclic_next_latent,False
validation,reid,15,75,8.52794255479239e-06,2.5448980522924103e-05,0.6649004251030594,7.694950909353793e-06,53,1,1,same_source_cyclic_next_latent,False
validation,reid,15,100,1.453883305657655e-05,4.635270670405589e-05,0.6863433855243584,1.4549166735378094e-05,53,1,1,same_source_cyclic_next_latent,False
validation,reid,15,125,2.128580308635719e-05,7.409453974105418e-05,0.7127210296366389,2.3856793632148765e-05,53,1,1,same_source_cyclic_next_latent,False
validation,reid,15,149,2.9115859433659352e-05,0.00010749007924459875,0.7291297984123275,3.507848668959923e-05,53,1,1,same_source_cyclic_next_latent,False
validation,reid,15,175,4.021370114060119e-05,0.00015147423255257308,0.7345178750013209,4.9803587899077684e-05,53,1,1,same_source_cyclic_next_latent,False
validation,reid,15,199,5.359273200156167e-05,0.00019959177006967366,0.7314882673626599,6.597750325454399e-05,53,1,1,same_source_cyclic_next_latent,False
validation,reid,53,0,4.908512778456497e-07,0.0,,5.040781161369523e-07,2,1,1,same_source_cyclic_next_latent,False
validation,reid,53,5,3.275646065503679e-07,9.364332242967066e-08,-2.4980028265910805,3.48116145687527e-07,2,1,1,same_source_cyclic_next_latent,False
validation,reid,53,10,2.0778854548098025e-07,3.85355036769397e-07,0.4607867403966892,2.3047414288157597e-07,2,1,1,same_source_cyclic_next_latent,False
validation,reid,53,25,9.727222050059936e-08,2.4711696369195124e-06,0.9606371739732704,1.0207514122839711e-07,2,1,1,same_source_cyclic_next_latent,False
validation,reid,53,50,3.5997447866975563e-07,9.974225577025209e-06,0.9639095310317699,2.8274186547605495e-07,2,1,1,same_source_cyclic_next_latent,False
validation,reid,53,75,7.644027277819987e-07,2.250624675070867e-05,0.966035974978461,6.818179372203304e-07,2,1,1,same_source_cyclic_next_latent,False
validation,reid,53,100,1.2147746701884898e-06,4.006221570307389e-05,0.9696777961760292,1.3490249557435163e-06,2,1,1,same_source_cyclic_next_latent,False
validation,reid,53,125,1.7970833141589537e-06,6.264413968892768e-05,0.9713128263380623,2.341110985071282e-06,2,1,1,same_source_cyclic_next_latent,False
validation,reid,53,149,2.554035745561123e-06,8.904800051823258e-05,0.9713184380255884,3.5490936625137692e-06,2,1,1,same_source_cyclic_next_latent,False
validation,reid,53,175,3.655761702248128e-06,0.0001228825276484713,0.970249947065655,5.103248895466095e-06,2,1,1,same_source_cyclic_next_latent,False
validation,reid,53,199,4.993143647880061e-06,0.00015894098032731563,0.9685849197758979,6.786081939935684e-06,2,1,1,same_source_cyclic_next_latent,False
validation,reid,2,0,3.6816933857153344e-07,0.0,,4.2474866290831415e-08,88,1,1,same_source_cyclic_next_latent,False
validation,reid,2,5,2.0215203733187082e-07,9.875607531739661e-08,-1.046983303884498,7.279771896406828e-09,88,1,1,same_source_cyclic_next_latent,False
validation,reid,2,10,9.412701729161199e-08,3.9769926729604776e-07,0.7633211196701961,4.754262761252903e-08,88,1,1,same_source_cyclic_next_latent,False
validation,reid,2,25,4.8545608422045916e-08,2.5024969545484055e-06,0.9806011318679881,5.383436132433417e-07,88,1,1,same_source_cyclic_next_latent,False
validation,reid,2,50,4.281373549019918e-07,1.003642591967946e-05,0.957341651467531,2.0963184397260193e-06,88,1,1,same_source_cyclic_next_latent,False
validation,reid,2,75,8.702034506313794e-07,2.2605408958042972e-05,0.9615046358043542,4.023440851597115e-06,88,1,1,same_source_cyclic_next_latent,False
validation,reid,2,100,1.2603873074112926e-06,4.020733467768878e-05,0.968652801347942,6.208219019754324e-06,88,1,1,same_source_cyclic_next_latent,False
validation,reid,2,125,1.7277795905101812e-06,6.284512346610427e-05,0.9725073403437251,8.972446266852785e-06,88,1,1,same_source_cyclic_next_latent,False
validation,reid,2,149,2.387265794823179e-06,8.931615593610331e-05,0.9732717360056222,1.2613669241545722e-05,88,1,1,same_source_cyclic_next_latent,False
validation,reid,2,175,3.450082431299961e-06,0.00012323314149398357,0.9720036153467012,1.8125709175365046e-05,88,1,1,same_source_cyclic_next_latent,False
validation,reid,2,199,4.817452008865075e-06,0.00015938510478008538,0.9697747664970824,2.4997036234708503e-05,88,1,1,same_source_cyclic_next_latent,False
validation,reid,88,0,7.57492486513911e-08,0.0,,6.870177458040416e-07,74,1,1,same_source_cyclic_next_latent,False
validation,reid,88,5,2.0079015783380783e-08,1.0328217570076959e-07,0.8055906970670916,5.381502887757961e-07,74,1,1,same_source_cyclic_next_latent,False
validation,reid,88,10,1.4312229623669737e-08,4.2534415456429997e-07,0.9663514133905744,4.28812313657545e-07,74,1,1,same_source_cyclic_next_latent,False
validation,reid,88,25,2.4252435082416923e-07,2.7586918349697953e-06,0.9120871901131267,3.3428597134843585e-07,74,1,1,same_source_cyclic_next_latent,False
validation,reid,88,50,9.764904689291143e-07,1.1242896107432898e-05,0.9131460026315161,7.124692729121307e-07,74,1,1,same_source_cyclic_next_latent,False
validation,reid,88,75,1.7412173747288762e-06,2.548983866290655e-05,0.9316897451664635,1.5415766938531306e-06,74,1,1,same_source_cyclic_next_latent,False
validation,reid,88,100,2.6018574317276943e-06,4.550983430817723e-05,0.9428286771138564,2.8072879558749264e-06,74,1,1,same_source_cyclic_next_latent,False
validation,reid,88,125,3.809971531154588e-06,7.13156841811724e-05,0.9465759660739477,4.442209501576144e-06,74,1,1,same_source_cyclic_next_latent,False
validation,reid,88,149,5.459994554257719e-06,0.00010155241761822253,0.9462347161956883,6.2211906879383605e-06,74,1,1,same_source_cyclic_next_latent,False
validation,reid,88,175,7.942952834127937e-06,0.00014035985805094242,0.9434100821671884,8.306989002448972e-06,74,1,1,same_source_cyclic_next_latent,False
validation,reid,88,199,1.106064701161813e-05,0.0001818001619540155,0.9391604116699532,1.044847522280179e-05,74,1,1,same_source_cyclic_next_latent,False
validation,reid,74,0,4.5643832891073544e-07,0.0,,3.0281165663836873e-07,31,1,1,same_source_cyclic_next_latent,False
validation,reid,74,5,3.0293665531644365e-07,9.82452448283766e-08,-2.0834739721565145,1.7713145439302025e-07,31,1,1,same_source_cyclic_next_latent,False
validation,reid,74,10,2.058184094266835e-07,3.9470123169849103e-07,0.4785463208690809,1.077161826401607e-07,31,1,1,same_source_cyclic_next_latent,False
validation,reid,74,25,1.7306629729318956e-07,2.468499815222458e-06,0.9298900910480348,1.3076214600005187e-07,31,1,1,same_source_cyclic_next_latent,False
validation,reid,74,50,6.179177489684662e-07,9.872235750663094e-06,0.9374085298837235,6.514909500765498e-07,31,1,1,same_source_cyclic_next_latent,False
validation,reid,74,75,1.3694946119358065e-06,2.2206828361959197e-05,0.938330022206963,1.844952862484206e-06,31,1,1,same_source_cyclic_next_latent,False
validation,reid,74,100,2.3984866857063025e-06,3.9466427551815286e-05,0.9392271650998221,3.899399416695815e-06,31,1,1,same_source_cyclic_next_latent,False
validation,reid,74,125,3.779561438932433e-06,6.164090154925361e-05,0.9386841959812607,6.8016174736840185e-06,31,1,1,same_source_cyclic_next_latent,False
validation,reid,74,149,5.473645160236629e-06,8.754659938858822e-05,0.9374773526503175,1.0599187589832582e-05,31,1,1,same_source_cyclic_next_latent,False
validation,reid,74,175,7.752501005597878e-06,0.00012070701632183045,0.9357742305142556,1.6272402717731893e-05,31,1,1,same_source_cyclic_next_latent,False
validation,reid,74,199,1.031705778586911e-05,0.0001560081000206992,0.9338684479555854,2.3226117264130153e-05,31,1,1,same_source_cyclic_next_latent,False
validation,reid,31,0,3.2500676638846926e-07,0.0,,4.920280503029062e-07,69,1,1,same_source_cyclic_next_latent,False
validation,reid,31,5,2.2058310378270107e-07,9.754089802527233e-08,-1.2614422078167578,3.787304194702301e-07,69,1,1,same_source_cyclic_next_latent,False
validation,reid,31,10,1.983940194349998e-07,4.046144965741405e-07,0.5096714993783061,3.4437360341144085e-07,69,1,1,same_source_cyclic_next_latent,False
validation,reid,31,25,5.726777771997149e-07,2.6757297746371478e-06,0.7859732389167082,6.948313853172294e-07,69,1,1,same_source_cyclic_next_latent,False
validation,reid,31,50,2.5616800485295244e-06,1.1123805961688049e-05,0.7697119081947033,2.7167063763045007e-06,69,1,1,same_source_cyclic_next_latent,False
validation,reid,31,75,6.336979367915774e-06,2.5607325369492173e-05,0.7525325555684363,6.517682322737528e-06,69,1,1,same_source_cyclic_next_latent,False
validation,reid,31,100,1.1740165064111352e-05,4.6321227273438126e-05,0.7465489203295896,1.2078872714482713e-05,69,1,1,same_source_cyclic_next_latent,False
validation,reid,31,125,1.8444230590830557e-05,7.339884905377403e-05,0.7487122641757257,1.906876241264399e-05,69,1,1,same_source_cyclic_next_latent,False
validation,reid,31,149,2.6386338504380547e-05,0.00010547126294113696,0.7498243808921996,2.7096213671029545e-05,69,1,1,same_source_cyclic_next_latent,False
validation,reid,31,175,3.72906906704884e-05,0.00014702796761412174,0.7463700867554759,3.778118843911216e-05,69,1,1,same_source_cyclic_next_latent,False
validation,reid,31,199,4.9714133638190106e-05,0.0001917742338264361,0.7407673979645069,4.985395571566187e-05,69,1,1,same_source_cyclic_next_latent,False
validation,reid,69,0,4.2302491465306957e-07,0.0,,3.631413676430384e-07,19,1,1,same_source_cyclic_next_latent,False
validation,reid,69,5,2.922201645105815e-07,1.0311431708487362e-07,-1.8339436537222515,2.415558810753282e-07,19,1,1,same_source_cyclic_next_latent,False
validation,reid,69,10,2.2995214976617717e-07,4.325807765326317e-07,0.46841801059823396,1.9514104110385233e-07,19,1,1,same_source_cyclic_next_latent,False
validation,reid,69,25,4.67780068902357e-07,2.8503357043518918e-06,0.8358859736457882,4.4618488459491346e-07,19,1,1,same_source_cyclic_next_latent,False
validation,reid,69,50,2.0039899482071633e-06,1.1736545275198296e-05,0.8292521435211432,1.962741862371331e-06,19,1,1,same_source_cyclic_next_latent,False
validation,reid,69,75,4.681853624788346e-06,2.679025783436373e-05,0.8252404417406183,5.050144864071626e-06,19,1,1,same_source_cyclic_next_latent,False
validation,reid,69,100,8.566628821427003e-06,4.8090289055835456e-05,0.8218636446231239,9.557727025821805e-06,19,1,1,same_source_cyclic_next_latent,False
validation,reid,69,125,1.3785448572889436e-05,7.570085290353745e-05,0.8178957297818602,1.5150889339565765e-05,19,1,1,same_source_cyclic_next_latent,False
validation,reid,69,149,2.032191514445003e-05,0.00010818660666700453,0.81215867868931,2.2170133888721466e-05,19,1,1,same_source_cyclic_next_latent,False
validation,reid,69,175,2.9536702641053125e-05,0.0001500365324318409,0.8031365950524673,3.2084586564451456e-05,19,1,1,same_source_cyclic_next_latent,False
validation,reid,69,199,4.019898915430531e-05,0.00019486209203023463,0.7937054419590852,4.339510633144528e-05,19,1,1,same_source_cyclic_next_latent,False
validation,reid,19,0,3.8133759971969994e-07,0.0,,9.808411505218828e-08,41,1,1,same_source_cyclic_next_latent,False
validation,reid,19,5,2.6915228090729215e-07,9.762278807556868e-08,-1.7570640647852063,4.22142747424914e-08,41,1,1,same_source_cyclic_next_latent,False
validation,reid,19,10,2.415002597899729e-07,3.94468059994324e-07,0.3877824739639304,5.4731007281816346e-08,41,1,1,same_source_cyclic_next_latent,False
validation,reid,19,25,5.539613425753487e-07,2.5457179617660586e-06,0.7823948485671817,4.3089042378596787e-07,41,1,1,same_source_cyclic_next_latent,False
validation,reid,19,50,2.4666537683515344e-06,1.0593883416731842e-05,0.7671624586262924,2.1118250970175723e-06,41,1,1,same_source_cyclic_next_latent,False
validation,reid,19,75,6.577753993042279e-06,2.450023021083325e-05,0.7315227678908177,5.280634468363132e-06,41,1,1,same_source_cyclic_next_latent,False
validation,reid,19,100,1.2474420145736076e-05,4.4587679440155625e-05,0.7202271949927579,1.0284178642905317e-05,41,1,1,same_source_cyclic_next_latent,False
validation,reid,19,125,1.948051794897765e-05,7.122715760488063e-05,0.7265015395245422,1.727100789139513e-05,41,1,1,same_source_cyclic_next_latent,False
validation,reid,19,149,2.8087208193028346e-05,0.0001033735170494765,0.7282939674038054,2.6078245355165564e-05,41,1,1,same_source_cyclic_next_latent,False
validation,reid,19,175,4.068433918291703e-05,0.00014598786947317421,0.721316987981711,3.842524529318325e-05,41,1,1,same_source_cyclic_next_latent,False
validation,reid,19,199,5.602296005235985e-05,0.00019308346963953227,0.7098510806909096,5.280334880808368e-05,41,1,1,same_source_cyclic_next_latent,False
validation,depablo_low_temp,161,0,5.383125767366437e-07,0.0,,1.0893991202465259e-06,47,1,1,same_source_cyclic_next_latent,False
validation,depablo_low_temp,161,5,3.260107064306794e-07,1.0447118370393582e-07,-2.1205801913240636,7.911530133242195e-07,47,1,1,same_source_cyclic_next_latent,False
validation,depablo_low_temp,161,10,1.8860194472836156e-07,4.179090637990157e-07,0.548700994867473,5.561647640206502e-07,47,1,1,same_source_cyclic_next_latent,False
validation,depablo_low_temp,161,25,1.2148757377872244e-07,2.613081051094923e-06,0.9535079198068437,1.951431585212049e-07,47,1,1,same_source_cyclic_next_latent,False
validation,depablo_low_temp,161,50,5.786174597233185e-07,1.0458379620104097e-05,0.9446742726176199,3.440983391556074e-07,47,1,1,same_source_cyclic_next_latent,False
validation,depablo_low_temp,161,75,1.1077138424298028e-06,2.353832132939715e-05,0.9529399812786831,9.59109911491396e-07,47,1,1,same_source_cyclic_next_latent,False
validation,depablo_low_temp,161,100,1.571874349792779e-06,4.185446596238762e-05,0.962444286083943,1.8312717884327867e-06,47,1,1,same_source_cyclic_next_latent,False
validation,depablo_low_temp,161,125,2.1200760329520563e-06,6.540835602208972e-05,0.9675870766078257,2.9763382372038905e-06,47,1,1,same_source_cyclic_next_latent,False
validation,depablo_low_temp,161,149,2.832360223692376e-06,9.295123163610697e-05,0.9695285347613173,4.421999165060697e-06,47,1,1,same_source_cyclic_next_latent,False
validation,depablo_low_temp,161,175,3.856004695990123e-06,0.00012823649740312248,0.9699305207637695,6.478160230471985e-06,47,1,1,same_source_cyclic_next_latent,False
validation,depablo_low_temp,161,199,5.026814505981747e-06,0.00016584270633757114,0.9696892638995548,8.881386747816578e-06,47,1,1,same_source_cyclic_next_latent,False
validation,depablo_low_temp,47,0,1.2192425629109493e-06,0.0,,1.9745623802691625e-08,191,1,1,same_source_cyclic_next_latent,False
validation,depablo_low_temp,47,5,9.244826060239575e-07,1.0193582511419663e-07,-8.069261027595337,9.413888335529919e-08,191,1,1,same_source_cyclic_next_latent,False
validation,depablo_low_temp,47,10,6.825290483902791e-07,4.097973942407407e-07,-0.6655280340541128,2.4763045303188846e-07,191,1,1,same_source_cyclic_next_latent,False
validation,depablo_low_temp,47,25,2.6208545023109764e-07,2.571714503574185e-06,0.8980892125207329,1.0412361461931141e-06,191,1,1,same_source_cyclic_next_latent,False
validation,depablo_low_temp,47,50,1.9639095683032792e-07,1.0300798749085516e-05,0.9809343953207742,2.7563023650145624e-06,191,1,1,same_source_cyclic_next_latent,False
validation,depablo_low_temp,47,75,4.811126927961595e-07,2.318746737728361e-05,0.9792511754316258,4.402989816298941e-06,191,1,1,same_source_cyclic_next_latent,False
validation,depablo_low_temp,47,100,9.304479817728861e-07,4.123131657252088e-05,0.9774334641937436,6.402293820428895e-06,191,1,1,same_source_cyclic_next_latent,False
validation,depablo_low_temp,47,125,1.557114160277706e-06,6.443101301556453e-05,0.9758328468326029,9.570029760652687e-06,191,1,1,same_source_cyclic_next_latent,False
validation,depablo_low_temp,47,149,2.3980433070391882e-06,9.155587758868933e-05,0.9738078715403473,1.4230849956220482e-05,191,1,1,same_source_cyclic_next_latent,False
validation,depablo_low_temp,47,175,3.660320999188116e-06,0.00012630049604922533,0.9710189499353865,2.1207624740782194e-05,191,1,1,same_source_cyclic_next_latent,False
validation,depablo_low_temp,47,199,5.191680429561529e-06,0.00016332407540176064,0.9682123996918977,2.9053013349766843e-05,191,1,1,same_source_cyclic_next_latent,False
validation,depablo_low_temp,191,0,1.8571670423739306e-08,0.0,,1.309756385126093e-06,66,1,1,same_source_cyclic_next_latent,False
validation,depablo_low_temp,191,5,6.58414336385249e-08,1.0844533449017035e-07,0.39286061546065987,1.116787984756229e-06,66,1,1,same_source_cyclic_next_latent,False
validation,depablo_low_temp,191,10,1.5093465322024713e-07,4.3661586346388503e-07,0.654307903467342,1.0274962960465928e-06,66,1,1,same_source_cyclic_next_latent,False
validation,depablo_low_temp,191,25,4.7674157599431055e-07,2.7436412892711814e-06,0.8262376434344477,1.6124073454193422e-06,66,1,1,same_source_cyclic_next_latent,False
validation,depablo_low_temp,191,50,6.95591950261587e-07,1.0999379810527898e-05,0.9367608026776373,5.4183765314519405e-06,66,1,1,same_source_cyclic_next_latent,False
validation,depablo_low_temp,191,75,5.787790655631397e-07,2.4769382434897125e-05,0.97663328639362,1.308309037995059e-05,66,1,1,same_source_cyclic_next_latent,False
validation,depablo_low_temp,191,100,7.617292681061372e-07,4.4057222112314776e-05,0.9827104562751535,2.433622103126254e-05,66,1,1,same_source_cyclic_next_latent,False
validation,depablo_low_temp,191,125,1.2681282441917574e-06,6.886258779559284e-05,0.981584655982491,3.838846168946475e-05,66,1,1,same_source_cyclic_next_latent,False
validation,depablo_low_temp,191,149,1.9124977370665874e-06,9.78677489911206e-05,0.9804583455041956,5.4885982535779476e-05,66,1,1,same_source_cyclic_next_latent,False
validation,depablo_low_temp,191,175,2.887309165089391e-06,0.00013503755326382816,0.9786184724522642,7.7068354585208e-05,66,1,1,same_source_cyclic_next_latent,False
validation,depablo_low_temp,191,199,4.135190465603955e-06,0.00017463676340412349,0.9763211915692986,0.00010175594798056409,66,1,1,same_source_cyclic_next_latent,False
validation,depablo_low_temp,66,0,1.2495617056629271e-06,0.0,,3.2374421721215185e-07,118,1,1,same_source_cyclic_next_latent,False
validation,depablo_low_temp,66,5,9.571289183440967e-07,9.862818473038715e-08,-8.704415841785307,1.789733374835123e-07,118,1,1,same_source_cyclic_next_latent,False
validation,depablo_low_temp,66,10,7.066929015309142e-07,4.0102668208419345e-07,-0.7622091823370192,8.805492512919955e-08,118,1,1,same_source_cyclic_next_latent,False
validation,depablo_low_temp,66,25,3.619495885232027e-07,2.543989467085339e-06,0.8577236292814175,2.130191916194235e-07,118,1,1,same_source_cyclic_next_latent,False
validation,depablo_low_temp,66,50,5.795200195279904e-07,1.0273105544911232e-05,0.9435886240052255,1.3424676126305712e-06,118,1,1,same_source_cyclic_next_latent,False
validation,depablo_low_temp,66,75,1.342659629699483e-06,2.325402783753816e-05,0.9422612014107906,3.070775392188807e-06,118,1,1,same_source_cyclic_next_latent,False
validation,depablo_low_temp,66,100,2.567304363765288e-06,4.156100476393476e-05,0.9382280486637053,5.123522896610666e-06,118,1,1,same_source_cyclic_next_latent,False
validation,depablo_low_temp,66,125,4.117757271160372e-06,6.526274955831468e-05,0.9369049373642923,7.5652992563846055e-06,118,1,1,same_source_cyclic_next_latent,False
validation,depablo_low_temp,66,149,5.940637493040413e-06,9.317624062532559e-05,0.9362430008640451,1.0467334504937753e-05,118,1,1,same_source_cyclic_next_latent,False
validation,depablo_low_temp,66,175,8.511272426403593e-06,0.0001292074884986505,0.9341270964608798,1.4411045412998646e-05,118,1,1,same_source_cyclic_next_latent,False
validation,depablo_low_temp,66,199,1.1688390259223524e-05,0.00016791837697383016,0.9303924295251785,1.8910164726548828e-05,118,1,1,same_source_cyclic_next_latent,False
validation,depablo_low_temp,118,0,2.685989954898105e-07,0.0,,2.028946710197488e-06,98,1,1,same_source_cyclic_next_latent,False
validation,depablo_low_temp,118,5,1.5981819956323307e-07,9.106263831881733e-08,-0.7550359018118626,1.686745463302941e-06,98,1,1,same_source_cyclic_next_latent,False
validation,depablo_low_temp,118,10,9.621143703952839e-08,3.5658808883454185e-07,0.7301888648216435,1.3983128610561835e-06,98,1,1,same_source_cyclic_next_latent,False
validation,depablo_low_temp,118,25,1.7264713392250997e-07,2.1927392026555026e-06,0.9212641732708446,1.2155735475971596e-06,98,1,1,same_source_cyclic_next_latent,False
validation,depablo_low_temp,118,50,8.11493066521507e-07,8.724763574718963e-06,0.9069896783366251,3.2377815841755364e-06,98,1,1,same_source_cyclic_next_latent,False
validation,depablo_low_temp,118,75,1.5987261576810852e-06,1.959523251571227e-05,0.9184124936308278,8.550105121685192e-06,98,1,1,same_source_cyclic_next_latent,False
validation,depablo_low_temp,118,100,2.333406428078888e-06,3.4804885217454284e-05,0.9329575025603386,1.5687232007621787e-05,98,1,1,same_source_cyclic_next_latent,False
validation,depablo_low_temp,118,125,3.151947794322041e-06,5.435306957224384e-05,0.942009755490762,2.507308090571314e-05,98,1,1,same_source_cyclic_next_latent,False
validation,depablo_low_temp,118,149,4.234367224853486e-06,7.720248686382547e-05,0.945152450434371,3.825163730653003e-05,98,1,1,same_source_cyclic_next_latent,False
validation,depablo_low_temp,118,175,5.896826223761309e-06,0.0001064735115505755,0.9446169649344167,5.892802801099606e-05,98,1,1,same_source_cyclic_next_latent,False
validation,depablo_low_temp,118,199,7.945094694150612e-06,0.0001376654690830037,0.9422869456874461,8.717930177226663e-05,98,1,1,same_source_cyclic_next_latent,False
validation,depablo_low_temp,98,0,1.5231349834721186e-06,0.0,,1.4206793821358588e-06,2,1,1,same_source_cyclic_next_latent,False
validation,depablo_low_temp,98,5,1.1204676866327645e-06,1.139613132750128e-07,-8.832000478345126,1.038702635014488e-06,2,1,1,same_source_cyclic_next_latent,False
validation,depablo_low_temp,98,10,7.755111823826155e-07,5.0763196668413e-07,-0.5277035988262955,7.143494826777896e-07,2,1,1,same_source_cyclic_next_latent,False
validation,depablo_low_temp,98,25,5.160890736988222e-07,3.5328100693732267e-06,0.8539154204261017,4.982989025847928e-07,2,1,1,same_source_cyclic_next_latent,False
validation,depablo_low_temp,98,50,1.5073003396537388e-06,1.4838107745163143e-05,0.8984169433501329,1.6809187854960328e-06,2,1,1,same_source_cyclic_next_latent,False
validation,depablo_low_temp,98,75,3.631013896665536e-06,3.409271812415682e-05,0.8934959106680105,3.956508862756891e-06,2,1,1,same_source_cyclic_next_latent,False
validation,depablo_low_temp,98,100,7.0482169576280285e-06,6.142582424217835e-05,0.88525645289122,7.686190656386316e-06,2,1,1,same_source_cyclic_next_latent,False
validation,depablo_low_temp,98,125,1.1848382200696506e-05,9.695556218503043e-05,0.8777957454562019,1.3324099199962802e-05,2,1,1,same_source_cyclic_next_latent,False
validation,depablo_low_temp,98,149,1.7938446035259403e-05,0.0001388805831084028,0.8708354642977154,2.0419549400685355e-05,2,1,1,same_source_cyclic_next_latent,False
validation,depablo_low_temp,98,175,2.6664420147426426e-05,0.00019302488362882286,0.8618601931204851,2.9373268262133934e-05,2,1,1,same_source_cyclic_next_latent,False
validation,depablo_low_temp,98,199,3.811261194641702e-05,0.00025115665630437434,0.8482516350264326,3.82102771254722e-05,2,1,1,same_source_cyclic_next_latent,False
validation,depablo_low_temp,2,0,1.7432600998290582e-06,0.0,,1.7862175809568726e-06,136,1,1,same_source_cyclic_next_latent,False
validation,depablo_low_temp,2,5,1.3989805438541225e-06,9.775605747108784e-08,-13.310934586001308,1.3960958540337742e-06,136,1,1,same_source_cyclic_next_latent,False
validation,depablo_low_temp,2,10,1.095085394808848e-06,4.147042602653528e-07,-1.6406417771260569,1.0664875844668131e-06,136,1,1,same_source_cyclic_next_latent,False
validation,depablo_low_temp,2,25,7.720232133578975e-07,2.7603841772361193e-06,0.7203203743433646,7.315693437703885e-07,136,1,1,same_source_cyclic_next_latent,False
validation,depablo_low_temp,2,50,1.5263250361385872e-06,1.143445297202561e-05,0.8665152552664529,1.5221411331367563e-06,136,1,1,same_source_cyclic_next_latent,False
validation,depablo_low_temp,2,75,3.3270428048126632e-06,2.6147068638238125e-05,0.8727565659139659,3.4178981422883226e-06,136,1,1,same_source_cyclic_next_latent,False
validation,depablo_low_temp,2,100,5.9275207604514435e-06,4.6995002776384354e-05,0.8738691262844205,6.243226835067617e-06,136,1,1,same_source_cyclic_next_latent,False
validation,depablo_low_temp,2,125,9.349862921226304e-06,7.407462544506416e-05,0.8737777900995203,9.93915273284074e-06,136,1,1,same_source_cyclic_next_latent,False
validation,depablo_low_temp,2,149,1.3679881703865249e-05,0.00010602713882690296,0.8709775454169459,1.4653789548901841e-05,136,1,1,same_source_cyclic_next_latent,False
validation,depablo_low_temp,2,175,1.9731895008590072e-05,0.0001473280426580459,0.8660683013729533,2.155529728042893e-05,136,1,1,same_source_cyclic_next_latent,False
validation,depablo_low_temp,2,199,2.675009091035463e-05,0.00019171855819877237,0.8604720838625318,3.0207893360056914e-05,136,1,1,same_source_cyclic_next_latent,False
validation,depablo_low_temp,136,0,1.6808544387458824e-06,0.0,,1.147854732153064e-06,131,1,1,same_source_cyclic_next_latent,False
validation,depablo_low_temp,136,5,1.2720098538920865e-06,1.0771704950229832e-07,-10.808807053009247,9.82963797468983e-07,131,1,1,same_source_cyclic_next_latent,False
validation,depablo_low_temp,136,10,9.127302291744854e-07,4.807949380847276e-07,-0.8983773681361853,9.560657190377242e-07,131,1,1,same_source_cyclic_next_latent,False
validation,depablo_low_temp,136,25,5.948723469373363e-07,3.323550799905206e-06,0.8210130120609851,1.8767606206893106e-06,131,1,1,same_source_cyclic_next_latent,False
validation,depablo_low_temp,136,50,1.5027524113975232e-06,1.3947767911304254e-05,0.8922585734897706,6.948484042368364e-06,131,1,1,same_source_cyclic_next_latent,False
validation,depablo_low_temp,136,75,3.2302252748195315e-06,3.2096784707391635e-05,0.8993598485247765,1.701205655990634e-05,131,1,1,same_source_cyclic_next_latent,False
validation,depablo_low_temp,136,100,5.7284601098217536e-06,5.795686229248531e-05,0.9011599337294609,3.232988092349842e-05,131,1,1,same_source_cyclic_next_latent,False
validation,depablo_low_temp,136,125,9.103561751544476e-06,9.172131103696302e-05,0.900747583646337,5.2437157137319446e-05,131,1,1,same_source_cyclic_next_latent,False
validation,depablo_low_temp,136,149,1.3268924703879748e-05,0.0001317478745477274,0.8992854742482171,7.596141949761659e-05,131,1,1,same_source_cyclic_next_latent,False
validation,depablo_low_temp,136,175,1.8862187062040903e-05,0.00018373868078924716,0.8973423180082788,0.00010647477029124275,131,1,1,same_source_cyclic_next_latent,False
validation,depablo_low_temp,136,199,2.5345096219098195e-05,0.00023986533051356673,0.894336142014218,0.00013971756561659276,131,1,1,same_source_cyclic_next_latent,False
validation,depablo_low_temp,131,0,7.835293445168645e-07,0.0,,2.0315184201535885e-07,124,1,1,same_source_cyclic_next_latent,False
validation,depablo_low_temp,131,5,5.508764502337726e-07,1.0976804531992457e-07,-4.018550240447619,7.929218526214754e-08,124,1,1,same_source_cyclic_next_latent,False
validation,depablo_low_temp,131,10,3.805004382684274e-07,4.4147617472845013e-07,0.13811784180092757,7.307433236292127e-08,124,1,1,same_source_cyclic_next_latent,False
validation,depablo_low_temp,131,25,1.502727968727413e-07,2.7713413146557286e-06,0.9457761495929602,7.821623739800998e-07,124,1,1,same_source_cyclic_next_latent,False
validation,depablo_low_temp,131,50,2.0138841705374944e-07,1.1105170415248722e-05,0.9818653465436947,4.062426341988612e-06,124,1,1,same_source_cyclic_next_latent,False
validation,depablo_low_temp,131,75,3.8261390500338166e-07,2.5009072487591766e-05,0.9847009958008952,9.624655831430573e-06,124,1,1,same_source_cyclic_next_latent,False
validation,depablo_low_temp,131,100,6.215700523171108e-07,4.449032712727785e-05,0.986029096829544,1.762841384334024e-05,124,1,1,same_source_cyclic_next_latent,False
validation,depablo_low_temp,131,125,8.805650963950029e-07,6.955634307814762e-05,0.9873402617586483,2.870304524549283e-05,124,1,1,same_source_cyclic_next_latent,False
validation,depablo_low_temp,131,149,1.161955765383027e-06,9.887514170259237e-05,0.9882482518318094,4.2733143345685676e-05,124,1,1,same_source_cyclic_next_latent,False
validation,depablo_low_temp,131,175,1.6350518308172468e-06,0.00013646083243656904,0.9880181602176781,6.190423300722614e-05,124,1,1,same_source_cyclic_next_latent,False
validation,depablo_low_temp,131,199,2.347097733945702e-06,0.00017653404211159796,0.986704560175074,8.324836380779743e-05,124,1,1,same_source_cyclic_next_latent,False
validation,depablo_low_temp,124,0,5.430244982562726e-07,0.0,,2.918579411925748e-06,105,1,1,same_source_cyclic_next_latent,False
validation,depablo_low_temp,124,5,3.5882618476534844e-07,9.75659233404258e-08,-2.6777818779343336,2.5413801267859526e-06,105,1,1,same_source_cyclic_next_latent,False
validation,depablo_low_temp,124,10,2.161534808919896e-07,3.8968275362094573e-07,0.4453090908348293,2.2274875846051145e-06,105,1,1,same_source_cyclic_next_latent,False
validation,depablo_low_temp,124,25,9.355765229202007e-08,2.429540245429962e-06,0.9614916227594892,2.1584871774393832e-06,105,1,1,same_source_cyclic_next_latent,False
validation,depablo_low_temp,124,50,4.822350661015662e-07,9.734014383866452e-06,0.9504587678747587,4.958382760378299e-06,105,1,1,same_source_cyclic_next_latent,False
validation,depablo_low_temp,124,75,1.1593367617024342e-06,2.1937737983535044e-05,0.9471533135014853,1.1155743777635507e-05,105,1,1,same_source_cyclic_next_latent,False
validation,depablo_low_temp,124,100,2.0719592157547595e-06,3.905228732037358e-05,0.9469439728649692,2.0057123037986457e-05,105,1,1,same_source_cyclic_next_latent,False
validation,depablo_low_temp,124,125,3.447700009928667e-06,6.109093374107033e-05,0.9435644571330093,3.387548349564895e-05,105,1,1,same_source_cyclic_next_latent,False
validation,depablo_low_temp,124,149,5.418219643615885e-06,8.68887800606899e-05,0.9376418953076406,5.492243872140534e-05,105,1,1,same_source_cyclic_next_latent,False
validation,depablo_low_temp,124,175,8.49919524625875e-06,0.00011998012632830068,0.9291616411287777,8.99965816643089e-05,105,1,1,same_source_cyclic_next_latent,False
validation,depablo_low_temp,124,199,1.2390562915243208e-05,0.00015528261428698897,0.9202063735715879,0.00013934567687101662,105,1,1,same_source_cyclic_next_latent,False
validation,depablo_low_temp,105,0,1.9985529888799647e-06,0.0,,6.183355480970931e-07,96,1,1,same_source_cyclic_next_latent,False
validation,depablo_low_temp,105,5,1.5625332707713824e-06,1.102623485849108e-07,-13.17105014381321,4.6465984837595897e-07,96,1,1,same_source_cyclic_next_latent,False
validation,depablo_low_temp,105,10,1.1668518027363461e-06,4.893034883934888e-07,-1.3847199752599875,4.163785831678979e-07,96,1,1,same_source_cyclic_next_latent,False
validation,depablo_low_temp,105,25,7.003608288869145e-07,3.356824890943244e-06,0.791362119967444,1.104679881791526e-06,96,1,1,same_source_cyclic_next_latent,False
validation,depablo_low_temp,105,50,1.3841395229974296e-06,1.4006071069161408e-05,0.9011757461344723,4.999992597731762e-06,96,1,1,same_source_cyclic_next_latent,False
validation,depablo_low_temp,105,75,3.3110688946180744e-06,3.212118099327199e-05,0.8969194533877318,1.2636331121029798e-05,96,1,1,same_source_cyclic_next_latent,False
validation,depablo_low_temp,105,100,6.2278272707771976e-06,5.7851128076436e-05,0.8923473495184284,2.457595110172406e-05,96,1,1,same_source_cyclic_next_latent,False
validation,depablo_low_temp,105,125,1.0606087016640231e-05,9.133149433182552e-05,0.8838726214408996,4.103247556486167e-05,96,1,1,same_source_cyclic_next_latent,False
validation,depablo_low_temp,105,149,1.725499350868631e-05,0.00013090895663481206,0.8681908866112087,6.095372373238206e-05,96,1,1,same_source_cyclic_next_latent,False
validation,depablo_low_temp,105,175,2.909286013164092e-05,0.00018214789452031255,0.8402789106716984,8.697772136656567e-05,96,1,1,same_source_cyclic_next_latent,False
validation,depablo_low_temp,105,199,4.7593908675480634e-05,0.00023727492953184992,0.7994145071736625,0.00011522982822498307,96,1,1,same_source_cyclic_next_latent,False
validation,depablo_low_temp,96,0,4.0037110693447175e-07,0.0,,5.517862859960587e-07,152,1,1,same_source_cyclic_next_latent,False
validation,depablo_low_temp,96,5,2.502843869933713e-07,1.028129190672189e-07,-1.43436709378649,3.50889877154259e-07,152,1,1,same_source_cyclic_next_latent,False
validation,depablo_low_temp,96,10,1.4960839678224147e-07,4.112499141228909e-07,0.6362105093655168,2.7099918042949867e-07,152,1,1,same_source_cyclic_next_latent,False
validation,depablo_low_temp,96,25,7.352143427397095e-08,2.5721096790221054e-06,0.9714159023335571,7.491767632927804e-07,152,1,1,same_source_cyclic_next_latent,False
validation,depablo_low_temp,96,50,2.6439238354214467e-07,1.0294354979123455e-05,0.9743167605859404,3.492096311674686e-06,152,1,1,same_source_cyclic_next_latent,False
validation,depablo_low_temp,96,75,4.632350396605034e-07,2.3167545805335976e-05,0.9800050016711822,8.548879122827202e-06,152,1,1,same_source_cyclic_next_latent,False
validation,depablo_low_temp,96,100,6.795457920816261e-07,4.1188621253240854e-05,0.9835016135183656,1.576234535605181e-05,152,1,1,same_source_cyclic_next_latent,False
validation,depablo_low_temp,96,125,1.0334459830119158e-06,6.43616949673742e-05,0.9839431515354624,2.489799226168543e-05,152,1,1,same_source_cyclic_next_latent,False
validation,depablo_low_temp,96,149,1.510663651060895e-06,9.145318472292274e-05,0.983481563210316,3.5741544706979766e-05,152,1,1,same_source_cyclic_next_latent,False
validation,depablo_low_temp,96,175,2.171539108530851e-06,0.0001261606375919655,0.98278750686443,5.011324901715852e-05,152,1,1,same_source_cyclic_next_latent,False
validation,depablo_low_temp,96,199,2.971120466099819e-06,0.00016314847744069993,0.9817888556932458,6.586070958292112e-05,152,1,1,same_source_cyclic_next_latent,False
validation,depablo_low_temp,152,0,1.0935683576462907e-06,0.0,,7.351664521593193e-08,70,1,1,same_source_cyclic_next_latent,False
validation,depablo_low_temp,152,5,7.925501108729804e-07,1.051594082923657e-07,-6.536654339757421,5.348551823658454e-08,70,1,1,same_source_cyclic_next_latent,False
validation,depablo_low_temp,152,10,5.356941983336583e-07,4.5047485741633864e-07,-0.18917668658821074,1.3368450879625016e-07,70,1,1,same_source_cyclic_next_latent,False
validation,depablo_low_temp,152,25,2.580534328444628e-07,3.0113294542388758e-06,0.9143058118462543,1.0363247611167026e-06,70,1,1,same_source_cyclic_next_latent,False
validation,depablo_low_temp,152,50,6.660993676632643e-07,1.2442545994417742e-05,0.9464659911273702,4.938625806971686e-06,70,1,1,same_source_cyclic_next_latent,False
validation,depablo_low_temp,152,75,1.5632010672561591e-06,2.840685374394525e-05,0.9449709889962965,1.2905634321214166e-05,70,1,1,same_source_cyclic_next_latent,False
validation,depablo_low_temp,152,100,2.8532795113278553e-06,5.09941964992322e-05,0.944046975789278,2.577740633569192e-05,70,1,1,same_source_cyclic_next_latent,False
validation,depablo_low_temp,152,125,4.510358394327341e-06,8.029223681660369e-05,0.9438257224714078,4.280749999452382e-05,70,1,1,same_source_cyclic_next_latent,False
validation,depablo_low_temp,152,149,6.473977919085883e-06,0.00011480825196485966,0.9436105174646555,6.21743020019494e-05,70,1,1,same_source_cyclic_next_latent,False
validation,depablo_low_temp,152,175,9.032272828335408e-06,0.00015935282863210887,0.9433190304441483,8.655148121761158e-05,70,1,1,same_source_cyclic_next_latent,False
validation,depablo_low_temp,152,199,1.1913209164049476e-05,0.00020716806466225535,0.942494953633556,0.00011281619663350284,70,1,1,same_source_cyclic_next_latent,False
validation,depablo_low_temp,70,0,2.854049618861154e-08,0.0,,3.4781221529556205e-06,169,1,1,same_source_cyclic_next_latent,False
validation,depablo_low_temp,70,5,1.0334930244937368e-08,1.0842899200724787e-07,0.9046848075075111,3.11479925585445e-06,169,1,1,same_source_cyclic_next_latent,False
validation,depablo_low_temp,70,10,3.168711515399991e-08,4.3581886188803765e-07,0.9272929239071338,2.851290446415078e-06,169,1,1,same_source_cyclic_next_latent,False
validation,depablo_low_temp,70,25,1.9576560816858546e-07,2.733828068812727e-06,0.9283913972492044,3.3746750887075905e-06,169,1,1,same_source_cyclic_next_latent,False
validation,depablo_low_temp,70,50,2.945580774849077e-07,1.095371408155188e-05,0.9731088400434882,8.832322237140033e-06,169,1,1,same_source_cyclic_next_latent,False
validation,depablo_low_temp,70,75,1.7872454805001325e-07,2.4661450879648328e-05,0.992752877804221,1.930404505401384e-05,169,1,1,same_source_cyclic_next_latent,False
validation,depablo_low_temp,70,100,3.4597454146023665e-07,4.38588103861548e-05,0.992111629603856,3.2853342418093234e-05,169,1,1,same_source_cyclic_next_latent,False
validation,depablo_low_temp,70,125,7.384137461485807e-07,6.854946695966646e-05,0.9892280162210006,5.059081013314426e-05,169,1,1,same_source_cyclic_next_latent,False
validation,depablo_low_temp,70,149,1.0787109658849658e-06,9.742454858496785e-05,0.9889277293910766,7.362697215285152e-05,169,1,1,same_source_cyclic_next_latent,False
validation,depablo_low_temp,70,175,1.493788545303687e-06,0.0001344185438938439,0.9888870352108308,0.00010648436000337824,169,1,1,same_source_cyclic_next_latent,False
validation,depablo_low_temp,70,199,2.146003907910199e-06,0.00017384615784976631,0.9876557300175439,0.0001455218152841553,169,1,1,same_source_cyclic_next_latent,False
validation,depablo_low_temp,169,0,2.61983291238721e-06,0.0,,5.311833888299589e-07,168,1,1,same_source_cyclic_next_latent,False
validation,depablo_low_temp,169,5,2.174645260311081e-06,1.0561949181919772e-07,-19.589431201143224,3.002961648235214e-07,168,1,1,same_source_cyclic_next_latent,False
validation,depablo_low_temp,169,10,1.7472090121373185e-06,4.714396197869064e-07,-2.706114078674736,1.4355939015331387e-07,168,1,1,same_source_cyclic_next_latent,False
validation,depablo_low_temp,169,25,1.1876244343511644e-06,3.285299726485391e-06,0.6385034751085913,4.034532707919425e-07,168,1,1,same_source_cyclic_next_latent,False
validation,depablo_low_temp,169,50,1.8801457599693094e-06,1.3894406947656535e-05,0.8646832666516637,2.2482995518657845e-06,168,1,1,same_source_cyclic_next_latent,False
validation,depablo_low_temp,169,75,3.787471314353752e-06,3.2073730835691094e-05,0.8819136029495166,4.9358559408574365e-06,168,1,1,same_source_cyclic_next_latent,False
validation,depablo_low_temp,169,100,6.811264938733075e-06,5.797980338684283e-05,0.882523490235244,8.962629181041848e-06,168,1,1,same_source_cyclic_next_latent,False
validation,depablo_low_temp,169,125,1.1146077667945065e-05,9.178016625810415e-05,0.8785567936693417,1.475914177717641e-05,168,1,1,same_source_cyclic_next_latent,False
validation,depablo_low_temp,169,149,1.6540985598112457e-05,0.00013181191752664745,0.8745106974506422,2.160048643418122e-05,168,1,1,same_source_cyclic_next_latent,False
validation,depablo_low_temp,169,175,2.3889460862847045e-05,0.00018371574697084725,0.869965088694123,2.9753691705991514e-05,168,1,1,same_source_cyclic_next_latent,False
validation,depablo_low_temp,169,199,3.2785941584734246e-05,0.00023968475579749793,0.8632122369416182,3.759691389859654e-05,168,1,1,same_source_cyclic_next_latent,False
validation,depablo_low_temp,168,0,8.096569104054652e-07,0.0,,1.6216345102293417e-06,126,1,1,same_source_cyclic_next_latent,False
validation,depablo_low_temp,168,5,5.611269671135233e-07,1.0086985469115461e-07,-4.562880692468462,1.530675149297167e-06,126,1,1,same_source_cyclic_next_latent,False
validation,depablo_low_temp,168,10,3.383305227089295e-07,4.353984195404337e-07,0.22294039774871044,1.5361223404397606e-06,126,1,1,same_source_cyclic_next_latent,False
validation,depablo_low_temp,168,25,1.9437955245393823e-07,2.9493130568880588e-06,0.934093279111226,2.2726933366357116e-06,126,1,1,same_source_cyclic_next_latent,False
validation,depablo_low_temp,168,50,8.664556503390486e-07,1.232679915119661e-05,0.9297095994092726,6.101894996390911e-06,126,1,1,same_source_cyclic_next_latent,False
validation,depablo_low_temp,168,75,2.0947104530932847e-06,2.83126955764601e-05,0.9260151529042371,1.3449538528220728e-05,126,1,1,same_source_cyclic_next_latent,False
validation,depablo_low_temp,168,100,3.997555268142605e-06,5.1012531912419945e-05,0.9216358193118949,2.4297965865116566e-05,126,1,1,same_source_cyclic_next_latent,False
validation,depablo_low_temp,168,125,6.5839044509630185e-06,8.052563498495147e-05,0.91823840380528,3.8238857086980715e-05,126,1,1,same_source_cyclic_next_latent,False
validation,depablo_low_temp,168,149,9.73110491031548e-06,0.00011536414240254089,0.9156487907970514,5.418893488240428e-05,126,1,1,same_source_cyclic_next_latent,False
validation,depablo_low_temp,168,175,1.3955264876130968e-05,0.00016040148329921067,0.9129979063217326,7.424072828143835e-05,126,1,1,same_source_cyclic_next_latent,False
validation,depablo_low_temp,168,199,1.8827560779755004e-05,0.00020880624651908875,0.9098323872316061,9.557071462040767e-05,126,1,1,same_source_cyclic_next_latent,False
validation,depablo_low_temp,126,0,9.92904233498848e-07,0.0,,1.8845873910322553e-06,196,1,1,same_source_cyclic_next_latent,False
validation,depablo_low_temp,126,5,8.031016136555991e-07,9.771910924882832e-08,-7.218470469379852,1.6958441619863152e-06,196,1,1,same_source_cyclic_next_latent,False
validation,depablo_low_temp,126,10,6.51720768019004e-07,3.9022279452183284e-07,-0.6701248034923302,1.5494343870159355e-06,196,1,1,same_source_cyclic_next_latent,False
validation,depablo_low_temp,126,25,3.9115070649131667e-07,2.4379485239478527e-06,0.8395574382932773,1.3538973462345893e-06,196,1,1,same_source_cyclic_next_latent,False
validation,depablo_low_temp,126,50,3.426135322115442e-07,9.75643615674926e-06,0.9648833317097522,1.6453544731120928e-06,196,1,1,same_source_cyclic_next_latent,False
validation,depablo_low_temp,126,75,5.500754127751861e-07,2.196334935433697e-05,0.9749548484659255,2.520306225051172e-06,196,1,1,same_source_cyclic_next_latent,False
validation,depablo_low_temp,126,100,9.200275599141605e-07,3.906751953763887e-05,0.9764503206038516,3.7179095215833513e-06,196,1,1,same_source_cyclic_next_latent,False
validation,depablo_low_temp,126,125,1.3577434856415493e-06,6.107550143497065e-05,0.9777694254858114,4.886413989879657e-06,196,1,1,same_source_cyclic_next_latent,False
validation,depablo_low_temp,126,149,1.7708350696921116e-06,8.682875341037288e-05,0.9796054302274416,5.772141321358504e-06,196,1,1,same_source_cyclic_next_latent,False
validation,depablo_low_temp,126,175,2.255520257676835e-06,0.00011984851153101772,0.9811802397137566,6.533111445605755e-06,196,1,1,same_source_cyclic_next_latent,False
validation,depablo_low_temp,126,199,2.8736319563904544e-06,0.00015506899217143655,0.9814686874780645,7.273906248883577e-06,196,1,1,same_source_cyclic_next_latent,False
validation,depablo_low_temp,196,0,1.2546372545330087e-06,0.0,,1.3219903394201538e-07,138,1,1,same_source_cyclic_next_latent,False
validation,depablo_low_temp,196,5,9.977555919249426e-07,1.034447478787115e-07,-8.645299663689128,8.315295474403683e-08,138,1,1,same_source_cyclic_next_latent,False
validation,depablo_low_temp,196,10,7.915594437690743e-07,4.144339982303791e-07,-0.9099770944203653,1.6004550218440272e-07,138,1,1,same_source_cyclic_next_latent,False
validation,depablo_low_temp,196,25,4.3208592614973895e-07,2.5973602078011027e-06,0.8336442035063214,1.0854167840079754e-06,138,1,1,same_source_cyclic_next_latent,False
validation,depablo_low_temp,196,50,3.5751776295001036e-07,1.0403631677036174e-05,0.9656352921702183,4.302036359149497e-06,138,1,1,same_source_cyclic_next_latent,False
validation,depablo_low_temp,196,75,6.006834496474767e-07,2.342555126233492e-05,0.974357766742792,9.091973879549187e-06,138,1,1,same_source_cyclic_next_latent,False
validation,depablo_low_temp,196,100,1.0182319556406583e-06,4.167108636465855e-05,0.9755650249496681,1.5556797734461725e-05,138,1,1,same_source_cyclic_next_latent,False
validation,depablo_low_temp,196,125,1.5915073845462757e-06,6.514642882393673e-05,0.9755703050301123,2.3673486793995835e-05,138,1,1,same_source_cyclic_next_latent,False
validation,depablo_low_temp,196,149,2.3566876734548714e-06,9.261621016776189e-05,0.9745542635658915,3.2858057238627225e-05,138,1,1,same_source_cyclic_next_latent,False
validation,depablo_low_temp,196,175,3.5862685763277113e-06,0.0001278405252378434,0.9719473260168826,4.415820149006322e-05,138,1,1,same_source_cyclic_next_latent,False
validation,depablo_low_temp,196,199,5.257782049739035e-06,0.00016540929209440947,0.9682135024993754,5.565878382185474e-05,138,1,1,same_source_cyclic_next_latent,False
validation,depablo_low_temp,138,0,3.3201467886101454e-07,0.0,,2.8265557716622425e-07,78,1,1,same_source_cyclic_next_latent,False
validation,depablo_low_temp,138,5,1.866057175448077e-07,1.0271765660263554e-07,-0.816685891372056,2.1961453455787705e-07,78,1,1,same_source_cyclic_next_latent,False
validation,depablo_low_temp,138,10,1.0066636946248764e-07,4.321907454141183e-07,0.7670788406956037,2.71132790885531e-07,78,1,1,same_source_cyclic_next_latent,False
validation,depablo_low_temp,138,25,2.845514757154888e-07,2.8179315449960995e-06,0.8990211539308764,1.1516199265315663e-06,78,1,1,same_source_cyclic_next_latent,False
validation,depablo_low_temp,138,50,1.2291592383917305e-06,1.1502431334520224e-05,0.8931391805223935,5.454684469441418e-06,78,1,1,same_source_cyclic_next_latent,False
validation,depablo_low_temp,138,75,2.342627340112813e-06,2.6160945708397776e-05,0.9104532624231234,1.4377112165675499e-05,78,1,1,same_source_cyclic_next_latent,False
validation,depablo_low_temp,138,100,3.879035375575768e-06,4.6891502279322594e-05,0.9172763680619744,2.8005048079648986e-05,78,1,1,same_source_cyclic_next_latent,False
validation,depablo_low_temp,138,125,5.982813490845729e-06,7.379020098596811e-05,0.9189213010548187,4.5078020775690675e-05,78,1,1,same_source_cyclic_next_latent,False
validation,depablo_low_temp,138,149,8.385339242522605e-06,0.00010551540617598221,0.9205297164990556,6.41265869489871e-05,78,1,1,same_source_cyclic_next_latent,False
validation,depablo_low_temp,138,175,1.1260716746619437e-05,0.0001465022942284122,0.9231362429788108,8.829535363474861e-05,78,1,1,same_source_cyclic_next_latent,False
validation,depablo_low_temp,138,199,1.4136798199615441e-05,0.0001905527024064213,0.9258116100108426,0.00011474815255496651,78,1,1,same_source_cyclic_next_latent,False
validation,depablo_low_temp,78,0,1.9144511043123202e-07,0.0,,1.1733744713637861e-06,161,1,1,same_source_cyclic_next_latent,False
validation,depablo_low_temp,78,5,9.477101770016816e-08,1.066432204765988e-07,0.11132637145964486,9.62920466918149e-07,161,1,1,same_source_cyclic_next_latent,False
validation,depablo_low_temp,78,10,4.178482271299799e-08,4.2946098233187513e-07,0.9027040303263036,8.064359917625552e-07,161,1,1,same_source_cyclic_next_latent,False
validation,depablo_low_temp,78,25,3.770549739101625e-08,2.696686124181724e-06,0.9860178398023769,6.238860237317567e-07,161,1,1,same_source_cyclic_next_latent,False
validation,depablo_low_temp,78,50,1.1284285506008018e-07,1.080872243619524e-05,0.989560019167279,9.71529175330943e-07,161,1,1,same_source_cyclic_next_latent,False
validation,depablo_low_temp,78,75,2.0171337666852196e-07,2.434396810713224e-05,0.991714030523667,2.086062067974126e-06,161,1,1,same_source_cyclic_next_latent,False
validation,depablo_low_temp,78,100,4.753620430619776e-07,4.330917363404296e-05,0.9890239872254611,4.047029506182298e-06,161,1,1,same_source_cyclic_next_latent,False
validation,depablo_low_temp,78,125,8.182905162357201e-07,6.771329935872927e-05,0.9879153648694534,6.421375928766793e-06,161,1,1,same_source_cyclic_next_latent,False
validation,depablo_low_temp,78,149,1.1958148888879805e-06,9.626436803955585e-05,0.9875778035711343,8.555718522984535e-06,161,1,1,same_source_cyclic_next_latent,False
validation,depablo_low_temp,78,175,1.8703515252127545e-06,0.00013287020556163043,0.9859234693187464,1.0680453669920098e-05,161,1,1,same_source_cyclic_next_latent,False
validation,depablo_low_temp,78,199,2.87527382170083e-06,0.00017190758080687374,0.9832743046687917,1.2925863302370999e-05,161,1,1,same_source_cyclic_next_latent,False
validation,lj_noisy,15,0,6.887480452633099e-08,0.0,,2.888074561724352e-07,79,1,1,same_source_cyclic_next_latent,False
validation,lj_noisy,15,5,3.391592429125012e-08,9.055690952664008e-08,0.6254739205596154,1.9154833807988325e-07,79,1,1,same_source_cyclic_next_latent,False
validation,lj_noisy,15,10,5.975766725896392e-08,3.651525162240432e-07,0.8363487457873658,1.4174597140481637e-07,79,1,1,same_source_cyclic_next_latent,False
validation,lj_noisy,15,25,4.830349666917755e-07,2.382581669735373e-06,0.7972640464637567,2.643218408593384e-07,79,1,1,same_source_cyclic_next_latent,False
validation,lj_noisy,15,50,1.912205107146292e-06,1.0002500857808627e-05,0.8088272988596151,1.443550672775018e-06,79,1,1,same_source_cyclic_next_latent,False
validation,lj_noisy,15,75,4.050695224577794e-06,2.3497006623074412e-05,0.827608031543901,4.735031325253658e-06,79,1,1,same_source_cyclic_next_latent,False
validation,lj_noisy,15,100,8.100089871732052e-06,4.446260936674662e-05,0.8178224358152477,1.0266232493449934e-05,79,1,1,same_source_cyclic_next_latent,False
validation,lj_noisy,15,125,1.4633441423939075e-05,7.343651668634266e-05,0.8007334486405382,1.6940661225817166e-05,79,1,1,same_source_cyclic_next_latent,False
validation,lj_noisy,15,149,2.1148707674001344e-05,0.00010652769560692832,0.8014722128972264,2.2712656573276035e-05,79,1,1,same_source_cyclic_next_latent,False
validation,lj_noisy,15,175,2.9455910407705233e-05,0.00015080551384016871,0.8046761709328208,2.9639122658409178e-05,79,1,1,same_source_cyclic_next_latent,False
validation,lj_noisy,15,199,4.063099549966864e-05,0.00020307757949922234,0.7999237749442241,3.922915493603796e-05,79,1,1,same_source_cyclic_next_latent,False
validation,lj_noisy,79,0,2.8833937903982587e-07,0.0,,8.776368645158072e-07,75,1,1,same_source_cyclic_next_latent,False
validation,lj_noisy,79,5,1.739131647582326e-07,1.0333684485885897e-07,-0.6829734350392564,6.929819278411742e-07,75,1,1,same_source_cyclic_next_latent,False
validation,lj_noisy,79,10,1.0796183858019504e-07,4.55465340110095e-07,0.7629636570060445,5.215464966568106e-07,75,1,1,same_source_cyclic_next_latent,False
validation,lj_noisy,79,25,3.481940780147852e-07,3.182375849064556e-06,0.8905867519962687,4.703527451965783e-07,75,1,1,same_source_cyclic_next_latent,False
validation,lj_noisy,79,50,1.664365413489577e-06,1.3238345673016738e-05,0.8742769334931331,1.6759067875682376e-06,75,1,1,same_source_cyclic_next_latent,False
validation,lj_noisy,79,75,4.095905751455575e-06,3.0100934964139014e-05,0.8639276236324465,4.070747763762483e-06,75,1,1,same_source_cyclic_next_latent,False
validation,lj_noisy,79,100,7.568204637209419e-06,5.402554961619899e-05,0.8599143425476569,7.2898778853414115e-06,75,1,1,same_source_cyclic_next_latent,False
validation,lj_noisy,79,125,1.1935201655433048e-05,8.518932736478746e-05,0.8598979235470945,1.1625810657278635e-05,75,1,1,same_source_cyclic_next_latent,False
validation,lj_noisy,79,149,1.74894757947186e-05,0.0001221718266606331,0.8568452623426792,1.735617479425855e-05,75,1,1,same_source_cyclic_next_latent,False
validation,lj_noisy,79,175,2.57980682363268e-05,0.00017011869931593537,0.8483525424302945,2.5902927518473007e-05,75,1,1,same_source_cyclic_next_latent,False
validation,lj_noisy,79,199,3.601900607463904e-05,0.00022137924679555,0.8372972778794229,3.643187301349826e-05,75,1,1,same_source_cyclic_next_latent,False
validation,lj_noisy,75,0,5.321701337379636e-07,0.0,,1.3686359068287857e-07,181,1,1,same_source_cyclic_next_latent,False
validation,lj_noisy,75,5,3.723181407622178e-07,9.145860246917437e-08,-3.0708925208834854,6.248569661693182e-08,181,1,1,same_source_cyclic_next_latent,False
validation,lj_noisy,75,10,2.64162338226015e-07,3.9008332919365785e-07,0.3228053637358316,6.680949837800654e-08,181,1,1,same_source_cyclic_next_latent,False
validation,lj_noisy,75,25,4.160904722994019e-07,2.6733314371085726e-06,0.8443550745247519,6.409122192962968e-07,181,1,1,same_source_cyclic_next_latent,False
validation,lj_noisy,75,50,1.9746230464079417e-06,1.1298255230940413e-05,0.8252276120475299,2.9060497581667732e-06,181,1,1,same_source_cyclic_next_latent,False
validation,lj_noisy,75,75,4.905653440800961e-06,2.6090825485880487e-05,0.8119778370578676,6.147467956907349e-06,181,1,1,same_source_cyclic_next_latent,False
validation,lj_noisy,75,100,9.13455369300209e-06,4.721252480521798e-05,0.806522660444702,1.0441259291837923e-05,181,1,1,same_source_cyclic_next_latent,False
validation,lj_noisy,75,125,1.5062256352393888e-05,7.473392179235816e-05,0.7984548918194996,1.646160671953112e-05,181,1,1,same_source_cyclic_next_latent,False
validation,lj_noisy,75,149,2.2679561880067922e-05,0.00010709988418966532,0.788239155890176,2.4231321731349453e-05,181,1,1,same_source_cyclic_next_latent,False
validation,lj_noisy,75,175,3.3693060686346143e-05,0.00014858660870231688,0.7732429525069255,3.5375858715269715e-05,181,1,1,same_source_cyclic_next_latent,False
validation,lj_noisy,75,199,4.644795990316197e-05,0.00019195048662368208,0.758021140137962,4.8243477067444474e-05,181,1,1,same_source_cyclic_next_latent,False
validation,lj_noisy,181,0,2.1388082416251564e-07,0.0,,2.78006041298795e-07,31,1,1,same_source_cyclic_next_latent,False
validation,lj_noisy,181,5,1.2082796274626162e-07,8.917994165358323e-08,-0.35487824398466383,1.7044550304490258e-07,31,1,1,same_source_cyclic_next_latent,False
validation,lj_noisy,181,10,7.562495341062458e-08,3.5931097386310284e-07,0.7895278493791908,1.137983360877115e-07,31,1,1,same_source_cyclic_next_latent,False
validation,lj_noisy,181,25,2.4020482669584453e-07,2.322475211258279e-06,0.8965737823459027,2.2443951763762016e-07,31,1,1,same_source_cyclic_next_latent,False
validation,lj_noisy,181,50,1.2403003211147734e-06,9.647412298363633e-06,0.8714369944233492,1.1860701079058344e-06,31,1,1,same_source_cyclic_next_latent,False
validation,lj_noisy,181,75,3.1623940230929293e-06,2.220537317043636e-05,0.8575842883242667,3.293612735433271e-06,31,1,1,same_source_cyclic_next_latent,False
validation,lj_noisy,181,100,6.477242095570546e-06,4.0102699131239206e-05,0.8384836373638276,6.786124231439317e-06,31,1,1,same_source_cyclic_next_latent,False
validation,lj_noisy,181,125,1.1194681974302512e-05,6.356189987855032e-05,0.82387748013051,1.1612456546572503e-05,31,1,1,same_source_cyclic_next_latent,False
validation,lj_noisy,181,149,1.6922202121349983e-05,9.170166595140472e-05,0.815464616201002,1.7745587683748454e-05,31,1,1,same_source_cyclic_next_latent,False
validation,lj_noisy,181,175,2.457726986904163e-05,0.0001289811043534428,0.809450616877234,2.9536266083596274e-05,31,1,1,same_source_cyclic_next_latent,False
validation,lj_noisy,181,199,3.349048347445205e-05,0.00016955948376562446,0.8024853418358795,6.294937338680029e-05,31,1,1,same_source_cyclic_next_latent,False
validation,lj_noisy,31,0,2.662528402197495e-07,0.0,,7.154758918659354e-08,142,1,1,same_source_cyclic_next_latent,False
validation,lj_noisy,31,5,1.4580635365746275e-07,1.0181967979860929e-07,-0.43200561959981987,4.877872328279409e-08,142,1,1,same_source_cyclic_next_latent,False
validation,lj_noisy,31,10,8.134213658195222e-08,4.3096116542074014e-07,0.8112541381715003,1.0946244088927415e-07,142,1,1,same_source_cyclic_next_latent,False
validation,lj_noisy,31,25,2.2134204868962115e-07,2.8248798571439693e-06,0.9216455000272458,6.892736337249517e-07,142,1,1,same_source_cyclic_next_latent,False
validation,lj_noisy,31,50,1.0110042012456688e-06,1.1657663890218828e-05,0.9132755746977801,2.035764964603004e-06,142,1,1,same_source_cyclic_next_latent,False
validation,lj_noisy,31,75,2.300693040524493e-06,2.6905094273388386e-05,0.9144885716754358,3.3421188163629267e-06,142,1,1,same_source_cyclic_next_latent,False
validation,lj_noisy,31,100,4.509558493737131e-06,4.89304875372909e-05,0.9078374502134215,5.516265900951112e-06,142,1,1,same_source_cyclic_next_latent,False
validation,lj_noisy,31,125,8.455737770418637e-06,7.90988706285134e-05,0.893099133992306,1.0068480150948744e-05,142,1,1,same_source_cyclic_next_latent,False
validation,lj_noisy,31,149,1.5483272363780998e-05,0.00011739749606931582,0.8681124139595013,1.9057739336858504e-05,142,1,1,same_source_cyclic_next_latent,False
validation,lj_noisy,31,175,2.9945549613330513e-05,0.00017393942107446492,0.8278392015544851,3.878270945278928e-05,142,1,1,same_source_cyclic_next_latent,False
validation,lj_noisy,31,199,6.15805693087168e-05,0.00024001374549698085,0.7434289891139112,6.734053749823943e-05,142,1,1,same_source_cyclic_next_latent,False
validation,lj_noisy,142,0,7.573490989898346e-08,0.0,,1.8863771344967972e-07,157,1,1,same_source_cyclic_next_latent,False
validation,lj_noisy,142,5,4.769141170868352e-08,9.436170955723355e-08,0.49458936328662984,1.1615082229354812e-07,157,1,1,same_source_cyclic_next_latent,False
validation,lj_noisy,142,10,7.588766948174452e-08,3.835527593309962e-07,0.8021454216256716,8.367796056063526e-08,157,1,1,same_source_cyclic_next_latent,False
validation,lj_noisy,142,25,4.5073025489728025e-07,2.477869657013798e-06,0.8180976736926198,2.4908931095524167e-07,157,1,1,same_source_cyclic_next_latent,False
validation,lj_noisy,142,50,1.6253802641585935e-06,1.0261092029395513e-05,0.8415977305824489,1.4790487057325663e-06,157,1,1,same_source_cyclic_next_latent,False
validation,lj_noisy,142,75,3.879620180669008e-06,2.3520789909525774e-05,0.8350557019729263,4.612737029674463e-06,157,1,1,same_source_cyclic_next_latent,False
validation,lj_noisy,142,100,8.27179701445857e-06,4.234289735904895e-05,0.8046473545653381,9.882613085210323e-06,157,1,1,same_source_cyclic_next_latent,False
validation,lj_noisy,142,125,1.3771447811450344e-05,6.57610289636068e-05,0.7905834499780762,1.5828471077838913e-05,157,1,1,same_source_cyclic_next_latent,False
validation,lj_noisy,142,149,1.9657512893900275e-05,9.220665378961712e-05,0.786810256245154,2.1954878320684657e-05,157,1,1,same_source_cyclic_next_latent,False
validation,lj_noisy,142,175,2.724439764278941e-05,0.00012604442599695176,0.7838508333288114,2.961015525215771e-05,157,1,1,same_source_cyclic_next_latent,False
validation,lj_noisy,142,199,3.54501316905953e-05,0.0001614613429410383,0.7804419866398559,3.800857302849181e-05,157,1,1,same_source_cyclic_next_latent,False
validation,lj_noisy,157,0,1.826763735834902e-07,0.0,,1.0103520935444976e-06,12,1,1,same_source_cyclic_next_latent,False
validation,lj_noisy,157,5,1.131227520545508e-07,9.083687757538428e-08,-0.24533950388895498,8.547731908947753e-07,12,1,1,same_source_cyclic_next_latent,False
validation,lj_noisy,157,10,8.551645436227773e-08,3.649991242582473e-07,0.7657077820773828,7.385127673842362e-07,12,1,1,same_source_cyclic_next_latent,False
validation,lj_noisy,157,25,2.527129936424899e-07,2.373865527260932e-06,0.8935436777103036,8.300680747197475e-07,12,1,1,same_source_cyclic_next_latent,False
validation,lj_noisy,157,50,1.2192471103844582e-06,9.819269507715944e-06,0.875831179760737,2.715393748076167e-06,12,1,1,same_source_cyclic_next_latent,False
validation,lj_noisy,157,75,3.382735485502053e-06,2.2813499526819214e-05,0.8517222015182125,7.299437584151747e-06,12,1,1,same_source_cyclic_next_latent,False
validation,lj_noisy,157,100,7.051106877042912e-06,4.15882641391363e-05,0.830454407679701,1.2551132385851815e-05,12,1,1,same_source_cyclic_next_latent,False
validation,lj_noisy,157,125,1.1790491953433957e-05,6.644261884503067e-05,0.8225462488025367,1.787925066309981e-05,12,1,1,same_source_cyclic_next_latent,False
validation,lj_noisy,157,149,1.7650143490755e-05,9.61377882049419e-05,0.8164078473167151,2.4054652385530062e-05,12,1,1,same_source_cyclic_next_latent,False
validation,lj_noisy,157,175,2.5512494175927714e-05,0.00013357444549910724,0.8090016838131046,3.1953280995367095e-05,12,1,1,same_source_cyclic_next_latent,False
validation,lj_noisy,157,199,3.525929059833288e-05,0.0001735624682623893,0.7968495668946792,4.131780224270187e-05,12,1,1,same_source_cyclic_next_latent,False
validation,lj_noisy,12,0,5.563553600040905e-07,0.0,,1.4498736788937094e-07,152,1,1,same_source_cyclic_next_latent,False
validation,lj_noisy,12,5,3.581094460969325e-07,1.0223686786048347e-07,-2.502742734505746,5.7450176171869316e-08,152,1,1,same_source_cyclic_next_latent,False
validation,lj_noisy,12,10,2.3317180364301748e-07,4.424935866609303e-07,0.4730504335609951,6.920314632452573e-08,152,1,1,same_source_cyclic_next_latent,False
validation,lj_noisy,12,25,5.9742893654402e-07,3.1844713248574408e-06,0.8123930550479159,8.461102538603882e-07,152,1,1,same_source_cyclic_next_latent,False
validation,lj_noisy,12,50,3.4041520393657265e-06,1.4166832443152089e-05,0.759709726713736,4.2872266021731775e-06,152,1,1,same_source_cyclic_next_latent,False
validation,lj_noisy,12,75,8.631050150142983e-06,3.3046842872863635e-05,0.7388237604618395,9.735269486554898e-06,152,1,1,same_source_cyclic_next_latent,False
validation,lj_noisy,12,100,1.4580654351448175e-05,5.7156557886628434e-05,0.7448997124639785,1.5657758922316134e-05,152,1,1,same_source_cyclic_next_latent,False
validation,lj_noisy,12,125,2.2345138859236613e-05,8.803003584034741e-05,0.7461646056834272,2.4007864340092055e-05,152,1,1,same_source_cyclic_next_latent,False
validation,lj_noisy,12,149,3.177739927195944e-05,0.00012419970880728215,0.7441427232227436,3.491053939796984e-05,152,1,1,same_source_cyclic_next_latent,False
validation,lj_noisy,12,175,4.241283386363648e-05,0.00016892341955099255,0.7489227131656934,4.824473217013292e-05,152,1,1,same_source_cyclic_next_latent,False
validation,lj_noisy,12,199,5.159074135008268e-05,0.00021583693160209805,0.7609735230799528,6.123277853475884e-05,152,1,1,same_source_cyclic_next_latent,False
validation,lj_noisy,152,0,2.1159551977234514e-07,0.0,,2.67069793835617e-07,29,1,1,same_source_cyclic_next_latent,False
validation,lj_noisy,152,5,1.0920609128106662e-07,9.695842351220563e-08,-0.12631875937338433,1.304058230289229e-07,29,1,1,same_source_cyclic_next_latent,False
validation,lj_noisy,152,10,6.19509208377167e-08,4.1400659256396466e-07,0.8503624774329042,6.455366730051537e-08,29,1,1,same_source_cyclic_next_latent,False
validation,lj_noisy,152,25,2.588657537216932e-07,2.7664339086186374e-06,0.9064261926101995,3.491829261292878e-07,29,1,1,same_source_cyclic_next_latent,False
validation,lj_noisy,152,50,1.228367978001188e-06,1.1517513485159725e-05,0.8933478150831831,1.8330667899135733e-06,29,1,1,same_source_cyclic_next_latent,False
validation,lj_noisy,152,75,2.9566353987320326e-06,2.6382193027529866e-05,0.8879306433833314,3.892836957675172e-06,29,1,1,same_source_cyclic_next_latent,False
validation,lj_noisy,152,100,5.618717295874376e-06,4.726915722130798e-05,0.8811335419083467,6.617500275751809e-06,29,1,1,same_source_cyclic_next_latent,False
validation,lj_noisy,152,125,8.776903996476904e-06,7.386328070424497e-05,0.8811736506584321,1.0371270946052391e-05,29,1,1,same_source_cyclic_next_latent,False
validation,lj_noisy,152,149,1.2643504305742681e-05,0.0001050939827109687,0.8796933565595751,1.571678149048239e-05,29,1,1,same_source_cyclic_next_latent,False
validation,lj_noisy,152,175,1.8442746295477264e-05,0.00014509294123854488,0.8728901203735622,2.4016522729652934e-05,29,1,1,same_source_cyclic_next_latent,False
validation,lj_noisy,152,199,2.581762964837253e-05,0.00018777258810587227,0.8625058646269725,3.449604264460504e-05,29,1,1,same_source_cyclic_next_latent,False
validation,lj_noisy,29,0,2.618142502797127e-07,0.0,,6.96783217790653e-07,95,1,1,same_source_cyclic_next_latent,False
validation,lj_noisy,29,5,1.3424389067040465e-07,9.255531097096537e-08,-0.4504180177463508,5.495849109138362e-07,95,1,1,same_source_cyclic_next_latent,False
validation,lj_noisy,29,10,6.641361238735044e-08,3.9399358797709283e-07,0.8314347887529281,4.172389083123562e-07,95,1,1,same_source_cyclic_next_latent,False
validation,lj_noisy,29,25,2.7545033276510367e-07,2.62467051470594e-06,0.8950533671857992,3.150950078634196e-07,95,1,1,same_source_cyclic_next_latent,False
validation,lj_noisy,29,50,1.3993710581416963e-06,1.0715701137087308e-05,0.8694092864069867,9.842043482422014e-07,95,1,1,same_source_cyclic_next_latent,False
validation,lj_noisy,29,75,3.083480578425224e-06,2.4163142370525748e-05,0.8723890903284806,2.7556975510378834e-06,95,1,1,same_source_cyclic_next_latent,False
validation,lj_noisy,29,100,5.826343567605363e-06,4.288870331947692e-05,0.8641520233380555,5.9229546423011925e-06,95,1,1,same_source_cyclic_next_latent,False
validation,lj_noisy,29,125,9.968436643248424e-06,6.650677823927253e-05,0.8501139747382618,1.0345250302634668e-05,95,1,1,same_source_cyclic_next_latent,False
validation,lj_noisy,29,149,1.543851976748556e-05,9.352853521704674e-05,0.8349325183842748,1.569829873915296e-05,95,1,1,same_source_cyclic_next_latent,False
validation,lj_noisy,29,175,2.3474625777453184e-05,0.00012778700329363346,0.816298800563369,2.334567398065701e-05,95,1,1,same_source_cyclic_next_latent,False
validation,lj_noisy,29,199,3.317812297609635e-05,0.0001640301925363019,0.7977316098757025,3.297140574431978e-05,95,1,1,same_source_cyclic_next_latent,False
validation,lj_noisy,95,0,4.781773554896063e-07,0.0,,1.0305107878139097e-07,183,1,1,same_source_cyclic_next_latent,False
validation,lj_noisy,95,5,3.1995332960832457e-07,9.315184712477276e-08,-2.4347502436506847,4.260645170006683e-08,183,1,1,same_source_cyclic_next_latent,False
validation,lj_noisy,95,10,1.957466793101048e-07,4.062233927015768e-07,0.5181304601679947,5.763896027133342e-08,183,1,1,same_source_cyclic_next_latent,False
validation,lj_noisy,95,25,2.848098006325017e-07,2.82183304989303e-06,0.8990692235873776,6.530195832965546e-07,183,1,1,same_source_cyclic_next_latent,False
validation,lj_noisy,95,50,2.029305960604688e-06,1.2093249097233638e-05,0.8321951409180104,3.116480684184353e-06,183,1,1,same_source_cyclic_next_latent,False
validation,lj_noisy,95,75,5.680868525814731e-06,2.8183430913486518e-05,0.7984323291492419,7.167843250499573e-06,183,1,1,same_source_cyclic_next_latent,False
validation,lj_noisy,95,100,1.1710491889971308e-05,5.138449341757223e-05,0.7721006647899227,1.3641250006912742e-05,183,1,1,same_source_cyclic_next_latent,False
validation,lj_noisy,95,125,1.9797174900304526e-05,8.035653445404023e-05,0.7536332914950745,2.250079342047684e-05,183,1,1,same_source_cyclic_next_latent,False
validation,lj_noisy,95,149,3.1413266697200015e-05,0.00011559575068531558,0.728248949369118,3.5910932638216764e-05,183,1,1,same_source_cyclic_next_latent,False
validation,lj_noisy,95,175,4.917410115012899e-05,0.00016214206698350608,0.696722127298826,5.748260082327761e-05,183,1,1,same_source_cyclic_next_latent,False
validation,lj_noisy,95,199,7.064579403959215e-05,0.00021282926900312304,0.668063540459017,8.412419992964715e-05,183,1,1,same_source_cyclic_next_latent,False
validation,lj_noisy,183,0,1.6619979703591525e-07,0.0,,4.72993065159244e-07,147,1,1,same_source_cyclic_next_latent,False
validation,lj_noisy,183,5,8.84302551185101e-08,9.035466774776069e-08,0.02129843069782389,3.730630737663887e-07,147,1,1,same_source_cyclic_next_latent,False
validation,lj_noisy,183,10,5.601885177952681e-08,3.734352276296704e-07,0.8499904464420808,3.1166891290013155e-07,147,1,1,same_source_cyclic_next_latent,False
validation,lj_noisy,183,25,2.433411623314896e-07,2.431817392789526e-06,0.89993444283563,4.3658101844812336e-07,147,1,1,same_source_cyclic_next_latent,False
validation,lj_noisy,183,50,1.2379083500491106e-06,1.0205611033597961e-05,0.8787031618220815,1.9139486084895907e-06,147,1,1,same_source_cyclic_next_latent,False
validation,lj_noisy,183,75,3.3436776902817655e-06,2.3695167328696698e-05,0.8588877789340483,5.529017016669968e-06,147,1,1,same_source_cyclic_next_latent,False
validation,lj_noisy,183,100,7.188221843534848e-06,4.307867129682563e-05,0.8331373362468464,1.0518613635213114e-05,147,1,1,same_source_cyclic_next_latent,False
validation,lj_noisy,183,125,1.1584746061998885e-05,6.872970698168501e-05,0.8314448501128344,1.4660246051789727e-05,147,1,1,same_source_cyclic_next_latent,False
validation,lj_noisy,183,149,1.6193249393836595e-05,9.890592627925798e-05,0.8362762475110397,1.8549224478192627e-05,147,1,1,same_source_cyclic_next_latent,False
validation,lj_noisy,183,175,2.2375979824573733e-05,0.00013746204786002636,0.8372206716477951,2.3899181542219594e-05,147,1,1,same_source_cyclic_next_latent,False
validation,lj_noisy,183,199,3.052999818464741e-05,0.00017979549011215568,0.8301959734051009,3.080163514823653e-05,147,1,1,same_source_cyclic_next_latent,False
validation,lj_noisy,147,0,3.5105716733596637e-07,0.0,,7.476655383698017e-08,43,1,1,same_source_cyclic_next_latent,False
validation,lj_noisy,147,5,2.1725763588165137e-07,1.0630814983869641e-07,-1.0436592698800697,3.78266697964591e-08,43,1,1,same_source_cyclic_next_latent,False
validation,lj_noisy,147,10,1.5025180744032696e-07,4.434336347003409e-07,0.6611628084056759,8.95248533083759e-08,43,1,1,same_source_cyclic_next_latent,False
validation,lj_noisy,147,25,3.399014474325668e-07,2.912094714702107e-06,0.8832793982570251,6.705253099426045e-07,43,1,1,same_source_cyclic_next_latent,False
validation,lj_noisy,147,50,1.5601436871293117e-06,1.199792586703552e-05,0.869965550344345,2.1841717625648016e-06,43,1,1,same_source_cyclic_next_latent,False
validation,lj_noisy,147,75,3.7808749766554683e-06,2.7232879801886156e-05,0.8611650694248794,4.07754305342678e-06,43,1,1,same_source_cyclic_next_latent,False
validation,lj_noisy,147,100,7.009062755969353e-06,4.869244003202766e-05,0.8560543946584087,7.1647873483016156e-06,43,1,1,same_source_cyclic_next_latent,False
validation,lj_noisy,147,125,1.1334203009027988e-05,7.65042204875499e-05,0.8518486570179159,1.1840034858323634e-05,43,1,1,same_source_cyclic_next_latent,False
validation,lj_noisy,147,149,1.706461262074299e-05,0.00010965059482259676,0.8443728221597725,1.820108991523739e-05,43,1,1,same_source_cyclic_next_latent,False
validation,lj_noisy,147,175,2.6132700440939516e-05,0.00015283728134818375,0.8290161915311374,2.816666165017523e-05,43,1,1,same_source_cyclic_next_latent,False
validation,lj_noisy,147,199,3.780575570999645e-05,0.00019974987662862986,0.8107345228538789,4.0874143451219425e-05,43,1,1,same_source_cyclic_next_latent,False
validation,lj_noisy,43,0,7.512987565405638e-08,0.0,,2.582007425644406e-07,13,1,1,same_source_cyclic_next_latent,False
validation,lj_noisy,43,5,3.474080401133506e-08,9.6270760252537e-08,0.6391344171355545,1.586586080293273e-07,13,1,1,same_source_cyclic_next_latent,False
validation,lj_noisy,43,10,5.3718718362461004e-08,4.102923867321806e-07,0.8690721054068058,1.1220716089610505e-07,13,1,1,same_source_cyclic_next_latent,False
validation,lj_noisy,43,25,4.2312314008086105e-07,2.796049102471443e-06,0.8486710624263143,3.0665060535284283e-07,13,1,1,same_source_cyclic_next_latent,False
validation,lj_noisy,43,50,1.3972066881251521e-06,1.1718565474438947e-05,0.8807698185266105,1.48997219184821e-06,13,1,1,same_source_cyclic_next_latent,False
validation,lj_noisy,43,75,3.050311761398916e-06,2.693894930416718e-05,0.8867694605696049,3.689744744406198e-06,13,1,1,same_source_cyclic_next_latent,False
validation,lj_noisy,43,100,5.843174221809022e-06,4.813013947568834e-05,0.8785963580105446,6.933270924491808e-06,13,1,1,same_source_cyclic_next_latent,False
validation,lj_noisy,43,125,9.66641709965188e-06,7.53487111069262e-05,0.8717109163827047,1.142815290222643e-05,13,1,1,same_source_cyclic_next_latent,False
validation,lj_noisy,43,149,1.4544480109179858e-05,0.00010748124623205513,0.8646789033523309,1.727823109831661e-05,13,1,1,same_source_cyclic_next_latent,False
validation,lj_noisy,43,175,2.163151657441631e-05,0.00014898361405357718,0.854806069030939,2.55033555731643e-05,13,1,1,same_source_cyclic_next_latent,False
validation,lj_noisy,43,199,3.0606184736825526e-05,0.00019355223048478365,0.8418711855700797,3.5144916182616726e-05,13,1,1,same_source_cyclic_next_latent,False
validation,lj_noisy,13,0,2.6558703325463284e-07,0.0,,2.2450831238529645e-07,40,1,1,same_source_cyclic_next_latent,False
validation,lj_noisy,13,5,1.654308618981304e-07,9.281463064780837e-08,-0.782379143713553,1.2045138930716348e-07,40,1,1,same_source_cyclic_next_latent,False
validation,lj_noisy,13,10,1.1630708485199648e-07,3.781031523431011e-07,0.6923932420789334,7.423791004157465e-08,40,1,1,same_source_cyclic_next_latent,False
validation,lj_noisy,13,25,2.172320421323093e-07,2.410028173471801e-06,0.9098632769012934,2.710208093503752e-07,40,1,1,same_source_cyclic_next_latent,False
validation,lj_noisy,13,50,1.026056679620524e-06,9.818084436119534e-06,0.895493190520364,1.3991071909913444e-06,40,1,1,same_source_cyclic_next_latent,False
validation,lj_noisy,13,75,2.744646053542965e-06,2.2434529455495067e-05,0.8776597450377682,3.192404392393655e-06,40,1,1,same_source_cyclic_next_latent,False
validation,lj_noisy,13,100,5.432474608824123e-06,4.0286795410793275e-05,0.8651549582578935,5.7531810853106435e-06,40,1,1,same_source_cyclic_next_latent,False
validation,lj_noisy,13,125,9.065312042366713e-06,6.321443652268499e-05,0.8565942759117444,9.42118731472874e-06,40,1,1,same_source_cyclic_next_latent,False
validation,lj_noisy,13,149,1.4179010577208828e-05,8.989958587335423e-05,0.8422794672582422,1.4552756510965992e-05,40,1,1,same_source_cyclic_next_latent,False
validation,lj_noisy,13,175,2.3807260731700808e-05,0.00012564916687551886,0.8105259165364244,2.3915114070405252e-05,40,1,1,same_source_cyclic_next_latent,False
validation,lj_noisy,13,199,3.562881829566322e-05,0.00016380345914512873,0.7824904401799211,3.514373383950442e-05,40,1,1,same_source_cyclic_next_latent,False
validation,lj_noisy,40,0,2.217219901012868e-07,0.0,,1.7563446590429521e-06,132,1,1,same_source_cyclic_next_latent,False
validation,lj_noisy,40,5,1.1159936263993586e-07,9.645786747114471e-08,-0.15697522209187054,1.6575047538935905e-06,132,1,1,same_source_cyclic_next_latent,False
validation,lj_noisy,40,10,5.987381967997862e-08,4.1816244333858776e-07,0.8568168408383376,1.5543713516308344e-06,132,1,1,same_source_cyclic_next_latent,False
validation,lj_noisy,40,25,4.3227794321865076e-07,2.9362895475060213e-06,0.8527808868216651,1.7106041241277126e-06,132,1,1,same_source_cyclic_next_latent,False
validation,lj_noisy,40,50,2.5522920168441487e-06,1.2648867595999036e-05,0.7982197222420555,3.5174962249584496e-06,132,1,1,same_source_cyclic_next_latent,False
validation,lj_noisy,40,75,6.025249604135752e-06,2.9483269827323966e-05,0.7956383522104532,7.183787147369003e-06,132,1,1,same_source_cyclic_next_latent,False
validation,lj_noisy,40,100,1.1241177162446547e-05,5.388597855926491e-05,0.7913895699215471,1.272664940188406e-05,132,1,1,same_source_cyclic_next_latent,False
validation,lj_noisy,40,125,1.8531545720179565e-05,8.557874389225617e-05,0.78345620796315,2.0766678062500432e-05,132,1,1,same_source_cyclic_next_latent,False
validation,lj_noisy,40,149,2.7524478355189785e-05,0.00012253261229489,0.7753701823564432,3.085119533352554e-05,132,1,1,same_source_cyclic_next_latent,False
validation,lj_noisy,40,175,4.080972939846106e-05,0.0001704702153801918,0.7606049285064549,4.6100780309643596e-05,132,1,1,same_source_cyclic_next_latent,False
validation,lj_noisy,40,199,5.717497333534993e-05,0.0002223484916612506,0.7428587308680448,6.577144813491032e-05,132,1,1,same_source_cyclic_next_latent,False
validation,lj_noisy,132,0,1.2120342489652103e-06,0.0,,7.292263148883649e-08,61,1,1,same_source_cyclic_next_latent,False
validation,lj_noisy,132,5,1.0233572993456619e-06,1.029204241831394e-07,-8.943189677538367,5.762165500300398e-08,61,1,1,same_source_cyclic_next_latent,False
validation,lj_noisy,132,10,8.555977615287702e-07,4.4125229692326684e-07,-0.9390216606114516,1.4264587377965654e-07,61,1,1,same_source_cyclic_next_latent,False
validation,lj_noisy,132,25,7.992625796759967e-07,3.067184479732532e-06,0.739414898269929,1.002005888040003e-06,61,1,1,same_source_cyclic_next_latent,False
validation,lj_noisy,132,50,2.386411551924539e-06,1.3521135770133696e-05,0.8235050965765917,3.7678805711038876e-06,61,1,1,same_source_cyclic_next_latent,False
validation,lj_noisy,132,75,6.351020601869095e-06,3.2666182960383594e-05,0.8055781231136986,7.864504368626513e-06,61,1,1,same_source_cyclic_next_latent,False
validation,lj_noisy,132,100,1.332987903879257e-05,6.118311284808442e-05,0.7821314016517891,1.4855042536510155e-05,61,1,1,same_source_cyclic_next_latent,False
validation,lj_noisy,132,125,2.5516090317978524e-05,0.00010149922309210524,0.7486080233853218,2.8154441679362208e-05,61,1,1,same_source_cyclic_next_latent,False
validation,lj_noisy,132,149,4.221473864163272e-05,0.00015093496767804027,0.7203117389491805,4.6979788749013096e-05,61,1,1,same_source_cyclic_next_latent,False
validation,lj_noisy,132,175,6.45027103018947e-05,0.0002120805875165388,0.6958575461468648,7.177885709097609e-05,61,1,1,same_source_cyclic_next_latent,False
validation,lj_noisy,132,199,8.403796528000385e-05,0.0002682431077118963,0.6867096940650421,9.273443720303476e-05,61,1,1,same_source_cyclic_next_latent,False
validation,lj_noisy,61,0,7.66483410075125e-08,0.0,,7.568604019070335e-07,188,1,1,same_source_cyclic_next_latent,False
validation,lj_noisy,61,5,4.354419047558622e-08,9.96304834188777e-08,0.5629430975205367,5.615307827611105e-07,188,1,1,same_source_cyclic_next_latent,False
validation,lj_noisy,61,10,6.836646093688614e-08,4.162667153195798e-07,0.8357628452604017,4.0841854342943407e-07,188,1,1,same_source_cyclic_next_latent,False
validation,lj_noisy,61,25,3.7952764841975295e-07,2.741091520874761e-06,0.8615414167934696,3.260433061313961e-07,188,1,1,same_source_cyclic_next_latent,False
validation,lj_noisy,61,50,1.0047255045719794e-06,1.1338017429807223e-05,0.9113843746676034,1.4003355772729265e-06,188,1,1,same_source_cyclic_next_latent,False
validation,lj_noisy,61,75,2.2567714950127993e-06,2.6031604647869244e-05,0.9133064778164752,4.485062163439579e-06,188,1,1,same_source_cyclic_next_latent,False
validation,lj_noisy,61,100,5.044675162935164e-06,4.705508763436228e-05,0.8927921417948597,8.222689757531043e-06,188,1,1,same_source_cyclic_next_latent,False
validation,lj_noisy,61,125,8.201931450457778e-06,7.433142309309915e-05,0.8896572793960239,1.1080883268732578e-05,188,1,1,same_source_cyclic_next_latent,False
validation,lj_noisy,61,149,1.1432993233029265e-05,0.00010632432531565428,0.8924705781194742,1.3592902178061195e-05,188,1,1,same_source_cyclic_next_latent,False
validation,lj_noisy,61,175,1.6177680663531646e-05,0.0001481663784943521,0.8908140913753364,1.714899917715229e-05,188,1,1,same_source_cyclic_next_latent,False
validation,lj_noisy,61,199,2.2916381567483768e-05,0.00019447802333161235,0.8821646725172225,2.255445724586025e-05,188,1,1,same_source_cyclic_next_latent,False
validation,lj_noisy,188,0,4.3604657662399404e-07,0.0,,8.087769742814999e-07,67,1,1,same_source_cyclic_next_latent,False
validation,lj_noisy,188,5,2.6697222210714244e-07,9.160689984355486e-08,-1.9143243856420677,6.251851800698205e-07,67,1,1,same_source_cyclic_next_latent,False
validation,lj_noisy,188,10,1.690865047976331e-07,3.833892776583525e-07,0.5589691348950291,4.986167709830625e-07,67,1,1,same_source_cyclic_next_latent,False
validation,lj_noisy,188,25,3.888187620759709e-07,2.6204288587905467e-06,0.8516201801198948,5.783198844255821e-07,67,1,1,same_source_cyclic_next_latent,False
validation,lj_noisy,188,50,1.856944550127082e-06,1.1088137398473918e-05,0.8325287211553983,2.0064430827915203e-06,67,1,1,same_source_cyclic_next_latent,False
validation,lj_noisy,188,75,4.756903308589244e-06,2.5567558623151854e-05,0.8139476913418793,4.901207375951344e-06,67,1,1,same_source_cyclic_next_latent,False
validation,lj_noisy,188,100,8.77074126037769e-06,4.645999797503464e-05,0.811219508337244,8.975077435025014e-06,67,1,1,same_source_cyclic_next_latent,False
validation,lj_noisy,188,125,1.3519678759621456e-05,7.364279736066237e-05,0.816415464320164,1.4169780115480535e-05,67,1,1,same_source_cyclic_next_latent,False
validation,lj_noisy,188,149,1.9123634046991356e-05,0.00010572637256700546,0.8191214397820041,2.0332412532297894e-05,67,1,1,same_source_cyclic_next_latent,False
validation,lj_noisy,188,175,2.7237147151026875e-05,0.00014696051948703825,0.8146635079537184,2.8911377739859745e-05,67,1,1,same_source_cyclic_next_latent,False
validation,lj_noisy,188,199,3.731422475539148e-05,0.00019167976279277354,0.8053303895428325,3.923397889593616e-05,67,1,1,same_source_cyclic_next_latent,False
validation,lj_noisy,67,0,1.0011547146859812e-06,0.0,,7.140119606674489e-08,15,1,1,same_source_cyclic_next_latent,False
validation,lj_noisy,67,5,8.28224870019767e-07,8.974264886774108e-08,-8.228888164872085,4.3576225294827964e-08,15,1,1,same_source_cyclic_next_latent,False
validation,lj_noisy,67,10,6.942759682715405e-07,3.756259161491471e-07,-0.8483175372698972,8.69754686050328e-08,15,1,1,same_source_cyclic_next_latent,False
validation,lj_noisy,67,25,6.070055746931757e-07,2.4605394628451904e-06,0.7533038653274521,6.09453707056673e-07,15,1,1,same_source_cyclic_next_latent,False
validation,lj_noisy,67,50,1.3993764014230692e-06,1.0304262104909867e-05,0.8641944093448204,2.228965740869171e-06,15,1,1,same_source_cyclic_next_latent,False
validation,lj_noisy,67,75,3.3208536933670985e-06,2.4312985260621645e-05,0.8634123429200734,4.273963440937223e-06,15,1,1,same_source_cyclic_next_latent,False
validation,lj_noisy,67,100,5.991955276840599e-06,4.4734984840033576e-05,0.8660566154595326,6.577258318429813e-06,15,1,1,same_source_cyclic_next_latent,False
validation,lj_noisy,67,125,9.413312000106089e-06,7.140247180359438e-05,0.8681654603499003,1.0007771379605401e-05,15,1,1,same_source_cyclic_next_latent,False
validation,lj_noisy,67,149,1.3746857803198509e-05,0.0001028560582199134,0.8663485842145848,1.5000279745436274e-05,15,1,1,same_source_cyclic_next_latent,False
validation,lj_noisy,67,175,1.9958868506364524e-05,0.0001433728903066367,0.8607904990707952,2.239105560875032e-05,15,1,1,same_source_cyclic_next_latent,False
validation,lj_noisy,67,199,2.7298789063934237e-05,0.00018682236259337515,0.8538783650683675,3.109073804807849e-05,15,1,1,same_source_cyclic_next_latent,False
mixed_transfer,depablo_mixed_temp,268,0,6.522529361063789e-07,0.0,,1.7095704833991476e-06,161,1,1,same_source_cyclic_next_latent,True
mixed_transfer,depablo_mixed_temp,268,5,8.59040446812287e-05,4.713676025858149e-05,-0.8224427009828157,6.676977500319481e-05,161,1,1,same_source_cyclic_next_latent,True
mixed_transfer,depablo_mixed_temp,268,10,0.00010743115126388147,5.8645240642363206e-05,-0.8318818387843239,0.00010414519056212157,161,1,1,same_source_cyclic_next_latent,True
mixed_transfer,depablo_mixed_temp,268,25,0.00013676339585799724,5.51444391021505e-05,-1.4800940599768255,5.946689998381771e-05,161,1,1,same_source_cyclic_next_latent,True
mixed_transfer,depablo_mixed_temp,268,50,0.00016380476881749928,6.742466939613223e-05,-1.429448602189154,0.00011473083577584475,161,1,1,same_source_cyclic_next_latent,True
mixed_transfer,depablo_mixed_temp,268,75,9.345386934000999e-05,7.959867070894688e-05,-0.17406319110183066,9.585419320501387e-05,161,1,1,same_source_cyclic_next_latent,True
mixed_transfer,depablo_mixed_temp,268,100,8.519174298271537e-05,9.612221765564755e-05,0.11371434138244696,0.0001338828878942877,161,1,1,same_source_cyclic_next_latent,True
mixed_transfer,depablo_mixed_temp,268,125,8.112907380564138e-05,0.00013924895029049367,0.41738107442537786,0.00013385510828811675,161,1,1,same_source_cyclic_next_latent,True
mixed_transfer,depablo_mixed_temp,268,149,0.00012875263928435743,0.00013940916687715799,0.07644065187040883,0.00017042906256392598,161,1,1,same_source_cyclic_next_latent,True
mixed_transfer,depablo_mixed_temp,268,175,0.00010761689918581396,0.00018091170932166278,0.4051413278370497,0.00018964734044857323,161,1,1,same_source_cyclic_next_latent,True
mixed_transfer,depablo_mixed_temp,268,199,0.00017634735559113324,0.00022531113063450903,0.2173162724162213,0.00023345900990534574,161,1,1,same_source_cyclic_next_latent,True
mixed_transfer,depablo_mixed_temp,161,0,5.390714932218543e-07,0.0,,1.09048619378882e-06,47,1,1,same_source_cyclic_next_latent,True
mixed_transfer,depablo_mixed_temp,161,5,2.227489858341869e-05,2.0224346371833235e-05,-0.10139028346751866,1.9582363165682182e-05,47,1,1,same_source_cyclic_next_latent,True
mixed_transfer,depablo_mixed_temp,161,10,2.75906095339451e-05,2.2510845155920833e-05,-0.2256585367115005,2.0661489543272182e-05,47,1,1,same_source_cyclic_next_latent,True
mixed_transfer,depablo_mixed_temp,161,25,1.9758525013457984e-05,2.079022306133993e-05,0.049624193296916586,1.996476567001082e-05,47,1,1,same_source_cyclic_next_latent,True
mixed_transfer,depablo_mixed_temp,161,50,4.3648717110045254e-05,4.2505580495344475e-05,-0.026893800799308698,3.2308398658642545e-05,47,1,1,same_source_cyclic_next_latent,True
mixed_transfer,depablo_mixed_temp,161,75,2.3357606551144272e-05,4.9270100134890527e-05,0.525927357825611,2.2041163902031258e-05,47,1,1,same_source_cyclic_next_latent,True
mixed_transfer,depablo_mixed_temp,161,100,2.9045186238363385e-05,7.182943227235228e-05,0.5956367004512284,2.784745993267279e-05,47,1,1,same_source_cyclic_next_latent,True
mixed_transfer,depablo_mixed_temp,161,125,3.454681427683681e-05,9.014578245114535e-05,0.616767270331704,3.088247467530891e-05,47,1,1,same_source_cyclic_next_latent,True
mixed_transfer,depablo_mixed_temp,161,149,2.3819338821340352e-05,0.0001271728688152507,0.8127010969930726,2.7229007173446007e-05,47,1,1,same_source_cyclic_next_latent,True
mixed_transfer,depablo_mixed_temp,161,175,2.71905810222961e-05,0.00017018135986290872,0.8402258564380979,3.088880839641206e-05,47,1,1,same_source_cyclic_next_latent,True
mixed_transfer,depablo_mixed_temp,161,199,2.9078351872158237e-05,0.0001962430396815762,0.8518247988853986,3.321647454868071e-05,47,1,1,same_source_cyclic_next_latent,True
mixed_transfer,depablo_mixed_temp,47,0,1.2193132761240122e-06,0.0,,3.1009346201926746e-08,191,1,1,same_source_cyclic_next_latent,True
mixed_transfer,depablo_mixed_temp,47,5,1.195384243146691e-06,2.6881184567173477e-07,-3.4469180298194875,2.0220659280312248e-07,191,1,1,same_source_cyclic_next_latent,True
mixed_transfer,depablo_mixed_temp,47,10,9.375083891427494e-07,5.738165782531723e-07,-0.6338119613008346,5.975225008114649e-07,191,1,1,same_source_cyclic_next_latent,True
mixed_transfer,depablo_mixed_temp,47,25,4.874090109296958e-07,2.950489943032153e-06,0.8348040426029053,3.534833467710996e-06,191,1,1,same_source_cyclic_next_latent,True
mixed_transfer,depablo_mixed_temp,47,50,5.741663358094229e-07,1.030835755955195e-05,0.9443008905645315,3.953736722905887e-06,191,1,1,same_source_cyclic_next_latent,True
mixed_transfer,depablo_mixed_temp,47,75,7.554987746516417e-07,2.303583823959343e-05,0.9672033304456398,5.755334768764442e-06,191,1,1,same_source_cyclic_next_latent,True
mixed_transfer,depablo_mixed_temp,47,100,1.5080505590958637e-06,4.1095041524386033e-05,0.9633033450470909,6.198301889526192e-06,191,1,1,same_source_cyclic_next_latent,True
mixed_transfer,depablo_mixed_temp,47,125,2.093536295433296e-06,6.353035132633522e-05,0.9670466753020227,5.758877705375198e-06,191,1,1,same_source_cyclic_next_latent,True
mixed_transfer,depablo_mixed_temp,47,149,2.6218083348794607e-06,9.000220597954467e-05,0.9708695102931663,8.776719369052444e-06,191,1,1,same_source_cyclic_next_latent,True
mixed_transfer,depablo_mixed_temp,47,175,3.94857215724187e-06,0.00012707475980278105,0.9689271719783691,1.4390570868272334e-05,191,1,1,same_source_cyclic_next_latent,True
mixed_transfer,depablo_mixed_temp,47,199,5.338627488526981e-06,0.00016195152420550585,0.9670356452974619,2.2997355699772015e-05,191,1,1,same_source_cyclic_next_latent,True
mixed_transfer,depablo_mixed_temp,191,0,3.634057677004421e-08,0.0,,3.7986566781000874e-07,242,1,1,same_source_cyclic_next_latent,True
mixed_transfer,depablo_mixed_temp,191,5,7.06613627698971e-06,7.1508447945234366e-06,0.011845945474666442,7.511073818022851e-06,242,1,1,same_source_cyclic_next_latent,True
mixed_transfer,depablo_mixed_temp,191,10,1.137031904363539e-05,1.1249665476498194e-05,-0.010725080438103385,1.1941191587538924e-05,242,1,1,same_source_cyclic_next_latent,True
mixed_transfer,depablo_mixed_temp,191,25,1.2065545888617635e-05,1.134495687438175e-05,-0.06351624093548192,3.700980596477166e-05,242,1,1,same_source_cyclic_next_latent,True
mixed_transfer,depablo_mixed_temp,191,50,1.2838784641644452e-05,2.3212682208395563e-05,0.446906457152077,1.3631256479129661e-05,242,1,1,same_source_cyclic_next_latent,True
mixed_transfer,depablo_mixed_temp,191,75,1.188264195661759e-05,3.4925145882880315e-05,0.659768294269538,5.4290081607177854e-05,242,1,1,same_source_cyclic_next_latent,True
mixed_transfer,depablo_mixed_temp,191,100,1.0803461009345483e-05,5.758188126492314e-05,0.8123808953090497,4.247175820637494e-05,242,1,1,same_source_cyclic_next_latent,True
mixed_transfer,depablo_mixed_temp,191,125,1.1715393156919163e-05,7.634270150447264e-05,0.8465420672042526,2.8256863515707664e-05,242,1,1,same_source_cyclic_next_latent,True
mixed_transfer,depablo_mixed_temp,191,149,1.1898263437615242e-05,0.00011539997649379075,0.8968954431437389,5.47998133697547e-05,242,1,1,same_source_cyclic_next_latent,True
mixed_transfer,depablo_mixed_temp,191,175,1.3894525181967765e-05,0.00014662892499472946,0.9052402165366267,5.396279084379785e-05,242,1,1,same_source_cyclic_next_latent,True
mixed_transfer,depablo_mixed_temp,191,199,1.2683667591772974e-05,0.00018133649427909404,0.9300545229894452,9.248310379916802e-05,242,1,1,same_source_cyclic_next_latent,True
mixed_transfer,depablo_mixed_temp,242,0,4.5186220631876495e-07,0.0,,9.830038294467158e-08,208,1,1,same_source_cyclic_next_latent,True
mixed_transfer,depablo_mixed_temp,242,5,2.4195147489081137e-05,2.3800261260475963e-05,-0.016591676212434736,2.4423488866887055e-05,208,1,1,same_source_cyclic_next_latent,True
mixed_transfer,depablo_mixed_temp,242,10,3.095672218478285e-05,3.038742215721868e-05,-0.018734725986913947,3.219193240511231e-05,208,1,1,same_source_cyclic_next_latent,True
mixed_transfer,depablo_mixed_temp,242,25,5.423471884569153e-05,3.699141598190181e-05,-0.46614335802192786,3.746165020857006e-05,208,1,1,same_source_cyclic_next_latent,True
mixed_transfer,depablo_mixed_temp,242,50,3.297583316452801e-05,4.2313102312618867e-05,0.22067087114305584,3.389288394828327e-05,208,1,1,same_source_cyclic_next_latent,True
mixed_transfer,depablo_mixed_temp,242,75,6.11905925325118e-05,7.29313469491899e-05,0.16098364979955326,3.84362465410959e-05,208,1,1,same_source_cyclic_next_latent,True
mixed_transfer,depablo_mixed_temp,242,100,4.593221819959581e-05,9.204618982039392e-05,0.5009872946482464,4.925628672936e-05,208,1,1,same_source_cyclic_next_latent,True
mixed_transfer,depablo_mixed_temp,242,125,3.422901500016451e-05,0.00011756044841604307,0.7088390231463817,4.620296022039838e-05,208,1,1,same_source_cyclic_next_latent,True
mixed_transfer,depablo_mixed_temp,242,149,3.55464217136614e-05,0.000145202677231282,0.7551944468830813,3.302523691672832e-05,208,1,1,same_source_cyclic_next_latent,True
mixed_transfer,depablo_mixed_temp,242,175,4.436068411450833e-05,0.00018254968745168298,0.7569939191144895,5.110230267746374e-05,208,1,1,same_source_cyclic_next_latent,True
mixed_transfer,depablo_mixed_temp,242,199,5.677137232851237e-05,0.0002420646051177755,0.7654701632198954,6.31193834124133e-05,208,1,1,same_source_cyclic_next_latent,True
mixed_transfer,depablo_mixed_temp,208,0,8.183377531167935e-08,0.0,,1.3350258996069897e-06,221,1,1,same_source_cyclic_next_latent,True
mixed_transfer,depablo_mixed_temp,208,5,2.4210283299908042e-05,2.257787127746269e-05,-0.07230141417604896,4.880871711065993e-05,221,1,1,same_source_cyclic_next_latent,True
mixed_transfer,depablo_mixed_temp,208,10,2.233607301604934e-05,2.1629317416227423e-05,-0.032675816172158756,5.1133720262441784e-05,221,1,1,same_source_cyclic_next_latent,True
mixed_transfer,depablo_mixed_temp,208,25,2.1278970962157473e-05,2.2251089831115678e-05,0.04368859576481532,2.9909409931860864e-05,221,1,1,same_source_cyclic_next_latent,True
mixed_transfer,depablo_mixed_temp,208,50,1.9954943127231672e-05,2.6678577341954224e-05,0.25202371657761125,5.846402928000316e-05,221,1,1,same_source_cyclic_next_latent,True
mixed_transfer,depablo_mixed_temp,208,75,2.997866067744326e-05,4.3110252590849996e-05,0.3046048474370079,4.933128002448939e-05,221,1,1,same_source_cyclic_next_latent,True
mixed_transfer,depablo_mixed_temp,208,100,5.909642277401872e-05,6.287909491220489e-05,0.060157865558779666,4.238068504491821e-05,221,1,1,same_source_cyclic_next_latent,True
mixed_transfer,depablo_mixed_temp,208,125,2.5677923986222595e-05,6.771790503989905e-05,0.6208104197686964,3.6290817661210895e-05,221,1,1,same_source_cyclic_next_latent,True
mixed_transfer,depablo_mixed_temp,208,149,3.775881850742735e-05,0.0001124460031860508,0.6642048855666982,5.029905878473073e-05,221,1,1,same_source_cyclic_next_latent,True
mixed_transfer,depablo_mixed_temp,208,175,3.226063563488424e-05,0.00013137060159351677,0.7544303273063772,4.993406400899403e-05,221,1,1,same_source_cyclic_next_latent,True
mixed_transfer,depablo_mixed_temp,208,199,3.229679714422673e-05,0.00017357629258185625,0.8139331318590297,5.169377982383594e-05,221,1,1,same_source_cyclic_next_latent,True
mixed_transfer,depablo_mixed_temp,221,0,1.1025424555555219e-06,0.0,,2.6141668740820023e-07,140,1,1,same_source_cyclic_next_latent,True
mixed_transfer,depablo_mixed_temp,221,5,5.064907236373983e-05,2.707511703192722e-05,-0.8706871074283444,2.9276538043632172e-05,140,1,1,same_source_cyclic_next_latent,True
mixed_transfer,depablo_mixed_temp,221,10,6.27993795205839e-05,3.6674908187706023e-05,-0.712325473295532,3.829385605058633e-05,140,1,1,same_source_cyclic_next_latent,True
mixed_transfer,depablo_mixed_temp,221,25,4.416132651385851e-05,3.482666943455115e-05,-0.2680318626749463,3.77674114133697e-05,140,1,1,same_source_cyclic_next_latent,True
mixed_transfer,depablo_mixed_temp,221,50,6.987843516981229e-05,4.851730773225427e-05,-0.4402784992819617,5.2243995014578104e-05,140,1,1,same_source_cyclic_next_latent,True
mixed_transfer,depablo_mixed_temp,221,75,6.859323184471577e-05,5.7804521929938346e-05,-0.18664127916936724,7.271046342793852e-05,140,1,1,same_source_cyclic_next_latent,True
mixed_transfer,depablo_mixed_temp,221,100,5.413512189988978e-05,6.448220665333793e-05,0.1604641852453188,6.089566522859968e-05,140,1,1,same_source_cyclic_next_latent,True
mixed_transfer,depablo_mixed_temp,221,125,3.6364333936944604e-05,9.433583181817085e-05,0.6145225707339323,8.796407200861722e-05,140,1,1,same_source_cyclic_next_latent,True
mixed_transfer,depablo_mixed_temp,221,149,6.977950397413224e-05,0.00012878440611530095,0.45816806491572826,0.00010526517144171521,140,1,1,same_source_cyclic_next_latent,True
mixed_transfer,depablo_mixed_temp,221,175,7.555312913609669e-05,0.00016914735897444189,0.5533295370723894,0.00013961558579467237,140,1,1,same_source_cyclic_next_latent,True
mixed_transfer,depablo_mixed_temp,221,199,8.040302054723725e-05,0.00020088825840502977,0.5997624690183279,0.00016698011313565075,140,1,1,same_source_cyclic_next_latent,True
mixed_transfer,depablo_mixed_temp,140,0,2.251251345342098e-07,0.0,,2.3487392297738552e-07,118,1,1,same_source_cyclic_next_latent,True
mixed_transfer,depablo_mixed_temp,140,5,6.4176597334153485e-06,5.748682269768324e-06,-0.1163705754212756,5.851590685779229e-06,118,1,1,same_source_cyclic_next_latent,True
mixed_transfer,depablo_mixed_temp,140,10,5.710463483410422e-06,6.143378413980827e-06,0.0704685437552075,5.824326308356831e-06,118,1,1,same_source_cyclic_next_latent,True
mixed_transfer,depablo_mixed_temp,140,25,5.089489150122972e-06,7.007966814853717e-06,0.273756670859862,5.375251021177974e-06,118,1,1,same_source_cyclic_next_latent,True
mixed_transfer,depablo_mixed_temp,140,50,7.773287507006899e-06,1.9301036445540376e-05,0.5972606171207472,1.183525182568701e-05,118,1,1,same_source_cyclic_next_latent,True
mixed_transfer,depablo_mixed_temp,140,75,6.543104518641485e-06,2.7593006961978972e-05,0.7628709140813331,1.4036675565876067e-05,118,1,1,same_source_cyclic_next_latent,True
mixed_transfer,depablo_mixed_temp,140,100,5.865786079084501e-06,4.4695243559544906e-05,0.8687603956946817,1.6925199815887026e-05,118,1,1,same_source_cyclic_next_latent,True
mixed_transfer,depablo_mixed_temp,140,125,8.727430213184562e-06,7.706028554821387e-05,0.8867454207949421,3.0418917958741076e-05,118,1,1,same_source_cyclic_next_latent,True
mixed_transfer,depablo_mixed_temp,140,149,7.010468834778294e-06,0.00010311150253983214,0.9320107974173867,3.621312134782784e-05,118,1,1,same_source_cyclic_next_latent,True
mixed_transfer,depablo_mixed_temp,140,175,8.712053386261687e-06,0.0001441092899767682,0.9395455116900087,4.762741082231514e-05,118,1,1,same_source_cyclic_next_latent,True
mixed_transfer,depablo_mixed_temp,140,199,1.0301189831807278e-05,0.00018415348313283175,0.9440619332495768,6.067338108550757e-05,118,1,1,same_source_cyclic_next_latent,True
mixed_transfer,depablo_mixed_temp,118,0,2.695917658002145e-07,0.0,,9.144004025074537e-07,158,1,1,same_source_cyclic_next_latent,True
mixed_transfer,depablo_mixed_temp,118,5,7.441954949172214e-06,7.472703146049753e-06,0.004114735494851418,1.765234446793329e-05,158,1,1,same_source_cyclic_next_latent,True
mixed_transfer,depablo_mixed_temp,118,10,6.483302058768459e-06,6.560167093994096e-06,0.011716932529966861,4.8380799853475764e-05,158,1,1,same_source_cyclic_next_latent,True
mixed_transfer,depablo_mixed_temp,118,25,7.719324457866605e-06,9.963821867131628e-06,0.22526470657500486,1.4637361346103717e-05,158,1,1,same_source_cyclic_next_latent,True
mixed_transfer,depablo_mixed_temp,118,50,8.87463193066651e-06,1.8252863810630515e-05,0.5137950941430954,1.5301673556677997e-05,158,1,1,same_source_cyclic_next_latent,True
mixed_transfer,depablo_mixed_temp,118,75,8.247103323810734e-06,2.543711343605537e-05,0.6757846229469957,1.3785197552351747e-05,158,1,1,same_source_cyclic_next_latent,True
mixed_transfer,depablo_mixed_temp,118,100,7.325189471885096e-06,4.048683331348002e-05,0.8190723039471159,1.9035587683902122e-05,158,1,1,same_source_cyclic_next_latent,True
mixed_transfer,depablo_mixed_temp,118,125,1.2393521501508076e-05,6.137721356935799e-05,0.7980761787515323,3.1694406061433256e-05,158,1,1,same_source_cyclic_next_latent,True
mixed_transfer,depablo_mixed_temp,118,149,1.2183221770101227e-05,7.702268339926377e-05,0.8418229379656009,2.5858256776700728e-05,158,1,1,same_source_cyclic_next_latent,True
mixed_transfer,depablo_mixed_temp,118,175,1.5316591088776477e-05,0.0001161079853773117,0.8680832240865886,3.452093733358197e-05,158,1,1,same_source_cyclic_next_latent,True
mixed_transfer,depablo_mixed_temp,118,199,1.680138666415587e-05,0.00014814999303780496,0.8865920522867086,4.1780847823247313e-05,158,1,1,same_source_cyclic_next_latent,True
mixed_transfer,depablo_mixed_temp,158,0,5.869447363693325e-07,0.0,,1.6668905118422117e-06,250,1,1,same_source_cyclic_next_latent,True
mixed_transfer,depablo_mixed_temp,158,5,2.2856997020426206e-05,1.573649569763802e-05,-0.4524832885034844,2.1743817342212424e-05,250,1,1,same_source_cyclic_next_latent,True
mixed_transfer,depablo_mixed_temp,158,10,4.706384061137214e-05,2.0582121578627266e-05,-1.2866369937413946,4.161080869380385e-05,250,1,1,same_source_cyclic_next_latent,True
mixed_transfer,depablo_mixed_temp,158,25,2.3794220396666788e-05,2.284510264871642e-05,-0.04154578609449566,6.908734940225258e-05,250,1,1,same_source_cyclic_next_latent,True
mixed_transfer,depablo_mixed_temp,158,50,2.0251678506610915e-05,2.7017762477044016e-05,0.25043095171859586,2.7424459403846413e-05,250,1,1,same_source_cyclic_next_latent,True
mixed_transfer,depablo_mixed_temp,158,75,2.3810629500076175e-05,4.9534719437360764e-05,0.5193143360752057,3.856320108752698e-05,250,1,1,same_source_cyclic_next_latent,True
mixed_transfer,depablo_mixed_temp,158,100,1.9813944163615815e-05,5.9894391597481444e-05,0.6691853171032296,8.544780575903133e-05,250,1,1,same_source_cyclic_next_latent,True
mixed_transfer,depablo_mixed_temp,158,125,2.2839494704385288e-05,7.881387864472345e-05,0.7102097359357104,9.186127863358706e-05,250,1,1,same_source_cyclic_next_latent,True
mixed_transfer,depablo_mixed_temp,158,149,1.8229970009997487e-05,0.00011068722233176231,0.8353019470001977,3.1024701456772164e-05,250,1,1,same_source_cyclic_next_latent,True
mixed_transfer,depablo_mixed_temp,158,175,2.1437554096337408e-05,0.00015321206592489034,0.8600792048137592,7.02237812220119e-05,250,1,1,same_source_cyclic_next_latent,True
mixed_transfer,depablo_mixed_temp,158,199,2.3419073841068894e-05,0.0002061646373476833,0.8864059610689968,9.715418855194002e-05,250,1,1,same_source_cyclic_next_latent,True
mixed_transfer,depablo_mixed_temp,250,0,2.417717951175291e-06,0.0,,1.8237028598377947e-06,136,1,1,same_source_cyclic_next_latent,True
mixed_transfer,depablo_mixed_temp,250,5,6.048442082828842e-05,4.835599611396901e-05,-0.2508153215525586,5.5690252338536084e-05,136,1,1,same_source_cyclic_next_latent,True
mixed_transfer,depablo_mixed_temp,250,10,8.879748929757625e-05,5.153584061190486e-05,-0.7230239818202149,5.524976586457342e-05,136,1,1,same_source_cyclic_next_latent,True
mixed_transfer,depablo_mixed_temp,250,25,0.00015203469956759363,5.111822974868119e-05,-1.9741777114555892,6.146925443317741e-05,136,1,1,same_source_cyclic_next_latent,True
mixed_transfer,depablo_mixed_temp,250,50,7.734766404610127e-05,6.523817864945158e-05,-0.1856196118183855,6.0266422224231064e-05,136,1,1,same_source_cyclic_next_latent,True
mixed_transfer,depablo_mixed_temp,250,75,8.360011270269752e-05,8.879067172529176e-05,0.05845838218966559,6.402396684279665e-05,136,1,1,same_source_cyclic_next_latent,True
mixed_transfer,depablo_mixed_temp,250,100,0.00020114098151680082,0.0001296159898629412,-0.5518222846540131,9.785420843400061e-05,136,1,1,same_source_cyclic_next_latent,True
mixed_transfer,depablo_mixed_temp,250,125,0.00019179354421794415,0.00019025067740585655,-0.008109652134358658,0.00011015957716153935,136,1,1,same_source_cyclic_next_latent,True
mixed_transfer,depablo_mixed_temp,250,149,9.160137415165082e-05,0.00016449361282866448,0.44313111873187294,8.280846668640152e-05,136,1,1,same_source_cyclic_next_latent,True
mixed_transfer,depablo_mixed_temp,250,175,0.00010695889068301767,0.00018673459999263287,0.42721439579361586,0.00010305974137736484,136,1,1,same_source_cyclic_next_latent,True
mixed_transfer,depablo_mixed_temp,250,199,0.00013919852790422738,0.00025101620121859014,0.4454599853377177,0.00012794864596799016,136,1,1,same_source_cyclic_next_latent,True
mixed_transfer,depablo_mixed_temp,136,0,1.6829745845825528e-06,0.0,,1.4393427818504279e-06,68,1,1,same_source_cyclic_next_latent,True
mixed_transfer,depablo_mixed_temp,136,5,1.551453533465974e-05,1.0966320587613154e-05,-0.41474391622144946,1.2482179954531603e-05,68,1,1,same_source_cyclic_next_latent,True
mixed_transfer,depablo_mixed_temp,136,10,1.1025037565559614e-05,1.2293307008803822e-05,0.10316747497934764,1.130267082771752e-05,68,1,1,same_source_cyclic_next_latent,True
mixed_transfer,depablo_mixed_temp,136,25,1.320950104855001e-05,1.05185035863542e-05,-0.25583462895681075,1.14144413601025e-05,68,1,1,same_source_cyclic_next_latent,True
mixed_transfer,depablo_mixed_temp,136,50,1.1930018445127644e-05,1.8912367522716522e-05,0.36919487045723154,1.1226889000681695e-05,68,1,1,same_source_cyclic_next_latent,True
mixed_transfer,depablo_mixed_temp,136,75,1.1999479283986147e-05,3.769572140299715e-05,0.6816752979548475,1.173303371615475e-05,68,1,1,same_source_cyclic_next_latent,True
mixed_transfer,depablo_mixed_temp,136,100,1.6962529116426595e-05,6.272367318160832e-05,0.7295673506346834,1.6144735127454624e-05,68,1,1,same_source_cyclic_next_latent,True
mixed_transfer,depablo_mixed_temp,136,125,2.524977935536299e-05,9.743942064233124e-05,0.740866897720515,2.410808519925922e-05,68,1,1,same_source_cyclic_next_latent,True
mixed_transfer,depablo_mixed_temp,136,149,1.911412982735783e-05,0.00012985024659428746,0.8527986636245732,1.879630690382328e-05,68,1,1,same_source_cyclic_next_latent,True
mixed_transfer,depablo_mixed_temp,136,175,2.7508887797011994e-05,0.00018626838573254645,0.8523158522643202,2.6678628273657523e-05,68,1,1,same_source_cyclic_next_latent,True
mixed_transfer,depablo_mixed_temp,136,199,2.9254040782689117e-05,0.00021623147767968476,0.8647096107532286,3.4779866837197915e-05,68,1,1,same_source_cyclic_next_latent,True
mixed_transfer,depablo_mixed_temp,68,0,1.5424014918608009e-06,0.0,,5.955465098850254e-07,96,1,1,same_source_cyclic_next_latent,True
mixed_transfer,depablo_mixed_temp,68,5,3.061699089812464e-06,1.8872113969337079e-06,-0.6223402925538883,2.633136773511069e-06,96,1,1,same_source_cyclic_next_latent,True
mixed_transfer,depablo_mixed_temp,68,10,3.1540328109258553e-06,2.4416788164671743e-06,-0.29174762448460534,2.6813913791556843e-06,96,1,1,same_source_cyclic_next_latent,True
mixed_transfer,depablo_mixed_temp,68,25,3.199039383616764e-06,5.627597602142487e-06,0.431544397844143,3.145181608488201e-06,96,1,1,same_source_cyclic_next_latent,True
mixed_transfer,depablo_mixed_temp,68,50,2.526153139115195e-06,1.578773844812531e-05,0.8399927166632812,6.644149380008457e-06,96,1,1,same_source_cyclic_next_latent,True
mixed_transfer,depablo_mixed_temp,68,75,3.7060021895740647e-06,3.037540773220826e-05,0.8779933351925202,1.4375523278431501e-05,96,1,1,same_source_cyclic_next_latent,True
mixed_transfer,depablo_mixed_temp,68,100,6.629767085541971e-06,5.9114165196660906e-05,0.8878480806844506,2.1107678549014963e-05,96,1,1,same_source_cyclic_next_latent,True
mixed_transfer,depablo_mixed_temp,68,125,7.036570423224475e-06,8.239176531787962e-05,0.9145961930045272,3.072372783208266e-05,96,1,1,same_source_cyclic_next_latent,True
mixed_transfer,depablo_mixed_temp,68,149,9.068045983440243e-06,0.00011558266123756766,0.921544928224123,4.2894585931207985e-05,96,1,1,same_source_cyclic_next_latent,True
mixed_transfer,depablo_mixed_temp,68,175,1.534198054287117e-05,0.00017106324958149344,0.910313988653873,7.065572572173551e-05,96,1,1,same_source_cyclic_next_latent,True
mixed_transfer,depablo_mixed_temp,68,199,2.186368146794848e-05,0.00021742821263615042,0.8994441374333713,9.562330524204299e-05,96,1,1,same_source_cyclic_next_latent,True
mixed_transfer,depablo_mixed_temp,96,0,3.997541853095754e-07,0.0,,3.0418430441159217e-08,262,1,1,same_source_cyclic_next_latent,True
mixed_transfer,depablo_mixed_temp,96,5,1.987245241252822e-06,1.7755693306753528e-06,-0.11921579570027618,4.876155344391009e-06,262,1,1,same_source_cyclic_next_latent,True
mixed_transfer,depablo_mixed_temp,96,10,1.5600279539285111e-06,1.988127678487217e-06,0.2153280844037394,1.5989411394912167e-06,262,1,1,same_source_cyclic_next_latent,True
mixed_transfer,depablo_mixed_temp,96,25,1.654475568102498e-06,3.6336575703899143e-06,0.5446803844191178,1.8156640635424992e-06,262,1,1,same_source_cyclic_next_latent,True
mixed_transfer,depablo_mixed_temp,96,50,1.8181084442403517e-06,1.0712924449762795e-05,0.8302883164381312,1.9199351299903356e-06,262,1,1,same_source_cyclic_next_latent,True
mixed_transfer,depablo_mixed_temp,96,75,2.235552983620437e-06,2.5437306248932146e-05,0.9121151838271285,2.804831638059113e-06,262,1,1,same_source_cyclic_next_latent,True
mixed_transfer,depablo_mixed_temp,96,100,2.029662937275134e-06,4.0724535210756585e-05,0.9501611761369093,1.909784714371199e-06,262,1,1,same_source_cyclic_next_latent,True
mixed_transfer,depablo_mixed_temp,96,125,3.040594720005174e-06,6.520055467262864e-05,0.95336550838759,3.4030229016934754e-06,262,1,1,same_source_cyclic_next_latent,True
mixed_transfer,depablo_mixed_temp,96,149,2.5859276320261415e-06,9.046640479937196e-05,0.9714156029770281,1.756645542627666e-05,262,1,1,same_source_cyclic_next_latent,True
mixed_transfer,depablo_mixed_temp,96,175,3.722326255228836e-06,0.00012494108523242176,0.9702073481408907,8.594409337092657e-06,262,1,1,same_source_cyclic_next_latent,True
mixed_transfer,depablo_mixed_temp,96,199,3.953434770664899e-06,0.0001630225160624832,0.9757491488528516,7.015763912932016e-06,262,1,1,same_source_cyclic_next_latent,True
mixed_transfer,depablo_mixed_temp,262,0,5.4960878514975775e-08,0.0,,5.154749871394415e-08,70,1,1,same_source_cyclic_next_latent,True
mixed_transfer,depablo_mixed_temp,262,5,3.438001294853166e-05,3.000729702762328e-05,-0.14572175284175248,2.970651075884234e-05,70,1,1,same_source_cyclic_next_latent,True
mixed_transfer,depablo_mixed_temp,262,10,2.705341648834292e-05,2.804812538670376e-05,0.03546436293501398,2.7639582185656764e-05,70,1,1,same_source_cyclic_next_latent,True
mixed_transfer,depablo_mixed_temp,262,25,2.8708109311992303e-05,3.341671254020184e-05,0.14090563883400775,2.943002800748218e-05,70,1,1,same_source_cyclic_next_latent,True
mixed_transfer,depablo_mixed_temp,262,50,3.457500133663416e-05,4.543422983260825e-05,0.239009850854353,3.347748861415312e-05,70,1,1,same_source_cyclic_next_latent,True
mixed_transfer,depablo_mixed_temp,262,75,3.1879528251010925e-05,5.0519352953415364e-05,0.36896404274204575,3.1886957003735006e-05,70,1,1,same_source_cyclic_next_latent,True
mixed_transfer,depablo_mixed_temp,262,100,3.8669641071464866e-05,7.402702613035217e-05,0.47762806244070166,3.8445257814601064e-05,70,1,1,same_source_cyclic_next_latent,True
mixed_transfer,depablo_mixed_temp,262,125,4.0308023017132655e-05,8.881043322617188e-05,0.5461341471617309,3.832529910141602e-05,70,1,1,same_source_cyclic_next_latent,True
mixed_transfer,depablo_mixed_temp,262,149,7.959178765304387e-05,0.00013079402560833842,0.3914722994199996,5.06504402437713e-05,70,1,1,same_source_cyclic_next_latent,True
mixed_transfer,depablo_mixed_temp,262,175,3.721045140991919e-05,0.00015667513071093708,0.7624993115303549,4.075129618286155e-05,70,1,1,same_source_cyclic_next_latent,True
mixed_transfer,depablo_mixed_temp,262,199,3.688662764034234e-05,0.00018418519175611436,0.7997307639737665,4.1967956349253654e-05,70,1,1,same_source_cyclic_next_latent,True
mixed_transfer,depablo_mixed_temp,70,0,3.9055937151033504e-08,0.0,,2.2657356169020204e-07,78,1,1,same_source_cyclic_next_latent,True
mixed_transfer,depablo_mixed_temp,70,5,1.2040281944791786e-06,1.34399056150869e-06,0.10413939728296695,1.287468535338121e-06,78,1,1,same_source_cyclic_next_latent,True
mixed_transfer,depablo_mixed_temp,70,10,1.3842795851815026e-06,1.8160093304686598e-06,0.23773542241423407,1.3927858617535094e-06,78,1,1,same_source_cyclic_next_latent,True
mixed_transfer,depablo_mixed_temp,70,25,1.1523568446136778e-06,3.822250619123224e-06,0.698513530523539,1.0884346011152957e-06,78,1,1,same_source_cyclic_next_latent,True
mixed_transfer,depablo_mixed_temp,70,50,1.1595678870435222e-06,1.149375930253882e-05,0.8991132616821558,1.1440043863331084e-06,78,1,1,same_source_cyclic_next_latent,True
mixed_transfer,depablo_mixed_temp,70,75,1.4207273579813773e-06,2.6700765374698676e-05,0.9467907628098317,1.3883662859370816e-06,78,1,1,same_source_cyclic_next_latent,True
mixed_transfer,depablo_mixed_temp,70,100,1.7781783299142262e-06,4.5999360736459494e-05,0.9613434121377946,1.8700192185860942e-06,78,1,1,same_source_cyclic_next_latent,True
mixed_transfer,depablo_mixed_temp,70,125,2.552790192567045e-06,6.957071309443563e-05,0.9633065397920836,3.457416596575058e-06,78,1,1,same_source_cyclic_next_latent,True
mixed_transfer,depablo_mixed_temp,70,149,2.841118885044125e-06,9.833231888478622e-05,0.9711069675029936,3.7055951906950213e-06,78,1,1,same_source_cyclic_next_latent,True
mixed_transfer,depablo_mixed_temp,70,175,3.0640401291748276e-06,0.00013775291154161096,0.9777569846264246,2.8776912586181425e-06,78,1,1,same_source_cyclic_next_latent,True
mixed_transfer,depablo_mixed_temp,70,199,3.227054776289151e-06,0.00017585520981810987,0.9816493649541179,3.483792397673824e-06,78,1,1,same_source_cyclic_next_latent,True
mixed_transfer,depablo_mixed_temp,78,0,1.9150338914641907e-07,0.0,,3.024906845894293e-06,44,1,1,same_source_cyclic_next_latent,True
mixed_transfer,depablo_mixed_temp,78,5,1.4862733905829373e-06,1.4125503184914123e-06,-0.052191466120839136,4.088220066478243e-06,44,1,1,same_source_cyclic_next_latent,True
mixed_transfer,depablo_mixed_temp,78,10,1.1142598168589757e-06,1.781855075932981e-06,0.37466305093552676,2.990246230183402e-06,44,1,1,same_source_cyclic_next_latent,True
mixed_transfer,depablo_mixed_temp,78,25,1.426349285793549e-06,3.92146057492937e-06,0.6362709101520829,3.926236331608379e-06,44,1,1,same_source_cyclic_next_latent,True
mixed_transfer,depablo_mixed_temp,78,50,1.5588074120387319e-06,1.2238961971888784e-05,0.8726356519761154,9.963923730538227e-06,44,1,1,same_source_cyclic_next_latent,True
mixed_transfer,depablo_mixed_temp,78,75,1.3733945252170088e-06,2.4325721824425273e-05,0.9435414687740944,2.2202539184945635e-05,44,1,1,same_source_cyclic_next_latent,True
mixed_transfer,depablo_mixed_temp,78,100,1.6189336520255893e-06,4.797106157639064e-05,0.9662518693807193,3.6634275602409616e-05,44,1,1,same_source_cyclic_next_latent,True
mixed_transfer,depablo_mixed_temp,78,125,2.0463733108044835e-06,6.928451330168173e-05,0.9704642031344859,5.6242286518681794e-05,44,1,1,same_source_cyclic_next_latent,True
mixed_transfer,depablo_mixed_temp,78,149,2.643347443154198e-06,9.965606295736507e-05,0.9734752972903908,8.123687439365312e-05,44,1,1,same_source_cyclic_next_latent,True
mixed_transfer,depablo_mixed_temp,78,175,2.90630191557284e-06,0.00013577769277617335,0.9785951443410972,0.000122260011266917,44,1,1,same_source_cyclic_next_latent,True
mixed_transfer,depablo_mixed_temp,78,199,3.4003312521235785e-06,0.00017324589134659618,0.980372802923673,0.00016619097732473165,44,1,1,same_source_cyclic_next_latent,True
mixed_transfer,depablo_mixed_temp,44,0,2.2727558643964585e-06,0.0,,1.0496736422282993e-06,36,1,1,same_source_cyclic_next_latent,True
mixed_transfer,depablo_mixed_temp,44,5,2.0499646780081093e-06,3.781680391057307e-07,-4.420777183750758,9.58932218964037e-07,36,1,1,same_source_cyclic_next_latent,True
mixed_transfer,depablo_mixed_temp,44,10,1.745131385177956e-06,6.340637810353655e-07,-1.752296278977366,6.993790861997695e-07,36,1,1,same_source_cyclic_next_latent,True
mixed_transfer,depablo_mixed_temp,44,25,1.4600299209632794e-06,2.970265768453828e-06,0.5084514199134114,7.638038255208812e-07,36,1,1,same_source_cyclic_next_latent,True
mixed_transfer,depablo_mixed_temp,44,50,3.4360132303845603e-06,1.2383442481223028e-05,0.7225316598680395,2.167772663597134e-06,36,1,1,same_source_cyclic_next_latent,True
mixed_transfer,depablo_mixed_temp,44,75,5.684971711161779e-06,2.688998392841313e-05,0.7885840420620411,3.785524086197256e-06,36,1,1,same_source_cyclic_next_latent,True
mixed_transfer,depablo_mixed_temp,44,100,9.235142897523474e-06,4.955984331900254e-05,0.8136567374097714,6.648971975664608e-06,36,1,1,same_source_cyclic_next_latent,True
mixed_transfer,depablo_mixed_temp,44,125,1.3988827959110495e-05,7.413839921355247e-05,0.8113146748850582,1.0048128388007171e-05,36,1,1,same_source_cyclic_next_latent,True
mixed_transfer,depablo_mixed_temp,44,149,2.2637404981651343e-05,0.00010949795978376642,0.7932618559619278,1.565878847031854e-05,36,1,1,same_source_cyclic_next_latent,True
mixed_transfer,depablo_mixed_temp,44,175,3.5301829484524205e-05,0.00015169796824920923,0.7672887126178882,2.183061405958142e-05,36,1,1,same_source_cyclic_next_latent,True
mixed_transfer,depablo_mixed_temp,44,199,5.1322516810614616e-05,0.00019818956207018346,0.7410432907034723,2.891001531679649e-05,36,1,1,same_source_cyclic_next_latent,True
mixed_transfer,depablo_mixed_temp,36,0,1.424213451173273e-06,0.0,,1.0179823561884405e-07,39,1,1,same_source_cyclic_next_latent,True
mixed_transfer,depablo_mixed_temp,36,5,1.2057153071509674e-06,3.3019685474755534e-07,-2.6515045186386472,2.417774283003382e-07,39,1,1,same_source_cyclic_next_latent,True
mixed_transfer,depablo_mixed_temp,36,10,9.298082659370266e-07,8.42837948766828e-07,-0.10318747191847066,4.0120045241565094e-07,39,1,1,same_source_cyclic_next_latent,True
mixed_transfer,depablo_mixed_temp,36,25,8.252687848653295e-07,3.554258228177787e-06,0.7678084337478113,1.2737787074001972e-06,39,1,1,same_source_cyclic_next_latent,True
mixed_transfer,depablo_mixed_temp,36,50,1.8503367300581886e-06,1.4621562513639219e-05,0.8734515050404383,5.3618496167473495e-06,39,1,1,same_source_cyclic_next_latent,True
mixed_transfer,depablo_mixed_temp,36,75,3.74645924239303e-06,3.327914600959048e-05,0.8874232156884866,1.128772237279918e-05,39,1,1,same_source_cyclic_next_latent,True
mixed_transfer,depablo_mixed_temp,36,100,6.350932835630374e-06,5.905385114601813e-05,0.8924552300589697,1.9260858607594855e-05,39,1,1,same_source_cyclic_next_latent,True
mixed_transfer,depablo_mixed_temp,36,125,1.0178659977100324e-05,9.289666195400059e-05,0.8904302935864319,2.9051894671283662e-05,39,1,1,same_source_cyclic_next_latent,True
mixed_transfer,depablo_mixed_temp,36,149,1.4047539480088744e-05,0.0001317297574132681,0.8933609250033141,4.089748836122453e-05,39,1,1,same_source_cyclic_next_latent,True
mixed_transfer,depablo_mixed_temp,36,175,1.971853635041043e-05,0.0001856548187788576,0.893789256427014,5.8006356994155794e-05,39,1,1,same_source_cyclic_next_latent,True
mixed_transfer,depablo_mixed_temp,36,199,2.3947750378283672e-05,0.00023682504252064973,0.8988799912230753,7.225810986710712e-05,39,1,1,same_source_cyclic_next_latent,True
mixed_transfer,depablo_mixed_temp,39,0,8.449288912970587e-08,0.0,,5.209830646890623e-07,268,1,1,same_source_cyclic_next_latent,True
mixed_transfer,depablo_mixed_temp,39,5,1.6060081975410867e-07,2.2900907481471222e-07,0.29871416718290156,3.3047057513613254e-05,268,1,1,same_source_cyclic_next_latent,True
mixed_transfer,depablo_mixed_temp,39,10,1.814300958358217e-07,5.392316211327852e-07,0.6635395835009001,3.4975044400198385e-05,268,1,1,same_source_cyclic_next_latent,True
mixed_transfer,depablo_mixed_temp,39,25,4.1079610468841565e-07,2.620684426801745e-06,0.8432485420651175,6.171734275994822e-05,268,1,1,same_source_cyclic_next_latent,True
mixed_transfer,depablo_mixed_temp,39,50,1.1513891422509914e-06,1.0089373063237872e-05,0.8858810022154648,8.76682170201093e-05,268,1,1,same_source_cyclic_next_latent,True
mixed_transfer,depablo_mixed_temp,39,75,1.4002882835484343e-06,2.215639869973529e-05,0.9367998246228904,3.6136480048298836e-05,268,1,1,same_source_cyclic_next_latent,True
mixed_transfer,depablo_mixed_temp,39,100,1.7885103034132044e-06,4.0103928768076e-05,0.9554031148978871,2.0059496819158085e-05,268,1,1,same_source_cyclic_next_latent,True
mixed_transfer,depablo_mixed_temp,39,125,2.041806510533206e-06,6.175228190841153e-05,0.9669355293855937,4.149891537963413e-05,268,1,1,same_source_cyclic_next_latent,True
mixed_transfer,depablo_mixed_temp,39,149,2.6077123038703576e-06,8.764490485191345e-05,0.9702468465420049,9.060246520675719e-05,268,1,1,same_source_cyclic_next_latent,True
mixed_transfer,depablo_mixed_temp,39,175,3.610371322793071e-06,0.00012142759078415111,0.9702672901646312,6.638189370278269e-05,268,1,1,same_source_cyclic_next_latent,True
mixed_transfer,depablo_mixed_temp,39,199,5.308804247761145e-06,0.00015619987971149385,0.9660127507295994,0.00012642916408367455,268,1,1,same_source_cyclic_next_latent,True
