split,source,original_index,frame,coordinate_mse,zero_displacement_mse,explained_displacement_score,shuffled_same_source_coordinate_mse,shuffled_original_index,valid,total,control,transfer_only
train,reid,60,0,6.058150869847623e-09,0.0,,7.9333259961345e-09,45,1,1,same_source_cyclic_next_latent,False
train,reid,60,5,2.856205938428502e-08,9.641969000995232e-08,0.7037735821248037,3.9857361855411e-08,45,1,1,same_source_cyclic_next_latent,False
train,reid,60,10,5.483506626546841e-08,3.9934545270625676e-07,0.8626876407534732,9.00355345834214e-08,45,1,1,same_source_cyclic_next_latent,False
train,reid,60,25,4.1407707840335206e-07,2.613964852571371e-06,0.8415904184801788,4.355510725417844e-07,45,1,1,same_source_cyclic_next_latent,False
train,reid,60,50,2.0305265024944674e-06,1.078044169844361e-05,0.8116471885574393,2.1041437321400736e-06,45,1,1,same_source_cyclic_next_latent,False
train,reid,60,75,4.959146281180438e-06,2.4720842702663504e-05,0.7993941249969556,5.274015165923629e-06,45,1,1,same_source_cyclic_next_latent,False
train,reid,60,100,9.451026016904507e-06,4.460650961846113e-05,0.7881245114728043,1.0215320799034089e-05,45,1,1,same_source_cyclic_next_latent,False
train,reid,60,125,1.5606956367264502e-05,7.057588663883507e-05,0.7788627658745328,1.720807449601125e-05,45,1,1,same_source_cyclic_next_latent,False
train,reid,60,149,2.3170001441030763e-05,0.00010132297029485926,0.7713252841522125,2.6023270038422197e-05,45,1,1,same_source_cyclic_next_latent,False
train,reid,60,175,3.3325242839055136e-05,0.00014116728561930358,0.7639308378505922,3.798536999966018e-05,45,1,1,same_source_cyclic_next_latent,False
train,reid,60,199,4.464846642804332e-05,0.00018406144226901233,0.7574262926681407,5.1206923671998084e-05,45,1,1,same_source_cyclic_next_latent,False
train,reid,45,0,1.1500593366520206e-08,0.0,,1.31688340232472e-08,43,1,1,same_source_cyclic_next_latent,False
train,reid,45,5,3.533118331233709e-08,1.0940514982848981e-07,0.6770610582068175,4.739240466733463e-08,43,1,1,same_source_cyclic_next_latent,False
train,reid,45,10,5.994957064103801e-08,4.6404014142353844e-07,0.8708095156226563,1.438288279587141e-07,43,1,1,same_source_cyclic_next_latent,False
train,reid,45,25,2.8989634870413283e-07,3.1349377422884572e-06,0.9075272389643971,1.0903390830208082e-06,43,1,1,same_source_cyclic_next_latent,False
train,reid,45,50,1.4880757817081758e-06,1.3438479982141871e-05,0.8892675523060904,5.370459348341683e-06,43,1,1,same_source_cyclic_next_latent,False
train,reid,45,75,3.8141608911246294e-06,3.1573268643114716e-05,0.8791965148037849,1.297520793741569e-05,43,1,1,same_source_cyclic_next_latent,False
train,reid,45,100,7.435885891027283e-06,5.785295434179716e-05,0.8714692105938822,2.440643947920762e-05,43,1,1,same_source_cyclic_next_latent,False
train,reid,45,125,1.246593728865264e-05,9.246835543308407e-05,0.8651869904004752,3.982206908403896e-05,43,1,1,same_source_cyclic_next_latent,False
train,reid,45,149,1.868837898655329e-05,0.00013366823259275407,0.8601883287894512,5.834874900756404e-05,43,1,1,same_source_cyclic_next_latent,False
train,reid,45,175,2.7059959393227473e-05,0.00018724941764958203,0.8554870838430729,8.248788071796298e-05,43,1,1,same_source_cyclic_next_latent,False
train,reid,45,199,3.636960173025727e-05,0.00024507357738912106,0.8515972137114127,0.00010836242290679365,43,1,1,same_source_cyclic_next_latent,False
train,reid,43,0,1.2807868543518452e-08,0.0,,1.3025015732637257e-08,73,1,1,same_source_cyclic_next_latent,False
train,reid,43,5,3.6326131436226206e-08,1.0691530860640341e-07,0.6602345173041895,3.034515216882028e-08,73,1,1,same_source_cyclic_next_latent,False
train,reid,43,10,5.582651496638391e-08,4.3156654783160775e-07,0.8706421634232717,5.022572580060114e-08,73,1,1,same_source_cyclic_next_latent,False
train,reid,43,25,4.67366341183606e-08,2.7168591714143986e-06,0.9827975499760522,5.679880032971596e-08,73,1,1,same_source_cyclic_next_latent,False
train,reid,43,50,9.998289840496e-08,1.0897718311753124e-05,0.9908253365021255,1.3826874578626303e-07,73,1,1,same_source_cyclic_next_latent,False
train,reid,43,75,2.2296609358818387e-07,2.4548364308429882e-05,0.9909172729071966,3.746312131625018e-07,73,1,1,same_source_cyclic_next_latent,False
train,reid,43,100,3.641578700808168e-07,4.367970905150287e-05,0.9916629968928722,6.747297334186442e-07,73,1,1,same_source_cyclic_next_latent,False
train,reid,43,125,5.431865020000259e-07,6.829092308180407e-05,0.9920459926812036,9.8916427759832e-07,73,1,1,same_source_cyclic_next_latent,False
train,reid,43,149,7.753098429930105e-07,9.707405115477741e-05,0.9920132122460117,1.3385127886067494e-06,73,1,1,same_source_cyclic_next_latent,False
train,reid,43,175,1.0989524525939487e-06,0.000133975685457699,0.9917973739127394,1.829656525842438e-06,73,1,1,same_source_cyclic_next_latent,False
train,reid,43,199,1.4875851093165693e-06,0.00017330388072878122,0.9914163196862013,2.4276844214909943e-06,73,1,1,same_source_cyclic_next_latent,False
train,reid,73,0,1.1684862855076972e-08,0.0,,9.936361067275357e-09,85,1,1,same_source_cyclic_next_latent,False
train,reid,73,5,2.188180125983763e-08,1.0321873844532092e-07,0.7880055347563728,2.395567832991219e-08,85,1,1,same_source_cyclic_next_latent,False
train,reid,73,10,3.003606963147831e-08,4.1087471913670015e-07,0.9268972554588223,5.1772225617696677e-08,85,1,1,same_source_cyclic_next_latent,False
train,reid,73,25,2.492523165642524e-08,2.558030018917634e-06,0.9902560832077445,2.6634069172359887e-07,85,1,1,same_source_cyclic_next_latent,False
train,reid,73,50,9.2843116306085e-08,1.0220051990472712e-05,0.9909155925632634,1.3210874385549687e-06,85,1,1,same_source_cyclic_next_latent,False
train,reid,73,75,1.7846805633325857e-07,2.298522122146096e-05,0.9922355301863867,3.1405688787344843e-06,85,1,1,same_source_cyclic_next_latent,False
train,reid,73,100,2.9489362418644305e-07,4.0849776269169524e-05,0.9927810222938966,5.710430741601158e-06,85,1,1,same_source_cyclic_next_latent,False
train,reid,73,125,4.498923260598531e-07,6.38140772935003e-05,0.9929499517169126,9.176965249935165e-06,85,1,1,same_source_cyclic_next_latent,False
train,reid,73,149,6.498282800748711e-07,9.065200720215216e-05,0.9928316173008087,1.3523176676244475e-05,85,1,1,same_source_cyclic_next_latent,False
train,reid,73,175,9.362082096231461e-07,0.0001250171335414052,0.9925113607782963,1.9614801203715615e-05,85,1,1,same_source_cyclic_next_latent,False
train,reid,73,199,1.2926360568599193e-06,0.0001616336521692574,0.9920026798905323,2.686767402337864e-05,85,1,1,same_source_cyclic_next_latent,False
train,reid,85,0,1.1822629097935078e-08,0.0,,1.0378101933383732e-08,60,1,1,same_source_cyclic_next_latent,False
train,reid,85,5,2.9523191003022475e-08,9.90699291492092e-08,0.7019964457776324,2.2419868628276163e-08,60,1,1,same_source_cyclic_next_latent,False
train,reid,85,10,5.551958892624498e-08,4.059011473600549e-07,0.8632189406525715,2.828907419427651e-08,60,1,1,same_source_cyclic_next_latent,False
train,reid,85,25,1.9251194771641167e-07,2.6302745936845895e-06,0.926809182517049,3.544910782693478e-07,60,1,1,same_source_cyclic_next_latent,False
train,reid,85,50,7.467226055268839e-07,1.072301711246837e-05,0.9303626397594181,1.9822700778604485e-06,60,1,1,same_source_cyclic_next_latent,False
train,reid,85,75,1.7431652850063983e-06,2.430160930089187e-05,0.9282695535335421,4.240414455125574e-06,60,1,1,same_source_cyclic_next_latent,False
train,reid,85,100,3.191216819686815e-06,4.336205529398285e-05,0.9264053145532138,7.609629847138422e-06,60,1,1,same_source_cyclic_next_latent,False
train,reid,85,125,5.117328328196891e-06,6.791073246859014e-05,0.9246462504205246,1.2477980817493517e-05,60,1,1,same_source_cyclic_next_latent,False
train,reid,85,149,7.443319645972224e-06,9.663699165685102e-05,0.9229764966980475,1.8446871763444506e-05,60,1,1,same_source_cyclic_next_latent,False
train,reid,85,175,1.0503592420718633e-05,0.0001334734115516767,0.9213057319910343,2.5866438591037877e-05,60,1,1,same_source_cyclic_next_latent,False
train,reid,85,199,1.3832710465067066e-05,0.00017275374557357281,0.9199281588995941,3.303825360490009e-05,60,1,1,same_source_cyclic_next_latent,False
train,depablo_low_temp,99,0,2.3549056038518756e-08,0.0,,5.695804716765451e-08,145,1,1,same_source_cyclic_next_latent,False
train,depablo_low_temp,99,5,1.0078881729214118e-08,1.005318210900441e-07,0.8997443633276404,1.7010572506137578e-08,145,1,1,same_source_cyclic_next_latent,False
train,depablo_low_temp,99,10,1.5703427891367028e-08,4.115541969440528e-07,0.961843596765697,5.98327147827149e-08,145,1,1,same_source_cyclic_next_latent,False
train,depablo_low_temp,99,25,7.494495690707481e-08,2.6255513603246072e-06,0.9714555357630448,5.992831688672595e-07,145,1,1,same_source_cyclic_next_latent,False
train,depablo_low_temp,99,50,3.1372940156870754e-07,1.0610699973767623e-05,0.9704327327749982,2.3304703518078895e-06,145,1,1,same_source_cyclic_next_latent,False
train,depablo_low_temp,99,75,7.562546215922339e-07,2.4012397261685692e-05,0.9685056592496528,5.02418424730422e-06,145,1,1,same_source_cyclic_next_latent,False
train,depablo_low_temp,99,100,1.376556156174047e-06,4.2894575017271563e-05,0.9679083857196447,8.759026968618855e-06,145,1,1,same_source_cyclic_next_latent,False
train,depablo_low_temp,99,125,2.180777073590434e-06,6.73249815008603e-05,0.9676082038943811,1.379316563543398e-05,145,1,1,same_source_cyclic_next_latent,False
train,depablo_low_temp,99,149,3.147570623696083e-06,9.607322863303125e-05,0.9672377969546668,2.0050596504006535e-05,145,1,1,same_source_cyclic_next_latent,False
train,depablo_low_temp,99,175,4.447801984497346e-06,0.00013315709657035768,0.9665973342836653,2.821016823872924e-05,145,1,1,same_source_cyclic_next_latent,False
train,depablo_low_temp,99,199,5.926475751039106e-06,0.00017297302838414907,0.9657375730401319,3.67122411262244e-05,145,1,1,same_source_cyclic_next_latent,False
train,depablo_low_temp,145,0,7.579881611263772e-08,0.0,,3.364797507288131e-08,7,1,1,same_source_cyclic_next_latent,False
train,depablo_low_temp,145,5,2.427223932954803e-08,1.0263002536703425e-07,0.7634976777727223,1.5677905196298525e-08,7,1,1,same_source_cyclic_next_latent,False
train,depablo_low_temp,145,10,3.0158151531622934e-08,4.3361850998735463e-07,0.930450036525188,3.4607143817311226e-08,7,1,1,same_source_cyclic_next_latent,False
train,depablo_low_temp,145,25,2.42589777599278e-07,2.8988624762860127e-06,0.9163155273546881,4.415645662447787e-07,7,1,1,same_source_cyclic_next_latent,False
train,depablo_low_temp,145,50,8.780701818977832e-07,1.2047797099512536e-05,0.9271177813964587,2.7354531084711198e-06,7,1,1,same_source_cyclic_next_latent,False
train,depablo_low_temp,145,75,1.934149395310669e-06,2.75988695648266e-05,0.9299192530053605,7.051366992527619e-06,7,1,1,same_source_cyclic_next_latent,False
train,depablo_low_temp,145,100,3.469882813078584e-06,4.965141852153465e-05,0.9301151323285227,1.3627810403704643e-05,7,1,1,same_source_cyclic_next_latent,False
train,depablo_low_temp,145,125,5.49222113477299e-06,7.831659604562446e-05,0.9298715545352173,2.231292637588922e-05,7,1,1,same_source_cyclic_next_latent,False
train,depablo_low_temp,145,149,7.848525456211064e-06,0.00011215145786991343,0.9300185159847435,3.199821730959229e-05,7,1,1,same_source_cyclic_next_latent,False
train,depablo_low_temp,145,175,1.089374018192757e-05,0.0001558988878969103,0.9301230411012864,4.3424679461168125e-05,7,1,1,same_source_cyclic_next_latent,False
train,depablo_low_temp,145,199,1.4477646800514776e-05,0.00020291323016863316,0.928651045629292,5.4703315981896594e-05,7,1,1,same_source_cyclic_next_latent,False
train,depablo_low_temp,7,0,2.001434040721506e-08,0.0,,8.394192008154278e-09,133,1,1,same_source_cyclic_next_latent,False
train,depablo_low_temp,7,5,1.3917373919980491e-08,1.011753809621041e-07,0.862443078665616,5.383461854080451e-08,133,1,1,same_source_cyclic_next_latent,False
train,depablo_low_temp,7,10,3.995149810975818e-08,4.1584544874240237e-07,0.9039270521522376,1.5591827207117603e-07,133,1,1,same_source_cyclic_next_latent,False
train,depablo_low_temp,7,25,1.5032655653612892e-07,2.653020374054904e-06,0.9433375793091373,7.34137472591101e-07,133,1,1,same_source_cyclic_next_latent,False
train,depablo_low_temp,7,50,4.885148996436328e-07,1.0714314157667104e-05,0.9544053970739644,3.0108733426459366e-06,133,1,1,same_source_cyclic_next_latent,False
train,depablo_low_temp,7,75,1.0891592410189332e-06,2.4235781893366948e-05,0.955059867851137,7.26446887711063e-06,133,1,1,same_source_cyclic_next_latent,False
train,depablo_low_temp,7,100,1.9387391603231663e-06,4.327576607465744e-05,0.955200350307409,1.3355033843254205e-05,133,1,1,same_source_cyclic_next_latent,False
train,depablo_low_temp,7,125,3.025288606295362e-06,6.790105544496328e-05,0.9554456320822953,2.1172807464608923e-05,133,1,1,same_source_cyclic_next_latent,False
train,depablo_low_temp,7,149,4.294206974009285e-06,9.687045530881733e-05,0.9556706225822971,3.0360986784216948e-05,133,1,1,same_source_cyclic_next_latent,False
train,depablo_low_temp,7,175,6.038733317836886e-06,0.0001342045870842412,0.9550035252219335,4.2268333345418796e-05,133,1,1,same_source_cyclic_next_latent,False
train,depablo_low_temp,7,199,8.196950147976168e-06,0.0001742498279782012,0.9529586327683399,5.513762152986601e-05,133,1,1,same_source_cyclic_next_latent,False
train,depablo_low_temp,133,0,1.4466315256811413e-08,0.0,,4.510845386107576e-08,198,1,1,same_source_cyclic_next_latent,False
train,depablo_low_temp,133,5,3.965180539466928e-08,1.0488408719311337e-07,0.6219464128847108,3.5778448648216e-08,198,1,1,same_source_cyclic_next_latent,False
train,depablo_low_temp,133,10,5.983410744647699e-08,4.206289361263771e-07,0.857750852812228,1.3342987870146317e-07,198,1,1,same_source_cyclic_next_latent,False
train,depablo_low_temp,133,25,4.2625114105021567e-08,2.6371496915089665e-06,0.9838366725096171,1.2286127457628027e-06,198,1,1,same_source_cyclic_next_latent,False
train,depablo_low_temp,133,50,9.493744101973789e-08,1.056383189279586e-05,0.9910129731348261,6.436397598008625e-06,198,1,1,same_source_cyclic_next_latent,False
train,depablo_low_temp,133,75,2.1192235521994007e-07,2.3784537916071713e-05,0.9910899107660721,1.4818134332017507e-05,198,1,1,same_source_cyclic_next_latent,False
train,depablo_low_temp,133,100,3.6556676263899135e-07,4.23004494223278e-05,0.9913578515682145,2.6749334210762754e-05,198,1,1,same_source_cyclic_next_latent,False
train,depablo_low_temp,133,125,5.470470227919577e-07,6.611568096559495e-05,0.9917259110879214,4.2748117266455665e-05,198,1,1,same_source_cyclic_next_latent,False
train,depablo_low_temp,133,149,7.772216576995561e-07,9.396969107910991e-05,0.9917290176356413,6.202382064657286e-05,198,1,1,same_source_cyclic_next_latent,False
train,depablo_low_temp,133,175,1.1293778925391962e-06,0.0001296565606025979,0.9912894658990625,8.672981493873522e-05,198,1,1,same_source_cyclic_next_latent,False
train,depablo_low_temp,133,199,1.5863577118579997e-06,0.00016769676585681736,0.9905403201799821,0.0001120687011280097,198,1,1,same_source_cyclic_next_latent,False
train,depablo_low_temp,198,0,3.788457192399619e-08,0.0,,3.188181096902554e-08,99,1,1,same_source_cyclic_next_latent,False
train,depablo_low_temp,198,5,1.0883229428770846e-08,1.0731390176488276e-07,0.8985850924271187,2.421143108222168e-08,99,1,1,same_source_cyclic_next_latent,False
train,depablo_low_temp,198,10,3.8727048234932226e-08,4.575125842620764e-07,0.9153530425892105,6.799880480912179e-08,99,1,1,same_source_cyclic_next_latent,False
train,depablo_low_temp,198,25,2.0903601694044482e-07,3.006710130648571e-06,0.9304768308691752,4.441070302618755e-07,99,1,1,same_source_cyclic_next_latent,False
train,depablo_low_temp,198,50,6.658763140876545e-07,1.2325030184001662e-05,0.9459736565228062,1.6824809563331655e-06,99,1,1,same_source_cyclic_next_latent,False
train,depablo_low_temp,198,75,1.5298246580641717e-06,2.8102962460252456e-05,0.9455635803439625,3.7486186101887142e-06,99,1,1,same_source_cyclic_next_latent,False
train,depablo_low_temp,198,100,2.8039689823344816e-06,5.048274033470079e-05,0.9444568784550095,7.004187409620499e-06,99,1,1,same_source_cyclic_next_latent,False
train,depablo_low_temp,198,125,4.534397248789901e-06,7.960081711644307e-05,0.9430357951959611,1.1545374945853837e-05,99,1,1,same_source_cyclic_next_latent,False
train,depablo_low_temp,198,149,6.670417860732414e-06,0.00011402370728319511,0.941499728261199,1.707956107566133e-05,99,1,1,same_source_cyclic_next_latent,False
train,depablo_low_temp,198,175,9.54718234424945e-06,0.00015858883853070438,0.9397991533786217,2.4326174752786756e-05,99,1,1,same_source_cyclic_next_latent,False
train,depablo_low_temp,198,199,1.275506929232506e-05,0.00020657408458646387,0.938254262058771,3.214709795429371e-05,99,1,1,same_source_cyclic_next_latent,False
train,lj_noisy,178,0,8.587947064597756e-08,0.0,,1.3435393952931918e-07,199,1,1,same_source_cyclic_next_latent,False
train,lj_noisy,178,5,4.192805747038619e-08,8.898146575120336e-08,0.5288001032977008,1.1171626823625047e-07,199,1,1,same_source_cyclic_next_latent,False
train,lj_noisy,178,10,3.507857115891966e-08,3.5017228583456017e-07,0.8998248217293454,1.4076387344630348e-07,199,1,1,same_source_cyclic_next_latent,False
train,lj_noisy,178,25,2.6437254518896225e-07,2.1434675545606297e-06,0.8766612796977216,6.635558520429186e-07,199,1,1,same_source_cyclic_next_latent,False
train,lj_noisy,178,50,1.5145283214224037e-06,8.785852514847647e-06,0.8276173747666573,3.1315225896833e-06,199,1,1,same_source_cyclic_next_latent,False
train,lj_noisy,178,75,3.961287802667357e-06,2.023533670580946e-05,0.8042390961782172,7.3350297498109285e-06,199,1,1,same_source_cyclic_next_latent,False
train,lj_noisy,178,100,7.298105629161e-06,3.592209759517573e-05,0.7968352040182329,1.2847413017880172e-05,199,1,1,same_source_cyclic_next_latent,False
train,lj_noisy,178,125,1.1488263226056006e-05,5.6316977861570194e-05,0.7960071072298179,1.981814784812741e-05,199,1,1,same_source_cyclic_next_latent,False
train,lj_noisy,178,149,1.5410703781526536e-05,8.071761840255931e-05,0.8090788097256607,2.6047333449241705e-05,199,1,1,same_source_cyclic_next_latent,False
train,lj_noisy,178,175,1.958812390512321e-05,0.00011241415631957352,0.825750381033527,3.2421081414213404e-05,199,1,1,same_source_cyclic_next_latent,False
train,lj_noisy,178,199,2.4153456251951866e-05,0.00014669761003460735,0.8353520807445067,3.9031616324791685e-05,199,1,1,same_source_cyclic_next_latent,False
train,lj_noisy,199,0,1.107199878447318e-07,0.0,,8.665401196594757e-08,42,1,1,same_source_cyclic_next_latent,False
train,lj_noisy,199,5,6.618658687784773e-08,9.910389309197853e-08,0.33214947654559024,3.855566177435321e-08,42,1,1,same_source_cyclic_next_latent,False
train,lj_noisy,199,10,6.38323598423085e-08,4.1158244812322664e-07,0.8449099077636146,4.2669515920579215e-08,42,1,1,same_source_cyclic_next_latent,False
train,lj_noisy,199,25,3.1071223816070415e-07,2.667711441972642e-06,0.8835285431279826,3.2979070851979486e-07,42,1,1,same_source_cyclic_next_latent,False
train,lj_noisy,199,50,1.7206079974130262e-06,1.0994632248184644e-05,0.8435047249809451,1.8418135141473613e-06,42,1,1,same_source_cyclic_next_latent,False
train,lj_noisy,199,75,4.76649393021944e-06,2.538395165174734e-05,0.8122241172055127,5.232569037616486e-06,42,1,1,same_source_cyclic_next_latent,False
train,lj_noisy,199,100,9.726502867124509e-06,4.609454845194705e-05,0.7889879998007951,1.0875845873670187e-05,42,1,1,same_source_cyclic_next_latent,False
train,lj_noisy,199,125,1.548665386508219e-05,7.323205500142649e-05,0.7885262967865572,1.7483031115261838e-05,42,1,1,same_source_cyclic_next_latent,False
train,lj_noisy,199,149,2.125362698279787e-05,0.00010478922195034102,0.7971773567240548,2.4203678549383767e-05,42,1,1,same_source_cyclic_next_latent,False
train,lj_noisy,199,175,2.833972394000739e-05,0.00014562370779458433,0.8053907267628209,3.262696191086434e-05,42,1,1,same_source_cyclic_next_latent,False
train,lj_noisy,199,199,3.6207769881002605e-05,0.00019014337158296257,0.8095764812647988,4.213431020616554e-05,42,1,1,same_source_cyclic_next_latent,False
train,lj_noisy,42,0,1.0713846876342359e-07,0.0,,1.0601443989344261e-07,102,1,1,same_source_cyclic_next_latent,False
train,lj_noisy,42,5,6.22378593106987e-08,9.799599354209931e-08,0.3648938384000243,7.874908192206931e-08,102,1,1,same_source_cyclic_next_latent,False
train,lj_noisy,42,10,5.3328641058669746e-08,4.02869886784174e-07,0.867628128067961,9.548661950020687e-08,102,1,1,same_source_cyclic_next_latent,False
train,lj_noisy,42,25,2.2925311782273639e-07,2.6836687538889237e-06,0.9145747337518746,4.5101171508576954e-07,102,1,1,same_source_cyclic_next_latent,False
train,lj_noisy,42,50,1.121313289331738e-06,1.129412430600496e-05,0.9007171110437001,2.0716938706755172e-06,102,1,1,same_source_cyclic_next_latent,False
train,lj_noisy,42,75,2.62976959675143e-06,2.5744931917870417e-05,0.8978529209111631,5.671082817571005e-06,102,1,1,same_source_cyclic_next_latent,False
train,lj_noisy,42,100,4.932229785481468e-06,4.618121238308959e-05,0.8931983477487151,1.1250024726905394e-05,102,1,1,same_source_cyclic_next_latent,False
train,lj_noisy,42,125,7.754694706818555e-06,7.250723137985915e-05,0.8930493612948428,1.661244641582016e-05,102,1,1,same_source_cyclic_next_latent,False
train,lj_noisy,42,149,1.0883196409849916e-05,0.0001034081433317624,0.8947549384487684,2.0083711206098087e-05,102,1,1,same_source_cyclic_next_latent,False
train,lj_noisy,42,175,1.5073366739670746e-05,0.00014329282566905022,0.8948072475415882,2.336513534828555e-05,102,1,1,same_source_cyclic_next_latent,False
train,lj_noisy,42,199,1.9738094124477357e-05,0.00018602452473714948,0.8938952046652608,2.7836929803015664e-05,102,1,1,same_source_cyclic_next_latent,False
train,lj_noisy,102,0,6.819767861543369e-08,0.0,,9.936262301835086e-08,99,1,1,same_source_cyclic_next_latent,False
train,lj_noisy,102,5,3.180133845148703e-08,1.047859115033134e-07,0.696511315354818,4.266638242711451e-08,99,1,1,same_source_cyclic_next_latent,False
train,lj_noisy,102,10,4.695132460597051e-08,4.6877312342985533e-07,0.8998421149607652,4.551963428411909e-08,99,1,1,same_source_cyclic_next_latent,False
train,lj_noisy,102,25,3.659406502265483e-07,3.25413498103444e-06,0.8875459523469978,3.918995901130984e-07,99,1,1,same_source_cyclic_next_latent,False
train,lj_noisy,102,50,1.815604491639533e-06,1.3549693903769366e-05,0.866004021601222,1.975411123567028e-06,99,1,1,same_source_cyclic_next_latent,False
train,lj_noisy,102,75,4.507789071794832e-06,3.12767515424639e-05,0.8558741285624025,4.950827133143321e-06,99,1,1,same_source_cyclic_next_latent,False
train,lj_noisy,102,100,8.472728040942457e-06,5.606986815109849e-05,0.848889816931441,9.316252544522285e-06,99,1,1,same_source_cyclic_next_latent,False
train,lj_noisy,102,125,1.3765836229140405e-05,8.798276394372806e-05,0.8435393978081349,1.538855030958075e-05,99,1,1,same_source_cyclic_next_latent,False
train,lj_noisy,102,149,2.0181707441224717e-05,0.00012481326120905578,0.8383047823145859,2.2945147065911442e-05,99,1,1,same_source_cyclic_next_latent,False
train,lj_noisy,102,175,2.9238100978545845e-05,0.0001706574548734352,0.8286737546846124,3.281898534623906e-05,99,1,1,same_source_cyclic_next_latent,False
train,lj_noisy,102,199,4.078408528584987e-05,0.00021850221673958004,0.8133470410762101,4.3828833440784365e-05,99,1,1,same_source_cyclic_next_latent,False
train,lj_noisy,99,0,1.0131080330211262e-07,0.0,,6.175785927098332e-08,178,1,1,same_source_cyclic_next_latent,False
train,lj_noisy,99,5,5.407926906286775e-08,8.34548146144698e-08,0.3519934192809143,2.42235103087296e-08,178,1,1,same_source_cyclic_next_latent,False
train,lj_noisy,99,10,4.8560544030351593e-08,3.481648036540719e-07,0.8605242588547228,3.374985979576195e-08,178,1,1,same_source_cyclic_next_latent,False
train,lj_noisy,99,25,2.767596640751435e-07,2.3629713723494206e-06,0.8828764210545763,3.999707871571445e-07,178,1,1,same_source_cyclic_next_latent,False
train,lj_noisy,99,50,1.3613409919344122e-06,9.879052413452882e-06,0.8621992337968979,1.935353793669492e-06,178,1,1,same_source_cyclic_next_latent,False
train,lj_noisy,99,75,3.532161827024538e-06,2.2769198039895855e-05,0.8448710481223126,4.8803944991959725e-06,178,1,1,same_source_cyclic_next_latent,False
train,lj_noisy,99,100,7.075189387251157e-06,4.133538095629774e-05,0.8288345426226633,9.689005310065113e-06,178,1,1,same_source_cyclic_next_latent,False
train,lj_noisy,99,125,1.246809733856935e-05,6.574357394129038e-05,0.8103526080023657,1.6628977391519584e-05,178,1,1,same_source_cyclic_next_latent,False
train,lj_noisy,99,149,2.0337212845333852e-05,9.555911674397066e-05,0.7871766343359694,2.5806488338275813e-05,178,1,1,same_source_cyclic_next_latent,False
train,lj_noisy,99,175,3.248830762458965e-05,0.0001350232632830739,0.7593873319705029,3.906285564880818e-05,178,1,1,same_source_cyclic_next_latent,False
train,lj_noisy,99,199,4.5146920456318185e-05,0.0001759650040185079,0.7434323903884339,5.2559495088644326e-05,178,1,1,same_source_cyclic_next_latent,False
validation,reid,41,0,7.684739955493569e-09,0.0,,9.813193813101861e-09,49,1,1,same_source_cyclic_next_latent,False
validation,reid,41,5,1.9867451683808213e-08,1.1149158041234841e-07,0.8218031208246487,2.7829324622530294e-08,49,1,1,same_source_cyclic_next_latent,False
validation,reid,41,10,4.286438226586142e-08,4.7308003559010103e-07,0.9093929588206061,5.1659053923458487e-08,49,1,1,same_source_cyclic_next_latent,False
validation,reid,41,25,3.344680123973376e-07,3.1498402677243575e-06,0.8938142940692742,3.4906753398900037e-07,49,1,1,same_source_cyclic_next_latent,False
validation,reid,41,50,1.6966978364507668e-06,1.3119908544467762e-05,0.8706776170961794,1.913937921926845e-06,49,1,1,same_source_cyclic_next_latent,False
validation,reid,41,75,4.407311280374415e-06,3.0207520467229187e-05,0.8540988729890719,5.081289600639138e-06,49,1,1,same_source_cyclic_next_latent,False
validation,reid,41,100,8.546339813619852e-06,5.462400440592319e-05,0.8435424149773039,1.0380331332271453e-05,49,1,1,same_source_cyclic_next_latent,False
validation,reid,41,125,1.4205164916347712e-05,8.655185956740752e-05,0.8358768374550685,1.830617657105904e-05,49,1,1,same_source_cyclic_next_latent,False
validation,reid,41,149,2.13316689041676e-05,0.00012444172170944512,0.8285810529528496,2.8540825951495208e-05,49,1,1,same_source_cyclic_next_latent,False
validation,reid,41,175,3.161107815685682e-05,0.00017371567082591355,0.8180297839189455,4.2179395677521825e-05,49,1,1,same_source_cyclic_next_latent,False
validation,reid,41,199,4.435795563040301e-05,0.000227016702410765,0.8046048807891609,5.6650555052328855e-05,49,1,1,same_source_cyclic_next_latent,False
validation,reid,49,0,7.02996594270644e-09,0.0,,8.731105616277546e-09,25,1,1,same_source_cyclic_next_latent,False
validation,reid,49,5,3.618092847545995e-08,1.0523766036385496e-07,0.6561979014892021,3.3342988814411e-08,25,1,1,same_source_cyclic_next_latent,False
validation,reid,49,10,1.0085514645652438e-07,4.594179756622907e-07,0.7804719192558085,6.877691305362532e-08,25,1,1,same_source_cyclic_next_latent,False
validation,reid,49,25,7.093574367900146e-07,3.2462357921758667e-06,0.7814830831143813,8.454697990600835e-07,25,1,1,same_source_cyclic_next_latent,False
validation,reid,49,50,3.705070184878423e-06,1.4092956007516477e-05,0.7370977257785858,4.778885795531096e-06,25,1,1,same_source_cyclic_next_latent,False
validation,reid,49,75,9.301030331698712e-06,3.3031355997081846e-05,0.7184181499384884,1.2144243555667344e-05,25,1,1,same_source_cyclic_next_latent,False
validation,reid,49,100,1.7459251466789283e-05,6.0234524426050484e-05,0.7101454417852359,2.2607584469369613e-05,25,1,1,same_source_cyclic_next_latent,False
validation,reid,49,125,2.806454722303897e-05,9.579287143424153e-05,0.7070288550405934,3.4834243706427515e-05,25,1,1,same_source_cyclic_next_latent,False
validation,reid,49,149,4.0508191887056455e-05,0.0001378952874802053,0.706239476146918,4.7243691369658336e-05,25,1,1,same_source_cyclic_next_latent,False
validation,reid,49,175,5.6519562349421903e-05,0.00019256462110206485,0.7064904133170709,6.202060467330739e-05,25,1,1,same_source_cyclic_next_latent,False
validation,reid,49,199,7.367859507212415e-05,0.0002518006949685514,0.7073932020667131,8.027637522900477e-05,25,1,1,same_source_cyclic_next_latent,False
validation,reid,25,0,8.522380134934338e-09,0.0,,1.7429274024038932e-08,93,1,1,same_source_cyclic_next_latent,False
validation,reid,25,5,3.644073842679063e-08,1.0530127525498756e-07,0.6539382990514673,6.791450601895122e-08,93,1,1,same_source_cyclic_next_latent,False
validation,reid,25,10,8.322902544932731e-08,4.6677956788698793e-07,0.8216952258084315,2.3005208049653447e-07,93,1,1,same_source_cyclic_next_latent,False
validation,reid,25,25,8.29629698273493e-07,3.385780473763589e-06,0.7549664827054521,1.6198512184928404e-06,93,1,1,same_source_cyclic_next_latent,False
validation,reid,25,50,4.242947397870012e-06,1.4759227269678377e-05,0.7125223888525113,7.689387530263048e-06,93,1,1,same_source_cyclic_next_latent,False
validation,reid,25,75,1.0451201887917705e-05,3.434355676290579e-05,0.6956866768323202,1.8769720554701053e-05,93,1,1,same_source_cyclic_next_latent,False
validation,reid,25,100,1.931564838741906e-05,6.215853500179946e-05,0.6892518720581191,3.4780652640620247e-05,93,1,1,same_source_cyclic_next_latent,False
validation,reid,25,125,3.0351904570125043e-05,9.824951848713681e-05,0.6910732486276885,5.5549662647536024e-05,93,1,1,same_source_cyclic_next_latent,False
validation,reid,25,149,4.285763861844316e-05,0.0001407447998644784,0.6954939815914314,7.994806219357997e-05,93,1,1,same_source_cyclic_next_latent,False
validation,reid,25,175,5.9416022850200534e-05,0.00019554639584384859,0.6961538329878166,0.00011141175491502509,93,1,1,same_source_cyclic_next_latent,False
validation,reid,25,199,8.016484935069457e-05,0.00025431934045627713,0.6847866575665463,0.00014526046288665384,93,1,1,same_source_cyclic_next_latent,False
validation,reid,93,0,1.9200768974769744e-08,0.0,,1.3976923618486126e-08,84,1,1,same_source_cyclic_next_latent,False
validation,reid,93,5,3.222388755830252e-08,1.0514619930290792e-07,0.6935325501830922,2.524809694648411e-08,84,1,1,same_source_cyclic_next_latent,False
validation,reid,93,10,4.463388236786159e-08,4.2241856590408133e-07,0.8943373090803102,4.538488695970955e-08,84,1,1,same_source_cyclic_next_latent,False
validation,reid,93,25,5.201671982035805e-08,2.6625341433828e-06,0.980463454356206,1.2305925167765963e-07,84,1,1,same_source_cyclic_next_latent,False
validation,reid,93,50,2.2791545006839442e-07,1.0701617611630354e-05,0.9787027103434626,5.004581566936395e-07,84,1,1,same_source_cyclic_next_latent,False
validation,reid,93,75,4.949563958689396e-07,2.4128486984409392e-05,0.9794866376748466,1.2515490652731387e-06,84,1,1,same_source_cyclic_next_latent,False
validation,reid,93,100,8.797208010946633e-07,4.294652535463683e-05,0.9795159027690774,2.357101493544178e-06,84,1,1,same_source_cyclic_next_latent,False
validation,reid,93,125,1.3423667724055122e-06,6.716716598020867e-05,0.9800145390561654,3.816342086793156e-06,84,1,1,same_source_cyclic_next_latent,False
validation,reid,93,149,1.8775716625896166e-06,9.55089635681361e-05,0.9803414088851445,5.57490511710057e-06,84,1,1,same_source_cyclic_next_latent,False
validation,reid,93,175,2.6121620066987816e-06,0.0001318353315582499,0.9801861763775773,7.904816811787896e-06,84,1,1,same_source_cyclic_next_latent,False
validation,reid,93,199,3.483162572592846e-06,0.00017057791410479695,0.9795802253130326,1.0485106940905098e-05,84,1,1,same_source_cyclic_next_latent,False
validation,reid,84,0,1.2920992276121979e-08,0.0,,1.305897967540659e-08,96,1,1,same_source_cyclic_next_latent,False
validation,reid,84,5,2.6969862787495913e-08,9.34500405946892e-08,0.7113980623671488,3.6004387027332996e-08,96,1,1,same_source_cyclic_next_latent,False
validation,reid,84,10,4.437370293430831e-08,3.706644804424286e-07,0.8802860665760489,5.772766797917939e-08,96,1,1,same_source_cyclic_next_latent,False
validation,reid,84,25,8.677308471760625e-08,2.3013249119685497e-06,0.9622942921852001,1.1087782780805355e-07,96,1,1,same_source_cyclic_next_latent,False
validation,reid,84,50,2.715463551794528e-07,9.18923342396738e-06,0.9704495094801701,3.1278591450245585e-07,96,1,1,same_source_cyclic_next_latent,False
validation,reid,84,75,6.150875151433866e-07,2.066570050374139e-05,0.970236309433013,7.344904133788077e-07,96,1,1,same_source_cyclic_next_latent,False
validation,reid,84,100,1.1097533842985285e-06,3.673380706459284e-05,0.9697893174440881,1.4336123967950698e-06,96,1,1,same_source_cyclic_next_latent,False
validation,reid,84,125,1.7536556242703227e-06,5.7396227930439636e-05,0.969446500449548,2.4059834231593413e-06,96,1,1,same_source_cyclic_next_latent,False
validation,reid,84,149,2.5089884729823098e-06,8.155551040545106e-05,0.9692358191309338,3.568623014871264e-06,96,1,1,same_source_cyclic_next_latent,False
validation,reid,84,175,3.4625575153768295e-06,0.00011250645911786705,0.96922347798939,5.086525561637245e-06,96,1,1,same_source_cyclic_next_latent,False
validation,reid,84,199,4.460654054128099e-06,0.0001454888260923326,0.9693402292537765,6.755365120625356e-06,96,1,1,same_source_cyclic_next_latent,False
validation,reid,96,0,1.5220662064052703e-08,0.0,,1.0332387390121767e-08,97,1,1,same_source_cyclic_next_latent,False
validation,reid,96,5,4.188164481888634e-08,1.03322996380939e-07,0.5946532109417932,2.5701545780520973e-08,97,1,1,same_source_cyclic_next_latent,False
validation,reid,96,10,6.809780472849525e-08,4.142063971812604e-07,0.8355945123206413,4.841227863039421e-08,97,1,1,same_source_cyclic_next_latent,False
validation,reid,96,25,1.335882728881188e-07,2.595082605694188e-06,0.9485225354310508,1.2020642259358283e-07,97,1,1,same_source_cyclic_next_latent,False
validation,reid,96,50,3.547852998053713e-07,1.0409034985059407e-05,0.9659156396039967,4.1639518144620524e-07,97,1,1,same_source_cyclic_next_latent,False
validation,reid,96,75,7.375580253210501e-07,2.3453274479834363e-05,0.9685520234730882,9.597139296602109e-07,97,1,1,same_source_cyclic_next_latent,False
validation,reid,96,100,1.284170480175817e-06,4.173463457846083e-05,0.9692301012541135,1.7417808066966245e-06,97,1,1,same_source_cyclic_next_latent,False
validation,reid,96,125,1.997789922825177e-06,6.525538628920913e-05,0.969385057135804,2.7675143883243436e-06,97,1,1,same_source_cyclic_next_latent,False
validation,reid,96,149,2.8326660412858473e-06,9.276856144424528e-05,0.9694652369597399,3.979970188083826e-06,97,1,1,same_source_cyclic_next_latent,False
validation,reid,96,175,3.900510819221381e-06,0.0001280317228520289,0.9695348095586486,5.535118361876812e-06,97,1,1,same_source_cyclic_next_latent,False
validation,reid,96,199,5.039614734414499e-06,0.00016562770179007202,0.9695726338049292,7.199150331871351e-06,97,1,1,same_source_cyclic_next_latent,False
validation,reid,97,0,8.653993965879181e-09,0.0,,1.526471571366983e-08,13,1,1,same_source_cyclic_next_latent,False
validation,reid,97,5,2.3685947425633458e-08,1.0388254167992272e-07,0.7719929928301781,4.2034354663655904e-08,13,1,1,same_source_cyclic_next_latent,False
validation,reid,97,10,4.534406272682645e-08,4.131814819174906e-07,0.8902563045265389,5.6870788966989494e-08,13,1,1,same_source_cyclic_next_latent,False
validation,reid,97,25,7.937636326005304e-08,2.567076535342494e-06,0.9690790819178039,2.6730765512184007e-07,13,1,1,same_source_cyclic_next_latent,False
validation,reid,97,50,1.7327820955870266e-07,1.0246058991469909e-05,0.9830883064695449,1.3317704770088312e-06,13,1,1,same_source_cyclic_next_latent,False
validation,reid,97,75,3.7604590374940017e-07,2.3035410777083598e-05,0.9836753115718907,3.313471097499132e-06,13,1,1,same_source_cyclic_next_latent,False
validation,reid,97,100,6.574721851393406e-07,4.093155075679533e-05,0.9839372764289858,6.334466888802126e-06,13,1,1,same_source_cyclic_next_latent,False
validation,reid,97,125,9.99746703200799e-07,6.392442446667701e-05,0.9843604895696487,1.0290354111930355e-05,13,1,1,same_source_cyclic_next_latent,False
validation,reid,97,149,1.3882984148949618e-06,9.079395385924727e-05,0.984709351714684,1.496406639489578e-05,13,1,1,same_source_cyclic_next_latent,False
validation,reid,97,175,1.8804209958034335e-06,0.0001251927751582116,0.9849797962108671,2.1045880203018896e-05,13,1,1,same_source_cyclic_next_latent,False
validation,reid,97,199,2.4034482066781493e-06,0.00016182287072297186,0.9851476605504504,2.7590818717726506e-05,13,1,1,same_source_cyclic_next_latent,False
validation,reid,13,0,1.3071248972096328e-08,0.0,,7.613021324459623e-09,28,1,1,same_source_cyclic_next_latent,False
validation,reid,13,5,4.713066559247636e-08,9.996369954023976e-08,0.5285221954645225,3.277102678111987e-08,28,1,1,same_source_cyclic_next_latent,False
validation,reid,13,10,8.052996491869635e-08,4.0348717789129296e-07,0.8004150581945069,5.484277565415141e-08,28,1,1,same_source_cyclic_next_latent,False
validation,reid,13,25,4.3166329533050884e-07,2.6054560748889344e-06,0.834323326541243,5.184852511774807e-07,28,1,1,same_source_cyclic_next_latent,False
validation,reid,13,50,2.1572736841335427e-06,1.0772148925752845e-05,0.7997359952036891,3.0621533824159997e-06,28,1,1,same_source_cyclic_next_latent,False
validation,reid,13,75,5.340051302482607e-06,2.473311178619042e-05,0.7840930268441114,8.479686584905721e-06,28,1,1,same_source_cyclic_next_latent,False
validation,reid,13,100,1.015596808429109e-05,4.4647022150456905e-05,0.7725275372214907,1.7637865312281065e-05,28,1,1,same_source_cyclic_next_latent,False
validation,reid,13,125,1.6801332094473764e-05,7.067642582114786e-05,0.762278130235521,3.0122511816443875e-05,28,1,1,same_source_cyclic_next_latent,False
validation,reid,13,149,2.5100183847825974e-05,0.00010157931683352217,0.7529006432582871,4.311761222197674e-05,28,1,1,same_source_cyclic_next_latent,False
validation,reid,13,175,3.644961179816164e-05,0.00014179330901242793,0.7429384217631391,5.5939028243301436e-05,28,1,1,same_source_cyclic_next_latent,False
validation,reid,13,199,4.9391863285563886e-05,0.0001853152789408341,0.733471176430448,6.551389378728345e-05,28,1,1,same_source_cyclic_next_latent,False
validation,reid,28,0,8.872180323749035e-09,0.0,,1.027906648687349e-08,52,1,1,same_source_cyclic_next_latent,False
validation,reid,28,5,2.9704640525096693e-08,1.0269551609098926e-07,0.7107503651982421,3.9588886835417725e-08,52,1,1,same_source_cyclic_next_latent,False
validation,reid,28,10,4.740271464243051e-08,4.423241932727251e-07,0.8928326431984169,1.2218579570344446e-07,52,1,1,same_source_cyclic_next_latent,False
validation,reid,28,25,4.77546507227089e-07,3.113214461336611e-06,0.8466066141096936,9.93342041510914e-07,52,1,1,same_source_cyclic_next_latent,False
validation,reid,28,50,2.795313093884033e-06,1.358427107334137e-05,0.7942242849253993,5.1196320782764815e-06,52,1,1,same_source_cyclic_next_latent,False
validation,reid,28,75,7.577848464279668e-06,3.200078208465129e-05,0.7631980229659989,1.2448615962057374e-05,52,1,1,same_source_cyclic_next_latent,False
validation,reid,28,100,1.547079227748327e-05,5.867032814421691e-05,0.7363097707676923,2.334302553208545e-05,52,1,1,same_source_cyclic_next_latent,False
validation,reid,28,125,2.5940240448107943e-05,9.386183228343725e-05,0.7236337729933136,3.8105587009340525e-05,52,1,1,same_source_cyclic_next_latent,False
validation,reid,28,149,3.648526035249233e-05,0.00013590285379905254,0.7315342589756073,5.617007991531864e-05,52,1,1,same_source_cyclic_next_latent,False
validation,reid,28,175,4.6596338506788015e-05,0.00019086066458839923,0.7558620127029558,8.048365998547524e-05,52,1,1,same_source_cyclic_next_latent,False
validation,reid,28,199,5.4454008932225406e-05,0.000250564597081393,0.7826747690355607,0.00010785010090330616,52,1,1,same_source_cyclic_next_latent,False
validation,reid,52,0,7.836230331292882e-09,0.0,,9.933733835509884e-09,59,1,1,same_source_cyclic_next_latent,False
validation,reid,52,5,3.035908946458221e-08,1.0380210113680732e-07,0.7075291431281332,3.398108106011932e-08,59,1,1,same_source_cyclic_next_latent,False
validation,reid,52,10,5.059943930518784e-08,4.140581495448714e-07,0.8777962965810328,5.8518686785191676e-08,59,1,1,same_source_cyclic_next_latent,False
validation,reid,52,25,5.370033662188689e-08,2.5844267383945407e-06,0.979221567466352,8.656827787945076e-08,59,1,1,same_source_cyclic_next_latent,False
validation,reid,52,50,1.4505314993584761e-07,1.0333380487281829e-05,0.9859626624496817,2.346871355030089e-07,59,1,1,same_source_cyclic_next_latent,False
validation,reid,52,75,3.29544405985871e-07,2.3241327653522603e-05,0.985820758138319,5.058680017100414e-07,59,1,1,same_source_cyclic_next_latent,False
validation,reid,52,100,5.944065719631908e-07,4.1306804632768035e-05,0.9856099599751742,8.629741046206618e-07,59,1,1,same_source_cyclic_next_latent,False
validation,reid,52,125,9.44600060392986e-07,6.4523694163654e-05,0.9853604156947809,1.3283142834552564e-06,59,1,1,same_source_cyclic_next_latent,False
validation,reid,52,149,1.370839640912891e-06,9.165598748950288e-05,0.9850436433182296,1.9044642840526649e-06,59,1,1,same_source_cyclic_next_latent,False
validation,reid,52,175,1.978931777557591e-06,0.0001263997401110828,0.98434386197457,2.7222861262998777e-06,59,1,1,same_source_cyclic_next_latent,False
validation,reid,52,199,2.7321400466462364e-06,0.00016340739966835827,0.98328019384562,3.744637069758028e-06,59,1,1,same_source_cyclic_next_latent,False
validation,reid,59,0,9.219535357374298e-09,0.0,,4.316293544803784e-09,57,1,1,same_source_cyclic_next_latent,False
validation,reid,59,5,3.216371524672468e-08,1.0051899579366363e-07,0.6800235120459474,2.1334582100962507e-08,57,1,1,same_source_cyclic_next_latent,False
validation,reid,59,10,5.832941596395358e-08,4.096098109585e-07,0.8575976102050367,4.4361406992265984e-08,57,1,1,same_source_cyclic_next_latent,False
validation,reid,59,25,1.0084168167168173e-07,2.5966930934373522e-06,0.9611653445197125,8.225764958069703e-08,57,1,1,same_source_cyclic_next_latent,False
validation,reid,59,50,2.986384686209931e-07,1.0445361112942919e-05,0.9714094644127766,3.336971019507473e-07,57,1,1,same_source_cyclic_next_latent,False
validation,reid,59,75,6.772400524823752e-07,2.3561089619761333e-05,0.9712559960760747,7.935539088066434e-07,57,1,1,same_source_cyclic_next_latent,False
validation,reid,59,100,1.2137968496972462e-06,4.1953680920414627e-05,0.9710681679636217,1.4491837418972864e-06,57,1,1,same_source_cyclic_next_latent,False
validation,reid,59,125,1.917833060360863e-06,6.56422707834281e-05,0.9707835661766132,2.3753857476549456e-06,57,1,1,same_source_cyclic_next_latent,False
validation,reid,59,149,2.7493235847941833e-06,9.337658411823213e-05,0.9705566056977086,3.585357944757561e-06,57,1,1,same_source_cyclic_next_latent,False
validation,reid,59,175,3.8061070881667547e-06,0.0001289642386836931,0.9704871123420356,5.322286597220227e-06,57,1,1,same_source_cyclic_next_latent,False
validation,reid,59,199,4.9200471039512195e-06,0.00016694419900886714,0.9705287926555034,7.423448096233187e-06,57,1,1,same_source_cyclic_next_latent,False
validation,reid,57,0,4.5228274458963824e-09,0.0,,6.463378721122126e-09,15,1,1,same_source_cyclic_next_latent,False
validation,reid,57,5,3.000491943794259e-08,1.0879922029971567e-07,0.724217514102709,3.764624167956754e-08,15,1,1,same_source_cyclic_next_latent,False
validation,reid,57,10,8.089465808325258e-08,4.6272842268990644e-07,0.8251789729859247,7.734918483492947e-08,15,1,1,same_source_cyclic_next_latent,False
validation,reid,57,25,2.89247168439033e-07,3.0676756068714894e-06,0.9057112923572723,3.954311864617921e-07,15,1,1,same_source_cyclic_next_latent,False
validation,reid,57,50,1.0569330015641754e-06,1.2550069186545443e-05,0.9157826952302954,1.7253165651709423e-06,15,1,1,same_source_cyclic_next_latent,False
validation,reid,57,75,2.4493110686307773e-06,2.845998460543342e-05,0.9139384260888472,4.121764959563734e-06,15,1,1,same_source_cyclic_next_latent,False
validation,reid,57,100,4.48439050160232e-06,5.080093251308426e-05,0.9117262168278639,7.714788807788864e-06,15,1,1,same_source_cyclic_next_latent,False
validation,reid,57,125,7.171209290390834e-06,7.957850903039798e-05,0.9098851011690666,1.2474742106860504e-05,15,1,1,same_source_cyclic_next_latent,False
validation,reid,57,149,1.0351395758334547e-05,0.00011326819367241114,0.9086116285364949,1.8217313481727615e-05,15,1,1,same_source_cyclic_next_latent,False
validation,reid,57,175,1.4404013199964538e-05,0.00015646663086954504,0.9079419482613262,2.596372905827593e-05,15,1,1,same_source_cyclic_next_latent,False
validation,reid,57,199,1.8619588445289992e-05,0.0002025431749643758,0.9080710152363076,3.468557770247571e-05,15,1,1,same_source_cyclic_next_latent,False
validation,reid,15,0,1.005956118405038e-08,0.0,,1.7003285890382358e-08,53,1,1,same_source_cyclic_next_latent,False
validation,reid,15,5,2.5760336086477764e-08,9.878272066998761e-08,0.7392222454315907,4.8574669619938504e-08,53,1,1,same_source_cyclic_next_latent,False
validation,reid,15,10,4.105880435645304e-08,4.075140793702303e-07,0.8992456790206977,1.0482318657523138e-07,53,1,1,same_source_cyclic_next_latent,False
validation,reid,15,25,3.799574983531784e-07,2.657891172930249e-06,0.8570455020044007,6.190035151121265e-07,53,1,1,same_source_cyclic_next_latent,False
validation,reid,15,50,2.1104001461935695e-06,1.1012571121682413e-05,0.8083644479681544,3.067739498874289e-06,53,1,1,same_source_cyclic_next_latent,False
validation,reid,15,75,5.538242476177402e-06,2.5448980522924103e-05,0.7823786115444339,7.720395842625294e-06,53,1,1,same_source_cyclic_next_latent,False
validation,reid,15,100,1.0868338904401753e-05,4.635270670405589e-05,0.7655295736278812,1.4862122952763457e-05,53,1,1,same_source_cyclic_next_latent,False
validation,reid,15,125,1.834701106417924e-05,7.409453974105418e-05,0.7523837636579102,2.4602277335361578e-05,53,1,1,same_source_cyclic_next_latent,False
validation,reid,15,149,2.769224374787882e-05,0.00010749007924459875,0.7423739572759658,3.641130751930177e-05,53,1,1,same_source_cyclic_next_latent,False
validation,reid,15,175,4.031445496366359e-05,0.00015147423255257308,0.733852720133958,5.192806929699145e-05,53,1,1,same_source_cyclic_next_latent,False
validation,reid,15,199,5.443512418423779e-05,0.00019959177006967366,0.7272676916225778,6.882291927468032e-05,53,1,1,same_source_cyclic_next_latent,False
validation,reid,53,0,1.3666825893210444e-08,0.0,,8.570395948481746e-09,2,1,1,same_source_cyclic_next_latent,False
validation,reid,53,5,3.497439848842987e-08,9.364332242967066e-08,0.6265147628150759,1.882700040312102e-08,2,1,1,same_source_cyclic_next_latent,False
validation,reid,53,10,5.1966971170713805e-08,3.85355036769397e-07,0.8651452136025622,2.739326276923748e-08,2,1,1,same_source_cyclic_next_latent,False
validation,reid,53,25,7.208910801637103e-08,2.4711696369195124e-06,0.9708279403650187,1.1236362951194678e-07,2,1,1,same_source_cyclic_next_latent,False
validation,reid,53,50,2.389680560099805e-07,9.974225577025209e-06,0.976041442599772,6.414379072339216e-07,2,1,1,same_source_cyclic_next_latent,False
validation,reid,53,75,5.444903763418552e-07,2.250624675070867e-05,0.9758071444620277,1.579837771714665e-06,2,1,1,same_source_cyclic_next_latent,False
validation,reid,53,100,9.915587497744127e-07,4.006221570307389e-05,0.9752495279561302,3.0490616609313292e-06,2,1,1,same_source_cyclic_next_latent,False
validation,reid,53,125,1.571573761793843e-06,6.264413968892768e-05,0.9749126770740597,4.983727194485255e-06,2,1,1,same_source_cyclic_next_latent,False
validation,reid,53,149,2.254473201901419e-06,8.904800051823258e-05,0.9746824949602342,7.167112471506698e-06,2,1,1,same_source_cyclic_next_latent,False
validation,reid,53,175,3.1638273867429234e-06,0.0001228825276484713,0.9742532364259819,9.892643902276177e-06,2,1,1,same_source_cyclic_next_latent,False
validation,reid,53,199,4.197170710540377e-06,0.00015894098032731563,0.9735928978046007,1.282156790693989e-05,2,1,1,same_source_cyclic_next_latent,False
validation,reid,2,0,7.001808466355897e-09,0.0,,1.39265896592633e-08,88,1,1,same_source_cyclic_next_latent,False
validation,reid,2,5,2.619417038829397e-08,9.875607531739661e-08,0.7347588965629979,5.675805070382012e-08,88,1,1,same_source_cyclic_next_latent,False
validation,reid,2,10,4.542189913081529e-08,3.9769926729604776e-07,0.8857883258381686,1.138063652206256e-07,88,1,1,same_source_cyclic_next_latent,False
validation,reid,2,25,5.9529558171789176e-08,2.5024969545484055e-06,0.9762119358173078,2.9015689051448135e-07,88,1,1,same_source_cyclic_next_latent,False
validation,reid,2,50,1.5394340380225913e-07,1.003642591967946e-05,0.9846615314022887,1.059099986377987e-06,88,1,1,same_source_cyclic_next_latent,False
validation,reid,2,75,3.460880577677017e-07,2.2605408958042972e-05,0.984690033327419,2.3935203898872714e-06,88,1,1,same_source_cyclic_next_latent,False
validation,reid,2,100,6.287077667366248e-07,4.020733467768878e-05,0.9843633562936591,4.249491666996619e-06,88,1,1,same_source_cyclic_next_latent,False
validation,reid,2,125,1.0167117352466448e-06,6.284512346610427e-05,0.9838219470474108,6.765299531252822e-06,88,1,1,same_source_cyclic_next_latent,False
validation,reid,2,149,1.484925064687559e-06,8.931615593610331e-05,0.983374507678657,9.896512892737519e-06,88,1,1,same_source_cyclic_next_latent,False
validation,reid,2,175,2.0864122234343085e-06,0.00012323314149398357,0.9830693902781326,1.4128613656794187e-05,88,1,1,same_source_cyclic_next_latent,False
validation,reid,2,199,2.721982582443161e-06,0.00015938510478008538,0.9829219763904609,1.8808344975695945e-05,88,1,1,same_source_cyclic_next_latent,False
validation,reid,88,0,2.0070251238735182e-08,0.0,,1.1062679661222319e-08,74,1,1,same_source_cyclic_next_latent,False
validation,reid,88,5,4.539501219369413e-08,1.0328217570076959e-07,0.560475833456364,2.0720694493547853e-08,74,1,1,same_source_cyclic_next_latent,False
validation,reid,88,10,5.9185367717873305e-08,4.2534415456429997e-07,0.8608529890848043,2.209309890588429e-08,74,1,1,same_source_cyclic_next_latent,False
validation,reid,88,25,9.488967123161274e-08,2.7586918349697953e-06,0.96560338127341,1.260636679489835e-07,74,1,1,same_source_cyclic_next_latent,False
validation,reid,88,50,4.149566450450948e-07,1.1242896107432898e-05,0.963091658850182,6.083835160097806e-07,74,1,1,same_source_cyclic_next_latent,False
validation,reid,88,75,9.987885505324812e-07,2.548983866290655e-05,0.9608162074408912,1.4545729527526419e-06,74,1,1,same_source_cyclic_next_latent,False
validation,reid,88,100,1.8498510598874418e-06,4.550983430817723e-05,0.9593527181979861,2.749941131696687e-06,74,1,1,same_source_cyclic_next_latent,False
validation,reid,88,125,2.938063744295505e-06,7.13156841811724e-05,0.9588019973722531,4.512715804594336e-06,74,1,1,same_source_cyclic_next_latent,False
validation,reid,88,149,4.213646207062993e-06,0.00010155241761822253,0.9585076721373209,6.707435204589274e-06,74,1,1,same_source_cyclic_next_latent,False
validation,reid,88,175,5.912964297749568e-06,0.00014035985805094242,0.9578728250380283,9.765661161509342e-06,74,1,1,same_source_cyclic_next_latent,False
validation,reid,88,199,7.857171112846117e-06,0.0001818001619540155,0.9567812755038496,1.3258624676382169e-05,74,1,1,same_source_cyclic_next_latent,False
validation,reid,74,0,8.382667004980249e-09,0.0,,6.930931384374617e-09,31,1,1,same_source_cyclic_next_latent,False
validation,reid,74,5,2.684707212097237e-08,9.82452448283766e-08,0.7267341318363938,2.1490970780746466e-08,31,1,1,same_source_cyclic_next_latent,False
validation,reid,74,10,4.1446011067591826e-08,3.9470123169849103e-07,0.8949939657161949,3.8512048661232257e-08,31,1,1,same_source_cyclic_next_latent,False
validation,reid,74,25,1.225928514259067e-07,2.468499815222458e-06,0.9503371032600791,1.9016849250874657e-07,31,1,1,same_source_cyclic_next_latent,False
validation,reid,74,50,5.314145710144658e-07,9.872235750663094e-06,0.9461707981417713,1.1365484624548117e-06,31,1,1,same_source_cyclic_next_latent,False
validation,reid,74,75,1.2387965853122296e-06,2.2206828361959197e-05,0.9442155104222665,3.1393722110806266e-06,31,1,1,same_source_cyclic_next_latent,False
validation,reid,74,100,2.2471879219665425e-06,3.9466427551815286e-05,0.9430607718670199,6.12642043051892e-06,31,1,1,same_source_cyclic_next_latent,False
validation,reid,74,125,3.5691323319042567e-06,6.164090154925361e-05,0.9420979862039758,1.0082119842991233e-05,31,1,1,same_source_cyclic_next_latent,False
validation,reid,74,149,5.141710062162019e-06,8.754659938858822e-05,0.9412688773970558,1.4836201444268227e-05,31,1,1,same_source_cyclic_next_latent,False
validation,reid,74,175,7.2167808866652194e-06,0.00012070701632183045,0.9402124159259827,2.1088084395159967e-05,31,1,1,same_source_cyclic_next_latent,False
validation,reid,74,199,9.562786544847768e-06,0.0001560081000206992,0.9387032689739894,2.786090044537559e-05,31,1,1,same_source_cyclic_next_latent,False
validation,reid,31,0,7.547702907118037e-09,0.0,,6.551521103403957e-09,69,1,1,same_source_cyclic_next_latent,False
validation,reid,31,5,2.3494772349863524e-08,9.754089802527233e-08,0.7591290133111532,2.1011473450016638e-08,69,1,1,same_source_cyclic_next_latent,False
validation,reid,31,10,5.9183587808320226e-08,4.046144965741405e-07,0.8537284543449976,5.371031619461064e-08,69,1,1,same_source_cyclic_next_latent,False
validation,reid,31,25,4.6259978603302443e-07,2.6757297746371478e-06,0.82711266645162,5.44476563391072e-07,69,1,1,same_source_cyclic_next_latent,False
validation,reid,31,50,2.3560182853543665e-06,1.1123805961688049e-05,0.7882003431677229,2.6017426080215955e-06,69,1,1,same_source_cyclic_next_latent,False
validation,reid,31,75,5.957373559795087e-06,2.5607325369492173e-05,0.7673566655699025,6.163332272990374e-06,69,1,1,same_source_cyclic_next_latent,False
validation,reid,31,100,1.1323798389639705e-05,4.6321227273438126e-05,0.7555376000123147,1.1445249583630357e-05,69,1,1,same_source_cyclic_next_latent,False
validation,reid,31,125,1.8542714315117337e-05,7.339884905377403e-05,0.7473705030233861,1.8566546714282595e-05,69,1,1,same_source_cyclic_next_latent,False
validation,reid,31,149,2.724145815591328e-05,0.00010547126294113696,0.7417167729268909,2.694230352062732e-05,69,1,1,same_source_cyclic_next_latent,False
validation,reid,31,175,3.852572262985632e-05,0.00014702796761412174,0.7379701069461291,3.7397512642201036e-05,69,1,1,same_source_cyclic_next_latent,False
validation,reid,31,199,5.045050784246996e-05,0.0001917742338264361,0.7369276005653094,4.828091186936945e-05,69,1,1,same_source_cyclic_next_latent,False
validation,reid,69,0,5.8835607497087494e-09,0.0,,8.599043255230754e-09,19,1,1,same_source_cyclic_next_latent,False
validation,reid,69,5,2.523041686686156e-08,1.0311431708487362e-07,0.7553160649253552,3.473806842180238e-08,19,1,1,same_source_cyclic_next_latent,False
validation,reid,69,10,5.47810898865464e-08,4.325807765326317e-07,0.8733621722036602,7.569487792125074e-08,19,1,1,same_source_cyclic_next_latent,False
validation,reid,69,25,3.8782326328146155e-07,2.8503357043518918e-06,0.8639376889222792,3.880336407746654e-07,19,1,1,same_source_cyclic_next_latent,False
validation,reid,69,50,1.8952533764604595e-06,1.1736545275198296e-05,0.8385169287877656,1.883315803752339e-06,19,1,1,same_source_cyclic_next_latent,False
validation,reid,69,75,4.614300451066811e-06,2.679025783436373e-05,0.8277619991716515,4.639378857973497e-06,19,1,1,same_source_cyclic_next_latent,False
validation,reid,69,100,8.583067938161548e-06,4.8090289055835456e-05,0.8215218060303997,8.79254366736859e-06,19,1,1,same_source_cyclic_next_latent,False
validation,reid,69,125,1.3772927559330128e-05,7.570085290353745e-05,0.8180611310036306,1.4264702258515172e-05,19,1,1,same_source_cyclic_next_latent,False
validation,reid,69,149,1.9994373360532336e-05,0.00010818660666700453,0.8151862418416128,2.0638084606616758e-05,19,1,1,same_source_cyclic_next_latent,False
validation,reid,69,175,2.8294218282098882e-05,0.0001500365324318409,0.8114178072267001,2.911578667408321e-05,19,1,1,same_source_cyclic_next_latent,False
validation,reid,69,199,3.7706096918554977e-05,0.00019486209203023463,0.806498552254563,3.9145987102529034e-05,19,1,1,same_source_cyclic_next_latent,False
validation,reid,19,0,8.094499293065383e-09,0.0,,6.213501713148162e-09,41,1,1,same_source_cyclic_next_latent,False
validation,reid,19,5,3.009191473779538e-08,9.762278807556868e-08,0.6917531722767274,2.005713284347621e-08,41,1,1,same_source_cyclic_next_latent,False
validation,reid,19,10,6.067758562267045e-08,3.94468059994324e-07,0.8461787105816791,4.3651596115523716e-08,41,1,1,same_source_cyclic_next_latent,False
validation,reid,19,25,3.796340877215698e-07,2.5457179617660586e-06,0.8508734693224996,3.8853968931107374e-07,41,1,1,same_source_cyclic_next_latent,False
validation,reid,19,50,2.0566440070979297e-06,1.0593883416731842e-05,0.8058649575235373,2.043271933871438e-06,41,1,1,same_source_cyclic_next_latent,False
validation,reid,19,75,5.22970367455855e-06,2.450023021083325e-05,0.7865447128637129,5.295524260873208e-06,41,1,1,same_source_cyclic_next_latent,False
validation,reid,19,100,1.0220273907179944e-05,4.4587679440155625e-05,0.7707825561790602,1.0436246157041751e-05,41,1,1,same_source_cyclic_next_latent,False
validation,reid,19,125,1.7351767382933758e-05,7.122715760488063e-05,0.7563883220050778,1.788841836969368e-05,41,1,1,same_source_cyclic_next_latent,False
validation,reid,19,149,2.6567910026642494e-05,0.0001033735170494765,0.7429911375277423,2.7711928851203993e-05,41,1,1,same_source_cyclic_next_latent,False
validation,reid,19,175,3.984090653830208e-05,0.00014598786947317421,0.7270944039249577,4.189455648884177e-05,41,1,1,same_source_cyclic_next_latent,False
validation,reid,19,199,5.6019802286755294e-05,0.00019308346963953227,0.7098674350976875,5.882771438336931e-05,41,1,1,same_source_cyclic_next_latent,False
validation,depablo_low_temp,161,0,9.680882762097553e-09,0.0,,7.632688259207043e-09,47,1,1,same_source_cyclic_next_latent,False
validation,depablo_low_temp,161,5,3.9056878620158386e-08,1.0447118370393582e-07,0.6261468738514258,4.38921503587153e-08,47,1,1,same_source_cyclic_next_latent,False
validation,depablo_low_temp,161,10,6.3009267137204e-08,4.179090637990157e-07,0.8492273257621736,8.693125153058645e-08,47,1,1,same_source_cyclic_next_latent,False
validation,depablo_low_temp,161,25,4.118055940693921e-08,2.613081051094923e-06,0.984240611522676,1.2002473681604897e-07,47,1,1,same_source_cyclic_next_latent,False
validation,depablo_low_temp,161,50,1.0395285698905354e-07,1.0458379620104097e-05,0.9900603285819511,2.2537011545864516e-07,47,1,1,same_source_cyclic_next_latent,False
validation,depablo_low_temp,161,75,2.3425378969932353e-07,2.353832132939715e-05,0.99004798233395,5.033535330767336e-07,47,1,1,same_source_cyclic_next_latent,False
validation,depablo_low_temp,161,100,4.176468166861014e-07,4.185446596238762e-05,0.990021451544468,8.972271530183207e-07,47,1,1,same_source_cyclic_next_latent,False
validation,depablo_low_temp,161,125,6.609183742511959e-07,6.540835602208972e-05,0.9898955054912557,1.405904413331882e-06,47,1,1,same_source_cyclic_next_latent,False
validation,depablo_low_temp,161,149,9.736130550663802e-07,9.295123163610697e-05,0.9895255497110791,2.036893420154229e-06,47,1,1,same_source_cyclic_next_latent,False
validation,depablo_low_temp,161,175,1.4479517176368972e-06,0.00012823649740312248,0.9887087393452026,2.958339337055804e-06,47,1,1,same_source_cyclic_next_latent,False
validation,depablo_low_temp,161,199,2.087854454657645e-06,0.00016584270633757114,0.987410634445341,4.104557774553541e-06,47,1,1,same_source_cyclic_next_latent,False
validation,depablo_low_temp,47,0,9.160837421973156e-09,0.0,,5.640763411918215e-09,191,1,1,same_source_cyclic_next_latent,False
validation,depablo_low_temp,47,5,3.9649989957979415e-08,1.0193582511419663e-07,0.6110298816577946,4.635454686763296e-08,191,1,1,same_source_cyclic_next_latent,False
validation,depablo_low_temp,47,10,7.026197579307336e-08,4.097973942407407e-07,0.8285446008673323,1.2098148260974995e-07,191,1,1,same_source_cyclic_next_latent,False
validation,depablo_low_temp,47,25,7.268658208658962e-08,2.571714503574185e-06,0.9717361386788582,4.0447031324220006e-07,191,1,1,same_source_cyclic_next_latent,False
validation,depablo_low_temp,47,50,1.8787466160574695e-07,1.0300798749085516e-05,0.9817611559858476,1.3154946145732538e-06,191,1,1,same_source_cyclic_next_latent,False
validation,depablo_low_temp,47,75,4.527708767909644e-07,2.318746737728361e-05,0.9804734657121486,3.1452350413019303e-06,191,1,1,same_source_cyclic_next_latent,False
validation,depablo_low_temp,47,100,8.628707632851729e-07,4.123131657252088e-05,0.9790724421383079,5.7565457609598525e-06,191,1,1,same_source_cyclic_next_latent,False
validation,depablo_low_temp,47,125,1.393144998473872e-06,6.443101301556453e-05,0.9783777262956066,9.004814273794182e-06,191,1,1,same_source_cyclic_next_latent,False
validation,depablo_low_temp,47,149,1.970987113963929e-06,9.155587758868933e-05,0.9784723038446695,1.2722414794552606e-05,191,1,1,same_source_cyclic_next_latent,False
validation,depablo_low_temp,47,175,2.6969862574333092e-06,0.00012630049604922533,0.9786462734367871,1.750440787873231e-05,191,1,1,same_source_cyclic_next_latent,False
validation,depablo_low_temp,47,199,3.545942718119477e-06,0.00016332407540176064,0.9782889160131669,2.2690042897011153e-05,191,1,1,same_source_cyclic_next_latent,False
validation,depablo_low_temp,191,0,1.2170406016309698e-08,0.0,,5.270563008252793e-08,66,1,1,same_source_cyclic_next_latent,False
validation,depablo_low_temp,191,5,3.060214837091735e-08,1.0844533449017035e-07,0.7178103740950592,3.2363118407374714e-08,66,1,1,same_source_cyclic_next_latent,False
validation,depablo_low_temp,191,10,4.7924011425948265e-08,4.3661586346388503e-07,0.8902375854011719,1.1686547196632091e-07,66,1,1,same_source_cyclic_next_latent,False
validation,depablo_low_temp,191,25,4.702979694570786e-08,2.7436412892711814e-06,0.9828586203562344,1.0589357088974793e-06,66,1,1,same_source_cyclic_next_latent,False
validation,depablo_low_temp,191,50,1.1168688018869943e-07,1.0999379810527898e-05,0.9898460747685247,4.877004812442465e-06,66,1,1,same_source_cyclic_next_latent,False
validation,depablo_low_temp,191,75,2.603994175842672e-07,2.4769382434897125e-05,0.989487044407801,1.1364839338057209e-05,66,1,1,same_source_cyclic_next_latent,False
validation,depablo_low_temp,191,100,4.841069198846526e-07,4.4057222112314776e-05,0.9890118601066014,2.0857109120697714e-05,66,1,1,same_source_cyclic_next_latent,False
validation,depablo_low_temp,191,125,7.791903726683813e-07,6.886258779559284e-05,0.9886848519985731,3.3793432521633804e-05,66,1,1,same_source_cyclic_next_latent,False
validation,depablo_low_temp,191,149,1.1528768482094165e-06,9.78677489911206e-05,0.9882200534895922,4.966030246578157e-05,66,1,1,same_source_cyclic_next_latent,False
validation,depablo_low_temp,191,175,1.7073804201572784e-06,0.00013503755326382816,0.987356254768468,7.050414569675922e-05,66,1,1,same_source_cyclic_next_latent,False
validation,depablo_low_temp,191,199,2.4147561816789676e-06,0.00017463676340412349,0.9861726927674958,9.26167776924558e-05,66,1,1,same_source_cyclic_next_latent,False
validation,depablo_low_temp,66,0,5.453355811368965e-08,0.0,,1.9190732558627133e-08,118,1,1,same_source_cyclic_next_latent,False
validation,depablo_low_temp,66,5,1.8789155120657597e-08,9.862818473038715e-08,0.8094950731170794,1.8494004550007048e-08,118,1,1,same_source_cyclic_next_latent,False
validation,depablo_low_temp,66,10,2.5250340485172273e-08,4.0102668208419345e-07,0.9370357594314108,6.168917821014475e-08,118,1,1,same_source_cyclic_next_latent,False
validation,depablo_low_temp,66,25,1.6056443996603775e-07,2.543989467085339e-06,0.936884785867452,3.6221530308466754e-07,118,1,1,same_source_cyclic_next_latent,False
validation,depablo_low_temp,66,50,5.413772896645241e-07,1.0273105544911232e-05,0.9473014963880426,1.4424977052840404e-06,118,1,1,same_source_cyclic_next_latent,False
validation,depablo_low_temp,66,75,1.216072405441082e-06,2.325402783753816e-05,0.9477048701439146,3.3567382615729002e-06,118,1,1,same_source_cyclic_next_latent,False
validation,depablo_low_temp,66,100,2.1795485736220144e-06,4.156100476393476e-05,0.947557846928827,6.157775260362541e-06,118,1,1,same_source_cyclic_next_latent,False
validation,depablo_low_temp,66,125,3.4463623705960345e-06,6.526274955831468e-05,0.9471925042398561,9.839581252890639e-06,118,1,1,same_source_cyclic_next_latent,False
validation,depablo_low_temp,66,149,4.979324330633972e-06,9.317624062532559e-05,0.946560149913576,1.4223813195712864e-05,118,1,1,same_source_cyclic_next_latent,False
validation,depablo_low_temp,66,175,7.044535323075252e-06,0.0001292074884986505,0.9454788928650306,1.9911785784643143e-05,118,1,1,same_source_cyclic_next_latent,False
validation,depablo_low_temp,66,199,9.398890142620075e-06,0.00016791837697383016,0.9440270307991073,2.60355318459915e-05,118,1,1,same_source_cyclic_next_latent,False
validation,depablo_low_temp,118,0,1.550844075381974e-08,0.0,,9.266380374128858e-08,98,1,1,same_source_cyclic_next_latent,False
validation,depablo_low_temp,118,5,1.1038058467249812e-08,9.106263831881733e-08,0.8787860897615912,4.3414445372036425e-08,98,1,1,same_source_cyclic_next_latent,False
validation,depablo_low_temp,118,10,2.9357060782331246e-08,3.5658808883454185e-07,0.9176723460441971,7.024002712796573e-08,98,1,1,same_source_cyclic_next_latent,False
validation,depablo_low_temp,118,25,1.0399605798738776e-07,2.1927392026555026e-06,0.9525725367333042,1.397366872879502e-06,98,1,1,same_source_cyclic_next_latent,False
validation,depablo_low_temp,118,50,3.1922201060297084e-07,8.724763574718963e-06,0.9634119586314116,8.15399835119024e-06,98,1,1,same_source_cyclic_next_latent,False
validation,depablo_low_temp,118,75,7.228376261991798e-07,1.959523251571227e-05,0.9631115565676713,1.6790636436780915e-05,98,1,1,same_source_cyclic_next_latent,False
validation,depablo_low_temp,118,100,1.3236226550361607e-06,3.4804885217454284e-05,0.961970204850083,2.6334493668400683e-05,98,1,1,same_source_cyclic_next_latent,False
validation,depablo_low_temp,118,125,2.1367120552895358e-06,5.435306957224384e-05,0.9606882909814412,3.572644345695153e-05,98,1,1,same_source_cyclic_next_latent,False
validation,depablo_low_temp,118,149,3.1362280878965976e-06,7.720248686382547e-05,0.9593765924480067,4.363385960459709e-05,98,1,1,same_source_cyclic_next_latent,False
validation,depablo_low_temp,118,175,4.48312857770361e-06,0.0001064735115505755,0.9578944235761953,5.033322668168694e-05,98,1,1,same_source_cyclic_next_latent,False
validation,depablo_low_temp,118,199,5.99932218392496e-06,0.0001376654690830037,0.9564210093941006,5.406696436693892e-05,98,1,1,same_source_cyclic_next_latent,False
validation,depablo_low_temp,98,0,7.515344435660154e-08,0.0,,3.594493591663195e-08,2,1,1,same_source_cyclic_next_latent,False
validation,depablo_low_temp,98,5,2.537057497420392e-08,1.139613132750128e-07,0.77737554749848,1.4775772605446491e-08,2,1,1,same_source_cyclic_next_latent,False
validation,depablo_low_temp,98,10,4.2179422621302365e-08,5.0763196668413e-07,0.9169094434757137,8.398626505368156e-08,2,1,1,same_source_cyclic_next_latent,False
validation,depablo_low_temp,98,25,3.4048528618768614e-07,3.5328100693732267e-06,0.903621966790846,6.327611004053324e-07,2,1,1,same_source_cyclic_next_latent,False
validation,depablo_low_temp,98,50,2.0749810119014e-06,1.4838107745163143e-05,0.8601586504466654,2.232398628621013e-06,2,1,1,same_source_cyclic_next_latent,False
validation,depablo_low_temp,98,75,4.591112428897759e-06,3.409271812415682e-05,0.8653345147729752,4.839654138777405e-06,2,1,1,same_source_cyclic_next_latent,False
validation,depablo_low_temp,98,100,7.777169230394065e-06,6.142582424217835e-05,0.8733892572652882,8.332824108947534e-06,2,1,1,same_source_cyclic_next_latent,False
validation,depablo_low_temp,98,125,1.160359624918783e-05,9.695556218503043e-05,0.8803204685973202,1.2827440514229238e-05,2,1,1,same_source_cyclic_next_latent,False
validation,depablo_low_temp,98,149,1.6078887711046264e-05,0.0001388805831084028,0.8842250849530496,1.8593280401546508e-05,2,1,1,same_source_cyclic_next_latent,False
validation,depablo_low_temp,98,175,2.2464324501925148e-05,0.00019302488362882286,0.8836195412757097,2.728753133851569e-05,2,1,1,same_source_cyclic_next_latent,False
validation,depablo_low_temp,98,199,3.082684997934848e-05,0.00025115665630437434,0.8772604698878069,3.8520272937603295e-05,2,1,1,same_source_cyclic_next_latent,False
validation,depablo_low_temp,2,0,3.853128305308928e-08,0.0,,1.0154342078294576e-07,136,1,1,same_source_cyclic_next_latent,False
validation,depablo_low_temp,2,5,1.3007099397555066e-08,9.775605747108784e-08,0.866943289919379,4.22756940565705e-08,136,1,1,same_source_cyclic_next_latent,False
validation,depablo_low_temp,2,10,4.085481108972999e-08,4.147042602653528e-07,0.9014844673561139,3.524954905742561e-08,136,1,1,same_source_cyclic_next_latent,False
validation,depablo_low_temp,2,25,2.889711652187543e-07,2.7603841772361193e-06,0.895314874066518,2.0845094184096524e-07,136,1,1,same_source_cyclic_next_latent,False
validation,depablo_low_temp,2,50,1.0767942058009794e-06,1.143445297202561e-05,0.9058289707049951,1.1199945220141672e-06,136,1,1,same_source_cyclic_next_latent,False
validation,depablo_low_temp,2,75,2.6196828457614174e-06,2.6147068638238125e-05,0.8998096925507616,3.2008802008931525e-06,136,1,1,same_source_cyclic_next_latent,False
validation,depablo_low_temp,2,100,5.0826270125980955e-06,4.6995002776384354e-05,0.8918475005356913,6.42720715404721e-06,136,1,1,same_source_cyclic_next_latent,False
validation,depablo_low_temp,2,125,8.376538062293548e-06,7.407462544506416e-05,0.8869175778889922,1.067019002221059e-05,136,1,1,same_source_cyclic_next_latent,False
validation,depablo_low_temp,2,149,1.2072680874553043e-05,0.00010602713882690296,0.8861359364392302,1.53417913679732e-05,136,1,1,same_source_cyclic_next_latent,False
validation,depablo_low_temp,2,175,1.6573419998167083e-05,0.0001473280426580459,0.8875066844087881,2.0599161871359684e-05,136,1,1,same_source_cyclic_next_latent,False
validation,depablo_low_temp,2,199,2.1447114704642445e-05,0.00019171855819877237,0.8881322971227114,2.5546625693095848e-05,136,1,1,same_source_cyclic_next_latent,False
validation,depablo_low_temp,136,0,9.752785246064377e-08,0.0,,2.1922252457784452e-08,131,1,1,same_source_cyclic_next_latent,False
validation,depablo_low_temp,136,5,3.6941308678706264e-08,1.0771704950229832e-07,0.6570523529061381,5.569291161577894e-08,131,1,1,same_source_cyclic_next_latent,False
validation,depablo_low_temp,136,10,3.613408239289129e-08,4.807949380847276e-07,0.9248451272452382,1.7933862750396656e-07,131,1,1,same_source_cyclic_next_latent,False
validation,depablo_low_temp,136,25,2.5066631792469707e-07,3.323550799905206e-06,0.9245787613862119,1.6847312735990272e-06,131,1,1,same_source_cyclic_next_latent,False
validation,depablo_low_temp,136,50,1.1455414323791047e-06,1.3947767911304254e-05,0.9178691931451858,8.709226676728576e-06,131,1,1,same_source_cyclic_next_latent,False
validation,depablo_low_temp,136,75,2.737122031248873e-06,3.2096784707391635e-05,0.9147228591211962,2.040061190200504e-05,131,1,1,same_source_cyclic_next_latent,False
validation,depablo_low_temp,136,100,5.173210411157925e-06,5.795686229248531e-05,0.9107403298499704,3.7456582504091784e-05,131,1,1,same_source_cyclic_next_latent,False
validation,depablo_low_temp,136,125,8.468216947221663e-06,9.172131103696302e-05,0.9076744886059355,6.014980681356974e-05,131,1,1,same_source_cyclic_next_latent,False
validation,depablo_low_temp,136,149,1.2329550372669473e-05,0.0001317478745477274,0.9064155652226258,8.711784903425723e-05,131,1,1,same_source_cyclic_next_latent,False
validation,depablo_low_temp,136,175,1.727443486743141e-05,0.00018373868078924716,0.9059836785959859,0.0001219598125317134,131,1,1,same_source_cyclic_next_latent,False
validation,depablo_low_temp,136,199,2.287503593834117e-05,0.00023986533051356673,0.9046338381233991,0.00015919232100713998,131,1,1,same_source_cyclic_next_latent,False
validation,depablo_low_temp,131,0,1.2919133318689546e-08,0.0,,1.2762514600694885e-08,124,1,1,same_source_cyclic_next_latent,False
validation,depablo_low_temp,131,5,4.7580709150452094e-08,1.0976804531992457e-07,0.5665340581425524,2.688587485977223e-08,124,1,1,same_source_cyclic_next_latent,False
validation,depablo_low_temp,131,10,7.394150713935232e-08,4.4147617472845013e-07,0.8325130293048466,1.3086868477785174e-07,124,1,1,same_source_cyclic_next_latent,False
validation,depablo_low_temp,131,25,4.2199388872177224e-08,2.7713413146557286e-06,0.9847729369713454,8.442344210379815e-07,124,1,1,same_source_cyclic_next_latent,False
validation,depablo_low_temp,131,50,8.053135047703108e-08,1.1105170415248722e-05,0.9927483012447561,3.439326064835768e-06,124,1,1,same_source_cyclic_next_latent,False
validation,depablo_low_temp,131,75,1.876302491155002e-07,2.5009072487591766e-05,0.9924975126843032,8.07816377346171e-06,124,1,1,same_source_cyclic_next_latent,False
validation,depablo_low_temp,131,100,3.3277038369305956e-07,4.449032712727785e-05,0.9925203880218486,1.4554358131135814e-05,124,1,1,same_source_cyclic_next_latent,False
validation,depablo_low_temp,131,125,5.355539087759098e-07,6.955634307814762e-05,0.9923004303407066,2.2877771698404104e-05,124,1,1,same_source_cyclic_next_latent,False
validation,depablo_low_temp,131,149,8.000079105840996e-07,9.887514170259237e-05,0.9919089075696048,3.284326157881878e-05,124,1,1,same_source_cyclic_next_latent,False
validation,depablo_low_temp,131,175,1.1743907180061797e-06,0.00013646083243656904,0.9913939355561818,4.609260940924287e-05,124,1,1,same_source_cyclic_next_latent,False
validation,depablo_low_temp,131,199,1.6458741356473183e-06,0.00017653404211159796,0.9906767322836982,6.076930003473535e-05,124,1,1,same_source_cyclic_next_latent,False
validation,depablo_low_temp,124,0,3.9694469933238e-08,0.0,,1.34907267579365e-07,105,1,1,same_source_cyclic_next_latent,False
validation,depablo_low_temp,124,5,1.7172689936728602e-08,9.75659233404258e-08,0.8239888544198996,7.760123565958565e-08,105,1,1,same_source_cyclic_next_latent,False
validation,depablo_low_temp,124,10,1.9936683415266998e-08,3.8968275362094573e-07,0.9488386816454805,1.0898730096187137e-07,105,1,1,same_source_cyclic_next_latent,False
validation,depablo_low_temp,124,25,7.84125901986954e-08,2.429540245429962e-06,0.9677253380156218,8.150880148605211e-07,105,1,1,same_source_cyclic_next_latent,False
validation,depablo_low_temp,124,50,3.329686251163366e-07,9.734014383866452e-06,0.9657932881557878,3.778778136620531e-06,105,1,1,same_source_cyclic_next_latent,False
validation,depablo_low_temp,124,75,8.028040383578627e-07,2.1937737983535044e-05,0.9634053411085322,8.283971510536503e-06,105,1,1,same_source_cyclic_next_latent,False
validation,depablo_low_temp,124,100,1.493064473834238e-06,3.905228732037358e-05,0.9617675538033004,1.4240353266359307e-05,105,1,1,same_source_cyclic_next_latent,False
validation,depablo_low_temp,124,125,2.4191308511944953e-06,6.109093374107033e-05,0.9604011478782136,2.1556510546361096e-05,105,1,1,same_source_cyclic_next_latent,False
validation,depablo_low_temp,124,149,3.5246041534264805e-06,8.68887800606899e-05,0.9594354512635046,2.9025215553701855e-05,105,1,1,same_source_cyclic_next_latent,False
validation,depablo_low_temp,124,175,4.948234618495917e-06,0.00011998012632830068,0.958757881243131,3.612968066590838e-05,105,1,1,same_source_cyclic_next_latent,False
validation,depablo_low_temp,124,199,6.488644885394024e-06,0.00015528261428698897,0.9582139641634195,4.083881140104495e-05,105,1,1,same_source_cyclic_next_latent,False
validation,depablo_low_temp,105,0,1.023116737997043e-07,0.0,,1.3870844028929241e-08,96,1,1,same_source_cyclic_next_latent,False
validation,depablo_low_temp,105,5,3.4864914510990275e-08,1.102623485849108e-07,0.6838003637829144,4.3863607857019815e-08,96,1,1,same_source_cyclic_next_latent,False
validation,depablo_low_temp,105,10,2.9812685653496374e-08,4.893034883934888e-07,0.9390711769675315,1.7177579536564735e-07,96,1,1,same_source_cyclic_next_latent,False
validation,depablo_low_temp,105,25,1.9808116746844462e-07,3.356824890943244e-06,0.9409915101610244,1.4762703131054877e-06,96,1,1,same_source_cyclic_next_latent,False
validation,depablo_low_temp,105,50,9.524912911729189e-07,1.4006071069161408e-05,0.9319943982527609,7.050007752695819e-06,96,1,1,same_source_cyclic_next_latent,False
validation,depablo_low_temp,105,75,2.3017269086267333e-06,3.212118099327199e-05,0.9283423947236297,1.6403324480052106e-05,96,1,1,same_source_cyclic_next_latent,False
validation,depablo_low_temp,105,100,4.3213999560975935e-06,5.7851128076436e-05,0.9253013709535979,3.0049082852201536e-05,96,1,1,same_source_cyclic_next_latent,False
validation,depablo_low_temp,105,125,7.065819318086142e-06,9.133149433182552e-05,0.9226354570263067,4.840258407057263e-05,96,1,1,same_source_cyclic_next_latent,False
validation,depablo_low_temp,105,149,1.0351701348554343e-05,0.00013090895663481206,0.9209244224791143,7.04630438121967e-05,96,1,1,same_source_cyclic_next_latent,False
validation,depablo_low_temp,105,175,1.4771973837923724e-05,0.00018214789452031255,0.9189012100478801,9.914670226862654e-05,96,1,1,same_source_cyclic_next_latent,False
validation,depablo_low_temp,105,199,2.0170798961771652e-05,0.00023727492953184992,0.9149897589198774,0.00013002163905184716,96,1,1,same_source_cyclic_next_latent,False
validation,depablo_low_temp,96,0,7.224775888658996e-09,0.0,,2.80238392491583e-08,152,1,1,same_source_cyclic_next_latent,False
validation,depablo_low_temp,96,5,2.8822546127571513e-08,1.028129190672189e-07,0.7196602684850589,2.4161062484040485e-08,152,1,1,same_source_cyclic_next_latent,False
validation,depablo_low_temp,96,10,4.896409677712654e-08,4.112499141228909e-07,0.8809383416369664,1.3308208224316331e-07,152,1,1,same_source_cyclic_next_latent,False
validation,depablo_low_temp,96,25,4.6256115382448115e-08,2.5721096790221054e-06,0.982016274127146,9.749985565576935e-07,152,1,1,same_source_cyclic_next_latent,False
validation,depablo_low_temp,96,50,1.1709805392001726e-07,1.0294354979123455e-05,0.9886250227277487,3.622357780841412e-06,152,1,1,same_source_cyclic_next_latent,False
validation,depablo_low_temp,96,75,2.7139503799844533e-07,2.3167545805335976e-05,0.9882855508184238,7.867075510148425e-06,152,1,1,same_source_cyclic_next_latent,False
validation,depablo_low_temp,96,100,4.93221818942402e-07,4.1188621253240854e-05,0.988025289414037,1.3947339539299719e-05,152,1,1,same_source_cyclic_next_latent,False
validation,depablo_low_temp,96,125,7.974705340529908e-07,6.43616949673742e-05,0.9876095473486638,2.2133526726975106e-05,152,1,1,same_source_cyclic_next_latent,False
validation,depablo_low_temp,96,149,1.1667103763102205e-06,9.145318472292274e-05,0.9872425396683011,3.2332980481442064e-05,152,1,1,same_source_cyclic_next_latent,False
validation,depablo_low_temp,96,175,1.6532501376786968e-06,0.0001261606375919655,0.986895673886607,4.6279346861410886e-05,152,1,1,same_source_cyclic_next_latent,False
validation,depablo_low_temp,96,199,2.207303623436019e-06,0.00016314847744069993,0.9864705839854477,6.186805694596842e-05,152,1,1,same_source_cyclic_next_latent,False
validation,depablo_low_temp,152,0,5.86805697366799e-08,0.0,,1.5867511748979268e-08,70,1,1,same_source_cyclic_next_latent,False
validation,depablo_low_temp,152,5,1.7094750504043077e-08,1.051594082923657e-07,0.8374396472780067,4.054501445693859e-08,70,1,1,same_source_cyclic_next_latent,False
validation,depablo_low_temp,152,10,3.978373541713154e-08,4.5047485741633864e-07,0.9116848925924349,1.426623867928356e-07,70,1,1,same_source_cyclic_next_latent,False
validation,depablo_low_temp,152,25,2.8545267127810803e-07,3.0113294542388758e-06,0.9052070935392696,1.2045057928844471e-06,70,1,1,same_source_cyclic_next_latent,False
validation,depablo_low_temp,152,50,7.440197009600524e-07,1.2442545994417742e-05,0.9402035804172353,5.982096354273381e-06,70,1,1,same_source_cyclic_next_latent,False
validation,depablo_low_temp,152,75,1.5072984069774975e-06,2.840685374394525e-05,0.9469389176089672,1.3951165783510078e-05,70,1,1,same_source_cyclic_next_latent,False
validation,depablo_low_temp,152,100,2.661319058461231e-06,5.09941964992322e-05,0.9478113345995891,2.5390076189069077e-05,70,1,1,same_source_cyclic_next_latent,False
validation,depablo_low_temp,152,125,4.15889826399507e-06,8.029223681660369e-05,0.9482029841378756,4.054794044350274e-05,70,1,1,same_source_cyclic_next_latent,False
validation,depablo_low_temp,152,149,5.972534381726291e-06,0.00011480825196485966,0.9479781785759237,5.8577530580805615e-05,70,1,1,same_source_cyclic_next_latent,False
validation,depablo_low_temp,152,175,8.507907296007033e-06,0.00015935282863210887,0.9466096248868674,8.184200123650953e-05,70,1,1,same_source_cyclic_next_latent,False
validation,depablo_low_temp,152,199,1.1567103683773894e-05,0.00020716806466225535,0.9441656043723164,0.0001067468838300556,70,1,1,same_source_cyclic_next_latent,False
validation,depablo_low_temp,70,0,1.0959355201123344e-08,0.0,,5.520913148870932e-08,169,1,1,same_source_cyclic_next_latent,False
validation,depablo_low_temp,70,5,3.0919249383032366e-08,1.0842899200724787e-07,0.7148433383853132,4.4360874085214164e-08,169,1,1,same_source_cyclic_next_latent,False
validation,depablo_low_temp,70,10,4.561205457775941e-08,4.3581886188803765e-07,0.8953417151791903,1.9017117836028774e-07,169,1,1,same_source_cyclic_next_latent,False
validation,depablo_low_temp,70,25,2.6706731048875554e-08,2.733828068812727e-06,0.9902310129325456,1.812905907172535e-06,169,1,1,same_source_cyclic_next_latent,False
validation,depablo_low_temp,70,50,5.646512235557566e-08,1.095371408155188e-05,0.9948451162833734,8.76574449648615e-06,169,1,1,same_source_cyclic_next_latent,False
validation,depablo_low_temp,70,75,1.3608263316200464e-07,2.4661450879648328e-05,0.9944819697013728,2.027103619184345e-05,169,1,1,same_source_cyclic_next_latent,False
validation,depablo_low_temp,70,100,2.466411785917444e-07,4.38588103861548e-05,0.9943764735883123,3.815636591752991e-05,169,1,1,same_source_cyclic_next_latent,False
validation,depablo_low_temp,70,125,3.7504779015762324e-07,6.854946695966646e-05,0.9945288007800513,6.338193634292111e-05,169,1,1,same_source_cyclic_next_latent,False
validation,depablo_low_temp,70,149,5.328020051820204e-07,9.742454858496785e-05,0.9945311319075054,9.209717973135412e-05,169,1,1,same_source_cyclic_next_latent,False
validation,depablo_low_temp,70,175,7.61861258524732e-07,0.0001344185438938439,0.9943321714664131,0.00012365911970846355,169,1,1,same_source_cyclic_next_latent,False
validation,depablo_low_temp,70,199,1.0562329180174856e-06,0.00017384615784976631,0.9939243240628288,0.00014997042308095843,169,1,1,same_source_cyclic_next_latent,False
validation,depablo_low_temp,169,0,5.238745259816824e-08,0.0,,4.9517510092300654e-08,168,1,1,same_source_cyclic_next_latent,False
validation,depablo_low_temp,169,5,1.516240999421825e-08,1.0561949181919772e-07,0.8564430699953218,1.597780219242395e-08,168,1,1,same_source_cyclic_next_latent,False
validation,depablo_low_temp,169,10,4.845301759814902e-08,4.714396197869064e-07,0.8972232804276186,6.570643762415784e-08,168,1,1,same_source_cyclic_next_latent,False
validation,depablo_low_temp,169,25,2.394982629994047e-07,3.285299726485391e-06,0.9271000265002853,4.929848955725902e-07,168,1,1,same_source_cyclic_next_latent,False
validation,depablo_low_temp,169,50,1.1027447044398286e-06,1.3894406947656535e-05,0.9206339134448758,1.934843339768122e-06,168,1,1,same_source_cyclic_next_latent,False
validation,depablo_low_temp,169,75,2.8006700176774757e-06,3.2073730835691094e-05,0.9126802543793584,4.675773197959643e-06,168,1,1,same_source_cyclic_next_latent,False
validation,depablo_low_temp,169,100,5.32101057615364e-06,5.797980338684283e-05,0.9082264811998118,8.476242328470107e-06,168,1,1,same_source_cyclic_next_latent,False
validation,depablo_low_temp,169,125,8.762515790294856e-06,9.178016625810415e-05,0.9045271309963319,1.325633729720721e-05,168,1,1,same_source_cyclic_next_latent,False
validation,depablo_low_temp,169,149,1.2665179383475333e-05,0.00013181191752664745,0.903914762632029,1.894779416033998e-05,168,1,1,same_source_cyclic_next_latent,False
validation,depablo_low_temp,169,175,1.7275157006224617e-05,0.00018371574697084725,0.9059680115011267,2.6696572604123503e-05,168,1,1,same_source_cyclic_next_latent,False
validation,depablo_low_temp,169,199,2.238006163679529e-05,0.00023968475579749793,0.9066270962359263,3.5826706152874976e-05,168,1,1,same_source_cyclic_next_latent,False
validation,depablo_low_temp,168,0,7.530927348398109e-08,0.0,,1.4657799418671402e-08,126,1,1,same_source_cyclic_next_latent,False
validation,depablo_low_temp,168,5,2.6195580815624453e-08,1.0086985469115461e-07,0.7403031768427681,2.3420303918442187e-08,126,1,1,same_source_cyclic_next_latent,False
validation,depablo_low_temp,168,10,2.4967684808530066e-08,4.353984195404337e-07,0.9426555456152468,9.346546647748255e-08,126,1,1,same_source_cyclic_next_latent,False
validation,depablo_low_temp,168,25,1.6586791673489643e-07,2.9493130568880588e-06,0.9437604914990236,1.0357738347011036e-06,126,1,1,same_source_cyclic_next_latent,False
validation,depablo_low_temp,168,50,7.46162641007686e-07,1.232679915119661e-05,0.9394682567748941,5.249147307040403e-06,126,1,1,same_source_cyclic_next_latent,False
validation,depablo_low_temp,168,75,1.8273714204042335e-06,2.83126955764601e-05,0.9354575259190949,1.2090938980691135e-05,126,1,1,same_source_cyclic_next_latent,False
validation,depablo_low_temp,168,100,3.411187435631291e-06,5.1012531912419945e-05,0.933130403299963,2.195506931457203e-05,126,1,1,same_source_cyclic_next_latent,False
validation,depablo_low_temp,168,125,5.591373337665573e-06,8.052563498495147e-05,0.9305640577846982,3.5141503758495674e-05,126,1,1,same_source_cyclic_next_latent,False
validation,depablo_low_temp,168,149,8.280138899863232e-06,0.00011536414240254089,0.9282260611709721,5.0980510422959924e-05,126,1,1,same_source_cyclic_next_latent,False
validation,depablo_low_temp,168,175,1.1749427358154207e-05,0.00016040148329921067,0.9267498833770945,7.160090171964839e-05,126,1,1,same_source_cyclic_next_latent,False
validation,depablo_low_temp,168,199,1.5405179510707967e-05,0.00020880624651908875,0.9262226117871447,9.387747559230775e-05,126,1,1,same_source_cyclic_next_latent,False
validation,depablo_low_temp,126,0,6.957542986185672e-09,0.0,,1.3744834603812706e-08,196,1,1,same_source_cyclic_next_latent,False
validation,depablo_low_temp,126,5,1.7636040183788282e-08,9.771910924882832e-08,0.8195231176444668,1.7347717928828388e-08,196,1,1,same_source_cyclic_next_latent,False
validation,depablo_low_temp,126,10,2.8364027571115003e-08,3.9022279452183284e-07,0.9273132477925299,2.269636745211301e-08,196,1,1,same_source_cyclic_next_latent,False
validation,depablo_low_temp,126,25,3.221086686266972e-08,2.4379485239478527e-06,0.9867877165796308,1.0560369645418177e-07,196,1,1,same_source_cyclic_next_latent,False
validation,depablo_low_temp,126,50,1.232791788652321e-07,9.75643615674926e-06,0.9873643227009741,8.4361226981855e-07,196,1,1,same_source_cyclic_next_latent,False
validation,depablo_low_temp,126,75,2.9526370326493634e-07,2.196334935433697e-05,0.9865565265797389,1.8642718941919156e-06,196,1,1,same_source_cyclic_next_latent,False
validation,depablo_low_temp,126,100,5.32971625943901e-07,3.906751953763887e-05,0.9863576794162624,3.328742195662926e-06,196,1,1,same_source_cyclic_next_latent,False
validation,depablo_low_temp,126,125,8.280627525891759e-07,6.107550143497065e-05,0.9864419819218211,5.29853650732548e-06,196,1,1,same_source_cyclic_next_latent,False
validation,depablo_low_temp,126,149,1.1702195479301736e-06,8.682875341037288e-05,0.9865226724792484,7.623426427016966e-06,196,1,1,same_source_cyclic_next_latent,False
validation,depablo_low_temp,126,175,1.6119130350489286e-06,0.00011984851153101772,0.9865504125628481,1.0695945093175396e-05,196,1,1,same_source_cyclic_next_latent,False
validation,depablo_low_temp,126,199,2.099887069562101e-06,0.00015506899217143655,0.9864583690126743,1.4216473573469557e-05,196,1,1,same_source_cyclic_next_latent,False
validation,depablo_low_temp,196,0,1.2029501839094792e-08,0.0,,4.1961609298368785e-08,138,1,1,same_source_cyclic_next_latent,False
validation,depablo_low_temp,196,5,2.7053769002804984e-08,1.034447478787115e-07,0.7384713138406465,7.766909781992126e-09,138,1,1,same_source_cyclic_next_latent,False
validation,depablo_low_temp,196,10,5.198475605538988e-08,4.144339982303791e-07,0.8745644510890438,6.784448913776941e-08,138,1,1,same_source_cyclic_next_latent,False
validation,depablo_low_temp,196,25,7.207064811609598e-08,2.5973602078011027e-06,0.9722523476337115,6.588954306607775e-07,138,1,1,same_source_cyclic_next_latent,False
validation,depablo_low_temp,196,50,2.1892233803555428e-07,1.0403631677036174e-05,0.9789571233554164,2.685887011466548e-06,138,1,1,same_source_cyclic_next_latent,False
validation,depablo_low_temp,196,75,4.945625846630719e-07,2.342555126233492e-05,0.9788878998353281,5.568573214986827e-06,138,1,1,same_source_cyclic_next_latent,False
validation,depablo_low_temp,196,100,8.72483610692143e-07,4.167108636465855e-05,0.9790626142295129,9.184944246953819e-06,138,1,1,same_source_cyclic_next_latent,False
validation,depablo_low_temp,196,125,1.3477510947268456e-06,6.514642882393673e-05,0.9793119727503522,1.3675195987161715e-05,138,1,1,same_source_cyclic_next_latent,False
validation,depablo_low_temp,196,149,1.8929100633613416e-06,9.261621016776189e-05,0.9795617844874824,1.907624027808197e-05,138,1,1,same_source_cyclic_next_latent,False
validation,depablo_low_temp,196,175,2.600589141366072e-06,0.0001278405252378434,0.9796575527476302,2.6480262022232637e-05,138,1,1,same_source_cyclic_next_latent,False
validation,depablo_low_temp,196,199,3.403431037440896e-06,0.00016540929209440947,0.9794241847338399,3.5088538425043225e-05,138,1,1,same_source_cyclic_next_latent,False
validation,depablo_low_temp,138,0,1.0103447323217551e-07,0.0,,1.552689177231059e-08,78,1,1,same_source_cyclic_next_latent,False
validation,depablo_low_temp,138,5,3.939764781080157e-08,1.0271765660263554e-07,0.6164471706825261,4.161255162671296e-08,78,1,1,same_source_cyclic_next_latent,False
validation,depablo_low_temp,138,10,2.905224327776068e-08,4.321907454141183e-07,0.9327791175863257,1.440552352960367e-07,78,1,1,same_source_cyclic_next_latent,False
validation,depablo_low_temp,138,25,1.658749084754163e-07,2.8179315449960995e-06,0.9411359339903177,1.4120936384642846e-06,78,1,1,same_source_cyclic_next_latent,False
validation,depablo_low_temp,138,50,6.894015882608073e-07,1.1502431334520224e-05,0.9400647073465392,6.678022145933937e-06,78,1,1,same_source_cyclic_next_latent,False
validation,depablo_low_temp,138,75,1.490384647695464e-06,2.6160945708397776e-05,0.9430301693100855,1.4964238289394416e-05,78,1,1,same_source_cyclic_next_latent,False
validation,depablo_low_temp,138,100,2.6383168005850166e-06,4.6891502279322594e-05,0.9437357160180296,2.7119118385598995e-05,78,1,1,same_source_cyclic_next_latent,False
validation,depablo_low_temp,138,125,4.172740318608703e-06,7.379020098596811e-05,0.9434512948487268,4.3521511543076485e-05,78,1,1,same_source_cyclic_next_latent,False
validation,depablo_low_temp,138,149,6.004617262078682e-06,0.00010551540617598221,0.9430925067751341,6.320617831079289e-05,78,1,1,same_source_cyclic_next_latent,False
validation,depablo_low_temp,138,175,8.375494871870615e-06,0.0001465022942284122,0.9428302818329087,8.87111818883568e-05,78,1,1,same_source_cyclic_next_latent,False
validation,depablo_low_temp,138,199,1.0949462193821091e-05,0.0001905527024064213,0.9425384050945261,0.00011604100291151553,78,1,1,same_source_cyclic_next_latent,False
validation,depablo_low_temp,78,0,1.0741232792099709e-08,0.0,,1.652858472311891e-08,161,1,1,same_source_cyclic_next_latent,False
validation,depablo_low_temp,78,5,2.7901357668724813e-08,1.066432204765988e-07,0.7383672628786813,2.3991090003505633e-08,161,1,1,same_source_cyclic_next_latent,False
validation,depablo_low_temp,78,10,3.414656646327785e-08,4.2946098233187513e-07,0.9204897118293034,1.4368570333544994e-08,161,1,1,same_source_cyclic_next_latent,False
validation,depablo_low_temp,78,25,2.4711225066198494e-08,2.696686124181724e-06,0.9908364474290842,2.528362301745801e-07,161,1,1,same_source_cyclic_next_latent,False
validation,depablo_low_temp,78,50,1.0556532004102337e-07,1.080872243619524e-05,0.9902333212214317,1.969062395801302e-06,161,1,1,same_source_cyclic_next_latent,False
validation,depablo_low_temp,78,75,1.927856771999359e-07,2.434396810713224e-05,0.9920807620043072,4.077647645317484e-06,161,1,1,same_source_cyclic_next_latent,False
validation,depablo_low_temp,78,100,3.428242223435518e-07,4.330917363404296e-05,0.9920842585166743,6.84597125655273e-06,161,1,1,same_source_cyclic_next_latent,False
validation,depablo_low_temp,78,125,5.502276962943142e-07,6.771329935872927e-05,0.9918741561627453,1.0214973372058012e-05,161,1,1,same_source_cyclic_next_latent,False
validation,depablo_low_temp,78,149,8.043347179409466e-07,9.626436803955585e-05,0.9916445229494423,1.3709436643694062e-05,161,1,1,same_source_cyclic_next_latent,False
validation,depablo_low_temp,78,175,1.131196881942742e-06,0.00013287020556163043,0.991486451931332,1.770498784026131e-05,161,1,1,same_source_cyclic_next_latent,False
validation,depablo_low_temp,78,199,1.4910730214978685e-06,0.00017190758080687374,0.9913263102505468,2.184581899200566e-05,161,1,1,same_source_cyclic_next_latent,False
validation,lj_noisy,15,0,4.56581084051777e-08,0.0,,9.470929995814004e-08,79,1,1,same_source_cyclic_next_latent,False
validation,lj_noisy,15,5,1.7314603084628288e-08,9.055690952664008e-08,0.8087986529671194,6.079011427573278e-08,79,1,1,same_source_cyclic_next_latent,False
validation,lj_noisy,15,10,2.5089159194635613e-08,3.651525162240432e-07,0.9312912876677484,6.153008769160806e-08,79,1,1,same_source_cyclic_next_latent,False
validation,lj_noisy,15,25,2.2565727419987525e-07,2.382581669735373e-06,0.9052887558624849,2.670925880465802e-07,79,1,1,same_source_cyclic_next_latent,False
validation,lj_noisy,15,50,1.2275398830752238e-06,1.0002500857808627e-05,0.8772767030440269,1.3944633110440918e-06,79,1,1,same_source_cyclic_next_latent,False
validation,lj_noisy,15,75,3.478885219010408e-06,2.3497006623074412e-05,0.8519434719997869,3.897902843164047e-06,79,1,1,same_source_cyclic_next_latent,False
validation,lj_noisy,15,100,7.895726412243675e-06,4.446260936674662e-05,0.8224187350968013,8.578458619012963e-06,79,1,1,same_source_cyclic_next_latent,False
validation,lj_noisy,15,125,1.4630674741056282e-05,7.343651668634266e-05,0.8007711231246727,1.530421468487475e-05,79,1,1,same_source_cyclic_next_latent,False
validation,lj_noisy,15,149,2.201838833570946e-05,0.00010652769560692832,0.7933083203362052,2.1496936824405566e-05,79,1,1,same_source_cyclic_next_latent,False
validation,lj_noisy,15,175,3.234297037124634e-05,0.00015080551384016871,0.7855319109517106,2.8879347155452706e-05,79,1,1,same_source_cyclic_next_latent,False
validation,lj_noisy,15,199,4.6230627049226314e-05,0.00020307757949922234,0.7723499208370103,3.857640695059672e-05,79,1,1,same_source_cyclic_next_latent,False
validation,lj_noisy,79,0,9.186357630142084e-08,0.0,,8.878062374151341e-08,75,1,1,same_source_cyclic_next_latent,False
validation,lj_noisy,79,5,4.964919853023275e-08,1.0333684485885897e-07,0.5195402124184714,4.986586787936176e-08,75,1,1,same_source_cyclic_next_latent,False
validation,lj_noisy,79,10,4.696749655863641e-08,4.55465340110095e-07,0.8968801960928938,4.609541903732861e-08,75,1,1,same_source_cyclic_next_latent,False
validation,lj_noisy,79,25,3.381278759206907e-07,3.182375849064556e-06,0.8937498611233863,3.3156175049953163e-07,75,1,1,same_source_cyclic_next_latent,False
validation,lj_noisy,79,50,1.7105949154938571e-06,1.3238345673016738e-05,0.8707848429293923,1.7269347836190718e-06,75,1,1,same_source_cyclic_next_latent,False
validation,lj_noisy,79,75,4.161473952990491e-06,3.0100934964139014e-05,0.8617493457280215,4.466588052309817e-06,75,1,1,same_source_cyclic_next_latent,False
validation,lj_noisy,79,100,7.61998626330751e-06,5.402554961619899e-05,0.8589558770352104,8.295564839500003e-06,75,1,1,same_source_cyclic_next_latent,False
validation,lj_noisy,79,125,1.2378936844470445e-05,8.518932736478746e-05,0.8546891115660198,1.332690408162307e-05,75,1,1,same_source_cyclic_next_latent,False
validation,lj_noisy,79,149,1.854250513133593e-05,0.0001221718266606331,0.8482260138186932,1.9707118553924374e-05,75,1,1,same_source_cyclic_next_latent,False
validation,lj_noisy,79,175,2.727454739215318e-05,0.00017011869931593537,0.8396734309524648,2.8485164875746705e-05,75,1,1,same_source_cyclic_next_latent,False
validation,lj_noisy,79,199,3.728151204995811e-05,0.00022137924679555,0.8315943676310876,3.828085755230859e-05,75,1,1,same_source_cyclic_next_latent,False
validation,lj_noisy,75,0,5.629036436971546e-08,0.0,,7.114145716968778e-08,181,1,1,same_source_cyclic_next_latent,False
validation,lj_noisy,75,5,2.5020874261372228e-08,9.145860246917437e-08,0.7264240477564111,2.8751580671837473e-08,181,1,1,same_source_cyclic_next_latent,False
validation,lj_noisy,75,10,4.178888346473286e-08,3.9008332919365785e-07,0.8928719062383036,4.614859250295922e-08,181,1,1,same_source_cyclic_next_latent,False
validation,lj_noisy,75,25,3.828880323908379e-07,2.6733314371085726e-06,0.8567749486367606,5.055547944721184e-07,181,1,1,same_source_cyclic_next_latent,False
validation,lj_noisy,75,50,1.8944210751214996e-06,1.1298255230940413e-05,0.8323262276874748,2.7801963824458653e-06,181,1,1,same_source_cyclic_next_latent,False
validation,lj_noisy,75,75,4.670568159781396e-06,2.6090825485880487e-05,0.8209881031817503,7.292211648746161e-06,181,1,1,same_source_cyclic_next_latent,False
validation,lj_noisy,75,100,8.621093002147973e-06,4.721252480521798e-05,0.8173981790273762,1.3704778211831581e-05,181,1,1,same_source_cyclic_next_latent,False
validation,lj_noisy,75,125,1.3895541997044347e-05,7.473392179235816e-05,0.8140664685622692,2.21787176997168e-05,181,1,1,same_source_cyclic_next_latent,False
validation,lj_noisy,75,149,2.0081391994608566e-05,0.00010709988418966532,0.8124984714358231,3.171110438415781e-05,181,1,1,same_source_cyclic_next_latent,False
validation,lj_noisy,75,175,2.821632551786024e-05,0.00014858660870231688,0.8101018270469466,4.3048185034422204e-05,181,1,1,same_source_cyclic_next_latent,False
validation,lj_noisy,75,199,3.6795805499423295e-05,0.00019195048662368208,0.8083057451604106,5.444879207061604e-05,181,1,1,same_source_cyclic_next_latent,False
validation,lj_noisy,181,0,1.1417807854741113e-07,0.0,,1.2118124459448154e-07,31,1,1,same_source_cyclic_next_latent,False
validation,lj_noisy,181,5,6.563720944541274e-08,8.917994165358323e-08,0.2639913389898989,7.746261587726622e-08,31,1,1,same_source_cyclic_next_latent,False
validation,lj_noisy,181,10,5.108536527131946e-08,3.5931097386310284e-07,0.8578240883597869,7.2653605798223e-08,31,1,1,same_source_cyclic_next_latent,False
validation,lj_noisy,181,25,2.013115505405949e-07,2.322475211258279e-06,0.9133202586771518,2.7603635999184917e-07,31,1,1,same_source_cyclic_next_latent,False
validation,lj_noisy,181,50,1.0647619319570367e-06,9.647412298363633e-06,0.8896323802666091,1.4011486655363115e-06,31,1,1,same_source_cyclic_next_latent,False
validation,lj_noisy,181,75,2.760912366284174e-06,2.220537317043636e-05,0.8756646715597656,3.6565509162755916e-06,31,1,1,same_source_cyclic_next_latent,False
validation,lj_noisy,181,100,5.408009201346431e-06,4.0102699131239206e-05,0.8651460046704512,7.255258879013127e-06,31,1,1,same_source_cyclic_next_latent,False
validation,lj_noisy,181,125,9.135468644672073e-06,6.356189987855032e-05,0.8562744558905965,1.273132784262998e-05,31,1,1,same_source_cyclic_next_latent,False
validation,lj_noisy,181,149,1.3854479220754001e-05,9.170166595140472e-05,0.8489179113921892,1.969879122043494e-05,31,1,1,same_source_cyclic_next_latent,False
validation,lj_noisy,181,175,1.9995166439912282e-05,0.0001289811043534428,0.8449760021815276,2.883047636714764e-05,31,1,1,same_source_cyclic_next_latent,False
validation,lj_noisy,181,199,2.652211878739763e-05,0.00016955948376562446,0.8435822155246819,3.800563717959449e-05,31,1,1,same_source_cyclic_next_latent,False
validation,lj_noisy,31,0,1.1257380094775726e-07,0.0,,4.838684830588136e-08,142,1,1,same_source_cyclic_next_latent,False
validation,lj_noisy,31,5,5.992635010443337e-08,1.0181967979860929e-07,0.4114462918861794,2.5763169375636608e-08,142,1,1,same_source_cyclic_next_latent,False
validation,lj_noisy,31,10,4.498618011439248e-08,4.3096116542074014e-07,0.8956143065223214,6.019146070457282e-08,142,1,1,same_source_cyclic_next_latent,False
validation,lj_noisy,31,25,1.7192832046930562e-07,2.8248798571439693e-06,0.9391378291595276,4.339255497143313e-07,142,1,1,same_source_cyclic_next_latent,False
validation,lj_noisy,31,50,8.580917096878693e-07,1.1657663890218828e-05,0.9263924815667539,1.6769536159699783e-06,142,1,1,same_source_cyclic_next_latent,False
validation,lj_noisy,31,75,2.277236490044743e-06,2.6905094273388386e-05,0.9153603972948298,3.8146786209836137e-06,142,1,1,same_source_cyclic_next_latent,False
validation,lj_noisy,31,100,4.502563115238445e-06,4.89304875372909e-05,0.9079804158540838,7.151781119318912e-06,142,1,1,same_source_cyclic_next_latent,False
validation,lj_noisy,31,125,8.22475067252526e-06,7.90988706285134e-05,0.896019366557676,1.2631831850740127e-05,142,1,1,same_source_cyclic_next_latent,False
validation,lj_noisy,31,149,1.5150612853176426e-05,0.00011739749606931582,0.8709460307038326,2.1861042114323936e-05,142,1,1,same_source_cyclic_next_latent,False
validation,lj_noisy,31,175,3.043699325644411e-05,0.00017393942107446492,0.8250138291341456,4.023615110781975e-05,142,1,1,same_source_cyclic_next_latent,False
validation,lj_noisy,31,199,5.266024891170673e-05,0.00024001374549698085,0.780594862170637,6.519006274174899e-05,142,1,1,same_source_cyclic_next_latent,False
validation,lj_noisy,142,0,5.833057059589919e-08,0.0,,7.142647717728323e-08,157,1,1,same_source_cyclic_next_latent,False
validation,lj_noisy,142,5,2.916630137406173e-08,9.436170955723355e-08,0.690909570090277,4.00799144983921e-08,157,1,1,same_source_cyclic_next_latent,False
validation,lj_noisy,142,10,4.0024804803806546e-08,3.835527593309962e-07,0.8956471989052589,3.8537848467967706e-08,157,1,1,same_source_cyclic_next_latent,False
validation,lj_noisy,142,25,2.9992651207066956e-07,2.477869657013798e-06,0.8789579140203341,2.472403082265373e-07,157,1,1,same_source_cyclic_next_latent,False
validation,lj_noisy,142,50,1.4930598126738914e-06,1.0261092029395513e-05,0.8544930882213471,1.401239501319651e-06,157,1,1,same_source_cyclic_next_latent,False
validation,lj_noisy,142,75,3.890581410814775e-06,2.3520789909525774e-05,0.8345896789274447,3.8012037748558214e-06,157,1,1,same_source_cyclic_next_latent,False
validation,lj_noisy,142,100,7.812976946297567e-06,4.234289735904895e-05,0.8154831758429992,7.737565283605363e-06,157,1,1,same_source_cyclic_next_latent,False
validation,lj_noisy,142,125,1.2735422387777362e-05,6.57610289636068e-05,0.8063378479855394,1.2780423276126385e-05,157,1,1,same_source_cyclic_next_latent,False
validation,lj_noisy,142,149,1.836461160564795e-05,9.220665378961712e-05,0.8008320348816748,1.8657305190572515e-05,157,1,1,same_source_cyclic_next_latent,False
validation,lj_noisy,142,175,2.5713623472256586e-05,0.00012604442599695176,0.795995552608741,2.6181091016042046e-05,157,1,1,same_source_cyclic_next_latent,False
validation,lj_noisy,142,199,3.327953163534403e-05,0.0001614613429410383,0.7938854525228562,3.3788299333537e-05,157,1,1,same_source_cyclic_next_latent,False
validation,lj_noisy,157,0,6.847399447451608e-08,0.0,,2.3053837594488868e-07,12,1,1,same_source_cyclic_next_latent,False
validation,lj_noisy,157,5,3.7800681695898675e-08,9.083687757538428e-08,0.5838619434653243,2.2248045183914655e-07,12,1,1,same_source_cyclic_next_latent,False
validation,lj_noisy,157,10,3.927070224563067e-08,3.649991242582473e-07,0.8924087768006657,2.8329159817985783e-07,12,1,1,same_source_cyclic_next_latent,False
validation,lj_noisy,157,25,2.5682328441689606e-07,2.373865527260932e-06,0.8918122018843966,1.0303339195161243e-06,12,1,1,same_source_cyclic_next_latent,False
validation,lj_noisy,157,50,1.2610272506208275e-06,9.819269507715944e-06,0.871576266479913,4.23201981902821e-06,12,1,1,same_source_cyclic_next_latent,False
validation,lj_noisy,157,75,3.107625616394216e-06,2.2813499526819214e-05,0.8637812838516539,9.505233720119577e-06,12,1,1,same_source_cyclic_next_latent,False
validation,lj_noisy,157,100,5.963578587397933e-06,4.15882641391363e-05,0.8566042918394866,1.6414629499195144e-05,12,1,1,same_source_cyclic_next_latent,False
validation,lj_noisy,157,125,1.0042291251011193e-05,6.644261884503067e-05,0.848857684637121,2.437818875478115e-05,12,1,1,same_source_cyclic_next_latent,False
validation,lj_noisy,157,149,1.5344423445640132e-05,9.61377882049419e-05,0.8403913410933729,3.292714973213151e-05,12,1,1,same_source_cyclic_next_latent,False
validation,lj_noisy,157,175,2.1990690584061667e-05,0.00013357444549910724,0.8353675323008648,4.3899148295167834e-05,12,1,1,same_source_cyclic_next_latent,False
validation,lj_noisy,157,199,2.9511467801057734e-05,0.0001735624682623893,0.8299663049476647,5.8631205320125446e-05,12,1,1,same_source_cyclic_next_latent,False
validation,lj_noisy,12,0,1.2091837220395973e-07,0.0,,5.7983665868732714e-08,152,1,1,same_source_cyclic_next_latent,False
validation,lj_noisy,12,5,6.640780725319928e-08,1.0223686786048347e-07,0.35045146977876873,2.475631966092351e-08,152,1,1,same_source_cyclic_next_latent,False
validation,lj_noisy,12,10,7.389353839926116e-08,4.424935866609303e-07,0.8330065324632974,6.071120139949926e-08,152,1,1,same_source_cyclic_next_latent,False
validation,lj_noisy,12,25,5.999050927130156e-07,3.1844713248574408e-06,0.8116154829122628,6.99235954471078e-07,152,1,1,same_source_cyclic_next_latent,False
validation,lj_noisy,12,50,3.4309846341784578e-06,1.4166832443152089e-05,0.7578156833613915,3.9625410863664e-06,152,1,1,same_source_cyclic_next_latent,False
validation,lj_noisy,12,75,8.850706763041671e-06,3.3046842872863635e-05,0.7321769345080339,1.0108048627444077e-05,152,1,1,same_source_cyclic_next_latent,False
validation,lj_noisy,12,100,1.4822376215306576e-05,5.7156557886628434e-05,0.7406705938326945,1.6931538993958384e-05,152,1,1,same_source_cyclic_next_latent,False
validation,lj_noisy,12,125,2.22630023927195e-05,8.803003584034741e-05,0.7470976561557238,2.566058174124919e-05,152,1,1,same_source_cyclic_next_latent,False
validation,lj_noisy,12,149,3.105077485088259e-05,0.00012419970880728215,0.7499931751123237,3.628535705502145e-05,152,1,1,same_source_cyclic_next_latent,False
validation,lj_noisy,12,175,4.095652184332721e-05,0.00016892341955099255,0.757543850626563,4.900151179754175e-05,152,1,1,same_source_cyclic_next_latent,False
validation,lj_noisy,12,199,4.959136276738718e-05,0.00021583693160209805,0.7702368987583165,6.155229493742809e-05,152,1,1,same_source_cyclic_next_latent,False
validation,lj_noisy,152,0,8.066550094554259e-08,0.0,,1.0968306440872766e-07,29,1,1,same_source_cyclic_next_latent,False
validation,lj_noisy,152,5,4.462460267973256e-08,9.695842351220563e-08,0.5397552779505024,5.4555641781917075e-08,29,1,1,same_source_cyclic_next_latent,False
validation,lj_noisy,152,10,4.5196166809091665e-08,4.1400659256396466e-07,0.8908322533484565,4.5129411319067e-08,29,1,1,same_source_cyclic_next_latent,False
validation,lj_noisy,152,25,2.3924161496324814e-07,2.7664339086186374e-06,0.9135198515974277,2.5760084554349305e-07,29,1,1,same_source_cyclic_next_latent,False
validation,lj_noisy,152,50,1.1923956435566652e-06,1.1517513485159725e-05,0.8964710876967443,1.2699333638011012e-06,29,1,1,same_source_cyclic_next_latent,False
validation,lj_noisy,152,75,2.9988821097504115e-06,2.6382193027529866e-05,0.8863293090676324,3.1723964184493525e-06,29,1,1,same_source_cyclic_next_latent,False
validation,lj_noisy,152,100,5.565079845837317e-06,4.726915722130798e-05,0.8822682659692377,5.917040653002914e-06,29,1,1,same_source_cyclic_next_latent,False
validation,lj_noisy,152,125,8.695963515492622e-06,7.386328070424497e-05,0.8822694655235797,9.428083103557583e-06,29,1,1,same_source_cyclic_next_latent,False
validation,lj_noisy,152,149,1.247849559149472e-05,0.0001050939827109687,0.8812634627634839,1.398575750499731e-05,29,1,1,same_source_cyclic_next_latent,False
validation,lj_noisy,152,175,1.772241375874728e-05,0.00014509294123854488,0.8778547487736832,2.063085776171647e-05,29,1,1,same_source_cyclic_next_latent,False
validation,lj_noisy,152,199,2.3999389668460935e-05,0.00018777258810587227,0.8721890670488639,2.8682219635811634e-05,29,1,1,same_source_cyclic_next_latent,False
validation,lj_noisy,29,0,1.1351440321050177e-07,0.0,,1.362618036182539e-07,95,1,1,same_source_cyclic_next_latent,False
validation,lj_noisy,29,5,6.195916313345151e-08,9.255531097096537e-08,0.33057149845363143,9.531277100904845e-08,95,1,1,same_source_cyclic_next_latent,False
validation,lj_noisy,29,10,4.860042324139613e-08,3.9399358797709283e-07,0.8766466645030229,8.578809485015881e-08,95,1,1,same_source_cyclic_next_latent,False
validation,lj_noisy,29,25,2.130952765355687e-07,2.62467051470594e-06,0.9188106562931984,2.716545850489638e-07,95,1,1,same_source_cyclic_next_latent,False
validation,lj_noisy,29,50,1.0442081475048326e-06,1.0715701137087308e-05,0.9025534461864747,1.5283364973583957e-06,95,1,1,same_source_cyclic_next_latent,False
validation,lj_noisy,29,75,2.7969440452579875e-06,2.4163142370525748e-05,0.8842475038068845,5.139302629686426e-06,95,1,1,same_source_cyclic_next_latent,False
validation,lj_noisy,29,100,5.649242666549981e-06,4.288870331947692e-05,0.8682813368250164,1.144638008554466e-05,95,1,1,same_source_cyclic_next_latent,False
validation,lj_noisy,29,125,9.58070086198859e-06,6.650677823927253e-05,0.855943993745721,1.908123704197351e-05,95,1,1,same_source_cyclic_next_latent,False
validation,lj_noisy,29,149,1.4479087440122385e-05,9.352853521704674e-05,0.845190696010351,2.7985575798084028e-05,95,1,1,same_source_cyclic_next_latent,False
validation,lj_noisy,29,175,2.1343774278648198e-05,0.00012778700329363346,0.8329738257528136,3.939882662962191e-05,95,1,1,same_source_cyclic_next_latent,False
validation,lj_noisy,29,199,2.9229391657281667e-05,0.0001640301925363019,0.8218048079726978,5.044480349170044e-05,95,1,1,same_source_cyclic_next_latent,False
validation,lj_noisy,95,0,8.907547055514442e-08,0.0,,5.11489908205931e-08,183,1,1,same_source_cyclic_next_latent,False
validation,lj_noisy,95,5,4.255195307223403e-08,9.315184712477276e-08,0.5431979677736548,1.69242539982406e-08,183,1,1,same_source_cyclic_next_latent,False
validation,lj_noisy,95,10,3.377197899112616e-08,4.062233927015768e-07,0.9168635297772326,4.1461888145022385e-08,183,1,1,same_source_cyclic_next_latent,False
validation,lj_noisy,95,25,2.7394239054956415e-07,2.82183304989303e-06,0.9029204117656965,5.247334797786607e-07,183,1,1,same_source_cyclic_next_latent,False
validation,lj_noisy,95,50,1.723156401567394e-06,1.2093249097233638e-05,0.857510881673514,2.8102197120460914e-06,183,1,1,same_source_cyclic_next_latent,False
validation,lj_noisy,95,75,4.908633854938671e-06,2.8183430913486518e-05,0.8258326365584625,7.3138612606271636e-06,183,1,1,same_source_cyclic_next_latent,False
validation,lj_noisy,95,100,1.0441436643304769e-05,5.138449341757223e-05,0.7967979063556545,1.4379771528183483e-05,183,1,1,same_source_cyclic_next_latent,False
validation,lj_noisy,95,125,1.7844615285866894e-05,8.035653445404023e-05,0.7779319951126926,2.2813452233094722e-05,183,1,1,same_source_cyclic_next_latent,False
validation,lj_noisy,95,149,2.8645434213103727e-05,0.00011559575068531558,0.7521930171024649,3.4608532587299123e-05,183,1,1,same_source_cyclic_next_latent,False
validation,lj_noisy,95,175,4.5560806029243395e-05,0.00016214206698350608,0.7190068754095871,5.256849908619188e-05,183,1,1,same_source_cyclic_next_latent,False
validation,lj_noisy,95,199,6.57932905596681e-05,0.00021282926900312304,0.6908635223536729,7.402548362733796e-05,183,1,1,same_source_cyclic_next_latent,False
validation,lj_noisy,183,0,8.410550123016947e-08,0.0,,9.805994949374508e-08,147,1,1,same_source_cyclic_next_latent,False
validation,lj_noisy,183,5,4.253897145645169e-08,9.035466774776069e-08,0.5292000677241607,8.141184792975764e-08,147,1,1,same_source_cyclic_next_latent,False
validation,lj_noisy,183,10,3.5089954053546535e-08,3.734352276296704e-07,0.9060346977003877,1.0757700863450737e-07,147,1,1,same_source_cyclic_next_latent,False
validation,lj_noisy,183,25,2.058525296888547e-07,2.431817392789526e-06,0.9153503341578118,5.748656803916674e-07,147,1,1,same_source_cyclic_next_latent,False
validation,lj_noisy,183,50,1.1349677606631303e-06,1.0205611033597961e-05,0.888789827779376,2.8058304906153353e-06,147,1,1,same_source_cyclic_next_latent,False
validation,lj_noisy,183,75,3.1747254070069175e-06,2.3695167328696698e-05,0.866018021186874,6.899163963680621e-06,147,1,1,same_source_cyclic_next_latent,False
validation,lj_noisy,183,100,6.59834086036426e-06,4.307867129682563e-05,0.8468304462108497,1.304956640524324e-05,147,1,1,same_source_cyclic_next_latent,False
validation,lj_noisy,183,125,1.0568695870460942e-05,6.872970698168501e-05,0.8462281255865491,1.8955473933601752e-05,147,1,1,same_source_cyclic_next_latent,False
validation,lj_noisy,183,149,1.4892627405060921e-05,9.890592627925798e-05,0.8494263390950707,2.4002138161449693e-05,147,1,1,same_source_cyclic_next_latent,False
validation,lj_noisy,183,175,2.026391666731797e-05,0.00013746204786002636,0.8525853718696805,2.922661769844126e-05,147,1,1,same_source_cyclic_next_latent,False
validation,lj_noisy,183,199,2.6580109988572076e-05,0.00017979549011215568,0.852164756902459,3.5175275115761906e-05,147,1,1,same_source_cyclic_next_latent,False
validation,lj_noisy,147,0,7.050032735378409e-08,0.0,,4.085884341975543e-08,43,1,1,same_source_cyclic_next_latent,False
validation,lj_noisy,147,5,3.6571073280811106e-08,1.0630814983869641e-07,0.6559899374008374,1.8461383533008302e-08,43,1,1,same_source_cyclic_next_latent,False
validation,lj_noisy,147,10,4.867598590863054e-08,4.434336347003409e-07,0.8902293779732692,5.234660704900307e-08,43,1,1,same_source_cyclic_next_latent,False
validation,lj_noisy,147,25,3.268567638770037e-07,2.912094714702107e-06,0.887758882900744,4.096919781204633e-07,43,1,1,same_source_cyclic_next_latent,False
validation,lj_noisy,147,50,1.5967226545399171e-06,1.199792586703552e-05,0.8669167760965304,1.8601210740598617e-06,43,1,1,same_source_cyclic_next_latent,False
validation,lj_noisy,147,75,3.8583129935432225e-06,2.7232879801886156e-05,0.8583215208376165,4.4102139327151235e-06,43,1,1,same_source_cyclic_next_latent,False
validation,lj_noisy,147,100,7.243667369039031e-06,4.869244003202766e-05,0.8512363035355288,8.282173439511098e-06,43,1,1,same_source_cyclic_next_latent,False
validation,lj_noisy,147,125,1.1673225344566163e-05,7.65042204875499e-05,0.8474172369815096,1.3737488188780844e-05,43,1,1,same_source_cyclic_next_latent,False
validation,lj_noisy,147,149,1.676909414527472e-05,0.00010965059482259676,0.8470679144750162,2.0675963241956197e-05,43,1,1,same_source_cyclic_next_latent,False
validation,lj_noisy,147,175,2.3940980099723674e-05,0.00015283728134818375,0.8433564122016609,3.068631122005172e-05,43,1,1,same_source_cyclic_next_latent,False
validation,lj_noisy,147,199,3.293166810180992e-05,0.00019974987662862986,0.8351354771395645,4.2948035115841776e-05,43,1,1,same_source_cyclic_next_latent,False
validation,lj_noisy,43,0,4.7217824317158374e-08,0.0,,9.86889077125852e-08,13,1,1,same_source_cyclic_next_latent,False
validation,lj_noisy,43,5,2.0296132774433318e-08,9.6270760252537e-08,0.7891765607626594,5.216857346113102e-08,13,1,1,same_source_cyclic_next_latent,False
validation,lj_noisy,43,10,2.946287125382696e-08,4.102923867321806e-07,0.9281905484805915,4.215985072164585e-08,13,1,1,same_source_cyclic_next_latent,False
validation,lj_noisy,43,25,2.3506146362706204e-07,2.796049102471443e-06,0.9159308527810581,2.636830629398901e-07,13,1,1,same_source_cyclic_next_latent,False
validation,lj_noisy,43,50,1.1813282299044658e-06,1.1718565474438947e-05,0.8991917370363095,1.448784928470559e-06,13,1,1,same_source_cyclic_next_latent,False
validation,lj_noisy,43,75,3.1797430892765988e-06,2.693894930416718e-05,0.8819648437890365,3.8106202282506274e-06,13,1,1,same_source_cyclic_next_latent,False
validation,lj_noisy,43,100,6.1785981415596325e-06,4.813013947568834e-05,0.8716272545879368,7.426025604218012e-06,13,1,1,same_source_cyclic_next_latent,False
validation,lj_noisy,43,125,1.0326349183742423e-05,7.53487111069262e-05,0.8629525438187197,1.2656527360377368e-05,13,1,1,same_source_cyclic_next_latent,False
validation,lj_noisy,43,149,1.5693736713728867e-05,0.00010748124623205513,0.8539862788728219,1.9585586414905265e-05,13,1,1,same_source_cyclic_next_latent,False
validation,lj_noisy,43,175,2.317028156539891e-05,0.00014898361405357718,0.8444776513673077,2.937747376563493e-05,13,1,1,same_source_cyclic_next_latent,False
validation,lj_noisy,43,199,3.230842048651539e-05,0.00019355223048478365,0.8330764755043453,4.057530532008968e-05,13,1,1,same_source_cyclic_next_latent,False
validation,lj_noisy,13,0,1.0099758895876221e-07,0.0,,1.360346288947767e-07,40,1,1,same_source_cyclic_next_latent,False
validation,lj_noisy,13,5,5.675115133385589e-08,9.281463064780837e-08,0.3885538202570442,9.510696230563553e-08,40,1,1,same_source_cyclic_next_latent,False
validation,lj_noisy,13,10,4.8359019899635314e-08,3.781031523431011e-07,0.8721009872571678,8.689340091905251e-08,40,1,1,same_source_cyclic_next_latent,False
validation,lj_noisy,13,25,1.91429393225917e-07,2.410028173471801e-06,0.9205696450634638,2.465552597641363e-07,40,1,1,same_source_cyclic_next_latent,False
validation,lj_noisy,13,50,9.531215141578286e-07,9.818084436119534e-06,0.902921845869301,1.5196580989140784e-06,40,1,1,same_source_cyclic_next_latent,False
validation,lj_noisy,13,75,2.554726279413444e-06,2.2434529455495067e-05,0.8861252568509881,5.042882548877969e-06,40,1,1,same_source_cyclic_next_latent,False
validation,lj_noisy,13,100,5.137962034496013e-06,4.0286795410793275e-05,0.8724653578894613,1.2881071597803384e-05,40,1,1,same_source_cyclic_next_latent,False
validation,lj_noisy,13,125,8.84672499523731e-06,6.321443652268499e-05,0.8600521418542963,2.0352810679469258e-05,40,1,1,same_source_cyclic_next_latent,False
validation,lj_noisy,13,149,1.4035281310498249e-05,8.989958587335423e-05,0.8438782428845623,2.639566082507372e-05,40,1,1,same_source_cyclic_next_latent,False
validation,lj_noisy,13,175,2.3331896954914555e-05,0.00012564916687551886,0.8143091790013255,3.685471892822534e-05,40,1,1,same_source_cyclic_next_latent,False
validation,lj_noisy,13,199,3.416008621570654e-05,0.00016380345914512873,0.7914568691407124,4.62899733975064e-05,40,1,1,same_source_cyclic_next_latent,False
validation,lj_noisy,40,0,1.28280561284555e-07,0.0,,2.422555667180859e-07,132,1,1,same_source_cyclic_next_latent,False
validation,lj_noisy,40,5,8.149667252155268e-08,9.645786747114471e-08,0.15510600992778178,1.6778500366854132e-07,132,1,1,same_source_cyclic_next_latent,False
validation,lj_noisy,40,10,6.704586752448449e-08,4.1816244333858776e-07,0.8396654970035241,1.1454281434453151e-07,132,1,1,same_source_cyclic_next_latent,False
validation,lj_noisy,40,25,3.037956730622682e-07,2.9362895475060213e-06,0.8965375627480944,3.4678620863815013e-07,132,1,1,same_source_cyclic_next_latent,False
validation,lj_noisy,40,50,1.6090652934508398e-06,1.2648867595999036e-05,0.872789774955048,2.5831429866229882e-06,132,1,1,same_source_cyclic_next_latent,False
validation,lj_noisy,40,75,4.7152548177109566e-06,2.9483269827323966e-05,0.8400701535030881,8.048521522141527e-06,132,1,1,same_source_cyclic_next_latent,False
validation,lj_noisy,40,100,1.1508101124491077e-05,5.388597855926491e-05,0.7864360742408301,1.6828043953864835e-05,132,1,1,same_source_cyclic_next_latent,False
validation,lj_noisy,40,125,1.899041308206506e-05,8.557874389225617e-05,0.778094276471573,2.7945798137807287e-05,132,1,1,same_source_cyclic_next_latent,False
validation,lj_noisy,40,149,2.553263220761437e-05,0.00012253261229489,0.7916258232855845,4.013262878288515e-05,132,1,1,same_source_cyclic_next_latent,False
validation,lj_noisy,40,175,3.492131145321764e-05,0.0001704702153801918,0.7951471383119082,5.573688031290658e-05,132,1,1,same_source_cyclic_next_latent,False
validation,lj_noisy,40,199,4.425269435159862e-05,0.0002223484916612506,0.8009759633583757,7.168759475462139e-05,132,1,1,same_source_cyclic_next_latent,False
validation,lj_noisy,132,0,1.8158257830691582e-07,0.0,,6.699792720610276e-08,61,1,1,same_source_cyclic_next_latent,False
validation,lj_noisy,132,5,1.0424897567418157e-07,1.029204241831394e-07,-0.012908531048007488,3.233778400613119e-08,61,1,1,same_source_cyclic_next_latent,False
validation,lj_noisy,132,10,7.985656935716179e-08,4.4125229692326684e-07,0.8190228812088229,6.336976099419189e-08,61,1,1,same_source_cyclic_next_latent,False
validation,lj_noisy,132,25,4.0362195363741193e-07,3.067184479732532e-06,0.8684063654128137,5.603983481705654e-07,61,1,1,same_source_cyclic_next_latent,False
validation,lj_noisy,132,50,2.35666129810852e-06,1.3521135770133696e-05,0.8257053742989509,3.1206484436552273e-06,61,1,1,same_source_cyclic_next_latent,False
validation,lj_noisy,132,75,6.541722541442141e-06,3.2666182960383594e-05,0.7997402221932169,8.74423494678922e-06,61,1,1,same_source_cyclic_next_latent,False
validation,lj_noisy,132,100,1.3178400877222884e-05,6.118311284808442e-05,0.7846072181723672,1.790201167750638e-05,61,1,1,same_source_cyclic_next_latent,False
validation,lj_noisy,132,125,2.4069253413472325e-05,0.00010149922309210524,0.762862683277578,3.278379881521687e-05,61,1,1,same_source_cyclic_next_latent,False
validation,lj_noisy,132,149,3.840535646304488e-05,0.00015093496767804027,0.7455503051819812,5.2450592193054035e-05,61,1,1,same_source_cyclic_next_latent,False
validation,lj_noisy,132,175,5.700423935195431e-05,0.0002120805875165388,0.7312142519998022,7.697729597566649e-05,61,1,1,same_source_cyclic_next_latent,False
validation,lj_noisy,132,199,7.189595635281876e-05,0.0002682431077118963,0.7319746368654592,9.631453576730564e-05,61,1,1,same_source_cyclic_next_latent,False
validation,lj_noisy,61,0,9.918164778355276e-08,0.0,,1.5004977171884093e-07,188,1,1,same_source_cyclic_next_latent,False
validation,lj_noisy,61,5,5.855693885337132e-08,9.96304834188777e-08,0.41225881031632017,1.0525775451242225e-07,188,1,1,same_source_cyclic_next_latent,False
validation,lj_noisy,61,10,5.265169633617006e-08,4.162667153195798e-07,0.8735145174993204,9.225914254784584e-08,188,1,1,same_source_cyclic_next_latent,False
validation,lj_noisy,61,25,1.890701213369539e-07,2.741091520874761e-06,0.9310237838112694,3.1944020406626805e-07,188,1,1,same_source_cyclic_next_latent,False
validation,lj_noisy,61,50,8.908627364689892e-07,1.1338017429807223e-05,0.9214269388820179,1.768804850144079e-06,188,1,1,same_source_cyclic_next_latent,False
validation,lj_noisy,61,75,2.1181954252824653e-06,2.6031604647869244e-05,0.9186298557489868,4.2054343794006854e-06,188,1,1,same_source_cyclic_next_latent,False
validation,lj_noisy,61,100,3.950389782403363e-06,4.705508763436228e-05,0.9160475523263384,7.391957751679001e-06,188,1,1,same_source_cyclic_next_latent,False
validation,lj_noisy,61,125,6.399732683348702e-06,7.433142309309915e-05,0.9139027289261888,1.1385721336409915e-05,188,1,1,same_source_cyclic_next_latent,False
validation,lj_noisy,61,149,9.40433528739959e-06,0.00010632432531565428,0.9115504823615845,1.636419619899243e-05,188,1,1,same_source_cyclic_next_latent,False
validation,lj_noisy,61,175,1.3722358744416852e-05,0.0001481663784943521,0.9073854751404352,2.3628836061106995e-05,188,1,1,same_source_cyclic_next_latent,False
validation,lj_noisy,61,199,1.9581035303417593e-05,0.00019447802333161235,0.8993149201746606,3.3013642678270116e-05,188,1,1,same_source_cyclic_next_latent,False
validation,lj_noisy,188,0,8.584294164393214e-08,0.0,,5.0450871924567764e-08,67,1,1,same_source_cyclic_next_latent,False
validation,lj_noisy,188,5,3.871533138521954e-08,9.160689984355486e-08,0.5773753783684732,1.956017392501508e-08,67,1,1,same_source_cyclic_next_latent,False
validation,lj_noisy,188,10,3.9183170486012386e-08,3.833892776583525e-07,0.8977979490575909,3.779889823363192e-08,67,1,1,same_source_cyclic_next_latent,False
validation,lj_noisy,188,25,3.518217681630631e-07,2.6204288587905467e-06,0.8657388591249733,4.028352122986689e-07,67,1,1,same_source_cyclic_next_latent,False
validation,lj_noisy,188,50,1.7230106550414348e-06,1.1088137398473918e-05,0.8446077467187072,1.919930809890502e-06,67,1,1,same_source_cyclic_next_latent,False
validation,lj_noisy,188,75,4.189466835669009e-06,2.5567558623151854e-05,0.836141303226528,4.745117166748969e-06,67,1,1,same_source_cyclic_next_latent,False
validation,lj_noisy,188,100,7.855554940761067e-06,4.645999797503464e-05,0.8309178802594381,8.89212515176041e-06,67,1,1,same_source_cyclic_next_latent,False
validation,lj_noisy,188,125,1.3095671420160215e-05,7.364279736066237e-05,0.8221730856308358,1.4406610716832802e-05,67,1,1,same_source_cyclic_next_latent,False
validation,lj_noisy,188,149,1.988900294236373e-05,0.00010572637256700546,0.8118822914333997,2.0886456695734523e-05,67,1,1,same_source_cyclic_next_latent,False
validation,lj_noisy,188,175,2.96995640383102e-05,0.00014696051948703825,0.797907872522663,2.9346218070713803e-05,67,1,1,same_source_cyclic_next_latent,False
validation,lj_noisy,188,199,4.1227609472116455e-05,0.00019167976279277354,0.7849141251458667,3.8687467167619616e-05,67,1,1,same_source_cyclic_next_latent,False
validation,lj_noisy,67,0,6.757083070851877e-08,0.0,,4.439157308411268e-08,15,1,1,same_source_cyclic_next_latent,False
validation,lj_noisy,67,5,3.271665605097951e-08,8.974264886774108e-08,0.6354391533595589,1.8482666064301156e-08,15,1,1,same_source_cyclic_next_latent,False
validation,lj_noisy,67,10,3.3739244287289694e-08,3.756259161491471e-07,0.9101786036672371,3.630195877235565e-08,15,1,1,same_source_cyclic_next_latent,False
validation,lj_noisy,67,25,1.9049628008360742e-07,2.4605394628451904e-06,0.9225794656171329,2.652003558978322e-07,15,1,1,same_source_cyclic_next_latent,False
validation,lj_noisy,67,50,1.0028228416558704e-06,1.0304262104909867e-05,0.9026788302310326,1.2398322724038735e-06,15,1,1,same_source_cyclic_next_latent,False
validation,lj_noisy,67,75,2.8424169613572303e-06,2.4312985260621645e-05,0.8830905818068778,3.3563142096681986e-06,15,1,1,same_source_cyclic_next_latent,False
validation,lj_noisy,67,100,5.650758339470485e-06,4.4734984840033576e-05,0.8736836871706372,6.553294042532798e-06,15,1,1,same_source_cyclic_next_latent,False
validation,lj_noisy,67,125,9.430434147361666e-06,7.140247180359438e-05,0.867925662667508,1.1340128367010038e-05,15,1,1,same_source_cyclic_next_latent,False
validation,lj_noisy,67,149,1.399834673065925e-05,0.0001028560582199134,0.8639035271920511,1.8441491192788817e-05,15,1,1,same_source_cyclic_next_latent,False
validation,lj_noisy,67,175,2.008044430112932e-05,0.0001433728903066367,0.8599425298730983,2.889908319048118e-05,15,1,1,same_source_cyclic_next_latent,False
validation,lj_noisy,67,199,2.686578045540955e-05,0.00018682236259337515,0.8561961208365415,4.058526974404231e-05,15,1,1,same_source_cyclic_next_latent,False
mixed_transfer,depablo_mixed_temp,268,0,9.271477097172465e-08,0.0,,2.5394042424409236e-08,161,1,1,same_source_cyclic_next_latent,True
mixed_transfer,depablo_mixed_temp,268,5,0.00010690757335396484,4.713676025858149e-05,-1.2680297238820475,8.627330680610612e-05,161,1,1,same_source_cyclic_next_latent,True
mixed_transfer,depablo_mixed_temp,268,10,0.00019300491840112954,5.8645240642363206e-05,-2.291058511945294,8.944720320869237e-05,161,1,1,same_source_cyclic_next_latent,True
mixed_transfer,depablo_mixed_temp,268,25,0.0001353370025753975,5.51444391021505e-05,-1.454227566349835,0.00010587835276965052,161,1,1,same_source_cyclic_next_latent,True
mixed_transfer,depablo_mixed_temp,268,50,0.0001702995941741392,6.742466939613223e-05,-1.5257757390488345,0.00024515169207006693,161,1,1,same_source_cyclic_next_latent,True
mixed_transfer,depablo_mixed_temp,268,75,8.495288784615695e-05,7.959867070894688e-05,-0.06726515769073327,0.00016191878239624202,161,1,1,same_source_cyclic_next_latent,True
mixed_transfer,depablo_mixed_temp,268,100,0.0001052390580298379,9.612221765564755e-05,-0.09484633830287748,0.00019265079754404724,161,1,1,same_source_cyclic_next_latent,True
mixed_transfer,depablo_mixed_temp,268,125,6.674057658528909e-05,0.00013924895029049367,0.5207103791729957,0.0001909385755425319,161,1,1,same_source_cyclic_next_latent,True
mixed_transfer,depablo_mixed_temp,268,149,7.499072671635076e-05,0.00013940916687715799,0.46208180999726,0.00035309200757183135,161,1,1,same_source_cyclic_next_latent,True
mixed_transfer,depablo_mixed_temp,268,175,0.00011766592797357589,0.00018091170932166278,0.34959473648903105,0.00029944375273771584,161,1,1,same_source_cyclic_next_latent,True
mixed_transfer,depablo_mixed_temp,268,199,0.0001233469956787303,0.00022531113063450903,0.4525481482811472,0.0003358731628395617,161,1,1,same_source_cyclic_next_latent,True
mixed_transfer,depablo_mixed_temp,161,0,9.484073082433042e-09,0.0,,7.624329612099245e-09,47,1,1,same_source_cyclic_next_latent,True
mixed_transfer,depablo_mixed_temp,161,5,2.8051093977410346e-05,2.0224346371833235e-05,-0.3869963192717836,1.979000444407575e-05,47,1,1,same_source_cyclic_next_latent,True
mixed_transfer,depablo_mixed_temp,161,10,2.5413850380573422e-05,2.2510845155920833e-05,-0.1289602946733004,2.1450978238135576e-05,47,1,1,same_source_cyclic_next_latent,True
mixed_transfer,depablo_mixed_temp,161,25,3.248964640079066e-05,2.079022306133993e-05,-0.5627367876204357,1.9356013581273146e-05,47,1,1,same_source_cyclic_next_latent,True
mixed_transfer,depablo_mixed_temp,161,50,8.304881339427084e-05,4.2505580495344475e-05,-0.9538331773487239,3.205692701158114e-05,47,1,1,same_source_cyclic_next_latent,True
mixed_transfer,depablo_mixed_temp,161,75,3.072034087381326e-05,4.9270100134890527e-05,0.37649120278408554,2.095017953251954e-05,47,1,1,same_source_cyclic_next_latent,True
mixed_transfer,depablo_mixed_temp,161,100,3.253137765568681e-05,7.182943227235228e-05,0.5471023976308331,2.682424383237958e-05,47,1,1,same_source_cyclic_next_latent,True
mixed_transfer,depablo_mixed_temp,161,125,3.6016856029164046e-05,9.014578245114535e-05,0.60045988786349,3.031709093193058e-05,47,1,1,same_source_cyclic_next_latent,True
mixed_transfer,depablo_mixed_temp,161,149,4.272437945473939e-05,0.0001271728688152507,0.664044856007716,2.4702427253942005e-05,47,1,1,same_source_cyclic_next_latent,True
mixed_transfer,depablo_mixed_temp,161,175,2.7497175324242562e-05,0.00017018135986290872,0.8384242825043049,2.6886693376582116e-05,47,1,1,same_source_cyclic_next_latent,True
mixed_transfer,depablo_mixed_temp,161,199,2.711646811803803e-05,0.0001962430396815762,0.8618220133461182,2.7399837563280016e-05,47,1,1,same_source_cyclic_next_latent,True
mixed_transfer,depablo_mixed_temp,47,0,9.147862023439757e-09,0.0,,5.325852647786178e-09,191,1,1,same_source_cyclic_next_latent,True
mixed_transfer,depablo_mixed_temp,47,5,2.0996726846078673e-07,2.6881184567173477e-07,0.21890619092287822,4.89893773192307e-06,191,1,1,same_source_cyclic_next_latent,True
mixed_transfer,depablo_mixed_temp,47,10,2.030868273550368e-07,5.738165782531723e-07,0.6460771001540613,7.382996500382433e-06,191,1,1,same_source_cyclic_next_latent,True
mixed_transfer,depablo_mixed_temp,47,25,2.6306000222575676e-07,2.950489943032153e-06,0.9108419254751243,3.2446480418002466e-06,191,1,1,same_source_cyclic_next_latent,True
mixed_transfer,depablo_mixed_temp,47,50,5.762473733739171e-07,1.030835755955195e-05,0.9440990118896339,2.051662477242644e-06,191,1,1,same_source_cyclic_next_latent,True
mixed_transfer,depablo_mixed_temp,47,75,7.628707976436999e-07,2.303583823959343e-05,0.9668833063633648,1.1910253761016065e-06,191,1,1,same_source_cyclic_next_latent,True
mixed_transfer,depablo_mixed_temp,47,100,1.5017860732768895e-06,4.1095041524386033e-05,0.963455784017502,2.060943415926886e-06,191,1,1,same_source_cyclic_next_latent,True
mixed_transfer,depablo_mixed_temp,47,125,2.005168653340661e-06,6.353035132633522e-05,0.9684376268747398,5.680136837327154e-06,191,1,1,same_source_cyclic_next_latent,True
mixed_transfer,depablo_mixed_temp,47,149,2.263436044813716e-06,9.000220597954467e-05,0.9748513270293826,6.876469797134632e-06,191,1,1,same_source_cyclic_next_latent,True
mixed_transfer,depablo_mixed_temp,47,175,3.0045123367017368e-06,0.00012707475980278105,0.9763563406189811,1.8661141439224593e-05,191,1,1,same_source_cyclic_next_latent,True
mixed_transfer,depablo_mixed_temp,47,199,3.8476709960377775e-06,0.00016195152420550585,0.9762418352348735,1.5357454685727134e-05,191,1,1,same_source_cyclic_next_latent,True
mixed_transfer,depablo_mixed_temp,191,0,1.1454534210031397e-08,0.0,,3.410552196214667e-08,242,1,1,same_source_cyclic_next_latent,True
mixed_transfer,depablo_mixed_temp,191,5,1.7863694665720686e-05,7.1508447945234366e-06,-1.4981236733597991,3.095979627687484e-05,242,1,1,same_source_cyclic_next_latent,True
mixed_transfer,depablo_mixed_temp,191,10,2.7759935619542375e-05,1.1249665476498194e-05,-1.4676232086666023,5.220393722993322e-05,242,1,1,same_source_cyclic_next_latent,True
mixed_transfer,depablo_mixed_temp,191,25,2.183074138883967e-05,1.134495687438175e-05,-0.9242683450067628,4.1283448808826506e-05,242,1,1,same_source_cyclic_next_latent,True
mixed_transfer,depablo_mixed_temp,191,50,2.147559280274436e-05,2.3212682208395563e-05,0.07483363577100688,3.944289346691221e-05,242,1,1,same_source_cyclic_next_latent,True
mixed_transfer,depablo_mixed_temp,191,75,1.3386995306063909e-05,3.4925145882880315e-05,0.6166946488654189,3.3548243663972244e-05,242,1,1,same_source_cyclic_next_latent,True
mixed_transfer,depablo_mixed_temp,191,100,1.652349965297617e-05,5.758188126492314e-05,0.713043421124872,0.00010270266648149118,242,1,1,same_source_cyclic_next_latent,True
mixed_transfer,depablo_mixed_temp,191,125,1.1128204278065823e-05,7.634270150447264e-05,0.8542335539774701,8.11262580100447e-05,242,1,1,same_source_cyclic_next_latent,True
mixed_transfer,depablo_mixed_temp,191,149,1.1988766345893964e-05,0.00011539997649379075,0.8961111890127722,5.319313277141191e-05,242,1,1,same_source_cyclic_next_latent,True
mixed_transfer,depablo_mixed_temp,191,175,1.723621790006291e-05,0.00014662892499472946,0.8824500834287473,8.141949365381151e-05,242,1,1,same_source_cyclic_next_latent,True
mixed_transfer,depablo_mixed_temp,191,199,1.262107616639696e-05,0.00018133649427909404,0.9303996902743034,7.408233796013519e-05,242,1,1,same_source_cyclic_next_latent,True
mixed_transfer,depablo_mixed_temp,242,0,4.402160413974343e-08,0.0,,2.727416514858305e-08,208,1,1,same_source_cyclic_next_latent,True
mixed_transfer,depablo_mixed_temp,242,5,4.8081346903927624e-05,2.3800261260475963e-05,-1.0202024833977004,3.6339562939247116e-05,208,1,1,same_source_cyclic_next_latent,True
mixed_transfer,depablo_mixed_temp,242,10,7.711547368671745e-05,3.038742215721868e-05,-1.5377431914999837,6.570220284629613e-05,208,1,1,same_source_cyclic_next_latent,True
mixed_transfer,depablo_mixed_temp,242,25,5.544046871364117e-05,3.699141598190181e-05,-0.4987387544387494,5.14603998453822e-05,208,1,1,same_source_cyclic_next_latent,True
mixed_transfer,depablo_mixed_temp,242,50,5.5384181905537844e-05,4.2313102312618867e-05,-0.3089132887573891,4.648017420549877e-05,208,1,1,same_source_cyclic_next_latent,True
mixed_transfer,depablo_mixed_temp,242,75,4.7709567297715694e-05,7.29313469491899e-05,0.34582906673924196,4.0727620216785e-05,208,1,1,same_source_cyclic_next_latent,True
mixed_transfer,depablo_mixed_temp,242,100,0.00010645613656379282,9.204618982039392e-05,-0.15655125727112074,5.61957604077179e-05,208,1,1,same_source_cyclic_next_latent,True
mixed_transfer,depablo_mixed_temp,242,125,7.537632336607203e-05,0.00011756044841604307,0.3588292288634578,4.6019686124054715e-05,208,1,1,same_source_cyclic_next_latent,True
mixed_transfer,depablo_mixed_temp,242,149,3.987188756582327e-05,0.000145202677231282,0.7254052864168995,4.036321843159385e-05,208,1,1,same_source_cyclic_next_latent,True
mixed_transfer,depablo_mixed_temp,242,175,6.961926555959508e-05,0.00018254968745168298,0.6186284045102963,6.260441296035424e-05,208,1,1,same_source_cyclic_next_latent,True
mixed_transfer,depablo_mixed_temp,242,199,4.891053686151281e-05,0.0002420646051177755,0.7979442850072377,5.659682210534811e-05,208,1,1,same_source_cyclic_next_latent,True
mixed_transfer,depablo_mixed_temp,208,0,2.5110328039090746e-08,0.0,,4.3578239683483844e-08,221,1,1,same_source_cyclic_next_latent,True
mixed_transfer,depablo_mixed_temp,208,5,3.9067002944648266e-05,2.257787127746269e-05,-0.7303226891742041,0.0001955761108547449,221,1,1,same_source_cyclic_next_latent,True
mixed_transfer,depablo_mixed_temp,208,10,5.634410263155587e-05,2.1629317416227423e-05,-1.6049875521861656,0.00010148080764338374,221,1,1,same_source_cyclic_next_latent,True
mixed_transfer,depablo_mixed_temp,208,25,4.452726716408506e-05,2.2251089831115678e-05,-1.001127472948252,4.226008240948431e-05,221,1,1,same_source_cyclic_next_latent,True
mixed_transfer,depablo_mixed_temp,208,50,4.044075103593059e-05,2.6678577341954224e-05,-0.5158511084597541,3.662273593363352e-05,221,1,1,same_source_cyclic_next_latent,True
mixed_transfer,depablo_mixed_temp,208,75,4.035092206322588e-05,4.3110252590849996e-05,0.06400636418933381,4.266245377948508e-05,221,1,1,same_source_cyclic_next_latent,True
mixed_transfer,depablo_mixed_temp,208,100,3.911988460458815e-05,6.287909491220489e-05,0.37785547550884124,5.2241954108467326e-05,221,1,1,same_source_cyclic_next_latent,True
mixed_transfer,depablo_mixed_temp,208,125,2.691840381885413e-05,6.771790503989905e-05,0.6024920764605175,7.197801460279152e-05,221,1,1,same_source_cyclic_next_latent,True
mixed_transfer,depablo_mixed_temp,208,149,3.900873343809508e-05,0.0001124460031860508,0.6530891954109561,5.40227338206023e-05,221,1,1,same_source_cyclic_next_latent,True
mixed_transfer,depablo_mixed_temp,208,175,3.1791652872925624e-05,0.00013137060159351677,0.7580002490108521,4.914875898975879e-05,221,1,1,same_source_cyclic_next_latent,True
mixed_transfer,depablo_mixed_temp,208,199,3.1892650440568104e-05,0.00017357629258185625,0.8162614838341016,3.543652928783558e-05,221,1,1,same_source_cyclic_next_latent,True
mixed_transfer,depablo_mixed_temp,221,0,3.661690683998131e-08,0.0,,1.4901964107139065e-08,140,1,1,same_source_cyclic_next_latent,True
mixed_transfer,depablo_mixed_temp,221,5,0.00016885422519408166,2.707511703192722e-05,-5.236509522561518,3.8382549973903224e-05,140,1,1,same_source_cyclic_next_latent,True
mixed_transfer,depablo_mixed_temp,221,10,9.914494148688391e-05,3.6674908187706023e-05,-1.703345322078237,4.5617685827892274e-05,140,1,1,same_source_cyclic_next_latent,True
mixed_transfer,depablo_mixed_temp,221,25,5.447774310596287e-05,3.482666943455115e-05,-0.5642536019225575,4.027674003737047e-05,140,1,1,same_source_cyclic_next_latent,True
mixed_transfer,depablo_mixed_temp,221,50,4.512035957304761e-05,4.851730773225427e-05,0.0700151825808828,5.046102887718007e-05,140,1,1,same_source_cyclic_next_latent,True
mixed_transfer,depablo_mixed_temp,221,75,5.2231811423553154e-05,5.7804521929938346e-05,0.09640613433564182,7.630023901583627e-05,140,1,1,same_source_cyclic_next_latent,True
mixed_transfer,depablo_mixed_temp,221,100,6.417534314095974e-05,6.448220665333793e-05,0.004758886649582461,5.6149969168473035e-05,140,1,1,same_source_cyclic_next_latent,True
mixed_transfer,depablo_mixed_temp,221,125,4.652424468076788e-05,9.433583181817085e-05,0.5068231891945173,8.44242749735713e-05,140,1,1,same_source_cyclic_next_latent,True
mixed_transfer,depablo_mixed_temp,221,149,6.060861414880492e-05,0.00012878440611530095,0.5293792472472025,0.000105405728390906,140,1,1,same_source_cyclic_next_latent,True
mixed_transfer,depablo_mixed_temp,221,175,6.194897287059575e-05,0.00016914735897444189,0.6337573743616285,0.00013014863361604512,140,1,1,same_source_cyclic_next_latent,True
mixed_transfer,depablo_mixed_temp,221,199,5.4410793381975964e-05,0.00020088825840502977,0.7291489616467617,0.00014025108248461038,140,1,1,same_source_cyclic_next_latent,True
mixed_transfer,depablo_mixed_temp,140,0,1.12375406757792e-08,0.0,,1.1021945134359612e-08,118,1,1,same_source_cyclic_next_latent,True
mixed_transfer,depablo_mixed_temp,140,5,1.2916469131596386e-05,5.748682269768324e-06,-1.2468573710400817,1.058255020325305e-05,118,1,1,same_source_cyclic_next_latent,True
mixed_transfer,depablo_mixed_temp,140,10,1.140574022429064e-05,6.143378413980827e-06,-0.8565908618511866,1.0907966498052701e-05,118,1,1,same_source_cyclic_next_latent,True
mixed_transfer,depablo_mixed_temp,140,25,6.19171896687476e-06,7.007966814853717e-06,0.11647427414309108,8.082387466856744e-06,118,1,1,same_source_cyclic_next_latent,True
mixed_transfer,depablo_mixed_temp,140,50,8.675036042404827e-06,1.9301036445540376e-05,0.55054040404088,1.1187815289304126e-05,118,1,1,same_source_cyclic_next_latent,True
mixed_transfer,depablo_mixed_temp,140,75,8.589319804741535e-06,2.7593006961978972e-05,0.6887138898425622,1.1756657841033302e-05,118,1,1,same_source_cyclic_next_latent,True
mixed_transfer,depablo_mixed_temp,140,100,5.450428488984471e-06,4.4695243559544906e-05,0.8780535006656094,1.1317518328723963e-05,118,1,1,same_source_cyclic_next_latent,True
mixed_transfer,depablo_mixed_temp,140,125,6.795182798668975e-06,7.706028554821387e-05,0.9118199115104826,2.60722099483246e-05,118,1,1,same_source_cyclic_next_latent,True
mixed_transfer,depablo_mixed_temp,140,149,6.109136393206427e-06,0.00010311150253983214,0.9407521348954598,2.646005123096984e-05,118,1,1,same_source_cyclic_next_latent,True
mixed_transfer,depablo_mixed_temp,140,175,6.954690888960613e-06,0.0001441092899767682,0.9517401626912341,3.241449667257257e-05,118,1,1,same_source_cyclic_next_latent,True
mixed_transfer,depablo_mixed_temp,140,199,8.719476682017557e-06,0.00018415348313283175,0.9526510357899225,3.668966019176878e-05,118,1,1,same_source_cyclic_next_latent,True
mixed_transfer,depablo_mixed_temp,118,0,1.5430501321134216e-08,0.0,,1.361506551944558e-08,158,1,1,same_source_cyclic_next_latent,True
mixed_transfer,depablo_mixed_temp,118,5,1.201036138809286e-05,7.472703146049753e-06,-0.6072311656648399,1.684255403233692e-05,158,1,1,same_source_cyclic_next_latent,True
mixed_transfer,depablo_mixed_temp,118,10,1.2670951946347486e-05,6.560167093994096e-06,-0.9314983543556201,1.957104541361332e-05,158,1,1,same_source_cyclic_next_latent,True
mixed_transfer,depablo_mixed_temp,118,25,9.79881951934658e-06,9.963821867131628e-06,0.01656014629580571,1.8296892449143343e-05,158,1,1,same_source_cyclic_next_latent,True
mixed_transfer,depablo_mixed_temp,118,50,9.279726327804383e-06,1.8252863810630515e-05,0.49160162349976855,1.9947518012486398e-05,158,1,1,same_source_cyclic_next_latent,True
mixed_transfer,depablo_mixed_temp,118,75,8.637777682451997e-06,2.543711343605537e-05,0.6604261838055674,2.199726259277668e-05,158,1,1,same_source_cyclic_next_latent,True
mixed_transfer,depablo_mixed_temp,118,100,9.163135473500006e-06,4.048683331348002e-05,0.7736761627526656,2.4297858544741757e-05,158,1,1,same_source_cyclic_next_latent,True
mixed_transfer,depablo_mixed_temp,118,125,1.0595406820357312e-05,6.137721356935799e-05,0.8273723063627807,1.998377229028847e-05,158,1,1,same_source_cyclic_next_latent,True
mixed_transfer,depablo_mixed_temp,118,149,1.2079406587872654e-05,7.702268339926377e-05,0.8431707900222531,3.138411193503998e-05,158,1,1,same_source_cyclic_next_latent,True
mixed_transfer,depablo_mixed_temp,118,175,1.6415524441981688e-05,0.0001161079853773117,0.8586184715147991,4.5531760406447574e-05,158,1,1,same_source_cyclic_next_latent,True
mixed_transfer,depablo_mixed_temp,118,199,1.4556022506440058e-05,0.00014814999303780496,0.9017480716133031,6.379568367265165e-05,158,1,1,same_source_cyclic_next_latent,True
mixed_transfer,depablo_mixed_temp,158,0,7.54828466398294e-09,0.0,,4.221251970193407e-08,250,1,1,same_source_cyclic_next_latent,True
mixed_transfer,depablo_mixed_temp,158,5,2.0773974028998055e-05,1.573649569763802e-05,-0.3201143652405496,5.0454240408726037e-05,250,1,1,same_source_cyclic_next_latent,True
mixed_transfer,depablo_mixed_temp,158,10,2.470828258083202e-05,2.0582121578627266e-05,-0.20047306524947417,4.7603953134967014e-05,250,1,1,same_source_cyclic_next_latent,True
mixed_transfer,depablo_mixed_temp,158,25,2.4439203116344288e-05,2.284510264871642e-05,-0.0697786519999477,3.3556287235114723e-05,250,1,1,same_source_cyclic_next_latent,True
mixed_transfer,depablo_mixed_temp,158,50,2.334481723664794e-05,2.7017762477044016e-05,0.13594557445372613,3.3139145671157166e-05,250,1,1,same_source_cyclic_next_latent,True
mixed_transfer,depablo_mixed_temp,158,75,2.309837145730853e-05,4.9534719437360764e-05,0.5336933019976497,3.8544691051356494e-05,250,1,1,same_source_cyclic_next_latent,True
mixed_transfer,depablo_mixed_temp,158,100,2.040648541878909e-05,5.9894391597481444e-05,0.6592922162740997,7.071118307067081e-05,250,1,1,same_source_cyclic_next_latent,True
mixed_transfer,depablo_mixed_temp,158,125,1.8385913790552877e-05,7.881387864472345e-05,0.7667173078306075,5.717134990845807e-05,250,1,1,same_source_cyclic_next_latent,True
mixed_transfer,depablo_mixed_temp,158,149,1.7639522411627695e-05,0.00011068722233176231,0.8406363260362896,3.3283427910646424e-05,250,1,1,same_source_cyclic_next_latent,True
mixed_transfer,depablo_mixed_temp,158,175,2.2958449335419573e-05,0.00015321206592489034,0.8501524720208748,6.919001316418871e-05,250,1,1,same_source_cyclic_next_latent,True
mixed_transfer,depablo_mixed_temp,158,199,2.3972585040610284e-05,0.0002061646373476833,0.883721159220036,9.07599096535705e-05,250,1,1,same_source_cyclic_next_latent,True
mixed_transfer,depablo_mixed_temp,250,0,6.64927526372594e-08,0.0,,1.014251154174417e-07,136,1,1,same_source_cyclic_next_latent,True
mixed_transfer,depablo_mixed_temp,250,5,0.00010065911919809878,4.835599611396901e-05,-1.0816264225197196,8.860578236635774e-05,136,1,1,same_source_cyclic_next_latent,True
mixed_transfer,depablo_mixed_temp,250,10,0.00010366579954279587,5.153584061190486e-05,-1.0115282551314184,6.767173181287944e-05,136,1,1,same_source_cyclic_next_latent,True
mixed_transfer,depablo_mixed_temp,250,25,9.211213910020888e-05,5.111822974868119e-05,-0.8019430554045215,6.618343468289822e-05,136,1,1,same_source_cyclic_next_latent,True
mixed_transfer,depablo_mixed_temp,250,50,8.678499580128118e-05,6.523817864945158e-05,-0.3302792566850843,6.249834405025467e-05,136,1,1,same_source_cyclic_next_latent,True
mixed_transfer,depablo_mixed_temp,250,75,7.808699592715129e-05,8.879067172529176e-05,0.12054955312486448,6.733004556735978e-05,136,1,1,same_source_cyclic_next_latent,True
mixed_transfer,depablo_mixed_temp,250,100,0.00014168435882311314,0.0001296159898629412,-0.09310864325407153,9.897863492369652e-05,136,1,1,same_source_cyclic_next_latent,True
mixed_transfer,depablo_mixed_temp,250,125,9.678823698777705e-05,0.00019025067740585655,0.49125943566917574,9.718991350382566e-05,136,1,1,same_source_cyclic_next_latent,True
mixed_transfer,depablo_mixed_temp,250,149,7.437678141286597e-05,0.00016449361282866448,0.547843954948352,7.533807365689427e-05,136,1,1,same_source_cyclic_next_latent,True
mixed_transfer,depablo_mixed_temp,250,175,9.421051800018176e-05,0.00018673459999263287,0.4954844040477844,9.205618698615581e-05,136,1,1,same_source_cyclic_next_latent,True
mixed_transfer,depablo_mixed_temp,250,199,0.00011683844059007242,0.00025101620121859014,0.5345382488346755,0.00011411053856136277,136,1,1,same_source_cyclic_next_latent,True
mixed_transfer,depablo_mixed_temp,136,0,9.560547908904482e-08,0.0,,7.034148552520492e-08,68,1,1,same_source_cyclic_next_latent,True
mixed_transfer,depablo_mixed_temp,136,5,4.222823918098584e-05,1.0966320587613154e-05,-2.850720836000739,1.1400145012885332e-05,68,1,1,same_source_cyclic_next_latent,True
mixed_transfer,depablo_mixed_temp,136,10,1.8742954125627875e-05,1.2293307008803822e-05,-0.5246470386044335,1.0894970728259068e-05,68,1,1,same_source_cyclic_next_latent,True
mixed_transfer,depablo_mixed_temp,136,25,1.4594771528209094e-05,1.05185035863542e-05,-0.3875330657436,1.1356595678080339e-05,68,1,1,same_source_cyclic_next_latent,True
mixed_transfer,depablo_mixed_temp,136,50,1.212702500197338e-05,1.8912367522716522e-05,0.3587780595207317,1.3502385627361946e-05,68,1,1,same_source_cyclic_next_latent,True
mixed_transfer,depablo_mixed_temp,136,75,1.303566386923194e-05,3.769572140299715e-05,0.6541871760492297,1.1264046406722628e-05,68,1,1,same_source_cyclic_next_latent,True
mixed_transfer,depablo_mixed_temp,136,100,1.6522420992259867e-05,6.272367318160832e-05,0.7365839697490081,1.7051359463948756e-05,68,1,1,same_source_cyclic_next_latent,True
mixed_transfer,depablo_mixed_temp,136,125,2.634635711729061e-05,9.743942064233124e-05,0.7296129539398679,2.37218446272891e-05,68,1,1,same_source_cyclic_next_latent,True
mixed_transfer,depablo_mixed_temp,136,149,1.6884125216165558e-05,0.00012985024659428746,0.8699723284398573,1.7851018128567375e-05,68,1,1,same_source_cyclic_next_latent,True
mixed_transfer,depablo_mixed_temp,136,175,2.422829857096076e-05,0.00018626838573254645,0.8699280155584267,2.394322473264765e-05,68,1,1,same_source_cyclic_next_latent,True
mixed_transfer,depablo_mixed_temp,136,199,2.7339159714756534e-05,0.00021623147767968476,0.8735653106193193,3.105815267190337e-05,68,1,1,same_source_cyclic_next_latent,True
mixed_transfer,depablo_mixed_temp,68,0,7.586044858953755e-08,0.0,,1.3517171382204651e-08,96,1,1,same_source_cyclic_next_latent,True
mixed_transfer,depablo_mixed_temp,68,5,2.034649696724955e-06,1.8872113969337079e-06,-0.07812495199573344,3.1986548947315896e-06,96,1,1,same_source_cyclic_next_latent,True
mixed_transfer,depablo_mixed_temp,68,10,3.329572336951969e-06,2.4416788164671743e-06,-0.36364058798260523,3.596320993892732e-06,96,1,1,same_source_cyclic_next_latent,True
mixed_transfer,depablo_mixed_temp,68,25,3.1874906198936515e-06,5.627597602142487e-06,0.43359656371305944,4.268824341124855e-06,96,1,1,same_source_cyclic_next_latent,True
mixed_transfer,depablo_mixed_temp,68,50,3.302544428152032e-06,1.578773844812531e-05,0.7908158639058156,8.698253623151686e-06,96,1,1,same_source_cyclic_next_latent,True
mixed_transfer,depablo_mixed_temp,68,75,4.306335085857427e-06,3.037540773220826e-05,0.8582295545191564,1.7581625797902234e-05,96,1,1,same_source_cyclic_next_latent,True
mixed_transfer,depablo_mixed_temp,68,100,7.738458407402504e-06,5.9114165196660906e-05,0.8690929935040406,2.3409451387124136e-05,96,1,1,same_source_cyclic_next_latent,True
mixed_transfer,depablo_mixed_temp,68,125,7.4003046393045224e-06,8.239176531787962e-05,0.9101815016251558,3.512794864946045e-05,96,1,1,same_source_cyclic_next_latent,True
mixed_transfer,depablo_mixed_temp,68,149,9.674641660240013e-06,0.00011558266123756766,0.9162967736107509,4.942106897942722e-05,96,1,1,same_source_cyclic_next_latent,True
mixed_transfer,depablo_mixed_temp,68,175,1.4662246030638926e-05,0.00017106324958149344,0.9142875745286604,8.113577496260405e-05,96,1,1,same_source_cyclic_next_latent,True
mixed_transfer,depablo_mixed_temp,68,199,1.6475732991239056e-05,0.00021742821263615042,0.9242244932638528,0.00010748375643743202,96,1,1,same_source_cyclic_next_latent,True
mixed_transfer,depablo_mixed_temp,96,0,7.2265406991789405e-09,0.0,,4.7882577902669254e-09,262,1,1,same_source_cyclic_next_latent,True
mixed_transfer,depablo_mixed_temp,96,5,2.317531880180468e-06,1.7755693306753528e-06,-0.3052331103843604,2.5297209504060447e-05,262,1,1,same_source_cyclic_next_latent,True
mixed_transfer,depablo_mixed_temp,96,10,1.992132638406474e-06,1.988127678487217e-06,-0.002014437987355233,1.789271118468605e-05,262,1,1,same_source_cyclic_next_latent,True
mixed_transfer,depablo_mixed_temp,96,25,2.2861156594444765e-06,3.6336575703899143e-06,0.37085000026594084,3.257742719142698e-05,262,1,1,same_source_cyclic_next_latent,True
mixed_transfer,depablo_mixed_temp,96,50,1.7089799939640216e-06,1.0712924449762795e-05,0.8404749326873241,5.660941042151535e-06,262,1,1,same_source_cyclic_next_latent,True
mixed_transfer,depablo_mixed_temp,96,75,2.0254744867997942e-06,2.5437306248932146e-05,0.9203738608570307,5.663107458531158e-06,262,1,1,same_source_cyclic_next_latent,True
mixed_transfer,depablo_mixed_temp,96,100,1.8992091099789832e-06,4.0724535210756585e-05,0.9533644988174759,4.2423994273121934e-06,262,1,1,same_source_cyclic_next_latent,True
mixed_transfer,depablo_mixed_temp,96,125,2.333395059395116e-06,6.520055467262864e-05,0.9642120366749781,7.83280029281741e-06,262,1,1,same_source_cyclic_next_latent,True
mixed_transfer,depablo_mixed_temp,96,149,2.365537511650473e-06,9.046640479937196e-05,0.9738517572694909,7.659485163458157e-06,262,1,1,same_source_cyclic_next_latent,True
mixed_transfer,depablo_mixed_temp,96,175,3.429979187785648e-06,0.00012494108523242176,0.9725472275080289,9.68319636740489e-06,262,1,1,same_source_cyclic_next_latent,True
mixed_transfer,depablo_mixed_temp,96,199,3.214317302990821e-06,0.0001630225160624832,0.9802829855615844,1.0904042937909253e-05,262,1,1,same_source_cyclic_next_latent,True
mixed_transfer,depablo_mixed_temp,262,0,9.115247223689948e-09,0.0,,1.2030637819293588e-08,70,1,1,same_source_cyclic_next_latent,True
mixed_transfer,depablo_mixed_temp,262,5,6.839787238277495e-05,3.000729702762328e-05,-1.2793746574311955,3.0733041057828814e-05,70,1,1,same_source_cyclic_next_latent,True
mixed_transfer,depablo_mixed_temp,262,10,5.876028080820106e-05,2.804812538670376e-05,-1.0949806804577547,2.960452184197493e-05,70,1,1,same_source_cyclic_next_latent,True
mixed_transfer,depablo_mixed_temp,262,25,7.681582064833492e-05,3.341671254020184e-05,-1.2987246443204716,2.8855785785708576e-05,70,1,1,same_source_cyclic_next_latent,True
mixed_transfer,depablo_mixed_temp,262,50,4.030148556921631e-05,4.543422983260825e-05,0.11297086540923729,3.3166517823701724e-05,70,1,1,same_source_cyclic_next_latent,True
mixed_transfer,depablo_mixed_temp,262,75,4.095339681953192e-05,5.0519352953415364e-05,0.18935230905875522,3.32715644617565e-05,70,1,1,same_source_cyclic_next_latent,True
mixed_transfer,depablo_mixed_temp,262,100,4.087938941665925e-05,7.402702613035217e-05,0.44777750027840035,3.7701720430050045e-05,70,1,1,same_source_cyclic_next_latent,True
mixed_transfer,depablo_mixed_temp,262,125,4.098131466889754e-05,8.881043322617188e-05,0.5385529246937555,3.617603942984715e-05,70,1,1,same_source_cyclic_next_latent,True
mixed_transfer,depablo_mixed_temp,262,149,5.257309749140404e-05,0.00013079402560833842,0.5980466443564194,4.853085192735307e-05,70,1,1,same_source_cyclic_next_latent,True
mixed_transfer,depablo_mixed_temp,262,175,3.8918020436540246e-05,0.00015667513071093708,0.7516005235805846,3.763446511584334e-05,70,1,1,same_source_cyclic_next_latent,True
mixed_transfer,depablo_mixed_temp,262,199,3.875653783325106e-05,0.00018418519175611436,0.7895784266708593,3.788887261180207e-05,70,1,1,same_source_cyclic_next_latent,True
mixed_transfer,depablo_mixed_temp,70,0,1.176205355335469e-08,0.0,,1.2173908991996996e-08,78,1,1,same_source_cyclic_next_latent,True
mixed_transfer,depablo_mixed_temp,70,5,2.0611976196960313e-06,1.34399056150869e-06,-0.5336399515947821,2.6264685857313452e-06,78,1,1,same_source_cyclic_next_latent,True
mixed_transfer,depablo_mixed_temp,70,10,2.1857420051674126e-06,1.8160093304686598e-06,-0.2035962417678412,2.0611962554539787e-06,78,1,1,same_source_cyclic_next_latent,True
mixed_transfer,depablo_mixed_temp,70,25,1.5671225810365286e-06,3.822250619123224e-06,0.5900000452100111,1.6837740304254112e-06,78,1,1,same_source_cyclic_next_latent,True
mixed_transfer,depablo_mixed_temp,70,50,1.081351115317375e-06,1.149375930253882e-05,0.9059184130401514,1.7236595795111498e-06,78,1,1,same_source_cyclic_next_latent,True
mixed_transfer,depablo_mixed_temp,70,75,1.5704542875027983e-06,2.6700765374698676e-05,0.9411831733860729,1.5990964357115445e-06,78,1,1,same_source_cyclic_next_latent,True
mixed_transfer,depablo_mixed_temp,70,100,1.4870228142171982e-06,4.5999360736459494e-05,0.9676729678323862,2.2903693661646685e-06,78,1,1,same_source_cyclic_next_latent,True
mixed_transfer,depablo_mixed_temp,70,125,1.9562544366635848e-06,6.957071309443563e-05,0.9718810638895111,2.603216671559494e-06,78,1,1,same_source_cyclic_next_latent,True
mixed_transfer,depablo_mixed_temp,70,149,2.0058544123457978e-06,9.833231888478622e-05,0.9796012701104302,2.9774469112453517e-06,78,1,1,same_source_cyclic_next_latent,True
mixed_transfer,depablo_mixed_temp,70,175,1.8144321529689478e-06,0.00013775291154161096,0.9868283571456792,3.230107040508301e-06,78,1,1,same_source_cyclic_next_latent,True
mixed_transfer,depablo_mixed_temp,70,199,1.9604940462158993e-06,0.00017585520981810987,0.9888516578596467,3.287421804998303e-06,78,1,1,same_source_cyclic_next_latent,True
mixed_transfer,depablo_mixed_temp,78,0,1.0716256326759321e-08,0.0,,5.907510569613805e-08,44,1,1,same_source_cyclic_next_latent,True
mixed_transfer,depablo_mixed_temp,78,5,2.643879952302086e-06,1.4125503184914123e-06,-0.8717067404194987,1.3886875649404828e-06,44,1,1,same_source_cyclic_next_latent,True
mixed_transfer,depablo_mixed_temp,78,10,1.4440511222346686e-06,1.781855075932981e-06,0.18957992614603514,1.2069307331330492e-06,44,1,1,same_source_cyclic_next_latent,True
mixed_transfer,depablo_mixed_temp,78,25,1.814956817725033e-06,3.92146057492937e-06,0.5371732590330268,2.9630004974023905e-06,44,1,1,same_source_cyclic_next_latent,True
mixed_transfer,depablo_mixed_temp,78,50,1.480005266785156e-06,1.2238961971888784e-05,0.8790742817745063,1.3326191947271582e-05,44,1,1,same_source_cyclic_next_latent,True
mixed_transfer,depablo_mixed_temp,78,75,1.3641189298141398e-06,2.4325721824425273e-05,0.9439227769001108,3.009016472788062e-05,44,1,1,same_source_cyclic_next_latent,True
mixed_transfer,depablo_mixed_temp,78,100,1.7308516362390947e-06,4.797106157639064e-05,0.9639188381628196,5.1028378948103637e-05,44,1,1,same_source_cyclic_next_latent,True
mixed_transfer,depablo_mixed_temp,78,125,1.7887892909129732e-06,6.928451330168173e-05,0.9741819750811535,7.057689072098583e-05,44,1,1,same_source_cyclic_next_latent,True
mixed_transfer,depablo_mixed_temp,78,149,2.215652557424619e-06,9.965606295736507e-05,0.9777670069268889,9.52736590988934e-05,44,1,1,same_source_cyclic_next_latent,True
mixed_transfer,depablo_mixed_temp,78,175,2.51480855695263e-06,0.00013577769277617335,0.9814784851212766,0.00012244113895576447,44,1,1,same_source_cyclic_next_latent,True
mixed_transfer,depablo_mixed_temp,78,199,2.733566361712292e-06,0.00017324589134659618,0.9842214649913774,0.00014253811968956143,44,1,1,same_source_cyclic_next_latent,True
mixed_transfer,depablo_mixed_temp,44,0,5.405232883504141e-08,0.0,,4.306513901042308e-08,36,1,1,same_source_cyclic_next_latent,True
mixed_transfer,depablo_mixed_temp,44,5,2.7978799721495307e-07,3.781680391057307e-07,0.2601490123898913,2.8443105293263216e-07,36,1,1,same_source_cyclic_next_latent,True
mixed_transfer,depablo_mixed_temp,44,10,2.409132946468162e-07,6.340637810353655e-07,0.6200487997383672,2.2053220050111122e-07,36,1,1,same_source_cyclic_next_latent,True
mixed_transfer,depablo_mixed_temp,44,25,4.963903847965412e-07,2.970265768453828e-06,0.8328801449121042,4.5415117710945196e-07,36,1,1,same_source_cyclic_next_latent,True
mixed_transfer,depablo_mixed_temp,44,50,2.7293863240629435e-06,1.2383442481223028e-05,0.7795938949769822,1.6946638652370893e-06,36,1,1,same_source_cyclic_next_latent,True
mixed_transfer,depablo_mixed_temp,44,75,5.946167220827192e-06,2.688998392841313e-05,0.778870555049153,3.7300742405932397e-06,36,1,1,same_source_cyclic_next_latent,True
mixed_transfer,depablo_mixed_temp,44,100,1.0065324204333592e-05,4.955984331900254e-05,0.7969056492058302,6.334225872706156e-06,36,1,1,same_source_cyclic_next_latent,True
mixed_transfer,depablo_mixed_temp,44,125,1.2960252206539735e-05,7.413839921355247e-05,0.8251883997493892,9.333920388598926e-06,36,1,1,same_source_cyclic_next_latent,True
mixed_transfer,depablo_mixed_temp,44,149,1.6867159501998685e-05,0.00010949795978376642,0.8459591435739306,1.4272002772486303e-05,36,1,1,same_source_cyclic_next_latent,True
mixed_transfer,depablo_mixed_temp,44,175,2.0686453353846446e-05,0.00015169796824920923,0.8636339458425524,1.9354829419171438e-05,36,1,1,same_source_cyclic_next_latent,True
mixed_transfer,depablo_mixed_temp,44,199,2.7332947865943424e-05,0.00019818956207018346,0.8620868446327955,2.670479443622753e-05,36,1,1,same_source_cyclic_next_latent,True
mixed_transfer,depablo_mixed_temp,36,0,5.331340702241505e-08,0.0,,1.6856828821687486e-08,39,1,1,same_source_cyclic_next_latent,True
mixed_transfer,depablo_mixed_temp,36,5,2.657827451457706e-07,3.3019685474755534e-07,0.19507790178992201,2.400826417670032e-07,39,1,1,same_source_cyclic_next_latent,True
mixed_transfer,depablo_mixed_temp,36,10,2.6551683163233974e-07,8.42837948766828e-07,0.6849728562639801,3.5197092529415386e-07,39,1,1,same_source_cyclic_next_latent,True
mixed_transfer,depablo_mixed_temp,36,25,4.2549615386633377e-07,3.554258228177787e-06,0.880285526106954,1.0830802921191207e-06,39,1,1,same_source_cyclic_next_latent,True
mixed_transfer,depablo_mixed_temp,36,50,1.3643523288919823e-06,1.4621562513639219e-05,0.9066890198896805,4.1729590520844795e-06,39,1,1,same_source_cyclic_next_latent,True
mixed_transfer,depablo_mixed_temp,36,75,2.9802056360495044e-06,3.327914600959048e-05,0.910448253834679,9.5455152404611e-06,39,1,1,same_source_cyclic_next_latent,True
mixed_transfer,depablo_mixed_temp,36,100,5.06659307575319e-06,5.905385114601813e-05,0.9142038499195354,1.6675070583005436e-05,39,1,1,same_source_cyclic_next_latent,True
mixed_transfer,depablo_mixed_temp,36,125,8.088112736004405e-06,9.289666195400059e-05,0.9129343017727658,2.6499119485379197e-05,39,1,1,same_source_cyclic_next_latent,True
mixed_transfer,depablo_mixed_temp,36,149,1.1327447282383218e-05,0.0001317297574132681,0.9140099586849896,3.712700345204212e-05,39,1,1,same_source_cyclic_next_latent,True
mixed_transfer,depablo_mixed_temp,36,175,1.562139550514985e-05,0.0001856548187788576,0.9158578505642924,5.3118546929908916e-05,39,1,1,same_source_cyclic_next_latent,True
mixed_transfer,depablo_mixed_temp,36,199,1.999057349166833e-05,0.00023682504252064973,0.9155892751927818,6.458977441070601e-05,39,1,1,same_source_cyclic_next_latent,True
mixed_transfer,depablo_mixed_temp,39,0,1.2849779906787262e-08,0.0,,7.309935767807474e-08,268,1,1,same_source_cyclic_next_latent,True
mixed_transfer,depablo_mixed_temp,39,5,1.3318185665411875e-07,2.2900907481471222e-07,0.4184428858905518,5.22622540302109e-05,268,1,1,same_source_cyclic_next_latent,True
mixed_transfer,depablo_mixed_temp,39,10,1.5568082289973972e-07,5.392316211327852e-07,0.7112913694254523,0.00010994327021762729,268,1,1,same_source_cyclic_next_latent,True
mixed_transfer,depablo_mixed_temp,39,25,1.788668555491313e-07,2.620684426801745e-06,0.9317480373753285,6.026180926710367e-05,268,1,1,same_source_cyclic_next_latent,True
mixed_transfer,depablo_mixed_temp,39,50,3.2166855135074e-07,1.0089373063237872e-05,0.9681180833204803,9.228274575434625e-05,268,1,1,same_source_cyclic_next_latent,True
mixed_transfer,depablo_mixed_temp,39,75,6.346731424855534e-07,2.215639869973529e-05,0.9713548600074101,3.0585484637413174e-05,268,1,1,same_source_cyclic_next_latent,True
mixed_transfer,depablo_mixed_temp,39,100,1.0424039373901905e-06,4.0103928768076e-05,0.9740074359442814,2.8497132007032633e-05,268,1,1,same_source_cyclic_next_latent,True
mixed_transfer,depablo_mixed_temp,39,125,1.8750769186226535e-06,6.175228190841153e-05,0.9696355039737043,1.634256841498427e-05,268,1,1,same_source_cyclic_next_latent,True
mixed_transfer,depablo_mixed_temp,39,149,2.46529725700384e-06,8.764490485191345e-05,0.9718717561372306,1.7675276467343792e-05,268,1,1,same_source_cyclic_next_latent,True
mixed_transfer,depablo_mixed_temp,39,175,3.483115733615705e-06,0.00012142759078415111,0.9713152858331244,2.8503041903604753e-05,268,1,1,same_source_cyclic_next_latent,True
mixed_transfer,depablo_mixed_temp,39,199,4.7239545892807655e-06,0.00015619987971149385,0.9697569895827957,1.5590501789120026e-05,268,1,1,same_source_cyclic_next_latent,True
