split,source,original_index,frame,coordinate_mse,zero_displacement_mse,explained_displacement_score,shuffled_same_source_coordinate_mse,shuffled_original_index,valid,total,control,transfer_only
train,reid,60,0,1.5879692227827036e-06,0.0,,3.6180989582135226e-07,45,1,1,same_source_cyclic_next_latent,False
train,reid,60,5,1.2860519973401097e-06,9.641969000995232e-08,-12.33806401169061,1.9446059695837903e-07,45,1,1,same_source_cyclic_next_latent,False
train,reid,60,10,1.1197231515325257e-06,3.9934545270625676e-07,-1.8038960853177692,1.3291304412632599e-07,45,1,1,same_source_cyclic_next_latent,False
train,reid,60,25,1.1755865898521733e-06,2.613964852571371e-06,0.5502668719146155,5.019320497012814e-07,45,1,1,same_source_cyclic_next_latent,False
train,reid,60,50,2.8278229819989065e-06,1.078044169844361e-05,0.7376895065062905,2.4682481125637423e-06,45,1,1,same_source_cyclic_next_latent,False
train,reid,60,75,6.184992798807798e-06,2.4720842702663504e-05,0.7498065550111119,5.66795097256545e-06,45,1,1,same_source_cyclic_next_latent,False
train,reid,60,100,1.1062557859986555e-05,4.460650961846113e-05,0.7519967835499926,1.031031661113957e-05,45,1,1,same_source_cyclic_next_latent,False
train,reid,60,125,1.743275424814783e-05,7.057588663883507e-05,0.7529927702168564,1.679613342275843e-05,45,1,1,same_source_cyclic_next_latent,False
train,reid,60,149,2.5264289433835074e-05,0.00010132297029485926,0.7506558546367754,2.50647499342449e-05,45,1,1,same_source_cyclic_next_latent,False
train,reid,60,175,3.626534453360364e-05,0.00014116728561930358,0.7431037625005901,3.675308107631281e-05,45,1,1,same_source_cyclic_next_latent,False
train,reid,60,199,4.92132458020933e-05,0.00018406144226901233,0.7326259905637031,5.038154995418154e-05,45,1,1,same_source_cyclic_next_latent,False
train,reid,45,0,7.139980198189733e-07,0.0,,7.890010920164059e-07,43,1,1,same_source_cyclic_next_latent,False
train,reid,45,5,4.849123911299102e-07,1.0940514982848981e-07,-3.432262940913554,5.780618721473729e-07,43,1,1,same_source_cyclic_next_latent,False
train,reid,45,10,3.3858859183055756e-07,4.6404014142353844e-07,0.27034633083278636,4.926540668748203e-07,43,1,1,same_source_cyclic_next_latent,False
train,reid,45,25,3.965577946019039e-07,3.1349377422884572e-06,0.8735037735350933,1.062104047377943e-06,43,1,1,same_source_cyclic_next_latent,False
train,reid,45,50,1.6935647408899968e-06,1.3438479982141871e-05,0.873976465854729,4.8195292947639246e-06,43,1,1,same_source_cyclic_next_latent,False
train,reid,45,75,4.0519944377592765e-06,3.1573268643114716e-05,0.8716637645737415,1.2131288713135291e-05,43,1,1,same_source_cyclic_next_latent,False
train,reid,45,100,7.680495400563814e-06,5.785295434179716e-05,0.8672410858192791,2.3144235456129536e-05,43,1,1,same_source_cyclic_next_latent,False
train,reid,45,125,1.2737492397718597e-05,9.246835543308407e-05,0.8622502548243518,3.824036684818566e-05,43,1,1,same_source_cyclic_next_latent,False
train,reid,45,149,1.910198261612095e-05,0.00013366823259275407,0.8570940735461147,5.7211633247788996e-05,43,1,1,same_source_cyclic_next_latent,False
train,reid,45,175,2.8356649636407383e-05,0.00018724941764958203,0.8485621477900993,8.3674953202717e-05,43,1,1,same_source_cyclic_next_latent,False
train,reid,45,199,3.9796741475583985e-05,0.00024507357738912106,0.8376130878752555,0.00011439449735917151,43,1,1,same_source_cyclic_next_latent,False
train,reid,43,0,6.061477506591473e-07,0.0,,3.621270252551767e-07,73,1,1,same_source_cyclic_next_latent,False
train,reid,43,5,3.916175614904205e-07,1.0691530860640341e-07,-2.662876407457384,1.824362101388033e-07,73,1,1,same_source_cyclic_next_latent,False
train,reid,43,10,2.398170408923761e-07,4.3156654783160775e-07,0.4443104033495434,7.64153469390294e-08,73,1,1,same_source_cyclic_next_latent,False
train,reid,43,25,6.894795490097749e-08,2.7168591714143986e-06,0.9746221829874667,1.017640229861172e-07,73,1,1,same_source_cyclic_next_latent,False
train,reid,43,50,1.916359764209119e-07,1.0897718311753124e-05,0.982415036713306,6.689959946015733e-07,73,1,1,same_source_cyclic_next_latent,False
train,reid,43,75,3.357666287229222e-07,2.4548364308429882e-05,0.98632224027213,1.197263600261067e-06,73,1,1,same_source_cyclic_next_latent,False
train,reid,43,100,4.612618624832976e-07,4.367970905150287e-05,0.9894399053359211,1.5186050177362631e-06,73,1,1,same_source_cyclic_next_latent,False
train,reid,43,125,6.496517812593083e-07,6.829092308180407e-05,0.9904869966323181,1.7799225133785512e-06,73,1,1,same_source_cyclic_next_latent,False
train,reid,43,149,9.54302777245175e-07,9.707405115477741e-05,0.9901693319080337,2.1262987957015866e-06,73,1,1,same_source_cyclic_next_latent,False
train,reid,43,175,1.5639820958313067e-06,0.000133975685457699,0.9883263736215396,2.8263004878681386e-06,73,1,1,same_source_cyclic_next_latent,False
train,reid,43,199,2.611810714370222e-06,0.00017330388072878122,0.9849293004669776,4.0383924897469115e-06,73,1,1,same_source_cyclic_next_latent,False
train,reid,73,0,4.5866289610785316e-07,0.0,,1.3013232091907412e-06,85,1,1,same_source_cyclic_next_latent,False
train,reid,73,5,2.680044133285264e-07,1.0321873844532092e-07,-1.5964705378616793,1.0168789685849333e-06,85,1,1,same_source_cyclic_next_latent,False
train,reid,73,10,1.4372191969869164e-07,4.1087471913670015e-07,0.650205006526881,8.143321679199289e-07,85,1,1,same_source_cyclic_next_latent,False
train,reid,73,25,5.0044086208345107e-08,2.558030018917634e-06,0.9804364742249897,6.334730073831452e-07,85,1,1,same_source_cyclic_next_latent,False
train,reid,73,50,2.7801905844171415e-07,1.0220051990472712e-05,0.9727967080107921,1.4141126030153828e-06,85,1,1,same_source_cyclic_next_latent,False
train,reid,73,75,4.4869005932923756e-07,2.298522122146096e-05,0.9804791933474931,3.2713169275666587e-06,85,1,1,same_source_cyclic_next_latent,False
train,reid,73,100,5.163080913916929e-07,4.0849776269169524e-05,0.9873608098122837,6.172320354380645e-06,85,1,1,same_source_cyclic_next_latent,False
train,reid,73,125,6.616371592826908e-07,6.38140772935003e-05,0.9896317993247851,1.018318289425224e-05,85,1,1,same_source_cyclic_next_latent,False
train,reid,73,149,1.0107249863722245e-06,9.065200720215216e-05,0.9888504952337313,1.5224350136122666e-05,85,1,1,same_source_cyclic_next_latent,False
train,reid,73,175,1.766903778843698e-06,0.0001250171335414052,0.9858667069961374,2.2405589334084652e-05,85,1,1,same_source_cyclic_next_latent,False
train,reid,73,199,2.993818725371966e-06,0.0001616336521692574,0.9814777511663416,3.1203839171212167e-05,85,1,1,same_source_cyclic_next_latent,False
train,reid,85,0,1.22248241041234e-06,0.0,,2.643502739374526e-06,60,1,1,same_source_cyclic_next_latent,False
train,reid,85,5,9.435487413611554e-07,9.90699291492092e-08,-8.524067993831679,2.310133140781545e-06,60,1,1,same_source_cyclic_next_latent,False
train,reid,85,10,7.29870691884571e-07,4.059011473600549e-07,-0.7981488759802364,2.076064902212238e-06,60,1,1,same_source_cyclic_next_latent,False
train,reid,85,25,4.52241579296242e-07,2.6302745936845895e-06,0.8280629785262364,1.7885495253722183e-06,60,1,1,same_source_cyclic_next_latent,False
train,reid,85,50,8.183536692740745e-07,1.072301711246837e-05,0.9236825176449155,2.3869486085459357e-06,60,1,1,same_source_cyclic_next_latent,False
train,reid,85,75,1.8034945696854265e-06,2.430160930089187e-05,0.9257870313296808,4.04807178711053e-06,60,1,1,same_source_cyclic_next_latent,False
train,reid,85,100,3.291224629720091e-06,4.336205529398285e-05,0.9240989706920835,6.532745373988291e-06,60,1,1,same_source_cyclic_next_latent,False
train,reid,85,125,5.2735240387846716e-06,6.791073246859014e-05,0.922346235313781,9.792006494535599e-06,60,1,1,same_source_cyclic_next_latent,False
train,reid,85,149,7.664504664717242e-06,9.663699165685102e-05,0.9206876731848899,1.4051288417249452e-05,60,1,1,same_source_cyclic_next_latent,False
train,reid,85,175,1.0909746379184071e-05,0.0001334734115516767,0.9182627741933445,2.086929634970147e-05,60,1,1,same_source_cyclic_next_latent,False
train,reid,85,199,1.4720361832587514e-05,0.00017275374557357281,0.914789912174041,2.998650052177254e-05,60,1,1,same_source_cyclic_next_latent,False
train,depablo_low_temp,99,0,3.9778196878614835e-06,0.0,,4.722091489384184e-06,145,1,1,same_source_cyclic_next_latent,False
train,depablo_low_temp,99,5,3.436514361965237e-06,1.005318210900441e-07,-33.18334935848052,4.033782715850975e-06,145,1,1,same_source_cyclic_next_latent,False
train,depablo_low_temp,99,10,2.939078058261657e-06,4.115541969440528e-07,-6.141411945462918,3.3770759273465956e-06,145,1,1,same_source_cyclic_next_latent,False
train,depablo_low_temp,99,25,1.8915527562057832e-06,2.6255513603246072e-06,0.27955979654805796,2.149763759007328e-06,145,1,1,same_source_cyclic_next_latent,False
train,depablo_low_temp,99,50,1.2077744031557813e-06,1.0610699973767623e-05,0.886173918201277,2.168157379855984e-06,145,1,1,same_source_cyclic_next_latent,False
train,depablo_low_temp,99,75,1.2500810271376395e-06,2.4012397261685692e-05,0.9479401821686385,3.872100478474749e-06,145,1,1,same_source_cyclic_next_latent,False
train,depablo_low_temp,99,100,1.647843077989819e-06,4.2894575017271563e-05,0.9615838814739087,6.6009110923914704e-06,145,1,1,same_source_cyclic_next_latent,False
train,depablo_low_temp,99,125,2.3117277123674285e-06,6.73249815008603e-05,0.9656631511686655,1.0064552952826489e-05,145,1,1,same_source_cyclic_next_latent,False
train,depablo_low_temp,99,149,3.2987006761686644e-06,9.607322863303125e-05,0.9656647255109054,1.4067725714994594e-05,145,1,1,same_source_cyclic_next_latent,False
train,depablo_low_temp,99,175,4.954305495630251e-06,0.00013315709657035768,0.9627935301742443,1.9259654436609708e-05,145,1,1,same_source_cyclic_next_latent,False
train,depablo_low_temp,99,199,7.22804134056787e-06,0.00017297302838414907,0.9582128993861667,2.4850474801496603e-05,145,1,1,same_source_cyclic_next_latent,False
train,depablo_low_temp,145,0,6.0798711274401285e-06,0.0,,1.1226202332181856e-05,7,1,1,same_source_cyclic_next_latent,False
train,depablo_low_temp,145,5,5.381893970479723e-06,1.0263002536703425e-07,-51.43976069607832,1.0467024367244449e-05,7,1,1,same_source_cyclic_next_latent,False
train,depablo_low_temp,145,10,4.729094598587835e-06,4.3361850998735463e-07,-9.906117911631004,9.816914825933054e-06,7,1,1,same_source_cyclic_next_latent,False
train,depablo_low_temp,145,25,3.403943537705345e-06,2.8988624762860127e-06,-0.17423422654614384,8.566543328925036e-06,7,1,1,same_source_cyclic_next_latent,False
train,depablo_low_temp,145,50,2.9373516099440167e-06,1.2047797099512536e-05,0.7561918095331416,8.418274774157908e-06,7,1,1,same_source_cyclic_next_latent,False
train,depablo_low_temp,145,75,3.8990792745607905e-06,2.75988695648266e-05,0.8587232254059429,1.014755525829969e-05,7,1,1,same_source_cyclic_next_latent,False
train,depablo_low_temp,145,100,5.657082510879263e-06,4.965141852153465e-05,0.886064030407798,1.3256499187264126e-05,7,1,1,same_source_cyclic_next_latent,False
train,depablo_low_temp,145,125,7.904434824013151e-06,7.831659604562446e-05,0.8990707560960858,1.7476879293099046e-05,7,1,1,same_source_cyclic_next_latent,False
train,depablo_low_temp,145,149,1.0623859452607576e-05,0.00011215145786991343,0.9052722126454176,2.2533658921020105e-05,7,1,1,same_source_cyclic_next_latent,False
train,depablo_low_temp,145,175,1.4699420717079192e-05,0.0001558988878969103,0.9057118308194775,2.9284239644766785e-05,7,1,1,same_source_cyclic_next_latent,False
train,depablo_low_temp,145,199,2.0078230591025203e-05,0.00020291323016863316,0.9010501652635514,3.6902769352309406e-05,7,1,1,same_source_cyclic_next_latent,False
train,depablo_low_temp,7,0,6.593230409634998e-06,0.0,,1.6746477626838896e-07,133,1,1,same_source_cyclic_next_latent,False
train,depablo_low_temp,7,5,5.802509804198053e-06,1.011753809621041e-07,-56.35100524475831,9.409306045427002e-08,133,1,1,same_source_cyclic_next_latent,False
train,depablo_low_temp,7,10,5.0609901336429175e-06,4.1584544874240237e-07,-11.170363169654346,1.3850687707872567e-07,133,1,1,same_source_cyclic_next_latent,False
train,depablo_low_temp,7,25,3.3597661968087777e-06,2.653020374054904e-06,-0.26639291189222036,9.188024705508724e-07,133,1,1,same_source_cyclic_next_latent,False
train,depablo_low_temp,7,50,1.9046207171413698e-06,1.0714314157667104e-05,0.8222358716466762,3.914058652298991e-06,133,1,1,same_source_cyclic_next_latent,False
train,depablo_low_temp,7,75,1.6486379763591685e-06,2.4235781893366948e-05,0.9319750448484445,8.399821126658935e-06,133,1,1,same_source_cyclic_next_latent,False
train,depablo_low_temp,7,100,2.261592499053222e-06,4.327576607465744e-05,0.947739977724447,1.4110790289123543e-05,133,1,1,same_source_cyclic_next_latent,False
train,depablo_low_temp,7,125,3.707418272824725e-06,6.790105544496328e-05,0.9453996959468509,2.131172914232593e-05,133,1,1,same_source_cyclic_next_latent,False
train,depablo_low_temp,7,149,6.027735707903048e-06,9.687045530881733e-05,0.9377752929034247,3.026296144525986e-05,133,1,1,same_source_cyclic_next_latent,False
train,depablo_low_temp,7,175,9.802080967347138e-06,0.0001342045870842412,0.9269616547369257,4.3147894757566974e-05,133,1,1,same_source_cyclic_next_latent,False
train,depablo_low_temp,7,199,1.4658092368335929e-05,0.0001742498279782012,0.9158788703643962,5.8892292145174e-05,133,1,1,same_source_cyclic_next_latent,False
train,depablo_low_temp,133,0,5.260046691546449e-07,0.0,,9.599863005860243e-06,198,1,1,same_source_cyclic_next_latent,False
train,depablo_low_temp,133,5,3.6724765095641487e-07,1.0488408719311337e-07,-2.5014620500079836,8.865778909239452e-06,198,1,1,same_source_cyclic_next_latent,False
train,depablo_low_temp,133,10,2.622678039188031e-07,4.206289361263771e-07,0.376486538624615,8.192141649487894e-06,198,1,1,same_source_cyclic_next_latent,False
train,depablo_low_temp,133,25,1.5906306316537666e-07,2.6371496915089665e-06,0.939683718494432,7.473728601326002e-06,198,1,1,same_source_cyclic_next_latent,False
train,depablo_low_temp,133,50,2.563553493928339e-07,1.056383189279586e-05,0.9757327310776633,1.026362497213995e-05,198,1,1,same_source_cyclic_next_latent,False
train,depablo_low_temp,133,75,3.982376597377879e-07,2.3784537916071713e-05,0.9832564474810045,1.7534732251078822e-05,198,1,1,same_source_cyclic_next_latent,False
train,depablo_low_temp,133,100,6.97164239227277e-07,4.23004494223278e-05,0.9835187510121515,2.8532620490295812e-05,198,1,1,same_source_cyclic_next_latent,False
train,depablo_low_temp,133,125,1.3471101283357712e-06,6.611568096559495e-05,0.9796249526789753,4.215019725961611e-05,198,1,1,same_source_cyclic_next_latent,False
train,depablo_low_temp,133,149,2.3911211428639945e-06,9.396969107910991e-05,0.9745543364524739,5.687208249582909e-05,198,1,1,same_source_cyclic_next_latent,False
train,depablo_low_temp,133,175,4.0319396248378325e-06,0.0001296565606025979,0.9689029262684525,7.421273039653897e-05,198,1,1,same_source_cyclic_next_latent,False
train,depablo_low_temp,133,199,6.147152816993184e-06,0.00016769676585681736,0.9633436412110551,9.120038885157555e-05,198,1,1,same_source_cyclic_next_latent,False
train,depablo_low_temp,198,0,6.017988198436797e-06,0.0,,4.893267032457516e-06,99,1,1,same_source_cyclic_next_latent,False
train,depablo_low_temp,198,5,5.261194019112736e-06,1.0731390176488276e-07,-48.026211260491145,4.357011675892863e-06,99,1,1,same_source_cyclic_next_latent,False
train,depablo_low_temp,198,10,4.520726179180201e-06,4.575125842620764e-07,-8.88109690244192,3.894006567861652e-06,99,1,1,same_source_cyclic_next_latent,False
train,depablo_low_temp,198,25,3.0167182103468804e-06,3.006710130648571e-06,-0.003328581493870386,3.106512849626597e-06,99,1,1,same_source_cyclic_next_latent,False
train,depablo_low_temp,198,50,2.266194542244193e-06,1.2325030184001662e-05,0.8161307105611963,3.4027577839879086e-06,99,1,1,same_source_cyclic_next_latent,False
train,depablo_low_temp,198,75,2.856837454601191e-06,2.8102962460252456e-05,0.898343903827158,5.125525149196619e-06,99,1,1,same_source_cyclic_next_latent,False
train,depablo_low_temp,198,100,4.243928742653225e-06,5.048274033470079e-05,0.9159330750566241,7.881565579737071e-06,99,1,1,same_source_cyclic_next_latent,False
train,depablo_low_temp,198,125,6.240375569177559e-06,7.960081711644307e-05,0.9216041267509992,1.1511682714626659e-05,99,1,1,same_source_cyclic_next_latent,False
train,depablo_low_temp,198,149,8.836375855025835e-06,0.00011402370728319511,0.9225040470480462,1.5812564015504904e-05,99,1,1,same_source_cyclic_next_latent,False
train,depablo_low_temp,198,175,1.2731224160233978e-05,0.00015858883853070438,0.9197218147368607,2.1403368009487167e-05,99,1,1,same_source_cyclic_next_latent,False
train,depablo_low_temp,198,199,1.7700449461699463e-05,0.00020657408458646387,0.9143142785933985,2.7485679311212152e-05,99,1,1,same_source_cyclic_next_latent,False
train,lj_noisy,178,0,4.537072868515679e-07,0.0,,2.4937742182373768e-06,199,1,1,same_source_cyclic_next_latent,False
train,lj_noisy,178,5,2.8076954095013207e-07,8.898146575120336e-08,-2.1553710492382514,2.2239084955799626e-06,199,1,1,same_source_cyclic_next_latent,False
train,lj_noisy,178,10,1.725871499047571e-07,3.5017228583456017e-07,0.5071364671437866,2.0282118384784553e-06,199,1,1,same_source_cyclic_next_latent,False
train,lj_noisy,178,25,2.6120545726371347e-07,2.1434675545606297e-06,0.8781388331687364,1.939150934049394e-06,199,1,1,same_source_cyclic_next_latent,False
train,lj_noisy,178,50,1.6212942455240409e-06,8.785852514847647e-06,0.8154653469559003,3.2818597901496105e-06,199,1,1,same_source_cyclic_next_latent,False
train,lj_noisy,178,75,4.209862254356267e-06,2.023533670580946e-05,0.7919549194776859,6.5476442614453845e-06,199,1,1,same_source_cyclic_next_latent,False
train,lj_noisy,178,100,7.488224127882859e-06,3.592209759517573e-05,0.791542681825782,1.1234149496885948e-05,199,1,1,same_source_cyclic_next_latent,False
train,lj_noisy,178,125,1.1598684068303555e-05,5.6316977861570194e-05,0.7940464046772241,1.6534726455574855e-05,199,1,1,same_source_cyclic_next_latent,False
train,lj_noisy,178,149,1.5523180991294794e-05,8.071761840255931e-05,0.8076853443088876,2.0374320229166187e-05,199,1,1,same_source_cyclic_next_latent,False
train,lj_noisy,178,175,1.989542943192646e-05,0.00011241415631957352,0.8230166903946929,2.3529348254669458e-05,199,1,1,same_source_cyclic_next_latent,False
train,lj_noisy,178,199,2.5038631065399386e-05,0.00014669761003460735,0.8293180709658969,2.704000689845998e-05,199,1,1,same_source_cyclic_next_latent,False
train,lj_noisy,199,0,1.9004313571713283e-06,0.0,,3.714951333222416e-07,42,1,1,same_source_cyclic_next_latent,False
train,lj_noisy,199,5,1.5603303609168506e-06,9.910389309197853e-08,-14.744390177171997,1.9872480550020555e-07,42,1,1,same_source_cyclic_next_latent,False
train,lj_noisy,199,10,1.278540935345518e-06,4.1158244812322664e-07,-2.1064029605138224,1.045818436296031e-07,42,1,1,same_source_cyclic_next_latent,False
train,lj_noisy,199,25,9.527081488158728e-07,2.667711441972642e-06,0.6428743627116613,2.7834951765726146e-07,42,1,1,same_source_cyclic_next_latent,False
train,lj_noisy,199,50,2.045637529590749e-06,1.0994632248184644e-05,0.8139421598272638,1.6551357475691475e-06,42,1,1,same_source_cyclic_next_latent,False
train,lj_noisy,199,75,5.182202585274354e-06,2.538395165174734e-05,0.7958472874369177,4.655356860894244e-06,42,1,1,same_source_cyclic_next_latent,False
train,lj_noisy,199,100,1.0515493158891331e-05,4.609454845194705e-05,0.7718712187873238,1.0134002877748571e-05,42,1,1,same_source_cyclic_next_latent,False
train,lj_noisy,199,125,1.6587073332630098e-05,7.323205500142649e-05,0.7734998241916466,1.643553150643129e-05,42,1,1,same_source_cyclic_next_latent,False
train,lj_noisy,199,149,2.273132668051403e-05,0.00010478922195034102,0.7830757185000737,2.258208769490011e-05,42,1,1,same_source_cyclic_next_latent,False
train,lj_noisy,199,175,3.095401552855037e-05,0.00014562370779458433,0.7874383505451333,3.082451075897552e-05,42,1,1,same_source_cyclic_next_latent,False
train,lj_noisy,199,199,4.1274204704677686e-05,0.00019014337158296257,0.7829311410591607,4.13690650020726e-05,42,1,1,same_source_cyclic_next_latent,False
train,lj_noisy,42,0,5.068140467301419e-07,0.0,,1.4784237691856106e-06,102,1,1,same_source_cyclic_next_latent,False
train,lj_noisy,42,5,3.2969367680379946e-07,9.799599354209931e-08,-2.364358734341137,1.2012372962999507e-06,102,1,1,same_source_cyclic_next_latent,False
train,lj_noisy,42,10,2.1645557524152537e-07,4.02869886784174e-07,0.4627159230754687,9.779370202522841e-07,102,1,1,same_source_cyclic_next_latent,False
train,lj_noisy,42,25,2.530924234633858e-07,2.6836687538889237e-06,0.9056916308703793,7.15944054263673e-07,102,1,1,same_source_cyclic_next_latent,False
train,lj_noisy,42,50,1.1577691338970908e-06,1.129412430600496e-05,0.89748925170927,1.4547804312314838e-06,102,1,1,same_source_cyclic_next_latent,False
train,lj_noisy,42,75,3.0775215691392077e-06,2.5744931917870417e-05,0.880461071757467,3.204669837941765e-06,102,1,1,same_source_cyclic_next_latent,False
train,lj_noisy,42,100,6.520408533106092e-06,4.618121238308959e-05,0.858808199338359,5.833779596287059e-06,102,1,1,same_source_cyclic_next_latent,False
train,lj_noisy,42,125,1.004958994599292e-05,7.250723137985915e-05,0.8613987907862047,8.631010132376105e-06,102,1,1,same_source_cyclic_next_latent,False
train,lj_noisy,42,149,1.2770697139785625e-05,0.0001034081433317624,0.8765020168787516,1.1328080290695652e-05,102,1,1,same_source_cyclic_next_latent,False
train,lj_noisy,42,175,1.6056408639997244e-05,0.00014329282566905022,0.8879468768584325,1.5108297702681739e-05,102,1,1,same_source_cyclic_next_latent,False
train,lj_noisy,42,199,2.026083348027896e-05,0.00018602452473714948,0.8910851485366927,2.010446769418195e-05,102,1,1,same_source_cyclic_next_latent,False
train,lj_noisy,102,0,8.771912121119385e-07,0.0,,1.4857505448162556e-06,99,1,1,same_source_cyclic_next_latent,False
train,lj_noisy,102,5,5.992306455482321e-07,1.047859115033134e-07,-4.7186184378353575,1.1022825674444903e-06,99,1,1,same_source_cyclic_next_latent,False
train,lj_noisy,102,10,3.87168029192253e-07,4.6877312342985533e-07,0.17408228023084016,7.7978671697565e-07,99,1,1,same_source_cyclic_next_latent,False
train,lj_noisy,102,25,4.155489534696244e-07,3.25413498103444e-06,0.8723012548983056,5.439428605313879e-07,99,1,1,same_source_cyclic_next_latent,False
train,lj_noisy,102,50,2.137529918400105e-06,1.3549693903769366e-05,0.8422451508070253,2.0597865386662306e-06,99,1,1,same_source_cyclic_next_latent,False
train,lj_noisy,102,75,5.155574854143197e-06,3.12767515424639e-05,0.8351627135208219,5.172685177967651e-06,99,1,1,same_source_cyclic_next_latent,False
train,lj_noisy,102,100,9.242340638593305e-06,5.606986815109849e-05,0.8351638599597414,9.350802429253235e-06,99,1,1,same_source_cyclic_next_latent,False
train,lj_noisy,102,125,1.5069179426063783e-05,8.798276394372806e-05,0.828725778202402,1.4861716408631764e-05,99,1,1,same_source_cyclic_next_latent,False
train,lj_noisy,102,149,2.291544842591975e-05,0.00012481326120905578,0.8164021338442752,2.1778101654490456e-05,99,1,1,same_source_cyclic_next_latent,False
train,lj_noisy,102,175,3.425397153478116e-05,0.0001706574548734352,0.7992823017301826,3.1327454053098336e-05,99,1,1,same_source_cyclic_next_latent,False
train,lj_noisy,102,199,4.8236932343570516e-05,0.00021850221673958004,0.7792382472665653,4.3442280002636835e-05,99,1,1,same_source_cyclic_next_latent,False
train,lj_noisy,99,0,1.5100529253686545e-06,0.0,,2.7699593374563847e-07,178,1,1,same_source_cyclic_next_latent,False
train,lj_noisy,99,5,1.1928981393793947e-06,8.34548146144698e-08,-13.29394031836438,1.4235816081509256e-07,178,1,1,same_source_cyclic_next_latent,False
train,lj_noisy,99,10,9.37871163841919e-07,3.481648036540719e-07,-1.6937563877759603,7.59059233246262e-08,178,1,1,same_source_cyclic_next_latent,False
train,lj_noisy,99,25,6.622236128350778e-07,2.3629713723494206e-06,0.7197496251608618,4.1843642861749686e-07,178,1,1,same_source_cyclic_next_latent,False
train,lj_noisy,99,50,1.5687865015934221e-06,9.879052413452882e-06,0.841200710762794,2.5190115593431983e-06,178,1,1,same_source_cyclic_next_latent,False
train,lj_noisy,99,75,3.979972007073229e-06,2.2769198039895855e-05,0.8252036808630862,6.0747961470042355e-06,178,1,1,same_source_cyclic_next_latent,False
train,lj_noisy,99,100,8.03011698735645e-06,4.133538095629774e-05,0.8057325999766066,1.1077177077822853e-05,178,1,1,same_source_cyclic_next_latent,False
train,lj_noisy,99,125,1.4131519492366351e-05,6.574357394129038e-05,0.7850509388950176,1.791866270650644e-05,178,1,1,same_source_cyclic_next_latent,False
train,lj_noisy,99,149,2.266465344291646e-05,9.555911674397066e-05,0.7628206055562302,2.6928793886327185e-05,178,1,1,same_source_cyclic_next_latent,False
train,lj_noisy,99,175,3.557153104338795e-05,0.0001350232632830739,0.736552574878798,4.028961484436877e-05,178,1,1,same_source_cyclic_next_latent,False
train,lj_noisy,99,199,4.925817484036088e-05,0.0001759650040185079,0.7200683447534832,5.428493386716582e-05,178,1,1,same_source_cyclic_next_latent,False
validation,reid,41,0,8.053029887378216e-07,0.0,,5.510502433025977e-06,49,1,1,same_source_cyclic_next_latent,False
validation,reid,41,5,5.735548143093183e-07,1.1149158041234841e-07,-4.1443778282453465,5.244163730822038e-06,49,1,1,same_source_cyclic_next_latent,False
validation,reid,41,10,4.2490262330829864e-07,4.7308003559010103e-07,0.10183776244480036,5.140713710716227e-06,49,1,1,same_source_cyclic_next_latent,False
validation,reid,41,25,4.554403858492151e-07,3.1498402677243575e-06,0.8554084184788666,5.442966994451126e-06,49,1,1,same_source_cyclic_next_latent,False
validation,reid,41,50,1.7843483419710537e-06,1.3119908544467762e-05,0.8639968917524615,7.622910743521061e-06,49,1,1,same_source_cyclic_next_latent,False
validation,reid,41,75,4.7317412281699944e-06,3.0207520467229187e-05,0.8433588339929041,1.1348233783792239e-05,49,1,1,same_source_cyclic_next_latent,False
validation,reid,41,100,9.80320055532502e-06,5.462400440592319e-05,0.8205331033134216,1.6240690456470475e-05,49,1,1,same_source_cyclic_next_latent,False
validation,reid,41,125,1.712034827505704e-05,8.655185956740752e-05,0.8021954888014448,2.2622538381256163e-05,49,1,1,same_source_cyclic_next_latent,False
validation,reid,41,149,2.639495323819574e-05,0.00012444172170944512,0.7878930564796873,3.100211688433774e-05,49,1,1,same_source_cyclic_next_latent,False
validation,reid,41,175,3.9518152334494516e-05,0.00017371567082591355,0.772512450105339,4.3728698074119166e-05,49,1,1,same_source_cyclic_next_latent,False
validation,reid,41,199,5.512801726581529e-05,0.000227016702410765,0.7571631660560973,5.9719714045058936e-05,49,1,1,same_source_cyclic_next_latent,False
validation,reid,49,0,3.069354306717287e-06,0.0,,4.082132363691926e-06,25,1,1,same_source_cyclic_next_latent,False
validation,reid,49,5,2.710660965021816e-06,1.0523766036385496e-07,-24.757518322336466,3.7720833461207803e-06,25,1,1,same_source_cyclic_next_latent,False
validation,reid,49,10,2.502693632777664e-06,4.594179756622907e-07,-4.447530931217514,3.5958075841335813e-06,25,1,1,same_source_cyclic_next_latent,False
validation,reid,49,25,2.659613755895407e-06,3.2462357921758667e-06,0.1807083877561655,3.959088189731119e-06,25,1,1,same_source_cyclic_next_latent,False
validation,reid,49,50,5.381953542382689e-06,1.4092956007516477e-05,0.6181103851092542,7.803454536770005e-06,25,1,1,same_source_cyclic_next_latent,False
validation,reid,49,75,1.0867825039895251e-05,3.3031355997081846e-05,0.6709845929166405,1.5314257325371727e-05,25,1,1,same_source_cyclic_next_latent,False
validation,reid,49,100,1.890516978164669e-05,6.0234524426050484e-05,0.6861406317757777,2.571189725131262e-05,25,1,1,same_source_cyclic_next_latent,False
validation,reid,49,125,2.9604350856970996e-05,9.579287143424153e-05,0.6909545521109747,3.929625017917715e-05,25,1,1,same_source_cyclic_next_latent,False
validation,reid,49,149,4.2612595279933885e-05,0.0001378952874802053,0.6909785964509421,5.7758763432502747e-05,25,1,1,same_source_cyclic_next_latent,False
validation,reid,49,175,6.0077796661062166e-05,0.00019256462110206485,0.6880122822290435,8.662432810524479e-05,25,1,1,same_source_cyclic_next_latent,False
validation,reid,49,199,7.980768714332953e-05,0.0002518006949685514,0.6830521569716196,0.00012196059833513573,25,1,1,same_source_cyclic_next_latent,False
validation,reid,25,0,3.8045927794883028e-06,0.0,,5.3149033618637986e-08,93,1,1,same_source_cyclic_next_latent,False
validation,reid,25,5,3.5072732771368464e-06,1.0530127525498756e-07,-32.30703515834891,5.292433868930857e-08,93,1,1,same_source_cyclic_next_latent,False
validation,reid,25,10,3.3450000955781434e-06,4.6677956788698793e-07,-6.1661236388735885,2.3409079119574017e-07,93,1,1,same_source_cyclic_next_latent,False
validation,reid,25,25,3.7100337522133486e-06,3.385780473763589e-06,-0.09576913830131595,2.09455151889415e-06,93,1,1,same_source_cyclic_next_latent,False
validation,reid,25,50,7.414500487357145e-06,1.4759227269678377e-05,0.4976362683573802,9.52456957747927e-06,93,1,1,same_source_cyclic_next_latent,False
validation,reid,25,75,1.439328752894653e-05,3.434355676290579e-05,0.5809028276159036,2.1702968297176994e-05,93,1,1,same_source_cyclic_next_latent,False
validation,reid,25,100,2.373411007283721e-05,6.215853500179946e-05,0.6181681232971447,3.815056697931141e-05,93,1,1,same_source_cyclic_next_latent,False
validation,reid,25,125,3.586109232855961e-05,9.824951848713681e-05,0.6349998159710608,5.8929221268044785e-05,93,1,1,same_source_cyclic_next_latent,False
validation,reid,25,149,5.1995462854392827e-05,0.0001407447998644784,0.6305692082090516,8.348296978510916e-05,93,1,1,same_source_cyclic_next_latent,False
validation,reid,25,175,7.62372583267279e-05,0.00019554639584384859,0.6101321223654446,0.00011616069241426885,93,1,1,same_source_cyclic_next_latent,False
validation,reid,25,199,0.00010523777746129781,0.00025431934045627713,0.5861982919879803,0.00015298234939109534,93,1,1,same_source_cyclic_next_latent,False
validation,reid,93,0,1.9993613875612937e-07,0.0,,1.2544852552309749e-06,84,1,1,same_source_cyclic_next_latent,False
validation,reid,93,5,9.95227438238544e-08,1.0514619930290792e-07,0.0534822515348683,9.989424825107562e-07,84,1,1,same_source_cyclic_next_latent,False
validation,reid,93,10,5.685433279722929e-08,4.2241856590408133e-07,0.8654075900391669,8.11678887657763e-07,84,1,1,same_source_cyclic_next_latent,False
validation,reid,93,25,1.6119923884616583e-07,2.6625341433828e-06,0.9394564613389862,5.899188977309677e-07,84,1,1,same_source_cyclic_next_latent,False
validation,reid,93,50,5.607851107924944e-07,1.0701617611630354e-05,0.9475980986105277,9.85901351668872e-07,84,1,1,same_source_cyclic_next_latent,False
validation,reid,93,75,8.115833907140768e-07,2.4128486984409392e-05,0.9663640993636078,2.0434019916137913e-06,84,1,1,same_source_cyclic_next_latent,False
validation,reid,93,100,1.0703159887270886e-06,4.294652535463683e-05,0.975077937507428,3.6989720229030354e-06,84,1,1,same_source_cyclic_next_latent,False
validation,reid,93,125,1.6263358020296437e-06,6.716716598020867e-05,0.9757867437415946,5.855868494109018e-06,84,1,1,same_source_cyclic_next_latent,False
validation,reid,93,149,2.5359865958307637e-06,9.55089635681361e-05,0.9734476587213556,8.278283530671615e-06,84,1,1,same_source_cyclic_next_latent,False
validation,reid,93,175,3.93079199056956e-06,0.0001318353315582499,0.9701840777877303,1.1245850146224257e-05,84,1,1,same_source_cyclic_next_latent,False
validation,reid,93,199,5.5967852858884726e-06,0.00017057791410479695,0.9671892735043647,1.4378550076799002e-05,84,1,1,same_source_cyclic_next_latent,False
validation,reid,84,0,9.551382618155912e-07,0.0,,5.198227199798566e-07,96,1,1,same_source_cyclic_next_latent,False
validation,reid,84,5,7.17900604740862e-07,9.34500405946892e-08,-6.682186119688648,3.4533272241787927e-07,96,1,1,same_source_cyclic_next_latent,False
validation,reid,84,10,5.40026007911365e-07,3.706644804424286e-07,-0.45691329060390373,2.2837026847355446e-07,96,1,1,same_source_cyclic_next_latent,False
validation,reid,84,25,2.6804985964190564e-07,2.3013249119685497e-06,0.8835236787957003,1.0855973187062773e-07,96,1,1,same_source_cyclic_next_latent,False
validation,reid,84,50,3.0961498964643397e-07,9.18923342396738e-06,0.9663067662598607,2.791143174363242e-07,96,1,1,same_source_cyclic_next_latent,False
validation,reid,84,75,6.541488914990623e-07,2.066570050374139e-05,0.9683461544707554,7.004716167102742e-07,96,1,1,same_source_cyclic_next_latent,False
validation,reid,84,100,1.24088978736836e-06,3.673380706459284e-05,0.9662194069570198,1.4773899010833702e-06,96,1,1,same_source_cyclic_next_latent,False
validation,reid,84,125,2.0182712887617527e-06,5.7396227930439636e-05,0.9648361684811803,2.554678530941601e-06,96,1,1,same_source_cyclic_next_latent,False
validation,reid,84,149,2.853794512702734e-06,8.155551040545106e-05,0.9650079498182873,3.7119029911991674e-06,96,1,1,same_source_cyclic_next_latent,False
validation,reid,84,175,3.827094587904867e-06,0.00011250645911786705,0.9659833344866411,5.07802269567037e-06,96,1,1,same_source_cyclic_next_latent,False
validation,reid,84,199,4.851466655964032e-06,0.0001454888260923326,0.9666540256989556,6.6048719418176915e-06,96,1,1,same_source_cyclic_next_latent,False
validation,reid,96,0,5.325843517312023e-07,0.0,,5.055986207480601e-07,97,1,1,same_source_cyclic_next_latent,False
validation,reid,96,5,3.4557669437162986e-07,1.03322996380939e-07,-2.344625170349606,3.1993462812351936e-07,97,1,1,same_source_cyclic_next_latent,False
validation,reid,96,10,2.2018586776084703e-07,4.142063971812604e-07,0.468415096291978,2.027552596928217e-07,97,1,1,same_source_cyclic_next_latent,False
validation,reid,96,25,1.0385707582827308e-07,2.595082605694188e-06,0.959979279426255,1.557636295501652e-07,97,1,1,same_source_cyclic_next_latent,False
validation,reid,96,50,3.0045683274693147e-07,1.0409034985059407e-05,0.9711349963586258,5.562810656556394e-07,97,1,1,same_source_cyclic_next_latent,False
validation,reid,96,75,6.883472565277771e-07,2.3453274479834363e-05,0.9706502707278836,1.0696159051803988e-06,97,1,1,same_source_cyclic_next_latent,False
validation,reid,96,100,1.36726748678484e-06,4.173463457846083e-05,0.9672390210050986,1.7427189504815033e-06,97,1,1,same_source_cyclic_next_latent,False
validation,reid,96,125,2.3222132767841686e-06,6.525538628920913e-05,0.9644134621088255,2.745711981333443e-06,97,1,1,same_source_cyclic_next_latent,False
validation,reid,96,149,3.365651764397626e-06,9.276856144424528e-05,0.9637199099350009,4.0136033021553885e-06,97,1,1,same_source_cyclic_next_latent,False
validation,reid,96,175,4.6155346353771165e-06,0.0001280317228520289,0.9639500700876183,5.667494860972511e-06,97,1,1,same_source_cyclic_next_latent,False
validation,reid,96,199,6.043844223313499e-06,0.00016562770179007202,0.9635094603258223,7.507403552153846e-06,97,1,1,same_source_cyclic_next_latent,False
validation,reid,97,0,4.6669029529766703e-07,0.0,,4.579340384225361e-06,13,1,1,same_source_cyclic_next_latent,False
validation,reid,97,5,2.7524464485395583e-07,1.0388254167992272e-07,-1.6495755725925996,4.322258064348716e-06,13,1,1,same_source_cyclic_next_latent,False
validation,reid,97,10,1.515643077709683e-07,4.131814819174906e-07,0.6331773944282562,4.1802368286880665e-06,13,1,1,same_source_cyclic_next_latent,False
validation,reid,97,25,6.908415173256799e-08,2.567076535342494e-06,0.9730883942175292,4.252238340995973e-06,13,1,1,same_source_cyclic_next_latent,False
validation,reid,97,50,3.131593189209525e-07,1.0246058991469909e-05,0.9694361198601662,5.882902314624516e-06,13,1,1,same_source_cyclic_next_latent,False
validation,reid,97,75,4.753205189444998e-07,2.3035410777083598e-05,0.9793656590913775,9.028132808452938e-06,13,1,1,same_source_cyclic_next_latent,False
validation,reid,97,100,5.593234959633264e-07,4.093155075679533e-05,0.9863351501318217,1.3050963389105164e-05,13,1,1,same_source_cyclic_next_latent,False
validation,reid,97,125,7.773222137075209e-07,6.392442446667701e-05,0.9878399810370959,1.765586421242915e-05,13,1,1,same_source_cyclic_next_latent,False
validation,reid,97,149,1.189305862681067e-06,9.079395385924727e-05,0.9869010455858682,2.297919309057761e-05,13,1,1,same_source_cyclic_next_latent,False
validation,reid,97,175,1.892910745482368e-06,0.0001251927751582116,0.9848800320698202,3.07211848848965e-05,13,1,1,same_source_cyclic_next_latent,False
validation,reid,97,199,2.8522540560516063e-06,0.00016182287072297186,0.9823742216207841,4.0469902160111815e-05,13,1,1,same_source_cyclic_next_latent,False
validation,reid,13,0,2.991373321492574e-06,0.0,,1.2307240240261308e-06,28,1,1,same_source_cyclic_next_latent,False
validation,reid,13,5,2.6912225621344987e-06,9.996369954023976e-08,-25.921998430551923,9.589970204615383e-07,28,1,1,same_source_cyclic_next_latent,False
validation,reid,13,10,2.530532128730556e-06,4.0348717789129296e-07,-5.271654385538687,8.015987305043382e-07,28,1,1,same_source_cyclic_next_latent,False
validation,reid,13,25,2.6232619347865693e-06,2.6054560748889344e-06,-0.00683406643053619,8.819652634883823e-07,28,1,1,same_source_cyclic_next_latent,False
validation,reid,13,50,4.586244358506519e-06,1.0772148925752845e-05,0.5742498186650353,2.6325481030653464e-06,28,1,1,same_source_cyclic_next_latent,False
validation,reid,13,75,8.665288078191224e-06,2.473311178619042e-05,0.6496482871585356,6.493298315035645e-06,28,1,1,same_source_cyclic_next_latent,False
validation,reid,13,100,1.4566205209121108e-05,4.4647022150456905e-05,0.673747441429931,1.2470106412365567e-05,28,1,1,same_source_cyclic_next_latent,False
validation,reid,13,125,2.2125774194137193e-05,7.067642582114786e-05,0.6869426553893916,2.028161907219328e-05,28,1,1,same_source_cyclic_next_latent,False
validation,reid,13,149,3.1192295864457265e-05,0.00010157931683352217,0.6929267016475592,2.960511301353108e-05,28,1,1,same_source_cyclic_next_latent,False
validation,reid,13,175,4.3767977331299335e-05,0.00014179330901242793,0.6913255100953801,4.239842382958159e-05,28,1,1,same_source_cyclic_next_latent,False
validation,reid,13,199,5.875406350241974e-05,0.0001853152789408341,0.6829507861508913,5.766196409240365e-05,28,1,1,same_source_cyclic_next_latent,False
validation,reid,28,0,1.5582292007820797e-06,0.0,,2.9459788493113592e-06,52,1,1,same_source_cyclic_next_latent,False
validation,reid,28,5,1.2825342992073274e-06,1.0269551609098926e-07,-11.488707862093893,2.58305158240546e-06,52,1,1,same_source_cyclic_next_latent,False
validation,reid,28,10,1.0884757557505509e-06,4.423241932727251e-07,-1.4608099043757852,2.3026057078823214e-06,52,1,1,same_source_cyclic_next_latent,False
validation,reid,28,25,1.0596036190690938e-06,3.113214461336611e-06,0.6596432297779545,2.1583052784990286e-06,52,1,1,same_source_cyclic_next_latent,False
validation,reid,28,50,2.804323230520822e-06,1.358427107334137e-05,0.7935610077728644,4.501237526710611e-06,52,1,1,same_source_cyclic_next_latent,False
validation,reid,28,75,6.7703358581638895e-06,3.200078208465129e-05,0.788432175180769,1.0068771189253312e-05,52,1,1,same_source_cyclic_next_latent,False
validation,reid,28,100,1.2831819731218275e-05,5.867032814421691e-05,0.7812894501002873,1.8897717382060364e-05,52,1,1,same_source_cyclic_next_latent,False
validation,reid,28,125,2.084039442706853e-05,9.386183228343725e-05,0.7779673172782713,3.125469811493531e-05,52,1,1,same_source_cyclic_next_latent,False
validation,reid,28,149,3.073222978855483e-05,0.00013590285379905254,0.7738661924348119,4.6912333345972e-05,52,1,1,same_source_cyclic_next_latent,False
validation,reid,28,175,4.4762891775462776e-05,0.00019086066458839923,0.7654682180217897,6.886054325150326e-05,52,1,1,same_source_cyclic_next_latent,False
validation,reid,28,199,6.18093108641915e-05,0.000250564597081393,0.7533198561003673,9.461601439397782e-05,52,1,1,same_source_cyclic_next_latent,False
validation,reid,52,0,2.128542746504536e-06,0.0,,1.497200173616875e-06,59,1,1,same_source_cyclic_next_latent,False
validation,reid,52,5,1.7460283743275795e-06,1.0380210113680732e-07,-15.820742116061588,1.1338089507262339e-06,59,1,1,same_source_cyclic_next_latent,False
validation,reid,52,10,1.4356353403854882e-06,4.140581495448714e-07,-2.4672312136919037,8.481875397592376e-07,59,1,1,same_source_cyclic_next_latent,False
validation,reid,52,25,8.397706778850988e-07,2.5844267383945407e-06,0.6750650094238041,3.6775188050341967e-07,59,1,1,same_source_cyclic_next_latent,False
validation,reid,52,50,5.444094313133974e-07,1.0333380487281829e-05,0.9473154567391138,3.743060119631991e-07,59,1,1,same_source_cyclic_next_latent,False
validation,reid,52,75,6.590300358766399e-07,2.3241327653522603e-05,0.9716440452240364,8.844938292895677e-07,59,1,1,same_source_cyclic_next_latent,False
validation,reid,52,100,9.69203824752185e-07,4.1306804632768035e-05,0.9765364609204525,1.693897843324521e-06,59,1,1,same_source_cyclic_next_latent,False
validation,reid,52,125,1.4070147926759091e-06,6.4523694163654e-05,0.9781938276951837,2.7986779969069175e-06,59,1,1,same_source_cyclic_next_latent,False
validation,reid,52,149,1.94498920791375e-06,9.165598748950288e-05,0.9787794637187613,4.169314706814475e-06,59,1,1,same_source_cyclic_next_latent,False
validation,reid,52,175,2.748029601207236e-06,0.0001263997401110828,0.9782592147832566,6.082962045184104e-06,59,1,1,same_source_cyclic_next_latent,False
validation,reid,52,199,3.87234194931807e-06,0.00016340739966835827,0.9763025300128566,8.392146810365375e-06,59,1,1,same_source_cyclic_next_latent,False
validation,reid,59,0,1.5380569493572693e-06,0.0,,3.2581474442849867e-06,57,1,1,same_source_cyclic_next_latent,False
validation,reid,59,5,1.1716741710188217e-06,1.0051899579366363e-07,-10.656246282284089,2.9062339308438823e-06,57,1,1,same_source_cyclic_next_latent,False
validation,reid,59,10,8.686126875545597e-07,4.096098109585e-07,-1.1205856508221284,2.623061618578504e-06,57,1,1,same_source_cyclic_next_latent,False
validation,reid,59,25,3.3852109027066035e-07,2.5966930934373522e-06,0.8696337695331774,2.139771140718949e-06,57,1,1,same_source_cyclic_next_latent,False
validation,reid,59,50,2.69393694907194e-07,1.0445361112942919e-05,0.9742092502121936,2.1575779101112857e-06,57,1,1,same_source_cyclic_next_latent,False
validation,reid,59,75,6.776982672818122e-07,2.3561089619761333e-05,0.9712365481300403,2.723454826991656e-06,57,1,1,same_source_cyclic_next_latent,False
validation,reid,59,100,1.3399956060311524e-06,4.1953680920414627e-05,0.9680601182868054,3.603663799367496e-06,57,1,1,same_source_cyclic_next_latent,False
validation,reid,59,125,2.2949782305659028e-06,6.56422707834281e-05,0.9650381042097451,4.9119485083792824e-06,57,1,1,same_source_cyclic_next_latent,False
validation,reid,59,149,3.5948073673353065e-06,9.337658411823213e-05,0.9615020467788411,6.869457592983963e-06,57,1,1,same_source_cyclic_next_latent,False
validation,reid,59,175,5.556377800530754e-06,0.0001289642386836931,0.9569153599692182,1.0196656148764305e-05,57,1,1,same_source_cyclic_next_latent,False
validation,reid,59,199,8.020245331863407e-06,0.00016694419900886714,0.9519585263849903,1.4857117093924899e-05,57,1,1,same_source_cyclic_next_latent,False
validation,reid,57,0,2.924618229371845e-06,0.0,,7.434574058606813e-07,15,1,1,same_source_cyclic_next_latent,False
validation,reid,57,5,2.53343000622408e-06,1.0879922029971567e-07,-22.285369134494623,4.829347517443239e-07,15,1,1,same_source_cyclic_next_latent,False
validation,reid,57,10,2.1984917566442164e-06,4.6272842268990644e-07,-3.7511491597254167,3.0492711289298313e-07,15,1,1,same_source_cyclic_next_latent,False
validation,reid,57,25,1.6453701618956984e-06,3.0676756068714894e-06,0.4636427143045617,2.9723270245085587e-07,15,1,1,same_source_cyclic_next_latent,False
validation,reid,57,50,1.8440242683936958e-06,1.2550069186545443e-05,0.8530666053721345,1.4645355577158625e-06,15,1,1,same_source_cyclic_next_latent,False
validation,reid,57,75,2.905921974161174e-06,2.845998460543342e-05,0.8978944642996612,3.6169203667668626e-06,15,1,1,same_source_cyclic_next_latent,False
validation,reid,57,100,4.643793545255903e-06,5.080093251308426e-05,0.9085884192369924,6.772950200684136e-06,15,1,1,same_source_cyclic_next_latent,False
validation,reid,57,125,7.2190596256405115e-06,7.957850903039798e-05,0.9092838039616585,1.1294864634692203e-05,15,1,1,same_source_cyclic_next_latent,False
validation,reid,57,149,1.073287694453029e-05,0.00011326819367241114,0.9052436823035123,1.735711884975899e-05,15,1,1,same_source_cyclic_next_latent,False
validation,reid,57,175,1.5997897207853384e-05,0.00015646663086954504,0.8977552138820467,2.626808054628782e-05,15,1,1,same_source_cyclic_next_latent,False
validation,reid,57,199,2.251902515126858e-05,0.0002025431749643758,0.8888186424685536,3.693492180900648e-05,15,1,1,same_source_cyclic_next_latent,False
validation,reid,15,0,1.1471888683445286e-06,0.0,,8.294854296764242e-07,53,1,1,same_source_cyclic_next_latent,False
validation,reid,15,5,9.219826324624592e-07,9.878272066998761e-08,-8.33344036496636,6.308054594228452e-07,53,1,1,same_source_cyclic_next_latent,False
validation,reid,15,10,7.912005344223871e-07,4.075140793702303e-07,-0.9415293224840315,5.465925028147467e-07,53,1,1,same_source_cyclic_next_latent,False
validation,reid,15,25,9.00110592283454e-07,2.657891172930249e-06,0.6613440755397416,8.763571486269939e-07,53,1,1,same_source_cyclic_next_latent,False
validation,reid,15,50,2.5918495794030605e-06,1.1012571121682413e-05,0.7646462800771362,3.1507784115092363e-06,53,1,1,same_source_cyclic_next_latent,False
validation,reid,15,75,6.212892003532033e-06,2.5448980522924103e-05,0.7558687273175622,7.585527782794088e-06,53,1,1,same_source_cyclic_next_latent,False
validation,reid,15,100,1.1772435755119659e-05,4.635270670405589e-05,0.746024847474774,1.4458776604442392e-05,53,1,1,same_source_cyclic_next_latent,False
validation,reid,15,125,1.9242866983404383e-05,7.409453974105418e-05,0.7402930492495883,2.3889988369774073e-05,53,1,1,same_source_cyclic_next_latent,False
validation,reid,15,149,2.841362038452644e-05,0.00010749007924459875,0.7356628575938631,3.530646063154563e-05,53,1,1,same_source_cyclic_next_latent,False
validation,reid,15,175,4.102107050130144e-05,0.00015147423255257308,0.7291877977525716,5.028397936257534e-05,53,1,1,same_source_cyclic_next_latent,False
validation,reid,15,199,5.565170431509614e-05,0.00019959177006967366,0.72117234946276,6.668231799267232e-05,53,1,1,same_source_cyclic_next_latent,False
validation,reid,53,0,8.099894444058009e-07,0.0,,2.63040828940575e-06,2,1,1,same_source_cyclic_next_latent,False
validation,reid,53,5,5.757656253990717e-07,9.364332242967066e-08,-5.148496341866676,2.2923529741092352e-06,2,1,1,same_source_cyclic_next_latent,False
validation,reid,53,10,3.99831947106577e-07,3.85355036769397e-07,-0.03756772055854363,1.9884648736478994e-06,2,1,1,same_source_cyclic_next_latent,False
validation,reid,53,25,1.7678483743566176e-07,2.4711696369195124e-06,0.9284610676683303,1.391386945215345e-06,2,1,1,same_source_cyclic_next_latent,False
validation,reid,53,50,3.30946789972586e-07,9.974225577025209e-06,0.9668198009542822,1.1526547041285085e-06,2,1,1,same_source_cyclic_next_latent,False
validation,reid,53,75,6.753951993232477e-07,2.250624675070867e-05,0.9699907671499256,1.4528798146784538e-06,2,1,1,same_source_cyclic_next_latent,False
validation,reid,53,100,1.1663067880363087e-06,4.006221570307389e-05,0.9708876114920718,2.0582265278790146e-06,2,1,1,same_source_cyclic_next_latent,False
validation,reid,53,125,1.8236921732750488e-06,6.264413968892768e-05,0.9708880641935388,2.8897886750200996e-06,2,1,1,same_source_cyclic_next_latent,False
validation,reid,53,149,2.543617938499665e-06,8.904800051823258e-05,0.9714354289406099,3.91598223359324e-06,2,1,1,same_source_cyclic_next_latent,False
validation,reid,53,175,3.397961563678109e-06,0.0001228825276484713,0.9723478868094363,5.394828349380987e-06,2,1,1,same_source_cyclic_next_latent,False
validation,reid,53,199,4.341444309829967e-06,0.00015894098032731563,0.9726851797384828,7.302417088794755e-06,2,1,1,same_source_cyclic_next_latent,False
validation,reid,2,0,1.7851726852313732e-06,0.0,,1.9442848042672267e-07,88,1,1,same_source_cyclic_next_latent,False
validation,reid,2,5,1.4261811429605586e-06,9.875607531739661e-08,-13.441452218275085,6.78575133861159e-08,88,1,1,same_source_cyclic_next_latent,False
validation,reid,2,10,1.1256871630394016e-06,3.9769926729604776e-07,-1.8304984585285617,2.6514927142784472e-08,88,1,1,same_source_cyclic_next_latent,False
validation,reid,2,25,5.472356292557379e-07,2.5024969545484055e-06,0.7813241577532746,3.112835429419647e-07,88,1,1,same_source_cyclic_next_latent,False
validation,reid,2,50,2.673613437309541e-07,1.003642591967946e-05,0.9733609009949736,1.545406689729134e-06,88,1,1,same_source_cyclic_next_latent,False
validation,reid,2,75,3.8107231148387655e-07,2.2605408958042972e-05,0.9831424278945287,3.060171820834512e-06,88,1,1,same_source_cyclic_next_latent,False
validation,reid,2,100,6.877758096379694e-07,4.020733467768878e-05,0.9828942700342777,4.8640008571965154e-06,88,1,1,same_source_cyclic_next_latent,False
validation,reid,2,125,1.1650761280179722e-06,6.284512346610427e-05,0.9814611530098057,7.505662324547302e-06,88,1,1,same_source_cyclic_next_latent,False
validation,reid,2,149,1.824423520702112e-06,8.931615593610331e-05,0.9795734209384548,1.1403484677430242e-05,88,1,1,same_source_cyclic_next_latent,False
validation,reid,2,175,2.905482233472867e-06,0.00012323314149398357,0.9764228826900861,1.781231549102813e-05,88,1,1,same_source_cyclic_next_latent,False
validation,reid,2,199,4.498183898249408e-06,0.00015938510478008538,0.971777890384074,2.6514810087974183e-05,88,1,1,same_source_cyclic_next_latent,False
validation,reid,88,0,5.160546834304114e-07,0.0,,1.8442452756062266e-06,74,1,1,same_source_cyclic_next_latent,False
validation,reid,88,5,3.239586874315137e-07,1.0328217570076959e-07,-2.1366369388856685,1.538061610517616e-06,74,1,1,same_source_cyclic_next_latent,False
validation,reid,88,10,1.9509428739183932e-07,4.2534415456429997e-07,0.5413260408111554,1.2835109828301938e-06,74,1,1,same_source_cyclic_next_latent,False
validation,reid,88,25,1.3207643689838733e-07,2.7586918349697953e-06,0.9521235263670422,8.744610227040539e-07,74,1,1,same_source_cyclic_next_latent,False
validation,reid,88,50,5.661755153596459e-07,1.1242896107432898e-05,0.9496414882829579,1.0757870541056036e-06,74,1,1,same_source_cyclic_next_latent,False
validation,reid,88,75,1.2125140074203955e-06,2.548983866290655e-05,0.9524314757949066,2.00115391635336e-06,74,1,1,same_source_cyclic_next_latent,False
validation,reid,88,100,2.160772964998614e-06,4.550983430817723e-05,0.9525207463871086,3.4322927149332827e-06,74,1,1,same_source_cyclic_next_latent,False
validation,reid,88,125,3.4901854633062612e-06,7.13156841811724e-05,0.9510600577785989,5.1237252591818105e-06,74,1,1,same_source_cyclic_next_latent,False
validation,reid,88,149,5.094972948427312e-06,0.00010155241761822253,0.9498291319111534,6.864723218313884e-06,74,1,1,same_source_cyclic_next_latent,False
validation,reid,88,175,7.427761374856345e-06,0.00014035985805094242,0.9470805864440209,8.964272637967952e-06,74,1,1,same_source_cyclic_next_latent,False
validation,reid,88,199,1.0708733498177025e-05,0.0001818001619540155,0.941096127841263,1.1412623280193657e-05,74,1,1,same_source_cyclic_next_latent,False
validation,reid,74,0,1.0742663789642393e-06,0.0,,1.4236741208151216e-06,31,1,1,same_source_cyclic_next_latent,False
validation,reid,74,5,7.950607709972246e-07,9.82452448283766e-08,-7.092613259665711,1.1287820598226972e-06,31,1,1,same_source_cyclic_next_latent,False
validation,reid,74,10,5.883564426767407e-07,3.9470123169849103e-07,-0.49063746303731137,8.950411256591906e-07,31,1,1,same_source_cyclic_next_latent,False
validation,reid,74,25,3.1883428164292127e-07,2.468499815222458e-06,0.8708388472720269,5.714549047297623e-07,31,1,1,same_source_cyclic_next_latent,False
validation,reid,74,50,5.6993911812242e-07,9.872235750663094e-06,0.9422684858306652,1.0422611467220122e-06,31,1,1,same_source_cyclic_next_latent,False
validation,reid,74,75,1.25388123706216e-06,2.2206828361959197e-05,0.9435362305402384,2.638126716192346e-06,31,1,1,same_source_cyclic_next_latent,False
validation,reid,74,100,2.3044606223265873e-06,3.9466427551815286e-05,0.9416095966805946,5.6730386859271675e-06,31,1,1,same_source_cyclic_next_latent,False
validation,reid,74,125,3.7610386698361253e-06,6.164090154925361e-05,0.938984690760389,1.0671093150449451e-05,31,1,1,same_source_cyclic_next_latent,False
validation,reid,74,149,5.534643605642486e-06,8.754659938858822e-05,0.9367805986263822,1.8006448954110965e-05,31,1,1,same_source_cyclic_next_latent,False
validation,reid,74,175,7.939337592688389e-06,0.00012070701632183045,0.9342263785932672,3.010375985468272e-05,31,1,1,same_source_cyclic_next_latent,False
validation,reid,74,199,1.0744355677161366e-05,0.0001560081000206992,0.9311295011237506,4.636238008970395e-05,31,1,1,same_source_cyclic_next_latent,False
validation,reid,31,0,1.5341205426011584e-06,0.0,,1.7673496586212423e-06,69,1,1,same_source_cyclic_next_latent,False
validation,reid,31,5,1.261884676750924e-06,9.754089802527233e-08,-11.936980305676254,1.4555106417901698e-06,69,1,1,same_source_cyclic_next_latent,False
validation,reid,31,10,1.0738413038779981e-06,4.046144965741405e-07,-1.6539862337365125,1.2493055692175403e-06,69,1,1,same_source_cyclic_next_latent,False
validation,reid,31,25,1.044358668877976e-06,2.6757297746371478e-06,0.6096920254140386,1.2224825240991777e-06,69,1,1,same_source_cyclic_next_latent,False
validation,reid,31,50,2.6649474875739543e-06,1.1123805961688049e-05,0.760428445376303,2.964750592582277e-06,69,1,1,same_source_cyclic_next_latent,False
validation,reid,31,75,6.270097401284147e-06,2.5607325369492173e-05,0.7551443850221796,6.764092177036218e-06,69,1,1,same_source_cyclic_next_latent,False
validation,reid,31,100,1.1906939107575454e-05,4.6321227273438126e-05,0.742948539828451,1.2538666851469316e-05,69,1,1,same_source_cyclic_next_latent,False
validation,reid,31,125,1.9410441382206045e-05,7.339884905377403e-05,0.7355484230006738,2.0010207663290203e-05,69,1,1,same_source_cyclic_next_latent,False
validation,reid,31,149,2.8248077796888538e-05,0.00010547126294113696,0.7321727548417272,2.855522143363487e-05,69,1,1,same_source_cyclic_next_latent,False
validation,reid,31,175,4.020742926513776e-05,0.00014702796761412174,0.726532101901435,3.946075958083384e-05,69,1,1,same_source_cyclic_next_latent,False
validation,reid,31,199,5.443506233859807e-05,0.0001917742338264361,0.7161502812319192,5.1581329898908734e-05,69,1,1,same_source_cyclic_next_latent,False
validation,reid,69,0,1.455877281841822e-06,0.0,,1.4773187331229565e-06,19,1,1,same_source_cyclic_next_latent,False
validation,reid,69,5,1.127404289036349e-06,1.0311431708487362e-07,-9.93353785302559,1.1869257150465273e-06,19,1,1,same_source_cyclic_next_latent,False
validation,reid,69,10,8.836701113068557e-07,4.325807765326317e-07,-1.0427863632543923,9.954086408470175e-07,19,1,1,same_source_cyclic_next_latent,False
validation,reid,69,25,7.075760777297546e-07,2.8503357043518918e-06,0.751756932823938,9.665499192124116e-07,19,1,1,same_source_cyclic_next_latent,False
validation,reid,69,50,1.920752538353554e-06,1.1736545275198296e-05,0.8363442995092862,2.4613191271782853e-06,19,1,1,same_source_cyclic_next_latent,False
validation,reid,69,75,4.59389866591664e-06,2.679025783436373e-05,0.828523536640843,5.73451688978821e-06,19,1,1,same_source_cyclic_next_latent,False
validation,reid,69,100,8.616480954515282e-06,4.8090289055835456e-05,0.8208270084525573,1.0466439562151209e-05,19,1,1,same_source_cyclic_next_latent,False
validation,reid,69,125,1.3851264156983234e-05,7.570085290353745e-05,0.8170263131033234,1.607246849744115e-05,19,1,1,same_source_cyclic_next_latent,False
validation,reid,69,149,1.9841138055198826e-05,0.00010818660666700453,0.8166026399527502,2.2321588403428905e-05,19,1,1,same_source_cyclic_next_latent,False
validation,reid,69,175,2.753281660261564e-05,0.0001500365324318409,0.8164925824640519,3.08573326037731e-05,19,1,1,same_source_cyclic_next_latent,False
validation,reid,69,199,3.613154331105761e-05,0.00019486209203023463,0.8145789007261018,4.118652577744797e-05,19,1,1,same_source_cyclic_next_latent,False
validation,reid,19,0,1.5770376649015816e-06,0.0,,5.330991257324058e-07,41,1,1,same_source_cyclic_next_latent,False
validation,reid,19,5,1.3050637335254578e-06,9.762278807556868e-08,-12.368433326399396,3.37543156092579e-07,41,1,1,same_source_cyclic_next_latent,False
validation,reid,19,10,1.1616974688877235e-06,3.94468059994324e-07,-1.9449721959857516,2.3954339667398017e-07,41,1,1,same_source_cyclic_next_latent,False
validation,reid,19,25,1.3047172160440823e-06,2.5457179617660586e-06,0.48748555981474406,4.1033572983906197e-07,41,1,1,same_source_cyclic_next_latent,False
validation,reid,19,50,3.387030119483825e-06,1.0593883416731842e-05,0.680284369173405,1.9850929220410762e-06,41,1,1,same_source_cyclic_next_latent,False
validation,reid,19,75,7.941009243950248e-06,2.450023021083325e-05,0.6758802192626346,5.253347808320541e-06,41,1,1,same_source_cyclic_next_latent,False
validation,reid,19,100,1.4665472008346114e-05,4.4587679440155625e-05,0.6710868968179939,1.0733032468124293e-05,41,1,1,same_source_cyclic_next_latent,False
validation,reid,19,125,2.2881184122525156e-05,7.122715760488063e-05,0.6787575850007345,1.8389288015896454e-05,41,1,1,same_source_cyclic_next_latent,False
validation,reid,19,149,3.2217732950812206e-05,0.0001033735170494765,0.6883366855420794,2.758052505669184e-05,41,1,1,same_source_cyclic_next_latent,False
validation,reid,19,175,4.490518040256575e-05,0.00014598786947317421,0.6924047144148697,3.990326149505563e-05,41,1,1,same_source_cyclic_next_latent,False
validation,reid,19,199,6.009166099829599e-05,0.00019308346963953227,0.6887788420703171,5.408431024989113e-05,41,1,1,same_source_cyclic_next_latent,False
validation,depablo_low_temp,161,0,4.4742232603312004e-06,0.0,,3.8594907891820185e-06,47,1,1,same_source_cyclic_next_latent,False
validation,depablo_low_temp,161,5,3.863166512019234e-06,1.0447118370393582e-07,-35.97829750802081,3.313496563350782e-06,47,1,1,same_source_cyclic_next_latent,False
validation,depablo_low_temp,161,10,3.331113703097799e-06,4.179090637990157e-07,-6.970905614767489,2.846763436537003e-06,47,1,1,same_source_cyclic_next_latent,False
validation,depablo_low_temp,161,25,2.13439807339455e-06,2.613081051094923e-06,0.18318719103634284,1.867038122327358e-06,47,1,1,same_source_cyclic_next_latent,False
validation,depablo_low_temp,161,50,1.107871753447398e-06,1.0458379620104097e-05,0.8940685083454285,1.248863441105641e-06,47,1,1,same_source_cyclic_next_latent,False
validation,depablo_low_temp,161,75,8.238570785579213e-07,2.353832132939715e-05,0.9649993273934534,1.417391786162625e-06,47,1,1,same_source_cyclic_next_latent,False
validation,depablo_low_temp,161,100,9.905575097945984e-07,4.185446596238762e-05,0.9763332899603889,2.0877450879197568e-06,47,1,1,same_source_cyclic_next_latent,False
validation,depablo_low_temp,161,125,1.4517262343360926e-06,6.540835602208972e-05,0.977805186942081,3.131921857857378e-06,47,1,1,same_source_cyclic_next_latent,False
validation,depablo_low_temp,161,149,2.115986944772885e-06,9.295123163610697e-05,0.9772355147153217,4.423004611453507e-06,47,1,1,same_source_cyclic_next_latent,False
validation,depablo_low_temp,161,175,3.1689962725067744e-06,0.00012823649740312248,0.9752878756307203,6.133485840109643e-06,47,1,1,same_source_cyclic_next_latent,False
validation,depablo_low_temp,161,199,4.69175120088039e-06,0.00016584270633757114,0.9717096319488999,8.061459993768949e-06,47,1,1,same_source_cyclic_next_latent,False
validation,depablo_low_temp,47,0,4.348129550635349e-06,0.0,,9.541994216988314e-08,191,1,1,same_source_cyclic_next_latent,False
validation,depablo_low_temp,47,5,3.791576773437555e-06,1.0193582511419663e-07,-36.19572357598449,9.169244918894037e-08,191,1,1,same_source_cyclic_next_latent,False
validation,depablo_low_temp,47,10,3.302506456748233e-06,4.097973942407407e-07,-7.058876174327585,1.794422388456951e-07,191,1,1,same_source_cyclic_next_latent,False
validation,depablo_low_temp,47,25,2.2295482722256565e-06,2.571714503574185e-06,0.13304985093523547,8.774271691436297e-07,191,1,1,same_source_cyclic_next_latent,False
validation,depablo_low_temp,47,50,1.369171741316677e-06,1.0300798749085516e-05,0.867081012388653,2.806480779327103e-06,191,1,1,same_source_cyclic_next_latent,False
validation,depablo_low_temp,47,75,1.1784640037149074e-06,2.318746737728361e-05,0.9491766830529569,4.740760232380126e-06,191,1,1,same_source_cyclic_next_latent,False
validation,depablo_low_temp,47,100,1.3591127299150685e-06,4.123131657252088e-05,0.9670368825714174,6.2206499933381565e-06,191,1,1,same_source_cyclic_next_latent,False
validation,depablo_low_temp,47,125,1.7998473822444794e-06,6.443101301556453e-05,0.9720655116533758,7.383128831861541e-06,191,1,1,same_source_cyclic_next_latent,False
validation,depablo_low_temp,47,149,2.4549192403355846e-06,9.155587758868933e-05,0.973186656007338,8.564218660467304e-06,191,1,1,same_source_cyclic_next_latent,False
validation,depablo_low_temp,47,175,3.4569427498354344e-06,0.00012630049604922533,0.9726292227032259,1.0438948265800718e-05,191,1,1,same_source_cyclic_next_latent,False
validation,depablo_low_temp,47,199,4.731026365334401e-06,0.00016332407540176064,0.9710328905662159,1.3173455045034643e-05,191,1,1,same_source_cyclic_next_latent,False
validation,depablo_low_temp,191,0,3.1720088600195595e-07,0.0,,4.7996913963288534e-06,66,1,1,same_source_cyclic_next_latent,False
validation,depablo_low_temp,191,5,2.1314895093382802e-07,1.0844533449017035e-07,-0.9654967356216524,4.204342531011207e-06,66,1,1,same_source_cyclic_next_latent,False
validation,depablo_low_temp,191,10,1.6109670752939564e-07,4.3661586346388503e-07,0.6310333155297256,3.7091529065946816e-06,66,1,1,same_source_cyclic_next_latent,False
validation,depablo_low_temp,191,25,2.1420110840608686e-07,2.7436412892711814e-06,0.9219281655937657,3.425655222599744e-06,66,1,1,same_source_cyclic_next_latent,False
validation,depablo_low_temp,191,50,4.790880439031753e-07,1.0999379810527898e-05,0.9564440857433959,6.6884313127957284e-06,66,1,1,same_source_cyclic_next_latent,False
validation,depablo_low_temp,191,75,5.972490271233255e-07,2.4769382434897125e-05,0.9758876092816157,1.4353168808156624e-05,66,1,1,same_source_cyclic_next_latent,False
validation,depablo_low_temp,191,100,8.010616738829412e-07,4.4057222112314776e-05,0.9818176989951659,2.6419942514621653e-05,66,1,1,same_source_cyclic_next_latent,False
validation,depablo_low_temp,191,125,1.4621155060012825e-06,6.886258779559284e-05,0.9787676363493436,4.256473766872659e-05,66,1,1,same_source_cyclic_next_latent,False
validation,depablo_low_temp,191,149,2.6711013560998254e-06,9.78677489911206e-05,0.9727070318502762,6.117496377555653e-05,66,1,1,same_source_cyclic_next_latent,False
validation,depablo_low_temp,191,175,4.594417987391353e-06,0.00013503755326382816,0.965976738497216,8.404468098888174e-05,66,1,1,same_source_cyclic_next_latent,False
validation,depablo_low_temp,191,199,6.926361493242439e-06,0.00017463676340412349,0.9603384684975277,0.0001073425737558864,66,1,1,same_source_cyclic_next_latent,False
validation,depablo_low_temp,66,0,4.19421758124372e-06,0.0,,2.944689640571596e-06,118,1,1,same_source_cyclic_next_latent,False
validation,depablo_low_temp,66,5,3.6192682273394894e-06,9.862818473038715e-08,-35.696084767586726,2.5596605155442376e-06,118,1,1,same_source_cyclic_next_latent,False
validation,depablo_low_temp,66,10,3.093709210588713e-06,4.0102668208419345e-07,-6.714472250350677,2.2560698198503815e-06,118,1,1,same_source_cyclic_next_latent,False
validation,depablo_low_temp,66,25,2.059735379589256e-06,2.543989467085339e-06,0.19035223760218456,1.8521617448641337e-06,118,1,1,same_source_cyclic_next_latent,False
validation,depablo_low_temp,66,50,1.6470511354782502e-06,1.0273105544911232e-05,0.8396734922776965,2.469338141963817e-06,118,1,1,same_source_cyclic_next_latent,False
validation,depablo_low_temp,66,75,2.335449607926421e-06,2.325402783753816e-05,0.8995679533781074,4.3456120693008415e-06,118,1,1,same_source_cyclic_next_latent,False
validation,depablo_low_temp,66,100,3.883312729158206e-06,4.156100476393476e-05,0.9065635503468864,7.276926680788165e-06,118,1,1,same_source_cyclic_next_latent,False
validation,depablo_low_temp,66,125,6.045646387065062e-06,6.526274955831468e-05,0.9073645160833586,1.0993955584126525e-05,118,1,1,same_source_cyclic_next_latent,False
validation,depablo_low_temp,66,149,8.36719755170634e-06,9.317624062532559e-05,0.9102003096974906,1.5025415450509172e-05,118,1,1,same_source_cyclic_next_latent,False
validation,depablo_low_temp,66,175,1.1088443898188416e-05,0.0001292074884986505,0.914181104926405,1.9785524273174815e-05,118,1,1,same_source_cyclic_next_latent,False
validation,depablo_low_temp,66,199,1.4185456166160293e-05,0.00016791837697383016,0.9155217170282018,2.4690243662917055e-05,118,1,1,same_source_cyclic_next_latent,False
validation,depablo_low_temp,118,0,2.6777672701427946e-06,0.0,,8.59129704622319e-06,98,1,1,same_source_cyclic_next_latent,False
validation,depablo_low_temp,118,5,2.2896788323123474e-06,9.106263831881733e-08,-24.14399840136418,7.661110430490226e-06,98,1,1,same_source_cyclic_next_latent,False
validation,depablo_low_temp,118,10,1.9656501990539255e-06,3.5658808883454185e-07,-4.512383224796928,6.788344308006344e-06,98,1,1,same_source_cyclic_next_latent,False
validation,depablo_low_temp,118,25,1.3633271009894088e-06,2.1927392026555026e-06,0.3782538756372119,5.169471478438936e-06,98,1,1,same_source_cyclic_next_latent,False
validation,depablo_low_temp,118,50,1.2065511327818967e-06,8.724763574718963e-06,0.8617095898990292,5.504320597538026e-06,98,1,1,same_source_cyclic_next_latent,False
validation,depablo_low_temp,118,75,1.7858358205558034e-06,1.959523251571227e-05,0.908863759635215,9.099246199184563e-06,98,1,1,same_source_cyclic_next_latent,False
validation,depablo_low_temp,118,100,2.9665877718798583e-06,3.4804885217454284e-05,0.9147651901925495,1.5325085769291036e-05,98,1,1,same_source_cyclic_next_latent,False
validation,depablo_low_temp,118,125,4.52073072665371e-06,5.435306957224384e-05,0.9168265792119625,2.286138987983577e-05,98,1,1,same_source_cyclic_next_latent,False
validation,depablo_low_temp,118,149,6.059109182388056e-06,7.720248686382547e-05,0.9215166579662714,3.0383345801965334e-05,98,1,1,same_source_cyclic_next_latent,False
validation,depablo_low_temp,118,175,7.618323252245318e-06,0.0001064735115505755,0.9284486522394204,3.9427999581675977e-05,98,1,1,same_source_cyclic_next_latent,False
validation,depablo_low_temp,118,199,9.066073289432097e-06,0.0001376654690830037,0.9341441731915662,4.985341365681961e-05,98,1,1,same_source_cyclic_next_latent,False
validation,depablo_low_temp,98,0,5.634897661366267e-06,0.0,,2.71833209808392e-06,2,1,1,same_source_cyclic_next_latent,False
validation,depablo_low_temp,98,5,4.774312401423231e-06,1.139613132750128e-07,-40.894150428942524,2.134244596163626e-06,2,1,1,same_source_cyclic_next_latent,False
validation,depablo_low_temp,98,10,3.966866188420681e-06,5.0763196668413e-07,-6.814453085632868,1.5932467931634164e-06,2,1,1,same_source_cyclic_next_latent,False
validation,depablo_low_temp,98,25,2.437286866552313e-06,3.5328100693732267e-06,0.310099660414316,8.026564728425001e-07,2,1,1,same_source_cyclic_next_latent,False
validation,depablo_low_temp,98,50,2.2575093225896126e-06,1.4838107745163143e-05,0.8478573305059397,1.533267550257733e-06,2,1,1,same_source_cyclic_next_latent,False
validation,depablo_low_temp,98,75,3.935041149816243e-06,3.409271812415682e-05,0.8845782511243062,3.5728935472434387e-06,2,1,1,same_source_cyclic_next_latent,False
validation,depablo_low_temp,98,100,6.939032573427539e-06,6.142582424217835e-05,0.8870339525918348,6.448230578826042e-06,2,1,1,same_source_cyclic_next_latent,False
validation,depablo_low_temp,98,125,1.1326874300721101e-05,9.695556218503043e-05,0.8831745797202966,1.0394131095381454e-05,2,1,1,same_source_cyclic_next_latent,False
validation,depablo_low_temp,98,149,1.7358572222292423e-05,0.0001388805831084028,0.8750108054432401,1.5588664609822445e-05,2,1,1,same_source_cyclic_next_latent,False
validation,depablo_low_temp,98,175,2.728123581619002e-05,0.00019302488362882286,0.8586646690141233,2.3343305656453595e-05,2,1,1,same_source_cyclic_next_latent,False
validation,depablo_low_temp,98,199,4.177410664851777e-05,0.00025115665630437434,0.8336731056098623,3.3015909139066935e-05,2,1,1,same_source_cyclic_next_latent,False
validation,depablo_low_temp,2,0,3.6792666833207477e-06,0.0,,2.7347634841135005e-06,136,1,1,same_source_cyclic_next_latent,False
validation,depablo_low_temp,2,5,3.090520976911648e-06,9.775605747108784e-08,-30.614623756954348,2.188792450397159e-06,136,1,1,same_source_cyclic_next_latent,False
validation,depablo_low_temp,2,10,2.5230899609596236e-06,4.147042602653528e-07,-5.084070511706821,1.6856857882885379e-06,136,1,1,same_source_cyclic_next_latent,False
validation,depablo_low_temp,2,25,1.5183245523076039e-06,2.7603841772361193e-06,0.44995897135309204,8.709559438102588e-07,136,1,1,same_source_cyclic_next_latent,False
validation,depablo_low_temp,2,50,1.6251444776571589e-06,1.143445297202561e-05,0.8578730017401729,1.1549134342203615e-06,136,1,1,same_source_cyclic_next_latent,False
validation,depablo_low_temp,2,75,3.225510681659216e-06,2.6147068638238125e-05,0.8766396827772063,2.5792680844460847e-06,136,1,1,same_source_cyclic_next_latent,False
validation,depablo_low_temp,2,100,6.067588856240036e-06,4.6995002776384354e-05,0.8708886371363492,4.814279691345291e-06,136,1,1,same_source_cyclic_next_latent,False
validation,depablo_low_temp,2,125,9.811164090933744e-06,7.407462544506416e-05,0.8675502706630629,7.87152112025069e-06,136,1,1,same_source_cyclic_next_latent,False
validation,depablo_low_temp,2,149,1.3871224837203044e-05,0.00010602713882690296,0.8691728835590968,1.159305429609958e-05,136,1,1,same_source_cyclic_next_latent,False
validation,depablo_low_temp,2,175,1.898244045150932e-05,0.0001473280426580459,0.8711552796804047,1.6732403310015798e-05,136,1,1,same_source_cyclic_next_latent,False
validation,depablo_low_temp,2,199,2.50179655267857e-05,0.00019171855819877237,0.8695068137282398,2.301000859006308e-05,136,1,1,same_source_cyclic_next_latent,False
validation,depablo_low_temp,136,0,2.510563945179456e-06,0.0,,6.45863838144578e-06,131,1,1,same_source_cyclic_next_latent,False
validation,depablo_low_temp,136,5,1.957679614861263e-06,1.0771704950229832e-07,-17.17427811016577,6.0887150539201684e-06,131,1,1,same_source_cyclic_next_latent,False
validation,depablo_low_temp,136,10,1.4361090734382742e-06,4.807949380847276e-07,-1.9869471570542978,5.841749953106046e-06,131,1,1,same_source_cyclic_next_latent,False
validation,depablo_low_temp,136,25,6.973621680117503e-07,3.323550799905206e-06,0.7901755652323291,6.292099897109438e-06,131,1,1,same_source_cyclic_next_latent,False
validation,depablo_low_temp,136,50,1.4159319334794418e-06,1.3947767911304254e-05,0.8984832596524731,1.0999004189216066e-05,131,1,1,same_source_cyclic_next_latent,False
validation,depablo_low_temp,136,75,3.265780378569616e-06,3.2096784707391635e-05,0.8982521019366301,2.051331648544874e-05,131,1,1,same_source_cyclic_next_latent,False
validation,depablo_low_temp,136,100,5.643433723889757e-06,5.795686229248531e-05,0.9026269970342842,3.492781615932472e-05,131,1,1,same_source_cyclic_next_latent,False
validation,depablo_low_temp,136,125,8.723759492568206e-06,9.172131103696302e-05,0.904888412584371,5.4715146688977256e-05,131,1,1,same_source_cyclic_next_latent,False
validation,depablo_low_temp,136,149,1.2788967978849541e-05,0.0001317478745477274,0.9029284683130385,7.948194252094254e-05,131,1,1,same_source_cyclic_next_latent,False
validation,depablo_low_temp,136,175,1.9051216440857388e-05,0.00018373868078924716,0.8963135233200591,0.00011382244701962918,131,1,1,same_source_cyclic_next_latent,False
validation,depablo_low_temp,136,199,2.7093208700534888e-05,0.00023986533051356673,0.8870482506057602,0.00015352586342487484,131,1,1,same_source_cyclic_next_latent,False
validation,depablo_low_temp,131,0,4.205571713100653e-06,0.0,,1.1845502712048983e-07,124,1,1,same_source_cyclic_next_latent,False
validation,depablo_low_temp,131,5,3.7487868667085422e-06,1.0976804531992457e-07,-33.151895989242696,5.780090361895418e-08,124,1,1,same_source_cyclic_next_latent,False
validation,depablo_low_temp,131,10,3.350256974954391e-06,4.4147617472845013e-07,-6.588760541868693,1.526109230098882e-07,124,1,1,same_source_cyclic_next_latent,False
validation,depablo_low_temp,131,25,2.475122073519742e-06,2.7713413146557286e-06,0.10688659659836397,1.3642257954415982e-06,124,1,1,same_source_cyclic_next_latent,False
validation,depablo_low_temp,131,50,1.7132218772530905e-06,1.1105170415248722e-05,0.8457275473323099,5.923437129240483e-06,124,1,1,same_source_cyclic_next_latent,False
validation,depablo_low_temp,131,75,1.4006295714352746e-06,2.5009072487591766e-05,0.9439951412780223,1.2614702427526936e-05,124,1,1,same_source_cyclic_next_latent,False
validation,depablo_low_temp,131,100,1.3012241879550857e-06,4.449032712727785e-05,0.9707526495763327,2.0527586457319558e-05,124,1,1,same_source_cyclic_next_latent,False
validation,depablo_low_temp,131,125,1.3129712215231848e-06,6.955634307814762e-05,0.981123630665171,2.9555340006481856e-05,124,1,1,same_source_cyclic_next_latent,False
validation,depablo_low_temp,131,149,1.4341499081638176e-06,9.887514170259237e-05,0.9854953440928802,3.99976888729725e-05,124,1,1,same_source_cyclic_next_latent,False
validation,depablo_low_temp,131,175,1.8446643252900685e-06,0.00013646083243656904,0.9864820967866548,5.450539174489677e-05,124,1,1,same_source_cyclic_next_latent,False
validation,depablo_low_temp,131,199,2.7829687496705446e-06,0.00017653404211159796,0.9842355122197267,7.177790394052863e-05,124,1,1,same_source_cyclic_next_latent,False
validation,depablo_low_temp,124,0,6.158576866255316e-07,0.0,,9.603586477169301e-06,105,1,1,same_source_cyclic_next_latent,False
validation,depablo_low_temp,124,5,3.9376271843138966e-07,9.75659233404258e-08,-3.0358631881899765,8.788245395408012e-06,105,1,1,same_source_cyclic_next_latent,False
validation,depablo_low_temp,124,10,2.4294362788168655e-07,3.8968275362094573e-07,0.37656048253548335,7.965732038428541e-06,105,1,1,same_source_cyclic_next_latent,False
validation,depablo_low_temp,124,25,2.4645211738061334e-07,2.429540245429962e-06,0.8985601832098904,6.619237865379546e-06,105,1,1,same_source_cyclic_next_latent,False
validation,depablo_low_temp,124,50,1.1221633258173824e-06,9.734014383866452e-06,0.8847173137860469,7.818582162144594e-06,105,1,1,same_source_cyclic_next_latent,False
validation,depablo_low_temp,124,75,2.0466097794269444e-06,2.1937737983535044e-05,0.9067082585741981,1.2750666428473778e-05,105,1,1,same_source_cyclic_next_latent,False
validation,depablo_low_temp,124,100,2.495173248462379e-06,3.905228732037358e-05,0.9361068603231174,2.0554736693156883e-05,105,1,1,same_source_cyclic_next_latent,False
validation,depablo_low_temp,124,125,2.8757649488397874e-06,6.109093374107033e-05,0.9529264856054007,2.9685119443456642e-05,105,1,1,same_source_cyclic_next_latent,False
validation,depablo_low_temp,124,149,3.823754013865255e-06,8.68887800606899e-05,0.9559925457441749,3.879722498822957e-05,105,1,1,same_source_cyclic_next_latent,False
validation,depablo_low_temp,124,175,5.783126653113868e-06,0.00011998012632830068,0.9517992951825243,4.999608063371852e-05,105,1,1,same_source_cyclic_next_latent,False
validation,depablo_low_temp,124,199,8.418202924076468e-06,0.00015528261428698897,0.9457878593638424,6.36032345937565e-05,105,1,1,same_source_cyclic_next_latent,False
validation,depablo_low_temp,105,0,5.967251127003692e-06,0.0,,5.96757308812812e-06,96,1,1,same_source_cyclic_next_latent,False
validation,depablo_low_temp,105,5,5.190860520087881e-06,1.102623485849108e-07,-46.07736218851265,5.565217179537285e-06,96,1,1,same_source_cyclic_next_latent,False
validation,depablo_low_temp,105,10,4.404784249345539e-06,4.893034883934888e-07,-8.002151739828376,5.306598723109346e-06,96,1,1,same_source_cyclic_next_latent,False
validation,depablo_low_temp,105,25,2.8603010377992177e-06,3.356824890943244e-06,0.14791473171080627,5.63931598662748e-06,96,1,1,same_source_cyclic_next_latent,False
validation,depablo_low_temp,105,50,2.398554215687909e-06,1.4006071069161408e-05,0.8287489615150497,9.759621207194868e-06,96,1,1,same_source_cyclic_next_latent,False
validation,depablo_low_temp,105,75,3.646832965387148e-06,3.212118099327199e-05,0.8864664108660574,1.8175960576627403e-05,96,1,1,same_source_cyclic_next_latent,False
validation,depablo_low_temp,105,100,6.209176717675291e-06,5.7851128076436e-05,0.892669738272495,3.081906834268011e-05,96,1,1,same_source_cyclic_next_latent,False
validation,depablo_low_temp,105,125,9.927723112923559e-06,9.133149433182552e-05,0.8913001130053324,4.7938705392880365e-05,96,1,1,same_source_cyclic_next_latent,False
validation,depablo_low_temp,105,149,1.4851661035208963e-05,0.00013090895663481206,0.8865496951699061,6.917526479810476e-05,96,1,1,same_source_cyclic_next_latent,False
validation,depablo_low_temp,105,175,2.3319256797549315e-05,0.00018214789452031255,0.8719762484273523,9.841033170232549e-05,96,1,1,same_source_cyclic_next_latent,False
validation,depablo_low_temp,105,199,3.735367863555439e-05,0.00023727492953184992,0.8425721642431662,0.0001321160380030051,96,1,1,same_source_cyclic_next_latent,False
validation,depablo_low_temp,96,0,3.870375167025486e-06,0.0,,7.587690902255417e-07,152,1,1,same_source_cyclic_next_latent,False
validation,depablo_low_temp,96,5,3.397597311050049e-06,1.028129190672189e-07,-32.04640449736386,4.151004588948126e-07,152,1,1,same_source_cyclic_next_latent,False
validation,depablo_low_temp,96,10,2.9865109354432207e-06,4.112499141228909e-07,-6.262034186226681,2.137221599696204e-07,152,1,1,same_source_cyclic_next_latent,False
validation,depablo_low_temp,96,25,2.1055077468190575e-06,2.5721096790221054e-06,0.18140825642413738,6.25334848791681e-07,152,1,1,same_source_cyclic_next_latent,False
validation,depablo_low_temp,96,50,1.4130953331914498e-06,1.0294354979123455e-05,0.8627310466700292,3.838224074570462e-06,152,1,1,same_source_cyclic_next_latent,False
validation,depablo_low_temp,96,75,1.2193185057185474e-06,2.3167545805335976e-05,0.9473695437590238,8.895763130567502e-06,152,1,1,same_source_cyclic_next_latent,False
validation,depablo_low_temp,96,100,1.2465534382499754e-06,4.1188621253240854e-05,0.9697354900377518,1.5232239093165845e-05,152,1,1,same_source_cyclic_next_latent,False
validation,depablo_low_temp,96,125,1.4156912584439851e-06,6.43616949673742e-05,0.9780041333721615,2.3273514671018347e-05,152,1,1,same_source_cyclic_next_latent,False
validation,depablo_low_temp,96,149,1.75917398337333e-06,9.145318472292274e-05,0.980764212982816,3.310322426841594e-05,152,1,1,same_source_cyclic_next_latent,False
validation,depablo_low_temp,96,175,2.5074837139982264e-06,0.0001261606375919655,0.9801246746857126,4.628084570867941e-05,152,1,1,same_source_cyclic_next_latent,False
validation,depablo_low_temp,96,199,3.812476506936946e-06,0.00016314847744069993,0.9766318597222418,6.0775888414354995e-05,152,1,1,same_source_cyclic_next_latent,False
validation,depablo_low_temp,152,0,1.9253288883192e-06,0.0,,8.975820264822687e-07,70,1,1,same_source_cyclic_next_latent,False
validation,depablo_low_temp,152,5,1.4459287740464788e-06,1.051594082923657e-07,-12.749875522563677,7.853980150684947e-07,70,1,1,same_source_cyclic_next_latent,False
validation,depablo_low_temp,152,10,1.0144351563212695e-06,4.5047485741633864e-07,-1.2519240299879968,8.449363235740748e-07,70,1,1,same_source_cyclic_next_latent,False
validation,depablo_low_temp,152,25,3.929209810848988e-07,3.0113294542388758e-06,0.8695190987715388,1.9972760583186755e-06,70,1,1,same_source_cyclic_next_latent,False
validation,depablo_low_temp,152,50,7.617793471581535e-07,1.2442545994417742e-05,0.9387762482453414,6.987345386733068e-06,70,1,1,same_source_cyclic_next_latent,False
validation,depablo_low_temp,152,75,1.665321406107978e-06,2.840685374394525e-05,0.9413760699752632,1.555600101710297e-05,70,1,1,same_source_cyclic_next_latent,False
validation,depablo_low_temp,152,100,2.7123057861899724e-06,5.09941964992322e-05,0.946811481062736,2.7636084269033745e-05,70,1,1,same_source_cyclic_next_latent,False
validation,depablo_low_temp,152,125,4.100465957890265e-06,8.029223681660369e-05,0.9489307295391934,4.3501699110493064e-05,70,1,1,same_source_cyclic_next_latent,False
validation,depablo_low_temp,152,149,5.788690032204613e-06,0.00011480825196485966,0.9495794950873705,6.271242455113679e-05,70,1,1,same_source_cyclic_next_latent,False
validation,depablo_low_temp,152,175,8.086702109721955e-06,0.00015935282863210887,0.9492528486683385,8.833179890643805e-05,70,1,1,same_source_cyclic_next_latent,False
validation,depablo_low_temp,152,199,1.1000747690559365e-05,0.00020716806466225535,0.9468994040732397,0.00011687516234815121,70,1,1,same_source_cyclic_next_latent,False
validation,depablo_low_temp,70,0,6.271393999668362e-07,0.0,,7.351390650001122e-06,169,1,1,same_source_cyclic_next_latent,False
validation,depablo_low_temp,70,5,4.4805895527133544e-07,1.0842899200724787e-07,-3.132280001656616,6.556753760378342e-06,169,1,1,same_source_cyclic_next_latent,False
validation,depablo_low_temp,70,10,3.2347264777854434e-07,4.3581886188803765e-07,0.25778189962405795,5.858782515133498e-06,169,1,1,same_source_cyclic_next_latent,False
validation,depablo_low_temp,70,25,1.774972986368084e-07,2.733828068812727e-06,0.9350737156218117,5.355596840672661e-06,169,1,1,same_source_cyclic_next_latent,False
validation,depablo_low_temp,70,50,2.3163214279975364e-07,1.095371408155188e-05,0.9788535522220846,9.343440979137085e-06,169,1,1,same_source_cyclic_next_latent,False
validation,depablo_low_temp,70,75,3.103487529187987e-07,2.4661450879648328e-05,0.9874156328257673,1.8488650312065147e-05,169,1,1,same_source_cyclic_next_latent,False
validation,depablo_low_temp,70,100,4.967432118974102e-07,4.38588103861548e-05,0.988674038180155,3.17062804242596e-05,169,1,1,same_source_cyclic_next_latent,False
validation,depablo_low_temp,70,125,9.538954373056185e-07,6.854946695966646e-05,0.9860845681284892,4.7763016482349485e-05,169,1,1,same_source_cyclic_next_latent,False
validation,depablo_low_temp,70,149,1.6548677876926376e-06,9.742454858496785e-05,0.9830138521375917,6.492364627774805e-05,169,1,1,same_source_cyclic_next_latent,False
validation,depablo_low_temp,70,175,2.611684521980351e-06,0.0001344185438938439,0.9805705042896246,8.498464012518525e-05,169,1,1,same_source_cyclic_next_latent,False
validation,depablo_low_temp,70,199,3.6797907796426443e-06,0.00017384615784976631,0.9788330623744781,0.00010469316475791857,169,1,1,same_source_cyclic_next_latent,False
validation,depablo_low_temp,169,0,5.104731826577336e-06,0.0,,6.144267672425485e-07,168,1,1,same_source_cyclic_next_latent,False
validation,depablo_low_temp,169,5,4.378224275569664e-06,1.0561949181919772e-07,-40.452805728931416,3.5729695468944556e-07,168,1,1,same_source_cyclic_next_latent,False
validation,depablo_low_temp,169,10,3.6568085306498688e-06,4.714396197869064e-07,-6.756684795187067,1.9481930735310016e-07,168,1,1,same_source_cyclic_next_latent,False
validation,depablo_low_temp,169,25,2.257063215438393e-06,3.285299726485391e-06,0.31298103572029456,5.135672154210624e-07,168,1,1,same_source_cyclic_next_latent,False
validation,depablo_low_temp,169,50,1.981852165044984e-06,1.3894406947656535e-05,0.8573633137052137,2.925505896200775e-06,168,1,1,same_source_cyclic_next_latent,False
validation,depablo_low_temp,169,75,3.3281241940130712e-06,3.2073730835691094e-05,0.8962352022263156,6.064833087293664e-06,168,1,1,same_source_cyclic_next_latent,False
validation,depablo_low_temp,169,100,5.630127816402819e-06,5.797980338684283e-05,0.902895017100378,8.956792953540571e-06,168,1,1,same_source_cyclic_next_latent,False
validation,depablo_low_temp,169,125,8.77655838849023e-06,9.178016625810415e-05,0.9043741284602951,1.1983914191660006e-05,168,1,1,same_source_cyclic_next_latent,False
validation,depablo_low_temp,169,149,1.2965489077032544e-05,0.00013181191752664745,0.9016364428928711,1.5856932805036195e-05,168,1,1,same_source_cyclic_next_latent,False
validation,depablo_low_temp,169,175,1.9520846763043664e-05,0.00018371574697084725,0.8937442920113903,2.192787178501021e-05,168,1,1,same_source_cyclic_next_latent,False
validation,depablo_low_temp,169,199,2.807626333378721e-05,0.00023968475579749793,0.8828617062425616,2.9843295124010183e-05,168,1,1,same_source_cyclic_next_latent,False
validation,depablo_low_temp,168,0,1.2487240610425943e-06,0.0,,3.4501897516747704e-06,126,1,1,same_source_cyclic_next_latent,False
validation,depablo_low_temp,168,5,8.901229762159346e-07,1.0086985469115461e-07,-7.824469698517277,3.188054733982426e-06,126,1,1,same_source_cyclic_next_latent,False
validation,depablo_low_temp,168,10,5.725881919715903e-07,4.353984195404337e-07,-0.3150901938871562,3.0491387406073045e-06,126,1,1,same_source_cyclic_next_latent,False
validation,depablo_low_temp,168,25,2.64261984739278e-07,2.9493130568880588e-06,0.9103988014693457,3.5031771403737366e-06,126,1,1,same_source_cyclic_next_latent,False
validation,depablo_low_temp,168,50,1.093095306714531e-06,1.232679915119661e-05,0.9113236702158467,7.076720066834241e-06,126,1,1,same_source_cyclic_next_latent,False
validation,depablo_low_temp,168,75,2.319090981472982e-06,2.83126955764601e-05,0.9180900675737448,1.3928026419307571e-05,126,1,1,same_source_cyclic_next_latent,False
validation,depablo_low_temp,168,100,3.7145757687540026e-06,5.1012531912419945e-05,0.9271830738546498,2.380408113822341e-05,126,1,1,same_source_cyclic_next_latent,False
validation,depablo_low_temp,168,125,5.756490736530395e-06,8.052563498495147e-05,0.9285135629466795,3.656825720099732e-05,126,1,1,same_source_cyclic_next_latent,False
validation,depablo_low_temp,168,149,8.204286132240668e-06,0.00011536414240254089,0.9288835684868753,5.1591072406154126e-05,126,1,1,same_source_cyclic_next_latent,False
validation,depablo_low_temp,168,175,1.1110972991446033e-05,0.00016040148329921067,0.9307302353886605,7.112091407179832e-05,126,1,1,same_source_cyclic_next_latent,False
validation,depablo_low_temp,168,199,1.4297937013907358e-05,0.00020880624651908875,0.9315253386703627,9.254289761884138e-05,126,1,1,same_source_cyclic_next_latent,False
validation,depablo_low_temp,126,0,1.840479058046185e-06,0.0,,1.0091267540701665e-05,196,1,1,same_source_cyclic_next_latent,False
validation,depablo_low_temp,126,5,1.4995184756116942e-06,9.771910924882832e-08,-14.345191817020925,9.658769158704672e-06,196,1,1,same_source_cyclic_next_latent,False
validation,depablo_low_temp,126,10,1.2110615443816641e-06,3.9022279452183284e-07,-2.103513073513971,9.262646926799789e-06,196,1,1,same_source_cyclic_next_latent,False
validation,depablo_low_temp,126,25,6.433554631257721e-07,2.4379485239478527e-06,0.736107855926357,8.431549758824985e-06,196,1,1,same_source_cyclic_next_latent,False
validation,depablo_low_temp,126,50,3.3827654988272116e-07,9.75643615674926e-06,0.9653278569707331,7.879827535361983e-06,196,1,1,same_source_cyclic_next_latent,False
validation,depablo_low_temp,126,75,4.1510170945002756e-07,2.196334935433697e-05,0.9811002546673029,7.810584975231905e-06,196,1,1,same_source_cyclic_next_latent,False
validation,depablo_low_temp,126,100,6.612276024497987e-07,3.906751953763887e-05,0.9830747482749,7.809045200701803e-06,196,1,1,same_source_cyclic_next_latent,False
validation,depablo_low_temp,126,125,1.0265315495416871e-06,6.107550143497065e-05,0.9831924171652577,7.759879736113362e-06,196,1,1,same_source_cyclic_next_latent,False
validation,depablo_low_temp,126,149,1.5183732102741487e-06,8.682875341037288e-05,0.982513013827367,7.752577403152827e-06,196,1,1,same_source_cyclic_next_latent,False
validation,depablo_low_temp,126,175,2.3115924250305397e-06,0.00011984851153101772,0.9807123810258396,7.999457011464983e-06,196,1,1,same_source_cyclic_next_latent,False
validation,depablo_low_temp,126,199,3.4316533401579363e-06,0.00015506899217143655,0.9778701512655472,8.647503818792757e-06,196,1,1,same_source_cyclic_next_latent,False
validation,depablo_low_temp,196,0,6.076551926526008e-06,0.0,,4.863472327087948e-07,138,1,1,same_source_cyclic_next_latent,False
validation,depablo_low_temp,196,5,5.492066065926338e-06,1.034447478787115e-07,-52.09178260423391,2.1490807000645873e-07,138,1,1,same_source_cyclic_next_latent,False
validation,depablo_low_temp,196,10,4.954851647198666e-06,4.144339982303791e-07,-10.955707466944643,7.39894403523067e-08,138,1,1,same_source_cyclic_next_latent,False
validation,depablo_low_temp,196,25,3.7016077385487733e-06,2.5973602078011027e-06,-0.42514223765771586,4.984904649063537e-07,138,1,1,same_source_cyclic_next_latent,False
validation,depablo_low_temp,196,50,2.461482154103578e-06,1.0403631677036174e-05,0.7634016437224722,3.2408775041403715e-06,138,1,1,same_source_cyclic_next_latent,False
validation,depablo_low_temp,196,75,1.8323900121686165e-06,2.342555126233492e-05,0.9217781476453513,7.11039228917798e-06,138,1,1,same_source_cyclic_next_latent,False
validation,depablo_low_temp,196,100,1.5804190525159356e-06,4.167108636465855e-05,0.9620739656584452,1.1190107215952594e-05,138,1,1,same_source_cyclic_next_latent,False
validation,depablo_low_temp,196,125,1.7071654383471468e-06,6.514642882393673e-05,0.9737949497897898,1.5834613805054687e-05,138,1,1,same_source_cyclic_next_latent,False
validation,depablo_low_temp,196,149,2.295048034284264e-06,9.261621016776189e-05,0.9752198019101938,2.172377207898535e-05,138,1,1,same_source_cyclic_next_latent,False
validation,depablo_low_temp,196,175,3.5987609408039134e-06,0.0001278405252378434,0.9718496076724612,3.0310246074805036e-05,138,1,1,same_source_cyclic_next_latent,False
validation,depablo_low_temp,196,199,5.542256076296326e-06,0.00016540929209440947,0.9664936836007193,4.047502079629339e-05,138,1,1,same_source_cyclic_next_latent,False
validation,depablo_low_temp,138,0,1.7145821402664296e-06,0.0,,1.2656539638555842e-06,78,1,1,same_source_cyclic_next_latent,False
validation,depablo_low_temp,138,5,1.2722756537186797e-06,1.0271765660263554e-07,-11.386143685505726,1.1252503782088752e-06,78,1,1,same_source_cyclic_next_latent,False
validation,depablo_low_temp,138,10,8.842452530188893e-07,4.321907454141183e-07,-1.0459606375227208,1.1597768434512545e-06,78,1,1,same_source_cyclic_next_latent,False
validation,depablo_low_temp,138,25,3.213532124846097e-07,2.8179315449960995e-06,0.8859613133416077,2.2584097223443678e-06,78,1,1,same_source_cyclic_next_latent,False
validation,depablo_low_temp,138,50,5.908938192078494e-07,1.1502431334520224e-05,0.9486287896860115,7.306715360755334e-06,78,1,1,same_source_cyclic_next_latent,False
validation,depablo_low_temp,138,75,1.335254069090297e-06,2.6160945708397776e-05,0.948960022929841,1.6252899513347074e-05,78,1,1,same_source_cyclic_next_latent,False
validation,depablo_low_temp,138,100,2.4529128950234735e-06,4.6891502279322594e-05,0.9476896073746582,2.9161794373067096e-05,78,1,1,same_source_cyclic_next_latent,False
validation,depablo_low_temp,138,125,4.322280801716261e-06,7.379020098596811e-05,0.9414247319567787,4.653766882256605e-05,78,1,1,same_source_cyclic_next_latent,False
validation,depablo_low_temp,138,149,6.532074621645734e-06,0.00010551540617598221,0.938093640934753,6.81034944136627e-05,78,1,1,same_source_cyclic_next_latent,False
validation,depablo_low_temp,138,175,8.932180207921192e-06,0.0001465022942284122,0.9390304414346236,9.763882553670555e-05,78,1,1,same_source_cyclic_next_latent,False
validation,depablo_low_temp,138,199,1.138816060120007e-05,0.0001905527024064213,0.9402361632378702,0.00013139615475665778,78,1,1,same_source_cyclic_next_latent,False
validation,depablo_low_temp,78,0,8.622732252661081e-07,0.0,,1.081820300896652e-05,161,1,1,same_source_cyclic_next_latent,False
validation,depablo_low_temp,78,5,6.404711712093558e-07,1.066432204765988e-07,-5.005737339392309,1.0292385013599414e-05,161,1,1,same_source_cyclic_next_latent,False
validation,depablo_low_temp,78,10,4.7094701471905864e-07,4.2946098233187513e-07,-0.09660023632862713,9.829269401961938e-06,161,1,1,same_source_cyclic_next_latent,False
validation,depablo_low_temp,78,25,2.108403407419246e-07,2.696686124181724e-06,0.9218150236873038,8.829286343825515e-06,161,1,1,same_source_cyclic_next_latent,False
validation,depablo_low_temp,78,50,1.9063469380853348e-07,1.080872243619524e-05,0.9823628837789234,8.116920980683062e-06,161,1,1,same_source_cyclic_next_latent,False
validation,depablo_low_temp,78,75,3.018314771452424e-07,2.434396810713224e-05,0.9876013854513385,8.102912033791654e-06,161,1,1,same_source_cyclic_next_latent,False
validation,depablo_low_temp,78,100,4.922638368043408e-07,4.330917363404296e-05,0.9886337282497258,8.431574315181933e-06,161,1,1,same_source_cyclic_next_latent,False
validation,depablo_low_temp,78,125,8.4871783201379e-07,6.771329935872927e-05,0.9874660097787071,8.856357453623787e-06,161,1,1,same_source_cyclic_next_latent,False
validation,depablo_low_temp,78,149,1.43865906920837e-06,9.626436803955585e-05,0.9850551237336621,9.195207894663326e-06,161,1,1,same_source_cyclic_next_latent,False
validation,depablo_low_temp,78,175,2.493310603313148e-06,0.00013287020556163043,0.9812349909991172,9.512888027529698e-06,161,1,1,same_source_cyclic_next_latent,False
validation,depablo_low_temp,78,199,4.077622634213185e-06,0.00017190758080687374,0.9762801464887455,1.0027685675595421e-05,161,1,1,same_source_cyclic_next_latent,False
validation,lj_noisy,15,0,4.0577623394710827e-07,0.0,,1.0123984566234867e-06,79,1,1,same_source_cyclic_next_latent,False
validation,lj_noisy,15,5,2.3489003808663256e-07,9.055690952664008e-08,-1.5938389385685965,7.966403359205287e-07,79,1,1,same_source_cyclic_next_latent,False
validation,lj_noisy,15,10,1.3600779880107439e-07,3.651525162240432e-07,0.6275315306395826,6.505051146632468e-07,79,1,1,same_source_cyclic_next_latent,False
validation,lj_noisy,15,25,2.5989635332734906e-07,2.382581669735373e-06,0.8909181764349697,6.073910299164709e-07,79,1,1,same_source_cyclic_next_latent,False
validation,lj_noisy,15,50,1.5204361716314452e-06,1.0002500857808627e-05,0.8479943972767081,1.8456815951140015e-06,79,1,1,same_source_cyclic_next_latent,False
validation,lj_noisy,15,75,3.808037718044943e-06,2.3497006623074412e-05,0.8379351983369068,5.3580647545459215e-06,79,1,1,same_source_cyclic_next_latent,False
validation,lj_noisy,15,100,8.112823707051575e-06,4.446260936674662e-05,0.8175360415729644,1.1402335985621903e-05,79,1,1,same_source_cyclic_next_latent,False
validation,lj_noisy,15,125,1.4817168448644225e-05,7.343651668634266e-05,0.7982316003367866,1.853551839303691e-05,79,1,1,same_source_cyclic_next_latent,False
validation,lj_noisy,15,149,2.1228139303275384e-05,0.00010652769560692832,0.8007265699090673,2.4241551727754995e-05,79,1,1,same_source_cyclic_next_latent,False
validation,lj_noisy,15,175,2.894742829084862e-05,0.00015080551384016871,0.8080479449741569,3.0475222956738435e-05,79,1,1,same_source_cyclic_next_latent,False
validation,lj_noisy,15,199,3.9203816413646564e-05,0.00020307757949922234,0.8069515280302192,3.9174232369987294e-05,79,1,1,same_source_cyclic_next_latent,False
validation,lj_noisy,79,0,8.675218055032019e-07,0.0,,3.7285294638422783e-06,75,1,1,same_source_cyclic_next_latent,False
validation,lj_noisy,79,5,6.291832050919766e-07,1.0333684485885897e-07,-5.08866281868134,3.362881670909701e-06,75,1,1,same_source_cyclic_next_latent,False
validation,lj_noisy,79,10,4.4163385837237e-07,4.55465340110095e-07,0.0303678030349831,2.9898621960455785e-06,75,1,1,same_source_cyclic_next_latent,False
validation,lj_noisy,79,25,4.2306376712986093e-07,3.182375849064556e-06,0.8670604016636757,2.3998281903914176e-06,75,1,1,same_source_cyclic_next_latent,False
validation,lj_noisy,79,50,1.6536312159587396e-06,1.3238345673016738e-05,0.8750877748018562,3.152234057779424e-06,75,1,1,same_source_cyclic_next_latent,False
validation,lj_noisy,79,75,4.087963134224992e-06,3.0100934964139014e-05,0.8641914897628522,5.4412707868323196e-06,75,1,1,same_source_cyclic_next_latent,False
validation,lj_noisy,79,100,7.568547061964637e-06,5.402554961619899e-05,0.8599080043473488,8.45457998366328e-06,75,1,1,same_source_cyclic_next_latent,False
validation,lj_noisy,79,125,1.187937959912233e-05,8.518932736478746e-05,0.8605531940843495,1.2366213013592642e-05,75,1,1,same_source_cyclic_next_latent,False
validation,lj_noisy,79,149,1.7144318917416967e-05,0.0001221718266606331,0.8596704380541008,1.7525662769912742e-05,75,1,1,same_source_cyclic_next_latent,False
validation,lj_noisy,79,175,2.5109797206823714e-05,0.00017011869931593537,0.8523983706212617,2.5541277864249423e-05,75,1,1,same_source_cyclic_next_latent,False
validation,lj_noisy,79,199,3.5447359550744295e-05,0.00022137924679555,0.8398794825448073,3.58185097866226e-05,75,1,1,same_source_cyclic_next_latent,False
validation,lj_noisy,75,0,2.1282880879880395e-06,0.0,,4.654010012927756e-07,181,1,1,same_source_cyclic_next_latent,False
validation,lj_noisy,75,5,1.7962643141800072e-06,9.145860246917437e-08,-18.64018983108154,2.7351399012331967e-07,181,1,1,same_source_cyclic_next_latent,False
validation,lj_noisy,75,10,1.5063923228808562e-06,3.9008332919365785e-07,-2.8617193049360075,1.5957755294948583e-07,181,1,1,same_source_cyclic_next_latent,False
validation,lj_noisy,75,25,1.15570389880304e-06,2.6733314371085726e-06,0.567691501786614,4.1820740648290666e-07,181,1,1,same_source_cyclic_next_latent,False
validation,lj_noisy,75,50,2.2669287318421993e-06,1.1298255230940413e-05,0.7993558575633708,2.432420160403126e-06,181,1,1,same_source_cyclic_next_latent,False
validation,lj_noisy,75,75,5.099963800603291e-06,2.6090825485880487e-05,0.8045303778003028,5.707379841624061e-06,181,1,1,same_source_cyclic_next_latent,False
validation,lj_noisy,75,100,9.227046575688291e-06,4.721252480521798e-05,0.804563585324958,9.9297449196456e-06,181,1,1,same_source_cyclic_next_latent,False
validation,lj_noisy,75,125,1.4899550478730816e-05,7.473392179235816e-05,0.8006320273124706,1.5525039998465218e-05,181,1,1,same_source_cyclic_next_latent,False
validation,lj_noisy,75,149,2.2138508938951418e-05,0.00010709988418966532,0.7932910095425884,2.2512040231958963e-05,181,1,1,same_source_cyclic_next_latent,False
validation,lj_noisy,75,175,3.265296254539862e-05,0.00014858660870231688,0.7802428978588737,3.245917832828127e-05,181,1,1,same_source_cyclic_next_latent,False
validation,lj_noisy,75,199,4.4922333472641185e-05,0.00019195048662368208,0.7659691607830555,4.426318992045708e-05,181,1,1,same_source_cyclic_next_latent,False
validation,lj_noisy,181,0,8.990924698082381e-07,0.0,,9.127266480390972e-07,31,1,1,same_source_cyclic_next_latent,False
validation,lj_noisy,181,5,6.562792691511277e-07,8.917994165358323e-08,-6.359045733629481,6.728763537466875e-07,31,1,1,same_source_cyclic_next_latent,False
validation,lj_noisy,181,10,4.774967692355858e-07,3.5931097386310284e-07,-0.32892342279952635,5.088239731776412e-07,31,1,1,same_source_cyclic_next_latent,False
validation,lj_noisy,181,25,3.380821738119266e-07,2.322475211258279e-06,0.8544302336692071,4.067238705829368e-07,31,1,1,same_source_cyclic_next_latent,False
validation,lj_noisy,181,50,1.2069471040376811e-06,9.647412298363633e-06,0.8748942134211057,1.3546372201744816e-06,31,1,1,same_source_cyclic_next_latent,False
validation,lj_noisy,181,75,3.3280705338256666e-06,2.220537317043636e-05,0.8501231882805478,3.795081966018188e-06,31,1,1,same_source_cyclic_next_latent,False
validation,lj_noisy,181,100,7.020983957772842e-06,4.0102699131239206e-05,0.8249249025658816,7.750804797979072e-06,31,1,1,same_source_cyclic_next_latent,False
validation,lj_noisy,181,125,1.2273288120923098e-05,6.356189987855032e-05,0.8069080983360465,1.2781293662555981e-05,31,1,1,same_source_cyclic_next_latent,False
validation,lj_noisy,181,149,1.8209968402516097e-05,9.170166595140472e-05,0.8014216185323605,1.8155205907532945e-05,31,1,1,same_source_cyclic_next_latent,False
validation,lj_noisy,181,175,2.5155482944683172e-05,0.0001289811043534428,0.8049676883231639,2.4590903194621205e-05,31,1,1,same_source_cyclic_next_latent,False
validation,lj_noisy,181,199,3.2244202884612605e-05,0.00016955948376562446,0.8098354502589633,3.157717947033234e-05,31,1,1,same_source_cyclic_next_latent,False
validation,lj_noisy,31,0,8.056484830376576e-07,0.0,,2.770520666217635e-07,142,1,1,same_source_cyclic_next_latent,False
validation,lj_noisy,31,5,5.47853460375336e-07,1.0181967979860929e-07,-4.380624467283179,1.3384361352564156e-07,142,1,1,same_source_cyclic_next_latent,False
validation,lj_noisy,31,10,3.5584744750849495e-07,4.3096116542074014e-07,0.1742934722178805,7.152617342853773e-08,142,1,1,same_source_cyclic_next_latent,False
validation,lj_noisy,31,25,2.1807493055803207e-07,2.8248798571439693e-06,0.9228020512070514,4.429540751971217e-07,142,1,1,same_source_cyclic_next_latent,False
validation,lj_noisy,31,50,8.857859938871115e-07,1.1657663890218828e-05,0.9240168525848206,2.561447445259546e-06,142,1,1,same_source_cyclic_next_latent,False
validation,lj_noisy,31,75,2.276761051689391e-06,2.6905094273388386e-05,0.9153780682366418,6.147177373350132e-06,142,1,1,same_source_cyclic_next_latent,False
validation,lj_noisy,31,100,4.5879583012720104e-06,4.89304875372909e-05,0.906235181127606,1.113618509407388e-05,142,1,1,same_source_cyclic_next_latent,False
validation,lj_noisy,31,125,8.38316191220656e-06,7.90988706285134e-05,0.8940166674240149,1.83600714080967e-05,142,1,1,same_source_cyclic_next_latent,False
validation,lj_noisy,31,149,1.5261663065757602e-05,0.00011739749606931582,0.8700000973040638,2.9551394618465565e-05,142,1,1,same_source_cyclic_next_latent,False
validation,lj_noisy,31,175,3.088459561695345e-05,0.00017393942107446492,0.8224405058601897,5.128132033860311e-05,142,1,1,same_source_cyclic_next_latent,False
validation,lj_noisy,31,199,5.425627387012355e-05,0.00024001374549698085,0.7739451390261894,8.097838144749403e-05,142,1,1,same_source_cyclic_next_latent,False
validation,lj_noisy,142,0,4.310760175485484e-07,0.0,,6.114360644460248e-07,157,1,1,same_source_cyclic_next_latent,False
validation,lj_noisy,142,5,2.6042152967420407e-07,9.436170955723355e-08,-1.7598220813946748,4.21330156541444e-07,157,1,1,same_source_cyclic_next_latent,False
validation,lj_noisy,142,10,1.5693946409101045e-07,3.835527593309962e-07,0.5908269194445406,2.917000188062957e-07,157,1,1,same_source_cyclic_next_latent,False
validation,lj_noisy,142,25,2.925170292655821e-07,2.477869657013798e-06,0.8819481773637324,3.0151193186611636e-07,157,1,1,same_source_cyclic_next_latent,False
validation,lj_noisy,142,50,1.8277254412168986e-06,1.0261092029395513e-05,0.8218780773059131,1.4455996506512747e-06,157,1,1,same_source_cyclic_next_latent,False
validation,lj_noisy,142,75,4.719802291219821e-06,2.3520789909525774e-05,0.7993348731324568,4.003434696642216e-06,157,1,1,same_source_cyclic_next_latent,False
validation,lj_noisy,142,100,9.006821528600994e-06,4.234289735904895e-05,0.7872884925132272,8.544983757019509e-06,157,1,1,same_source_cyclic_next_latent,False
validation,lj_noisy,142,125,1.4150236893328838e-05,6.57610289636068e-05,0.784823365504822,1.4404990906768944e-05,157,1,1,same_source_cyclic_next_latent,False
validation,lj_noisy,142,149,2.0052693798788823e-05,9.220665378961712e-05,0.7825244385883262,2.078285615425557e-05,157,1,1,same_source_cyclic_next_latent,False
validation,lj_noisy,142,175,2.8114056476624683e-05,0.00012604442599695176,0.7769512118107897,2.837013926182408e-05,157,1,1,same_source_cyclic_next_latent,False
validation,lj_noisy,142,199,3.6895504308631644e-05,0.0001614613429410383,0.771490168255909,3.6068908229935914e-05,157,1,1,same_source_cyclic_next_latent,False
validation,lj_noisy,157,0,4.878020831711183e-07,0.0,,2.836520934579312e-06,12,1,1,same_source_cyclic_next_latent,False
validation,lj_noisy,157,5,3.189064727848745e-07,9.083687757538428e-08,-2.5107599611206184,2.5182607714668848e-06,12,1,1,same_source_cyclic_next_latent,False
validation,lj_noisy,157,10,2.121151396750065e-07,3.649991242582473e-07,0.4188612367055189,2.281046590724145e-06,12,1,1,same_source_cyclic_next_latent,False
validation,lj_noisy,157,25,2.599105926037737e-07,2.373865527260932e-06,0.8905116614150972,2.184722916354076e-06,12,1,1,same_source_cyclic_next_latent,False
validation,lj_noisy,157,50,1.204493969453324e-06,9.819269507715944e-06,0.8773336480369709,4.209247890685219e-06,12,1,1,same_source_cyclic_next_latent,False
validation,lj_noisy,157,75,2.987982270497014e-06,2.2813499526819214e-05,0.8690256938886388,8.917397281038575e-06,12,1,1,same_source_cyclic_next_latent,False
validation,lj_noisy,157,100,6.114082225394668e-06,4.15882641391363e-05,0.8529853949917313,1.3891607522964478e-05,12,1,1,same_source_cyclic_next_latent,False
validation,lj_noisy,157,125,1.0748069144028705e-05,6.644261884503067e-05,0.8382353174684871,1.8552789697423577e-05,12,1,1,same_source_cyclic_next_latent,False
validation,lj_noisy,157,149,1.6673715435899794e-05,9.61377882049419e-05,0.8265643952578192,2.33871687669307e-05,12,1,1,same_source_cyclic_next_latent,False
validation,lj_noisy,157,175,2.4166829462046735e-05,0.00013357444549910724,0.8190759514535416,2.9197737603681162e-05,12,1,1,same_source_cyclic_next_latent,False
validation,lj_noisy,157,199,3.3056650863727555e-05,0.0001735624682623893,0.8095403274989558,3.708873191499151e-05,12,1,1,same_source_cyclic_next_latent,False
validation,lj_noisy,12,0,1.420052399225824e-06,0.0,,5.871608550478413e-07,152,1,1,same_source_cyclic_next_latent,False
validation,lj_noisy,12,5,1.0608235925246845e-06,1.0223686786048347e-07,-9.376135485413412,3.588394008602336e-07,152,1,1,same_source_cyclic_next_latent,False
validation,lj_noisy,12,10,7.954584475555748e-07,4.424935866609303e-07,-0.7976722635872031,2.3037098628719832e-07,152,1,1,same_source_cyclic_next_latent,False
validation,lj_noisy,12,25,8.654188263790275e-07,3.1844713248574408e-06,0.7282378335067063,6.672708536825667e-07,152,1,1,same_source_cyclic_next_latent,False
validation,lj_noisy,12,50,3.6684564292954747e-06,1.4166832443152089e-05,0.7410531645647633,4.017050741822459e-06,152,1,1,same_source_cyclic_next_latent,False
validation,lj_noisy,12,75,9.195198799716309e-06,3.3046842872863635e-05,0.721752579055988,9.874660463538021e-06,152,1,1,same_source_cyclic_next_latent,False
validation,lj_noisy,12,100,1.5132518456084654e-05,5.7156557886628434e-05,0.7352444056183298,1.5994757632142864e-05,152,1,1,same_source_cyclic_next_latent,False
validation,lj_noisy,12,125,2.2693546270602383e-05,8.803003584034741e-05,0.7422067814244704,2.3994007278815843e-05,152,1,1,same_source_cyclic_next_latent,False
validation,lj_noisy,12,149,3.2279804145218804e-05,0.00012419970880728215,0.7400975859347091,3.428804120630957e-05,152,1,1,same_source_cyclic_next_latent,False
validation,lj_noisy,12,175,4.420778350322507e-05,0.00016892341955099255,0.738296894410901,4.7258516133297235e-05,152,1,1,same_source_cyclic_next_latent,False
validation,lj_noisy,12,199,5.5919204896781594e-05,0.00021583693160209805,0.7409192000566875,6.044415931683034e-05,152,1,1,same_source_cyclic_next_latent,False
validation,lj_noisy,152,0,1.063772742782021e-06,0.0,,1.1786000868596602e-06,29,1,1,same_source_cyclic_next_latent,False
validation,lj_noisy,152,5,8.129133561851631e-07,9.695842351220563e-08,-7.384143705501042,8.905890354071744e-07,29,1,1,same_source_cyclic_next_latent,False
validation,lj_noisy,152,10,6.121408091530611e-07,4.1400659256396466e-07,-0.47857744332533647,6.582747573702363e-07,29,1,1,same_source_cyclic_next_latent,False
validation,lj_noisy,152,25,4.629169154668489e-07,2.7664339086186374e-06,0.8326665552989853,4.554061661110609e-07,29,1,1,same_source_cyclic_next_latent,False
validation,lj_noisy,152,50,1.3320703828867408e-06,1.1517513485159725e-05,0.8843439267856635,1.332745796389645e-06,29,1,1,same_source_cyclic_next_latent,False
validation,lj_noisy,152,75,3.2270525025523966e-06,2.6382193027529866e-05,0.877680657586541,3.1827182738197735e-06,29,1,1,same_source_cyclic_next_latent,False
validation,lj_noisy,152,100,5.930558018008014e-06,4.726915722130798e-05,0.8745364130305535,5.7877468861988746e-06,29,1,1,same_source_cyclic_next_latent,False
validation,lj_noisy,152,125,8.97461359272711e-06,7.386328070424497e-05,0.8784969540053027,8.976447134045884e-06,29,1,1,same_source_cyclic_next_latent,False
validation,lj_noisy,152,149,1.2466699445212726e-05,0.0001050939827109687,0.8813757065473591,1.2961236279807054e-05,29,1,1,same_source_cyclic_next_latent,False
validation,lj_noisy,152,175,1.7720089090289548e-05,0.00014509294123854488,0.8778707707003042,1.892038380901795e-05,29,1,1,same_source_cyclic_next_latent,False
validation,lj_noisy,152,199,2.48353408096591e-05,0.00018777258810587227,0.8677371331982913,2.66598417510977e-05,29,1,1,same_source_cyclic_next_latent,False
validation,lj_noisy,29,0,1.2916876812596456e-06,0.0,,1.637396280784742e-06,95,1,1,same_source_cyclic_next_latent,False
validation,lj_noisy,29,5,1.0068199571833247e-06,9.255531097096537e-08,-9.878035486252804,1.3481337646226166e-06,95,1,1,same_source_cyclic_next_latent,False
validation,lj_noisy,29,10,7.6427642170529e-07,3.9399358797709283e-07,-0.93981944129945,1.0889361874433234e-06,95,1,1,same_source_cyclic_next_latent,False
validation,lj_noisy,29,25,4.6906274064895115e-07,2.62467051470594e-06,0.8212870003984087,6.87694694079255e-07,95,1,1,same_source_cyclic_next_latent,False
validation,lj_noisy,29,50,1.0547034889896167e-06,1.0715701137087308e-05,0.9015740103707016,1.1084071047662292e-06,95,1,1,same_source_cyclic_next_latent,False
validation,lj_noisy,29,75,2.732715302045108e-06,2.4163142370525748e-05,0.8869056325480877,2.7042965484724846e-06,95,1,1,same_source_cyclic_next_latent,False
validation,lj_noisy,29,100,5.616783710138407e-06,4.288870331947692e-05,0.8690381551454442,5.482694632519269e-06,95,1,1,same_source_cyclic_next_latent,False
validation,lj_noisy,29,125,9.542494808556512e-06,6.650677823927253e-05,0.8565184623103329,9.320824574388098e-06,95,1,1,same_source_cyclic_next_latent,False
validation,lj_noisy,29,149,1.4235632988857105e-05,9.352853521704674e-05,0.8477936925258027,1.4151793038763572e-05,95,1,1,same_source_cyclic_next_latent,False
validation,lj_noisy,29,175,2.07421398954466e-05,0.00012778700329363346,0.8376819288282035,2.104458872054238e-05,95,1,1,same_source_cyclic_next_latent,False
validation,lj_noisy,29,199,2.835074337781407e-05,0.0001640301925363019,0.8271614332736963,2.9309805540833622e-05,95,1,1,same_source_cyclic_next_latent,False
validation,lj_noisy,95,0,9.390120681018743e-07,0.0,,1.9916282667509222e-07,183,1,1,same_source_cyclic_next_latent,False
validation,lj_noisy,95,5,6.675692816315859e-07,9.315184712477276e-08,-6.166463169940222,8.314494692740482e-08,183,1,1,same_source_cyclic_next_latent,False
validation,lj_noisy,95,10,4.353983626970148e-07,4.062233927015768e-07,-0.0718200146018444,5.2900720248771904e-08,183,1,1,same_source_cyclic_next_latent,False
validation,lj_noisy,95,25,2.698154730751412e-07,2.82183304989303e-06,0.9043829070308148,6.386160293914145e-07,183,1,1,same_source_cyclic_next_latent,False
validation,lj_noisy,95,50,1.9613898984971456e-06,1.2093249097233638e-05,0.8378111719417225,3.7273418911354383e-06,183,1,1,same_source_cyclic_next_latent,False
validation,lj_noisy,95,75,6.1711439229839016e-06,2.8183430913486518e-05,0.7810364557130323,8.995119060273282e-06,183,1,1,same_source_cyclic_next_latent,False
validation,lj_noisy,95,100,1.3322646736924071e-05,5.138449341757223e-05,0.7407263193458271,1.6487685570609756e-05,183,1,1,same_source_cyclic_next_latent,False
validation,lj_noisy,95,125,2.1739893782068975e-05,8.035653445404023e-05,0.7294570512557002,2.466190926497802e-05,183,1,1,same_source_cyclic_next_latent,False
validation,lj_noisy,95,149,3.406995165278204e-05,0.00011559575068531558,0.7052664007907167,3.657331399153918e-05,183,1,1,same_source_cyclic_next_latent,False
validation,lj_noisy,95,175,5.383803727454506e-05,0.00016214206698350608,0.667957623359879,5.627796781482175e-05,183,1,1,same_source_cyclic_next_latent,False
validation,lj_noisy,95,199,7.810297393007204e-05,0.00021282926900312304,0.6330252211272409,8.10356650617905e-05,183,1,1,same_source_cyclic_next_latent,False
validation,lj_noisy,183,0,4.4356670514389407e-07,0.0,,1.4993937611507135e-06,147,1,1,same_source_cyclic_next_latent,False
validation,lj_noisy,183,5,2.732889186063403e-07,9.035466774776069e-08,-2.024624243755391,1.2862453786510741e-06,147,1,1,same_source_cyclic_next_latent,False
validation,lj_noisy,183,10,1.6324685248036985e-07,3.734352276296704e-07,0.5628509567333613,1.105832780012861e-06,147,1,1,same_source_cyclic_next_latent,False
validation,lj_noisy,183,25,2.2803158117312705e-07,2.431817392789526e-06,0.9062299735789153,9.92027025858988e-07,147,1,1,same_source_cyclic_next_latent,False
validation,lj_noisy,183,50,1.4193735751177883e-06,1.0205611033597961e-05,0.8609222347936778,2.2951544451643713e-06,147,1,1,same_source_cyclic_next_latent,False
validation,lj_noisy,183,75,3.72637578038848e-06,2.3695167328696698e-05,0.8427368868640337,6.0904530982952565e-06,147,1,1,same_source_cyclic_next_latent,False
validation,lj_noisy,183,100,7.3970923040178604e-06,4.307867129682563e-05,0.8282887544731925,1.2290950508031528e-05,147,1,1,same_source_cyclic_next_latent,False
validation,lj_noisy,183,125,1.1518854080350138e-05,6.872970698168501e-05,0.8324035619209076,1.7991776985581964e-05,147,1,1,same_source_cyclic_next_latent,False
validation,lj_noisy,183,149,1.6133204553625546e-05,9.890592627925798e-05,0.8368833379298839,2.262454290757887e-05,147,1,1,same_source_cyclic_next_latent,False
validation,lj_noisy,183,175,2.1982121324981563e-05,0.00013746204786002636,0.8400858879436648,2.776635119516868e-05,147,1,1,same_source_cyclic_next_latent,False
validation,lj_noisy,183,199,2.9079772502882406e-05,0.00017979549011215568,0.8382619470335848,3.425324757699855e-05,147,1,1,same_source_cyclic_next_latent,False
validation,lj_noisy,147,0,9.126407007897797e-07,0.0,,2.2045969672035426e-07,43,1,1,same_source_cyclic_next_latent,False
validation,lj_noisy,147,5,6.639503453698126e-07,1.0630814983869641e-07,-5.245526296687868,1.0115274307054278e-07,43,1,1,same_source_cyclic_next_latent,False
validation,lj_noisy,147,10,4.816582759303856e-07,4.434336347003409e-07,-0.08620149271237776,8.687610630886411e-08,43,1,1,same_source_cyclic_next_latent,False
validation,lj_noisy,147,25,4.4485793182502675e-07,2.912094714702107e-06,0.8472378217716955,5.637773483613273e-07,43,1,1,same_source_cyclic_next_latent,False
validation,lj_noisy,147,50,1.5717672567916452e-06,1.199792586703552e-05,0.8689967520877838,2.2242809336603386e-06,43,1,1,same_source_cyclic_next_latent,False
validation,lj_noisy,147,75,3.719944970725919e-06,2.7232879801886156e-05,0.8634024386040776,4.203319804219063e-06,43,1,1,same_source_cyclic_next_latent,False
validation,lj_noisy,147,100,7.026544608379481e-06,4.869244003202766e-05,0.8556953686494713,6.930965810170164e-06,43,1,1,same_source_cyclic_next_latent,False
validation,lj_noisy,147,125,1.1393994100217242e-05,7.65042204875499e-05,0.8510671172439241,1.1019453268090729e-05,43,1,1,same_source_cyclic_next_latent,False
validation,lj_noisy,147,149,1.6527048501302488e-05,0.00010965059482259676,0.8492753411138213,1.6279253031825647e-05,43,1,1,same_source_cyclic_next_latent,False
validation,lj_noisy,147,175,2.4134433260769583e-05,0.00015283728134818375,0.842090666309432,2.3967102606547996e-05,43,1,1,same_source_cyclic_next_latent,False
validation,lj_noisy,147,199,3.425207978580147e-05,0.00019974987662862986,0.8285251517352268,3.376674067112617e-05,43,1,1,same_source_cyclic_next_latent,False
validation,lj_noisy,43,0,3.13763109716092e-07,0.0,,6.768149773961341e-07,13,1,1,same_source_cyclic_next_latent,False
validation,lj_noisy,43,5,1.6259744484159455e-07,9.6270760252537e-08,-0.6889598089292086,4.549848426904646e-07,13,1,1,same_source_cyclic_next_latent,False
validation,lj_noisy,43,10,8.849762878071488e-08,4.102923867321806e-07,0.7843059446324021,2.958107074846339e-07,13,1,1,same_source_cyclic_next_latent,False
validation,lj_noisy,43,25,2.989599749980698e-07,2.796049102471443e-06,0.8930777092813508,2.958637992378499e-07,13,1,1,same_source_cyclic_next_latent,False
validation,lj_noisy,43,50,1.4405876527234796e-06,1.1718565474438947e-05,0.8770679179234222,1.5578078773614834e-06,13,1,1,same_source_cyclic_next_latent,False
validation,lj_noisy,43,75,3.402803031349322e-06,2.693894930416718e-05,0.8736846417828574,3.925464625353925e-06,13,1,1,same_source_cyclic_next_latent,False
validation,lj_noisy,43,100,6.588873020518804e-06,4.813013947568834e-05,0.8631029726425996,7.1424942689191084e-06,13,1,1,same_source_cyclic_next_latent,False
validation,lj_noisy,43,125,1.120571050705621e-05,7.53487111069262e-05,0.8512819882060841,1.1526822163432371e-05,13,1,1,same_source_cyclic_next_latent,False
validation,lj_noisy,43,149,1.6644566130707972e-05,0.00010748124623205513,0.845139810765016,1.7054569980246015e-05,13,1,1,same_source_cyclic_next_latent,False
validation,lj_noisy,43,175,2.368697096244432e-05,0.00014898361405357718,0.841009555897026,2.453446722938679e-05,13,1,1,same_source_cyclic_next_latent,False
validation,lj_noisy,43,199,3.240252044633962e-05,0.00019355223048478365,0.8325903020327787,3.358184403623454e-05,13,1,1,same_source_cyclic_next_latent,False
validation,lj_noisy,13,0,6.485773837994202e-07,0.0,,1.6558202560190693e-06,40,1,1,same_source_cyclic_next_latent,False
validation,lj_noisy,13,5,4.388644754271809e-07,9.281463064780837e-08,-3.7283975852091995,1.3394088682616712e-06,40,1,1,same_source_cyclic_next_latent,False
validation,lj_noisy,13,10,2.9804940027133853e-07,3.781031523431011e-07,0.21172463539558017,1.0626857829265646e-06,40,1,1,same_source_cyclic_next_latent,False
validation,lj_noisy,13,25,2.5993736585405713e-07,2.410028173471801e-06,0.8921434327136514,6.324844434857368e-07,40,1,1,same_source_cyclic_next_latent,False
validation,lj_noisy,13,50,1.1049104386984254e-06,9.818084436119534e-06,0.8874617094722067,1.0994333479175111e-06,40,1,1,same_source_cyclic_next_latent,False
validation,lj_noisy,13,75,2.7893624974240083e-06,2.2434529455495067e-05,0.8756665477224534,2.6798047656484414e-06,40,1,1,same_source_cyclic_next_latent,False
validation,lj_noisy,13,100,5.37214555151877e-06,4.0286795410793275e-05,0.866652447861874,5.241857252258342e-06,40,1,1,same_source_cyclic_next_latent,False
validation,lj_noisy,13,125,9.074811714526732e-06,6.321443652268499e-05,0.856443998970549,8.827445526549127e-06,40,1,1,same_source_cyclic_next_latent,False
validation,lj_noisy,13,149,1.4219745025911834e-05,8.989958587335423e-05,0.8418263567315665,1.375394822389353e-05,40,1,1,same_source_cyclic_next_latent,False
validation,lj_noisy,13,175,2.3559501642012037e-05,0.00012564916687551886,0.8124977488680643,2.262371708638966e-05,40,1,1,same_source_cyclic_next_latent,False
validation,lj_noisy,13,199,3.4862052416428924e-05,0.00016380345914512873,0.7871714516996775,3.3140884625026956e-05,40,1,1,same_source_cyclic_next_latent,False
validation,lj_noisy,40,0,1.6042210972955218e-06,0.0,,2.832773134286981e-06,132,1,1,same_source_cyclic_next_latent,False
validation,lj_noisy,40,5,1.2715811408270383e-06,9.645786747114471e-08,-12.182762320631138,2.5259469111915678e-06,132,1,1,same_source_cyclic_next_latent,False
validation,lj_noisy,40,10,9.532490139463334e-07,4.1816244333858776e-07,-1.2796141287477698,2.193492946389597e-06,132,1,1,same_source_cyclic_next_latent,False
validation,lj_noisy,40,25,5.505305580300046e-07,2.9362895475060213e-06,0.8125080823525713,1.6622432212898275e-06,132,1,1,same_source_cyclic_next_latent,False
validation,lj_noisy,40,50,1.6946383993854397e-06,1.2648867595999036e-05,0.8660244969342971,2.3087538920663064e-06,132,1,1,same_source_cyclic_next_latent,False
validation,lj_noisy,40,75,4.612251814251067e-06,2.9483269827323966e-05,0.8435637620500082,4.900260137219448e-06,132,1,1,same_source_cyclic_next_latent,False
validation,lj_noisy,40,100,9.45515694183996e-06,5.388597855926491e-05,0.8245340031926676,9.93356661638245e-06,132,1,1,same_source_cyclic_next_latent,False
validation,lj_noisy,40,125,1.6089537894004025e-05,8.557874389225617e-05,0.8119914226100258,1.7072601622203365e-05,132,1,1,same_source_cyclic_next_latent,False
validation,lj_noisy,40,149,2.3953676645760424e-05,0.00012253261229489,0.8045118258956814,2.5803654352785088e-05,132,1,1,same_source_cyclic_next_latent,False
validation,lj_noisy,40,175,3.545713479979895e-05,0.0001704702153801918,0.7920039303011347,3.920962626580149e-05,132,1,1,same_source_cyclic_next_latent,False
validation,lj_noisy,40,199,4.9785136070568115e-05,0.0002223484916612506,0.7760941138003485,5.6755729019641876e-05,132,1,1,same_source_cyclic_next_latent,False
validation,lj_noisy,132,0,1.8119777678293758e-06,0.0,,1.700964702422425e-07,61,1,1,same_source_cyclic_next_latent,False
validation,lj_noisy,132,5,1.4655116729045403e-06,1.029204241831394e-07,-13.239269654551451,9.127588640467366e-08,61,1,1,same_source_cyclic_next_latent,False
validation,lj_noisy,132,10,1.151332185145293e-06,4.4125229692326684e-07,-1.609237828727967,1.2007632221866515e-07,61,1,1,same_source_cyclic_next_latent,False
validation,lj_noisy,132,25,8.047791197896004e-07,3.067184479732532e-06,0.7376163301857279,9.02650754142087e-07,61,1,1,same_source_cyclic_next_latent,False
validation,lj_noisy,132,50,2.413931497358135e-06,1.3521135770133696e-05,0.8214697686351043,4.129002718400443e-06,61,1,1,same_source_cyclic_next_latent,False
validation,lj_noisy,132,75,6.987501819821773e-06,3.2666182960383594e-05,0.7860937156846279,9.077984032046515e-06,61,1,1,same_source_cyclic_next_latent,False
validation,lj_noisy,132,100,1.468518894398585e-05,6.118311284808442e-05,0.7599797025619035,1.6159185179276392e-05,61,1,1,same_source_cyclic_next_latent,False
validation,lj_noisy,132,125,2.7964777473243885e-05,0.00010149922309210524,0.7244828421211923,2.8574604584719054e-05,61,1,1,same_source_cyclic_next_latent,False
validation,lj_noisy,132,149,4.649324182537384e-05,0.00015093496767804027,0.6919650725036184,4.5999895519344136e-05,61,1,1,same_source_cyclic_next_latent,False
validation,lj_noisy,132,175,7.130682934075594e-05,0.0002120805875165388,0.6637748406124385,6.897257844684646e-05,61,1,1,same_source_cyclic_next_latent,False
validation,lj_noisy,132,199,9.26871070987545e-05,0.0002682431077118963,0.6544660256534751,8.821816300041974e-05,61,1,1,same_source_cyclic_next_latent,False
validation,lj_noisy,61,0,3.2085006296256324e-07,0.0,,2.0669247078330955e-06,188,1,1,same_source_cyclic_next_latent,False
validation,lj_noisy,61,5,1.7792237372304953e-07,9.96304834188777e-08,-0.7858226480243826,1.7700596117720124e-06,188,1,1,same_source_cyclic_next_latent,False
validation,lj_noisy,61,10,1.0205021538922665e-07,4.162667153195798e-07,0.7548441620875698,1.5431872952831327e-06,188,1,1,same_source_cyclic_next_latent,False
validation,lj_noisy,61,25,2.257592228716021e-07,2.741091520874761e-06,0.917638932829373,1.329152041762427e-06,188,1,1,same_source_cyclic_next_latent,False
validation,lj_noisy,61,50,1.0272133295075037e-06,1.1338017429807223e-05,0.9094009745648302,2.614381855892134e-06,188,1,1,same_source_cyclic_next_latent,False
validation,lj_noisy,61,75,2.3491056708735414e-06,2.6031604647869244e-05,0.9097594749670639,5.791144303657347e-06,188,1,1,same_source_cyclic_next_latent,False
validation,lj_noisy,61,100,4.965331754647195e-06,4.705508763436228e-05,0.894478323083151,9.79208925855346e-06,188,1,1,same_source_cyclic_next_latent,False
validation,lj_noisy,61,125,8.3306522355997e-06,7.433142309309915e-05,0.8879255651386404,1.3209933968028054e-05,188,1,1,same_source_cyclic_next_latent,False
validation,lj_noisy,61,149,1.158517989097163e-05,0.00010632432531565428,0.891039234374846,1.6009234968805686e-05,188,1,1,same_source_cyclic_next_latent,False
validation,lj_noisy,61,175,1.539947697892785e-05,0.0001481663784943521,0.8960663199342835,1.904722557810601e-05,188,1,1,same_source_cyclic_next_latent,False
validation,lj_noisy,61,199,2.03746858460363e-05,0.00019447802333161235,0.8952339935536335,2.359304198762402e-05,188,1,1,same_source_cyclic_next_latent,False
validation,lj_noisy,188,0,1.071792553375417e-06,0.0,,9.562947980157332e-07,67,1,1,same_source_cyclic_next_latent,False
validation,lj_noisy,188,5,8.078542919065512e-07,9.160689984355486e-08,-7.818705722889813,7.093747171893483e-07,67,1,1,same_source_cyclic_next_latent,False
validation,lj_noisy,188,10,6.345644010252727e-07,3.833892776583525e-07,-0.6551438394444313,5.526999302674085e-07,67,1,1,same_source_cyclic_next_latent,False
validation,lj_noisy,188,25,6.76125637255609e-07,2.6204288587905467e-06,0.7419790142413278,6.575951942977554e-07,67,1,1,same_source_cyclic_next_latent,False
validation,lj_noisy,188,50,2.1639712031173985e-06,1.1088137398473918e-05,0.8048390703189492,2.3019183572614565e-06,67,1,1,same_source_cyclic_next_latent,False
validation,lj_noisy,188,75,5.182718268770259e-06,2.5567558623151854e-05,0.7972931891871279,5.5140399126685224e-06,67,1,1,same_source_cyclic_next_latent,False
validation,lj_noisy,188,100,9.40901918511372e-06,4.645999797503464e-05,0.7974812829270963,1.008267281576991e-05,67,1,1,same_source_cyclic_next_latent,False
validation,lj_noisy,188,125,1.4499626558972523e-05,7.364279736066237e-05,0.8031086938759098,1.578122282808181e-05,67,1,1,same_source_cyclic_next_latent,False
validation,lj_noisy,188,149,2.0194678654661402e-05,0.00010572637256700546,0.8089910949903936,2.221557588200085e-05,67,1,1,same_source_cyclic_next_latent,False
validation,lj_noisy,188,175,2.791892984532751e-05,0.00014696051948703825,0.8100242844623999,3.0814760975772515e-05,67,1,1,same_source_cyclic_next_latent,False
validation,lj_noisy,188,199,3.740911779459566e-05,0.00019167976279277354,0.8048353292515342,4.0957551391329616e-05,67,1,1,same_source_cyclic_next_latent,False
validation,lj_noisy,67,0,1.2642331057577394e-06,0.0,,3.1302550951295416e-07,15,1,1,same_source_cyclic_next_latent,False
validation,lj_noisy,67,5,1.0060649628940155e-06,8.974264886774108e-08,-10.21055568993413,1.6648836265176215e-07,15,1,1,same_source_cyclic_next_latent,False
validation,lj_noisy,67,10,8.10912354154425e-07,3.756259161491471e-07,-1.1588296208838846,9.236546105739762e-08,15,1,1,same_source_cyclic_next_latent,False
validation,lj_noisy,67,25,6.095508524595061e-07,2.4605394628451904e-06,0.7522694264148622,3.293688735084288e-07,15,1,1,same_source_cyclic_next_latent,False
validation,lj_noisy,67,50,1.3367300653044367e-06,1.0304262104909867e-05,0.8702740621604045,1.8133479215975967e-06,15,1,1,same_source_cyclic_next_latent,False
validation,lj_noisy,67,75,3.383315061000758e-06,2.4312985260621645e-05,0.8608432891011323,4.108711436856538e-06,15,1,1,same_source_cyclic_next_latent,False
validation,lj_noisy,67,100,6.422706974262837e-06,4.4734984840033576e-05,0.8564276483555411,6.7451182985678315e-06,15,1,1,same_source_cyclic_next_latent,False
validation,lj_noisy,67,125,9.941468306351453e-06,7.140247180359438e-05,0.8607685692773033,1.0146925887966063e-05,15,1,1,same_source_cyclic_next_latent,False
validation,lj_noisy,67,149,1.3734272215515375e-05,0.0001028560582199134,0.8664709453851465,1.4547124919772614e-05,15,1,1,same_source_cyclic_next_latent,False
validation,lj_noisy,67,175,1.8805318177328445e-05,0.0001433728903066367,0.868836304149907,2.0941166440024972e-05,15,1,1,same_source_cyclic_next_latent,False
validation,lj_noisy,67,199,2.4980330636026338e-05,0.00018682236259337515,0.8662883271078375,2.8843638574471697e-05,15,1,1,same_source_cyclic_next_latent,False
mixed_transfer,depablo_mixed_temp,268,0,9.94140464172233e-07,0.0,,1.5832816643523984e-05,161,1,1,same_source_cyclic_next_latent,True
mixed_transfer,depablo_mixed_temp,268,5,4.987478314433247e-05,4.713676025858149e-05,-0.05808678557310287,6.080648745410144e-05,161,1,1,same_source_cyclic_next_latent,True
mixed_transfer,depablo_mixed_temp,268,10,6.207590195117518e-05,5.8645240642363206e-05,-0.05849854602410476,9.473273530602455e-05,161,1,1,same_source_cyclic_next_latent,True
mixed_transfer,depablo_mixed_temp,268,25,5.842104656039737e-05,5.51444391021505e-05,-0.05941863788254742,6.72094538458623e-05,161,1,1,same_source_cyclic_next_latent,True
mixed_transfer,depablo_mixed_temp,268,50,6.578519969480112e-05,6.742466939613223e-05,0.024315576420537166,0.00010945146641461179,161,1,1,same_source_cyclic_next_latent,True
mixed_transfer,depablo_mixed_temp,268,75,6.11818177276291e-05,7.959867070894688e-05,0.23137136358293153,9.113433043239638e-05,161,1,1,same_source_cyclic_next_latent,True
mixed_transfer,depablo_mixed_temp,268,100,7.32572516426444e-05,9.612221765564755e-05,0.2378738919124359,0.0001246282336069271,161,1,1,same_source_cyclic_next_latent,True
mixed_transfer,depablo_mixed_temp,268,125,7.025753438938409e-05,0.00013924895029049367,0.4954537593079402,0.0001295545371249318,161,1,1,same_source_cyclic_next_latent,True
mixed_transfer,depablo_mixed_temp,268,149,6.394826050382107e-05,0.00013940916687715799,0.5412908495452826,0.00015798943059053272,161,1,1,same_source_cyclic_next_latent,True
mixed_transfer,depablo_mixed_temp,268,175,9.102789044845849e-05,0.00018091170932166278,0.49683803889879774,0.0001805656065698713,161,1,1,same_source_cyclic_next_latent,True
mixed_transfer,depablo_mixed_temp,268,199,9.041874727699906e-05,0.00022531113063450903,0.5986938282970456,0.00023667288769502193,161,1,1,same_source_cyclic_next_latent,True
mixed_transfer,depablo_mixed_temp,161,0,4.478702976484783e-06,0.0,,3.861858658638084e-06,47,1,1,same_source_cyclic_next_latent,True
mixed_transfer,depablo_mixed_temp,161,5,2.0425213733687997e-05,2.0224346371833235e-05,-0.00993195815388681,2.0947794837411493e-05,47,1,1,same_source_cyclic_next_latent,True
mixed_transfer,depablo_mixed_temp,161,10,2.4369122911593877e-05,2.2510845155920833e-05,-0.08255033264196543,2.1848811229574494e-05,47,1,1,same_source_cyclic_next_latent,True
mixed_transfer,depablo_mixed_temp,161,25,2.0421268345671706e-05,2.079022306133993e-05,0.017746549163020098,2.2414880731957965e-05,47,1,1,same_source_cyclic_next_latent,True
mixed_transfer,depablo_mixed_temp,161,50,4.0204085962614045e-05,4.2505580495344475e-05,0.05414570289147114,3.3413292840123177e-05,47,1,1,same_source_cyclic_next_latent,True
mixed_transfer,depablo_mixed_temp,161,75,2.167043203371577e-05,4.9270100134890527e-05,0.5601707328707073,2.1926745830569416e-05,47,1,1,same_source_cyclic_next_latent,True
mixed_transfer,depablo_mixed_temp,161,100,2.664052772161085e-05,7.182943227235228e-05,0.6291140431042359,2.7717758712242357e-05,47,1,1,same_source_cyclic_next_latent,True
mixed_transfer,depablo_mixed_temp,161,125,2.988474807352759e-05,9.014578245114535e-05,0.6684842345261834,3.1396928534377366e-05,47,1,1,same_source_cyclic_next_latent,True
mixed_transfer,depablo_mixed_temp,161,149,2.5335804821224883e-05,0.0001271728688152507,0.8007766510478642,2.6739351596916094e-05,47,1,1,same_source_cyclic_next_latent,True
mixed_transfer,depablo_mixed_temp,161,175,2.870065873139538e-05,0.00017018135986290872,0.8313525126693342,2.97124915960012e-05,47,1,1,same_source_cyclic_next_latent,True
mixed_transfer,depablo_mixed_temp,161,199,2.93109733320307e-05,0.0001962430396815762,0.850639424564608,3.2652322261128575e-05,47,1,1,same_source_cyclic_next_latent,True
mixed_transfer,depablo_mixed_temp,47,0,4.344627541286172e-06,0.0,,1.0982169840190181e-07,191,1,1,same_source_cyclic_next_latent,True
mixed_transfer,depablo_mixed_temp,47,5,4.393772996991174e-06,2.6881184567173477e-07,-15.345161374907274,2.520203850053804e-07,191,1,1,same_source_cyclic_next_latent,True
mixed_transfer,depablo_mixed_temp,47,10,3.700780553117511e-06,5.738165782531723e-07,-5.449413790698633,2.3532490445177245e-07,191,1,1,same_source_cyclic_next_latent,True
mixed_transfer,depablo_mixed_temp,47,25,2.5911144803103525e-06,2.950489943032153e-06,0.12180196159302215,1.2068019259459106e-06,191,1,1,same_source_cyclic_next_latent,True
mixed_transfer,depablo_mixed_temp,47,50,1.9135729871777585e-06,1.030835755955195e-05,0.8143668400981493,2.537869022489758e-06,191,1,1,same_source_cyclic_next_latent,True
mixed_transfer,depablo_mixed_temp,47,75,1.7534958942633239e-06,2.303583823959343e-05,0.9238796576002406,4.713808721135138e-06,191,1,1,same_source_cyclic_next_latent,True
mixed_transfer,depablo_mixed_temp,47,100,2.2184015051607275e-06,4.1095041524386033e-05,0.9460177816381007,3.5512020986061543e-06,191,1,1,same_source_cyclic_next_latent,True
mixed_transfer,depablo_mixed_temp,47,125,2.5123883915512124e-06,6.353035132633522e-05,0.9604537305539855,7.0466908255184535e-06,191,1,1,same_source_cyclic_next_latent,True
mixed_transfer,depablo_mixed_temp,47,149,2.8615850169444457e-06,9.000220597954467e-05,0.9682053902368258,7.822479346941691e-06,191,1,1,same_source_cyclic_next_latent,True
mixed_transfer,depablo_mixed_temp,47,175,4.028004241263261e-06,0.00012707475980278105,0.9683020904582885,6.308096544671571e-06,191,1,1,same_source_cyclic_next_latent,True
mixed_transfer,depablo_mixed_temp,47,199,5.128248176333727e-06,0.00016195152420550585,0.9683346717390179,1.032599357131403e-05,191,1,1,same_source_cyclic_next_latent,True
mixed_transfer,depablo_mixed_temp,191,0,4.470628027775092e-07,0.0,,9.016835633701703e-07,242,1,1,same_source_cyclic_next_latent,True
mixed_transfer,depablo_mixed_temp,191,5,7.623676538059954e-06,7.1508447945234366e-06,-0.06612250120414309,7.576307325507514e-06,242,1,1,same_source_cyclic_next_latent,True
mixed_transfer,depablo_mixed_temp,191,10,1.1398034985177219e-05,1.1249665476498194e-05,-0.01318879294579789,1.3302495062816888e-05,242,1,1,same_source_cyclic_next_latent,True
mixed_transfer,depablo_mixed_temp,191,25,9.917428542394191e-06,1.134495687438175e-05,0.12582933084665016,1.6732654330553487e-05,242,1,1,same_source_cyclic_next_latent,True
mixed_transfer,depablo_mixed_temp,191,50,1.1224108675378375e-05,2.3212682208395563e-05,0.5164665343447972,1.1745059055101592e-05,242,1,1,same_source_cyclic_next_latent,True
mixed_transfer,depablo_mixed_temp,191,75,1.1556490790098906e-05,3.4925145882880315e-05,0.6691068713398363,1.9792782040894963e-05,242,1,1,same_source_cyclic_next_latent,True
mixed_transfer,depablo_mixed_temp,191,100,1.1576471479202155e-05,5.758188126492314e-05,0.7989563518089824,2.4854847652022727e-05,242,1,1,same_source_cyclic_next_latent,True
mixed_transfer,depablo_mixed_temp,191,125,1.1629083928710315e-05,7.634270150447264e-05,0.8476726170342687,1.716417318675667e-05,242,1,1,same_source_cyclic_next_latent,True
mixed_transfer,depablo_mixed_temp,191,149,1.2511256500147283e-05,0.00011539997649379075,0.8915835437729013,2.7204039724892937e-05,242,1,1,same_source_cyclic_next_latent,True
mixed_transfer,depablo_mixed_temp,191,175,1.837646595959086e-05,0.00014662892499472946,0.8746736637382331,2.869511445169337e-05,242,1,1,same_source_cyclic_next_latent,True
mixed_transfer,depablo_mixed_temp,191,199,1.8142709450330585e-05,0.00018133649427909404,0.8999500375119901,3.129979450022802e-05,242,1,1,same_source_cyclic_next_latent,True
mixed_transfer,depablo_mixed_temp,242,0,1.0446311762279947e-06,0.0,,6.828724394836172e-07,208,1,1,same_source_cyclic_next_latent,True
mixed_transfer,depablo_mixed_temp,242,5,2.417226460238453e-05,2.3800261260475963e-05,-0.01563022093905908,2.3927292204461992e-05,208,1,1,same_source_cyclic_next_latent,True
mixed_transfer,depablo_mixed_temp,242,10,2.9856773835490458e-05,3.038742215721868e-05,0.01746276202643149,3.0317545679281466e-05,208,1,1,same_source_cyclic_next_latent,True
mixed_transfer,depablo_mixed_temp,242,25,3.4430766390869394e-05,3.699141598190181e-05,0.06922280542829784,4.0541028283769265e-05,208,1,1,same_source_cyclic_next_latent,True
mixed_transfer,depablo_mixed_temp,242,50,3.099203240708448e-05,4.2313102312618867e-05,0.2675547120580225,3.984923750977032e-05,208,1,1,same_source_cyclic_next_latent,True
mixed_transfer,depablo_mixed_temp,242,75,4.682417420553975e-05,7.29313469491899e-05,0.3579691564155342,4.649231777875684e-05,208,1,1,same_source_cyclic_next_latent,True
mixed_transfer,depablo_mixed_temp,242,100,4.974954936187714e-05,9.204618982039392e-05,0.45951538614524445,6.623871013289317e-05,208,1,1,same_source_cyclic_next_latent,True
mixed_transfer,depablo_mixed_temp,242,125,3.537950760801323e-05,0.00011756044841604307,0.6990526313509271,7.523088424932212e-05,208,1,1,same_source_cyclic_next_latent,True
mixed_transfer,depablo_mixed_temp,242,149,3.546551306499168e-05,0.000145202677231282,0.7557516587073567,8.206237544072792e-05,208,1,1,same_source_cyclic_next_latent,True
mixed_transfer,depablo_mixed_temp,242,175,4.90647871629335e-05,0.00018254968745168298,0.7312250278384076,5.7053246564464644e-05,208,1,1,same_source_cyclic_next_latent,True
mixed_transfer,depablo_mixed_temp,242,199,5.753893856308423e-05,0.0002420646051177755,0.762299248437875,5.7434968766756356e-05,208,1,1,same_source_cyclic_next_latent,True
mixed_transfer,depablo_mixed_temp,208,0,6.762361408618744e-07,0.0,,2.4224657408922212e-06,221,1,1,same_source_cyclic_next_latent,True
mixed_transfer,depablo_mixed_temp,208,5,2.3344295186689124e-05,2.257787127746269e-05,-0.03394580028416927,2.308957300556358e-05,221,1,1,same_source_cyclic_next_latent,True
mixed_transfer,depablo_mixed_temp,208,10,2.1944619220448658e-05,2.1629317416227423e-05,-0.014577519861291632,2.3123788196244277e-05,221,1,1,same_source_cyclic_next_latent,True
mixed_transfer,depablo_mixed_temp,208,25,2.1276564439176582e-05,2.2251089831115678e-05,0.043796748803572316,2.2000609533279203e-05,221,1,1,same_source_cyclic_next_latent,True
mixed_transfer,depablo_mixed_temp,208,50,2.3721097022644244e-05,2.6678577341954224e-05,0.11085599810673197,2.962648432003334e-05,221,1,1,same_source_cyclic_next_latent,True
mixed_transfer,depablo_mixed_temp,208,75,2.781406328722369e-05,4.3110252590849996e-05,0.35481558061835317,2.9394259399850853e-05,221,1,1,same_source_cyclic_next_latent,True
mixed_transfer,depablo_mixed_temp,208,100,4.336210258770734e-05,6.287909491220489e-05,0.31038920569305595,4.1813946154434234e-05,221,1,1,same_source_cyclic_next_latent,True
mixed_transfer,depablo_mixed_temp,208,125,3.713563273777254e-05,6.771790503989905e-05,0.45161279404771293,2.7720769139705226e-05,221,1,1,same_source_cyclic_next_latent,True
mixed_transfer,depablo_mixed_temp,208,149,6.034638863638975e-05,0.0001124460031860508,0.4633300701978542,6.615863821934909e-05,221,1,1,same_source_cyclic_next_latent,True
mixed_transfer,depablo_mixed_temp,208,175,3.313399065518752e-05,0.00013137060159351677,0.7477823024841601,4.0360424463870004e-05,221,1,1,same_source_cyclic_next_latent,True
mixed_transfer,depablo_mixed_temp,208,199,2.985614446515683e-05,0.00017357629258185625,0.8279941112863839,6.060730811441317e-05,221,1,1,same_source_cyclic_next_latent,True
mixed_transfer,depablo_mixed_temp,221,0,1.8522803202358773e-06,0.0,,1.6907625877138344e-06,140,1,1,same_source_cyclic_next_latent,True
mixed_transfer,depablo_mixed_temp,221,5,2.762393341981806e-05,2.707511703192722e-05,-0.02027013908171371,3.013664172613062e-05,140,1,1,same_source_cyclic_next_latent,True
mixed_transfer,depablo_mixed_temp,221,10,3.7941219488857314e-05,3.6674908187706023e-05,-0.03452800194264083,3.960805042879656e-05,140,1,1,same_source_cyclic_next_latent,True
mixed_transfer,depablo_mixed_temp,221,25,3.49249858118128e-05,3.482666943455115e-05,-0.002823019796550419,3.7976980820531026e-05,140,1,1,same_source_cyclic_next_latent,True
mixed_transfer,depablo_mixed_temp,221,50,4.583637200994417e-05,4.851730773225427e-05,0.05525730605467649,5.4939173423917964e-05,140,1,1,same_source_cyclic_next_latent,True
mixed_transfer,depablo_mixed_temp,221,75,4.1467981645837426e-05,5.7804521929938346e-05,0.28261699498010784,7.725394243607298e-05,140,1,1,same_source_cyclic_next_latent,True
mixed_transfer,depablo_mixed_temp,221,100,4.9453945393906906e-05,6.448220665333793e-05,0.23306059205176222,5.882481127628125e-05,140,1,1,same_source_cyclic_next_latent,True
mixed_transfer,depablo_mixed_temp,221,125,3.5067536373389885e-05,9.433583181817085e-05,0.6282691772837559,9.558639430906624e-05,140,1,1,same_source_cyclic_next_latent,True
mixed_transfer,depablo_mixed_temp,221,149,8.609040378360078e-05,0.00012878440611530095,0.33151531011818425,0.00010862515773624182,140,1,1,same_source_cyclic_next_latent,True
mixed_transfer,depablo_mixed_temp,221,175,7.705638563493267e-05,0.00016914735897444189,0.5444422774193249,0.00015449516649823636,140,1,1,same_source_cyclic_next_latent,True
mixed_transfer,depablo_mixed_temp,221,199,8.950603660196066e-05,0.00020088825840502977,0.5544486406890985,0.00020007439889013767,140,1,1,same_source_cyclic_next_latent,True
mixed_transfer,depablo_mixed_temp,140,0,1.4688220062453183e-06,0.0,,2.5659580842329888e-06,118,1,1,same_source_cyclic_next_latent,True
mixed_transfer,depablo_mixed_temp,140,5,7.05474803908146e-06,5.748682269768324e-06,-0.22719393906697372,9.6097419373109e-06,118,1,1,same_source_cyclic_next_latent,True
mixed_transfer,depablo_mixed_temp,140,10,6.196454705786891e-06,6.143378413980827e-06,-0.008639593433684034,7.230682058434468e-06,118,1,1,same_source_cyclic_next_latent,True
mixed_transfer,depablo_mixed_temp,140,25,5.370061444409657e-06,7.007966814853717e-06,0.23372048037848037,5.169672931515379e-06,118,1,1,same_source_cyclic_next_latent,True
mixed_transfer,depablo_mixed_temp,140,50,8.988780791696627e-06,1.9301036445540376e-05,0.5342850723556071,1.0426927474327385e-05,118,1,1,same_source_cyclic_next_latent,True
mixed_transfer,depablo_mixed_temp,140,75,7.004440703894943e-06,2.7593006961978972e-05,0.7461515987167864,9.98377345240442e-06,118,1,1,same_source_cyclic_next_latent,True
mixed_transfer,depablo_mixed_temp,140,100,5.7333318181918e-06,4.4695243559544906e-05,0.8717238936050631,1.1946239283133764e-05,118,1,1,same_source_cyclic_next_latent,True
mixed_transfer,depablo_mixed_temp,140,125,1.1427043318690266e-05,7.706028554821387e-05,0.8517129382872481,2.7123898689751513e-05,118,1,1,same_source_cyclic_next_latent,True
mixed_transfer,depablo_mixed_temp,140,149,8.857330612954684e-06,0.00010311150253983214,0.9140994904081329,2.5738878321135417e-05,118,1,1,same_source_cyclic_next_latent,True
mixed_transfer,depablo_mixed_temp,140,175,1.1380127943994012e-05,0.0001441092899767682,0.9210312676869854,2.9514621928683482e-05,118,1,1,same_source_cyclic_next_latent,True
mixed_transfer,depablo_mixed_temp,140,199,2.044878237938974e-05,0.00018415348313283175,0.8889579386090687,4.500650902627967e-05,118,1,1,same_source_cyclic_next_latent,True
mixed_transfer,depablo_mixed_temp,118,0,2.6715063086157897e-06,0.0,,4.6795717025815975e-06,158,1,1,same_source_cyclic_next_latent,True
mixed_transfer,depablo_mixed_temp,118,5,1.0545822078711353e-05,7.472703146049753e-06,-0.41124595378663265,1.0371637472417206e-05,158,1,1,same_source_cyclic_next_latent,True
mixed_transfer,depablo_mixed_temp,118,10,8.244778655353002e-06,6.560167093994096e-06,-0.2567940019243087,1.1071031622122973e-05,158,1,1,same_source_cyclic_next_latent,True
mixed_transfer,depablo_mixed_temp,118,25,7.65726053941762e-06,9.963821867131628e-06,0.23149363351454788,1.0762270903796889e-05,158,1,1,same_source_cyclic_next_latent,True
mixed_transfer,depablo_mixed_temp,118,50,8.700647413206752e-06,1.8252863810630515e-05,0.5233269966031592,1.0085292160511017e-05,158,1,1,same_source_cyclic_next_latent,True
mixed_transfer,depablo_mixed_temp,118,75,8.515582521795295e-06,2.543711343605537e-05,0.6652299977667655,1.0823637239809614e-05,158,1,1,same_source_cyclic_next_latent,True
mixed_transfer,depablo_mixed_temp,118,100,7.655835361219943e-06,4.048683331348002e-05,0.8109055528758544,1.527928361610975e-05,158,1,1,same_source_cyclic_next_latent,True
mixed_transfer,depablo_mixed_temp,118,125,1.4164491403789725e-05,6.137721356935799e-05,0.7692223126456621,1.970727498701308e-05,158,1,1,same_source_cyclic_next_latent,True
mixed_transfer,depablo_mixed_temp,118,149,1.3086664694128558e-05,7.702268339926377e-05,0.8300933683874528,1.924597381730564e-05,158,1,1,same_source_cyclic_next_latent,True
mixed_transfer,depablo_mixed_temp,118,175,1.7387295883963816e-05,0.0001161079853773117,0.8502489227811423,2.7111766030429862e-05,158,1,1,same_source_cyclic_next_latent,True
mixed_transfer,depablo_mixed_temp,118,199,1.580420575919561e-05,0.00014814999303780496,0.8933229395754161,3.7768168112961575e-05,158,1,1,same_source_cyclic_next_latent,True
mixed_transfer,depablo_mixed_temp,158,0,2.6211575914203422e-06,0.0,,2.896964133469737e-06,250,1,1,same_source_cyclic_next_latent,True
mixed_transfer,depablo_mixed_temp,158,5,1.7726906662574038e-05,1.573649569763802e-05,-0.12648374855367384,1.5643912774976343e-05,250,1,1,same_source_cyclic_next_latent,True
mixed_transfer,depablo_mixed_temp,158,10,2.3625076210009865e-05,2.0582121578627266e-05,-0.14784455624547665,2.0422987290658057e-05,250,1,1,same_source_cyclic_next_latent,True
mixed_transfer,depablo_mixed_temp,158,25,2.165204750781413e-05,2.284510264871642e-05,0.052223671709757946,2.129335371137131e-05,250,1,1,same_source_cyclic_next_latent,True
mixed_transfer,depablo_mixed_temp,158,50,1.9507760953274556e-05,2.7017762477044016e-05,0.2779653396594344,1.906055331346579e-05,250,1,1,same_source_cyclic_next_latent,True
mixed_transfer,depablo_mixed_temp,158,75,2.4480952561134472e-05,4.9534719437360764e-05,0.5057819477085781,3.394377927179448e-05,250,1,1,same_source_cyclic_next_latent,True
mixed_transfer,depablo_mixed_temp,158,100,1.991487260966096e-05,5.9894391597481444e-05,0.667500210311872,7.84064395702444e-05,250,1,1,same_source_cyclic_next_latent,True
mixed_transfer,depablo_mixed_temp,158,125,2.1871454009669833e-05,7.881387864472345e-05,0.7224923530503835,3.114228820777498e-05,250,1,1,same_source_cyclic_next_latent,True
mixed_transfer,depablo_mixed_temp,158,149,1.984552545764018e-05,0.00011068722233176231,0.8207062654607298,4.655784505303018e-05,250,1,1,same_source_cyclic_next_latent,True
mixed_transfer,depablo_mixed_temp,158,175,2.7207310267840512e-05,0.00015321206592489034,0.822420576972192,4.675758827943355e-05,250,1,1,same_source_cyclic_next_latent,True
mixed_transfer,depablo_mixed_temp,158,199,2.5288927645306103e-05,0.0002061646373476833,0.8773362494623267,5.0022506911773235e-05,250,1,1,same_source_cyclic_next_latent,True
mixed_transfer,depablo_mixed_temp,250,0,4.560104116535513e-06,0.0,,2.7810424398921896e-06,136,1,1,same_source_cyclic_next_latent,True
mixed_transfer,depablo_mixed_temp,250,5,4.928051203023642e-05,4.835599611396901e-05,-0.01911895091745075,5.36239349457901e-05,136,1,1,same_source_cyclic_next_latent,True
mixed_transfer,depablo_mixed_temp,250,10,5.169959331396967e-05,5.153584061190486e-05,-0.003177452819639992,5.3633542847819626e-05,136,1,1,same_source_cyclic_next_latent,True
mixed_transfer,depablo_mixed_temp,250,25,6.177722389111295e-05,5.111822974868119e-05,-0.20851649587311383,5.715281076845713e-05,136,1,1,same_source_cyclic_next_latent,True
mixed_transfer,depablo_mixed_temp,250,50,5.956540189799853e-05,6.523817864945158e-05,0.08695486092484195,5.91503776377067e-05,136,1,1,same_source_cyclic_next_latent,True
mixed_transfer,depablo_mixed_temp,250,75,6.0090646002208814e-05,8.879067172529176e-05,0.3232324428390131,6.385170127032325e-05,136,1,1,same_source_cyclic_next_latent,True
mixed_transfer,depablo_mixed_temp,250,100,0.00023935727949719876,0.0001296159898629412,-0.8466647498530113,9.368382598040625e-05,136,1,1,same_source_cyclic_next_latent,True
mixed_transfer,depablo_mixed_temp,250,125,0.0001683112495811656,0.00019025067740585655,0.1153185267135115,0.00011203090980416164,136,1,1,same_source_cyclic_next_latent,True
mixed_transfer,depablo_mixed_temp,250,149,8.341755165020004e-05,0.00016449361282866448,0.4928827313368864,7.629413448739797e-05,136,1,1,same_source_cyclic_next_latent,True
mixed_transfer,depablo_mixed_temp,250,175,9.730960300657898e-05,0.00018673459999263287,0.47888820277325106,8.503367280354723e-05,136,1,1,same_source_cyclic_next_latent,True
mixed_transfer,depablo_mixed_temp,250,199,0.00015373979113064706,0.00025101620121859014,0.3875304048730813,0.00011484957212815061,136,1,1,same_source_cyclic_next_latent,True
mixed_transfer,depablo_mixed_temp,136,0,2.5008507691381965e-06,0.0,,5.347934347810224e-06,68,1,1,same_source_cyclic_next_latent,True
mixed_transfer,depablo_mixed_temp,136,5,1.4942447705834638e-05,1.0966320587613154e-05,-0.36257622476518336,1.7309284885413945e-05,68,1,1,same_source_cyclic_next_latent,True
mixed_transfer,depablo_mixed_temp,136,10,1.0317932719772216e-05,1.2293307008803822e-05,0.1606869728069873,1.5013213669590186e-05,68,1,1,same_source_cyclic_next_latent,True
mixed_transfer,depablo_mixed_temp,136,25,1.1229930350964423e-05,1.05185035863542e-05,-0.06763573913053245,1.5376321243820712e-05,68,1,1,same_source_cyclic_next_latent,True
mixed_transfer,depablo_mixed_temp,136,50,1.138998140959302e-05,1.8912367522716522e-05,0.3977495733460137,1.4739292055310216e-05,68,1,1,same_source_cyclic_next_latent,True
mixed_transfer,depablo_mixed_temp,136,75,1.5212351172522176e-05,3.769572140299715e-05,0.5964435589416083,1.2129893548262771e-05,68,1,1,same_source_cyclic_next_latent,True
mixed_transfer,depablo_mixed_temp,136,100,2.1690508219762705e-05,6.272367318160832e-05,0.6541894452360812,1.7588085029274225e-05,68,1,1,same_source_cyclic_next_latent,True
mixed_transfer,depablo_mixed_temp,136,125,2.7859527108375914e-05,9.743942064233124e-05,0.7140836129287009,2.5165440092678182e-05,68,1,1,same_source_cyclic_next_latent,True
mixed_transfer,depablo_mixed_temp,136,149,1.9454435459920205e-05,0.00012985024659428746,0.8501779090131041,2.0153189325355925e-05,68,1,1,same_source_cyclic_next_latent,True
mixed_transfer,depablo_mixed_temp,136,175,3.2454739994136617e-05,0.00018626838573254645,0.8257635622572218,2.6628618797985837e-05,68,1,1,same_source_cyclic_next_latent,True
mixed_transfer,depablo_mixed_temp,136,199,3.371683487785049e-05,0.00021623147767968476,0.8440706448494191,3.1826777558308095e-05,68,1,1,same_source_cyclic_next_latent,True
mixed_transfer,depablo_mixed_temp,68,0,5.984329163766233e-06,0.0,,5.808729383716127e-06,96,1,1,same_source_cyclic_next_latent,True
mixed_transfer,depablo_mixed_temp,68,5,7.68789595895214e-06,1.8872113969337079e-06,-3.0736803367355847,7.79999936639797e-06,96,1,1,same_source_cyclic_next_latent,True
mixed_transfer,depablo_mixed_temp,68,10,6.467101684393128e-06,2.4416788164671743e-06,-1.6486291484275863,7.337222541536903e-06,96,1,1,same_source_cyclic_next_latent,True
mixed_transfer,depablo_mixed_temp,68,25,5.9245285228826106e-06,5.627597602142487e-06,-0.052763353340522956,7.125875526980963e-06,96,1,1,same_source_cyclic_next_latent,True
mixed_transfer,depablo_mixed_temp,68,50,4.6922245928726625e-06,1.578773844812531e-05,0.7027931132574702,9.706576747703366e-06,96,1,1,same_source_cyclic_next_latent,True
mixed_transfer,depablo_mixed_temp,68,75,4.6993181967991404e-06,3.037540773220826e-05,0.845292012596879,1.9377321223146282e-05,96,1,1,same_source_cyclic_next_latent,True
mixed_transfer,depablo_mixed_temp,68,100,7.2836655817809515e-06,5.9114165196660906e-05,0.8767864595981409,2.449066778353881e-05,96,1,1,same_source_cyclic_next_latent,True
mixed_transfer,depablo_mixed_temp,68,125,8.193015673896298e-06,8.239176531787962e-05,0.9005602605759637,3.789930633502081e-05,96,1,1,same_source_cyclic_next_latent,True
mixed_transfer,depablo_mixed_temp,68,149,1.1050598914152943e-05,0.00011558266123756766,0.9043922436476901,4.6840741561027244e-05,96,1,1,same_source_cyclic_next_latent,True
mixed_transfer,depablo_mixed_temp,68,175,1.4707035916217137e-05,0.00017106324958149344,0.914025742219922,7.70843616919592e-05,96,1,1,same_source_cyclic_next_latent,True
mixed_transfer,depablo_mixed_temp,68,199,2.1321320673450828e-05,0.00021742821263615042,0.9019385735873641,0.0001077754350262694,96,1,1,same_source_cyclic_next_latent,True
mixed_transfer,depablo_mixed_temp,96,0,3.878605184581829e-06,0.0,,2.717991947065457e-07,262,1,1,same_source_cyclic_next_latent,True
mixed_transfer,depablo_mixed_temp,96,5,4.867912593908841e-06,1.7755693306753528e-06,-1.7416065989703085,2.587602239145781e-06,262,1,1,same_source_cyclic_next_latent,True
mixed_transfer,depablo_mixed_temp,96,10,3.897289388987701e-06,1.988127678487217e-06,-0.9602812390566291,2.6261973289365415e-06,262,1,1,same_source_cyclic_next_latent,True
mixed_transfer,depablo_mixed_temp,96,25,4.018086656287778e-06,3.6336575703899143e-06,-0.10579672917737604,3.1660804324928904e-06,262,1,1,same_source_cyclic_next_latent,True
mixed_transfer,depablo_mixed_temp,96,50,2.7957642032561125e-06,1.0712924449762795e-05,0.7390288509578711,2.893486453103833e-06,262,1,1,same_source_cyclic_next_latent,True
mixed_transfer,depablo_mixed_temp,96,75,2.939072373919771e-06,2.5437306248932146e-05,0.884458191242512,1.5616935343132354e-05,262,1,1,same_source_cyclic_next_latent,True
mixed_transfer,depablo_mixed_temp,96,100,2.4303199097630568e-06,4.0724535210756585e-05,0.9403229552606132,1.906828947539907e-05,262,1,1,same_source_cyclic_next_latent,True
mixed_transfer,depablo_mixed_temp,96,125,3.4076840620400617e-06,6.520055467262864e-05,0.9477353516522979,1.863434590632096e-05,262,1,1,same_source_cyclic_next_latent,True
mixed_transfer,depablo_mixed_temp,96,149,2.6068421448144363e-06,9.046640479937196e-05,0.9711844175680945,2.1398394892457873e-05,262,1,1,same_source_cyclic_next_latent,True
mixed_transfer,depablo_mixed_temp,96,175,3.792195457208436e-06,0.00012494108523242176,0.9696481309558501,4.545722549664788e-05,262,1,1,same_source_cyclic_next_latent,True
mixed_transfer,depablo_mixed_temp,96,199,4.6191116780391894e-06,0.0001630225160624832,0.9716658054997214,3.605266465456225e-05,262,1,1,same_source_cyclic_next_latent,True
mixed_transfer,depablo_mixed_temp,262,0,5.957356279395754e-07,0.0,,8.741207011553342e-07,70,1,1,same_source_cyclic_next_latent,True
mixed_transfer,depablo_mixed_temp,262,5,2.9360986445681192e-05,3.000729702762328e-05,0.021538447176602582,2.969108390971087e-05,70,1,1,same_source_cyclic_next_latent,True
mixed_transfer,depablo_mixed_temp,262,10,2.655356547620613e-05,2.804812538670376e-05,0.053285554378123434,2.7351861717761494e-05,70,1,1,same_source_cyclic_next_latent,True
mixed_transfer,depablo_mixed_temp,262,25,2.986420258821454e-05,3.341671254020184e-05,0.10630937880898583,2.8976133762625977e-05,70,1,1,same_source_cyclic_next_latent,True
mixed_transfer,depablo_mixed_temp,262,50,3.378256951691583e-05,4.543422983260825e-05,0.25645114616491205,3.3410444302717224e-05,70,1,1,same_source_cyclic_next_latent,True
mixed_transfer,depablo_mixed_temp,262,75,3.948039739043452e-05,5.0519352953415364e-05,0.21850944079113654,3.290234235464595e-05,70,1,1,same_source_cyclic_next_latent,True
mixed_transfer,depablo_mixed_temp,262,100,4.7320521844085306e-05,7.402702613035217e-05,0.3607669479959942,3.8436763134086505e-05,70,1,1,same_source_cyclic_next_latent,True
mixed_transfer,depablo_mixed_temp,262,125,3.815153468167409e-05,8.881043322617188e-05,0.5704160727995292,3.885080514010042e-05,70,1,1,same_source_cyclic_next_latent,True
mixed_transfer,depablo_mixed_temp,262,149,5.2278304792707786e-05,0.00013079402560833842,0.6003005141132767,5.162635716260411e-05,70,1,1,same_source_cyclic_next_latent,True
mixed_transfer,depablo_mixed_temp,262,175,6.026070695952512e-05,0.00015667513071093708,0.6153779691385413,4.2096922697965056e-05,70,1,1,same_source_cyclic_next_latent,True
mixed_transfer,depablo_mixed_temp,262,199,4.7203189751598984e-05,0.00018418519175611436,0.743718866313084,4.2103016312466934e-05,70,1,1,same_source_cyclic_next_latent,True
mixed_transfer,depablo_mixed_temp,70,0,7.813129059286439e-07,0.0,,1.0370750942456652e-06,78,1,1,same_source_cyclic_next_latent,True
mixed_transfer,depablo_mixed_temp,70,5,1.8210295138487709e-06,1.34399056150869e-06,-0.3549421893295017,1.8670502868189942e-06,78,1,1,same_source_cyclic_next_latent,True
mixed_transfer,depablo_mixed_temp,70,10,1.6691559494574904e-06,1.8160093304686598e-06,0.08086598375200571,2.260655264763045e-06,78,1,1,same_source_cyclic_next_latent,True
mixed_transfer,depablo_mixed_temp,70,25,1.2372877336019883e-06,3.822250619123224e-06,0.6762934048825384,1.154288042926055e-06,78,1,1,same_source_cyclic_next_latent,True
mixed_transfer,depablo_mixed_temp,70,50,1.2061520919814939e-06,1.149375930253882e-05,0.8950602618139853,1.3765553603661829e-06,78,1,1,same_source_cyclic_next_latent,True
mixed_transfer,depablo_mixed_temp,70,75,1.6507033251400571e-06,2.6700765374698676e-05,0.9381776776067908,1.4890342754370067e-06,78,1,1,same_source_cyclic_next_latent,True
mixed_transfer,depablo_mixed_temp,70,100,2.0026789115945576e-06,4.5999360736459494e-05,0.9564628968852774,2.0650109036068898e-06,78,1,1,same_source_cyclic_next_latent,True
mixed_transfer,depablo_mixed_temp,70,125,3.5727669001062168e-06,6.957071309443563e-05,0.9486455328514957,3.203375626981142e-06,78,1,1,same_source_cyclic_next_latent,True
mixed_transfer,depablo_mixed_temp,70,149,4.0612385419080965e-06,9.833231888478622e-05,0.9586988429850154,3.419715994823491e-06,78,1,1,same_source_cyclic_next_latent,True
mixed_transfer,depablo_mixed_temp,70,175,6.2148542383511085e-06,0.00013775291154161096,0.954884044418373,3.264206497988198e-06,78,1,1,same_source_cyclic_next_latent,True
mixed_transfer,depablo_mixed_temp,70,199,5.479291303345235e-06,0.00017585520981810987,0.9688420302758584,5.740709639212582e-06,78,1,1,same_source_cyclic_next_latent,True
mixed_transfer,depablo_mixed_temp,78,0,8.603087167102785e-07,0.0,,7.845454092603177e-06,44,1,1,same_source_cyclic_next_latent,True
mixed_transfer,depablo_mixed_temp,78,5,2.0920904262311524e-06,1.4125503184914123e-06,-0.4810732041499812,8.41113524074899e-06,44,1,1,same_source_cyclic_next_latent,True
mixed_transfer,depablo_mixed_temp,78,10,1.729275140860409e-06,1.781855075932981e-06,0.029508536234374216,6.0597203628276475e-06,44,1,1,same_source_cyclic_next_latent,True
mixed_transfer,depablo_mixed_temp,78,25,1.5471750884898938e-06,3.92146057492937e-06,0.6054594815051123,5.579341632255819e-06,44,1,1,same_source_cyclic_next_latent,True
mixed_transfer,depablo_mixed_temp,78,50,1.6781060594439623e-06,1.2238961971888784e-05,0.8628882038118639,8.732268724997994e-06,44,1,1,same_source_cyclic_next_latent,True
mixed_transfer,depablo_mixed_temp,78,75,1.5287515680029173e-06,2.4325721824425273e-05,0.9371549350503585,1.759531005518511e-05,44,1,1,same_source_cyclic_next_latent,True
mixed_transfer,depablo_mixed_temp,78,100,1.79356868557079e-06,4.797106157639064e-05,0.9626114447620748,2.9185490348027088e-05,44,1,1,same_source_cyclic_next_latent,True
mixed_transfer,depablo_mixed_temp,78,125,2.0503555333561962e-06,6.928451330168173e-05,0.9704067267611675,4.2178467992926016e-05,44,1,1,same_source_cyclic_next_latent,True
mixed_transfer,depablo_mixed_temp,78,149,2.745776100709918e-06,9.965606295736507e-05,0.972447475655499,5.5841210269136354e-05,44,1,1,same_source_cyclic_next_latent,True
mixed_transfer,depablo_mixed_temp,78,175,3.254744342484628e-06,0.00013577769277617335,0.9760288728145499,6.776898953830823e-05,44,1,1,same_source_cyclic_next_latent,True
mixed_transfer,depablo_mixed_temp,78,199,5.0649514378164895e-06,0.00017324589134659618,0.9707643777382083,6.956516881473362e-05,44,1,1,same_source_cyclic_next_latent,True
mixed_transfer,depablo_mixed_temp,44,0,5.318328931025462e-06,0.0,,2.4575601855758578e-06,36,1,1,same_source_cyclic_next_latent,True
mixed_transfer,depablo_mixed_temp,44,5,4.732577508548275e-06,3.781680391057307e-07,-11.514483031774954,2.3198533654067433e-06,36,1,1,same_source_cyclic_next_latent,True
mixed_transfer,depablo_mixed_temp,44,10,3.907573045580648e-06,6.340637810353655e-07,-5.162744446938689,1.5107458466445678e-06,36,1,1,same_source_cyclic_next_latent,True
mixed_transfer,depablo_mixed_temp,44,25,2.549439386712038e-06,2.970265768453828e-06,0.14167970631155047,1.0723077821239713e-06,36,1,1,same_source_cyclic_next_latent,True
mixed_transfer,depablo_mixed_temp,44,50,2.8879460387543077e-06,1.2383442481223028e-05,0.7667897240098389,2.039849960056017e-06,36,1,1,same_source_cyclic_next_latent,True
mixed_transfer,depablo_mixed_temp,44,75,4.242414433974773e-06,2.688998392841313e-05,0.8422306816817375,3.42397584063292e-06,36,1,1,same_source_cyclic_next_latent,True
mixed_transfer,depablo_mixed_temp,44,100,7.084860044415109e-06,4.955984331900254e-05,0.8570443413468463,5.813536517962348e-06,36,1,1,same_source_cyclic_next_latent,True
mixed_transfer,depablo_mixed_temp,44,125,1.0761243174783885e-05,7.413839921355247e-05,0.8548492644980561,8.811606676317751e-06,36,1,1,same_source_cyclic_next_latent,True
mixed_transfer,depablo_mixed_temp,44,149,1.8930848455056548e-05,0.00010949795978376642,0.8271123179606207,1.3764131836069282e-05,36,1,1,same_source_cyclic_next_latent,True
mixed_transfer,depablo_mixed_temp,44,175,3.0349367079907097e-05,0.00015169796824920923,0.7999355730984531,1.951257581822574e-05,36,1,1,same_source_cyclic_next_latent,True
mixed_transfer,depablo_mixed_temp,44,199,4.772273314301856e-05,0.00019818956207018346,0.7592066270063261,2.7557287467061542e-05,36,1,1,same_source_cyclic_next_latent,True
mixed_transfer,depablo_mixed_temp,36,0,3.4686406706896378e-06,0.0,,1.028112478707044e-06,39,1,1,same_source_cyclic_next_latent,True
mixed_transfer,depablo_mixed_temp,36,5,3.135623501293594e-06,3.3019685474755534e-07,-8.496224619373995,1.1039992386940867e-06,39,1,1,same_source_cyclic_next_latent,True
mixed_transfer,depablo_mixed_temp,36,10,2.095145191560732e-06,8.42837948766828e-07,-1.485822090267979,9.239577707376156e-07,39,1,1,same_source_cyclic_next_latent,True
mixed_transfer,depablo_mixed_temp,36,25,1.3402784588834038e-06,3.554258228177787e-06,0.6229090930259888,1.3166838925826596e-06,39,1,1,same_source_cyclic_next_latent,True
mixed_transfer,depablo_mixed_temp,36,50,1.7836239294410916e-06,1.4621562513639219e-05,0.8780141364661062,4.570584678731393e-06,39,1,1,same_source_cyclic_next_latent,True
mixed_transfer,depablo_mixed_temp,36,75,3.3693763725750614e-06,3.327914600959048e-05,0.8987541215269146,9.961943760572467e-06,39,1,1,same_source_cyclic_next_latent,True
mixed_transfer,depablo_mixed_temp,36,100,5.32820286025526e-06,5.905385114601813e-05,0.9097738291939572,1.7638891222304665e-05,39,1,1,same_source_cyclic_next_latent,True
mixed_transfer,depablo_mixed_temp,36,125,8.428527507930994e-06,9.289666195400059e-05,0.9092698560890753,2.7276466425973922e-05,39,1,1,same_source_cyclic_next_latent,True
mixed_transfer,depablo_mixed_temp,36,149,1.1111277672171127e-05,0.0001317297574132681,0.9156509668706642,3.798848047154024e-05,39,1,1,same_source_cyclic_next_latent,True
mixed_transfer,depablo_mixed_temp,36,175,1.5663357771700248e-05,0.0001856548187788576,0.9156318275241881,5.3424118959810585e-05,39,1,1,same_source_cyclic_next_latent,True
mixed_transfer,depablo_mixed_temp,36,199,2.0189791030134074e-05,0.00023682504252064973,0.9147480738724088,6.681784725515172e-05,39,1,1,same_source_cyclic_next_latent,True
mixed_transfer,depablo_mixed_temp,39,0,1.2832902029913384e-06,0.0,,6.974898383305117e-07,268,1,1,same_source_cyclic_next_latent,True
mixed_transfer,depablo_mixed_temp,39,5,1.282247353628918e-06,2.2900907481471222e-07,-4.599111540301907,7.610182706230262e-07,268,1,1,same_source_cyclic_next_latent,True
mixed_transfer,depablo_mixed_temp,39,10,9.123720019488246e-07,5.392316211327852e-07,-0.6919853476548141,1.5167169067353825e-06,268,1,1,same_source_cyclic_next_latent,True
mixed_transfer,depablo_mixed_temp,39,25,5.429181442195841e-07,2.620684426801745e-06,0.7928334527167181,4.100732894585235e-06,268,1,1,same_source_cyclic_next_latent,True
mixed_transfer,depablo_mixed_temp,39,50,4.605413437275274e-07,1.0089373063237872e-05,0.9543538195246661,4.7769331104063895e-06,268,1,1,same_source_cyclic_next_latent,True
mixed_transfer,depablo_mixed_temp,39,75,6.674603696410486e-07,2.215639869973529e-05,0.9698750515060454,1.8169483837482403e-06,268,1,1,same_source_cyclic_next_latent,True
mixed_transfer,depablo_mixed_temp,39,100,1.0231210580968764e-06,4.0103928768076e-05,0.9744882586438436,8.448573680652771e-06,268,1,1,same_source_cyclic_next_latent,True
mixed_transfer,depablo_mixed_temp,39,125,1.7221617554241675e-06,6.175228190841153e-05,0.9721117713839562,1.4369311429618392e-05,268,1,1,same_source_cyclic_next_latent,True
mixed_transfer,depablo_mixed_temp,39,149,2.329945800738642e-06,8.764490485191345e-05,0.9734160724496722,2.4998580556712113e-05,268,1,1,same_source_cyclic_next_latent,True
mixed_transfer,depablo_mixed_temp,39,175,3.291198027000064e-06,0.00012142759078415111,0.9728957973575341,4.40686744695995e-05,268,1,1,same_source_cyclic_next_latent,True
mixed_transfer,depablo_mixed_temp,39,199,4.67979361928883e-06,0.00015619987971149385,0.9700397104790826,2.85388723568758e-05,268,1,1,same_source_cyclic_next_latent,True
