split,source,original_index,frame,coordinate_mse,zero_displacement_mse,explained_displacement_score,shuffled_same_source_coordinate_mse,shuffled_original_index,valid,total,control,transfer_only
train,reid,60,0,2.1023796037411557e-08,0.0,,1.847110731034718e-08,45,1,1,same_source_cyclic_next_latent,False
train,reid,60,5,1.5415928089623776e-08,9.641969000995232e-08,0.8401163902514874,2.648341634881035e-08,45,1,1,same_source_cyclic_next_latent,False
train,reid,60,10,4.916191898018951e-08,3.9934545270625676e-07,0.876893755401414,8.454507849364745e-08,45,1,1,same_source_cyclic_next_latent,False
train,reid,60,25,4.458696309939114e-07,2.613964852571371e-06,0.8294278400280298,4.834981837120722e-07,45,1,1,same_source_cyclic_next_latent,False
train,reid,60,50,2.0779248188773636e-06,1.078044169844361e-05,0.8072504933469139,2.1642665615217993e-06,45,1,1,same_source_cyclic_next_latent,False
train,reid,60,75,5.1010310926358216e-06,2.4720842702663504e-05,0.7936546438165629,5.362636784411734e-06,45,1,1,same_source_cyclic_next_latent,False
train,reid,60,100,9.759743988979608e-06,4.460650961846113e-05,0.7812035939942636,1.0241938980470877e-05,45,1,1,same_source_cyclic_next_latent,False
train,reid,60,125,1.622653508093208e-05,7.057588663883507e-05,0.7700838649896143,1.6950858480413444e-05,45,1,1,same_source_cyclic_next_latent,False
train,reid,60,149,2.4267023036372848e-05,0.00010132297029485926,0.7604983059048352,2.523588773328811e-05,45,1,1,same_source_cyclic_next_latent,False
train,reid,60,175,3.513753108563833e-05,0.00014116728561930358,0.751092960869161,3.6388675653142855e-05,45,1,1,same_source_cyclic_next_latent,False
train,reid,60,199,4.726945553557016e-05,0.00018406144226901233,0.7431865416631682,4.8793070163810626e-05,45,1,1,same_source_cyclic_next_latent,False
train,reid,45,0,2.24507399337881e-08,0.0,,2.7193731710895008e-08,43,1,1,same_source_cyclic_next_latent,False
train,reid,45,5,1.975414143373655e-08,1.0940514982848981e-07,0.819440479130056,2.399471377145801e-08,43,1,1,same_source_cyclic_next_latent,False
train,reid,45,10,5.436826810978346e-08,4.6404014142353844e-07,0.8828371443405787,1.3246464902749722e-07,43,1,1,same_source_cyclic_next_latent,False
train,reid,45,25,2.9273161317178165e-07,3.1349377422884572e-06,0.9066228304240288,1.0755827588582179e-06,43,1,1,same_source_cyclic_next_latent,False
train,reid,45,50,1.4513136648020009e-06,1.3438479982141871e-05,0.8920031382469875,5.152176981937373e-06,43,1,1,same_source_cyclic_next_latent,False
train,reid,45,75,3.8074801977927564e-06,3.1573268643114716e-05,0.8794081081426751,1.2528077604656573e-05,43,1,1,same_source_cyclic_next_latent,False
train,reid,45,100,7.5371658567746636e-06,5.785295434179716e-05,0.8697185659310527,2.3433985916199163e-05,43,1,1,same_source_cyclic_next_latent,False
train,reid,45,125,1.2773028174706269e-05,9.246835543308407e-05,0.8618659527912808,3.8083006074884906e-05,43,1,1,same_source_cyclic_next_latent,False
train,reid,45,149,1.935263571795076e-05,0.00013366823259275407,0.8552188852761128,5.580990909948014e-05,43,1,1,same_source_cyclic_next_latent,False
train,reid,45,175,2.834096630977001e-05,0.00018724941764958203,0.8486459041340935,7.917637412901968e-05,43,1,1,same_source_cyclic_next_latent,False
train,reid,45,199,3.846762774628587e-05,0.00024507357738912106,0.8430364131617174,0.00010451810521772131,43,1,1,same_source_cyclic_next_latent,False
train,reid,43,0,2.3987976049966164e-08,0.0,,1.9702468989635236e-08,73,1,1,same_source_cyclic_next_latent,False
train,reid,43,5,1.728000675882413e-08,1.0691530860640341e-07,0.8383766835258502,1.2928521364585777e-08,73,1,1,same_source_cyclic_next_latent,False
train,reid,43,10,4.077867288287962e-08,4.3156654783160775e-07,0.9055101163707643,4.217613991386315e-08,73,1,1,same_source_cyclic_next_latent,False
train,reid,43,25,6.612245329051802e-08,2.7168591714143986e-06,0.9756621712357307,1.0449349474583869e-07,73,1,1,same_source_cyclic_next_latent,False
train,reid,43,50,1.280340597986651e-07,1.0897718311753124e-05,0.9882512966351331,2.499865843219595e-07,73,1,1,same_source_cyclic_next_latent,False
train,reid,43,75,2.5435269890294876e-07,2.4548364308429882e-05,0.9896387109256154,5.698914833374147e-07,73,1,1,same_source_cyclic_next_latent,False
train,reid,43,100,4.215748958813492e-07,4.367970905150287e-05,0.990348495788187,1.0442521443110309e-06,73,1,1,same_source_cyclic_next_latent,False
train,reid,43,125,6.29090322945558e-07,6.829092308180407e-05,0.9907880828877949,1.617415819055168e-06,73,1,1,same_source_cyclic_next_latent,False
train,reid,43,149,8.738131782592973e-07,9.707405115477741e-05,0.9909984885985024,2.24800487558241e-06,73,1,1,same_source_cyclic_next_latent,False
train,reid,43,175,1.2080447504558833e-06,0.000133975685457699,0.9909831045362533,3.0589826565119438e-06,73,1,1,same_source_cyclic_next_latent,False
train,reid,43,199,1.6105948361655464e-06,0.00017330388072878122,0.9907065275780748,3.98003385271295e-06,73,1,1,same_source_cyclic_next_latent,False
train,reid,73,0,1.8823124392497448e-08,0.0,,1.7862546997093887e-08,85,1,1,same_source_cyclic_next_latent,False
train,reid,73,5,1.0202241718104688e-08,1.0321873844532092e-07,0.901159015584082,2.2629201623658446e-08,85,1,1,same_source_cyclic_next_latent,False
train,reid,73,10,2.7309615902026962e-08,4.1087471913670015e-07,0.9335329855304606,6.975481170456987e-08,85,1,1,same_source_cyclic_next_latent,False
train,reid,73,25,4.35044427149478e-08,2.558030018917634e-06,0.9829929897643048,3.193815416580037e-07,85,1,1,same_source_cyclic_next_latent,False
train,reid,73,50,9.082404517357645e-08,1.0220051990472712e-05,0.9911131523344261,1.3412918633548543e-06,85,1,1,same_source_cyclic_next_latent,False
train,reid,73,75,1.8776634647110768e-07,2.298522122146096e-05,0.9918309967669229,3.164631607432966e-06,85,1,1,same_source_cyclic_next_latent,False
train,reid,73,100,3.305942186671018e-07,4.0849776269169524e-05,0.9919070739460424,5.767210041085491e-06,85,1,1,same_source_cyclic_next_latent,False
train,reid,73,125,5.212581299929298e-07,6.38140772935003e-05,0.9918316122068881,9.20153979677707e-06,85,1,1,same_source_cyclic_next_latent,False
train,reid,73,149,7.607482643834373e-07,9.065200720215216e-05,0.9916080372860693,1.3348512766242493e-05,85,1,1,same_source_cyclic_next_latent,False
train,reid,73,175,1.1150755199196283e-06,0.0001250171335414052,0.9910806184053939,1.8871134670916945e-05,85,1,1,same_source_cyclic_next_latent,False
train,reid,73,199,1.5705799114584806e-06,0.0001616336521692574,0.9902830883892061,2.501649760233704e-05,85,1,1,same_source_cyclic_next_latent,False
train,reid,85,0,2.075195482120762e-08,0.0,,2.699146151030618e-08,60,1,1,same_source_cyclic_next_latent,False
train,reid,85,5,1.4006473314509549e-08,9.90699291492092e-08,0.8586203358093211,1.3936406695336245e-08,60,1,1,same_source_cyclic_next_latent,False
train,reid,85,10,4.483294091528478e-08,4.059011473600549e-07,0.8895471441584379,4.511932516493289e-08,60,1,1,same_source_cyclic_next_latent,False
train,reid,85,25,1.9311197263505164e-07,2.6302745936845895e-06,0.9265810599780258,4.797847168447333e-07,60,1,1,same_source_cyclic_next_latent,False
train,reid,85,50,7.574237201879441e-07,1.072301711246837e-05,0.9293646823236683,1.9243780116084963e-06,60,1,1,same_source_cyclic_next_latent,False
train,reid,85,75,1.7811811403589672e-06,2.430160930089187e-05,0.9267052186418947,4.429805812833365e-06,60,1,1,same_source_cyclic_next_latent,False
train,reid,85,100,3.242776301703998e-06,4.336205529398285e-05,0.9252162684697747,8.229047125496436e-06,60,1,1,same_source_cyclic_next_latent,False
train,reid,85,125,5.130113095219713e-06,6.791073246859014e-05,0.9244579920030684,1.3166436474421062e-05,60,1,1,same_source_cyclic_next_latent,False
train,reid,85,149,7.356399237323785e-06,9.663699165685102e-05,0.9238759494558184,1.870544656412676e-05,60,1,1,same_source_cyclic_next_latent,False
train,reid,85,175,1.0269418453390244e-05,0.0001334734115516767,0.9230601935321459,2.5256655135308392e-05,60,1,1,same_source_cyclic_next_latent,False
train,reid,85,199,1.347750276181614e-05,0.00017275374557357281,0.921984309416456,3.1497664167545736e-05,60,1,1,same_source_cyclic_next_latent,False
train,depablo_low_temp,99,0,5.725628682284878e-08,0.0,,1.1260950572022921e-07,145,1,1,same_source_cyclic_next_latent,False
train,depablo_low_temp,99,5,2.0591016891557956e-08,1.005318210900441e-07,0.7951791117648705,6.903079707853976e-08,145,1,1,same_source_cyclic_next_latent,False
train,depablo_low_temp,99,10,2.3122613157511296e-08,4.115541969440528e-07,0.9438163592323793,1.210644455795773e-07,145,1,1,same_source_cyclic_next_latent,False
train,depablo_low_temp,99,25,9.661968647378671e-08,2.6255513603246072e-06,0.9632002298892979,6.697613343931152e-07,145,1,1,same_source_cyclic_next_latent,False
train,depablo_low_temp,99,50,3.5244318041804945e-07,1.0610699973767623e-05,0.9667841724589914,2.3342986423813272e-06,145,1,1,same_source_cyclic_next_latent,False
train,depablo_low_temp,99,75,8.11262736988283e-07,2.4012397261685692e-05,0.9662148377712068,5.294188213156303e-06,145,1,1,same_source_cyclic_next_latent,False
train,depablo_low_temp,99,100,1.4590840464734356e-06,4.2894575017271563e-05,0.9659844153745332,1.0009081961470656e-05,145,1,1,same_source_cyclic_next_latent,False
train,depablo_low_temp,99,125,2.297008677487611e-06,6.73249815008603e-05,0.9658817778144022,1.6491230780957267e-05,145,1,1,same_source_cyclic_next_latent,False
train,depablo_low_temp,99,149,3.3029416499630315e-06,9.607322863303125e-05,0.9656205823728564,2.3890364900580607e-05,145,1,1,same_source_cyclic_next_latent,False
train,depablo_low_temp,99,175,4.661250841309084e-06,0.00013315709657035768,0.9649943490706395,3.24105130857788e-05,145,1,1,same_source_cyclic_next_latent,False
train,depablo_low_temp,99,199,6.243822554097278e-06,0.00017297302838414907,0.9639029124226778,4.014397200080566e-05,145,1,1,same_source_cyclic_next_latent,False
train,depablo_low_temp,145,0,1.3466612358570273e-07,0.0,,1.098222526252357e-07,7,1,1,same_source_cyclic_next_latent,False
train,depablo_low_temp,145,5,6.351891812528265e-08,1.0263002536703425e-07,0.3810883520868198,5.269835767762743e-08,7,1,1,same_source_cyclic_next_latent,False
train,depablo_low_temp,145,10,5.2380261905682346e-08,4.3361850998735463e-07,0.8792019697055601,5.3021206980474744e-08,7,1,1,same_source_cyclic_next_latent,False
train,depablo_low_temp,145,25,2.2278148037457868e-07,2.8988624762860127e-06,0.9231486549648248,4.64673320266229e-07,7,1,1,same_source_cyclic_next_latent,False
train,depablo_low_temp,145,50,8.774952107160061e-07,1.2047797099512536e-05,0.9271655055718435,2.7573119041335303e-06,7,1,1,same_source_cyclic_next_latent,False
train,depablo_low_temp,145,75,2.0518889414233854e-06,2.75988695648266e-05,0.9256531526914995,6.989970643189736e-06,7,1,1,same_source_cyclic_next_latent,False
train,depablo_low_temp,145,100,3.733982794074109e-06,4.965141852153465e-05,0.9247960500372286,1.2922732821607497e-05,7,1,1,same_source_cyclic_next_latent,False
train,depablo_low_temp,145,125,5.894475179957226e-06,7.831659604562446e-05,0.9247352990607085,2.0291523469495587e-05,7,1,1,same_source_cyclic_next_latent,False
train,depablo_low_temp,145,149,8.409710972046014e-06,0.00011215145786991343,0.9250146976974603,2.830534867825918e-05,7,1,1,same_source_cyclic_next_latent,False
train,depablo_low_temp,145,175,1.1748170436476357e-05,0.0001558988878969103,0.924642371764416,3.7623991374857724e-05,7,1,1,same_source_cyclic_next_latent,False
train,depablo_low_temp,145,199,1.5733772670500912e-05,0.00020291323016863316,0.9224605874273195,4.659336991608143e-05,7,1,1,same_source_cyclic_next_latent,False
train,depablo_low_temp,7,0,7.304904414695557e-08,0.0,,3.445349960884414e-08,133,1,1,same_source_cyclic_next_latent,False
train,depablo_low_temp,7,5,2.8250550343500436e-08,1.011753809621041e-07,0.7207764371642755,5.341402697922604e-08,133,1,1,same_source_cyclic_next_latent,False
train,depablo_low_temp,7,10,3.0013076468549116e-08,4.1584544874240237e-07,0.9278263678024744,1.8491220998839708e-07,133,1,1,same_source_cyclic_next_latent,False
train,depablo_low_temp,7,25,1.3733333048548957e-07,2.653020374054904e-06,0.9482351014607596,9.319223863712978e-07,133,1,1,same_source_cyclic_next_latent,False
train,depablo_low_temp,7,50,4.968827624907135e-07,1.0714314157667104e-05,0.953624398614899,3.3631154110480566e-06,133,1,1,same_source_cyclic_next_latent,False
train,depablo_low_temp,7,75,1.107736579797347e-06,2.4235781893366948e-05,0.9542933426009861,7.672033461858518e-06,133,1,1,same_source_cyclic_next_latent,False
train,depablo_low_temp,7,100,1.9820629404421197e-06,4.327576607465744e-05,0.9541992408170717,1.3840491192240734e-05,133,1,1,same_source_cyclic_next_latent,False
train,depablo_low_temp,7,125,3.1489814773522085e-06,6.790105544496328e-05,0.9536239686302874,2.1763184122391976e-05,133,1,1,same_source_cyclic_next_latent,False
train,depablo_low_temp,7,149,4.590386652125744e-06,9.687045530881733e-05,0.9526131405340064,3.100515459664166e-05,133,1,1,same_source_cyclic_next_latent,False
train,depablo_low_temp,7,175,6.603221208933974e-06,0.0001342045870842412,0.9507973508775145,4.2861123802140355e-05,133,1,1,same_source_cyclic_next_latent,False
train,depablo_low_temp,7,199,9.035219591169152e-06,0.0001742498279782012,0.9481478995072554,5.561253783525899e-05,133,1,1,same_source_cyclic_next_latent,False
train,depablo_low_temp,133,0,4.086975025074935e-08,0.0,,1.44126275358758e-07,198,1,1,same_source_cyclic_next_latent,False
train,depablo_low_temp,133,5,2.6282911846919887e-08,1.0488408719311337e-07,0.7494099195569335,1.1060252091965594e-07,198,1,1,same_source_cyclic_next_latent,False
train,depablo_low_temp,133,10,5.850732520684687e-08,4.206289361263771e-07,0.8609051347117297,2.287164733161262e-07,198,1,1,same_source_cyclic_next_latent,False
train,depablo_low_temp,133,25,1.0066419520171621e-07,2.6371496915089665e-06,0.9618284106033751,1.452553078706842e-06,198,1,1,same_source_cyclic_next_latent,False
train,depablo_low_temp,133,50,1.1565544610903089e-07,1.056383189279586e-05,0.9890517525001601,6.150481112854322e-06,198,1,1,same_source_cyclic_next_latent,False
train,depablo_low_temp,133,75,2.1172668596136646e-07,2.3784537916071713e-05,0.9910981375081372,1.4223616744857281e-05,198,1,1,same_source_cyclic_next_latent,False
train,depablo_low_temp,133,100,3.5511902751750313e-07,4.23004494223278e-05,0.991604840318078,2.6041088858619332e-05,198,1,1,same_source_cyclic_next_latent,False
train,depablo_low_temp,133,125,5.413261874309683e-07,6.611568096559495e-05,0.9918124387509121,4.18742056353949e-05,198,1,1,same_source_cyclic_next_latent,False
train,depablo_low_temp,133,149,7.86355940363137e-07,9.396969107910991e-05,0.991631813073631,6.0663231124635786e-05,198,1,1,same_source_cyclic_next_latent,False
train,depablo_low_temp,133,175,1.1725442163879052e-06,0.0001296565606025979,0.9909565377105614,8.417660865234211e-05,198,1,1,same_source_cyclic_next_latent,False
train,depablo_low_temp,133,199,1.6956761328401626e-06,0.00016769676585681736,0.9898884386697835,0.00010776954877655953,198,1,1,same_source_cyclic_next_latent,False
train,depablo_low_temp,198,0,1.0349491930128352e-07,0.0,,6.394005680476766e-08,99,1,1,same_source_cyclic_next_latent,False
train,depablo_low_temp,198,5,3.716855445645706e-08,1.0731390176488276e-07,0.6536464163059623,1.8585573968721292e-08,99,1,1,same_source_cyclic_next_latent,False
train,depablo_low_temp,198,10,3.217499511265487e-08,4.575125842620764e-07,0.9296740762561755,3.449052243809092e-08,99,1,1,same_source_cyclic_next_latent,False
train,depablo_low_temp,198,25,1.9623863067863567e-07,3.006710130648571e-06,0.9347331062351842,3.2518073567189276e-07,99,1,1,same_source_cyclic_next_latent,False
train,depablo_low_temp,198,50,7.691947985222214e-07,1.2325030184001662e-05,0.9375908385587027,1.5288547956515686e-06,99,1,1,same_source_cyclic_next_latent,False
train,depablo_low_temp,198,75,1.7469571957917651e-06,2.8102962460252456e-05,0.937837258322407,3.5904131436836906e-06,99,1,1,same_source_cyclic_next_latent,False
train,depablo_low_temp,198,100,3.1508170650340617e-06,5.048274033470079e-05,0.9375862513773197,6.57140890325536e-06,99,1,1,same_source_cyclic_next_latent,False
train,depablo_low_temp,198,125,5.0287635531276464e-06,7.960081711644307e-05,0.9368252269851529,1.059837086359039e-05,99,1,1,same_source_cyclic_next_latent,False
train,depablo_low_temp,198,149,7.320509666897124e-06,0.00011402370728319511,0.9357983542079058,1.5506733689107932e-05,99,1,1,same_source_cyclic_next_latent,False
train,depablo_low_temp,198,175,1.0350089723942801e-05,0.00015858883853070438,0.9347363293669692,2.1945515982224606e-05,99,1,1,same_source_cyclic_next_latent,False
train,depablo_low_temp,198,199,1.366227661492303e-05,0.00020657408458646387,0.9338625818322117,2.888711060222704e-05,99,1,1,same_source_cyclic_next_latent,False
train,lj_noisy,178,0,5.35626476505513e-08,0.0,,9.680470469675129e-08,199,1,1,same_source_cyclic_next_latent,False
train,lj_noisy,178,5,1.3121844055774545e-08,8.898146575120336e-08,0.8525328399010208,4.626339489277598e-08,199,1,1,same_source_cyclic_next_latent,False
train,lj_noisy,178,10,3.0319093013986276e-08,3.5017228583456017e-07,0.9134166402068992,4.920670448882447e-08,199,1,1,same_source_cyclic_next_latent,False
train,lj_noisy,178,25,2.6647194317774847e-07,2.1434675545606297e-06,0.8756818396384031,3.875495906413562e-07,199,1,1,same_source_cyclic_next_latent,False
train,lj_noisy,178,50,1.4723077583767008e-06,8.785852514847647e-06,0.8324228917013374,2.4287853648274904e-06,199,1,1,same_source_cyclic_next_latent,False
train,lj_noisy,178,75,3.918544280168135e-06,2.023533670580946e-05,0.8063514169723135,6.204633791639935e-06,199,1,1,same_source_cyclic_next_latent,False
train,lj_noisy,178,100,7.226494290080154e-06,3.592209759517573e-05,0.7988287217656616,1.106171384890331e-05,199,1,1,same_source_cyclic_next_latent,False
train,lj_noisy,178,125,1.1367331353540067e-05,5.6316977861570194e-05,0.798154450306593,1.709330899757333e-05,199,1,1,same_source_cyclic_next_latent,False
train,lj_noisy,178,149,1.521705235063564e-05,8.071761840255931e-05,0.8114779319337158,2.2426234863814898e-05,199,1,1,same_source_cyclic_next_latent,False
train,lj_noisy,178,175,1.9293736841063946e-05,0.00011241415631957352,0.8283691532033095,2.755768218776211e-05,199,1,1,same_source_cyclic_next_latent,False
train,lj_noisy,178,199,2.3753684217808768e-05,0.00014669761003460735,0.8380772242151385,3.246672349632718e-05,199,1,1,same_source_cyclic_next_latent,False
train,lj_noisy,199,0,7.492101872230705e-08,0.0,,5.8763482968515746e-08,42,1,1,same_source_cyclic_next_latent,False
train,lj_noisy,199,5,2.4395044206926286e-08,9.910389309197853e-08,0.7538437346322491,1.899295121177147e-08,42,1,1,same_source_cyclic_next_latent,False
train,lj_noisy,199,10,3.438309903458503e-08,4.1158244812322664e-07,0.9164612116202515,4.84644999687589e-08,42,1,1,same_source_cyclic_next_latent,False
train,lj_noisy,199,25,2.8935920681760763e-07,2.667711441972642e-06,0.8915327938903165,3.431120205732441e-07,42,1,1,same_source_cyclic_next_latent,False
train,lj_noisy,199,50,1.6192735756703769e-06,1.0994632248184644e-05,0.8527214426896598,1.7243977481484762e-06,42,1,1,same_source_cyclic_next_latent,False
train,lj_noisy,199,75,4.535364951152587e-06,2.538395165174734e-05,0.82132943627631,4.8209235501417425e-06,42,1,1,same_source_cyclic_next_latent,False
train,lj_noisy,199,100,9.372855856781825e-06,4.609454845194705e-05,0.7966602088194247,9.945580131898168e-06,42,1,1,same_source_cyclic_next_latent,False
train,lj_noisy,199,125,1.511203754489543e-05,7.323205500142649e-05,0.7936417659643573,1.5984436686267145e-05,42,1,1,same_source_cyclic_next_latent,False
train,lj_noisy,199,149,2.1006600945838727e-05,0.00010478922195034102,0.7995347178377408,2.2168756913742982e-05,42,1,1,same_source_cyclic_next_latent,False
train,lj_noisy,199,175,2.850424061762169e-05,0.00014562370779458433,0.8042609884797773,2.9997756428201683e-05,42,1,1,same_source_cyclic_next_latent,False
train,lj_noisy,199,199,3.707162250066176e-05,0.00019014337158296257,0.8050333167439033,3.9021833799779415e-05,42,1,1,same_source_cyclic_next_latent,False
train,lj_noisy,42,0,7.881641295170994e-08,0.0,,9.191779071215933e-08,102,1,1,same_source_cyclic_next_latent,False
train,lj_noisy,42,5,2.9590422556680096e-08,9.799599354209931e-08,0.69804456807749,4.7826098636960523e-08,102,1,1,same_source_cyclic_next_latent,False
train,lj_noisy,42,10,3.510569257514362e-08,4.02869886784174e-07,0.9128609664639679,5.554140258823281e-08,102,1,1,same_source_cyclic_next_latent,False
train,lj_noisy,42,25,2.2883222072778153e-07,2.6836687538889237e-06,0.914731570207322,3.576316771614074e-07,102,1,1,same_source_cyclic_next_latent,False
train,lj_noisy,42,50,1.1778486168623203e-06,1.129412430600496e-05,0.8957113818699453,1.8274175772603485e-06,102,1,1,same_source_cyclic_next_latent,False
train,lj_noisy,42,75,2.694424892979441e-06,2.5744931917870417e-05,0.8953415413342325,4.499375791056082e-06,102,1,1,same_source_cyclic_next_latent,False
train,lj_noisy,42,100,4.98685903949081e-06,4.618121238308959e-05,0.8920154153138502,8.355545105587225e-06,102,1,1,same_source_cyclic_next_latent,False
train,lj_noisy,42,125,7.772136996209156e-06,7.250723137985915e-05,0.8928088019870515,1.256363611901179e-05,102,1,1,same_source_cyclic_next_latent,False
train,lj_noisy,42,149,1.0793919500429183e-05,0.0001034081433317624,0.8956182835059783,1.633840292925015e-05,102,1,1,same_source_cyclic_next_latent,False
train,lj_noisy,42,175,1.4721423212904483e-05,0.00014329282566905022,0.8972633616221293,2.0284329366404563e-05,102,1,1,same_source_cyclic_next_latent,False
train,lj_noisy,42,199,1.896117282740306e-05,0.00018602452473714948,0.8980716502074392,2.446209327899851e-05,102,1,1,same_source_cyclic_next_latent,False
train,lj_noisy,102,0,5.8121070622974e-08,0.0,,4.669346864716317e-08,99,1,1,same_source_cyclic_next_latent,False
train,lj_noisy,102,5,1.900468049598203e-08,1.047859115033134e-07,0.8186332473198834,1.3740420357066796e-08,99,1,1,same_source_cyclic_next_latent,False
train,lj_noisy,102,10,4.3082252432213863e-08,4.6877312342985533e-07,0.908095728447494,6.266983376690405e-08,99,1,1,same_source_cyclic_next_latent,False
train,lj_noisy,102,25,3.7772122141177533e-07,3.25413498103444e-06,0.8839257671813898,4.950929906044621e-07,99,1,1,same_source_cyclic_next_latent,False
train,lj_noisy,102,50,1.7865529571281513e-06,1.3549693903769366e-05,0.8681480947232946,2.08698247661232e-06,99,1,1,same_source_cyclic_next_latent,False
train,lj_noisy,102,75,4.374060608824948e-06,3.12767515424639e-05,0.8601497792094437,5.166741175344214e-06,99,1,1,same_source_cyclic_next_latent,False
train,lj_noisy,102,100,8.175543371180538e-06,5.606986815109849e-05,0.8541900731931654,9.732840226206463e-06,99,1,1,same_source_cyclic_next_latent,False
train,lj_noisy,102,125,1.3480391316988971e-05,8.798276394372806e-05,0.846783725439556,1.5955822163959965e-05,99,1,1,same_source_cyclic_next_latent,False
train,lj_noisy,102,149,2.0165834939689375e-05,0.00012481326120905578,0.8384319523074344,2.3570863049826585e-05,99,1,1,same_source_cyclic_next_latent,False
train,lj_noisy,102,175,2.9382006687228568e-05,0.0001706574548734352,0.8278305116584613,3.389190896996297e-05,99,1,1,same_source_cyclic_next_latent,False
train,lj_noisy,102,199,4.056027319165878e-05,0.00021850221673958004,0.8143713423283014,4.5667020458495244e-05,99,1,1,same_source_cyclic_next_latent,False
train,lj_noisy,99,0,4.6494331940039046e-08,0.0,,3.8560301618417725e-08,178,1,1,same_source_cyclic_next_latent,False
train,lj_noisy,99,5,1.47444119136253e-08,8.34548146144698e-08,0.8233246100690655,1.4517945068348581e-08,178,1,1,same_source_cyclic_next_latent,False
train,lj_noisy,99,10,3.4707518636878376e-08,3.481648036540719e-07,0.9003129602055844,5.893171106663431e-08,178,1,1,same_source_cyclic_next_latent,False
train,lj_noisy,99,25,2.8343680469333776e-07,2.3629713723494206e-06,0.8800506819464654,4.6357752125913976e-07,178,1,1,same_source_cyclic_next_latent,False
train,lj_noisy,99,50,1.3399085219134577e-06,9.879052413452882e-06,0.8643687202136081,1.9120632259728154e-06,178,1,1,same_source_cyclic_next_latent,False
train,lj_noisy,99,75,3.5363173083169386e-06,2.2769198039895855e-05,0.8446885436140239,4.910165444016457e-06,178,1,1,same_source_cyclic_next_latent,False
train,lj_noisy,99,100,7.2326297413383145e-06,4.133538095629774e-05,0.8250256904857104,9.95477330434369e-06,178,1,1,same_source_cyclic_next_latent,False
train,lj_noisy,99,125,1.2883539966423996e-05,6.574357394129038e-05,0.8040334713484072,1.7135873349616304e-05,178,1,1,same_source_cyclic_next_latent,False
train,lj_noisy,99,149,2.0912526451866142e-05,9.555911674397066e-05,0.7811561349201606,2.6168296244577505e-05,178,1,1,same_source_cyclic_next_latent,False
train,lj_noisy,99,175,3.308730447315611e-05,0.0001350232632830739,0.7549510827346162,3.896331327268854e-05,178,1,1,same_source_cyclic_next_latent,False
train,lj_noisy,99,199,4.589611489791423e-05,0.0001759650040185079,0.7391747571972498,5.2082090405747294e-05,178,1,1,same_source_cyclic_next_latent,False
validation,reid,41,0,2.338626003961508e-08,0.0,,2.1200005306809544e-08,49,1,1,same_source_cyclic_next_latent,False
validation,reid,41,5,1.463923648969967e-08,1.1149158041234841e-07,0.8686964842048442,1.0946309636494789e-08,49,1,1,same_source_cyclic_next_latent,False
validation,reid,41,10,4.292277111517251e-08,4.7308003559010103e-07,0.9092695360487314,3.8080667508211263e-08,49,1,1,same_source_cyclic_next_latent,False
validation,reid,41,25,3.379304587269871e-07,3.1498402677243575e-06,0.8927150490170318,3.4481203670111427e-07,49,1,1,same_source_cyclic_next_latent,False
validation,reid,41,50,1.741878577377065e-06,1.3119908544467762e-05,0.8672339390573299,1.8186174202128313e-06,49,1,1,same_source_cyclic_next_latent,False
validation,reid,41,75,4.454914687812561e-06,3.0207520467229187e-05,0.8525229936483697,4.8212759793386795e-06,49,1,1,same_source_cyclic_next_latent,False
validation,reid,41,100,8.543208423361648e-06,5.462400440592319e-05,0.8435997412442494,9.715804480947554e-06,49,1,1,same_source_cyclic_next_latent,False
validation,reid,41,125,1.4143272892397363e-05,8.655185956740752e-05,0.8365919234654637,1.6847850929480046e-05,49,1,1,same_source_cyclic_next_latent,False
validation,reid,41,149,2.1223075236775912e-05,0.00012444172170944512,0.8294536997299911,2.6042476747534238e-05,49,1,1,same_source_cyclic_next_latent,False
validation,reid,41,175,3.11485564452596e-05,0.00017371567082591355,0.8206923054369998,3.862700395984575e-05,49,1,1,same_source_cyclic_next_latent,False
validation,reid,41,199,4.262287257006392e-05,0.000227016702410765,0.8122478561381712,5.264401625026949e-05,49,1,1,same_source_cyclic_next_latent,False
validation,reid,49,0,1.7965126275498733e-08,0.0,,1.8163731851927878e-08,25,1,1,same_source_cyclic_next_latent,False
validation,reid,49,5,1.6863349827644925e-08,1.0523766036385496e-07,0.8397593621015464,1.773330815524332e-08,25,1,1,same_source_cyclic_next_latent,False
validation,reid,49,10,7.745867236508275e-08,4.594179756622907e-07,0.8313982550347113,8.372965965008916e-08,25,1,1,same_source_cyclic_next_latent,False
validation,reid,49,25,7.324067610170459e-07,3.2462357921758667e-06,0.7743827596312303,8.677142773194646e-07,25,1,1,same_source_cyclic_next_latent,False
validation,reid,49,50,3.8887137634446844e-06,1.4092956007516477e-05,0.7240668486178032,4.3132054088346194e-06,25,1,1,same_source_cyclic_next_latent,False
validation,reid,49,75,9.768725249159615e-06,3.3031355997081846e-05,0.7042590304187744,1.0522564480197616e-05,25,1,1,same_source_cyclic_next_latent,False
validation,reid,49,100,1.8286760678165592e-05,6.0234524426050484e-05,0.6964073203463883,1.9189496015314944e-05,25,1,1,same_source_cyclic_next_latent,False
validation,reid,49,125,2.9337697924347594e-05,9.579287143424153e-05,0.6937381927789178,3.0120576411718503e-05,25,1,1,same_source_cyclic_next_latent,False
validation,reid,49,149,4.229939804645255e-05,0.0001378952874802053,0.6932498650287482,4.290325887268409e-05,25,1,1,same_source_cyclic_next_latent,False
validation,reid,49,175,5.911945117986761e-05,0.00019256462110206485,0.6929890296487402,5.987962504150346e-05,25,1,1,same_source_cyclic_next_latent,False
validation,reid,49,199,7.758835999993607e-05,0.0002518006949685514,0.6918659815072137,7.91079000919126e-05,25,1,1,same_source_cyclic_next_latent,False
validation,reid,25,0,1.746520794654316e-08,0.0,,2.0203058781476102e-08,93,1,1,same_source_cyclic_next_latent,False
validation,reid,25,5,1.8806190382747445e-08,1.0530127525498756e-07,0.8214058629659692,5.5209053329008384e-08,93,1,1,same_source_cyclic_next_latent,False
validation,reid,25,10,8.409308094314838e-08,4.6677956788698793e-07,0.819844126160406,2.578198063929449e-07,93,1,1,same_source_cyclic_next_latent,False
validation,reid,25,25,8.109425948532589e-07,3.385780473763589e-06,0.7604857724423504,1.8180269307777053e-06,93,1,1,same_source_cyclic_next_latent,False
validation,reid,25,50,3.935526365239639e-06,1.4759227269678377e-05,0.7333514625576059,8.09042921900982e-06,93,1,1,same_source_cyclic_next_latent,False
validation,reid,25,75,9.52113805396948e-06,3.434355676290579e-05,0.722767850758743,1.9302764485473745e-05,93,1,1,same_source_cyclic_next_latent,False
validation,reid,25,100,1.7593112715985626e-05,6.215853500179946e-05,0.7169638455044619,3.5422715882305056e-05,93,1,1,same_source_cyclic_next_latent,False
validation,reid,25,125,2.8461407055146992e-05,9.824951848713681e-05,0.7103150479167665,5.642687756335363e-05,93,1,1,same_source_cyclic_next_latent,False
validation,reid,25,149,4.2066891182912514e-05,0.0001407447998644784,0.7011122881739271,8.125326712615788e-05,93,1,1,same_source_cyclic_next_latent,False
validation,reid,25,175,6.112395931268111e-05,0.00019554639584384859,0.6874196578826696,0.00011341479694237933,93,1,1,same_source_cyclic_next_latent,False
validation,reid,25,199,8.318768232129514e-05,0.00025431934045627713,0.6729006839509445,0.00014810875291004777,93,1,1,same_source_cyclic_next_latent,False
validation,reid,93,0,2.185478464866719e-08,0.0,,2.435270829437286e-08,84,1,1,same_source_cyclic_next_latent,False
validation,reid,93,5,1.7963902365636386e-08,1.0514619930290792e-07,0.8291530984026774,9.600852557412054e-09,84,1,1,same_source_cyclic_next_latent,False
validation,reid,93,10,5.104262257304981e-08,4.2241856590408133e-07,0.8791657689954847,2.863743908676497e-08,84,1,1,same_source_cyclic_next_latent,False
validation,reid,93,25,1.0166005637302078e-07,2.6625341433828e-06,0.9618183088372119,1.1185374404476534e-07,84,1,1,same_source_cyclic_next_latent,False
validation,reid,93,50,2.2898348106537014e-07,1.0701617611630354e-05,0.9786029094502018,4.853661152992572e-07,84,1,1,same_source_cyclic_next_latent,False
validation,reid,93,75,5.017420789954485e-07,2.4128486984409392e-05,0.9792054064840597,1.2633001915673958e-06,84,1,1,same_source_cyclic_next_latent,False
validation,reid,93,100,9.079182063942426e-07,4.294652535463683e-05,0.9788593326492194,2.4263395062007476e-06,84,1,1,same_source_cyclic_next_latent,False
validation,reid,93,125,1.456137397326529e-06,6.716716598020867e-05,0.978320696190225,3.957894932682393e-06,84,1,1,same_source_cyclic_next_latent,False
validation,reid,93,149,2.1370237845985685e-06,9.55089635681361e-05,0.9776248877093717,5.784100721939467e-06,84,1,1,same_source_cyclic_next_latent,False
validation,reid,93,175,3.0826545298623387e-06,0.0001318353315582499,0.9766173870583372,8.199724106816575e-06,84,1,1,same_source_cyclic_next_latent,False
validation,reid,93,199,4.1930138650059234e-06,0.00017057791410479695,0.9754187762993168,1.0908975127676968e-05,84,1,1,same_source_cyclic_next_latent,False
validation,reid,84,0,2.3073265964512757e-08,0.0,,2.1260246896304125e-08,96,1,1,same_source_cyclic_next_latent,False
validation,reid,84,5,1.3190263992157725e-08,9.34500405946892e-08,0.8588522390336197,1.390017168034774e-08,96,1,1,same_source_cyclic_next_latent,False
validation,reid,84,10,3.589606833998005e-08,3.706644804424286e-07,0.9031575178254626,3.883602417431575e-08,96,1,1,same_source_cyclic_next_latent,False
validation,reid,84,25,1.082832881138529e-07,2.3013249119685497e-06,0.9529474140958099,1.0252404791799563e-07,96,1,1,same_source_cyclic_next_latent,False
validation,reid,84,50,3.0950505447435717e-07,9.18923342396738e-06,0.966318729735703,2.8803600571336574e-07,96,1,1,same_source_cyclic_next_latent,False
validation,reid,84,75,6.662242526545015e-07,2.066570050374139e-05,0.9677618354851371,6.818545443820767e-07,96,1,1,same_source_cyclic_next_latent,False
validation,reid,84,100,1.163321371677739e-06,3.673380706459284e-05,0.9683310425834123,1.274437863685307e-06,96,1,1,same_source_cyclic_next_latent,False
validation,reid,84,125,1.7897244788400712e-06,5.7396227930439636e-05,0.9688180818953974,2.0508018678810913e-06,96,1,1,same_source_cyclic_next_latent,False
validation,reid,84,149,2.5232259304175386e-06,8.155551040545106e-05,0.9690612453055178,2.960419351438759e-06,96,1,1,same_source_cyclic_next_latent,False
validation,reid,84,175,3.496423232718371e-06,0.00011250645911786705,0.9689224666731769,4.124816769035533e-06,96,1,1,same_source_cyclic_next_latent,False
validation,reid,84,199,4.601418368110899e-06,0.0001454888260923326,0.9683727026212263,5.377160050556995e-06,96,1,1,same_source_cyclic_next_latent,False
validation,reid,96,0,2.3507984892034983e-08,0.0,,2.3737676713153633e-08,97,1,1,same_source_cyclic_next_latent,False
validation,reid,96,5,1.4941500481313597e-08,1.03322996380939e-07,0.8553903680239184,1.2137986615812224e-08,97,1,1,same_source_cyclic_next_latent,False
validation,reid,96,10,4.582000912023432e-08,4.142063971812604e-07,0.8893787989947846,3.923511471271013e-08,97,1,1,same_source_cyclic_next_latent,False
validation,reid,96,25,1.3579472124547465e-07,2.595082605694188e-06,0.947672293379983,1.4174885620832356e-07,97,1,1,same_source_cyclic_next_latent,False
validation,reid,96,50,3.6127835301158484e-07,1.0409034985059407e-05,0.9652918494817103,4.581823702665133e-07,97,1,1,same_source_cyclic_next_latent,False
validation,reid,96,75,7.773538754918263e-07,2.3453274479834363e-05,0.9668552092305827,9.921056971506914e-07,97,1,1,same_source_cyclic_next_latent,False
validation,reid,96,100,1.3683210227100062e-06,4.173463457846083e-05,0.9672137773211462,1.7641295926296152e-06,97,1,1,same_source_cyclic_next_latent,False
validation,reid,96,125,2.137955107173184e-06,6.525538628920913e-05,0.967237109015065,2.837030933733331e-06,97,1,1,same_source_cyclic_next_latent,False
validation,reid,96,149,3.0667024475405924e-06,9.276856144424528e-05,0.9669424382592835,4.2027586459880695e-06,97,1,1,same_source_cyclic_next_latent,False
validation,reid,96,175,4.3177592488063965e-06,0.0001280317228520289,0.9662758638826051,6.073028998798691e-06,97,1,1,same_source_cyclic_next_latent,False
validation,reid,96,199,5.746841907239286e-06,0.00016562770179007202,0.9653026526050381,8.166616680682637e-06,97,1,1,same_source_cyclic_next_latent,False
validation,reid,97,0,2.0934423972107652e-08,0.0,,2.2162234714073747e-08,13,1,1,same_source_cyclic_next_latent,False
validation,reid,97,5,1.168255714389943e-08,1.0388254167992272e-07,0.8875407074665627,1.3552428512753067e-08,13,1,1,same_source_cyclic_next_latent,False
validation,reid,97,10,3.627985378784615e-08,4.131814819174906e-07,0.9121939017705276,4.5521932889869277e-08,13,1,1,same_source_cyclic_next_latent,False
validation,reid,97,25,9.15844537985322e-08,2.567076535342494e-06,0.9643234424304715,3.9091997905416065e-07,13,1,1,same_source_cyclic_next_latent,False
validation,reid,97,50,2.0153564150859893e-07,1.0246058991469909e-05,0.9803304234656094,1.6643316484987736e-06,13,1,1,same_source_cyclic_next_latent,False
validation,reid,97,75,3.804735229095968e-07,2.3035410777083598e-05,0.9834831023161912,3.7055731354485033e-06,13,1,1,same_source_cyclic_next_latent,False
validation,reid,97,100,5.93384299918398e-07,4.093155075679533e-05,0.9855030095623757,6.735026545356959e-06,13,1,1,same_source_cyclic_next_latent,False
validation,reid,97,125,8.547804100089706e-07,6.392442446667701e-05,0.9866282658445434,1.1162927876284812e-05,13,1,1,same_source_cyclic_next_latent,False
validation,reid,97,149,1.1902097867277917e-06,9.079395385924727e-05,0.9868910898122918,1.736376725602895e-05,13,1,1,same_source_cyclic_next_latent,False
validation,reid,97,175,1.6877622783795232e-06,0.0001251927751582116,0.9865186926622034,2.6945554054691456e-05,13,1,1,same_source_cyclic_next_latent,False
validation,reid,97,199,2.3100953967514215e-06,0.00016182287072297186,0.9857245432216678,3.868389467243105e-05,13,1,1,same_source_cyclic_next_latent,False
validation,reid,13,0,2.1167185337844785e-08,0.0,,2.2638912966499447e-08,28,1,1,same_source_cyclic_next_latent,False
validation,reid,13,5,1.5239097095332e-08,9.996369954023976e-08,0.8475536903353842,1.6946451353305747e-08,28,1,1,same_source_cyclic_next_latent,False
validation,reid,13,10,5.4431271934163306e-08,4.0348717789129296e-07,0.8650978893093151,5.625764742944739e-08,28,1,1,same_source_cyclic_next_latent,False
validation,reid,13,25,4.4837332779934513e-07,2.6054560748889344e-06,0.827909849595734,4.6533756403732696e-07,28,1,1,same_source_cyclic_next_latent,False
validation,reid,13,50,2.193068212363869e-06,1.0772148925752845e-05,0.7964131179879135,2.4246035081887385e-06,28,1,1,same_source_cyclic_next_latent,False
validation,reid,13,75,5.38208223588299e-06,2.473311178619042e-05,0.7823936477379267,6.500784365925938e-06,28,1,1,same_source_cyclic_next_latent,False
validation,reid,13,100,1.0144272891920991e-05,4.4647022150456905e-05,0.7727894850918477,1.3625464816868771e-05,28,1,1,same_source_cyclic_next_latent,False
validation,reid,13,125,1.6634559869999066e-05,7.067642582114786e-05,0.764637788672363,2.429076084808912e-05,28,1,1,same_source_cyclic_next_latent,False
validation,reid,13,149,2.468837919877842e-05,0.00010157931683352217,0.7569546639180486,3.7607038393616676e-05,28,1,1,same_source_cyclic_next_latent,False
validation,reid,13,175,3.573407593648881e-05,0.00014179330901242793,0.7479847519930805,5.470537507790141e-05,28,1,1,same_source_cyclic_next_latent,False
validation,reid,13,199,4.841311965719797e-05,0.0001853152789408341,0.7387526817329784,7.235856901388615e-05,28,1,1,same_source_cyclic_next_latent,False
validation,reid,28,0,2.3573170082613615e-08,0.0,,1.909913116548978e-08,52,1,1,same_source_cyclic_next_latent,False
validation,reid,28,5,1.3892659467273916e-08,1.0269551609098926e-07,0.8647199021331673,2.5444373719096802e-08,52,1,1,same_source_cyclic_next_latent,False
validation,reid,28,10,4.422051702590579e-08,4.423241932727251e-07,0.9000269085470516,1.2609920929662621e-07,52,1,1,same_source_cyclic_next_latent,False
validation,reid,28,25,4.0715019622439286e-07,3.113214461336611e-06,0.8692187122728483,1.0456130894453963e-06,52,1,1,same_source_cyclic_next_latent,False
validation,reid,28,50,2.2816398086433765e-06,1.358427107334137e-05,0.8320381125844132,5.09523351865937e-06,52,1,1,same_source_cyclic_next_latent,False
validation,reid,28,75,6.219021543074632e-06,3.200078208465129e-05,0.8056603264687867,1.252582933375379e-05,52,1,1,same_source_cyclic_next_latent,False
validation,reid,28,100,1.2911468729726039e-05,5.867032814421691e-05,0.779931881444595,2.3474816771340556e-05,52,1,1,same_source_cyclic_next_latent,False
validation,reid,28,125,2.267373747599777e-05,9.386183228343725e-05,0.7584349578055408,3.8069196307333186e-05,52,1,1,same_source_cyclic_next_latent,False
validation,reid,28,149,3.482844840618782e-05,0.00013590285379905254,0.743725408020603,5.5576754675712436e-05,52,1,1,same_source_cyclic_next_latent,False
validation,reid,28,175,5.091943239676766e-05,0.00019086066458839923,0.7332114896142795,7.853129500290379e-05,52,1,1,same_source_cyclic_next_latent,False
validation,reid,28,199,6.865047180326656e-05,0.000250564597081393,0.7260168730821688,0.00010358518193243071,52,1,1,same_source_cyclic_next_latent,False
validation,reid,52,0,1.5525499108548502e-08,0.0,,1.6191956220268366e-08,59,1,1,same_source_cyclic_next_latent,False
validation,reid,52,5,9.233458442281517e-09,1.0380210113680732e-07,0.9110474803384552,1.0042726650283385e-08,59,1,1,same_source_cyclic_next_latent,False
validation,reid,52,10,3.2858686438430595e-08,4.140581495448714e-07,0.9206423385832436,2.836589985122373e-08,59,1,1,same_source_cyclic_next_latent,False
validation,reid,52,25,9.433490077981332e-08,2.5844267383945407e-06,0.9634987135141565,6.680658515278992e-08,59,1,1,same_source_cyclic_next_latent,False
validation,reid,52,50,2.5019141958182445e-07,1.0333380487281829e-05,0.9757880376233358,2.2970704094404937e-07,59,1,1,same_source_cyclic_next_latent,False
validation,reid,52,75,5.348114200387499e-07,2.3241327653522603e-05,0.97698877499549,5.217820557845698e-07,59,1,1,same_source_cyclic_next_latent,False
validation,reid,52,100,9.291547939938027e-07,4.1306804632768035e-05,0.9775060113641247,9.437011385671212e-07,59,1,1,same_source_cyclic_next_latent,False
validation,reid,52,125,1.4314665577330743e-06,6.4523694163654e-05,0.977814869773228,1.548526370243053e-06,59,1,1,same_source_cyclic_next_latent,False
validation,reid,52,149,2.0496527213254012e-06,9.165598748950288e-05,0.9776375469026489,2.3483653421862982e-06,59,1,1,same_source_cyclic_next_latent,False
validation,reid,52,175,2.9182835987739963e-06,0.0001263997401110828,0.9769122658305361,3.486535888441722e-06,59,1,1,same_source_cyclic_next_latent,False
validation,reid,52,199,3.938010650017532e-06,0.00016340739966835827,0.9759006589786638,4.818918114324333e-06,59,1,1,same_source_cyclic_next_latent,False
validation,reid,59,0,1.5160061650476564e-08,0.0,,1.540223415474884e-08,57,1,1,same_source_cyclic_next_latent,False
validation,reid,59,5,1.0763260505086691e-08,1.0051899579366363e-07,0.8929231194551471,8.851812616228472e-09,57,1,1,same_source_cyclic_next_latent,False
validation,reid,59,10,3.252958435950859e-08,4.096098109585e-07,0.9205839716500239,2.622102712734886e-08,57,1,1,same_source_cyclic_next_latent,False
validation,reid,59,25,8.830155451278188e-08,2.5966930934373522e-06,0.9659946126340663,8.174637855518085e-08,57,1,1,same_source_cyclic_next_latent,False
validation,reid,59,50,2.934734197879152e-07,1.0445361112942919e-05,0.9719039469660584,3.379012696314021e-07,57,1,1,same_source_cyclic_next_latent,False
validation,reid,59,75,6.46423245598271e-07,2.3561089619761333e-05,0.972563949459447,8.235430186687154e-07,57,1,1,same_source_cyclic_next_latent,False
validation,reid,59,100,1.1455839512564125e-06,4.1953680920414627e-05,0.9726940777037046,1.5632894019290688e-06,57,1,1,same_source_cyclic_next_latent,False
validation,reid,59,125,1.8255354916618671e-06,6.56422707834281e-05,0.9721896352780846,2.6054699446831364e-06,57,1,1,same_source_cyclic_next_latent,False
validation,reid,59,149,2.66982124230708e-06,9.337658411823213e-05,0.9714080219626947,3.946152901335154e-06,57,1,1,same_source_cyclic_next_latent,False
validation,reid,59,175,3.7882812193856807e-06,0.0001289642386836931,0.9706253356895543,5.802415671496419e-06,57,1,1,same_source_cyclic_next_latent,False
validation,reid,59,199,5.003857495466946e-06,0.00016694419900886714,0.9700267662777479,7.907959115982521e-06,57,1,1,same_source_cyclic_next_latent,False
validation,reid,57,0,1.648007241783489e-08,0.0,,2.3869267451459564e-08,15,1,1,same_source_cyclic_next_latent,False
validation,reid,57,5,1.3328068426687878e-08,1.0879922029971567e-07,0.8774984931879819,3.261058267867156e-08,15,1,1,same_source_cyclic_next_latent,False
validation,reid,57,10,5.469174624295192e-08,4.6272842268990644e-07,0.8818059501834338,9.619323293463822e-08,15,1,1,same_source_cyclic_next_latent,False
validation,reid,57,25,2.879918383769109e-07,3.0676756068714894e-06,0.9061205044849531,4.986715111954254e-07,15,1,1,same_source_cyclic_next_latent,False
validation,reid,57,50,1.1744937182811555e-06,1.2550069186545443e-05,0.9064153590850085,2.1302193999872543e-06,15,1,1,same_source_cyclic_next_latent,False
validation,reid,57,75,2.68072494691296e-06,2.845998460543342e-05,0.9058072242807478,4.914067631034413e-06,15,1,1,same_source_cyclic_next_latent,False
validation,reid,57,100,4.780724793818081e-06,5.080093251308426e-05,0.9058929716971876,8.684378371981438e-06,15,1,1,same_source_cyclic_next_latent,False
validation,reid,57,125,7.475530310330214e-06,7.957850903039798e-05,0.9060609403039374,1.3288808986544609e-05,15,1,1,same_source_cyclic_next_latent,False
validation,reid,57,149,1.0628452400851529e-05,0.00011326819367241114,0.9061656052219688,1.8555636415840127e-05,15,1,1,same_source_cyclic_next_latent,False
validation,reid,57,175,1.4695509889861569e-05,0.00015646663086954504,0.9060789523734678,2.569681419117842e-05,15,1,1,same_source_cyclic_next_latent,False
validation,reid,57,199,1.909704224090092e-05,0.0002025431749643758,0.9057137213127039,3.418173946556635e-05,15,1,1,same_source_cyclic_next_latent,False
validation,reid,15,0,2.8037804966629665e-08,0.0,,2.201674575985635e-08,53,1,1,same_source_cyclic_next_latent,False
validation,reid,15,5,1.778600378088413e-08,9.878272066998761e-08,0.8199482292019122,2.1975084862901895e-08,53,1,1,same_source_cyclic_next_latent,False
validation,reid,15,10,4.4094008444517385e-08,4.075140793702303e-07,0.8917975827665636,9.051956340044853e-08,53,1,1,same_source_cyclic_next_latent,False
validation,reid,15,25,3.8948059000176727e-07,2.657891172930249e-06,0.8534625518273662,6.019056968398218e-07,53,1,1,same_source_cyclic_next_latent,False
validation,reid,15,50,2.1113537513883784e-06,1.1012571121682413e-05,0.8082778555471593,2.855841785276425e-06,53,1,1,same_source_cyclic_next_latent,False
validation,reid,15,75,5.513918040378485e-06,2.5448980522924103e-05,0.7833344233411779,7.139611625461839e-06,53,1,1,same_source_cyclic_next_latent,False
validation,reid,15,100,1.084211362467613e-05,4.635270670405589e-05,0.7660953502910017,1.3672248314833269e-05,53,1,1,same_source_cyclic_next_latent,False
validation,reid,15,125,1.8288972569280304e-05,7.409453974105418e-05,0.7531670669229249,2.2657335648545995e-05,53,1,1,same_source_cyclic_next_latent,False
validation,reid,15,149,2.7527514248504303e-05,0.00010749007924459875,0.7439064661412692,3.373924846528098e-05,53,1,1,same_source_cyclic_next_latent,False
validation,reid,15,175,3.976363950641826e-05,0.00015147423255257308,0.737489084206997,4.8609952500555664e-05,53,1,1,same_source_cyclic_next_latent,False
validation,reid,15,199,5.300976044964045e-05,0.00019959177006967366,0.7344090869521536,6.51582085993141e-05,53,1,1,same_source_cyclic_next_latent,False
validation,reid,53,0,1.9205691259571722e-08,0.0,,2.044294689085291e-08,2,1,1,same_source_cyclic_next_latent,False
validation,reid,53,5,1.6875574715413677e-08,9.364332242967066e-08,0.8197888084536107,6.2672835809962635e-09,2,1,1,same_source_cyclic_next_latent,False
validation,reid,53,10,5.185802720575339e-08,3.85355036769397e-07,0.8654279242318919,2.0608114326137184e-08,2,1,1,same_source_cyclic_next_latent,False
validation,reid,53,25,1.4151881089219387e-07,2.4711696369195124e-06,0.9427320533653825,1.2788832748356072e-07,2,1,1,same_source_cyclic_next_latent,False
validation,reid,53,50,3.646340758223232e-07,9.974225577025209e-06,0.9634423672287674,6.530569294227462e-07,2,1,1,same_source_cyclic_next_latent,False
validation,reid,53,75,7.727010142843938e-07,2.250624675070867e-05,0.9656672646113211,1.5734083262941567e-06,2,1,1,same_source_cyclic_next_latent,False
validation,reid,53,100,1.3367684914555866e-06,4.006221570307389e-05,0.9666326869845838,2.882645503632375e-06,2,1,1,same_source_cyclic_next_latent,False
validation,reid,53,125,2.051340288744541e-06,6.264413968892768e-05,0.9672540751787655,4.568200438370695e-06,2,1,1,same_source_cyclic_next_latent,False
validation,reid,53,149,2.918572135968134e-06,8.904800051823258e-05,0.96722473139225,6.477469469245989e-06,2,1,1,same_source_cyclic_next_latent,False
validation,reid,53,175,4.139440079597989e-06,0.0001228825276484713,0.9663138433200231,8.726668966119178e-06,2,1,1,same_source_cyclic_next_latent,False
validation,reid,53,199,5.6024409786914475e-06,0.00015894098032731563,0.9647514381303423,1.0831593499460723e-05,2,1,1,same_source_cyclic_next_latent,False
validation,reid,2,0,1.69213549838787e-08,0.0,,2.0368320363672865e-08,88,1,1,same_source_cyclic_next_latent,False
validation,reid,2,5,1.1065887761674276e-08,9.875607531739661e-08,0.8879472708275504,3.548531068986449e-08,88,1,1,same_source_cyclic_next_latent,False
validation,reid,2,10,3.260952752270896e-08,3.9769926729604776e-07,0.9180045572011718,1.0835334052217149e-07,88,1,1,same_source_cyclic_next_latent,False
validation,reid,2,25,7.685420655434427e-08,2.5024969545484055e-06,0.96928899097573,4.016063144263171e-07,88,1,1,same_source_cyclic_next_latent,False
validation,reid,2,50,2.0258836741504638e-07,1.003642591967946e-05,0.979814690106185,1.2809207419195445e-06,88,1,1,same_source_cyclic_next_latent,False
validation,reid,2,75,4.392454968638049e-07,2.2605408958042972e-05,0.9805690090509279,2.8647427825490013e-06,88,1,1,same_source_cyclic_next_latent,False
validation,reid,2,100,7.71884970163228e-07,4.020733467768878e-05,0.9808023840338874,5.136609615874477e-06,88,1,1,same_source_cyclic_next_latent,False
validation,reid,2,125,1.2008636076643597e-06,6.284512346610427e-05,0.9808916978528645,8.089071343420073e-06,88,1,1,same_source_cyclic_next_latent,False
validation,reid,2,149,1.716507085802732e-06,8.931615593610331e-05,0.9807816730600148,1.163609886134509e-05,88,1,1,same_source_cyclic_next_latent,False
validation,reid,2,175,2.4175030830519972e-06,0.00012323314149398357,0.9803826872078074,1.6401447282987647e-05,88,1,1,same_source_cyclic_next_latent,False
validation,reid,2,199,3.2413629469374428e-06,0.00015938510478008538,0.9796633258082066,2.1806237782584503e-05,88,1,1,same_source_cyclic_next_latent,False
validation,reid,88,0,2.4966034573026263e-08,0.0,,2.742170046587944e-08,74,1,1,same_source_cyclic_next_latent,False
validation,reid,88,5,2.0699669533996712e-08,1.0328217570076959e-07,0.7995813954000344,1.559919304838786e-08,74,1,1,same_source_cyclic_next_latent,False
validation,reid,88,10,5.355105869853105e-08,4.2534415456429997e-07,0.8740994601103995,2.9468578688351954e-08,74,1,1,same_source_cyclic_next_latent,False
validation,reid,88,25,1.3673589194240776e-07,2.7586918349697953e-06,0.9504345174734223,9.482479867983784e-08,74,1,1,same_source_cyclic_next_latent,False
validation,reid,88,50,4.4025460965713137e-07,1.1242896107432898e-05,0.9608415300248064,5.154807922735927e-07,74,1,1,same_source_cyclic_next_latent,False
validation,reid,88,75,1.03919103366934e-06,2.548983866290655e-05,0.9592311647236278,1.3407592405201285e-06,74,1,1,same_source_cyclic_next_latent,False
validation,reid,88,100,1.9224555671826238e-06,4.550983430817723e-05,0.9577573595595975,2.5785616344364826e-06,74,1,1,same_source_cyclic_next_latent,False
validation,reid,88,125,3.0974065339250956e-06,7.13156841811724e-05,0.9565676671339736,4.2694869080150966e-06,74,1,1,same_source_cyclic_next_latent,False
validation,reid,88,149,4.524428732111119e-06,0.00010155241761822253,0.9554473557771878,6.333009878289886e-06,74,1,1,same_source_cyclic_next_latent,False
validation,reid,88,175,6.455979928432498e-06,0.00014035985805094242,0.9540040862246429,9.044602848007344e-06,74,1,1,same_source_cyclic_next_latent,False
validation,reid,88,199,8.682428415340837e-06,0.0001818001619540155,0.9522419104470492,1.2007169061689638e-05,74,1,1,same_source_cyclic_next_latent,False
validation,reid,74,0,2.4012672739104346e-08,0.0,,2.093117323909155e-08,31,1,1,same_source_cyclic_next_latent,False
validation,reid,74,5,2.284569866617403e-08,9.82452448283766e-08,0.7674625504157184,1.7075478808692424e-08,31,1,1,same_source_cyclic_next_latent,False
validation,reid,74,10,5.674355563201061e-08,3.9470123169849103e-07,0.8562366897416815,4.7119751656055087e-08,31,1,1,same_source_cyclic_next_latent,False
validation,reid,74,25,1.79181427029107e-07,2.468499815222458e-06,0.927412825423704,2.556321021529584e-07,31,1,1,same_source_cyclic_next_latent,False
validation,reid,74,50,5.965275704511441e-07,9.872235750663094e-06,0.9395752304222398,1.1929412266908912e-06,31,1,1,same_source_cyclic_next_latent,False
validation,reid,74,75,1.3313986073626438e-06,2.2206828361959197e-05,0.9400455307862261,2.8546990051836474e-06,31,1,1,same_source_cyclic_next_latent,False
validation,reid,74,100,2.3747968498355476e-06,3.9466427551815286e-05,0.9398274179562442,5.352046173356939e-06,31,1,1,same_source_cyclic_next_latent,False
validation,reid,74,125,3.7378003980848007e-06,6.164090154925361e-05,0.9393616851126334,8.919391802919563e-06,31,1,1,same_source_cyclic_next_latent,False
validation,reid,74,149,5.405265255831182e-06,8.754659938858822e-05,0.9382584213027038,1.3740203030465636e-05,31,1,1,same_source_cyclic_next_latent,False
validation,reid,74,175,7.71026225265814e-06,0.00012070701632183045,0.9361241584159371,2.105568455590401e-05,31,1,1,same_source_cyclic_next_latent,False
validation,reid,74,199,1.04061591628124e-05,0.0001560081000206992,0.9332973149379313,2.9690041628782637e-05,31,1,1,same_source_cyclic_next_latent,False
validation,reid,31,0,2.159583623040362e-08,0.0,,2.675104759930491e-08,69,1,1,same_source_cyclic_next_latent,False
validation,reid,31,5,1.4440037610086165e-08,9.754089802527233e-08,0.8519591483938889,1.3462254422336173e-08,69,1,1,same_source_cyclic_next_latent,False
validation,reid,31,10,5.2821015117388015e-08,4.046144965741405e-07,0.8694534783982728,4.689860588769079e-08,69,1,1,same_source_cyclic_next_latent,False
validation,reid,31,25,4.4811292809754377e-07,2.6757297746371478e-06,0.8325268372220764,4.4160378820379265e-07,69,1,1,same_source_cyclic_next_latent,False
validation,reid,31,50,2.2541153157362714e-06,1.1123805961688049e-05,0.7973611438836886,2.272578058182262e-06,69,1,1,same_source_cyclic_next_latent,False
validation,reid,31,75,5.602118562819669e-06,2.5607325369492173e-05,0.7812298441174231,5.7095630836556666e-06,69,1,1,same_source_cyclic_next_latent,False
validation,reid,31,100,1.0593895240162965e-05,4.6321227273438126e-05,0.7712950225254978,1.0849556019820739e-05,69,1,1,same_source_cyclic_next_latent,False
validation,reid,31,125,1.73238313436741e-05,7.339884905377403e-05,0.7639767984511285,1.772105497366283e-05,69,1,1,same_source_cyclic_next_latent,False
validation,reid,31,149,2.5570585421519354e-05,0.00010547126294113696,0.7575587443587342,2.5960131097235717e-05,69,1,1,same_source_cyclic_next_latent,False
validation,reid,31,175,3.679520887089893e-05,0.00014702796761412174,0.7497400700833409,3.669176294351928e-05,69,1,1,same_source_cyclic_next_latent,False
validation,reid,31,199,4.94296764372848e-05,0.0001917742338264361,0.7422506900378454,4.824214192922227e-05,69,1,1,same_source_cyclic_next_latent,False
validation,reid,69,0,2.544618737942983e-08,0.0,,2.0875454254110082e-08,19,1,1,same_source_cyclic_next_latent,False
validation,reid,69,5,1.6738823660489288e-08,1.0311431708487362e-07,0.8376673178496491,1.828767715039703e-08,19,1,1,same_source_cyclic_next_latent,False
validation,reid,69,10,5.5241361707203396e-08,4.325807765326317e-07,0.872298158623708,7.262217138759297e-08,19,1,1,same_source_cyclic_next_latent,False
validation,reid,69,25,4.003021558673936e-07,2.8503357043518918e-06,0.8595596458142765,4.403071045544493e-07,19,1,1,same_source_cyclic_next_latent,False
validation,reid,69,50,1.905998942675069e-06,1.1736545275198296e-05,0.8376013641166765,1.9856922790495446e-06,19,1,1,same_source_cyclic_next_latent,False
validation,reid,69,75,4.643341526389122e-06,2.679025783436373e-05,0.8266779829034295,4.870786142419092e-06,19,1,1,same_source_cyclic_next_latent,False
validation,reid,69,100,8.653255463286769e-06,4.8090289055835456e-05,0.8200623112653811,9.12834639166249e-06,19,1,1,same_source_cyclic_next_latent,False
validation,reid,69,125,1.4017641660757363e-05,7.570085290353745e-05,0.8148284844475996,1.4746849046787247e-05,19,1,1,same_source_cyclic_next_latent,False
validation,reid,69,149,2.0499273887253366e-05,0.00010818660666700453,0.8105193006898758,2.1445643142214976e-05,19,1,1,same_source_cyclic_next_latent,False
validation,reid,69,175,2.901185507653281e-05,0.0001500365324318409,0.8066347268475269,3.0224975489545614e-05,19,1,1,same_source_cyclic_next_latent,False
validation,reid,69,199,3.828961416729726e-05,0.00019486209203023463,0.8035040383259547,3.985596777056344e-05,19,1,1,same_source_cyclic_next_latent,False
validation,reid,19,0,2.0634528752339065e-08,0.0,,2.0914933784865752e-08,41,1,1,same_source_cyclic_next_latent,False
validation,reid,19,5,1.5314641998998013e-08,9.762278807556868e-08,0.843124312459268,1.7034359700573987e-08,41,1,1,same_source_cyclic_next_latent,False
validation,reid,19,10,5.748550435669131e-08,3.94468059994324e-07,0.8542708264960198,4.823342436566236e-08,41,1,1,same_source_cyclic_next_latent,False
validation,reid,19,25,3.9391031236846175e-07,2.5457179617660586e-06,0.8452655328341276,3.810378643720469e-07,41,1,1,same_source_cyclic_next_latent,False
validation,reid,19,50,2.0320337625889806e-06,1.0593883416731842e-05,0.8081880191942066,2.0144602785876486e-06,41,1,1,same_source_cyclic_next_latent,False
validation,reid,19,75,5.286423856887268e-06,2.450023021083325e-05,0.7842296251343069,5.231157956586685e-06,41,1,1,same_source_cyclic_next_latent,False
validation,reid,19,100,1.0380990715930238e-05,4.4587679440155625e-05,0.7671780445568305,1.034914021147415e-05,41,1,1,same_source_cyclic_next_latent,False
validation,reid,19,125,1.755167068040464e-05,7.122715760488063e-05,0.7535817619205127,1.7757520254235715e-05,41,1,1,same_source_cyclic_next_latent,False
validation,reid,19,149,2.6681313102017157e-05,0.0001033735170494765,0.7418941150154833,2.7516663976712152e-05,41,1,1,same_source_cyclic_next_latent,False
validation,reid,19,175,3.945454955101013e-05,0.00014598786947317421,0.7297409045464558,4.152915425947867e-05,41,1,1,same_source_cyclic_next_latent,False
validation,reid,19,199,5.4371208534576e-05,0.00019308346963953227,0.7184056789735462,5.7858411310007796e-05,41,1,1,same_source_cyclic_next_latent,False
validation,depablo_low_temp,161,0,2.4203064441508104e-08,0.0,,3.173409623968837e-08,47,1,1,same_source_cyclic_next_latent,False
validation,depablo_low_temp,161,5,1.3498150153168353e-08,1.0447118370393582e-07,0.8707954703430835,2.707720447858719e-08,47,1,1,same_source_cyclic_next_latent,False
validation,depablo_low_temp,161,10,3.1455524407419944e-08,4.179090637990157e-07,0.9247311744773552,5.9443760136446144e-08,47,1,1,same_source_cyclic_next_latent,False
validation,depablo_low_temp,161,25,6.127422125246085e-08,2.613081051094923e-06,0.9765509679744584,1.461701231164625e-07,47,1,1,same_source_cyclic_next_latent,False
validation,depablo_low_temp,161,50,1.6317787299158226e-07,1.0458379620104097e-05,0.9843974039077807,3.585288936847064e-07,47,1,1,same_source_cyclic_next_latent,False
validation,depablo_low_temp,161,75,3.8189642737052054e-07,2.353832132939715e-05,0.9837755453319618,7.686760454816977e-07,47,1,1,same_source_cyclic_next_latent,False
validation,depablo_low_temp,161,100,6.918700137248379e-07,4.185446596238762e-05,0.983469625096959,1.3548516335504246e-06,47,1,1,same_source_cyclic_next_latent,False
validation,depablo_low_temp,161,125,1.0558651410974562e-06,6.540835602208972e-05,0.9838573355865897,2.0980587578378618e-06,47,1,1,same_source_cyclic_next_latent,False
validation,depablo_low_temp,161,149,1.470047322982282e-06,9.295123163610697e-05,0.9841847461608971,2.9880784495617263e-06,47,1,1,same_source_cyclic_next_latent,False
validation,depablo_low_temp,161,175,2.0450447664188687e-06,0.00012823649740312248,0.9840525528392272,4.23081928602187e-06,47,1,1,same_source_cyclic_next_latent,False
validation,depablo_low_temp,161,199,2.756085223154514e-06,0.00016584270633757114,0.983381329911823,5.724997663492104e-06,47,1,1,same_source_cyclic_next_latent,False
validation,depablo_low_temp,47,0,3.609734022802513e-08,0.0,,3.799860337494465e-08,191,1,1,same_source_cyclic_next_latent,False
validation,depablo_low_temp,47,5,1.969786111999383e-08,1.0193582511419663e-07,0.8067621359033812,4.68865550828923e-08,191,1,1,same_source_cyclic_next_latent,False
validation,depablo_low_temp,47,10,4.1424218721886064e-08,4.097973942407407e-07,0.8989153681695914,1.4447489604663133e-07,191,1,1,same_source_cyclic_next_latent,False
validation,depablo_low_temp,47,25,9.836296754883733e-08,2.571714503574185e-06,0.9617519878617429,6.058486974325206e-07,191,1,1,same_source_cyclic_next_latent,False
validation,depablo_low_temp,47,50,2.580423767994944e-07,1.0300798749085516e-05,0.974949284702567,1.8218728428109898e-06,191,1,1,same_source_cyclic_next_latent,False
validation,depablo_low_temp,47,75,5.548166654989473e-07,2.318746737728361e-05,0.9760725629724231,3.96011955672293e-06,191,1,1,same_source_cyclic_next_latent,False
validation,depablo_low_temp,47,100,9.641250926506473e-07,4.123131657252088e-05,0.9766166794369792,6.9668008109147195e-06,191,1,1,same_source_cyclic_next_latent,False
validation,depablo_low_temp,47,125,1.4898548670316814e-06,6.443101301556453e-05,0.9768767430884289,1.0598575499898288e-05,191,1,1,same_source_cyclic_next_latent,False
validation,depablo_low_temp,47,149,2.133152975147823e-06,9.155587758868933e-05,0.9767010810083552,1.4512374946207274e-05,191,1,1,same_source_cyclic_next_latent,False
validation,depablo_low_temp,47,175,3.0302894629130606e-06,0.00012630049604922533,0.9760073035522203,1.917760346259456e-05,191,1,1,same_source_cyclic_next_latent,False
validation,depablo_low_temp,47,199,4.087086836079834e-06,0.00016332407540176064,0.9749756009576297,2.3896785933175124e-05,191,1,1,same_source_cyclic_next_latent,False
validation,depablo_low_temp,191,0,4.676040532558545e-08,0.0,,1.303747865222249e-07,66,1,1,same_source_cyclic_next_latent,False
validation,depablo_low_temp,191,5,3.062190501168516e-08,1.0844533449017035e-07,0.7176281934520587,7.65735137520096e-08,66,1,1,same_source_cyclic_next_latent,False
validation,depablo_low_temp,191,10,6.447415756838382e-08,4.3661586346388503e-07,0.8523320773164789,1.5165375089054578e-07,66,1,1,same_source_cyclic_next_latent,False
validation,depablo_low_temp,191,25,1.207989583917879e-07,2.7436412892711814e-06,0.9559713003065802,1.129070483329997e-06,66,1,1,same_source_cyclic_next_latent,False
validation,depablo_low_temp,191,50,1.7548920538956736e-07,1.0999379810527898e-05,0.9840455363472765,5.042680641054176e-06,66,1,1,same_source_cyclic_next_latent,False
validation,depablo_low_temp,191,75,3.600186744279199e-07,2.4769382434897125e-05,0.9854651735716795,1.1911782166862395e-05,66,1,1,same_source_cyclic_next_latent,False
validation,depablo_low_temp,191,100,6.468747528742824e-07,4.4057222112314776e-05,0.9853173958352343,2.2301986973616295e-05,66,1,1,same_source_cyclic_next_latent,False
validation,depablo_low_temp,191,125,1.0121318609890295e-06,6.886258779559284e-05,0.9853021518158253,3.691487654577941e-05,66,1,1,same_source_cyclic_next_latent,False
validation,depablo_low_temp,191,149,1.4422768117583473e-06,9.78677489911206e-05,0.9852630020959284,5.5363652791129425e-05,66,1,1,same_source_cyclic_next_latent,False
validation,depablo_low_temp,191,175,2.0411357581906486e-06,0.00013503755326382816,0.9848846805288096,8.022528345463797e-05,66,1,1,same_source_cyclic_next_latent,False
validation,depablo_low_temp,191,199,2.7736957690649433e-06,0.00017463676340412349,0.9841173432500785,0.00010707944602472708,66,1,1,same_source_cyclic_next_latent,False
validation,depablo_low_temp,66,0,1.1677783362529226e-07,0.0,,5.280021753151232e-08,118,1,1,same_source_cyclic_next_latent,False
validation,depablo_low_temp,66,5,4.865677993848294e-08,9.862818473038715e-08,0.5066645495758386,1.8724804817793483e-08,118,1,1,same_source_cyclic_next_latent,False
validation,depablo_low_temp,66,10,3.1324425719958526e-08,4.0102668208419345e-07,0.9218894225262994,4.993436064637535e-08,118,1,1,same_source_cyclic_next_latent,False
validation,depablo_low_temp,66,25,1.247236269819041e-07,2.543989467085339e-06,0.9509732140814244,3.442557670041424e-07,118,1,1,same_source_cyclic_next_latent,False
validation,depablo_low_temp,66,50,4.918101126349939e-07,1.0273105544911232e-05,0.9521264421469308,1.3792458730677026e-06,118,1,1,same_source_cyclic_next_latent,False
validation,depablo_low_temp,66,75,1.1449968724264181e-06,2.325402783753816e-05,0.9507613528105402,3.217383891751524e-06,118,1,1,same_source_cyclic_next_latent,False
validation,depablo_low_temp,66,100,2.0932113784510875e-06,4.156100476393476e-05,0.9496352075619812,5.888632585993037e-06,118,1,1,same_source_cyclic_next_latent,False
validation,depablo_low_temp,66,125,3.3917037853825605e-06,6.526274955831468e-05,0.948030020059882,9.430454156245105e-06,118,1,1,same_source_cyclic_next_latent,False
validation,depablo_low_temp,66,149,5.066718586022034e-06,9.317624062532559e-05,0.945622204201219,1.3697051144845318e-05,118,1,1,same_source_cyclic_next_latent,False
validation,depablo_low_temp,66,175,7.470707259926712e-06,0.0001292074884986505,0.9421805396364101,1.932561099238228e-05,118,1,1,same_source_cyclic_next_latent,False
validation,depablo_low_temp,66,199,1.0302200280420948e-05,0.00016791837697383016,0.9386475711230431,2.5529594495310448e-05,118,1,1,same_source_cyclic_next_latent,False
validation,depablo_low_temp,118,0,4.900687500253298e-08,0.0,,2.6096969918398827e-07,98,1,1,same_source_cyclic_next_latent,False
validation,depablo_low_temp,118,5,1.4247611090922874e-08,9.106263831881733e-08,0.8435405413904121,1.9777792203967692e-07,98,1,1,same_source_cyclic_next_latent,False
validation,depablo_low_temp,118,10,2.4276673116219172e-08,3.5658808883454185e-07,0.931919562440899,2.7210055009163625e-07,98,1,1,same_source_cyclic_next_latent,False
validation,depablo_low_temp,118,25,1.2056632670010003e-07,2.1927392026555026e-06,0.9450156559639701,1.2513755791587755e-06,98,1,1,same_source_cyclic_next_latent,False
validation,depablo_low_temp,118,50,3.368985801444069e-07,8.724763574718963e-06,0.9613859358756024,4.634499418898486e-06,98,1,1,same_source_cyclic_next_latent,False
validation,depablo_low_temp,118,75,7.371768333541695e-07,1.959523251571227e-05,0.9623797863708394,1.0759504220914096e-05,98,1,1,same_source_cyclic_next_latent,False
validation,depablo_low_temp,118,100,1.347720285593823e-06,3.4804885217454284e-05,0.9612778413957258,1.9791623344644904e-05,98,1,1,same_source_cyclic_next_latent,False
validation,depablo_low_temp,118,125,2.1764101347798714e-06,5.435306957224384e-05,0.9599579167854159,3.0684954253956676e-05,98,1,1,same_source_cyclic_next_latent,False
validation,depablo_low_temp,118,149,3.201346771675162e-06,7.720248686382547e-05,0.958533113352658,4.14679670939222e-05,98,1,1,same_source_cyclic_next_latent,False
validation,depablo_low_temp,118,175,4.620000254362822e-06,0.0001064735115505755,0.9566089237869431,5.252545088296756e-05,98,1,1,same_source_cyclic_next_latent,False
validation,depablo_low_temp,118,199,6.2877829805074725e-06,0.0001376654690830037,0.9543256342902058,6.197687616804615e-05,98,1,1,same_source_cyclic_next_latent,False
validation,depablo_low_temp,98,0,1.903108994838476e-07,0.0,,5.854408158256774e-08,2,1,1,same_source_cyclic_next_latent,False
validation,depablo_low_temp,98,5,9.22743836895279e-08,1.139613132750128e-07,0.19030080438920305,2.169926816009138e-08,2,1,1,same_source_cyclic_next_latent,False
validation,depablo_low_temp,98,10,6.634119387172177e-08,5.0763196668413e-07,0.869312418788232,8.862745914939296e-08,2,1,1,same_source_cyclic_next_latent,False
validation,depablo_low_temp,98,25,2.607101521334698e-07,3.5328100693732267e-06,0.9262031790518181,6.972688879613997e-07,2,1,1,same_source_cyclic_next_latent,False
validation,depablo_low_temp,98,50,1.2058447964591323e-06,1.4838107745163143e-05,0.918733249739866,2.479232534824405e-06,2,1,1,same_source_cyclic_next_latent,False
validation,depablo_low_temp,98,75,3.0116718789940933e-06,3.409271812415682e-05,0.9116623125200412,5.3823728194402065e-06,2,1,1,same_source_cyclic_next_latent,False
validation,depablo_low_temp,98,100,5.736934781452874e-06,6.142582424217835e-05,0.9066038616130839,9.29234465729678e-06,2,1,1,same_source_cyclic_next_latent,False
validation,depablo_low_temp,98,125,9.411227438249625e-06,9.695556218503043e-05,0.9029325680120425,1.4269030543800909e-05,2,1,1,same_source_cyclic_next_latent,False
validation,depablo_low_temp,98,149,1.3987911188451108e-05,0.0001388805831084028,0.8992810162848115,2.0276871509850025e-05,2,1,1,same_source_cyclic_next_latent,False
validation,depablo_low_temp,98,175,2.071552080451511e-05,0.00019302488362882286,0.8926795322184988,2.8632541216211393e-05,2,1,1,same_source_cyclic_next_latent,False
validation,depablo_low_temp,98,199,2.9492637622752227e-05,0.00025115665630437434,0.882572741424737,3.8868674892000854e-05,2,1,1,same_source_cyclic_next_latent,False
validation,depablo_low_temp,2,0,7.34994216600171e-08,0.0,,1.4541730308792467e-07,136,1,1,same_source_cyclic_next_latent,False
validation,depablo_low_temp,2,5,2.5722837193598025e-08,9.775605747108784e-08,0.7368670764857128,6.74454554427939e-08,136,1,1,same_source_cyclic_next_latent,False
validation,depablo_low_temp,2,10,4.8441595623671674e-08,4.147042602653528e-07,0.8831900217454342,5.5500439799516244e-08,136,1,1,same_source_cyclic_next_latent,False
validation,depablo_low_temp,2,25,3.405789072985499e-07,2.7603841772361193e-06,0.876619019154225,2.6510488737585547e-07,136,1,1,same_source_cyclic_next_latent,False
validation,depablo_low_temp,2,50,1.1812021512014326e-06,1.143445297202561e-05,0.8966979746131062,1.3133802667653072e-06,136,1,1,same_source_cyclic_next_latent,False
validation,depablo_low_temp,2,75,2.6664276902010897e-06,2.6147068638238125e-05,0.8980219263928638,3.343654270793195e-06,136,1,1,same_source_cyclic_next_latent,False
validation,depablo_low_temp,2,100,4.978037395630963e-06,4.6995002776384354e-05,0.8940730481639104,6.437219781219028e-06,136,1,1,same_source_cyclic_next_latent,False
validation,depablo_low_temp,2,125,8.281343980343081e-06,7.407462544506416e-05,0.8882026884295924,1.0663025932444725e-05,136,1,1,same_source_cyclic_next_latent,False
validation,depablo_low_temp,2,149,1.2372073797450867e-05,0.00010602713882690296,0.8833121978548418,1.566210630699061e-05,136,1,1,same_source_cyclic_next_latent,False
validation,depablo_low_temp,2,175,1.769921072991565e-05,0.0001473280426580459,0.8798652964459983,2.1819283574586734e-05,136,1,1,same_source_cyclic_next_latent,False
validation,depablo_low_temp,2,199,2.351737566641532e-05,0.00019171855819877237,0.8773338591351565,2.801857772283256e-05,136,1,1,same_source_cyclic_next_latent,False
validation,depablo_low_temp,136,0,1.370346893736496e-07,0.0,,4.71791246070552e-08,131,1,1,same_source_cyclic_next_latent,False
validation,depablo_low_temp,136,5,5.5118370312357e-08,1.0771704950229832e-07,0.4883041211486121,2.6806716846294876e-08,131,1,1,same_source_cyclic_next_latent,False
validation,depablo_low_temp,136,10,4.4707373803021255e-08,4.807949380847276e-07,0.9070136345837677,1.6955864623469097e-07,131,1,1,same_source_cyclic_next_latent,False
validation,depablo_low_temp,136,25,2.738314037742384e-07,3.323550799905206e-06,0.9176087804097808,1.6730392644603853e-06,131,1,1,same_source_cyclic_next_latent,False
validation,depablo_low_temp,136,50,1.1563555517568602e-06,1.3947767911304254e-05,0.9170938633973349,8.316114872286562e-06,131,1,1,same_source_cyclic_next_latent,False
validation,depablo_low_temp,136,75,2.782832552838954e-06,3.2096784707391635e-05,0.913298712683888,2.004203270189464e-05,131,1,1,same_source_cyclic_next_latent,False
validation,depablo_low_temp,136,100,5.21246693097055e-06,5.795686229248531e-05,0.9100629895271884,3.6851506592938676e-05,131,1,1,same_source_cyclic_next_latent,False
validation,depablo_low_temp,136,125,8.493196219205856e-06,9.172131103696302e-05,0.9074021498037336,5.8783054555533454e-05,131,1,1,same_source_cyclic_next_latent,False
validation,depablo_low_temp,136,149,1.2446339496818837e-05,0.0001317478745477274,0.905529105956772,8.461021207040176e-05,131,1,1,same_source_cyclic_next_latent,False
validation,depablo_low_temp,136,175,1.7622296581976116e-05,0.00018373868078924716,0.9040904369930176,0.00011770129640353844,131,1,1,same_source_cyclic_next_latent,False
validation,depablo_low_temp,136,199,2.3429816792486235e-05,0.00023986533051356673,0.9023209534186474,0.0001526525302324444,131,1,1,same_source_cyclic_next_latent,False
validation,depablo_low_temp,131,0,3.7326874036125446e-08,0.0,,3.970518491769326e-08,124,1,1,same_source_cyclic_next_latent,False
validation,depablo_low_temp,131,5,2.454922487515887e-08,1.0976804531992457e-07,0.7763536300240302,4.4861568682108555e-08,124,1,1,same_source_cyclic_next_latent,False
validation,depablo_low_temp,131,10,4.811586862274453e-08,4.4147617472845013e-07,0.8910114036112133,1.8216137220861128e-07,124,1,1,same_source_cyclic_next_latent,False
validation,depablo_low_temp,131,25,7.002979174330903e-08,2.7713413146557286e-06,0.9747307228550416,1.1625367051237845e-06,124,1,1,same_source_cyclic_next_latent,False
validation,depablo_low_temp,131,50,1.2220637302107207e-07,1.1105170415248722e-05,0.988995542756078,4.177180016995408e-06,124,1,1,same_source_cyclic_next_latent,False
validation,depablo_low_temp,131,75,2.3932642534418846e-07,2.5009072487591766e-05,0.9904304157835949,8.904668902687263e-06,124,1,1,same_source_cyclic_next_latent,False
validation,depablo_low_temp,131,100,3.8739858609915245e-07,4.449032712727785e-05,0.9912925210688858,1.5541962056886405e-05,124,1,1,same_source_cyclic_next_latent,False
validation,depablo_low_temp,131,125,5.668929929925071e-07,6.955634307814762e-05,0.9918498735283482,2.4252320145023987e-05,124,1,1,same_source_cyclic_next_latent,False
validation,depablo_low_temp,131,149,7.854432624299079e-07,9.887514170259237e-05,0.9920562110060742,3.474303230177611e-05,124,1,1,same_source_cyclic_next_latent,False
validation,depablo_low_temp,131,175,1.1068478897868772e-06,0.00013646083243656904,0.9918888968356442,4.8741807404439896e-05,124,1,1,same_source_cyclic_next_latent,False
validation,depablo_low_temp,131,199,1.5288702570614987e-06,0.00017653404211159796,0.9913395159439277,6.439126445911825e-05,124,1,1,same_source_cyclic_next_latent,False
validation,depablo_low_temp,124,0,6.968142685082057e-08,0.0,,2.0970057335034653e-07,105,1,1,same_source_cyclic_next_latent,False
validation,depablo_low_temp,124,5,2.2255713716390346e-08,9.75659233404258e-08,0.771890502806641,1.3081118765967403e-07,105,1,1,same_source_cyclic_next_latent,False
validation,depablo_low_temp,124,10,3.4091701905936134e-08,3.8968275362094573e-07,0.9125142142187335,1.8388271882940899e-07,105,1,1,same_source_cyclic_next_latent,False
validation,depablo_low_temp,124,25,1.8396548284727032e-07,2.429540245429962e-06,0.9242797137469466,9.624642416383722e-07,105,1,1,same_source_cyclic_next_latent,False
validation,depablo_low_temp,124,50,4.443108139184915e-07,9.734014383866452e-06,0.954354822543214,3.854474925901741e-06,105,1,1,same_source_cyclic_next_latent,False
validation,depablo_low_temp,124,75,8.203707579923503e-07,2.1937737983535044e-05,0.9626045876467271,8.627414899819996e-06,105,1,1,same_source_cyclic_next_latent,False
validation,depablo_low_temp,124,100,1.4193884680935298e-06,3.905228732037358e-05,0.9636541527913773,1.494428033765871e-05,105,1,1,same_source_cyclic_next_latent,False
validation,depablo_low_temp,124,125,2.2441483906732174e-06,6.109093374107033e-05,0.9632654429512424,2.230918653367553e-05,105,1,1,same_source_cyclic_next_latent,False
validation,depablo_low_temp,124,149,3.2538300729356706e-06,8.68887800606899e-05,0.9625517809012517,2.98602844850393e-05,105,1,1,same_source_cyclic_next_latent,False
validation,depablo_low_temp,124,175,4.64206323158578e-06,0.00011998012632830068,0.9613097320894317,3.798254329012707e-05,105,1,1,same_source_cyclic_next_latent,False
validation,depablo_low_temp,124,199,6.293517344602151e-06,0.00015528261428698897,0.9594705603489477,4.491112849791534e-05,105,1,1,same_source_cyclic_next_latent,False
validation,depablo_low_temp,105,0,1.43494816029488e-07,0.0,,4.065931236141296e-08,96,1,1,same_source_cyclic_next_latent,False
validation,depablo_low_temp,105,5,5.688880122534101e-08,1.102623485849108e-07,0.4840595910077854,3.19735029563617e-08,96,1,1,same_source_cyclic_next_latent,False
validation,depablo_low_temp,105,10,4.684354237838306e-08,4.893034883934888e-07,0.904264850977902,1.6596523266798613e-07,96,1,1,same_source_cyclic_next_latent,False
validation,depablo_low_temp,105,25,2.1916061143656407e-07,3.356824890943244e-06,0.9347119320915839,1.49271409100038e-06,96,1,1,same_source_cyclic_next_latent,False
validation,depablo_low_temp,105,50,8.352512281817326e-07,1.4006071069161408e-05,0.9403650585480186,6.96560573487659e-06,96,1,1,same_source_cyclic_next_latent,False
validation,depablo_low_temp,105,75,1.962444230230176e-06,3.212118099327199e-05,0.9389049789096726,1.6280791896861047e-05,96,1,1,same_source_cyclic_next_latent,False
validation,depablo_low_temp,105,100,3.609341774790664e-06,5.7851128076436e-05,0.9376098289730529,2.9797993192914873e-05,96,1,1,same_source_cyclic_next_latent,False
validation,depablo_low_temp,105,125,5.874386715731816e-06,9.133149433182552e-05,0.9356806021985253,4.794955748366192e-05,96,1,1,same_source_cyclic_next_latent,False
validation,depablo_low_temp,105,149,8.821861229080241e-06,0.00013090895663481206,0.9326107131562434,6.989893154241145e-05,96,1,1,same_source_cyclic_next_latent,False
validation,depablo_low_temp,105,175,1.3266516361909453e-05,0.00018214789452031255,0.9271662381997503,9.85789010883309e-05,96,1,1,same_source_cyclic_next_latent,False
validation,depablo_low_temp,105,199,1.9108952983515337e-05,0.00023727492953184992,0.919464930318522,0.0001293716486543417,96,1,1,same_source_cyclic_next_latent,False
validation,depablo_low_temp,96,0,3.185157027019159e-08,0.0,,4.555880650514155e-08,152,1,1,same_source_cyclic_next_latent,False
validation,depablo_low_temp,96,5,1.2118792191984085e-08,1.028129190672189e-07,0.8821277296478583,3.074071841524528e-08,152,1,1,same_source_cyclic_next_latent,False
validation,depablo_low_temp,96,10,2.3351892863843204e-08,4.112499141228909e-07,0.9432172699326933,1.5225427318910079e-07,152,1,1,same_source_cyclic_next_latent,False
validation,depablo_low_temp,96,25,4.289984190108953e-08,2.5721096790221054e-06,0.9833211459639623,1.069603172254574e-06,152,1,1,same_source_cyclic_next_latent,False
validation,depablo_low_temp,96,50,1.1838246649631401e-07,1.0294354979123455e-05,0.988500254096892,3.760030040211859e-06,152,1,1,same_source_cyclic_next_latent,False
validation,depablo_low_temp,96,75,2.687355049602047e-07,2.3167545805335976e-05,0.9884003464493719,8.023529517231509e-06,152,1,1,same_source_cyclic_next_latent,False
validation,depablo_low_temp,96,100,5.002643206353241e-07,4.1188621253240854e-05,0.9878543076846507,1.4473531336989254e-05,152,1,1,same_source_cyclic_next_latent,False
validation,depablo_low_temp,96,125,8.623125040685409e-07,6.43616949673742e-05,0.9866020852231182,2.362761733820662e-05,152,1,1,same_source_cyclic_next_latent,False
validation,depablo_low_temp,96,149,1.3802927014694433e-06,9.145318472292274e-05,0.9849071117025466,3.516187280183658e-05,152,1,1,same_source_cyclic_next_latent,False
validation,depablo_low_temp,96,175,2.1510393253265647e-06,0.0001261606375919655,0.982949996398373,5.054709981777705e-05,152,1,1,same_source_cyclic_next_latent,False
validation,depablo_low_temp,96,199,3.0544631499651587e-06,0.00016314847744069993,0.9812780162102623,6.701752135995775e-05,152,1,1,same_source_cyclic_next_latent,False
validation,depablo_low_temp,152,0,7.693468973002382e-08,0.0,,4.299631584103736e-08,70,1,1,same_source_cyclic_next_latent,False
validation,depablo_low_temp,152,5,2.060409975968014e-08,1.051594082923657e-07,0.8040679374840497,4.815031928728786e-08,70,1,1,same_source_cyclic_next_latent,False
validation,depablo_low_temp,152,10,4.1731713196213605e-08,4.5047485741633864e-07,0.9073606162271466,1.961611530987284e-07,70,1,1,same_source_cyclic_next_latent,False
validation,depablo_low_temp,152,25,3.0141356432977773e-07,3.0113294542388758e-06,0.8999068122866811,1.3460615946314647e-06,70,1,1,same_source_cyclic_next_latent,False
validation,depablo_low_temp,152,50,7.859103448026872e-07,1.2442545994417742e-05,0.9368368543580003,5.91360139878816e-06,70,1,1,same_source_cyclic_next_latent,False
validation,depablo_low_temp,152,75,1.541601818644267e-06,2.840685374394525e-05,0.9457313424239089,1.3813451914757024e-05,70,1,1,same_source_cyclic_next_latent,False
validation,depablo_low_temp,152,100,2.7290714115224546e-06,5.09941964992322e-05,0.9464827058984341,2.5204692065017298e-05,70,1,1,same_source_cyclic_next_latent,False
validation,depablo_low_temp,152,125,4.365047971077729e-06,8.029223681660369e-05,0.9456354917468799,4.033224468003027e-05,70,1,1,same_source_cyclic_next_latent,False
validation,depablo_low_temp,152,149,6.4134937929338776e-06,0.00011480825196485966,0.9441373448060432,5.852106914971955e-05,70,1,1,same_source_cyclic_next_latent,False
validation,depablo_low_temp,152,175,9.225103895005304e-06,0.00015935282863210887,0.9421089416849768,8.236597932409495e-05,70,1,1,same_source_cyclic_next_latent,False
validation,depablo_low_temp,152,199,1.2409554074110929e-05,0.00020716806466225535,0.9400990973471605,0.00010825278877746314,70,1,1,same_source_cyclic_next_latent,False
validation,depablo_low_temp,70,0,3.4949653837657024e-08,0.0,,1.5211567472306342e-07,169,1,1,same_source_cyclic_next_latent,False
validation,depablo_low_temp,70,5,1.6918756173822658e-08,1.0842899200724787e-07,0.843964645796101,1.3122553355060518e-07,169,1,1,same_source_cyclic_next_latent,False
validation,depablo_low_temp,70,10,3.75556687970402e-08,4.3581886188803765e-07,0.9138273441531581,3.212562091903237e-07,169,1,1,same_source_cyclic_next_latent,False
validation,depablo_low_temp,70,25,6.159302756714169e-08,2.733828068812727e-06,0.9774700434640388,2.1423779799079057e-06,169,1,1,same_source_cyclic_next_latent,False
validation,depablo_low_temp,70,50,8.576846255436976e-08,1.095371408155188e-05,0.9921699195436532,8.728939064894803e-06,169,1,1,same_source_cyclic_next_latent,False
validation,depablo_low_temp,70,75,1.680445791407692e-07,2.4661450879648328e-05,0.9931859410883467,2.0702867914224043e-05,169,1,1,same_source_cyclic_next_latent,False
validation,depablo_low_temp,70,100,2.742809215305897e-07,4.38588103861548e-05,0.9937462753979033,3.967009615735151e-05,169,1,1,same_source_cyclic_next_latent,False
validation,depablo_low_temp,70,125,3.988876926541707e-07,6.854946695966646e-05,0.9941810241516703,6.566533556906506e-05,169,1,1,same_source_cyclic_next_latent,False
validation,depablo_low_temp,70,149,5.532497766580491e-07,9.742454858496785e-05,0.9943212487541009,9.49538080021739e-05,169,1,1,same_source_cyclic_next_latent,False
validation,depablo_low_temp,70,175,7.925962677290954e-07,0.0001344185438938439,0.9941035199105039,0.0001274416717933491,169,1,1,same_source_cyclic_next_latent,False
validation,depablo_low_temp,70,199,1.1200357903362601e-06,0.00017384615784976631,0.9935573163986507,0.00015481085574720055,169,1,1,same_source_cyclic_next_latent,False
validation,depablo_low_temp,169,0,1.2389294568038167e-07,0.0,,8.898474135321521e-08,168,1,1,same_source_cyclic_next_latent,False
validation,depablo_low_temp,169,5,4.653154661582448e-08,1.0561949181919772e-07,0.5594416729870426,2.3449310049272754e-08,168,1,1,same_source_cyclic_next_latent,False
validation,depablo_low_temp,169,10,4.123136321254606e-08,4.714396197869064e-07,0.9125415822471966,4.928780228397045e-08,168,1,1,same_source_cyclic_next_latent,False
validation,depablo_low_temp,169,25,3.1251025234269036e-07,3.285299726485391e-06,0.9048761822785,5.24923677858169e-07,168,1,1,same_source_cyclic_next_latent,False
validation,depablo_low_temp,169,50,1.3142356465323246e-06,1.3894406947656535e-05,0.905412613040387,2.0515612959570717e-06,168,1,1,same_source_cyclic_next_latent,False
validation,depablo_low_temp,169,75,3.0262956443039e-06,3.2073730835691094e-05,0.9056456618717929,4.495878783927765e-06,168,1,1,same_source_cyclic_next_latent,False
validation,depablo_low_temp,169,100,5.547375621972606e-06,5.797980338684283e-05,0.9043222760698175,7.987111530383117e-06,168,1,1,same_source_cyclic_next_latent,False
validation,depablo_low_temp,169,125,9.061946002475452e-06,9.178016625810415e-05,0.901264659109557,1.2562204574351199e-05,168,1,1,same_source_cyclic_next_latent,False
validation,depablo_low_temp,169,149,1.3369321095524356e-05,0.00013181191752664745,0.8985727440553957,1.8067565179080702e-05,168,1,1,same_source_cyclic_next_latent,False
validation,depablo_low_temp,169,175,1.912326115416363e-05,0.00018371574697084725,0.8959084266347719,2.5472490960964933e-05,168,1,1,same_source_cyclic_next_latent,False
validation,depablo_low_temp,169,199,2.604123073979281e-05,0.00023968475579749793,0.8913521610786369,3.3939799322979525e-05,168,1,1,same_source_cyclic_next_latent,False
validation,depablo_low_temp,168,0,1.2092874612790183e-07,0.0,,4.515782237035637e-08,126,1,1,same_source_cyclic_next_latent,False
validation,depablo_low_temp,168,5,4.433985978380406e-08,1.0086985469115461e-07,0.5604250653521337,2.9194252348929695e-08,126,1,1,same_source_cyclic_next_latent,False
validation,depablo_low_temp,168,10,3.152574024056776e-08,4.353984195404337e-07,0.9275933516850075,1.1937926558402978e-07,126,1,1,same_source_cyclic_next_latent,False
validation,depablo_low_temp,168,25,2.154558416123109e-07,2.9493130568880588e-06,0.9269471102400885,1.0701414794311859e-06,126,1,1,same_source_cyclic_next_latent,False
validation,depablo_low_temp,168,50,7.865157272135548e-07,1.232679915119661e-05,0.9361946505685376,5.101389888295671e-06,126,1,1,same_source_cyclic_next_latent,False
validation,depablo_low_temp,168,75,1.8135187929146923e-06,2.83126955764601e-05,0.9359467985654288,1.1838659702334553e-05,126,1,1,same_source_cyclic_next_latent,False
validation,depablo_low_temp,168,100,3.410729277675273e-06,5.1012531912419945e-05,0.9331393845823821,2.1389962057583034e-05,126,1,1,same_source_cyclic_next_latent,False
validation,depablo_low_temp,168,125,5.613058874587296e-06,8.052563498495147e-05,0.930294757990592,3.402007860131562e-05,126,1,1,same_source_cyclic_next_latent,False
validation,depablo_low_temp,168,149,8.298827196995262e-06,0.00011536414240254089,0.9280640671861616,4.920874926028773e-05,126,1,1,same_source_cyclic_next_latent,False
validation,depablo_low_temp,168,175,1.1760804227378685e-05,0.00016040148329921067,0.9266789559206242,6.906494672875851e-05,126,1,1,same_source_cyclic_next_latent,False
validation,depablo_low_temp,168,199,1.539303411846049e-05,0.00020880624651908875,0.9262807776344312,9.053126268554479e-05,126,1,1,same_source_cyclic_next_latent,False
validation,depablo_low_temp,126,0,3.2861823484608976e-08,0.0,,4.5335376341881783e-08,196,1,1,same_source_cyclic_next_latent,False
validation,depablo_low_temp,126,5,1.1761858154102356e-08,9.771910924882832e-08,0.8796360482149669,2.1459527488332242e-08,196,1,1,same_source_cyclic_next_latent,False
validation,depablo_low_temp,126,10,2.405987409304089e-08,3.9022279452183284e-07,0.9383432376816349,2.6535774466651674e-08,196,1,1,same_source_cyclic_next_latent,False
validation,depablo_low_temp,126,25,5.611851960907188e-08,2.4379485239478527e-06,0.9769812532718298,1.2670828652971977e-07,196,1,1,same_source_cyclic_next_latent,False
validation,depablo_low_temp,126,50,1.4685863902741403e-07,9.75643615674926e-06,0.9849475119123471,7.291692440958286e-07,196,1,1,same_source_cyclic_next_latent,False
validation,depablo_low_temp,126,75,3.339900445098465e-07,2.196334935433697e-05,0.9847933009159235,1.8411125211059698e-06,196,1,1,same_source_cyclic_next_latent,False
validation,depablo_low_temp,126,100,5.924728725403838e-07,3.906751953763887e-05,0.9848346432137935,3.464172095846152e-06,196,1,1,same_source_cyclic_next_latent,False
validation,depablo_low_temp,126,125,9.109058964895667e-07,6.107550143497065e-05,0.9850855764572077,5.476174010254908e-06,196,1,1,same_source_cyclic_next_latent,False
validation,depablo_low_temp,126,149,1.2902247590318439e-06,8.682875341037288e-05,0.9851405817962865,7.550044756499119e-06,196,1,1,same_source_cyclic_next_latent,False
validation,depablo_low_temp,126,175,1.8176384628532105e-06,0.00011984851153101772,0.9848338670240157,9.669036444392987e-06,196,1,1,same_source_cyclic_next_latent,False
validation,depablo_low_temp,126,199,2.459238885421655e-06,0.00015506899217143655,0.9841410016858635,1.1315529263811186e-05,196,1,1,same_source_cyclic_next_latent,False
validation,depablo_low_temp,196,0,3.752842303583748e-08,0.0,,4.99941634757306e-08,138,1,1,same_source_cyclic_next_latent,False
validation,depablo_low_temp,196,5,1.3477238880454934e-08,1.034447478787115e-07,0.8697155809567352,1.8895756070946845e-08,138,1,1,same_source_cyclic_next_latent,False
validation,depablo_low_temp,196,10,2.4085855088173957e-08,4.144339982303791e-07,0.9418825308951007,9.859272864787272e-08,138,1,1,same_source_cyclic_next_latent,False
validation,depablo_low_temp,196,25,7.0162123222417e-08,2.5973602078011027e-06,0.9729871417096146,7.705962161708158e-07,138,1,1,same_source_cyclic_next_latent,False
validation,depablo_low_temp,196,50,2.1345154266327881e-07,1.0403631677036174e-05,0.9794829777437788,2.770853143374552e-06,138,1,1,same_source_cyclic_next_latent,False
validation,depablo_low_temp,196,75,4.816334921997623e-07,2.342555126233492e-05,0.9794398224910009,5.837805929331807e-06,138,1,1,same_source_cyclic_next_latent,False
validation,depablo_low_temp,196,100,8.766452310737805e-07,4.167108636465855e-05,0.9789627459336585,1.0229648069071118e-05,138,1,1,same_source_cyclic_next_latent,False
validation,depablo_low_temp,196,125,1.39821872835455e-06,6.514642882393673e-05,0.9785372927788053,1.628909922146704e-05,138,1,1,same_source_cyclic_next_latent,False
validation,depablo_low_temp,196,149,2.003712779696798e-06,9.261621016776189e-05,0.9783654203074458,2.3981923732208088e-05,138,1,1,same_source_cyclic_next_latent,False
validation,depablo_low_temp,196,175,2.766355237326934e-06,0.0001278405252378434,0.9783608896147742,3.4464690543245524e-05,138,1,1,same_source_cyclic_next_latent,False
validation,depablo_low_temp,196,199,3.6019569051859435e-06,0.00016540929209440947,0.9782239748470112,4.5937278628116474e-05,138,1,1,same_source_cyclic_next_latent,False
validation,depablo_low_temp,138,0,8.890894065416433e-08,0.0,,4.024539279612327e-08,78,1,1,same_source_cyclic_next_latent,False
validation,depablo_low_temp,138,5,2.6082039639163668e-08,1.0271765660263554e-07,0.7460802699183224,4.020647992319937e-08,78,1,1,same_source_cyclic_next_latent,False
validation,depablo_low_temp,138,10,2.565049150859977e-08,4.321907454141183e-07,0.9406500676361733,1.7695306553378032e-07,78,1,1,same_source_cyclic_next_latent,False
validation,depablo_low_temp,138,25,1.7707402832911612e-07,2.8179315449960995e-06,0.9371616998136265,1.3517181969291414e-06,78,1,1,same_source_cyclic_next_latent,False
validation,depablo_low_temp,138,50,5.81109190989082e-07,1.1502431334520224e-05,0.9494794470761063,6.304917405941524e-06,78,1,1,same_source_cyclic_next_latent,False
validation,depablo_low_temp,138,75,1.2871057606389513e-06,2.6160945708397776e-05,0.9508004880639394,1.4759378245798871e-05,78,1,1,same_source_cyclic_next_latent,False
validation,depablo_low_temp,138,100,2.3279681045096368e-06,4.6891502279322594e-05,0.950354158187502,2.6862991944653913e-05,78,1,1,same_source_cyclic_next_latent,False
validation,depablo_low_temp,138,125,3.732263394340407e-06,7.379020098596811e-05,0.949420609451245,4.301459921407513e-05,78,1,1,same_source_cyclic_next_latent,False
validation,depablo_low_temp,138,149,5.5060513659555e-06,0.00010551540617598221,0.9478175598663543,6.257996574277058e-05,78,1,1,same_source_cyclic_next_latent,False
validation,depablo_low_temp,138,175,7.982005627127364e-06,0.0001465022942284122,0.9455161731823627,8.834094478515908e-05,78,1,1,same_source_cyclic_next_latent,False
validation,depablo_low_temp,138,199,1.0784815458464436e-05,0.0001905527024064213,0.9434024533776384,0.00011626264313235879,78,1,1,same_source_cyclic_next_latent,False
validation,depablo_low_temp,78,0,3.6245840107085314e-08,0.0,,3.5426211297817645e-08,161,1,1,same_source_cyclic_next_latent,False
validation,depablo_low_temp,78,5,1.8633995679806503e-08,1.066432204765988e-07,0.8252678829790643,9.379547805110633e-09,161,1,1,same_source_cyclic_next_latent,False
validation,depablo_low_temp,78,10,3.6396450298070704e-08,4.2946098233187513e-07,0.9152508567822709,1.0479089596060476e-08,161,1,1,same_source_cyclic_next_latent,False
validation,depablo_low_temp,78,25,4.756928717597475e-08,2.696686124181724e-06,0.9823600949515735,2.2291821721864835e-07,161,1,1,same_source_cyclic_next_latent,False
validation,depablo_low_temp,78,50,8.677725560346516e-08,1.080872243619524e-05,0.9919715529642177,1.3310205986272194e-06,161,1,1,same_source_cyclic_next_latent,False
validation,depablo_low_temp,78,75,2.0038734760419175e-07,2.434396810713224e-05,0.9917685010626726,2.6704433366830926e-06,161,1,1,same_source_cyclic_next_latent,False
validation,depablo_low_temp,78,100,3.6862394381387276e-07,4.330917363404296e-05,0.9914885482016189,4.188817456451943e-06,161,1,1,same_source_cyclic_next_latent,False
validation,depablo_low_temp,78,125,5.86061617013911e-07,6.771329935872927e-05,0.9913449555321607,5.988042175886221e-06,161,1,1,same_source_cyclic_next_latent,False
validation,depablo_low_temp,78,149,8.543015610484872e-07,9.626436803955585e-05,0.991125464401351,7.898785042925738e-06,161,1,1,same_source_cyclic_next_latent,False
validation,depablo_low_temp,78,175,1.246034571522614e-06,0.00013287020556163043,0.9906221672025287,1.001912278297823e-05,161,1,1,same_source_cyclic_next_latent,False
validation,depablo_low_temp,78,199,1.7463040649090544e-06,0.00017190758080687374,0.989841611075483,1.1915614777535666e-05,161,1,1,same_source_cyclic_next_latent,False
validation,lj_noisy,15,0,4.593104563355155e-08,0.0,,7.748340635771456e-08,79,1,1,same_source_cyclic_next_latent,False
validation,lj_noisy,15,5,9.320118898870078e-09,9.055690952664008e-08,0.8970799804499923,3.048260310833939e-08,79,1,1,same_source_cyclic_next_latent,False
validation,lj_noisy,15,10,3.332695897029225e-08,3.651525162240432e-07,0.9087313999231923,3.347494370586901e-08,79,1,1,same_source_cyclic_next_latent,False
validation,lj_noisy,15,25,2.92730049977763e-07,2.382581669735373e-06,0.8771374540079142,2.897499200571474e-07,79,1,1,same_source_cyclic_next_latent,False
validation,lj_noisy,15,50,1.2770105968229473e-06,1.0002500857808627e-05,0.8723308685521355,1.8285182932231692e-06,79,1,1,same_source_cyclic_next_latent,False
validation,lj_noisy,15,75,3.5177661175112007e-06,2.3497006623074412e-05,0.8502887549064782,4.8560900722804945e-06,79,1,1,same_source_cyclic_next_latent,False
validation,lj_noisy,15,100,7.926269972813316e-06,4.446260936674662e-05,0.8217317857475693,9.940962627297267e-06,79,1,1,same_source_cyclic_next_latent,False
validation,lj_noisy,15,125,1.4545546946465038e-05,7.343651668634266e-05,0.8019303256363446,1.698773485259153e-05,79,1,1,same_source_cyclic_next_latent,False
validation,lj_noisy,15,149,2.1158870367798954e-05,0.00010652769560692832,0.8013768133512237,2.3663509637117386e-05,79,1,1,same_source_cyclic_next_latent,False
validation,lj_noisy,15,175,2.9993434509378858e-05,0.00015080551384016871,0.8011118178267181,3.155093145323917e-05,79,1,1,same_source_cyclic_next_latent,False
validation,lj_noisy,15,199,4.264518429408781e-05,0.00020307757949922234,0.7900054530921218,4.151412576902658e-05,79,1,1,same_source_cyclic_next_latent,False
validation,lj_noisy,79,0,7.683949121428668e-08,0.0,,6.457582912844373e-08,75,1,1,same_source_cyclic_next_latent,False
validation,lj_noisy,79,5,2.431790768753217e-08,1.0333684485885897e-07,0.764673406462657,2.3165407370129287e-08,75,1,1,same_source_cyclic_next_latent,False
validation,lj_noisy,79,10,3.126225323057952e-08,4.55465340110095e-07,0.9313619490277288,3.5016086030736915e-08,75,1,1,same_source_cyclic_next_latent,False
validation,lj_noisy,79,25,2.9793267231070786e-07,3.182375849064556e-06,0.90638042568156,3.2633099067425064e-07,75,1,1,same_source_cyclic_next_latent,False
validation,lj_noisy,79,50,1.5398657069454202e-06,1.3238345673016738e-05,0.8836814096731078,1.7396209841535892e-06,75,1,1,same_source_cyclic_next_latent,False
validation,lj_noisy,79,75,3.83355973099242e-06,3.0100934964139014e-05,0.8726431675441457,4.451735094335163e-06,75,1,1,same_source_cyclic_next_latent,False
validation,lj_noisy,79,100,7.014661605353467e-06,5.402554961619899e-05,0.8701602916548544,8.21033063402865e-06,75,1,1,same_source_cyclic_next_latent,False
validation,lj_noisy,79,125,1.1217554856557399e-05,8.518932736478746e-05,0.8683220632964628,1.3079289601591881e-05,75,1,1,same_source_cyclic_next_latent,False
validation,lj_noisy,79,149,1.644242729526013e-05,0.0001221718266606331,0.8654155565592578,1.9011151380254887e-05,75,1,1,same_source_cyclic_next_latent,False
validation,lj_noisy,79,175,2.3659580620005727e-05,0.00017011869931593537,0.8609231041905252,2.7010641133529134e-05,75,1,1,same_source_cyclic_next_latent,False
validation,lj_noisy,79,199,3.196469697286375e-05,0.00022137924679555,0.8556111404499264,3.609910709201358e-05,75,1,1,same_source_cyclic_next_latent,False
validation,lj_noisy,75,0,3.8518127354336684e-08,0.0,,6.443850963933073e-08,181,1,1,same_source_cyclic_next_latent,False
validation,lj_noisy,75,5,1.3885526506385304e-08,9.145860246917437e-08,0.8481769223287077,2.0150897839243953e-08,181,1,1,same_source_cyclic_next_latent,False
validation,lj_noisy,75,10,5.191447627339585e-08,3.9008332919365785e-07,0.8669143939560083,4.6927564056886695e-08,181,1,1,same_source_cyclic_next_latent,False
validation,lj_noisy,75,25,4.1700093333929544e-07,2.6733314371085726e-06,0.8440145028218737,4.862654350290541e-07,181,1,1,same_source_cyclic_next_latent,False
validation,lj_noisy,75,50,1.9030342173209647e-06,1.1298255230940413e-05,0.8315638850050509,2.4223295440606307e-06,181,1,1,same_source_cyclic_next_latent,False
validation,lj_noisy,75,75,4.772758984472603e-06,2.6090825485880487e-05,0.8170713691272258,6.240373295440804e-06,181,1,1,same_source_cyclic_next_latent,False
validation,lj_noisy,75,100,8.959368642535992e-06,4.721252480521798e-05,0.8102332235037387,1.1815314792329445e-05,181,1,1,same_source_cyclic_next_latent,False
validation,lj_noisy,75,125,1.4606132936023641e-05,7.473392179235816e-05,0.8045581900999985,1.9340695871505886e-05,181,1,1,same_source_cyclic_next_latent,False
validation,lj_noisy,75,149,2.1301570086507127e-05,0.00010709988418966532,0.8011055731042271,2.8399348593666218e-05,181,1,1,same_source_cyclic_next_latent,False
validation,lj_noisy,75,175,3.017848575836979e-05,0.00014858660870231688,0.7968963285323355,4.022300345241092e-05,181,1,1,same_source_cyclic_next_latent,False
validation,lj_noisy,75,199,3.9543810999020934e-05,0.00019195048662368208,0.7939895246186774,5.278521712170914e-05,181,1,1,same_source_cyclic_next_latent,False
validation,lj_noisy,181,0,1.0709709385992028e-07,0.0,,8.316327892998743e-08,31,1,1,same_source_cyclic_next_latent,False
validation,lj_noisy,181,5,5.2735561695271826e-08,8.917994165358323e-08,0.408661177419004,3.271975401730742e-08,31,1,1,same_source_cyclic_next_latent,False
validation,lj_noisy,181,10,4.463803193743843e-08,3.5931097386310284e-07,0.8757676909850087,2.946577559725938e-08,31,1,1,same_source_cyclic_next_latent,False
validation,lj_noisy,181,25,2.1770732416825922e-07,2.322475211258279e-06,0.9062606467819698,2.093627955446209e-07,31,1,1,same_source_cyclic_next_latent,False
validation,lj_noisy,181,50,1.1774341146519873e-06,9.647412298363633e-06,0.8779533746213272,1.2595971838891273e-06,31,1,1,same_source_cyclic_next_latent,False
validation,lj_noisy,181,75,3.0174257972248597e-06,2.220537317043636e-05,0.8641128084601533,3.4371312267467147e-06,31,1,1,same_source_cyclic_next_latent,False
validation,lj_noisy,181,100,5.808345122204628e-06,4.0102699131239206e-05,0.8551632371876924,6.962711722735548e-06,31,1,1,same_source_cyclic_next_latent,False
validation,lj_noisy,181,125,9.707406206871383e-06,6.356189987855032e-05,0.8472763365251885,1.2481620615290012e-05,31,1,1,same_source_cyclic_next_latent,False
validation,lj_noisy,181,149,1.4644328075519297e-05,9.170166595140472e-05,0.8403046670571968,1.9958026314270683e-05,31,1,1,same_source_cyclic_next_latent,False
validation,lj_noisy,181,175,2.1041858417447656e-05,0.0001289811043534428,0.83686092220309,2.9476237614289857e-05,31,1,1,same_source_cyclic_next_latent,False
validation,lj_noisy,181,199,2.7933865567320026e-05,0.00016955948376562446,0.8352562478549892,3.8881193177076057e-05,31,1,1,same_source_cyclic_next_latent,False
validation,lj_noisy,31,0,7.833731530126897e-08,0.0,,6.938240204590329e-08,142,1,1,same_source_cyclic_next_latent,False
validation,lj_noisy,31,5,2.34864891979214e-08,1.0181967979860929e-07,0.7693325175999798,2.018067490894282e-08,142,1,1,same_source_cyclic_next_latent,False
validation,lj_noisy,31,10,2.423633560511007e-08,4.3096116542074014e-07,0.9437621355477621,4.32090239144145e-08,142,1,1,same_source_cyclic_next_latent,False
validation,lj_noisy,31,25,1.9514018845256942e-07,2.8248798571439693e-06,0.930920889269301,3.0963926178628753e-07,142,1,1,same_source_cyclic_next_latent,False
validation,lj_noisy,31,50,8.391594406020886e-07,1.1657663890218828e-05,0.9280165006896304,1.1693198302964447e-06,142,1,1,same_source_cyclic_next_latent,False
validation,lj_noisy,31,75,2.2080550934333587e-06,2.6905094273388386e-05,0.9179317094749105,3.091987537118257e-06,142,1,1,same_source_cyclic_next_latent,False
validation,lj_noisy,31,100,4.500107479543658e-06,4.89304875372909e-05,0.9080306020635083,6.329327788989758e-06,142,1,1,same_source_cyclic_next_latent,False
validation,lj_noisy,31,125,8.344255547854118e-06,7.90988706285134e-05,0.8945085374601265,1.1614827599260025e-05,142,1,1,same_source_cyclic_next_latent,False
validation,lj_noisy,31,149,1.5326571883633733e-05,0.00011739749606931582,0.8694471994991754,2.0235882402630523e-05,142,1,1,same_source_cyclic_next_latent,False
validation,lj_noisy,31,175,3.052619285881519e-05,0.00017393942107446492,0.8245010092005154,3.733956691576168e-05,142,1,1,same_source_cyclic_next_latent,False
validation,lj_noisy,31,199,5.246208456810564e-05,0.00024001374549698085,0.7814204996489855,6.092661715229042e-05,142,1,1,same_source_cyclic_next_latent,False
validation,lj_noisy,142,0,8.419426933414798e-08,0.0,,7.07912022335222e-08,157,1,1,same_source_cyclic_next_latent,False
validation,lj_noisy,142,5,3.1594311167282285e-08,9.436170955723355e-08,0.6651786904293073,2.72331490691613e-08,157,1,1,same_source_cyclic_next_latent,False
validation,lj_noisy,142,10,3.672223058970303e-08,3.835527593309962e-07,0.9042576811238302,3.7837498467752084e-08,157,1,1,same_source_cyclic_next_latent,False
validation,lj_noisy,142,25,2.5990829044530983e-07,2.477869657013798e-06,0.8951081669249148,2.7853292294821586e-07,157,1,1,same_source_cyclic_next_latent,False
validation,lj_noisy,142,50,1.4863387605146272e-06,1.0261092029395513e-05,0.8551480918155074,1.4982625771153835e-06,157,1,1,same_source_cyclic_next_latent,False
validation,lj_noisy,142,75,4.040733074361924e-06,2.3520789909525774e-05,0.828205894023761,4.1137723201245535e-06,157,1,1,same_source_cyclic_next_latent,False
validation,lj_noisy,142,100,8.152739610522985e-06,4.234289735904895e-05,0.8074590989513217,8.277696906588972e-06,157,1,1,same_source_cyclic_next_latent,False
validation,lj_noisy,142,125,1.3384285011852626e-05,6.57610289636068e-05,0.7964708700154357,1.3487980140780564e-05,157,1,1,same_source_cyclic_next_latent,False
validation,lj_noisy,142,149,1.947711280081421e-05,9.220665378961712e-05,0.7887667321139961,1.945184158103075e-05,157,1,1,same_source_cyclic_next_latent,False
validation,lj_noisy,142,175,2.751064494077582e-05,0.00012604442599695176,0.7817385043156043,2.7161539037479088e-05,157,1,1,same_source_cyclic_next_latent,False
validation,lj_noisy,142,199,3.58427241735626e-05,0.0001614613429410383,0.7780104914236253,3.516228753142059e-05,157,1,1,same_source_cyclic_next_latent,False
validation,lj_noisy,157,0,6.595627155547845e-08,0.0,,1.3486032912624069e-07,12,1,1,same_source_cyclic_next_latent,False
validation,lj_noisy,157,5,2.297826995345531e-08,9.083687757538428e-08,0.7470380910617942,1.1080717854383693e-07,12,1,1,same_source_cyclic_next_latent,False
validation,lj_noisy,157,10,3.522004377032317e-08,3.649991242582473e-07,0.9035064978802415,1.5420330612414546e-07,12,1,1,same_source_cyclic_next_latent,False
validation,lj_noisy,157,25,2.697698562315054e-07,2.373865527260932e-06,0.8863584086236016,8.890309572961996e-07,12,1,1,same_source_cyclic_next_latent,False
validation,lj_noisy,157,50,1.160951569545432e-06,9.819269507715944e-06,0.8817680308465756,4.683473889599554e-06,12,1,1,same_source_cyclic_next_latent,False
validation,lj_noisy,157,75,2.9048474061710294e-06,2.2813499526819214e-05,0.8726698022477378,1.0158229088119697e-05,12,1,1,same_source_cyclic_next_latent,False
validation,lj_noisy,157,100,5.7633787946542725e-06,4.15882641391363e-05,0.8614181449032712,1.639108631934505e-05,12,1,1,same_source_cyclic_next_latent,False
validation,lj_noisy,157,125,9.94689435174223e-06,6.644261884503067e-05,0.850293463372626,2.412050889688544e-05,12,1,1,same_source_cyclic_next_latent,False
validation,lj_noisy,157,149,1.5452285879291594e-05,9.61377882049419e-05,0.8392693844136381,3.32754643750377e-05,12,1,1,same_source_cyclic_next_latent,False
validation,lj_noisy,157,175,2.2359356080414727e-05,0.00013357444549910724,0.8326075321004108,4.5086664613336325e-05,12,1,1,same_source_cyclic_next_latent,False
validation,lj_noisy,157,199,3.0119163056951948e-05,0.0001735624682623893,0.8264649992680548,5.840810263180174e-05,12,1,1,same_source_cyclic_next_latent,False
validation,lj_noisy,12,0,7.382082856111083e-08,0.0,,4.126659547409872e-08,152,1,1,same_source_cyclic_next_latent,False
validation,lj_noisy,12,5,2.979622948373617e-08,1.0223686786048347e-07,0.7085569021500414,1.2884376232591421e-08,152,1,1,same_source_cyclic_next_latent,False
validation,lj_noisy,12,10,5.508407951992922e-08,4.424935866609303e-07,0.8755144002524526,7.099543353206172e-08,152,1,1,same_source_cyclic_next_latent,False
validation,lj_noisy,12,25,6.032292958479957e-07,3.1844713248574408e-06,0.8105716037888957,7.58170301651262e-07,152,1,1,same_source_cyclic_next_latent,False
validation,lj_noisy,12,50,3.5350908547115978e-06,1.4166832443152089e-05,0.7504670949630398,4.099711986782495e-06,152,1,1,same_source_cyclic_next_latent,False
validation,lj_noisy,12,75,8.990463356894907e-06,3.3046842872863635e-05,0.7279478892588129,1.0242198186460882e-05,152,1,1,same_source_cyclic_next_latent,False
validation,lj_noisy,12,100,1.482247535022907e-05,5.7156557886628434e-05,0.7406688593874067,1.6875885194167495e-05,152,1,1,same_source_cyclic_next_latent,False
validation,lj_noisy,12,125,2.2122978407423943e-05,8.803003584034741e-05,0.7486882948957727,2.5179037038469687e-05,152,1,1,same_source_cyclic_next_latent,False
validation,lj_noisy,12,149,3.0870902264723554e-05,0.00012419970880728215,0.7514414279938029,3.511252361931838e-05,152,1,1,same_source_cyclic_next_latent,False
validation,lj_noisy,12,175,4.071974035468884e-05,0.00016892341955099255,0.7589455596925276,4.6771176130278036e-05,152,1,1,same_source_cyclic_next_latent,False
validation,lj_noisy,12,199,4.934475873596966e-05,0.00021583693160209805,0.7713794466512421,5.80223131692037e-05,152,1,1,same_source_cyclic_next_latent,False
validation,lj_noisy,152,0,6.196807333935794e-08,0.0,,6.185247514167713e-08,29,1,1,same_source_cyclic_next_latent,False
validation,lj_noisy,152,5,1.8738122165018467e-08,9.695842351220563e-08,0.8067406473181815,1.5621104410001863e-08,29,1,1,same_source_cyclic_next_latent,False
validation,lj_noisy,152,10,2.699655965443526e-08,4.1400659256396466e-07,0.9347919570863735,3.5424790212346124e-08,29,1,1,same_source_cyclic_next_latent,False
validation,lj_noisy,152,25,2.2151782275159349e-07,2.7664339086186374e-06,0.9199265805478057,3.0005384132891777e-07,29,1,1,same_source_cyclic_next_latent,False
validation,lj_noisy,152,50,1.144457428381429e-06,1.1517513485159725e-05,0.9006332894807496,1.2788278809239273e-06,29,1,1,same_source_cyclic_next_latent,False
validation,lj_noisy,152,75,2.8878844204882625e-06,2.6382193027529866e-05,0.8905366048427154,3.129253173028701e-06,29,1,1,same_source_cyclic_next_latent,False
validation,lj_noisy,152,100,5.392031653173035e-06,4.726915722130798e-05,0.8859291772872477,5.848529781360412e-06,29,1,1,same_source_cyclic_next_latent,False
validation,lj_noisy,152,125,8.485341822961345e-06,7.386328070424497e-05,0.8851209729373192,9.31799422687618e-06,29,1,1,same_source_cyclic_next_latent,False
validation,lj_noisy,152,149,1.2215550668770447e-05,0.0001050939827109687,0.8837654606509122,1.3524377209250815e-05,29,1,1,same_source_cyclic_next_latent,False
validation,lj_noisy,152,175,1.729872019495815e-05,0.00014509294123854488,0.8807749016093236,1.9317196347401477e-05,29,1,1,same_source_cyclic_next_latent,False
validation,lj_noisy,152,199,2.3238164430949837e-05,0.00018777258810587227,0.8762430413013884,2.619653969304636e-05,29,1,1,same_source_cyclic_next_latent,False
validation,lj_noisy,29,0,6.121933893155074e-08,0.0,,5.749858900117033e-08,95,1,1,same_source_cyclic_next_latent,False
validation,lj_noisy,29,5,1.5321720781003023e-08,9.255531097096537e-08,0.8344587617904557,1.9300854248172072e-08,95,1,1,same_source_cyclic_next_latent,False
validation,lj_noisy,29,10,2.7925985079946258e-08,3.9399358797709283e-07,0.9291207117777514,2.5759646860024077e-08,95,1,1,same_source_cyclic_next_latent,False
validation,lj_noisy,29,25,2.3579492847147776e-07,2.62467051470594e-06,0.91016208428817,1.9771157155901165e-07,95,1,1,same_source_cyclic_next_latent,False
validation,lj_noisy,29,50,1.021838443193701e-06,1.0715701137087308e-05,0.9046410094756102,1.2155968533988926e-06,95,1,1,same_source_cyclic_next_latent,False
validation,lj_noisy,29,75,2.7076391688751755e-06,2.4163142370525748e-05,0.8879434169879346,3.843461854557972e-06,95,1,1,same_source_cyclic_next_latent,False
validation,lj_noisy,29,100,5.523437266674591e-06,4.288870331947692e-05,0.8712146360422548,8.348913979716599e-06,95,1,1,same_source_cyclic_next_latent,False
validation,lj_noisy,29,125,9.431163562112488e-06,6.650677823927253e-05,0.8581924457657257,1.42533281177748e-05,95,1,1,same_source_cyclic_next_latent,False
validation,lj_noisy,29,149,1.4247774743125774e-05,9.352853521704674e-05,0.8476638738106855,2.1075808035675436e-05,95,1,1,same_source_cyclic_next_latent,False
validation,lj_noisy,29,175,2.0932231564074755e-05,0.00012778700329363346,0.8361943623016502,2.940363992820494e-05,95,1,1,same_source_cyclic_next_latent,False
validation,lj_noisy,29,199,2.8474034479586408e-05,0.0001640301925363019,0.8264097966398183,3.771156116272323e-05,95,1,1,same_source_cyclic_next_latent,False
validation,lj_noisy,95,0,4.037878653662119e-08,0.0,,5.004303460509618e-08,183,1,1,same_source_cyclic_next_latent,False
validation,lj_noisy,95,5,1.1029580804233774e-08,9.315184712477276e-08,0.8815956833420583,1.0465815769578057e-08,183,1,1,same_source_cyclic_next_latent,False
validation,lj_noisy,95,10,3.931936731760288e-08,4.062233927015768e-07,0.9032075256520542,4.611778336993666e-08,183,1,1,same_source_cyclic_next_latent,False
validation,lj_noisy,95,25,3.5582237956077734e-07,2.82183304989303e-06,0.8739038159701666,5.200029136176454e-07,183,1,1,same_source_cyclic_next_latent,False
validation,lj_noisy,95,50,1.852620584941178e-06,1.2093249097233638e-05,0.846805389515629,2.5877718599076616e-06,183,1,1,same_source_cyclic_next_latent,False
validation,lj_noisy,95,75,5.130711087986128e-06,2.8183430913486518e-05,0.8179529276000621,6.814661446696846e-06,183,1,1,same_source_cyclic_next_latent,False
validation,lj_noisy,95,100,1.0766974810394458e-05,5.138449341757223e-05,0.7904625677070036,1.3560061233874876e-05,183,1,1,same_source_cyclic_next_latent,False
validation,lj_noisy,95,125,1.8331880710320547e-05,8.035653445404023e-05,0.7718682016979537,2.2044385332264937e-05,183,1,1,same_source_cyclic_next_latent,False
validation,lj_noisy,95,149,2.9181703212088905e-05,0.00011559575068531558,0.7475538413905043,3.401493086130358e-05,183,1,1,same_source_cyclic_next_latent,False
validation,lj_noisy,95,175,4.582260226015933e-05,0.00016214206698350608,0.7173922652360128,5.224434062256478e-05,183,1,1,same_source_cyclic_next_latent,False
validation,lj_noisy,95,199,6.575068982783705e-05,0.00021282926900312304,0.6910636862316516,7.395289867417887e-05,183,1,1,same_source_cyclic_next_latent,False
validation,lj_noisy,183,0,7.954488978612062e-08,0.0,,6.51206519819425e-08,147,1,1,same_source_cyclic_next_latent,False
validation,lj_noisy,183,5,2.752489258739388e-08,9.035466774776069e-08,0.695368338199926,2.8033296572971267e-08,147,1,1,same_source_cyclic_next_latent,False
validation,lj_noisy,183,10,2.5845192652695914e-08,3.734352276296704e-07,0.9307906947698942,3.6596695451862615e-08,147,1,1,same_source_cyclic_next_latent,False
validation,lj_noisy,183,25,2.0105066766973323e-07,2.431817392789526e-06,0.9173249322642976,3.4912054047708807e-07,147,1,1,same_source_cyclic_next_latent,False
validation,lj_noisy,183,50,1.1659951724141138e-06,1.0205611033597961e-05,0.8857495971014834,2.392800979578169e-06,147,1,1,same_source_cyclic_next_latent,False
validation,lj_noisy,183,75,3.3240512493648566e-06,2.3695167328696698e-05,0.8597160677004728,6.302881956798956e-06,147,1,1,same_source_cyclic_next_latent,False
validation,lj_noisy,183,100,6.981746537348954e-06,4.307867129682563e-05,0.8379303184807507,1.2354119462543167e-05,147,1,1,same_source_cyclic_next_latent,False
validation,lj_noisy,183,125,1.1122551768494304e-05,6.872970698168501e-05,0.8381696611705587,1.8916873159469105e-05,147,1,1,same_source_cyclic_next_latent,False
validation,lj_noisy,183,149,1.549787339172326e-05,9.890592627925798e-05,0.843306928363772,2.5106321118073538e-05,147,1,1,same_source_cyclic_next_latent,False
validation,lj_noisy,183,175,2.09813479159493e-05,0.00013746204786002636,0.8473662495024518,3.126437877654098e-05,147,1,1,same_source_cyclic_next_latent,False
validation,lj_noisy,183,199,2.745730489550624e-05,0.00017979549011215568,0.8472859086822562,3.761013795156032e-05,147,1,1,same_source_cyclic_next_latent,False
validation,lj_noisy,147,0,4.795101204990715e-08,0.0,,3.0885072277442305e-08,43,1,1,same_source_cyclic_next_latent,False
validation,lj_noisy,147,5,1.3186419955957263e-08,1.0630814983869641e-07,0.875960404014506,1.5088318150446867e-08,43,1,1,same_source_cyclic_next_latent,False
validation,lj_noisy,147,10,3.9176274668761835e-08,4.434336347003409e-07,0.9116524512281619,8.078466606775692e-08,43,1,1,same_source_cyclic_next_latent,False
validation,lj_noisy,147,25,3.105672305991902e-07,2.912094714702107e-06,0.8933526340914499,4.955799681738426e-07,43,1,1,same_source_cyclic_next_latent,False
validation,lj_noisy,147,50,1.5692787656007567e-06,1.199792586703552e-05,0.869204162203371,1.7978263713303022e-06,43,1,1,same_source_cyclic_next_latent,False
validation,lj_noisy,147,75,3.870430646202294e-06,2.7232879801886156e-05,0.8578765567814012,4.149728738411795e-06,43,1,1,same_source_cyclic_next_latent,False
validation,lj_noisy,147,100,7.344788627960952e-06,4.869244003202766e-05,0.8491595692651696,7.92363061918877e-06,43,1,1,same_source_cyclic_next_latent,False
validation,lj_noisy,147,125,1.2123676242481451e-05,7.65042204875499e-05,0.8415293147852617,1.3522315384761896e-05,43,1,1,same_source_cyclic_next_latent,False
validation,lj_noisy,147,149,1.7707647202769294e-05,0.00010965059482259676,0.8385084254999399,2.0903980839648284e-05,43,1,1,same_source_cyclic_next_latent,False
validation,lj_noisy,147,175,2.496925662853755e-05,0.00015283728134818375,0.8366284952972027,3.16800142172724e-05,43,1,1,same_source_cyclic_next_latent,False
validation,lj_noisy,147,199,3.3260283089475706e-05,0.00019974987662862986,0.8334903447709636,4.469799023354426e-05,43,1,1,same_source_cyclic_next_latent,False
validation,lj_noisy,43,0,3.9146591745975456e-08,0.0,,8.864909517569686e-08,13,1,1,same_source_cyclic_next_latent,False
validation,lj_noisy,43,5,1.3758926442619668e-08,9.6270760252537e-08,0.8570809412273538,3.47542368217546e-08,13,1,1,same_source_cyclic_next_latent,False
validation,lj_noisy,43,10,4.8715385503328434e-08,4.102923867321806e-07,0.8812666598780261,3.120683444990391e-08,13,1,1,same_source_cyclic_next_latent,False
validation,lj_noisy,43,25,2.8989543920943106e-07,2.796049102471443e-06,0.8963196179376138,2.5312360207863094e-07,13,1,1,same_source_cyclic_next_latent,False
validation,lj_noisy,43,50,1.222095647790411e-06,1.1718565474438947e-05,0.8957128625977215,1.38351128953218e-06,13,1,1,same_source_cyclic_next_latent,False
validation,lj_noisy,43,75,3.200133960490348e-06,2.693894930416718e-05,0.8812079148166584,3.7340430480981013e-06,13,1,1,same_source_cyclic_next_latent,False
validation,lj_noisy,43,100,6.14197460890864e-06,4.813013947568834e-05,0.8723881817959183,7.459669177478645e-06,13,1,1,same_source_cyclic_next_latent,False
validation,lj_noisy,43,125,1.0343765097786672e-05,7.53487111069262e-05,0.8627214063010581,1.2915351362607908e-05,13,1,1,same_source_cyclic_next_latent,False
validation,lj_noisy,43,149,1.5936473573674448e-05,0.00010748124623205513,0.8517278675828978,2.010552452702541e-05,13,1,1,same_source_cyclic_next_latent,False
validation,lj_noisy,43,175,2.3826656615710817e-05,0.00014898361405357718,0.8400719651817392,3.006939368788153e-05,13,1,1,same_source_cyclic_next_latent,False
validation,lj_noisy,43,199,3.334967914270237e-05,0.00019355223048478365,0.827696745942051,4.1197876271326095e-05,13,1,1,same_source_cyclic_next_latent,False
validation,lj_noisy,13,0,8.671923978909035e-08,0.0,,1.0464439981205942e-07,40,1,1,same_source_cyclic_next_latent,False
validation,lj_noisy,13,5,3.544093729601627e-08,9.281463064780837e-08,0.618153549190974,4.83706692477881e-08,40,1,1,same_source_cyclic_next_latent,False
validation,lj_noisy,13,10,3.313550678285537e-08,3.781031523431011e-07,0.9123638441586245,4.3794837978339274e-08,40,1,1,same_source_cyclic_next_latent,False
validation,lj_noisy,13,25,1.8618499098010943e-07,2.410028173471801e-06,0.9227457201415625,1.9521350225204515e-07,40,1,1,same_source_cyclic_next_latent,False
validation,lj_noisy,13,50,9.520338153379271e-07,9.818084436119534e-06,0.9030326311071932,1.0247360933135496e-06,40,1,1,same_source_cyclic_next_latent,False
validation,lj_noisy,13,75,2.5208937586285174e-06,2.2434529455495067e-05,0.8876333125849869,2.903930408137967e-06,40,1,1,same_source_cyclic_next_latent,False
validation,lj_noisy,13,100,5.012692781747319e-06,4.0286795410793275e-05,0.8755747949015482,6.14670943832607e-06,40,1,1,same_source_cyclic_next_latent,False
validation,lj_noisy,13,125,8.555165550205857e-06,6.321443652268499e-05,0.8646643706594495,1.0944073437713087e-05,40,1,1,same_source_cyclic_next_latent,False
validation,lj_noisy,13,149,1.34772253659321e-05,8.989958587335423e-05,0.8500857903292447,1.7600565115571953e-05,40,1,1,same_source_cyclic_next_latent,False
validation,lj_noisy,13,175,2.2260803234530613e-05,0.00012564916687551886,0.8228336582877268,2.844290793291293e-05,40,1,1,same_source_cyclic_next_latent,False
validation,lj_noisy,13,199,3.2229716453002766e-05,0.00016380345914512873,0.8032415394570669,3.9721264329273254e-05,40,1,1,same_source_cyclic_next_latent,False
validation,lj_noisy,40,0,9.827684976926321e-08,0.0,,1.6767086208346882e-07,132,1,1,same_source_cyclic_next_latent,False
validation,lj_noisy,40,5,3.9531816042881474e-08,9.645786747114471e-08,0.5901649385447238,9.374635112635588e-08,132,1,1,same_source_cyclic_next_latent,False
validation,lj_noisy,40,10,3.5371741091694275e-08,4.1816244333858776e-07,0.9154114826542334,7.670889345945398e-08,132,1,1,same_source_cyclic_next_latent,False
validation,lj_noisy,40,25,3.147794416236138e-07,2.9362895475060213e-06,0.8927968660682745,4.542972078525054e-07,132,1,1,same_source_cyclic_next_latent,False
validation,lj_noisy,40,50,1.6235471775871702e-06,1.2648867595999036e-05,0.8716448594891835,3.1891138405626407e-06,132,1,1,same_source_cyclic_next_latent,False
validation,lj_noisy,40,75,4.400753823574632e-06,2.9483269827323966e-05,0.8507372537256305,9.704761396278627e-06,132,1,1,same_source_cyclic_next_latent,False
validation,lj_noisy,40,100,9.404034244653303e-06,5.388597855926491e-05,0.8254827230369297,1.9031511328648776e-05,132,1,1,same_source_cyclic_next_latent,False
validation,lj_noisy,40,125,1.642089046072215e-05,8.557874389225617e-05,0.8081195199429886,2.9625987735926174e-05,132,1,1,same_source_cyclic_next_latent,False
validation,lj_noisy,40,149,2.4461589418933727e-05,0.00012253261229489,0.8003667027022662,3.988776734331623e-05,132,1,1,same_source_cyclic_next_latent,False
validation,lj_noisy,40,175,3.529080640873872e-05,0.0001704702153801918,0.7929796338320376,5.330091516952962e-05,132,1,1,same_source_cyclic_next_latent,False
validation,lj_noisy,40,199,4.744647230836563e-05,0.0002223484916612506,0.7866121242654946,6.830052006989717e-05,132,1,1,same_source_cyclic_next_latent,False
validation,lj_noisy,132,0,1.1597676774499632e-07,0.0,,4.608891401858273e-08,61,1,1,same_source_cyclic_next_latent,False
validation,lj_noisy,132,5,4.836853761958082e-08,1.029204241831394e-07,0.5300394649218261,1.3218145689108951e-08,61,1,1,same_source_cyclic_next_latent,False
validation,lj_noisy,132,10,4.675638010098737e-08,4.4125229692326684e-07,0.8940370839381302,6.850221012655311e-08,61,1,1,same_source_cyclic_next_latent,False
validation,lj_noisy,132,25,3.6059344665773096e-07,3.067184479732532e-06,0.8824350315279452,6.20170851561852e-07,61,1,1,same_source_cyclic_next_latent,False
validation,lj_noisy,132,50,2.355862989134039e-06,1.3521135770133696e-05,0.8257644158608471,3.1261620279110502e-06,61,1,1,same_source_cyclic_next_latent,False
validation,lj_noisy,132,75,6.768025741621386e-06,3.2666182960383594e-05,0.7928124706265984,8.711862392374314e-06,61,1,1,same_source_cyclic_next_latent,False
validation,lj_noisy,132,100,1.3332081834960263e-05,6.118311284808442e-05,0.7820953983158169,1.810453068173956e-05,61,1,1,same_source_cyclic_next_latent,False
validation,lj_noisy,132,125,2.4032322471612133e-05,0.00010149922309210524,0.763226537706559,3.352477142470889e-05,61,1,1,same_source_cyclic_next_latent,False
validation,lj_noisy,132,149,3.8781399780418724e-05,0.00015093496767804027,0.7430588790853063,5.379702270147391e-05,61,1,1,same_source_cyclic_next_latent,False
validation,lj_noisy,132,175,5.806826811749488e-05,0.0002120805875165388,0.7261971555366117,7.896043825894594e-05,61,1,1,same_source_cyclic_next_latent,False
validation,lj_noisy,132,199,7.241318962769583e-05,0.0002682431077118963,0.7300464110881445,9.961205068975687e-05,61,1,1,same_source_cyclic_next_latent,False
validation,lj_noisy,61,0,7.570675819579264e-08,0.0,,6.74482549811728e-08,188,1,1,same_source_cyclic_next_latent,False
validation,lj_noisy,61,5,2.3979257690598388e-08,9.96304834188777e-08,0.759318063430626,2.174864022208567e-08,188,1,1,same_source_cyclic_next_latent,False
validation,lj_noisy,61,10,2.4793925135213613e-08,4.162667153195798e-07,0.9404374065407113,2.391106512789065e-08,188,1,1,same_source_cyclic_next_latent,False
validation,lj_noisy,61,25,1.7202668800564425e-07,2.741091520874761e-06,0.937241538016671,2.3141824101458042e-07,188,1,1,same_source_cyclic_next_latent,False
validation,lj_noisy,61,50,9.198676025334862e-07,1.1338017429807223e-05,0.9188687433029351,1.9772744508372853e-06,188,1,1,same_source_cyclic_next_latent,False
validation,lj_noisy,61,75,2.2481590349343605e-06,2.6031604647869244e-05,0.9136373241163841,4.917738351650769e-06,188,1,1,same_source_cyclic_next_latent,False
validation,lj_noisy,61,100,4.18812351199449e-06,4.705508763436228e-05,0.9109953094862353,7.909190571808722e-06,188,1,1,same_source_cyclic_next_latent,False
validation,lj_noisy,61,125,6.734302587574348e-06,7.433142309309915e-05,0.9094016728411116,1.0726354958023876e-05,188,1,1,same_source_cyclic_next_latent,False
validation,lj_noisy,61,149,9.81060293270275e-06,0.00010632432531565428,0.9077294598053911,1.4051337529963348e-05,188,1,1,same_source_cyclic_next_latent,False
validation,lj_noisy,61,175,1.4101872693572659e-05,0.0001481663784943521,0.9048240711767805,1.937315391842276e-05,188,1,1,same_source_cyclic_next_latent,False
validation,lj_noisy,61,199,1.9733777662622742e-05,0.00019447802333161235,0.8985295236728426,2.6812613214133307e-05,188,1,1,same_source_cyclic_next_latent,False
validation,lj_noisy,188,0,4.036823852970883e-08,0.0,,4.685772836410251e-08,67,1,1,same_source_cyclic_next_latent,False
validation,lj_noisy,188,5,9.24209686559152e-09,9.160689984355486e-08,0.899111345527738,1.4199562414773936e-08,67,1,1,same_source_cyclic_next_latent,False
validation,lj_noisy,188,10,4.004880693742052e-08,3.833892776583525e-07,0.8955400965253155,4.442136258830942e-08,67,1,1,same_source_cyclic_next_latent,False
validation,lj_noisy,188,25,3.635000496160501e-07,2.6204288587905467e-06,0.861282229282186,4.4811656607635086e-07,67,1,1,same_source_cyclic_next_latent,False
validation,lj_noisy,188,50,1.7593359871170833e-06,1.1088137398473918e-05,0.8413316931517079,2.0992461031710263e-06,67,1,1,same_source_cyclic_next_latent,False
validation,lj_noisy,188,75,4.275937499187421e-06,2.5567558623151854e-05,0.8327592570643219,5.171665634406963e-06,67,1,1,same_source_cyclic_next_latent,False
validation,lj_noisy,188,100,7.878935321059544e-06,4.645999797503464e-05,0.8304146434682734,9.663377568358555e-06,67,1,1,same_source_cyclic_next_latent,False
validation,lj_noisy,188,125,1.3003362255403772e-05,7.364279736066237e-05,0.8234265573628283,1.570926178828813e-05,67,1,1,same_source_cyclic_next_latent,False
validation,lj_noisy,188,149,1.9736919057322666e-05,0.00010572637256700546,0.8133207583111381,2.2952444851398468e-05,67,1,1,same_source_cyclic_next_latent,False
validation,lj_noisy,188,175,2.9171667847549543e-05,0.00014696051948703825,0.8014999678187552,3.2464722607983276e-05,67,1,1,same_source_cyclic_next_latent,False
validation,lj_noisy,188,199,4.0037353755906224e-05,0.00019167976279277354,0.7911237306820391,4.293076563044451e-05,67,1,1,same_source_cyclic_next_latent,False
validation,lj_noisy,67,0,6.103925187517234e-08,0.0,,4.22082244710964e-08,15,1,1,same_source_cyclic_next_latent,False
validation,lj_noisy,67,5,2.017963929290545e-08,8.974264886774108e-08,0.7751388047098393,1.0517745785421084e-08,15,1,1,same_source_cyclic_next_latent,False
validation,lj_noisy,67,10,2.982720914701531e-08,3.756259161491471e-07,0.9205933140801391,4.916450535574768e-08,15,1,1,same_source_cyclic_next_latent,False
validation,lj_noisy,67,25,2.0369634512462653e-07,2.4605394628451904e-06,0.9172147619656192,3.74085118437506e-07,15,1,1,same_source_cyclic_next_latent,False
validation,lj_noisy,67,50,1.0002173667089664e-06,1.0304262104909867e-05,0.9029316843335755,1.3294944665176445e-06,15,1,1,same_source_cyclic_next_latent,False
validation,lj_noisy,67,75,2.758725486273761e-06,2.4312985260621645e-05,0.8865328359844847,3.279796828792314e-06,15,1,1,same_source_cyclic_next_latent,False
validation,lj_noisy,67,100,5.439235337689752e-06,4.4734984840033576e-05,0.8784120446862843,6.274544830375817e-06,15,1,1,same_source_cyclic_next_latent,False
validation,lj_noisy,67,125,9.117904482991435e-06,7.140247180359438e-05,0.8723026773068598,1.0661909072950948e-05,15,1,1,same_source_cyclic_next_latent,False
validation,lj_noisy,67,149,1.3612187103717588e-05,0.0001028560582199134,0.8676578964885686,1.6879394024726935e-05,15,1,1,same_source_cyclic_next_latent,False
validation,lj_noisy,67,175,1.9514569430612028e-05,0.0001433728903066367,0.8638894048318652,2.619869883346837e-05,15,1,1,same_source_cyclic_next_latent,False
validation,lj_noisy,67,199,2.587251401564572e-05,0.00018682236259337515,0.8615127565217764,3.7934700230835006e-05,15,1,1,same_source_cyclic_next_latent,False
mixed_transfer,depablo_mixed_temp,268,0,9.786852928073131e-08,0.0,,4.928024566197564e-08,161,1,1,same_source_cyclic_next_latent,True
mixed_transfer,depablo_mixed_temp,268,5,6.948370719328523e-05,4.713676025858149e-05,-0.474087459810846,7.004447252256796e-05,161,1,1,same_source_cyclic_next_latent,True
mixed_transfer,depablo_mixed_temp,268,10,0.0001111765086534433,5.8645240642363206e-05,-0.8957464823348924,9.745700663188472e-05,161,1,1,same_source_cyclic_next_latent,True
mixed_transfer,depablo_mixed_temp,268,25,8.431419701082632e-05,5.51444391021505e-05,-0.5289700717535863,9.367473103338853e-05,161,1,1,same_source_cyclic_next_latent,True
mixed_transfer,depablo_mixed_temp,268,50,0.00012287312711123377,6.742466939613223e-05,-0.8223764122495245,0.00013986052363179624,161,1,1,same_source_cyclic_next_latent,True
mixed_transfer,depablo_mixed_temp,268,75,6.136472075013444e-05,7.959867070894688e-05,0.229073548545616,0.00011969530169153586,161,1,1,same_source_cyclic_next_latent,True
mixed_transfer,depablo_mixed_temp,268,100,7.862926577217877e-05,9.612221765564755e-05,0.18198656158908333,0.0001678557600826025,161,1,1,same_source_cyclic_next_latent,True
mixed_transfer,depablo_mixed_temp,268,125,6.433285307139158e-05,0.00013924895029049367,0.5380011631169654,0.0001777627767296508,161,1,1,same_source_cyclic_next_latent,True
mixed_transfer,depablo_mixed_temp,268,149,6.54772375128232e-05,0.00013940916687715799,0.530323299539411,0.0003130637633148581,161,1,1,same_source_cyclic_next_latent,True
mixed_transfer,depablo_mixed_temp,268,175,8.530027844244614e-05,0.00018091170932166278,0.5284977475350618,0.0002608168579172343,161,1,1,same_source_cyclic_next_latent,True
mixed_transfer,depablo_mixed_temp,268,199,0.00010488219413673505,0.00022531113063450903,0.5345006088186967,0.0003710077435243875,161,1,1,same_source_cyclic_next_latent,True
mixed_transfer,depablo_mixed_temp,161,0,2.4102705609152508e-08,0.0,,3.163460604582724e-08,47,1,1,same_source_cyclic_next_latent,True
mixed_transfer,depablo_mixed_temp,161,5,2.4073891836451367e-05,2.0224346371833235e-05,-0.19034214475180544,1.9742310541914776e-05,47,1,1,same_source_cyclic_next_latent,True
mixed_transfer,depablo_mixed_temp,161,10,2.7222122298553586e-05,2.2510845155920833e-05,-0.2092892163754938,2.1354893760872073e-05,47,1,1,same_source_cyclic_next_latent,True
mixed_transfer,depablo_mixed_temp,161,25,3.103191193076782e-05,2.079022306133993e-05,-0.4926204417918263,1.9376544514670968e-05,47,1,1,same_source_cyclic_next_latent,True
mixed_transfer,depablo_mixed_temp,161,50,5.192769458517432e-05,4.2505580495344475e-05,-0.2216676958655306,3.2205876777879894e-05,47,1,1,same_source_cyclic_next_latent,True
mixed_transfer,depablo_mixed_temp,161,75,2.8386937628965825e-05,4.9270100134890527e-05,0.4238506203306116,2.2089603589847684e-05,47,1,1,same_source_cyclic_next_latent,True
mixed_transfer,depablo_mixed_temp,161,100,3.3447657187934965e-05,7.182943227235228e-05,0.534346073332265,2.7991382012260146e-05,47,1,1,same_source_cyclic_next_latent,True
mixed_transfer,depablo_mixed_temp,161,125,3.657281558844261e-05,9.014578245114535e-05,0.5942925493129609,3.0354807677213103e-05,47,1,1,same_source_cyclic_next_latent,True
mixed_transfer,depablo_mixed_temp,161,149,3.4934702853206545e-05,0.0001271728688152507,0.7252975168472637,2.6045086997328326e-05,47,1,1,same_source_cyclic_next_latent,True
mixed_transfer,depablo_mixed_temp,161,175,2.4922530428739265e-05,0.00017018135986290872,0.8535531126980308,2.9180127967265435e-05,47,1,1,same_source_cyclic_next_latent,True
mixed_transfer,depablo_mixed_temp,161,199,3.426297553232871e-05,0.0001962430396815762,0.825405397368876,3.010555519722402e-05,47,1,1,same_source_cyclic_next_latent,True
mixed_transfer,depablo_mixed_temp,47,0,3.603452114475658e-08,0.0,,3.6595899643998564e-08,191,1,1,same_source_cyclic_next_latent,True
mixed_transfer,depablo_mixed_temp,47,5,2.2539860822234914e-07,2.6881184567173477e-07,0.16150046267827278,1.3659092701345799e-06,191,1,1,same_source_cyclic_next_latent,True
mixed_transfer,depablo_mixed_temp,47,10,2.0106611486880865e-07,5.738165782531723e-07,0.6495986304876387,1.6890284086912288e-06,191,1,1,same_source_cyclic_next_latent,True
mixed_transfer,depablo_mixed_temp,47,25,2.740636944054131e-07,2.950489943032153e-06,0.9071124797247185,7.139946092138416e-07,191,1,1,same_source_cyclic_next_latent,True
mixed_transfer,depablo_mixed_temp,47,50,5.993138643134444e-07,1.030835755955195e-05,0.9418613624089798,6.126871880951512e-07,191,1,1,same_source_cyclic_next_latent,True
mixed_transfer,depablo_mixed_temp,47,75,7.777243808959611e-07,2.303583823959343e-05,0.9662385031181879,2.0704342205135617e-06,191,1,1,same_source_cyclic_next_latent,True
mixed_transfer,depablo_mixed_temp,47,100,1.4841485835859203e-06,4.1095041524386033e-05,0.9638849717987213,3.833424671029206e-06,191,1,1,same_source_cyclic_next_latent,True
mixed_transfer,depablo_mixed_temp,47,125,1.9802243969024858e-06,6.353035132633522e-05,0.9688302621414653,8.060245818342082e-06,191,1,1,same_source_cyclic_next_latent,True
mixed_transfer,depablo_mixed_temp,47,149,2.3720606350252638e-06,9.000220597954467e-05,0.9736444167205816,1.1009223271685187e-05,191,1,1,same_source_cyclic_next_latent,True
mixed_transfer,depablo_mixed_temp,47,175,3.425839395276853e-06,0.00012707475980278105,0.973040756476001,2.3527109078713693e-05,191,1,1,same_source_cyclic_next_latent,True
mixed_transfer,depablo_mixed_temp,47,199,4.284302121959627e-06,0.00016195152420550585,0.9735457746200454,2.0888919607386924e-05,191,1,1,same_source_cyclic_next_latent,True
mixed_transfer,depablo_mixed_temp,191,0,4.4634393958631335e-08,0.0,,7.654178091343056e-08,242,1,1,same_source_cyclic_next_latent,True
mixed_transfer,depablo_mixed_temp,191,5,1.0271661267324816e-05,7.1508447945234366e-06,-0.436426263256545,1.4672173165308777e-05,242,1,1,same_source_cyclic_next_latent,True
mixed_transfer,depablo_mixed_temp,191,10,1.456440077163279e-05,1.1249665476498194e-05,-0.29465189894396837,1.9049086404265836e-05,242,1,1,same_source_cyclic_next_latent,True
mixed_transfer,depablo_mixed_temp,191,25,1.3028740795562044e-05,1.134495687438175e-05,-0.14841695211574368,2.8395761546562426e-05,242,1,1,same_source_cyclic_next_latent,True
mixed_transfer,depablo_mixed_temp,191,50,1.2833914297516458e-05,2.3212682208395563e-05,0.4471162710841452,1.871599852165673e-05,242,1,1,same_source_cyclic_next_latent,True
mixed_transfer,depablo_mixed_temp,191,75,1.1260698556725401e-05,3.4925145882880315e-05,0.6775761912494918,1.8872176951845177e-05,242,1,1,same_source_cyclic_next_latent,True
mixed_transfer,depablo_mixed_temp,191,100,1.0505010322958697e-05,5.758188126492314e-05,0.8175639612289295,4.33785498898942e-05,242,1,1,same_source_cyclic_next_latent,True
mixed_transfer,depablo_mixed_temp,191,125,1.0665651643648744e-05,7.634270150447264e-05,0.8602924518852155,2.5117235054494813e-05,242,1,1,same_source_cyclic_next_latent,True
mixed_transfer,depablo_mixed_temp,191,149,1.190645980386762e-05,0.00011539997649379075,0.896824417425178,3.209842543583363e-05,242,1,1,same_source_cyclic_next_latent,True
mixed_transfer,depablo_mixed_temp,191,175,1.465859531890601e-05,0.00014662892499472946,0.9000293064998403,5.188410068512894e-05,242,1,1,same_source_cyclic_next_latent,True
mixed_transfer,depablo_mixed_temp,191,199,1.1928646017622668e-05,0.00018133649427909404,0.9342181723262867,6.541145558003336e-05,242,1,1,same_source_cyclic_next_latent,True
mixed_transfer,depablo_mixed_temp,242,0,8.788293115458146e-08,0.0,,6.449926814866558e-08,208,1,1,same_source_cyclic_next_latent,True
mixed_transfer,depablo_mixed_temp,242,5,3.1200277589960024e-05,2.3800261260475963e-05,-0.31092164277091094,3.005685175594408e-05,208,1,1,same_source_cyclic_next_latent,True
mixed_transfer,depablo_mixed_temp,242,10,4.090897709829733e-05,3.038742215721868e-05,-0.34624703887819597,4.2970401409547776e-05,208,1,1,same_source_cyclic_next_latent,True
mixed_transfer,depablo_mixed_temp,242,25,4.598487794282846e-05,3.699141598190181e-05,-0.24312294412646263,4.7940731747075915e-05,208,1,1,same_source_cyclic_next_latent,True
mixed_transfer,depablo_mixed_temp,242,50,3.829522029263899e-05,4.2313102312618867e-05,0.09495597818129353,3.659038702608086e-05,208,1,1,same_source_cyclic_next_latent,True
mixed_transfer,depablo_mixed_temp,242,75,4.0615483158035204e-05,7.29313469491899e-05,0.4430997800392833,3.933432526537217e-05,208,1,1,same_source_cyclic_next_latent,True
mixed_transfer,depablo_mixed_temp,242,100,5.090703416499309e-05,9.204618982039392e-05,0.4469403430568286,6.244638643693179e-05,208,1,1,same_source_cyclic_next_latent,True
mixed_transfer,depablo_mixed_temp,242,125,3.359645415912382e-05,0.00011756044841604307,0.7142197515253861,5.466650327434763e-05,208,1,1,same_source_cyclic_next_latent,True
mixed_transfer,depablo_mixed_temp,242,149,3.398904300411232e-05,0.000145202677231282,0.7659199978112399,4.7070807340787724e-05,208,1,1,same_source_cyclic_next_latent,True
mixed_transfer,depablo_mixed_temp,242,175,3.823385122814216e-05,0.00018254968745168298,0.790556468423087,5.9343132306821644e-05,208,1,1,same_source_cyclic_next_latent,True
mixed_transfer,depablo_mixed_temp,242,199,5.6867273087846115e-05,0.0002420646051177755,0.7650739848554993,5.798837810289115e-05,208,1,1,same_source_cyclic_next_latent,True
mixed_transfer,depablo_mixed_temp,208,0,5.720294282696159e-08,0.0,,9.196888584028784e-08,221,1,1,same_source_cyclic_next_latent,True
mixed_transfer,depablo_mixed_temp,208,5,3.2495408959221095e-05,2.257787127746269e-05,-0.43925920029751087,5.3261490393197164e-05,221,1,1,same_source_cyclic_next_latent,True
mixed_transfer,depablo_mixed_temp,208,10,3.2233321690000594e-05,2.1629317416227423e-05,-0.49026069892605606,4.707456537289545e-05,221,1,1,same_source_cyclic_next_latent,True
mixed_transfer,depablo_mixed_temp,208,25,3.4905657230410725e-05,2.2251089831115678e-05,-0.5687167458017737,3.116621883236803e-05,221,1,1,same_source_cyclic_next_latent,True
mixed_transfer,depablo_mixed_temp,208,50,2.557364678068552e-05,2.6678577341954224e-05,0.04141639740028824,2.9887254640925676e-05,221,1,1,same_source_cyclic_next_latent,True
mixed_transfer,depablo_mixed_temp,208,75,3.0038638215046376e-05,4.3110252590849996e-05,0.3032135881889503,3.8277572457445785e-05,221,1,1,same_source_cyclic_next_latent,True
mixed_transfer,depablo_mixed_temp,208,100,2.7963782486040145e-05,6.287909491220489e-05,0.5552769561157862,3.1111085263546556e-05,221,1,1,same_source_cyclic_next_latent,True
mixed_transfer,depablo_mixed_temp,208,125,2.4348626538994722e-05,6.771790503989905e-05,0.6404403455090846,5.209838127484545e-05,221,1,1,same_source_cyclic_next_latent,True
mixed_transfer,depablo_mixed_temp,208,149,3.178402766934596e-05,0.0001124460031860508,0.7173396406383892,4.172153057879768e-05,221,1,1,same_source_cyclic_next_latent,True
mixed_transfer,depablo_mixed_temp,208,175,2.9853852538508363e-05,0.00013137060159351677,0.7727508881257824,4.3698863009922206e-05,221,1,1,same_source_cyclic_next_latent,True
mixed_transfer,depablo_mixed_temp,208,199,2.9833188818884082e-05,0.00017357629258185625,0.8281263623324876,3.875972834066488e-05,221,1,1,same_source_cyclic_next_latent,True
mixed_transfer,depablo_mixed_temp,221,0,8.301792320253298e-08,0.0,,4.036937539808605e-08,140,1,1,same_source_cyclic_next_latent,True
mixed_transfer,depablo_mixed_temp,221,5,5.368362690205686e-05,2.707511703192722e-05,-0.9827661996346182,3.996370287495665e-05,140,1,1,same_source_cyclic_next_latent,True
mixed_transfer,depablo_mixed_temp,221,10,5.809846697957255e-05,3.6674908187706023e-05,-0.5841475780176055,4.482134318095632e-05,140,1,1,same_source_cyclic_next_latent,True
mixed_transfer,depablo_mixed_temp,221,25,4.619180617737584e-05,3.482666943455115e-05,-0.3263342986093716,4.20475444116164e-05,140,1,1,same_source_cyclic_next_latent,True
mixed_transfer,depablo_mixed_temp,221,50,4.23284072894603e-05,4.851730773225427e-05,0.12756067333636467,5.284686267259531e-05,140,1,1,same_source_cyclic_next_latent,True
mixed_transfer,depablo_mixed_temp,221,75,4.7364166675833985e-05,5.7804521929938346e-05,0.18061485339777628,7.593379996251315e-05,140,1,1,same_source_cyclic_next_latent,True
mixed_transfer,depablo_mixed_temp,221,100,4.9336285883327946e-05,6.448220665333793e-05,0.23488527387773495,6.0203437897143885e-05,140,1,1,same_source_cyclic_next_latent,True
mixed_transfer,depablo_mixed_temp,221,125,3.764174834941514e-05,9.433583181817085e-05,0.6009814338419324,8.521582640241832e-05,140,1,1,same_source_cyclic_next_latent,True
mixed_transfer,depablo_mixed_temp,221,149,5.7947552704717964e-05,0.00012878440611530095,0.5500421638561007,0.00010186123108724132,140,1,1,same_source_cyclic_next_latent,True
mixed_transfer,depablo_mixed_temp,221,175,6.395144009729847e-05,0.00016914735897444189,0.6219187784837863,0.00013045035302639008,140,1,1,same_source_cyclic_next_latent,True
mixed_transfer,depablo_mixed_temp,221,199,5.738223626394756e-05,0.00020088825840502977,0.7143574407009203,0.00014274261775426567,140,1,1,same_source_cyclic_next_latent,True
mixed_transfer,depablo_mixed_temp,140,0,3.753697441766235e-08,0.0,,4.9682277847296064e-08,118,1,1,same_source_cyclic_next_latent,True
mixed_transfer,depablo_mixed_temp,140,5,1.33426683532889e-05,5.748682269768324e-06,-1.3209959651895353,1.2106124813726638e-05,118,1,1,same_source_cyclic_next_latent,True
mixed_transfer,depablo_mixed_temp,140,10,9.80299046204891e-06,6.143378413980827e-06,-0.5957002485374663,9.064582627615891e-06,118,1,1,same_source_cyclic_next_latent,True
mixed_transfer,depablo_mixed_temp,140,25,6.843644769105595e-06,7.007966814853717e-06,0.023447891533937337,7.204734174592886e-06,118,1,1,same_source_cyclic_next_latent,True
mixed_transfer,depablo_mixed_temp,140,50,8.812602573016193e-06,1.9301036445540376e-05,0.5434129872827426,1.0912395737250336e-05,118,1,1,same_source_cyclic_next_latent,True
mixed_transfer,depablo_mixed_temp,140,75,8.880912901076954e-06,2.7593006961978972e-05,0.6781462450499083,1.2543530829134397e-05,118,1,1,same_source_cyclic_next_latent,True
mixed_transfer,depablo_mixed_temp,140,100,6.888365533086471e-06,4.4695243559544906e-05,0.8458814633393932,1.2100418643967714e-05,118,1,1,same_source_cyclic_next_latent,True
mixed_transfer,depablo_mixed_temp,140,125,7.636219379492104e-06,7.706028554821387e-05,0.9009059034083855,3.2084852136904374e-05,118,1,1,same_source_cyclic_next_latent,True
mixed_transfer,depablo_mixed_temp,140,149,6.594393198611215e-06,0.00010311150253983214,0.9360459983980566,2.68587264145026e-05,118,1,1,same_source_cyclic_next_latent,True
mixed_transfer,depablo_mixed_temp,140,175,7.517961876146728e-06,0.0001441092899767682,0.9478315251059893,3.6292269214754924e-05,118,1,1,same_source_cyclic_next_latent,True
mixed_transfer,depablo_mixed_temp,140,199,9.678694368631113e-06,0.00018415348313283175,0.9474422410916346,4.219527545501478e-05,118,1,1,same_source_cyclic_next_latent,True
mixed_transfer,depablo_mixed_temp,118,0,4.933951558427907e-08,0.0,,4.025096700388531e-08,158,1,1,same_source_cyclic_next_latent,True
mixed_transfer,depablo_mixed_temp,118,5,1.334383250650717e-05,7.472703146049753e-06,-0.7856767819769521,2.057449091807939e-05,158,1,1,same_source_cyclic_next_latent,True
mixed_transfer,depablo_mixed_temp,118,10,1.042123039951548e-05,6.560167093994096e-06,-0.5885617317668981,2.484069045749493e-05,158,1,1,same_source_cyclic_next_latent,True
mixed_transfer,depablo_mixed_temp,118,25,8.832167623040732e-06,9.963821867131628e-06,0.1135763223371109,1.979931039386429e-05,158,1,1,same_source_cyclic_next_latent,True
mixed_transfer,depablo_mixed_temp,118,50,9.520451385469642e-06,1.8252863810630515e-05,0.47841327891106566,1.6316060282406397e-05,158,1,1,same_source_cyclic_next_latent,True
mixed_transfer,depablo_mixed_temp,118,75,9.119738024310209e-06,2.543711343605537e-05,0.6414790519672879,2.0427116396604106e-05,158,1,1,same_source_cyclic_next_latent,True
mixed_transfer,depablo_mixed_temp,118,100,8.340733984368853e-06,4.048683331348002e-05,0.7939889761249413,2.1860434571863152e-05,158,1,1,same_source_cyclic_next_latent,True
mixed_transfer,depablo_mixed_temp,118,125,1.047045680024894e-05,6.137721356935799e-05,0.8294080784814868,2.22983471758198e-05,158,1,1,same_source_cyclic_next_latent,True
mixed_transfer,depablo_mixed_temp,118,149,1.1616722076723818e-05,7.702268339926377e-05,0.8491779101423146,3.5050059523200616e-05,158,1,1,same_source_cyclic_next_latent,True
mixed_transfer,depablo_mixed_temp,118,175,1.4084402209846303e-05,0.0001161079853773117,0.8786956627997915,4.993686525267549e-05,158,1,1,same_source_cyclic_next_latent,True
mixed_transfer,depablo_mixed_temp,118,199,1.459655959479278e-05,0.00014814999303780496,0.9014744496743377,5.246227374300361e-05,158,1,1,same_source_cyclic_next_latent,True
mixed_transfer,depablo_mixed_temp,158,0,3.0740952894348084e-08,0.0,,6.36891428484887e-08,250,1,1,same_source_cyclic_next_latent,True
mixed_transfer,depablo_mixed_temp,158,5,2.1961865058983676e-05,1.573649569763802e-05,-0.39560074116628496,2.3912585675134324e-05,250,1,1,same_source_cyclic_next_latent,True
mixed_transfer,depablo_mixed_temp,158,10,2.5380139049957506e-05,2.0582121578627266e-05,-0.23311578706796499,3.0137900466797873e-05,250,1,1,same_source_cyclic_next_latent,True
mixed_transfer,depablo_mixed_temp,158,25,2.381011472607497e-05,2.284510264871642e-05,-0.04224152949528426,2.1633570213452913e-05,250,1,1,same_source_cyclic_next_latent,True
mixed_transfer,depablo_mixed_temp,158,50,2.050065086223185e-05,2.7017762477044016e-05,0.2412158157193628,3.638975613284856e-05,250,1,1,same_source_cyclic_next_latent,True
mixed_transfer,depablo_mixed_temp,158,75,2.1054462195024826e-05,4.9534719437360764e-05,0.5749554568155112,2.8932503482792526e-05,250,1,1,same_source_cyclic_next_latent,True
mixed_transfer,depablo_mixed_temp,158,100,2.0668077922891825e-05,5.9894391597481444e-05,0.6549246536839199,5.823832907481119e-05,250,1,1,same_source_cyclic_next_latent,True
mixed_transfer,depablo_mixed_temp,158,125,1.7782829672796652e-05,7.881387864472345e-05,0.7743693118700838,5.0869530241470784e-05,250,1,1,same_source_cyclic_next_latent,True
mixed_transfer,depablo_mixed_temp,158,149,1.901930409076158e-05,0.00011068722233176231,0.8281707347054468,4.9593545554671437e-05,250,1,1,same_source_cyclic_next_latent,True
mixed_transfer,depablo_mixed_temp,158,175,2.3072350813890807e-05,0.00015321206592489034,0.8494090483369525,6.777700036764145e-05,250,1,1,same_source_cyclic_next_latent,True
mixed_transfer,depablo_mixed_temp,158,199,2.287657480337657e-05,0.0002061646373476833,0.8890373485109538,9.58694945438765e-05,250,1,1,same_source_cyclic_next_latent,True
mixed_transfer,depablo_mixed_temp,250,0,9.382414845049425e-08,0.0,,1.482571576616465e-07,136,1,1,same_source_cyclic_next_latent,True
mixed_transfer,depablo_mixed_temp,250,5,6.773037603124976e-05,4.835599611396901e-05,-0.40066137551210335,7.188769814092666e-05,136,1,1,same_source_cyclic_next_latent,True
mixed_transfer,depablo_mixed_temp,250,10,8.023176633287221e-05,5.153584061190486e-05,-0.5568149346212188,6.387451867340133e-05,136,1,1,same_source_cyclic_next_latent,True
mixed_transfer,depablo_mixed_temp,250,25,6.811230559833348e-05,5.111822974868119e-05,-0.3324464859836178,6.550077523570508e-05,136,1,1,same_source_cyclic_next_latent,True
mixed_transfer,depablo_mixed_temp,250,50,9.657553891884163e-05,6.523817864945158e-05,-0.48035308339579896,6.668600690318272e-05,136,1,1,same_source_cyclic_next_latent,True
mixed_transfer,depablo_mixed_temp,250,75,6.456572737079114e-05,8.879067172529176e-05,0.2728320879185354,6.442876474466175e-05,136,1,1,same_source_cyclic_next_latent,True
mixed_transfer,depablo_mixed_temp,250,100,0.0001243410079041496,0.0001296159898629412,0.040697000149206075,0.00010197655501542613,136,1,1,same_source_cyclic_next_latent,True
mixed_transfer,depablo_mixed_temp,250,125,0.00010808878141688183,0.00019025067740585655,0.431861253317385,0.00010186100553255528,136,1,1,same_source_cyclic_next_latent,True
mixed_transfer,depablo_mixed_temp,250,149,7.020206248853356e-05,0.00016449361282866448,0.5732231709102554,7.331922824960202e-05,136,1,1,same_source_cyclic_next_latent,True
mixed_transfer,depablo_mixed_temp,250,175,8.690910181030631e-05,0.00018673459999263287,0.5345849038489113,8.929135219659656e-05,136,1,1,same_source_cyclic_next_latent,True
mixed_transfer,depablo_mixed_temp,250,199,0.00011476580402813852,0.00025101620121859014,0.5427952320567625,0.0001160616593551822,136,1,1,same_source_cyclic_next_latent,True
mixed_transfer,depablo_mixed_temp,136,0,1.3697835754555854e-07,0.0,,1.1722454473783728e-07,68,1,1,same_source_cyclic_next_latent,True
mixed_transfer,depablo_mixed_temp,136,5,2.745021083683241e-05,1.0966320587613154e-05,-1.5031377313406642,1.22845749501721e-05,68,1,1,same_source_cyclic_next_latent,True
mixed_transfer,depablo_mixed_temp,136,10,1.5301109669962898e-05,1.2293307008803822e-05,-0.2446699377966437,1.0946504517050926e-05,68,1,1,same_source_cyclic_next_latent,True
mixed_transfer,depablo_mixed_temp,136,25,1.4334165825857781e-05,1.05185035863542e-05,-0.3627571363338882,1.172815518657444e-05,68,1,1,same_source_cyclic_next_latent,True
mixed_transfer,depablo_mixed_temp,136,50,1.301000975217903e-05,1.8912367522716522e-05,0.31208984086460334,1.2052813872287516e-05,68,1,1,same_source_cyclic_next_latent,True
mixed_transfer,depablo_mixed_temp,136,75,1.2615906598512083e-05,3.769572140299715e-05,0.6653225849258053,1.1600444850046188e-05,68,1,1,same_source_cyclic_next_latent,True
mixed_transfer,depablo_mixed_temp,136,100,1.6730704373912886e-05,6.272367318160832e-05,0.7332633194890981,1.6316813344019465e-05,68,1,1,same_source_cyclic_next_latent,True
mixed_transfer,depablo_mixed_temp,136,125,2.3734120986773632e-05,9.743942064233124e-05,0.7564217764194847,2.3389986381516792e-05,68,1,1,same_source_cyclic_next_latent,True
mixed_transfer,depablo_mixed_temp,136,149,1.8369799363426864e-05,0.00012985024659428746,0.8585308858070739,1.755611810949631e-05,68,1,1,same_source_cyclic_next_latent,True
mixed_transfer,depablo_mixed_temp,136,175,2.571606273704674e-05,0.00018626838573254645,0.8619408084956984,2.5523975637042895e-05,68,1,1,same_source_cyclic_next_latent,True
mixed_transfer,depablo_mixed_temp,136,199,2.9900427762186155e-05,0.00021623147767968476,0.8617202819726402,2.8604985345737077e-05,68,1,1,same_source_cyclic_next_latent,True
mixed_transfer,depablo_mixed_temp,68,0,1.2394413317906583e-07,0.0,,4.18384651368342e-08,96,1,1,same_source_cyclic_next_latent,True
mixed_transfer,depablo_mixed_temp,68,5,2.8675826797552872e-06,1.8872113969337079e-06,-0.5194814340430867,3.835313236777438e-06,96,1,1,same_source_cyclic_next_latent,True
mixed_transfer,depablo_mixed_temp,68,10,3.3897724733833456e-06,2.4416788164671743e-06,-0.38829581127625645,3.425234126552823e-06,96,1,1,same_source_cyclic_next_latent,True
mixed_transfer,depablo_mixed_temp,68,25,3.463966322669876e-06,5.627597602142487e-06,0.3844680150280989,4.0684403757040855e-06,96,1,1,same_source_cyclic_next_latent,True
mixed_transfer,depablo_mixed_temp,68,50,2.5660770006652456e-06,1.578773844812531e-05,0.8374639275221873,8.728612556296866e-06,96,1,1,same_source_cyclic_next_latent,True
mixed_transfer,depablo_mixed_temp,68,75,3.515688149491325e-06,3.037540773220826e-05,0.8842587338913808,1.811951915442478e-05,96,1,1,same_source_cyclic_next_latent,True
mixed_transfer,depablo_mixed_temp,68,100,6.5631124925857875e-06,5.9114165196660906e-05,0.8889756377214897,2.481438968970906e-05,96,1,1,same_source_cyclic_next_latent,True
mixed_transfer,depablo_mixed_temp,68,125,6.381990260706516e-06,8.239176531787962e-05,0.9225409209757328,3.694040788104758e-05,96,1,1,same_source_cyclic_next_latent,True
mixed_transfer,depablo_mixed_temp,68,149,8.444586455880199e-06,0.00011558266123756766,0.9269389857833151,4.960731166647747e-05,96,1,1,same_source_cyclic_next_latent,True
mixed_transfer,depablo_mixed_temp,68,175,1.4822526281932369e-05,0.00017106324958149344,0.913350609682701,7.94486841186881e-05,96,1,1,same_source_cyclic_next_latent,True
mixed_transfer,depablo_mixed_temp,68,199,1.6285344827338122e-05,0.00021742821263615042,0.9251001301538067,0.00010319446300854906,96,1,1,same_source_cyclic_next_latent,True
mixed_transfer,depablo_mixed_temp,96,0,3.1899794805667625e-08,0.0,,3.334003650934392e-08,262,1,1,same_source_cyclic_next_latent,True
mixed_transfer,depablo_mixed_temp,96,5,2.6891864308709046e-06,1.7755693306753528e-06,-0.5145488178983413,1.0596115316729993e-05,262,1,1,same_source_cyclic_next_latent,True
mixed_transfer,depablo_mixed_temp,96,10,1.8508048924559262e-06,1.988127678487217e-06,0.06907141202107347,7.212941909529036e-06,262,1,1,same_source_cyclic_next_latent,True
mixed_transfer,depablo_mixed_temp,96,25,2.223938508905121e-06,3.6336575703899143e-06,0.387961450460375,9.571802365826443e-06,262,1,1,same_source_cyclic_next_latent,True
mixed_transfer,depablo_mixed_temp,96,50,1.715056555440242e-06,1.0712924449762795e-05,0.8399077148837527,2.8509225558082107e-06,262,1,1,same_source_cyclic_next_latent,True
mixed_transfer,depablo_mixed_temp,96,75,2.175446525143343e-06,2.5437306248932146e-05,0.914478109283499,3.4102156405424466e-06,262,1,1,same_source_cyclic_next_latent,True
mixed_transfer,depablo_mixed_temp,96,100,1.986466031667078e-06,4.0724535210756585e-05,0.9512218857407023,4.59552984466427e-06,262,1,1,same_source_cyclic_next_latent,True
mixed_transfer,depablo_mixed_temp,96,125,2.7695600692823064e-06,6.520055467262864e-05,0.9575224461940817,1.1220460692129564e-05,262,1,1,same_source_cyclic_next_latent,True
mixed_transfer,depablo_mixed_temp,96,149,2.6662819436751306e-06,9.046640479937196e-05,0.9705273803066656,5.5043669817678165e-06,262,1,1,same_source_cyclic_next_latent,True
mixed_transfer,depablo_mixed_temp,96,175,3.985700459452346e-06,0.00012494108523242176,0.968099360974511,7.707042641413864e-06,262,1,1,same_source_cyclic_next_latent,True
mixed_transfer,depablo_mixed_temp,96,199,4.069684564456111e-06,0.0001630225160624832,0.9750360584368831,1.1223066394450143e-05,262,1,1,same_source_cyclic_next_latent,True
mixed_transfer,depablo_mixed_temp,262,0,4.12328979848553e-08,0.0,,3.507438961491971e-08,70,1,1,same_source_cyclic_next_latent,True
mixed_transfer,depablo_mixed_temp,262,5,4.221076596877538e-05,3.000729702762328e-05,-0.40668337871012405,2.9859074857085943e-05,70,1,1,same_source_cyclic_next_latent,True
mixed_transfer,depablo_mixed_temp,262,10,3.6897130485158414e-05,2.804812538670376e-05,-0.3154936373269899,2.8358508643577807e-05,70,1,1,same_source_cyclic_next_latent,True
mixed_transfer,depablo_mixed_temp,262,25,4.148287189309485e-05,3.341671254020184e-05,-0.24138099590703455,2.8784665119019337e-05,70,1,1,same_source_cyclic_next_latent,True
mixed_transfer,depablo_mixed_temp,262,50,3.56019263563212e-05,4.543422983260825e-05,0.21640739839790102,3.312540866318159e-05,70,1,1,same_source_cyclic_next_latent,True
mixed_transfer,depablo_mixed_temp,262,75,3.446425398578867e-05,5.0519352953415364e-05,0.31780096198839547,3.208539055776782e-05,70,1,1,same_source_cyclic_next_latent,True
mixed_transfer,depablo_mixed_temp,262,100,3.417485277168453e-05,7.402702613035217e-05,0.5383462694893759,3.7337358662625775e-05,70,1,1,same_source_cyclic_next_latent,True
mixed_transfer,depablo_mixed_temp,262,125,3.5495108022587374e-05,8.881043322617188e-05,0.6003272731235008,3.6352550523588434e-05,70,1,1,same_source_cyclic_next_latent,True
mixed_transfer,depablo_mixed_temp,262,149,4.6532604756066576e-05,0.00013079402560833842,0.6442298909324187,4.86675271531567e-05,70,1,1,same_source_cyclic_next_latent,True
mixed_transfer,depablo_mixed_temp,262,175,3.594891677494161e-05,0.00015667513071093708,0.7705512252530573,3.737070437637158e-05,70,1,1,same_source_cyclic_next_latent,True
mixed_transfer,depablo_mixed_temp,262,199,3.713819751283154e-05,0.00018418519175611436,0.7983649111052997,3.8204907468752936e-05,70,1,1,same_source_cyclic_next_latent,True
mixed_transfer,depablo_mixed_temp,70,0,3.52403333181428e-08,0.0,,3.8948925862314354e-08,78,1,1,same_source_cyclic_next_latent,True
mixed_transfer,depablo_mixed_temp,70,5,1.5759701454953756e-06,1.34399056150869e-06,-0.1726050692843244,1.97291910808417e-06,78,1,1,same_source_cyclic_next_latent,True
mixed_transfer,depablo_mixed_temp,70,10,1.8477893490853603e-06,1.8160093304686598e-06,-0.017499920338239106,1.91705430552247e-06,78,1,1,same_source_cyclic_next_latent,True
mixed_transfer,depablo_mixed_temp,70,25,1.1556660410860786e-06,3.822250619123224e-06,0.6976477588088732,1.5252772982421448e-06,78,1,1,same_source_cyclic_next_latent,True
mixed_transfer,depablo_mixed_temp,70,50,1.067852053893148e-06,1.149375930253882e-05,0.907092881816546,1.4927305755918496e-06,78,1,1,same_source_cyclic_next_latent,True
mixed_transfer,depablo_mixed_temp,70,75,1.411323637512396e-06,2.6700765374698676e-05,0.9471429519825769,1.4528649217027123e-06,78,1,1,same_source_cyclic_next_latent,True
mixed_transfer,depablo_mixed_temp,70,100,1.5490056739508873e-06,4.5999360736459494e-05,0.9663254956340485,1.9981528112111846e-06,78,1,1,same_source_cyclic_next_latent,True
mixed_transfer,depablo_mixed_temp,70,125,1.9473379779810784e-06,6.957071309443563e-05,0.9720092278580248,2.260039536849945e-06,78,1,1,same_source_cyclic_next_latent,True
mixed_transfer,depablo_mixed_temp,70,149,1.6419990060967393e-06,9.833231888478622e-05,0.983301532754245,2.2735689526598435e-06,78,1,1,same_source_cyclic_next_latent,True
mixed_transfer,depablo_mixed_temp,70,175,1.8477129515304114e-06,0.00013775291154161096,0.9865867593588229,2.7982946448901203e-06,78,1,1,same_source_cyclic_next_latent,True
mixed_transfer,depablo_mixed_temp,70,199,1.7936547465069452e-06,0.00017585520981810987,0.9898003889201682,2.060235601675231e-06,78,1,1,same_source_cyclic_next_latent,True
mixed_transfer,depablo_mixed_temp,78,0,3.6325722874153143e-08,0.0,,2.093539279712786e-07,44,1,1,same_source_cyclic_next_latent,True
mixed_transfer,depablo_mixed_temp,78,5,2.0403060716489563e-06,1.4125503184914123e-06,-0.44441302015207507,1.775246232682548e-06,44,1,1,same_source_cyclic_next_latent,True
mixed_transfer,depablo_mixed_temp,78,10,1.40448491947609e-06,1.781855075932981e-06,0.21178498832701065,1.4398790426639607e-06,44,1,1,same_source_cyclic_next_latent,True
mixed_transfer,depablo_mixed_temp,78,25,1.6650122915962129e-06,3.92146057492937e-06,0.5754101667524218,3.765649807974114e-06,44,1,1,same_source_cyclic_next_latent,True
mixed_transfer,depablo_mixed_temp,78,50,1.4630779787694337e-06,1.2238961971888784e-05,0.8804573474343721,1.1124589036626276e-05,44,1,1,same_source_cyclic_next_latent,True
mixed_transfer,depablo_mixed_temp,78,75,1.4229644875740632e-06,2.4325721824425273e-05,0.9415037096187923,2.5443796403123997e-05,44,1,1,same_source_cyclic_next_latent,True
mixed_transfer,depablo_mixed_temp,78,100,1.6596989098616177e-06,4.797106157639064e-05,0.9654020808520433,4.540035661193542e-05,44,1,1,same_source_cyclic_next_latent,True
mixed_transfer,depablo_mixed_temp,78,125,1.702577606010891e-06,6.928451330168173e-05,0.9754262890092414,6.472731911344454e-05,44,1,1,same_source_cyclic_next_latent,True
mixed_transfer,depablo_mixed_temp,78,149,2.069757783829118e-06,9.965606295736507e-05,0.9792309898423882,9.166442032437772e-05,44,1,1,same_source_cyclic_next_latent,True
mixed_transfer,depablo_mixed_temp,78,175,2.5098049718508264e-06,0.00013577769277617335,0.9815153364257839,0.00012011226499453187,44,1,1,same_source_cyclic_next_latent,True
mixed_transfer,depablo_mixed_temp,78,199,2.7129815407533897e-06,0.00017324589134659618,0.9843402835145695,0.0001418244355591014,44,1,1,same_source_cyclic_next_latent,True
mixed_transfer,depablo_mixed_temp,44,0,1.5380931017716648e-07,0.0,,1.0697011987303995e-07,36,1,1,same_source_cyclic_next_latent,True
mixed_transfer,depablo_mixed_temp,44,5,4.6149637000780785e-07,3.781680391057307e-07,-0.22034736488870665,3.0318270205498266e-07,36,1,1,same_source_cyclic_next_latent,True
mixed_transfer,depablo_mixed_temp,44,10,3.134121016046265e-07,6.340637810353655e-07,0.5057088719168685,2.5434474082430825e-07,36,1,1,same_source_cyclic_next_latent,True
mixed_transfer,depablo_mixed_temp,44,25,5.354875725060992e-07,2.970265768453828e-06,0.8197172865157965,4.891354592473363e-07,36,1,1,same_source_cyclic_next_latent,True
mixed_transfer,depablo_mixed_temp,44,50,1.7550083839523722e-06,1.2383442481223028e-05,0.8582778264918268,1.7862952290670364e-06,36,1,1,same_source_cyclic_next_latent,True
mixed_transfer,depablo_mixed_temp,44,75,3.3888074995047646e-06,2.688998392841313e-05,0.8739751013415816,3.7410686672956217e-06,36,1,1,same_source_cyclic_next_latent,True
mixed_transfer,depablo_mixed_temp,44,100,5.941224571870407e-06,4.955984331900254e-05,0.8801201905819507,5.909873834752943e-06,36,1,1,same_source_cyclic_next_latent,True
mixed_transfer,depablo_mixed_temp,44,125,8.640930900583044e-06,7.413839921355247e-05,0.8834486448015526,8.883128430170473e-06,36,1,1,same_source_cyclic_next_latent,True
mixed_transfer,depablo_mixed_temp,44,149,1.2693337339442223e-05,0.00010949795978376642,0.8840769511641251,1.3221353583503515e-05,36,1,1,same_source_cyclic_next_latent,True
mixed_transfer,depablo_mixed_temp,44,175,1.7410455257049762e-05,0.00015169796824920923,0.8852294763206855,1.888285441964399e-05,36,1,1,same_source_cyclic_next_latent,True
mixed_transfer,depablo_mixed_temp,44,199,2.4031349312281236e-05,0.00019818956207018346,0.8787456359393377,2.6589661501930095e-05,36,1,1,same_source_cyclic_next_latent,True
mixed_transfer,depablo_mixed_temp,36,0,1.3955127542431e-07,0.0,,5.6905768985870964e-08,39,1,1,same_source_cyclic_next_latent,True
mixed_transfer,depablo_mixed_temp,36,5,3.086744300162536e-07,3.3019685474755534e-07,0.06518058673743643,2.126806890601074e-07,39,1,1,same_source_cyclic_next_latent,True
mixed_transfer,depablo_mixed_temp,36,10,2.6948012532557186e-07,8.42837948766828e-07,0.680270536323319,3.113202922122582e-07,39,1,1,same_source_cyclic_next_latent,True
mixed_transfer,depablo_mixed_temp,36,25,4.523721770510747e-07,3.554258228177787e-06,0.8727238855453114,1.086244765247102e-06,39,1,1,same_source_cyclic_next_latent,True
mixed_transfer,depablo_mixed_temp,36,50,1.3491401205101283e-06,1.4621562513639219e-05,0.9077294154265914,4.201402589387726e-06,39,1,1,same_source_cyclic_next_latent,True
mixed_transfer,depablo_mixed_temp,36,75,2.923185093095526e-06,3.327914600959048e-05,0.91216165546276,9.58199416345451e-06,39,1,1,same_source_cyclic_next_latent,True
mixed_transfer,depablo_mixed_temp,36,100,5.046087608207017e-06,5.905385114601813e-05,0.91455108328617,1.683832124399487e-05,39,1,1,same_source_cyclic_next_latent,True
mixed_transfer,depablo_mixed_temp,36,125,8.318495929415803e-06,9.289666195400059e-05,0.9104543074590252,2.6093568521901034e-05,39,1,1,same_source_cyclic_next_latent,True
mixed_transfer,depablo_mixed_temp,36,149,1.1665446436381899e-05,0.0001317297574132681,0.9114441059829438,3.681652378872968e-05,39,1,1,same_source_cyclic_next_latent,True
mixed_transfer,depablo_mixed_temp,36,175,1.6193172996281646e-05,0.0001856548187788576,0.912778062520585,5.262083141133189e-05,39,1,1,same_source_cyclic_next_latent,True
mixed_transfer,depablo_mixed_temp,36,199,2.0467974536586553e-05,0.00023682504252064973,0.9135734366655845,6.351093907142058e-05,39,1,1,same_source_cyclic_next_latent,True
mixed_transfer,depablo_mixed_temp,39,0,6.320447454299938e-08,0.0,,8.330100342845981e-08,268,1,1,same_source_cyclic_next_latent,True
mixed_transfer,depablo_mixed_temp,39,5,1.4662934688658424e-07,2.2900907481471222e-07,0.359722548090202,2.2263329810812138e-05,268,1,1,same_source_cyclic_next_latent,True
mixed_transfer,depablo_mixed_temp,39,10,1.8526219491832308e-07,5.392316211327852e-07,0.6564329915795082,3.91998328268528e-05,268,1,1,same_source_cyclic_next_latent,True
mixed_transfer,depablo_mixed_temp,39,25,1.857896307910778e-07,2.620684426801745e-06,0.9291064468155696,2.0924448108416982e-05,268,1,1,same_source_cyclic_next_latent,True
mixed_transfer,depablo_mixed_temp,39,50,3.055537547425047e-07,1.0089373063237872e-05,0.9697152882713956,5.8565507060848176e-05,268,1,1,same_source_cyclic_next_latent,True
mixed_transfer,depablo_mixed_temp,39,75,5.48872378658416e-07,2.215639869973529e-05,0.975227364965906,1.5511470337514766e-05,268,1,1,same_source_cyclic_next_latent,True
mixed_transfer,depablo_mixed_temp,39,100,9.172698014481284e-07,4.0103928768076e-05,0.9771276822589435,6.516987014038023e-06,268,1,1,same_source_cyclic_next_latent,True
mixed_transfer,depablo_mixed_temp,39,125,1.5709446188338916e-06,6.175228190841153e-05,0.9745605414037355,1.587587030371651e-05,268,1,1,same_source_cyclic_next_latent,True
mixed_transfer,depablo_mixed_temp,39,149,2.224938270956045e-06,8.764490485191345e-05,0.9746141743810968,1.7761489289114252e-05,268,1,1,same_source_cyclic_next_latent,True
mixed_transfer,depablo_mixed_temp,39,175,3.1381862299895147e-06,0.00012142759078415111,0.9741559046858804,2.0875011614407413e-05,268,1,1,same_source_cyclic_next_latent,True
mixed_transfer,depablo_mixed_temp,39,199,4.284861461201217e-06,0.00015619987971149385,0.9725680873178937,1.568216976011172e-05,268,1,1,same_source_cyclic_next_latent,True
