split,source,original_index,frame,coordinate_mse,zero_displacement_mse,explained_displacement_score,shuffled_same_source_coordinate_mse,shuffled_original_index,valid,total,control,transfer_only
train,reid,60,0,3.4202880527800517e-08,0.0,,1.8498807818900787e-08,45,1,1,same_source_cyclic_next_latent,False
train,reid,60,5,1.646899860929807e-08,9.641969000995232e-08,0.8291946530050225,9.661305533370523e-09,45,1,1,same_source_cyclic_next_latent,False
train,reid,60,10,5.7406076336974365e-08,3.9934545270625676e-07,0.8562495805374799,4.957404087235773e-08,45,1,1,same_source_cyclic_next_latent,False
train,reid,60,25,4.602204910497676e-07,2.613964852571371e-06,0.8239377661880012,4.3537363580981037e-07,45,1,1,same_source_cyclic_next_latent,False
train,reid,60,50,2.0269690139684826e-06,1.078044169844361e-05,0.8119771832483339,2.117285248459666e-06,45,1,1,same_source_cyclic_next_latent,False
train,reid,60,75,5.02635430166265e-06,2.4720842702663504e-05,0.7966754466213608,5.335645710147219e-06,45,1,1,same_source_cyclic_next_latent,False
train,reid,60,100,9.551416042086203e-06,4.460650961846113e-05,0.7858739425302805,1.0206781553279143e-05,45,1,1,same_source_cyclic_next_latent,False
train,reid,60,125,1.5766596334287897e-05,7.057588663883507e-05,0.7766008039690404,1.6830743334139697e-05,45,1,1,same_source_cyclic_next_latent,False
train,reid,60,149,2.3468510335078463e-05,0.00010132297029485926,0.7683791714081919,2.495621083653532e-05,45,1,1,same_source_cyclic_next_latent,False
train,reid,60,175,3.395483872736804e-05,0.00014116728561930358,0.7594709101446024,3.586175080272369e-05,45,1,1,same_source_cyclic_next_latent,False
train,reid,60,199,4.597069346345961e-05,0.00018406144226901233,0.7502426749635493,4.7973404434742406e-05,45,1,1,same_source_cyclic_next_latent,False
train,reid,45,0,3.09667207432085e-08,0.0,,2.250473585263535e-08,43,1,1,same_source_cyclic_next_latent,False
train,reid,45,5,2.0456463190043905e-08,1.0940514982848981e-07,0.8130210212031819,2.162658141457996e-08,43,1,1,same_source_cyclic_next_latent,False
train,reid,45,10,5.820229631581242e-08,4.6404014142353844e-07,0.8745748673007794,1.0769500846663504e-07,43,1,1,same_source_cyclic_next_latent,False
train,reid,45,25,3.873096545703447e-07,3.1349377422884572e-06,0.8764537970417191,1.0172793736273888e-06,43,1,1,same_source_cyclic_next_latent,False
train,reid,45,50,1.5436413605129928e-06,1.3438479982141871e-05,0.8851327410120559,5.044133558840258e-06,43,1,1,same_source_cyclic_next_latent,False
train,reid,45,75,3.882023975165794e-06,3.1573268643114716e-05,0.8770471306266746,1.238602908415487e-05,43,1,1,same_source_cyclic_next_latent,False
train,reid,45,100,7.619481948495377e-06,5.785295434179716e-05,0.8682957156607902,2.3295642677112482e-05,43,1,1,same_source_cyclic_next_latent,False
train,reid,45,125,1.2813818102586083e-05,9.246835543308407e-05,0.8614248296882605,3.790726259467192e-05,43,1,1,same_source_cyclic_next_latent,False
train,reid,45,149,1.9262888599769212e-05,0.00013366823259275407,0.8558903022346581,5.552065704250708e-05,43,1,1,same_source_cyclic_next_latent,False
train,reid,45,175,2.795281761791557e-05,0.00018724941764958203,0.8507188007910049,7.888670370448381e-05,43,1,1,same_source_cyclic_next_latent,False
train,reid,45,199,3.76165917259641e-05,0.00024507357738912106,0.8465089867022363,0.00010474870941834524,43,1,1,same_source_cyclic_next_latent,False
train,reid,43,0,1.6243609124444447e-08,0.0,,1.5671632880298603e-08,73,1,1,same_source_cyclic_next_latent,False
train,reid,43,5,5.053249374498137e-09,1.0691530860640341e-07,0.9527359604497696,4.4952108702034366e-09,73,1,1,same_source_cyclic_next_latent,False
train,reid,43,10,1.9028330910941804e-08,4.3156654783160775e-07,0.9559086981913936,2.229476514514772e-08,73,1,1,same_source_cyclic_next_latent,False
train,reid,43,25,4.0703927339791335e-08,2.7168591714143986e-06,0.9850180208941044,6.31005505624671e-08,73,1,1,same_source_cyclic_next_latent,False
train,reid,43,50,1.0688336260500364e-07,1.0897718311753124e-05,0.9901921338442259,2.001826686637287e-07,73,1,1,same_source_cyclic_next_latent,False
train,reid,43,75,2.267734799943355e-07,2.4548364308429882e-05,0.9907621755508793,4.796447115040792e-07,73,1,1,same_source_cyclic_next_latent,False
train,reid,43,100,3.883794477133051e-07,4.367970905150287e-05,0.9911084699017714,8.337314056916512e-07,73,1,1,same_source_cyclic_next_latent,False
train,reid,43,125,5.85785130624572e-07,6.829092308180407e-05,0.9914222109734426,1.2380969565128908e-06,73,1,1,same_source_cyclic_next_latent,False
train,reid,43,149,8.052645625866717e-07,9.707405115477741e-05,0.991704636275015,1.7067442286133883e-06,73,1,1,same_source_cyclic_next_latent,False
train,reid,43,175,1.0912073094004882e-06,0.000133975685457699,0.9918551839785509,2.34608091886912e-06,73,1,1,same_source_cyclic_next_latent,False
train,reid,43,199,1.452925857847731e-06,0.00017330388072878122,0.9916163108884933,3.0832732136332197e-06,73,1,1,same_source_cyclic_next_latent,False
train,reid,73,0,1.817080708121921e-08,0.0,,2.4968258571789193e-08,85,1,1,same_source_cyclic_next_latent,False
train,reid,73,5,3.5942935294741574e-09,1.0321873844532092e-07,0.9651778971181846,1.4433341632980046e-08,85,1,1,same_source_cyclic_next_latent,False
train,reid,73,10,1.1893305007504296e-08,4.1087471913670015e-07,0.9710536948282104,4.500925854244997e-08,85,1,1,same_source_cyclic_next_latent,False
train,reid,73,25,2.0050133997528974e-08,2.558030018917634e-06,0.9921618847905418,3.1678442269367224e-07,85,1,1,same_source_cyclic_next_latent,False
train,reid,73,50,6.113269535035215e-08,1.0220051990472712e-05,0.9940183576945263,1.3939791188022355e-06,85,1,1,same_source_cyclic_next_latent,False
train,reid,73,75,1.4121584968052048e-07,2.298522122146096e-05,0.9938562327366826,3.276174538768828e-06,85,1,1,same_source_cyclic_next_latent,False
train,reid,73,100,2.484894991994224e-07,4.0849776269169524e-05,0.9939169924074477,5.981050890113693e-06,85,1,1,same_source_cyclic_next_latent,False
train,reid,73,125,3.8785964306953247e-07,6.38140772935003e-05,0.993922036335562,9.588049579178914e-06,85,1,1,same_source_cyclic_next_latent,False
train,reid,73,149,5.707465788873378e-07,9.065200720215216e-05,0.9937039829949426,1.3955615941085853e-05,85,1,1,same_source_cyclic_next_latent,False
train,reid,73,175,8.571606144869293e-07,0.0001250171335414052,0.9931436548718897,1.97303706954699e-05,85,1,1,same_source_cyclic_next_latent,False
train,reid,73,199,1.243578935827827e-06,0.0001616336521692574,0.9923061879804238,2.607132410048507e-05,85,1,1,same_source_cyclic_next_latent,False
train,reid,85,0,2.5822263438612936e-08,0.0,,5.0449418864673135e-08,60,1,1,same_source_cyclic_next_latent,False
train,reid,85,5,8.957663055753073e-09,9.90699291492092e-08,0.909582421904613,2.934961251810364e-08,60,1,1,same_source_cyclic_next_latent,False
train,reid,85,10,2.1543685946312507e-08,4.059011473600549e-07,0.9469238111633073,7.057899154006009e-08,60,1,1,same_source_cyclic_next_latent,False
train,reid,85,25,1.6662038149206637e-07,2.6302745936845895e-06,0.936652856742741,4.6142932319526153e-07,60,1,1,same_source_cyclic_next_latent,False
train,reid,85,50,7.312220873245678e-07,1.072301711246837e-05,0.9318081767794321,1.4702405906064087e-06,60,1,1,same_source_cyclic_next_latent,False
train,reid,85,75,1.7349951804135344e-06,2.430160930089187e-05,0.9286057495645006,3.5968034808320226e-06,60,1,1,same_source_cyclic_next_latent,False
train,reid,85,100,3.1777781259734184e-06,4.336205529398285e-05,0.9267152328359679,7.438051852659555e-06,60,1,1,same_source_cyclic_next_latent,False
train,reid,85,125,5.055978817836149e-06,6.791073246859014e-05,0.9255496350275029,1.2944239642820321e-05,60,1,1,same_source_cyclic_next_latent,False
train,reid,85,149,7.275466941791819e-06,9.663699165685102e-05,0.9247134371936336,1.922070987347979e-05,60,1,1,same_source_cyclic_next_latent,False
train,reid,85,175,1.016012356558349e-05,0.0001334734115516767,0.9238790449163742,2.6511317628319375e-05,60,1,1,same_source_cyclic_next_latent,False
train,reid,85,199,1.3297300938575063e-05,0.00017275374557357281,0.9230274232583167,3.3378208172507584e-05,60,1,1,same_source_cyclic_next_latent,False
train,depablo_low_temp,99,0,9.874496953443668e-08,0.0,,9.898208475078718e-08,145,1,1,same_source_cyclic_next_latent,False
train,depablo_low_temp,99,5,5.368444178088794e-08,1.005318210900441e-07,0.4659955305812675,4.778607376465516e-08,145,1,1,same_source_cyclic_next_latent,False
train,depablo_low_temp,99,10,4.132029474135379e-08,4.115541969440528e-07,0.8995993843625633,7.168227966758423e-08,145,1,1,same_source_cyclic_next_latent,False
train,depablo_low_temp,99,25,8.92996183665673e-08,2.6255513603246072e-06,0.9659882416638284,5.635827164951479e-07,145,1,1,same_source_cyclic_next_latent,False
train,depablo_low_temp,99,50,3.2165326047106646e-07,1.0610699973767623e-05,0.969685952739567,2.1859932530787773e-06,145,1,1,same_source_cyclic_next_latent,False
train,depablo_low_temp,99,75,7.520825988649449e-07,2.4012397261685692e-05,0.9686794037817719,4.756160706165247e-06,145,1,1,same_source_cyclic_next_latent,False
train,depablo_low_temp,99,100,1.374641669826815e-06,4.2894575017271563e-05,0.9679530180850768,8.778314622759353e-06,145,1,1,same_source_cyclic_next_latent,False
train,depablo_low_temp,99,125,2.1903151719016023e-06,6.73249815008603e-05,0.9674665313963196,1.4587735677196179e-05,145,1,1,same_source_cyclic_next_latent,False
train,depablo_low_temp,99,149,3.1675469926994992e-06,9.607322863303125e-05,0.9670298683850992,2.1707415726268664e-05,145,1,1,same_source_cyclic_next_latent,False
train,depablo_low_temp,99,175,4.483479642658494e-06,0.00013315709657035768,0.9663293976953793,3.069869853788987e-05,145,1,1,same_source_cyclic_next_latent,False
train,depablo_low_temp,99,199,5.998850610922091e-06,0.00017297302838414907,0.9653191560154715,3.993871359853074e-05,145,1,1,same_source_cyclic_next_latent,False
train,depablo_low_temp,145,0,1.2237278212978708e-07,0.0,,1.6999565843889286e-07,7,1,1,same_source_cyclic_next_latent,False
train,depablo_low_temp,145,5,5.8465968066911955e-08,1.0263002536703425e-07,0.4303229697369656,1.2546186667350412e-07,7,1,1,same_source_cyclic_next_latent,False
train,depablo_low_temp,145,10,4.5929663627930495e-08,4.3361850998735463e-07,0.8940781757004103,1.487811260858507e-07,7,1,1,same_source_cyclic_next_latent,False
train,depablo_low_temp,145,25,2.379063062107889e-07,2.8988624762860127e-06,0.9179311512163931,6.695079832752526e-07,7,1,1,same_source_cyclic_next_latent,False
train,depablo_low_temp,145,50,1.0580347407085355e-06,1.2047797099512536e-05,0.9121802324549984,2.98615668725688e-06,7,1,1,same_source_cyclic_next_latent,False
train,depablo_low_temp,145,75,2.3154195787356002e-06,2.75988695648266e-05,0.916104550104962,7.1853587542136665e-06,7,1,1,same_source_cyclic_next_latent,False
train,depablo_low_temp,145,100,3.901589025190333e-06,4.965141852153465e-05,0.9214203915745499,1.3412626685749274e-05,7,1,1,same_source_cyclic_next_latent,False
train,depablo_low_temp,145,125,5.870017503184499e-06,7.831659604562446e-05,0.9250475914483715,2.157260496460367e-05,7,1,1,same_source_cyclic_next_latent,False
train,depablo_low_temp,145,149,8.201382115657907e-06,0.00011215145786991343,0.9268722647799118,3.06649599224329e-05,7,1,1,same_source_cyclic_next_latent,False
train,depablo_low_temp,145,175,1.1467932381492574e-05,0.0001558988878969103,0.9264399346512603,4.090078073204495e-05,7,1,1,same_source_cyclic_next_latent,False
train,depablo_low_temp,145,199,1.5689171050325967e-05,0.00020291323016863316,0.9226803937954794,5.002437319490127e-05,7,1,1,same_source_cyclic_next_latent,False
train,depablo_low_temp,7,0,1.0646749615261797e-07,0.0,,2.1783725046020663e-08,133,1,1,same_source_cyclic_next_latent,False
train,depablo_low_temp,7,5,5.056114460444405e-08,1.011753809621041e-07,0.5002623748619038,1.3653844277428107e-08,133,1,1,same_source_cyclic_next_latent,False
train,depablo_low_temp,7,10,3.818071903083364e-08,4.1584544874240237e-07,0.9081853146492295,8.458697209334787e-08,133,1,1,same_source_cyclic_next_latent,False
train,depablo_low_temp,7,25,1.2526923853783956e-07,2.653020374054904e-06,0.9527824061349455,6.893375257277512e-07,133,1,1,same_source_cyclic_next_latent,False
train,depablo_low_temp,7,50,4.793255925505946e-07,1.0714314157667104e-05,0.955263063459121,3.148571295241709e-06,133,1,1,same_source_cyclic_next_latent,False
train,depablo_low_temp,7,75,1.0812002528837183e-06,2.4235781893366948e-05,0.955388266091814,7.350271971517941e-06,133,1,1,same_source_cyclic_next_latent,False
train,depablo_low_temp,7,100,1.9511212485667784e-06,4.327576607465744e-05,0.9549142297053554,1.3151870007277466e-05,133,1,1,same_source_cyclic_next_latent,False
train,depablo_low_temp,7,125,3.0962123673816677e-06,6.790105544496328e-05,0.9544011157545073,2.05917312996462e-05,133,1,1,same_source_cyclic_next_latent,False
train,depablo_low_temp,7,149,4.436983545019757e-06,9.687045530881733e-05,0.9541967307692019,2.94227538688574e-05,133,1,1,same_source_cyclic_next_latent,False
train,depablo_low_temp,7,175,6.173184374347329e-06,0.0001342045870842412,0.9540016887017999,4.1008726839208975e-05,133,1,1,same_source_cyclic_next_latent,False
train,depablo_low_temp,7,199,8.319130756717641e-06,0.0001742498279782012,0.9522574521120424,5.371434599510394e-05,133,1,1,same_source_cyclic_next_latent,False
train,depablo_low_temp,133,0,4.0914457599683374e-08,0.0,,1.7951775532765168e-07,198,1,1,same_source_cyclic_next_latent,False
train,depablo_low_temp,133,5,1.1437245817091934e-08,1.0488408719311337e-07,0.8909534694616392,1.4575988416254404e-07,198,1,1,same_source_cyclic_next_latent,False
train,depablo_low_temp,133,10,1.0568514063891143e-08,4.206289361263771e-07,0.9748744958888994,2.4217894178946153e-07,198,1,1,same_source_cyclic_next_latent,False
train,depablo_low_temp,133,25,2.0522223920238503e-08,2.6371496915089665e-06,0.9922180284318651,1.4594480717278202e-06,198,1,1,same_source_cyclic_next_latent,False
train,depablo_low_temp,133,50,6.009469899481701e-08,1.056383189279586e-05,0.9943112783689979,6.338462753774365e-06,198,1,1,same_source_cyclic_next_latent,False
train,depablo_low_temp,133,75,1.475637247949635e-07,2.3784537916071713e-05,0.9937958128379172,1.4561915122612845e-05,198,1,1,same_source_cyclic_next_latent,False
train,depablo_low_temp,133,100,2.761503310466651e-07,4.23004494223278e-05,0.9934716927404346,2.6240782972308807e-05,198,1,1,same_source_cyclic_next_latent,False
train,depablo_low_temp,133,125,4.617338618118083e-07,6.611568096559495e-05,0.993016273067624,4.158075898885727e-05,198,1,1,same_source_cyclic_next_latent,False
train,depablo_low_temp,133,149,7.274782660715573e-07,9.396969107910991e-05,0.9922583733359396,5.980287096463144e-05,198,1,1,same_source_cyclic_next_latent,False
train,depablo_low_temp,133,175,1.1518948213051772e-06,0.0001296565606025979,0.9911157999568122,8.28338525025174e-05,198,1,1,same_source_cyclic_next_latent,False
train,depablo_low_temp,133,199,1.7100016975746257e-06,0.00016769676585681736,0.9898030132612416,0.00010614722123136744,198,1,1,same_source_cyclic_next_latent,False
train,depablo_low_temp,198,0,1.3096014583879878e-07,0.0,,1.1587807335899925e-07,99,1,1,same_source_cyclic_next_latent,False
train,depablo_low_temp,198,5,6.002834140872437e-08,1.0731390176488276e-07,0.44062847010965767,6.880129177488925e-08,99,1,1,same_source_cyclic_next_latent,False
train,depablo_low_temp,198,10,4.171112166773128e-08,4.575125842620764e-07,0.9088306571173178,7.919399536149285e-08,99,1,1,same_source_cyclic_next_latent,False
train,depablo_low_temp,198,25,1.6600085928075714e-07,3.006710130648571e-06,0.9447898693031146,3.736229245987488e-07,99,1,1,same_source_cyclic_next_latent,False
train,depablo_low_temp,198,50,7.008605962255388e-07,1.2325030184001662e-05,0.9431351821648858,1.5602764733557706e-06,99,1,1,same_source_cyclic_next_latent,False
train,depablo_low_temp,198,75,1.6307925534420065e-06,2.8102962460252456e-05,0.9419707955789883,3.604041467042407e-06,99,1,1,same_source_cyclic_next_latent,False
train,depablo_low_temp,198,100,2.953623379653436e-06,5.048274033470079e-05,0.9414924118605508,6.610562650166685e-06,99,1,1,same_source_cyclic_next_latent,False
train,depablo_low_temp,198,125,4.6954169192758854e-06,7.960081711644307e-05,0.9410129557789935,1.0783204743347596e-05,99,1,1,same_source_cyclic_next_latent,False
train,depablo_low_temp,198,149,6.821494480391266e-06,0.00011402370728319511,0.9401747702918565,1.5965901184245013e-05,99,1,1,same_source_cyclic_next_latent,False
train,depablo_low_temp,198,175,9.692227649793494e-06,0.00015858883853070438,0.9388845536697907,2.2816540877101943e-05,99,1,1,same_source_cyclic_next_latent,False
train,depablo_low_temp,198,199,1.2932389836350922e-05,0.00020657408458646387,0.9373958748879851,3.0153445550240576e-05,99,1,1,same_source_cyclic_next_latent,False
train,lj_noisy,178,0,7.214248398668133e-08,0.0,,1.138532041977669e-07,199,1,1,same_source_cyclic_next_latent,False
train,lj_noisy,178,5,2.470439852686468e-08,8.898146575120336e-08,0.7223646709086653,7.517224531738975e-08,199,1,1,same_source_cyclic_next_latent,False
train,lj_noisy,178,10,2.7226141341429866e-08,3.5017228583456017e-07,0.9222492971522797,9.741911100036305e-08,199,1,1,same_source_cyclic_next_latent,False
train,lj_noisy,178,25,2.4761575900811295e-07,2.1434675545606297e-06,0.8844788863347784,6.495509410342493e-07,199,1,1,same_source_cyclic_next_latent,False
train,lj_noisy,178,50,1.433049988008861e-06,8.785852514847647e-06,0.8368911855068044,2.790779262795695e-06,199,1,1,same_source_cyclic_next_latent,False
train,lj_noisy,178,75,3.7600148061756045e-06,2.023533670580946e-05,0.8141857058846902,6.328660219878657e-06,199,1,1,same_source_cyclic_next_latent,False
train,lj_noisy,178,100,6.893595127621666e-06,3.592209759517573e-05,0.808095974647442,1.1459612323960755e-05,199,1,1,same_source_cyclic_next_latent,False
train,lj_noisy,178,125,1.0817425390996505e-05,5.6316977861570194e-05,0.8079189295706484,1.7951993868337013e-05,199,1,1,same_source_cyclic_next_latent,False
train,lj_noisy,178,149,1.4328208635561168e-05,8.071761840255931e-05,0.822489700277048,2.3520748072769493e-05,199,1,1,same_source_cyclic_next_latent,False
train,lj_noisy,178,175,1.7929773093783297e-05,0.00011241415631957352,0.8405025338373565,2.89525996777229e-05,199,1,1,same_source_cyclic_next_latent,False
train,lj_noisy,178,199,2.1847035895916633e-05,0.00014669761003460735,0.8510743570344281,3.500368620734662e-05,199,1,1,same_source_cyclic_next_latent,False
train,lj_noisy,199,0,9.784876198182246e-08,0.0,,5.486718990255213e-08,42,1,1,same_source_cyclic_next_latent,False
train,lj_noisy,199,5,4.774506834337444e-08,9.910389309197853e-08,0.5182321616865027,1.4790234814654468e-08,42,1,1,same_source_cyclic_next_latent,False
train,lj_noisy,199,10,5.386214851910154e-08,4.1158244812322664e-07,0.8691340003328437,4.423144517318178e-08,42,1,1,same_source_cyclic_next_latent,False
train,lj_noisy,199,25,3.364250176218775e-07,2.667711441972642e-06,0.8738900271113627,3.446290293140919e-07,42,1,1,same_source_cyclic_next_latent,False
train,lj_noisy,199,50,1.7173575770357274e-06,1.0994632248184644e-05,0.843800362006716,1.8077886352330097e-06,42,1,1,same_source_cyclic_next_latent,False
train,lj_noisy,199,75,4.688464287028182e-06,2.538395165174734e-05,0.8152980926157158,5.190811862121336e-06,42,1,1,same_source_cyclic_next_latent,False
train,lj_noisy,199,100,9.573835086484905e-06,4.609454845194705e-05,0.7923000569912189,1.0749340617621783e-05,42,1,1,same_source_cyclic_next_latent,False
train,lj_noisy,199,125,1.5176539818639867e-05,7.323205500142649e-05,0.7927609730691807,1.7169550119433552e-05,42,1,1,same_source_cyclic_next_latent,False
train,lj_noisy,199,149,2.0792784198420122e-05,0.00010478922195034102,0.8015751638248283,2.368602144997567e-05,42,1,1,same_source_cyclic_next_latent,False
train,lj_noisy,199,175,2.773872620309703e-05,0.00014562370779458433,0.809517786470421,3.194332020939328e-05,42,1,1,same_source_cyclic_next_latent,False
train,lj_noisy,199,199,3.555708462954499e-05,0.00019014337158296257,0.812998558227254,4.14647365687415e-05,42,1,1,same_source_cyclic_next_latent,False
train,lj_noisy,42,0,7.029182569340264e-08,0.0,,7.544868196873722e-08,102,1,1,same_source_cyclic_next_latent,False
train,lj_noisy,42,5,2.3213809541289265e-08,9.799599354209931e-08,0.7631147080383796,3.5662917952095086e-08,102,1,1,same_source_cyclic_next_latent,False
train,lj_noisy,42,10,3.051325947467376e-08,4.02869886784174e-07,0.924260262492589,4.7524547852617616e-08,102,1,1,same_source_cyclic_next_latent,False
train,lj_noisy,42,25,2.1815721140683308e-07,2.6836687538889237e-06,0.918709337323878,3.3760954920580843e-07,102,1,1,same_source_cyclic_next_latent,False
train,lj_noisy,42,50,1.098462689697044e-06,1.129412430600496e-05,0.9027403400268046,1.7063182440324454e-06,102,1,1,same_source_cyclic_next_latent,False
train,lj_noisy,42,75,2.5528372589178616e-06,2.5744931917870417e-05,0.900841172660245,4.5986480472492985e-06,102,1,1,same_source_cyclic_next_latent,False
train,lj_noisy,42,100,4.793982952833176e-06,4.618121238308959e-05,0.8961919207952926,9.026211955642793e-06,102,1,1,same_source_cyclic_next_latent,False
train,lj_noisy,42,125,7.556866421509767e-06,7.250723137985915e-05,0.8957777551604474,1.3797600331599824e-05,102,1,1,same_source_cyclic_next_latent,False
train,lj_noisy,42,149,1.0661595297278836e-05,0.0001034081433317624,0.896897913899552,1.8026785255642608e-05,102,1,1,same_source_cyclic_next_latent,False
train,lj_noisy,42,175,1.485515804233728e-05,0.00014329282566905022,0.8963300641677147,2.2425119823310524e-05,102,1,1,same_source_cyclic_next_latent,False
train,lj_noisy,42,199,1.9510593119775876e-05,0.00018602452473714948,0.8951181670946661,2.7177788069820963e-05,102,1,1,same_source_cyclic_next_latent,False
train,lj_noisy,102,0,4.512316209570599e-08,0.0,,7.431214754660687e-08,99,1,1,same_source_cyclic_next_latent,False
train,lj_noisy,102,5,1.541315874931115e-08,1.047859115033134e-07,0.8529081006388557,2.7809921476773525e-08,99,1,1,same_source_cyclic_next_latent,False
train,lj_noisy,102,10,5.948446712977784e-08,4.6877312342985533e-07,0.8731060631323102,4.618209459295031e-08,99,1,1,same_source_cyclic_next_latent,False
train,lj_noisy,102,25,4.07881543651456e-07,3.25413498103444e-06,0.8746574601150083,3.6730193642142694e-07,99,1,1,same_source_cyclic_next_latent,False
train,lj_noisy,102,50,1.826590391829086e-06,1.3549693903769366e-05,0.8651932357438016,1.8716046952249599e-06,99,1,1,same_source_cyclic_next_latent,False
train,lj_noisy,102,75,4.368881945993053e-06,3.12767515424639e-05,0.8603153546792895,4.78267384096398e-06,99,1,1,same_source_cyclic_next_latent,False
train,lj_noisy,102,100,8.106907444016542e-06,5.606986815109849e-05,0.855414187488905,8.915484613680746e-06,99,1,1,same_source_cyclic_next_latent,False
train,lj_noisy,102,125,1.330248596786987e-05,8.798276394372806e-05,0.8488057731810078,1.4691447177028749e-05,99,1,1,same_source_cyclic_next_latent,False
train,lj_noisy,102,149,1.9777173292823136e-05,0.00012481326120905578,0.841545897437153,2.1895541067351587e-05,99,1,1,same_source_cyclic_next_latent,False
train,lj_noisy,102,175,2.843158654286526e-05,0.0001706574548734352,0.8333996802896715,3.165464295307174e-05,99,1,1,same_source_cyclic_next_latent,False
train,lj_noisy,102,199,3.86996180168353e-05,0.00021850221673958004,0.8228868402604853,4.277023617760278e-05,99,1,1,same_source_cyclic_next_latent,False
train,lj_noisy,99,0,7.289684589295575e-08,0.0,,5.0979675592088824e-08,178,1,1,same_source_cyclic_next_latent,False
train,lj_noisy,99,5,3.505680368220965e-08,8.34548146144698e-08,0.5799307224615016,1.662881743413891e-08,178,1,1,same_source_cyclic_next_latent,False
train,lj_noisy,99,10,4.463441172219973e-08,3.481648036540719e-07,0.871800907921332,4.0594692052309256e-08,178,1,1,same_source_cyclic_next_latent,False
train,lj_noisy,99,25,2.997327896991919e-07,2.3629713723494206e-06,0.8731542865027696,4.2630483676475706e-07,178,1,1,same_source_cyclic_next_latent,False
train,lj_noisy,99,50,1.3515970067601302e-06,9.879052413452882e-06,0.8631855617124187,2.1706707684643334e-06,178,1,1,same_source_cyclic_next_latent,False
train,lj_noisy,99,75,3.499633521641954e-06,2.2769198039895855e-05,0.8462996581825171,5.558165412367089e-06,178,1,1,same_source_cyclic_next_latent,False
train,lj_noisy,99,100,7.1136560109152924e-06,4.133538095629774e-05,0.827903944602899,1.0882679816859309e-05,178,1,1,same_source_cyclic_next_latent,False
train,lj_noisy,99,125,1.256459017895395e-05,6.574357394129038e-05,0.8088848928387398,1.8419323168927804e-05,178,1,1,same_source_cyclic_next_latent,False
train,lj_noisy,99,149,2.0420708096935414e-05,9.555911674397066e-05,0.7863028793825277,2.7927409973926842e-05,178,1,1,same_source_cyclic_next_latent,False
train,lj_noisy,99,175,3.238202043576166e-05,0.0001350232632830739,0.7601745088335384,4.1294857510365546e-05,178,1,1,same_source_cyclic_next_latent,False
train,lj_noisy,99,199,4.4762065954273567e-05,0.0001759650040185079,0.7456194985818572,5.4801635997137055e-05,178,1,1,same_source_cyclic_next_latent,False
validation,reid,41,0,2.5662719949082202e-08,0.0,,5.372793410174381e-08,49,1,1,same_source_cyclic_next_latent,False
validation,reid,41,5,1.5887216875398735e-08,1.1149158041234841e-07,0.8575029897626321,5.4390845605212235e-08,49,1,1,same_source_cyclic_next_latent,False
validation,reid,41,10,5.139627745620601e-08,4.7308003559010103e-07,0.8913581770744218,1.1269546718040147e-07,49,1,1,same_source_cyclic_next_latent,False
validation,reid,41,25,3.865087876420148e-07,3.1498402677243575e-06,0.8772925752450129,5.186593625694513e-07,49,1,1,same_source_cyclic_next_latent,False
validation,reid,41,50,1.7334579069938627e-06,1.3119908544467762e-05,0.8678757629202526,2.1020377971581183e-06,49,1,1,same_source_cyclic_next_latent,False
validation,reid,41,75,4.44884562966763e-06,3.0207520467229187e-05,0.8527239058070328,5.141732344782213e-06,49,1,1,same_source_cyclic_next_latent,False
validation,reid,41,100,8.952953066909686e-06,5.462400440592319e-05,0.8360985584217098,9.8166301540914e-06,49,1,1,same_source_cyclic_next_latent,False
validation,reid,41,125,1.5753619663883e-05,8.655185956740752e-05,0.8179863524293904,1.6215644791373052e-05,49,1,1,same_source_cyclic_next_latent,False
validation,reid,41,149,2.4551090973545797e-05,0.00012444172170944512,0.8027101310051838,2.384935214649886e-05,49,1,1,same_source_cyclic_next_latent,False
validation,reid,41,175,3.61323582183104e-05,0.00017371567082591355,0.7920028858276127,3.385018862900324e-05,49,1,1,same_source_cyclic_next_latent,False
validation,reid,41,199,4.845272269449197e-05,0.000227016702410765,0.7865675865257641,4.514290048973635e-05,49,1,1,same_source_cyclic_next_latent,False
validation,reid,49,0,3.271830806284015e-08,0.0,,4.746946657974149e-08,25,1,1,same_source_cyclic_next_latent,False
validation,reid,49,5,1.9922262950444747e-08,1.0523766036385496e-07,0.8106926467049502,4.005159581765838e-08,25,1,1,same_source_cyclic_next_latent,False
validation,reid,49,10,7.018824277338354e-08,4.594179756622907e-07,0.8472235600442035,1.4035759932085057e-07,25,1,1,same_source_cyclic_next_latent,False
validation,reid,49,25,6.990559313635458e-07,3.2462357921758667e-06,0.7846564525446912,1.0727138715083129e-06,25,1,1,same_source_cyclic_next_latent,False
validation,reid,49,50,3.70608177036047e-06,1.4092956007516477e-05,0.7370259462682044,4.538410848908825e-06,25,1,1,same_source_cyclic_next_latent,False
validation,reid,49,75,9.284774023399223e-06,3.3031355997081846e-05,0.7189102977116808,1.151536162069533e-05,25,1,1,same_source_cyclic_next_latent,False
validation,reid,49,100,1.740691550367046e-05,6.0234524426050484e-05,0.711014311650442,2.2954192900215276e-05,25,1,1,same_source_cyclic_next_latent,False
validation,reid,49,125,2.8027881853631698e-05,9.579287143424153e-05,0.7074116118037879,3.895511326845735e-05,25,1,1,same_source_cyclic_next_latent,False
validation,reid,49,149,4.067426561960019e-05,0.0001378952874802053,0.7050351294605413,5.753025834565051e-05,25,1,1,same_source_cyclic_next_latent,False
validation,reid,49,175,5.7465065765427426e-05,0.00019256462110206485,0.7015803555370159,7.974404434207827e-05,25,1,1,same_source_cyclic_next_latent,False
validation,reid,49,199,7.645880396012217e-05,0.0002518006949685514,0.6963518946217703,0.00010192926856689155,25,1,1,same_source_cyclic_next_latent,False
validation,reid,25,0,4.367094774693214e-08,0.0,,7.449228345279835e-09,93,1,1,same_source_cyclic_next_latent,False
validation,reid,25,5,4.04292279654328e-08,1.0530127525498756e-07,0.6160613642376769,3.343172849668008e-08,93,1,1,same_source_cyclic_next_latent,False
validation,reid,25,10,1.4526609959375492e-07,4.6677956788698793e-07,0.6887907920834159,1.9162594355748297e-07,93,1,1,same_source_cyclic_next_latent,False
validation,reid,25,25,1.0106306262969156e-06,3.385780473763589e-06,0.7015073380780911,1.6566546037211083e-06,93,1,1,same_source_cyclic_next_latent,False
validation,reid,25,50,4.010407792520709e-06,1.4759227269678377e-05,0.7282779295119493,7.998083674465306e-06,93,1,1,same_source_cyclic_next_latent,False
validation,reid,25,75,9.665497600508388e-06,3.434355676290579e-05,0.7185644554163354,1.9166458514519036e-05,93,1,1,same_source_cyclic_next_latent,False
validation,reid,25,100,1.8369795725448057e-05,6.215853500179946e-05,0.7044686506058057,3.4946322557516396e-05,93,1,1,same_source_cyclic_next_latent,False
validation,reid,25,125,3.0168152079568245e-05,9.824951848713681e-05,0.6929435121504645,5.532406794372946e-05,93,1,1,same_source_cyclic_next_latent,False
validation,reid,25,149,4.3963293137494475e-05,0.0001407447998644784,0.6876382418403647,7.923749217297882e-05,93,1,1,same_source_cyclic_next_latent,False
validation,reid,25,175,6.10227943980135e-05,0.00019554639584384859,0.687937002701177,0.0001100575173040852,93,1,1,same_source_cyclic_next_latent,False
validation,reid,25,199,7.884435035521165e-05,0.00025431934045627713,0.6899789445279461,0.00014328375982586294,93,1,1,same_source_cyclic_next_latent,False
validation,reid,93,0,1.680690964178666e-08,0.0,,3.22685025366809e-08,84,1,1,same_source_cyclic_next_latent,False
validation,reid,93,5,4.683684551309852e-09,1.0514619930290792e-07,0.955455503077035,9.457282956759627e-09,84,1,1,same_source_cyclic_next_latent,False
validation,reid,93,10,1.68418612389587e-08,4.2241856590408133e-07,0.9601299218396973,1.6522234247418055e-08,84,1,1,same_source_cyclic_next_latent,False
validation,reid,93,25,4.001721620738863e-08,2.6625341433828e-06,0.9849702523789813,1.0877878509063521e-07,84,1,1,same_source_cyclic_next_latent,False
validation,reid,93,50,1.6805623204163567e-07,1.0701617611630354e-05,0.9842961841713542,5.340563689060218e-07,84,1,1,same_source_cyclic_next_latent,False
validation,reid,93,75,4.2063393834723684e-07,2.4128486984409392e-05,0.9825669160847496,1.343760231975466e-06,84,1,1,same_source_cyclic_next_latent,False
validation,reid,93,100,7.829590913388529e-07,4.294652535463683e-05,0.981768977003996,2.5092340365517884e-06,84,1,1,same_source_cyclic_next_latent,False
validation,reid,93,125,1.2573597132359282e-06,6.716716598020867e-05,0.9812801434318902,4.0223790165327955e-06,84,1,1,same_source_cyclic_next_latent,False
validation,reid,93,149,1.8248152855449007e-06,9.55089635681361e-05,0.9808937798362446,5.837845037603984e-06,84,1,1,same_source_cyclic_next_latent,False
validation,reid,93,175,2.581039552751463e-06,0.0001318353315582499,0.9804222470392084,8.28442171041388e-06,84,1,1,same_source_cyclic_next_latent,False
validation,reid,93,199,3.4292213513253955e-06,0.00017057791410479695,0.9798964516049915,1.1100511983386241e-05,84,1,1,same_source_cyclic_next_latent,False
validation,reid,84,0,2.9241091326071e-08,0.0,,1.9812558704757066e-08,96,1,1,same_source_cyclic_next_latent,False
validation,reid,84,5,8.1196214196666e-09,9.34500405946892e-08,0.9131127031299755,3.97767907500679e-09,96,1,1,same_source_cyclic_next_latent,False
validation,reid,84,10,9.834592695767697e-09,3.706644804424286e-07,0.9734676689710624,9.216307716997107e-09,96,1,1,same_source_cyclic_next_latent,False
validation,reid,84,25,5.505481581735694e-08,2.3013249119685497e-06,0.9760769044253456,6.083953252300489e-08,96,1,1,same_source_cyclic_next_latent,False
validation,reid,84,50,2.3332376031248714e-07,9.18923342396738e-06,0.9746090071339432,3.0804346806689864e-07,96,1,1,same_source_cyclic_next_latent,False
validation,reid,84,75,5.543287215914461e-07,2.066570050374139e-05,0.9731763885046583,7.879680197220296e-07,96,1,1,same_source_cyclic_next_latent,False
validation,reid,84,100,1.0104371312991134e-06,3.673380706459284e-05,0.9724929918229723,1.5109256992218434e-06,96,1,1,same_source_cyclic_next_latent,False
validation,reid,84,125,1.6137071270350134e-06,5.7396227930439636e-05,0.9718847878123503,2.4946473331510788e-06,96,1,1,same_source_cyclic_next_latent,False
validation,reid,84,149,2.346862629565294e-06,8.155551040545106e-05,0.9712237392924411,3.707078576553613e-06,96,1,1,same_source_cyclic_next_latent,False
validation,reid,84,175,3.3245810300286394e-06,0.00011250645911786705,0.9704498652246655,5.367716312321136e-06,96,1,1,same_source_cyclic_next_latent,False
validation,reid,84,199,4.417449872562429e-06,0.0001454888260923326,0.9696371880149823,7.2957536758622155e-06,96,1,1,same_source_cyclic_next_latent,False
validation,reid,96,0,2.1308764530658664e-08,0.0,,2.4547405885755325e-08,97,1,1,same_source_cyclic_next_latent,False
validation,reid,96,5,4.013859467022485e-09,1.03322996380939e-07,0.9611523125769225,5.071284725488567e-09,97,1,1,same_source_cyclic_next_latent,False
validation,reid,96,10,1.0272894535034993e-08,4.142063971812604e-07,0.9751986096667177,1.1121214171794236e-08,97,1,1,same_source_cyclic_next_latent,False
validation,reid,96,25,6.442483879709471e-08,2.595082605694188e-06,0.9751742627938963,8.730634704079421e-08,97,1,1,same_source_cyclic_next_latent,False
validation,reid,96,50,2.8873554924757627e-07,1.0409034985059407e-05,0.9722610645787998,3.91855849102285e-07,97,1,1,same_source_cyclic_next_latent,False
validation,reid,96,75,6.91539185027068e-07,2.3453274479834363e-05,0.9705141733781495,9.168920769297983e-07,97,1,1,same_source_cyclic_next_latent,False
validation,reid,96,100,1.2577229426824488e-06,4.173463457846083e-05,0.9698638084318688,1.706629177533614e-06,97,1,1,same_source_cyclic_next_latent,False
validation,reid,96,125,1.992385477933567e-06,6.525538628920913e-05,0.9694678770407794,2.7986291115666972e-06,97,1,1,same_source_cyclic_next_latent,False
validation,reid,96,149,2.8835613647970604e-06,9.276856144424528e-05,0.9689166101111732,4.140889359405264e-06,97,1,1,same_source_cyclic_next_latent,False
validation,reid,96,175,4.11204155170708e-06,0.0001280317228520289,0.9678826351773808,5.923896424064878e-06,97,1,1,same_source_cyclic_next_latent,False
validation,reid,96,199,5.562663318414707e-06,0.00016562770179007202,0.9664146561336387,7.906043720140588e-06,97,1,1,same_source_cyclic_next_latent,False
validation,reid,97,0,2.2939602217775246e-08,0.0,,5.1358938435441814e-08,13,1,1,same_source_cyclic_next_latent,False
validation,reid,97,5,2.938014720399451e-09,1.0388254167992272e-07,0.9717179164767463,3.321192210137269e-08,13,1,1,same_source_cyclic_next_latent,False
validation,reid,97,10,5.450567108766791e-09,4.131814819174906e-07,0.9868082976916782,7.410454117007248e-08,13,1,1,same_source_cyclic_next_latent,False
validation,reid,97,25,2.413231570130847e-08,2.567076535342494e-06,0.9905993002666401,5.076543629911612e-07,13,1,1,same_source_cyclic_next_latent,False
validation,reid,97,50,1.0307119424624034e-07,1.0246058991469909e-05,0.9899404059324615,1.6976924825939932e-06,13,1,1,same_source_cyclic_next_latent,False
validation,reid,97,75,2.4524905484213377e-07,2.3035410777083598e-05,0.9893533891270515,3.5062887491221773e-06,13,1,1,same_source_cyclic_next_latent,False
validation,reid,97,100,4.4759923412129865e-07,4.093155075679533e-05,0.9890646890761404,6.205248610058334e-06,13,1,1,same_source_cyclic_next_latent,False
validation,reid,97,125,7.334617748711025e-07,6.392442446667701e-05,0.9885261106221856,1.007306400424568e-05,13,1,1,same_source_cyclic_next_latent,False
validation,reid,97,149,1.1155823358421912e-06,9.079395385924727e-05,0.9877130327689924,1.5115627320483327e-05,13,1,1,same_source_cyclic_next_latent,False
validation,reid,97,175,1.6919969993978157e-06,0.0001251927751582116,0.9864848670599436,2.237603985122405e-05,13,1,1,same_source_cyclic_next_latent,False
validation,reid,97,199,2.4305663828272372e-06,0.00016182287072297186,0.9849800811716647,3.1304000003729016e-05,13,1,1,same_source_cyclic_next_latent,False
validation,reid,13,0,3.7089986193450386e-08,0.0,,2.420068057062963e-08,28,1,1,same_source_cyclic_next_latent,False
validation,reid,13,5,2.0689377322469227e-08,9.996369954023976e-08,0.7930310961116356,1.206374733442317e-08,28,1,1,same_source_cyclic_next_latent,False
validation,reid,13,10,6.246209238724987e-08,4.0348717789129296e-07,0.8451943560791954,5.385964740867166e-08,28,1,1,same_source_cyclic_next_latent,False
validation,reid,13,25,5.121800654706021e-07,2.6054560748889344e-06,0.8034201879636618,5.538116738534882e-07,28,1,1,same_source_cyclic_next_latent,False
validation,reid,13,50,2.238261231468641e-06,1.0772148925752845e-05,0.7922177601798971,2.8195788672746858e-06,28,1,1,same_source_cyclic_next_latent,False
validation,reid,13,75,5.3741177907795645e-06,2.473311178619042e-05,0.7827156632276182,7.746298251731787e-06,28,1,1,same_source_cyclic_next_latent,False
validation,reid,13,100,1.0133641808351967e-05,4.4647022150456905e-05,0.7730275991486644,1.7549573385622352e-05,28,1,1,same_source_cyclic_next_latent,False
validation,reid,13,125,1.6675536244292744e-05,7.067642582114786e-05,0.7640580143866998,3.421867950237356e-05,28,1,1,same_source_cyclic_next_latent,False
validation,reid,13,149,2.4828406822052784e-05,0.00010157931683352217,0.7555761586510379,5.527681059902534e-05,28,1,1,same_source_cyclic_next_latent,False
validation,reid,13,175,3.612662840168923e-05,0.00014179330901242793,0.7452162682900447,7.755228580208495e-05,28,1,1,same_source_cyclic_next_latent,False
validation,reid,13,199,4.9405538447899744e-05,0.0001853152789408341,0.733397382394608,9.24183550523594e-05,28,1,1,same_source_cyclic_next_latent,False
validation,reid,28,0,3.02943696794955e-08,0.0,,3.834344752817742e-08,52,1,1,same_source_cyclic_next_latent,False
validation,reid,28,5,1.7488792636299877e-08,1.0269551609098926e-07,0.8297024709354921,3.308984375394175e-08,52,1,1,same_source_cyclic_next_latent,False
validation,reid,28,10,5.732998076268814e-08,4.423241932727251e-07,0.8703892266472976,1.1244068076621261e-07,52,1,1,same_source_cyclic_next_latent,False
validation,reid,28,25,5.163481660019897e-07,3.113214461336611e-06,0.8341430786685016,1.0294571666236152e-06,52,1,1,same_source_cyclic_next_latent,False
validation,reid,28,50,2.617116706460365e-06,1.358427107334137e-05,0.8073421317691194,5.016909653932089e-06,52,1,1,same_source_cyclic_next_latent,False
validation,reid,28,75,7.486452886951156e-06,3.200078208465129e-05,0.7660540649554336,1.2351423720247112e-05,52,1,1,same_source_cyclic_next_latent,False
validation,reid,28,100,1.72081508935662e-05,5.867032814421691e-05,0.7066975515925695,2.3344384317169897e-05,52,1,1,same_source_cyclic_next_latent,False
validation,reid,28,125,3.2890031434362754e-05,9.386183228343725e-05,0.6495909931201451,3.7967325624777004e-05,52,1,1,same_source_cyclic_next_latent,False
validation,reid,28,149,5.17943553859368e-05,0.00013590285379905254,0.6188869185740535,5.546723332372494e-05,52,1,1,same_source_cyclic_next_latent,False
validation,reid,28,175,7.136624481063336e-05,0.00019086066458839923,0.6260819642196138,7.866558007663116e-05,52,1,1,same_source_cyclic_next_latent,False
validation,reid,28,199,8.506995072821155e-05,0.000250564597081393,0.6604869493970149,0.00010467536776559427,52,1,1,same_source_cyclic_next_latent,False
validation,reid,52,0,2.6476801195940425e-08,0.0,,2.5007992121572897e-08,59,1,1,same_source_cyclic_next_latent,False
validation,reid,52,5,6.224636805995942e-09,1.0380210113680732e-07,0.9400336145624634,5.869507990752254e-09,59,1,1,same_source_cyclic_next_latent,False
validation,reid,52,10,8.736534162778753e-09,4.140581495448714e-07,0.9789002241052812,1.1241499286995804e-08,59,1,1,same_source_cyclic_next_latent,False
validation,reid,52,25,3.9111760941068496e-08,2.5844267383945407e-06,0.9848663688701175,5.445300388373653e-08,59,1,1,same_source_cyclic_next_latent,False
validation,reid,52,50,1.5347181658853515e-07,1.0333380487281829e-05,0.9851479564913509,2.172560868984874e-07,59,1,1,same_source_cyclic_next_latent,False
validation,reid,52,75,3.522361566865584e-07,2.3241327653522603e-05,0.9848444046769776,4.899135888081219e-07,59,1,1,same_source_cyclic_next_latent,False
validation,reid,52,100,6.372070515681116e-07,4.1306804632768035e-05,0.9845737994688016,8.696682698428049e-07,59,1,1,same_source_cyclic_next_latent,False
validation,reid,52,125,1.0127175755769713e-06,6.4523694163654e-05,0.9843047180000516,1.3916132957092486e-06,59,1,1,same_source_cyclic_next_latent,False
validation,reid,52,149,1.4956120821807417e-06,9.165598748950288e-05,0.9836823308204276,2.077859335258836e-06,59,1,1,same_source_cyclic_next_latent,False
validation,reid,52,175,2.2334490950015606e-06,0.0001263997401110828,0.982330271462277,3.111176965830964e-06,59,1,1,same_source_cyclic_next_latent,False
validation,reid,52,199,3.1848221624386497e-06,0.00016340739966835827,0.9805099269133322,4.4267640078032855e-06,59,1,1,same_source_cyclic_next_latent,False
validation,reid,59,0,2.514103414341662e-08,0.0,,4.104363071633088e-08,57,1,1,same_source_cyclic_next_latent,False
validation,reid,59,5,5.1204831486018065e-09,1.0051899579366363e-07,0.9490595473206609,1.7596963886035155e-08,57,1,1,same_source_cyclic_next_latent,False
validation,reid,59,10,8.287087460701059e-09,4.096098109585e-07,0.9797683374787606,2.1486153300998012e-08,57,1,1,same_source_cyclic_next_latent,False
validation,reid,59,25,5.0794081829508286e-08,2.5966930934373522e-06,0.9804389352142228,1.0465396371728275e-07,57,1,1,same_source_cyclic_next_latent,False
validation,reid,59,50,2.350803924855427e-07,1.0445361112942919e-05,0.9774942780873078,3.9187619904623716e-07,57,1,1,same_source_cyclic_next_latent,False
validation,reid,59,75,5.797293169962359e-07,2.3561089619761333e-05,0.9753946304541874,8.745629429540713e-07,57,1,1,same_source_cyclic_next_latent,False
validation,reid,59,100,1.0898181699303677e-06,4.1953680920414627e-05,0.9740233003154661,1.6006956684577744e-06,57,1,1,same_source_cyclic_next_latent,False
validation,reid,59,125,1.7659382365309284e-06,6.56422707834281e-05,0.9730975449896113,2.5603731046430767e-06,57,1,1,same_source_cyclic_next_latent,False
validation,reid,59,149,2.5929500679922057e-06,9.337658411823213e-05,0.9722312601978559,3.725576561919297e-06,57,1,1,same_source_cyclic_next_latent,False
validation,reid,59,175,3.7601819258270552e-06,0.0001289642386836931,0.97084322007243,5.331035936251283e-06,57,1,1,same_source_cyclic_next_latent,False
validation,reid,59,199,5.186859652894782e-06,0.00016694419900886714,0.9689305786982195,7.262879080371931e-06,57,1,1,same_source_cyclic_next_latent,False
validation,reid,57,0,4.099885586583696e-08,0.0,,1.8583008909445198e-08,15,1,1,same_source_cyclic_next_latent,False
validation,reid,57,5,1.6461985552496117e-08,1.0879922029971567e-07,0.8486939014163217,6.144873054836353e-09,15,1,1,same_source_cyclic_next_latent,False
validation,reid,57,10,2.9570175641424612e-08,4.6272842268990644e-07,0.9360960464249657,4.006866660688502e-08,15,1,1,same_source_cyclic_next_latent,False
validation,reid,57,25,2.1969270846966538e-07,3.0676756068714894e-06,0.9283846349406824,3.866250608552946e-07,15,1,1,same_source_cyclic_next_latent,False
validation,reid,57,50,1.0292176284565357e-06,1.2550069186545443e-05,0.9179910793193132,2.010984871958499e-06,15,1,1,same_source_cyclic_next_latent,False
validation,reid,57,75,2.4660182589286705e-06,2.845998460543342e-05,0.9133513846505078,4.773889486386906e-06,15,1,1,same_source_cyclic_next_latent,False
validation,reid,57,100,4.489469574764371e-06,5.080093251308426e-05,0.9116262369079925,8.559610250813421e-06,15,1,1,same_source_cyclic_next_latent,False
validation,reid,57,125,7.106051725713769e-06,7.957850903039798e-05,0.910703884600309,1.3482244867191184e-05,15,1,1,same_source_cyclic_next_latent,False
validation,reid,57,149,1.022621745505603e-05,0.00011326819367241114,0.909716778174888,1.9398226868361235e-05,15,1,1,same_source_cyclic_next_latent,False
validation,reid,57,175,1.44010691656149e-05,0.00015646663086954504,0.9079607639943249,2.737121940299403e-05,15,1,1,same_source_cyclic_next_latent,False
validation,reid,57,199,1.9151062588207424e-05,0.0002025431749643758,0.9054470110307307,3.659332651295699e-05,15,1,1,same_source_cyclic_next_latent,False
validation,reid,15,0,2.7818773062904256e-08,0.0,,2.4801972031696096e-08,53,1,1,same_source_cyclic_next_latent,False
validation,reid,15,5,1.645184610765682e-08,9.878272066998761e-08,0.833454211464584,1.283008987940093e-08,53,1,1,same_source_cyclic_next_latent,False
validation,reid,15,10,4.9265452162217116e-08,4.075140793702303e-07,0.8791073617913971,5.581204121085648e-08,53,1,1,same_source_cyclic_next_latent,False
validation,reid,15,25,4.4176326241540664e-07,2.657891172930249e-06,0.8337918170184615,5.34533683094196e-07,53,1,1,same_source_cyclic_next_latent,False
validation,reid,15,50,2.128874257323332e-06,1.1012571121682413e-05,0.8066869004703328,2.7296116513753077e-06,53,1,1,same_source_cyclic_next_latent,False
validation,reid,15,75,5.461386990646133e-06,2.5448980522924103e-05,0.7853985944259501,7.058569281070959e-06,53,1,1,same_source_cyclic_next_latent,False
validation,reid,15,100,1.0539953109400813e-05,4.635270670405589e-05,0.772614074584806,1.3845746252627578e-05,53,1,1,same_source_cyclic_next_latent,False
validation,reid,15,125,1.751358104229439e-05,7.409453974105418e-05,0.76363196122817,2.3238588255480863e-05,53,1,1,same_source_cyclic_next_latent,False
validation,reid,15,149,2.6224601242574863e-05,0.00010749007924459875,0.7560277057485506,3.4704939025687054e-05,53,1,1,same_source_cyclic_next_latent,False
validation,reid,15,175,3.816122261923738e-05,0.00015147423255257308,0.7480678926299064,4.9807400500867516e-05,53,1,1,same_source_cyclic_next_latent,False
validation,reid,15,199,5.175442129257135e-05,0.00019959177006967366,0.7406986206169479,6.627369293710217e-05,53,1,1,same_source_cyclic_next_latent,False
validation,reid,53,0,2.1636342495412464e-08,0.0,,4.276875031905547e-08,2,1,1,same_source_cyclic_next_latent,False
validation,reid,53,5,3.7563023802533735e-09,9.364332242967066e-08,0.9598871304136557,2.2169647451164565e-08,2,1,1,same_source_cyclic_next_latent,False
validation,reid,53,10,9.941140355351763e-09,3.85355036769397e-07,0.9742026458543457,2.7817119274686775e-08,2,1,1,same_source_cyclic_next_latent,False
validation,reid,53,25,6.457946710725082e-08,2.4711696369195124e-06,0.9738668417811439,1.3320179448328417e-07,2,1,1,same_source_cyclic_next_latent,False
validation,reid,53,50,2.640676370901929e-07,9.974225577025209e-06,0.9735249985022947,5.64227093491354e-07,2,1,1,same_source_cyclic_next_latent,False
validation,reid,53,75,5.85215445880749e-07,2.250624675070867e-05,0.9739976437491816,1.357587620987033e-06,2,1,1,same_source_cyclic_next_latent,False
validation,reid,53,100,1.0146940212507616e-06,4.006221570307389e-05,0.9746720443828846,2.5720619305502623e-06,2,1,1,same_source_cyclic_next_latent,False
validation,reid,53,125,1.5676140492359991e-06,6.264413968892768e-05,0.974975886698735,4.122492555325152e-06,2,1,1,same_source_cyclic_next_latent,False
validation,reid,53,149,2.2343426735460525e-06,8.904800051823258e-05,0.9749085587487327,5.807642537547508e-06,2,1,1,same_source_cyclic_next_latent,False
validation,reid,53,175,3.1344491162599297e-06,0.0001228825276484713,0.974492312485412,7.773046490910929e-06,2,1,1,same_source_cyclic_next_latent,False
validation,reid,53,199,4.167951374256518e-06,0.00015894098032731563,0.9737767354544232,9.686139492259827e-06,2,1,1,same_source_cyclic_next_latent,False
validation,reid,2,0,3.014432436998504e-08,0.0,,1.0763184121742597e-08,88,1,1,same_source_cyclic_next_latent,False
validation,reid,2,5,8.101448401021116e-09,9.875607531739661e-08,0.9179650631621041,7.671097534966975e-09,88,1,1,same_source_cyclic_next_latent,False
validation,reid,2,10,1.105061908646121e-08,3.9769926729604776e-07,0.9722136297569914,4.014053445189347e-08,88,1,1,same_source_cyclic_next_latent,False
validation,reid,2,25,4.25557118433062e-08,2.5024969545484055e-06,0.9829946998473028,2.38690347487136e-07,88,1,1,same_source_cyclic_next_latent,False
validation,reid,2,50,1.5774767803122813e-07,1.003642591967946e-05,0.9842824846918946,1.0561869885350461e-06,88,1,1,same_source_cyclic_next_latent,False
validation,reid,2,75,3.419469862819824e-07,2.2605408958042972e-05,0.9848732227354675,2.4686651158845052e-06,88,1,1,same_source_cyclic_next_latent,False
validation,reid,2,100,5.944588110651239e-07,4.020733467768878e-05,0.9852151649486234,4.363675088825403e-06,88,1,1,same_source_cyclic_next_latent,False
validation,reid,2,125,9.451330811316438e-07,6.284512346610427e-05,0.9849609161537982,6.7927653617516626e-06,88,1,1,same_source_cyclic_next_latent,False
validation,reid,2,149,1.4061251931707375e-06,8.931615593610331e-05,0.9842567654369644,9.757659427123144e-06,88,1,1,same_source_cyclic_next_latent,False
validation,reid,2,175,2.0975137431378243e-06,0.00012323314149398357,0.9829793047737875,1.3801047316519544e-05,88,1,1,same_source_cyclic_next_latent,False
validation,reid,2,199,2.9853658816136885e-06,0.00015938510478008538,0.9812694800700931,1.8412520148558542e-05,88,1,1,same_source_cyclic_next_latent,False
validation,reid,88,0,2.07701411625294e-08,0.0,,3.166478990124233e-08,74,1,1,same_source_cyclic_next_latent,False
validation,reid,88,5,5.266274971660323e-09,1.0328217570076959e-07,0.949010805243706,1.5922822171887674e-08,74,1,1,same_source_cyclic_next_latent,False
validation,reid,88,10,1.4436681183838118e-08,4.2534415456429997e-07,0.9660588231225928,3.019829719619338e-08,74,1,1,same_source_cyclic_next_latent,False
validation,reid,88,25,1.0443447706620645e-07,2.7586918349697953e-06,0.9621434783898761,1.8553309644175897e-07,74,1,1,same_source_cyclic_next_latent,False
validation,reid,88,50,4.523275265455595e-07,1.1242896107432898e-05,0.9597677037817225,6.817260214120324e-07,74,1,1,same_source_cyclic_next_latent,False
validation,reid,88,75,1.0444986173752113e-06,2.548983866290655e-05,0.9590229412124451,1.521486183264642e-06,74,1,1,same_source_cyclic_next_latent,False
validation,reid,88,100,1.8792190985550405e-06,4.550983430817723e-05,0.9587074062755403,2.8901918085466605e-06,74,1,1,same_source_cyclic_next_latent,False
validation,reid,88,125,2.9528330287575955e-06,7.13156841811724e-05,0.958594900088792,4.882920620730147e-06,74,1,1,same_source_cyclic_next_latent,False
validation,reid,88,149,4.221370545565151e-06,0.00010155241761822253,0.958431609561133,7.403718427667627e-06,74,1,1,same_source_cyclic_next_latent,False
validation,reid,88,175,5.903896180825541e-06,0.00014035985805094242,0.9579374312370509,1.0753958122222684e-05,74,1,1,same_source_cyclic_next_latent,False
validation,reid,88,199,7.814790478732903e-06,0.0001818001619540155,0.9570143920954836,1.4300927432486787e-05,74,1,1,same_source_cyclic_next_latent,False
validation,reid,74,0,2.1078891521142396e-08,0.0,,2.5997909602892832e-08,31,1,1,same_source_cyclic_next_latent,False
validation,reid,74,5,6.430731058770789e-09,9.82452448283766e-08,0.9345440985972955,1.1435982827379121e-08,31,1,1,same_source_cyclic_next_latent,False
validation,reid,74,10,1.8935672585485008e-08,3.9470123169849103e-07,0.9520253015071668,3.596177577946946e-08,31,1,1,same_source_cyclic_next_latent,False
validation,reid,74,25,1.2752853706388123e-07,2.468499815222458e-06,0.9483376355641377,2.2519593301240093e-07,31,1,1,same_source_cyclic_next_latent,False
validation,reid,74,50,5.292255877975549e-07,9.872235750663094e-06,0.9463925293961899,1.0436789352752385e-06,31,1,1,same_source_cyclic_next_latent,False
validation,reid,74,75,1.2296079603402177e-06,2.2206828361959197e-05,0.9446292851775914,2.8585106974787777e-06,31,1,1,same_source_cyclic_next_latent,False
validation,reid,74,100,2.223811634394224e-06,3.9466427551815286e-05,0.9436530800393679,5.794712706119753e-06,31,1,1,same_source_cyclic_next_latent,False
validation,reid,74,125,3.5489947549649514e-06,6.164090154925361e-05,0.9424246780016811,1.0033829312305897e-05,31,1,1,same_source_cyclic_next_latent,False
validation,reid,74,149,5.1733272812271025e-06,8.754659938858822e-05,0.9409077300848141,1.5585228538839146e-05,31,1,1,same_source_cyclic_next_latent,False
validation,reid,74,175,7.337851457123179e-06,0.00012070701632183045,0.9392094040535397,2.3514456188422628e-05,31,1,1,same_source_cyclic_next_latent,False
validation,reid,74,199,9.695328117231838e-06,0.0001560081000206992,0.9378536876229795,3.2808173273224384e-05,31,1,1,same_source_cyclic_next_latent,False
validation,reid,31,0,2.837736445826522e-08,0.0,,3.4533577775164304e-08,69,1,1,same_source_cyclic_next_latent,False
validation,reid,31,5,1.8566481685411418e-08,9.754089802527233e-08,0.8096543905039613,2.4878925586335754e-08,69,1,1,same_source_cyclic_next_latent,False
validation,reid,31,10,7.157373715926951e-08,4.046144965741405e-07,0.8231063450141249,8.117584116007492e-08,69,1,1,same_source_cyclic_next_latent,False
validation,reid,31,25,5.378325340643642e-07,2.6757297746371478e-06,0.79899594526981,6.081177161831874e-07,69,1,1,same_source_cyclic_next_latent,False
validation,reid,31,50,2.3104012143448927e-06,1.1123805961688049e-05,0.7923011941863928,2.61490049524582e-06,69,1,1,same_source_cyclic_next_latent,False
validation,reid,31,75,5.672584393323632e-06,2.5607325369492173e-05,0.7784780600288,6.4437022047059145e-06,69,1,1,same_source_cyclic_next_latent,False
validation,reid,31,100,1.0802533324749675e-05,4.6321227273438126e-05,0.7667908654280379,1.2416699973982759e-05,69,1,1,same_source_cyclic_next_latent,False
validation,reid,31,125,1.777507168299053e-05,7.339884905377403e-05,0.7578290135044485,2.0641859009629115e-05,69,1,1,same_source_cyclic_next_latent,False
validation,reid,31,149,2.6300745957996696e-05,0.00010547126294113696,0.7506359056999723,3.0623261409346014e-05,69,1,1,same_source_cyclic_next_latent,False
validation,reid,31,175,3.774378274101764e-05,0.00014702796761412174,0.7432884140786258,4.355529381427914e-05,69,1,1,same_source_cyclic_next_latent,False
validation,reid,31,199,5.0538852519821376e-05,0.0001917742338264361,0.7364669303512317,5.725061419070698e-05,69,1,1,same_source_cyclic_next_latent,False
validation,reid,69,0,2.9466946216416545e-08,0.0,,2.824188705119468e-08,19,1,1,same_source_cyclic_next_latent,False
validation,reid,69,5,1.592159115659797e-08,1.0311431708487362e-07,0.8455928176928829,1.2847816144301305e-08,19,1,1,same_source_cyclic_next_latent,False
validation,reid,69,10,5.244278256100188e-08,4.325807765326317e-07,0.8787676535666724,4.555799648642278e-08,19,1,1,same_source_cyclic_next_latent,False
validation,reid,69,25,4.018941410777188e-07,2.8503357043518918e-06,0.859001120301687,3.924798193111201e-07,19,1,1,same_source_cyclic_next_latent,False
validation,reid,69,50,1.833606802392751e-06,1.1736545275198296e-05,0.8437694603140555,1.9113035705231596e-06,19,1,1,same_source_cyclic_next_latent,False
validation,reid,69,75,4.5467190830095205e-06,2.679025783436373e-05,0.8302846090127036,4.7854523472778965e-06,19,1,1,same_source_cyclic_next_latent,False
validation,reid,69,100,8.751959285291377e-06,4.8090289055835456e-05,0.8180098423794069,9.151178346655797e-06,19,1,1,same_source_cyclic_next_latent,False
validation,reid,69,125,1.4610565813200083e-05,7.570085290353745e-05,0.8069960211436754,1.4998914593888912e-05,19,1,1,same_source_cyclic_next_latent,False
validation,reid,69,149,2.1799738533445634e-05,0.00010818660666700453,0.798498730988535,2.1966174244880676e-05,19,1,1,same_source_cyclic_next_latent,False
validation,reid,69,175,3.115330764558166e-05,0.0001500365324318409,0.7923618525392535,3.103104609181173e-05,19,1,1,same_source_cyclic_next_latent,False
validation,reid,69,199,4.1015631722984836e-05,0.00019486209203023463,0.789514567478723,4.092756353202276e-05,19,1,1,same_source_cyclic_next_latent,False
validation,reid,19,0,2.911198215826971e-08,0.0,,1.7914629779625102e-08,41,1,1,same_source_cyclic_next_latent,False
validation,reid,19,5,1.4513972246277262e-08,9.762278807556868e-08,0.8513259810297349,8.904311066260107e-09,41,1,1,same_source_cyclic_next_latent,False
validation,reid,19,10,4.8755282477941364e-08,3.94468059994324e-07,0.8764024583418923,4.1612768342247364e-08,41,1,1,same_source_cyclic_next_latent,False
validation,reid,19,25,4.124925112591882e-07,2.5457179617660586e-06,0.8379661386475716,4.049631741054327e-07,41,1,1,same_source_cyclic_next_latent,False
validation,reid,19,50,1.9901233372365823e-06,1.0593883416731842e-05,0.812144115717433,2.036235855484847e-06,41,1,1,same_source_cyclic_next_latent,False
validation,reid,19,75,5.074808086646954e-06,2.450023021083325e-05,0.7928669223523039,5.339635663403897e-06,41,1,1,same_source_cyclic_next_latent,False
validation,reid,19,100,1.0009882316808216e-05,4.4587679440155625e-05,0.7755011599057715,1.080749643733725e-05,41,1,1,same_source_cyclic_next_latent,False
validation,reid,19,125,1.7057693185051903e-05,7.122715760488063e-05,0.7605170028028315,1.9019465980818495e-05,41,1,1,same_source_cyclic_next_latent,False
validation,reid,19,149,2.6056142814923078e-05,0.0001033735170494765,0.747941798261037,2.9738470402662642e-05,41,1,1,same_source_cyclic_next_latent,False
validation,reid,19,175,3.861411823891103e-05,0.00014598786947317421,0.7354977617095335,4.415428702486679e-05,41,1,1,same_source_cyclic_next_latent,False
validation,reid,19,199,5.3178868256509304e-05,0.00019308346963953227,0.7245809371678011,5.964714728179388e-05,41,1,1,same_source_cyclic_next_latent,False
validation,depablo_low_temp,161,0,5.349999909753933e-08,0.0,,4.8913349814938556e-08,47,1,1,same_source_cyclic_next_latent,False
validation,depablo_low_temp,161,5,2.688617328772125e-08,1.0447118370393582e-07,0.7426450784369896,2.320870251537599e-08,47,1,1,same_source_cyclic_next_latent,False
validation,depablo_low_temp,161,10,2.653860065038316e-08,4.179090637990157e-07,0.9364967095732906,2.7809024416569628e-08,47,1,1,same_source_cyclic_next_latent,False
validation,depablo_low_temp,161,25,4.1571858844235976e-08,2.613081051094923e-06,0.9840908651391366,8.471733536907777e-08,47,1,1,same_source_cyclic_next_latent,False
validation,depablo_low_temp,161,50,1.201863000233061e-07,1.0458379620104097e-05,0.9885081337273058,2.938149918918498e-07,47,1,1,same_source_cyclic_next_latent,False
validation,depablo_low_temp,161,75,2.8540051744130324e-07,2.353832132939715e-05,0.9878750691925994,6.207996534612903e-07,47,1,1,same_source_cyclic_next_latent,False
validation,depablo_low_temp,161,100,5.03431351717154e-07,4.185446596238762e-05,0.9879718605854496,1.011508516057802e-06,47,1,1,same_source_cyclic_next_latent,False
validation,depablo_low_temp,161,125,7.995009809746989e-07,6.540835602208972e-05,0.987776776094102,1.503447947470704e-06,47,1,1,same_source_cyclic_next_latent,False
validation,depablo_low_temp,161,149,1.2121892041250248e-06,9.295123163610697e-05,0.9869588688305864,2.128448386429227e-06,47,1,1,same_source_cyclic_next_latent,False
validation,depablo_low_temp,161,175,1.8693137917580316e-06,0.00012823649740312248,0.9854229191407055,3.0599644560425077e-06,47,1,1,same_source_cyclic_next_latent,False
validation,depablo_low_temp,161,199,2.7209932795813074e-06,0.00016584270633757114,0.9835929276621743,4.251416612532921e-06,47,1,1,same_source_cyclic_next_latent,False
validation,depablo_low_temp,47,0,5.719894247135926e-08,0.0,,1.7296043708370235e-08,191,1,1,same_source_cyclic_next_latent,False
validation,depablo_low_temp,47,5,2.6979206424471158e-08,1.0193582511419663e-07,0.7353314559013291,7.56348139674401e-09,191,1,1,same_source_cyclic_next_latent,False
validation,depablo_low_temp,47,10,2.3760508227610444e-08,4.097973942407407e-07,0.9420188889399037,5.507805767024365e-08,191,1,1,same_source_cyclic_next_latent,False
validation,depablo_low_temp,47,25,5.4577053987259205e-08,2.571714503574185e-06,0.9787779499196323,3.682119427139696e-07,191,1,1,same_source_cyclic_next_latent,False
validation,depablo_low_temp,47,50,1.897239201298362e-07,1.0300798749085516e-05,0.9815816302452585,1.4970117945267702e-06,191,1,1,same_source_cyclic_next_latent,False
validation,depablo_low_temp,47,75,4.1105627701654157e-07,2.318746737728361e-05,0.9822724806323934,3.4344354844506597e-06,191,1,1,same_source_cyclic_next_latent,False
validation,depablo_low_temp,47,100,7.264569603648852e-07,4.123131657252088e-05,0.9823809419452533,5.893922661925899e-06,191,1,1,same_source_cyclic_next_latent,False
validation,depablo_low_temp,47,125,1.1424699550843798e-06,6.443101301556453e-05,0.9822683223247104,8.750396773393732e-06,191,1,1,same_source_cyclic_next_latent,False
validation,depablo_low_temp,47,149,1.6037732848417363e-06,9.155587758868933e-05,0.9824831203951032,1.1961348718614317e-05,191,1,1,same_source_cyclic_next_latent,False
validation,depablo_low_temp,47,175,2.157079961762065e-06,0.00012630049604922533,0.9829210491705326,1.6141088053700514e-05,191,1,1,same_source_cyclic_next_latent,False
validation,depablo_low_temp,47,199,2.748676024566521e-06,0.00016332407540176064,0.9831704173569937,2.075461088679731e-05,191,1,1,same_source_cyclic_next_latent,False
validation,depablo_low_temp,191,0,4.258282970681648e-08,0.0,,9.669849987403722e-08,66,1,1,same_source_cyclic_next_latent,False
validation,depablo_low_temp,191,5,1.2800986937122616e-08,1.0844533449017035e-07,0.8819590810678636,6.317777945241687e-08,66,1,1,same_source_cyclic_next_latent,False
validation,depablo_low_temp,191,10,1.5374030937209682e-08,4.3661586346388503e-07,0.964788198909586,1.3858966951829643e-07,66,1,1,same_source_cyclic_next_latent,False
validation,depablo_low_temp,191,25,4.146321330722458e-08,2.7436412892711814e-06,0.9848875239378546,1.1351628472766606e-06,66,1,1,same_source_cyclic_next_latent,False
validation,depablo_low_temp,191,50,1.2856048670073505e-07,1.0999379810527898e-05,0.9883120240490573,5.26767507835757e-06,66,1,1,same_source_cyclic_next_latent,False
validation,depablo_low_temp,191,75,3.0136376949485566e-07,2.4769382434897125e-05,0.9878332142399211,1.2529879313660786e-05,66,1,1,same_source_cyclic_next_latent,False
validation,depablo_low_temp,191,100,5.383417374105193e-07,4.4057222112314776e-05,0.9877808515471509,2.360634425713215e-05,66,1,1,same_source_cyclic_next_latent,False
validation,depablo_low_temp,191,125,8.51505035370792e-07,6.886258779559284e-05,0.9876347220946976,3.920087328879163e-05,66,1,1,same_source_cyclic_next_latent,False
validation,depablo_low_temp,191,149,1.2548749737106846e-06,9.78677489911206e-05,0.9871778498366757,5.859896191395819e-05,66,1,1,same_source_cyclic_next_latent,False
validation,depablo_low_temp,191,175,1.8429345800541341e-06,0.00013503755326382816,0.9863524291168582,8.401949889957905e-05,66,1,1,same_source_cyclic_next_latent,False
validation,depablo_low_temp,191,199,2.5726878902787575e-06,0.00017463676340412349,0.9852683487707262,0.00011065519356634468,66,1,1,same_source_cyclic_next_latent,False
validation,depablo_low_temp,66,0,9.587250815457082e-08,0.0,,8.539352336356387e-08,118,1,1,same_source_cyclic_next_latent,False
validation,depablo_low_temp,66,5,4.263888087052692e-08,9.862818473038715e-08,0.5676805673034966,4.35940670229229e-08,118,1,1,same_source_cyclic_next_latent,False
validation,depablo_low_temp,66,10,2.961840195325749e-08,4.0102668208419345e-07,0.9261435628189965,5.6027886330412e-08,118,1,1,same_source_cyclic_next_latent,False
validation,depablo_low_temp,66,25,1.1534530131029896e-07,2.543989467085339e-06,0.9546596781147642,3.162585642257909e-07,118,1,1,same_source_cyclic_next_latent,False
validation,depablo_low_temp,66,50,4.7467671038248227e-07,1.0273105544911232e-05,0.9537942340505191,1.3628409760713112e-06,118,1,1,same_source_cyclic_next_latent,False
validation,depablo_low_temp,66,75,1.1429049209255027e-06,2.325402783753816e-05,0.9508513136343395,3.1581664643454133e-06,118,1,1,same_source_cyclic_next_latent,False
validation,depablo_low_temp,66,100,2.137371438948321e-06,4.156100476393476e-05,0.9485726716404349,5.6927692639874294e-06,118,1,1,same_source_cyclic_next_latent,False
validation,depablo_low_temp,66,125,3.520510745147476e-06,6.526274955831468e-05,0.9460563526824476,8.975215678219683e-06,118,1,1,same_source_cyclic_next_latent,False
validation,depablo_low_temp,66,149,5.283316568238661e-06,9.317624062532559e-05,0.943297598907391,1.2867614714195952e-05,118,1,1,same_source_cyclic_next_latent,False
validation,depablo_low_temp,66,175,7.700954483880196e-06,0.0001292074884986505,0.94039854366521,1.7936639778781682e-05,118,1,1,same_source_cyclic_next_latent,False
validation,depablo_low_temp,66,199,1.0393608135927934e-05,0.00016791837697383016,0.9381032122675426,2.3444956241291948e-05,118,1,1,same_source_cyclic_next_latent,False
validation,depablo_low_temp,118,0,7.392338119416308e-08,0.0,,1.8549154390257172e-07,98,1,1,same_source_cyclic_next_latent,False
validation,depablo_low_temp,118,5,3.0057300648422824e-08,9.106263831881733e-08,0.6699271929373505,1.5128281916076958e-07,98,1,1,same_source_cyclic_next_latent,False
validation,depablo_low_temp,118,10,2.005536003935049e-08,3.5658808883454185e-07,0.9437576277298027,2.5536911607559887e-07,98,1,1,same_source_cyclic_next_latent,False
validation,depablo_low_temp,118,25,7.158520531902468e-08,2.1927392026555026e-06,0.9673535251103589,1.5480325146199903e-06,98,1,1,same_source_cyclic_next_latent,False
validation,depablo_low_temp,118,50,3.064192242163699e-07,8.724763574718963e-06,0.9648793664616591,5.961755505268229e-06,98,1,1,same_source_cyclic_next_latent,False
validation,depablo_low_temp,118,75,7.501147365474026e-07,1.959523251571227e-05,0.9617195286687245,1.1604700375755783e-05,98,1,1,same_source_cyclic_next_latent,False
validation,depablo_low_temp,118,100,1.444923668714182e-06,3.4804885217454284e-05,0.9584850327852951,1.7976490198634565e-05,98,1,1,same_source_cyclic_next_latent,False
validation,depablo_low_temp,118,125,2.3893296656751772e-06,5.435306957224384e-05,0.9560405753625492,2.74685698968824e-05,98,1,1,same_source_cyclic_next_latent,False
validation,depablo_low_temp,118,149,3.491482630124665e-06,7.720248686382547e-05,0.9547749979054022,4.0846247429726645e-05,98,1,1,same_source_cyclic_next_latent,False
validation,depablo_low_temp,118,175,4.8783394959173165e-06,0.0001064735115505755,0.9541825997389024,5.7391451264265925e-05,98,1,1,same_source_cyclic_next_latent,False
validation,depablo_low_temp,118,199,6.35723017694545e-06,0.0001376654690830037,0.9538211708477713,6.991031114012003e-05,98,1,1,same_source_cyclic_next_latent,False
validation,depablo_low_temp,98,0,1.4631379485763318e-07,0.0,,6.681754172177534e-08,2,1,1,same_source_cyclic_next_latent,False
validation,depablo_low_temp,98,5,7.473224172827031e-08,1.139613132750128e-07,0.34423148013461746,2.0565961378338216e-08,2,1,1,same_source_cyclic_next_latent,False
validation,depablo_low_temp,98,10,7.028404525044607e-08,5.0763196668413e-07,0.8615452732231503,5.060441665705184e-08,2,1,1,same_source_cyclic_next_latent,False
validation,depablo_low_temp,98,25,3.2684522466297494e-07,3.5328100693732267e-06,0.9074829333463256,4.1823068386293016e-07,2,1,1,same_source_cyclic_next_latent,False
validation,depablo_low_temp,98,50,1.511525738351338e-06,1.4838107745163143e-05,0.8981321766689517,1.5571715721307555e-06,2,1,1,same_source_cyclic_next_latent,False
validation,depablo_low_temp,98,75,3.6411299788596807e-06,3.409271812415682e-05,0.8931991880025631,3.5262874007457867e-06,2,1,1,same_source_cyclic_next_latent,False
validation,depablo_low_temp,98,100,6.545749329234241e-06,6.142582424217835e-05,0.8934365242959236,6.345183919620467e-06,2,1,1,same_source_cyclic_next_latent,False
validation,depablo_low_temp,98,125,1.0344868314859923e-05,9.695556218503043e-05,0.8933029928172895,1.0075536010845099e-05,2,1,1,same_source_cyclic_next_latent,False
validation,depablo_low_temp,98,149,1.512736616859911e-05,0.0001388805831084028,0.8910764497813817,1.4672888937639073e-05,2,1,1,same_source_cyclic_next_latent,False
validation,depablo_low_temp,98,175,2.184820914408192e-05,0.00019302488362882286,0.8868114372958518,2.117905933118891e-05,2,1,1,same_source_cyclic_next_latent,False
validation,depablo_low_temp,98,199,2.9793049179716036e-05,0.00025115665630437434,0.8813766291600486,2.9360286134760827e-05,2,1,1,same_source_cyclic_next_latent,False
validation,depablo_low_temp,2,0,7.716494110354688e-08,0.0,,1.3341575311187626e-07,136,1,1,same_source_cyclic_next_latent,False
validation,depablo_low_temp,2,5,2.9116955957420032e-08,9.775605747108784e-08,0.7021467854712573,6.575168498557105e-08,136,1,1,same_source_cyclic_next_latent,False
validation,depablo_low_temp,2,10,3.248747404427377e-08,4.147042602653528e-07,0.9216611036899252,5.6846495510853856e-08,136,1,1,same_source_cyclic_next_latent,False
validation,depablo_low_temp,2,25,2.388933637575974e-07,2.7603841772361193e-06,0.9134564798162286,2.977425594963279e-07,136,1,1,same_source_cyclic_next_latent,False
validation,depablo_low_temp,2,50,1.1823447039205348e-06,1.143445297202561e-05,0.8965980526735173,1.4546850479746354e-06,136,1,1,same_source_cyclic_next_latent,False
validation,depablo_low_temp,2,75,3.078673444179003e-06,2.6147068638238125e-05,0.8822555030250437,3.4895981571025914e-06,136,1,1,same_source_cyclic_next_latent,False
validation,depablo_low_temp,2,100,5.955802862445125e-06,4.6995002776384354e-05,0.8732673154466117,6.1879504755779635e-06,136,1,1,same_source_cyclic_next_latent,False
validation,depablo_low_temp,2,125,9.81840003078105e-06,7.407462544506416e-05,0.8674525862022393,9.469687029195484e-06,136,1,1,same_source_cyclic_next_latent,False
validation,depablo_low_temp,2,149,1.4463066690950654e-05,0.00010602713882690296,0.863590898981414,1.329687347606523e-05,136,1,1,same_source_cyclic_next_latent,False
validation,depablo_low_temp,2,175,2.0417610357981175e-05,0.0001473280426580459,0.8614139576579373,1.8356660802965052e-05,136,1,1,same_source_cyclic_next_latent,False
validation,depablo_low_temp,2,199,2.644662163220346e-05,0.00019171855819877237,0.8620549732864995,2.3886992494226433e-05,136,1,1,same_source_cyclic_next_latent,False
validation,depablo_low_temp,136,0,1.2728439457987406e-07,0.0,,7.38008409939539e-08,131,1,1,same_source_cyclic_next_latent,False
validation,depablo_low_temp,136,5,5.702631966642002e-08,1.0771704950229832e-07,0.4705915179638923,6.589103662690832e-08,131,1,1,same_source_cyclic_next_latent,False
validation,depablo_low_temp,136,10,4.951465726321658e-08,4.807949380847276e-07,0.897015019624664,1.9388924954455433e-07,131,1,1,same_source_cyclic_next_latent,False
validation,depablo_low_temp,136,25,2.983967419822875e-07,3.323550799905206e-06,0.9102174872757178,1.705627028059098e-06,131,1,1,same_source_cyclic_next_latent,False
validation,depablo_low_temp,136,50,1.3014007436140673e-06,1.3947767911304254e-05,0.9066946946715883,8.163038728525862e-06,131,1,1,same_source_cyclic_next_latent,False
validation,depablo_low_temp,136,75,2.9905295377830043e-06,3.2096784707391635e-05,0.9068277534635951,1.962465285032522e-05,131,1,1,same_source_cyclic_next_latent,False
validation,depablo_low_temp,136,100,5.298380983731477e-06,5.795686229248531e-05,0.9085806102305427,3.650726648629643e-05,131,1,1,same_source_cyclic_next_latent,False
validation,depablo_low_temp,136,125,8.314161277667154e-06,9.172131103696302e-05,0.9093540946627267,5.8903853641822934e-05,131,1,1,same_source_cyclic_next_latent,False
validation,depablo_low_temp,136,149,1.2112462172808591e-05,0.0001317478745477274,0.9080633200771623,8.552350482204929e-05,131,1,1,same_source_cyclic_next_latent,False
validation,depablo_low_temp,136,175,1.750684532453306e-05,0.00018373868078924716,0.9047187818627377,0.00012020510621368885,131,1,1,same_source_cyclic_next_latent,False
validation,depablo_low_temp,136,199,2.3987688109627925e-05,0.00023986533051356673,0.8999951845551469,0.00015787898155394942,131,1,1,same_source_cyclic_next_latent,False
validation,depablo_low_temp,131,0,4.4595324766305566e-08,0.0,,2.593495196379081e-08,124,1,1,same_source_cyclic_next_latent,False
validation,depablo_low_temp,131,5,2.0714557180667725e-08,1.0976804531992457e-07,0.8112879106091933,2.1096065339065717e-08,124,1,1,same_source_cyclic_next_latent,False
validation,depablo_low_temp,131,10,2.252286002146775e-08,4.4147617472845013e-07,0.9489828414062855,1.1565565927185162e-07,124,1,1,same_source_cyclic_next_latent,False
validation,depablo_low_temp,131,25,3.8854825135103965e-08,2.7713413146557286e-06,0.9859797763163897,8.444634431725717e-07,124,1,1,same_source_cyclic_next_latent,False
validation,depablo_low_temp,131,50,9.27839920450424e-08,1.1105170415248722e-05,0.991644973595575,3.371138291186071e-06,124,1,1,same_source_cyclic_next_latent,False
validation,depablo_low_temp,131,75,2.0264107547518506e-07,2.5009072487591766e-05,0.9918972974477273,7.597648618684616e-06,124,1,1,same_source_cyclic_next_latent,False
validation,depablo_low_temp,131,100,3.472546268312726e-07,4.449032712727785e-05,0.9921948286458347,1.3608258086605929e-05,124,1,1,same_source_cyclic_next_latent,False
validation,depablo_low_temp,131,125,5.322239644556248e-07,6.955634307814762e-05,0.9923483043975204,2.1489620849024504e-05,124,1,1,same_source_cyclic_next_latent,False
validation,depablo_low_temp,131,149,7.617898063472239e-07,9.887514170259237e-05,0.9922954365148864,3.103126073256135e-05,124,1,1,same_source_cyclic_next_latent,False
validation,depablo_low_temp,131,175,1.0930851885859738e-06,0.00013646083243656904,0.9919897514248708,4.3953310523647815e-05,124,1,1,same_source_cyclic_next_latent,False
validation,depablo_low_temp,131,199,1.5132945918594487e-06,0.00017653404211159796,0.9914277463215689,5.871438406757079e-05,124,1,1,same_source_cyclic_next_latent,False
validation,depablo_low_temp,124,0,7.1126002865185e-08,0.0,,1.6696175464403495e-07,105,1,1,same_source_cyclic_next_latent,False
validation,depablo_low_temp,124,5,2.8448555511317863e-08,9.75659233404258e-08,0.708417093414311,1.1638384478374064e-07,105,1,1,same_source_cyclic_next_latent,False
validation,depablo_low_temp,124,10,2.1549238837792473e-08,3.8968275362094573e-07,0.9447005579858072,1.8479242669400264e-07,105,1,1,same_source_cyclic_next_latent,False
validation,depablo_low_temp,124,25,8.22258314769897e-08,2.429540245429962e-06,0.9661558059671335,1.248173248313833e-06,105,1,1,same_source_cyclic_next_latent,False
validation,depablo_low_temp,124,50,3.508545205477276e-07,9.734014383866452e-06,0.9639558247284647,4.282047029846581e-06,105,1,1,same_source_cyclic_next_latent,False
validation,depablo_low_temp,124,75,8.315811328429845e-07,2.1937737983535044e-05,0.9620935789520728,7.86235341365682e-06,105,1,1,same_source_cyclic_next_latent,False
validation,depablo_low_temp,124,100,1.501860992902948e-06,3.905228732037358e-05,0.9615423040248035,1.2691666597675066e-05,105,1,1,same_source_cyclic_next_latent,False
validation,depablo_low_temp,124,125,2.3332290766120423e-06,6.109093374107033e-05,0.9618072775495417,1.954342042154167e-05,105,1,1,same_source_cyclic_next_latent,False
validation,depablo_low_temp,124,149,3.2714533517719246e-06,8.68887800606899e-05,0.9623489551874604,2.8228130759089254e-05,105,1,1,same_source_cyclic_next_latent,False
validation,depablo_low_temp,124,175,4.49321396445157e-06,0.00011998012632830068,0.9625503481121797,3.903101969626732e-05,105,1,1,same_source_cyclic_next_latent,False
validation,depablo_low_temp,124,199,5.920356215938227e-06,0.00015528261428698897,0.9618736698688213,4.847328818868846e-05,105,1,1,same_source_cyclic_next_latent,False
validation,depablo_low_temp,105,0,1.1811744826673021e-07,0.0,,8.537084283943841e-08,96,1,1,same_source_cyclic_next_latent,False
validation,depablo_low_temp,105,5,5.1506557241509654e-08,1.102623485849108e-07,0.5328726632206142,7.789342504338492e-08,96,1,1,same_source_cyclic_next_latent,False
validation,depablo_low_temp,105,10,4.6537842024463316e-08,4.893034883934888e-07,0.904889617326745,2.0988842663882679e-07,96,1,1,same_source_cyclic_next_latent,False
validation,depablo_low_temp,105,25,2.366431033351546e-07,3.356824890943244e-06,0.9295038880420541,1.6174590200535022e-06,96,1,1,same_source_cyclic_next_latent,False
validation,depablo_low_temp,105,50,9.417836963621085e-07,1.4006071069161408e-05,0.9327588949312324,7.03267915014294e-06,96,1,1,same_source_cyclic_next_latent,False
validation,depablo_low_temp,105,75,2.1943683350400534e-06,3.212118099327199e-05,0.9316846931780098,1.618597343622241e-05,96,1,1,same_source_cyclic_next_latent,False
validation,depablo_low_temp,105,100,4.1173530007654335e-06,5.7851128076436e-05,0.928828475127998,2.9512400942621753e-05,96,1,1,same_source_cyclic_next_latent,False
validation,depablo_low_temp,105,125,6.729787855874747e-06,9.133149433182552e-05,0.9263147077017695,4.729541251435876e-05,96,1,1,same_source_cyclic_next_latent,False
validation,depablo_low_temp,105,149,9.971779945772141e-06,0.00013090895663481206,0.923826602838263,6.857263360871002e-05,96,1,1,same_source_cyclic_next_latent,False
validation,depablo_low_temp,105,175,1.4540082702296786e-05,0.00018214789452031255,0.9201743026424315,9.616676106816158e-05,96,1,1,same_source_cyclic_next_latent,False
validation,depablo_low_temp,105,199,2.016190228459891e-05,0.00023727492953184992,0.9150272541461548,0.00012573765707202256,96,1,1,same_source_cyclic_next_latent,False
validation,depablo_low_temp,96,0,5.335532193839754e-08,0.0,,4.4454111503000604e-08,152,1,1,same_source_cyclic_next_latent,False
validation,depablo_low_temp,96,5,2.2244783792757516e-08,1.028129190672189e-07,0.7836382431840699,2.071270444048423e-08,152,1,1,same_source_cyclic_next_latent,False
validation,depablo_low_temp,96,10,1.719405062772239e-08,4.112499141228909e-07,0.9581907496214469,1.0076354328703019e-07,152,1,1,same_source_cyclic_next_latent,False
validation,depablo_low_temp,96,25,3.5024292799334944e-08,2.5721096790221054e-06,0.9863830484815675,8.116882099784561e-07,152,1,1,same_source_cyclic_next_latent,False
validation,depablo_low_temp,96,50,1.0944775397092599e-07,1.0294354979123455e-05,0.9893681775892825,3.150062639178941e-06,152,1,1,same_source_cyclic_next_latent,False
validation,depablo_low_temp,96,75,2.494010971076932e-07,2.3167545805335976e-05,0.9892348935358423,6.792729891458293e-06,152,1,1,same_source_cyclic_next_latent,False
validation,depablo_low_temp,96,100,4.685984720254055e-07,4.1188621253240854e-05,0.9886231085730132,1.2122300176997669e-05,152,1,1,same_source_cyclic_next_latent,False
validation,depablo_low_temp,96,125,7.824798444744374e-07,6.43616949673742e-05,0.9878424605680275,1.952595448528882e-05,152,1,1,same_source_cyclic_next_latent,False
validation,depablo_low_temp,96,149,1.1868914953083731e-06,9.145318472292274e-05,0.9870218680857936,2.8862845283583738e-05,152,1,1,same_source_cyclic_next_latent,False
validation,depablo_low_temp,96,175,1.7643410501477774e-06,0.0001261606375919655,0.9860151225943063,4.173547858954407e-05,152,1,1,same_source_cyclic_next_latent,False
validation,depablo_low_temp,96,199,2.457693653923343e-06,0.00016314847744069993,0.9849358468281345,5.633353430312127e-05,152,1,1,same_source_cyclic_next_latent,False
validation,depablo_low_temp,152,0,9.009869472720311e-08,0.0,,5.705997807581298e-08,70,1,1,same_source_cyclic_next_latent,False
validation,depablo_low_temp,152,5,3.322917407899695e-08,1.051594082923657e-07,0.6840114011804562,4.587518631637977e-08,70,1,1,same_source_cyclic_next_latent,False
validation,depablo_low_temp,152,10,2.9141739688043344e-08,4.5047485741633864e-07,0.9353088430835332,1.5054750690524088e-07,70,1,1,same_source_cyclic_next_latent,False
validation,depablo_low_temp,152,25,1.554471111830935e-07,3.0113294542388758e-06,0.9483792412801995,1.2963873814442195e-06,70,1,1,same_source_cyclic_next_latent,False
validation,depablo_low_temp,152,50,6.008665991430462e-07,1.2442545994417742e-05,0.9517087098241291,5.977685304969782e-06,70,1,1,same_source_cyclic_next_latent,False
validation,depablo_low_temp,152,75,1.3818749948768527e-06,2.840685374394525e-05,0.9513541694080996,1.3874991054763086e-05,70,1,1,same_source_cyclic_next_latent,False
validation,depablo_low_temp,152,100,2.499194124538917e-06,5.09941964992322e-05,0.95099061665622,2.5199355150107294e-05,70,1,1,same_source_cyclic_next_latent,False
validation,depablo_low_temp,152,125,3.973752427555155e-06,8.029223681660369e-05,0.9505088837339076,4.01833895011805e-05,70,1,1,same_source_cyclic_next_latent,False
validation,depablo_low_temp,152,149,5.802937721455237e-06,0.00011480825196485966,0.9494553952164397,5.805044565931894e-05,70,1,1,same_source_cyclic_next_latent,False
validation,depablo_low_temp,152,175,8.35627088235924e-06,0.00015935282863210887,0.9475612014289937,8.128165791276842e-05,70,1,1,same_source_cyclic_next_latent,False
validation,depablo_low_temp,152,199,1.1387153790565208e-05,0.00020716806466225535,0.9450342222913092,0.00010647247836459428,70,1,1,same_source_cyclic_next_latent,False
validation,depablo_low_temp,70,0,4.005512010962775e-08,0.0,,1.2975505114809494e-07,169,1,1,same_source_cyclic_next_latent,False
validation,depablo_low_temp,70,5,1.2163284601740543e-08,1.0842899200724787e-07,0.8878225797678955,1.0401555528005701e-07,169,1,1,same_source_cyclic_next_latent,False
validation,depablo_low_temp,70,10,1.0690372143074e-08,4.3581886188803765e-07,0.9754706069930944,2.639848446506221e-07,169,1,1,same_source_cyclic_next_latent,False
validation,depablo_low_temp,70,25,1.9837978371128884e-08,2.733828068812727e-06,0.9927435164641703,2.147628492821241e-06,169,1,1,same_source_cyclic_next_latent,False
validation,depablo_low_temp,70,50,5.3179398662450694e-08,1.095371408155188e-05,0.9951450806305037,8.853477993397973e-06,169,1,1,same_source_cyclic_next_latent,False
validation,depablo_low_temp,70,75,1.1817714096196141e-07,2.4661450879648328e-05,0.9952080215580712,1.9762424926739186e-05,169,1,1,same_source_cyclic_next_latent,False
validation,depablo_low_temp,70,100,2.1857263732272258e-07,4.38588103861548e-05,0.9950164485676127,3.590141568565741e-05,169,1,1,same_source_cyclic_next_latent,False
validation,depablo_low_temp,70,125,3.595957878133049e-07,6.854946695966646e-05,0.9947542146750041,5.8639485359890386e-05,169,1,1,same_source_cyclic_next_latent,False
validation,depablo_low_temp,70,149,5.342926669982262e-07,9.742454858496785e-05,0.9945158312277707,8.592500671511516e-05,169,1,1,same_source_cyclic_next_latent,False
validation,depablo_low_temp,70,175,7.767167744532344e-07,0.0001344185438938439,0.9942216546024584,0.00011751046986319125,169,1,1,same_source_cyclic_next_latent,False
validation,depablo_low_temp,70,199,1.0824724085978232e-06,0.00017384615784976631,0.9937733889434975,0.00014437026402447373,169,1,1,same_source_cyclic_next_latent,False
validation,depablo_low_temp,169,0,1.1045935366382764e-07,0.0,,8.225278236295708e-08,168,1,1,same_source_cyclic_next_latent,False
validation,depablo_low_temp,169,5,4.540998688185027e-08,1.0561949181919772e-07,0.5700605437528112,2.3480575706003037e-08,168,1,1,same_source_cyclic_next_latent,False
validation,depablo_low_temp,169,10,3.972544604380346e-08,4.714396197869064e-07,0.9157358771378621,4.250692597906891e-08,168,1,1,same_source_cyclic_next_latent,False
validation,depablo_low_temp,169,25,2.2838678148673353e-07,3.285299726485391e-06,0.9304822084738487,3.5737059533857973e-07,168,1,1,same_source_cyclic_next_latent,False
validation,depablo_low_temp,169,50,1.1882887065439718e-06,1.3894406947656535e-05,0.9144771913604854,1.5356682752099005e-06,168,1,1,same_source_cyclic_next_latent,False
validation,depablo_low_temp,169,75,3.0369371870619943e-06,3.2073730835691094e-05,0.9053138781197683,3.863387064484414e-06,168,1,1,same_source_cyclic_next_latent,False
validation,depablo_low_temp,169,100,5.6370631682511885e-06,5.797980338684283e-05,0.9027754004158905,7.378136160696158e-06,168,1,1,same_source_cyclic_next_latent,False
validation,depablo_low_temp,169,125,9.017246156872716e-06,9.178016625810415e-05,0.9017516907572991,1.2004268683085684e-05,168,1,1,same_source_cyclic_next_latent,False
validation,depablo_low_temp,169,149,1.3020050573686603e-05,0.00013181191752664745,0.9012225084195863,1.7473705156589858e-05,168,1,1,same_source_cyclic_next_latent,False
validation,depablo_low_temp,169,175,1.8134984202333726e-05,0.00018371574697084725,0.9012878073798897,2.4701421352801844e-05,168,1,1,same_source_cyclic_next_latent,False
validation,depablo_low_temp,169,199,2.4218492399086244e-05,0.00023968475579749793,0.8989568931136043,3.298450246802531e-05,168,1,1,same_source_cyclic_next_latent,False
validation,depablo_low_temp,168,0,1.2158265860762185e-07,0.0,,8.458484046514059e-08,126,1,1,same_source_cyclic_next_latent,False
validation,depablo_low_temp,168,5,5.46253531297225e-08,1.0086985469115461e-07,0.45845710497972336,7.898593423760758e-08,126,1,1,same_source_cyclic_next_latent,False
validation,depablo_low_temp,168,10,3.916085944410952e-08,4.353984195404337e-07,0.9100574148031035,1.7507777272385283e-07,126,1,1,same_source_cyclic_next_latent,False
validation,depablo_low_temp,168,25,1.8557166470145603e-07,2.9493130568880588e-06,0.9370796991970529,1.2198663625895279e-06,126,1,1,same_source_cyclic_next_latent,False
validation,depablo_low_temp,168,50,9.094104598261765e-07,1.232679915119661e-05,0.9262249308460667,5.263092589302687e-06,126,1,1,same_source_cyclic_next_latent,False
validation,depablo_low_temp,168,75,2.1684511466446565e-06,2.83126955764601e-05,0.9234106430880583,1.2013738341920543e-05,126,1,1,same_source_cyclic_next_latent,False
validation,depablo_low_temp,168,100,3.859335265588015e-06,5.1012531912419945e-05,0.9243453496444001,2.179660805268213e-05,126,1,1,same_source_cyclic_next_latent,False
validation,depablo_low_temp,168,125,6.033895260770805e-06,8.052563498495147e-05,0.9250686410371255,3.4918764868052676e-05,126,1,1,same_source_cyclic_next_latent,False
validation,depablo_low_temp,168,149,8.683882697368972e-06,0.00011536414240254089,0.9247263272926848,5.070836050435901e-05,126,1,1,same_source_cyclic_next_latent,False
validation,depablo_low_temp,168,175,1.21701268653851e-05,0.00016040148329921067,0.9241270927483687,7.12506880518049e-05,126,1,1,same_source_cyclic_next_latent,False
validation,depablo_low_temp,168,199,1.585006612003781e-05,0.00020880624651908875,0.9240919925324704,9.336670336779207e-05,126,1,1,same_source_cyclic_next_latent,False
validation,depablo_low_temp,126,0,4.917946583304911e-08,0.0,,1.2318180608872353e-07,196,1,1,same_source_cyclic_next_latent,False
validation,depablo_low_temp,126,5,1.9399918116391746e-08,9.771910924882832e-08,0.8014726263315345,1.1184942394493191e-07,196,1,1,same_source_cyclic_next_latent,False
validation,depablo_low_temp,126,10,1.4308976226118375e-08,3.9022279452183284e-07,0.9633312650439805,1.386034682582249e-07,196,1,1,same_source_cyclic_next_latent,False
validation,depablo_low_temp,126,25,3.290174532821766e-08,2.4379485239478527e-06,0.9865043314060878,3.571424542769819e-07,196,1,1,same_source_cyclic_next_latent,False
validation,depablo_low_temp,126,50,1.120396007081581e-07,9.75643615674926e-06,0.9885163394801029,9.80661411631445e-07,196,1,1,same_source_cyclic_next_latent,False
validation,depablo_low_temp,126,75,2.6375462880423584e-07,2.196334935433697e-05,0.9879911472267251,2.093421926474548e-06,196,1,1,same_source_cyclic_next_latent,False
validation,depablo_low_temp,126,100,4.974453986505978e-07,3.906751953763887e-05,0.9872670339827605,3.6303124488767935e-06,196,1,1,same_source_cyclic_next_latent,False
validation,depablo_low_temp,126,125,8.190006042241293e-07,6.107550143497065e-05,0.9865903580816909,5.238488483882975e-06,196,1,1,same_source_cyclic_next_latent,False
validation,depablo_low_temp,126,149,1.2179638133602566e-06,8.682875341037288e-05,0.985972805487557,6.595855211344315e-06,196,1,1,same_source_cyclic_next_latent,False
validation,depablo_low_temp,126,175,1.7675846493148129e-06,0.00011984851153101772,0.9852515093701656,7.762054337945301e-06,196,1,1,same_source_cyclic_next_latent,False
validation,depablo_low_temp,126,199,2.4171847599063767e-06,0.00015506899217143655,0.9844121979123069,8.624475412943866e-06,196,1,1,same_source_cyclic_next_latent,False
validation,depablo_low_temp,196,0,8.190423983478468e-08,0.0,,3.442575646772639e-08,138,1,1,same_source_cyclic_next_latent,False
validation,depablo_low_temp,196,5,4.488675386937757e-08,1.034447478787115e-07,0.5660799142552206,8.47134185022469e-09,138,1,1,same_source_cyclic_next_latent,False
validation,depablo_low_temp,196,10,3.632113632079381e-08,4.144339982303791e-07,0.9123596604625007,7.711746263794339e-08,138,1,1,same_source_cyclic_next_latent,False
validation,depablo_low_temp,196,25,6.893236559335492e-08,2.5973602078011027e-06,0.9734606061237412,6.326453103611129e-07,138,1,1,same_source_cyclic_next_latent,False
validation,depablo_low_temp,196,50,2.1136905559160368e-07,1.0403631677036174e-05,0.9796831469862436,2.2685915155307157e-06,138,1,1,same_source_cyclic_next_latent,False
validation,depablo_low_temp,196,75,4.6216652549446735e-07,2.342555126233492e-05,0.9802708367321299,4.825999440072337e-06,138,1,1,same_source_cyclic_next_latent,False
validation,depablo_low_temp,196,100,8.159124149642594e-07,4.167108636465855e-05,0.9804201789263589,8.60504496813519e-06,138,1,1,same_source_cyclic_next_latent,False
validation,depablo_low_temp,196,125,1.2686894024227513e-06,6.514642882393673e-05,0.9805255725398013,1.3907277207181323e-05,138,1,1,same_source_cyclic_next_latent,False
validation,depablo_low_temp,196,149,1.8185412500315579e-06,9.261621016776189e-05,0.9803647628559027,2.060054066532757e-05,138,1,1,same_source_cyclic_next_latent,False
validation,depablo_low_temp,196,175,2.630653852975229e-06,0.0001278405252378434,0.9794223791862481,2.97033093374921e-05,138,1,1,same_source_cyclic_next_latent,False
validation,depablo_low_temp,196,199,3.7159684325160924e-06,0.00016540929209440947,0.9775347056657787,3.991558696725406e-05,138,1,1,same_source_cyclic_next_latent,False
validation,depablo_low_temp,138,0,8.443571175575926e-08,0.0,,5.8104951961013285e-08,78,1,1,same_source_cyclic_next_latent,False
validation,depablo_low_temp,138,5,2.9113303767758225e-08,1.0271765660263554e-07,0.7165696265795531,5.074685915928967e-08,78,1,1,same_source_cyclic_next_latent,False
validation,depablo_low_temp,138,10,2.4001177933996587e-08,4.321907454141183e-07,0.944466238139831,1.6613495290584979e-07,78,1,1,same_source_cyclic_next_latent,False
validation,depablo_low_temp,138,25,1.20195934982803e-07,2.8179315449960995e-06,0.9573460415685969,1.4296720109996386e-06,78,1,1,same_source_cyclic_next_latent,False
validation,depablo_low_temp,138,50,5.183393909646838e-07,1.1502431334520224e-05,0.9549365368164309,6.378877969837049e-06,78,1,1,same_source_cyclic_next_latent,False
validation,depablo_low_temp,138,75,1.279736693504674e-06,2.6160945708397776e-05,0.9510821700496144,1.4667426512460224e-05,78,1,1,same_source_cyclic_next_latent,False
validation,depablo_low_temp,138,100,2.355413244004012e-06,4.6891502279322594e-05,0.9497688679289198,2.659035635588225e-05,78,1,1,same_source_cyclic_next_latent,False
validation,depablo_low_temp,138,125,3.762734877454932e-06,7.379020098596811e-05,0.9490076618957787,4.235730739310384e-05,78,1,1,same_source_cyclic_next_latent,False
validation,depablo_low_temp,138,149,5.497787697095191e-06,0.00010551540617598221,0.9478958770444783,6.117003795225173e-05,78,1,1,same_source_cyclic_next_latent,False
validation,depablo_low_temp,138,175,7.888443178671878e-06,0.0001465022942284122,0.9461548147063623,8.588081982452422e-05,78,1,1,same_source_cyclic_next_latent,False
validation,depablo_low_temp,138,199,1.0615064638841432e-05,0.0001905527024064213,0.9442932873436712,0.00011317749886075035,78,1,1,same_source_cyclic_next_latent,False
validation,depablo_low_temp,78,0,3.8893801956874086e-08,0.0,,1.1303090730052645e-07,161,1,1,same_source_cyclic_next_latent,False
validation,depablo_low_temp,78,5,1.385559222910615e-08,1.066432204765988e-07,0.8700752643516936,1.1287160361916904e-07,161,1,1,same_source_cyclic_next_latent,False
validation,depablo_low_temp,78,10,1.4943994486316114e-08,4.2946098233187513e-07,0.9652029052670311,1.6701379479400202e-07,161,1,1,same_source_cyclic_next_latent,False
validation,depablo_low_temp,78,25,3.269909853997888e-08,2.696686124181724e-06,0.987874340196006,5.276874048831814e-07,161,1,1,same_source_cyclic_next_latent,False
validation,depablo_low_temp,78,50,8.251932825942276e-08,1.080872243619524e-05,0.9923654873416778,1.4435377124755178e-06,161,1,1,same_source_cyclic_next_latent,False
validation,depablo_low_temp,78,75,1.9115738325581333e-07,2.434396810713224e-05,0.9921476489611483,2.8111467145208735e-06,161,1,1,same_source_cyclic_next_latent,False
validation,depablo_low_temp,78,100,3.6579550055648724e-07,4.330917363404296e-05,0.9915538563804654,4.757878741656896e-06,161,1,1,same_source_cyclic_next_latent,False
validation,depablo_low_temp,78,125,6.01439637648582e-07,6.771329935872927e-05,0.9911178506534988,6.954234322620323e-06,161,1,1,same_source_cyclic_next_latent,False
validation,depablo_low_temp,78,149,8.784932106209453e-07,9.626436803955585e-05,0.9908741601018981,8.960893865150865e-06,161,1,1,same_source_cyclic_next_latent,False
validation,depablo_low_temp,78,175,1.2432960829755757e-06,0.00013287020556163043,0.9906427774554855,1.0934587407973595e-05,161,1,1,same_source_cyclic_next_latent,False
validation,depablo_low_temp,78,199,1.667482138145715e-06,0.00017190758080687374,0.9903001244603691,1.2790707842214033e-05,161,1,1,same_source_cyclic_next_latent,False
validation,lj_noisy,15,0,8.173002896683101e-08,0.0,,1.2700422757916385e-07,79,1,1,same_source_cyclic_next_latent,False
validation,lj_noisy,15,5,2.6352905635462776e-08,9.055690952664008e-08,0.7089906692574324,7.278426750190192e-08,79,1,1,same_source_cyclic_next_latent,False
validation,lj_noisy,15,10,2.4328850045662875e-08,3.651525162240432e-07,0.9333734563922993,6.704079424935117e-08,79,1,1,same_source_cyclic_next_latent,False
validation,lj_noisy,15,25,2.2109246344825806e-07,2.382581669735373e-06,0.9072046653188538,2.695809371289215e-07,79,1,1,same_source_cyclic_next_latent,False
validation,lj_noisy,15,50,1.2558059552247869e-06,1.0002500857808627e-05,0.8744508025466031,1.3173905699659372e-06,79,1,1,same_source_cyclic_next_latent,False
validation,lj_noisy,15,75,3.5676860079547623e-06,2.3497006623074412e-05,0.8481642336325836,3.594328063627472e-06,79,1,1,same_source_cyclic_next_latent,False
validation,lj_noisy,15,100,8.055099897319451e-06,4.446260936674662e-05,0.818834296681116,8.070374860835727e-06,79,1,1,same_source_cyclic_next_latent,False
validation,lj_noisy,15,125,1.4879248737997841e-05,7.343651668634266e-05,0.7973862403965981,1.4823808669461869e-05,79,1,1,same_source_cyclic_next_latent,False
validation,lj_noisy,15,149,2.171255437133368e-05,0.00010652769560692832,0.7961792541589386,2.1203979486017488e-05,79,1,1,same_source_cyclic_next_latent,False
validation,lj_noisy,15,175,3.0346800485858694e-05,0.00015080551384016871,0.7987686277968473,2.902878259192221e-05,79,1,1,same_source_cyclic_next_latent,False
validation,lj_noisy,15,199,4.1662562580313534e-05,0.00020307757949922234,0.794844104981697,3.947190270991996e-05,79,1,1,same_source_cyclic_next_latent,False
validation,lj_noisy,79,0,1.2089435585949104e-07,0.0,,1.0933288052683565e-07,75,1,1,same_source_cyclic_next_latent,False
validation,lj_noisy,79,5,5.706008820993702e-08,1.0333684485885897e-07,0.4478243622797691,6.388327022932572e-08,75,1,1,same_source_cyclic_next_latent,False
validation,lj_noisy,79,10,4.1141245077369604e-08,4.55465340110095e-07,0.9096720618358689,6.743123748265134e-08,75,1,1,same_source_cyclic_next_latent,False
validation,lj_noisy,79,25,2.9620889563375385e-07,3.182375849064556e-06,0.9069220891300998,4.188488844647509e-07,75,1,1,same_source_cyclic_next_latent,False
validation,lj_noisy,79,50,1.6505855455761775e-06,1.3238345673016738e-05,0.8753178390755796,2.1487292087840615e-06,75,1,1,same_source_cyclic_next_latent,False
validation,lj_noisy,79,75,4.250116944604088e-06,3.0100934964139014e-05,0.8588044873135171,5.476189926412189e-06,75,1,1,same_source_cyclic_next_latent,False
validation,lj_noisy,79,100,8.056881597440224e-06,5.402554961619899e-05,0.8508690489096948,1.0309951903764158e-05,75,1,1,same_source_cyclic_next_latent,False
validation,lj_noisy,79,125,1.3407578080659732e-05,8.518932736478746e-05,0.8426143450664023,1.6439556929981336e-05,75,1,1,same_source_cyclic_next_latent,False
validation,lj_noisy,79,149,2.036232763202861e-05,0.0001221718266606331,0.8333304151325268,2.346369728911668e-05,75,1,1,same_source_cyclic_next_latent,False
validation,lj_noisy,79,175,3.0243243600125425e-05,0.00017011869931593537,0.8222226967303619,3.224782631150447e-05,75,1,1,same_source_cyclic_next_latent,False
validation,lj_noisy,79,199,4.159363015787676e-05,0.00022137924679555,0.8121159469103729,4.173354682279751e-05,75,1,1,same_source_cyclic_next_latent,False
validation,lj_noisy,75,0,6.756193471346705e-08,0.0,,6.076392367049266e-08,181,1,1,same_source_cyclic_next_latent,False
validation,lj_noisy,75,5,3.2141151962150616e-08,9.145860246917437e-08,0.6485715821758415,2.0673473599686076e-08,181,1,1,same_source_cyclic_next_latent,False
validation,lj_noisy,75,10,5.19391534226088e-08,3.9008332919365785e-07,0.866851132731121,5.173195916086115e-08,181,1,1,same_source_cyclic_next_latent,False
validation,lj_noisy,75,25,3.9183001376841275e-07,2.6733314371085726e-06,0.853430065449644,5.661365776177263e-07,181,1,1,same_source_cyclic_next_latent,False
validation,lj_noisy,75,50,1.9061609464188223e-06,1.1298255230940413e-05,0.831287140584435,2.9797727165714605e-06,181,1,1,same_source_cyclic_next_latent,False
validation,lj_noisy,75,75,4.7445737436646596e-06,2.6090825485880487e-05,0.8181516431424422,7.540030310337897e-06,181,1,1,same_source_cyclic_next_latent,False
validation,lj_noisy,75,100,8.859808986017015e-06,4.721252480521798e-05,0.8123419786895655,1.3990440493216738e-05,181,1,1,same_source_cyclic_next_latent,False
validation,lj_noisy,75,125,1.4404195098904893e-05,7.473392179235816e-05,0.8072602808276846,2.222968942078296e-05,181,1,1,same_source_cyclic_next_latent,False
validation,lj_noisy,75,149,2.088929250021465e-05,0.00010709988418966532,0.8049550411910681,3.143257345072925e-05,181,1,1,same_source_cyclic_next_latent,False
validation,lj_noisy,75,175,2.934986878244672e-05,0.00014858660870231688,0.8024729883885622,4.2632160329958424e-05,181,1,1,same_source_cyclic_next_latent,False
validation,lj_noisy,75,199,3.835911047644913e-05,0.00019195048662368208,0.8001614314651259,5.409931327449158e-05,181,1,1,same_source_cyclic_next_latent,False
validation,lj_noisy,181,0,9.668134026696862e-08,0.0,,8.420857255941883e-08,31,1,1,same_source_cyclic_next_latent,False
validation,lj_noisy,181,5,4.37041371981195e-08,8.917994165358323e-08,0.509933103927261,3.4940999427135466e-08,31,1,1,same_source_cyclic_next_latent,False
validation,lj_noisy,181,10,3.675239312883605e-08,3.5931097386310284e-07,0.897714248096306,3.492390376891308e-08,31,1,1,same_source_cyclic_next_latent,False
validation,lj_noisy,181,25,1.9653093374927266e-07,2.322475211258279e-06,0.915378673237681,2.4091511363621976e-07,31,1,1,same_source_cyclic_next_latent,False
validation,lj_noisy,181,50,1.0407584341010079e-06,9.647412298363633e-06,0.8921204565624775,1.3976680293126265e-06,31,1,1,same_source_cyclic_next_latent,False
validation,lj_noisy,181,75,2.697588342925883e-06,2.220537317043636e-05,0.8785164148235356,3.7759873521281406e-06,31,1,1,same_source_cyclic_next_latent,False
validation,lj_noisy,181,100,5.3257499530445784e-06,4.0102699131239206e-05,0.8671972194286562,7.747164090687875e-06,31,1,1,same_source_cyclic_next_latent,False
validation,lj_noisy,181,125,9.106312063522637e-06,6.356189987855032e-05,0.8567331674962148,1.3377593859331682e-05,31,1,1,same_source_cyclic_next_latent,False
validation,lj_noisy,181,149,1.3953976122138556e-05,9.170166595140472e-05,0.8478329049165458,2.0224690160830505e-05,31,1,1,same_source_cyclic_next_latent,False
validation,lj_noisy,181,175,2.039850915025454e-05,0.0001289811043534428,0.8418488564467772,2.849519114533905e-05,31,1,1,same_source_cyclic_next_latent,False
validation,lj_noisy,181,199,2.7529664293979295e-05,0.00016955948376562446,0.8376400795603242,3.664352334453724e-05,31,1,1,same_source_cyclic_next_latent,False
validation,lj_noisy,31,0,8.039054932851286e-08,0.0,,6.961861487297938e-08,142,1,1,same_source_cyclic_next_latent,False
validation,lj_noisy,31,5,2.8632603843448123e-08,1.0181967979860929e-07,0.7187910637699805,2.0954445290044532e-08,142,1,1,same_source_cyclic_next_latent,False
validation,lj_noisy,31,10,3.0448791932258246e-08,4.3096116542074014e-07,0.9293467848720625,4.088595417783836e-08,142,1,1,same_source_cyclic_next_latent,False
validation,lj_noisy,31,25,1.751190552568005e-07,2.8248798571439693e-06,0.9380083174815617,3.4098493983947264e-07,142,1,1,same_source_cyclic_next_latent,False
validation,lj_noisy,31,50,8.024900921554945e-07,1.1657663890218828e-05,0.931162014987513,1.4516682540488546e-06,142,1,1,same_source_cyclic_next_latent,False
validation,lj_noisy,31,75,2.1490525341505418e-06,2.6905094273388386e-05,0.9201246978615439,3.4419897474435857e-06,142,1,1,same_source_cyclic_next_latent,False
validation,lj_noisy,31,100,4.449032076081494e-06,4.89304875372909e-05,0.9090744380445668,6.733712325512897e-06,142,1,1,same_source_cyclic_next_latent,False
validation,lj_noisy,31,125,8.372859156224877e-06,7.90988706285134e-05,0.8941469190432835,1.2380409316392615e-05,142,1,1,same_source_cyclic_next_latent,False
validation,lj_noisy,31,149,1.5396570233860984e-05,0.00011739749606931582,0.8688509487053261,2.191623570979573e-05,142,1,1,same_source_cyclic_next_latent,False
validation,lj_noisy,31,175,3.069475496886298e-05,0.00017393942107446492,0.8235319240500272,4.106499909539707e-05,142,1,1,same_source_cyclic_next_latent,False
validation,lj_noisy,31,199,5.323817458702251e-05,0.00024001374549698085,0.778186976430097,6.749603926436976e-05,142,1,1,same_source_cyclic_next_latent,False
validation,lj_noisy,142,0,8.4761808238909e-08,0.0,,1.3108689245200367e-07,157,1,1,same_source_cyclic_next_latent,False
validation,lj_noisy,142,5,3.0081110935498145e-08,9.436170955723355e-08,0.6812148584776017,7.311555805245007e-08,157,1,1,same_source_cyclic_next_latent,False
validation,lj_noisy,142,10,3.047673047262833e-08,3.835527593309962e-07,0.920540969315964,5.794158397520732e-08,157,1,1,same_source_cyclic_next_latent,False
validation,lj_noisy,142,25,2.5120849045379146e-07,2.477869657013798e-06,0.898619166773875,2.562498195857188e-07,157,1,1,same_source_cyclic_next_latent,False
validation,lj_noisy,142,50,1.4045515399629949e-06,1.0261092029395513e-05,0.8631187074495289,1.4463702200373518e-06,157,1,1,same_source_cyclic_next_latent,False
validation,lj_noisy,142,75,3.724772113855579e-06,2.3520789909525774e-05,0.8416391571803858,3.919953542208532e-06,157,1,1,same_source_cyclic_next_latent,False
validation,lj_noisy,142,100,7.423826446029125e-06,4.234289735904895e-05,0.8246736310206083,7.96899894339731e-06,157,1,1,same_source_cyclic_next_latent,False
validation,lj_noisy,142,125,1.196383800561307e-05,6.57610289636068e-05,0.8180710035386757,1.3200095963838976e-05,157,1,1,same_source_cyclic_next_latent,False
validation,lj_noisy,142,149,1.7065280189854093e-05,9.220665378961712e-05,0.8149235495651863,1.9380260710022412e-05,157,1,1,same_source_cyclic_next_latent,False
validation,lj_noisy,142,175,2.370818219787907e-05,0.00012604442599695176,0.8119061433271756,2.716173548833467e-05,157,1,1,same_source_cyclic_next_latent,False
validation,lj_noisy,142,199,3.057970752706751e-05,0.0001614613429410383,0.8106066320888061,3.480160012259148e-05,157,1,1,same_source_cyclic_next_latent,False
validation,lj_noisy,157,0,1.174254578018008e-07,0.0,,1.35919847821242e-07,12,1,1,same_source_cyclic_next_latent,False
validation,lj_noisy,157,5,6.29534113727459e-08,9.083687757538428e-08,0.30696196244194185,1.2504013113812107e-07,12,1,1,same_source_cyclic_next_latent,False
validation,lj_noisy,157,10,5.1176776594275e-08,3.649991242582473e-07,0.8597893167599329,2.0761969210525422e-07,12,1,1,same_source_cyclic_next_latent,False
validation,lj_noisy,157,25,2.334336670628545e-07,2.373865527260932e-06,0.9016651683163367,1.0994004924214096e-06,12,1,1,same_source_cyclic_next_latent,False
validation,lj_noisy,157,50,1.1618058124440722e-06,9.819269507715944e-06,0.8816810342631771,3.922229552699719e-06,12,1,1,same_source_cyclic_next_latent,False
validation,lj_noisy,157,75,2.9616494430229068e-06,2.2813499526819214e-05,0.8701799590395487,8.601189620094374e-06,12,1,1,same_source_cyclic_next_latent,False
validation,lj_noisy,157,100,5.843255621584831e-06,4.15882641391363e-05,0.8594974870305759,1.4684645975648891e-05,12,1,1,same_source_cyclic_next_latent,False
validation,lj_noisy,157,125,9.995090294978581e-06,6.644261884503067e-05,0.8495680864372472,2.1530537196667865e-05,12,1,1,same_source_cyclic_next_latent,False
validation,lj_noisy,157,149,1.549992521177046e-05,9.61377882049419e-05,0.8387738526007228,2.901058724091854e-05,12,1,1,same_source_cyclic_next_latent,False
validation,lj_noisy,157,175,2.2524871383211575e-05,0.00013357444549910724,0.8313684080884909,3.883102544932626e-05,12,1,1,same_source_cyclic_next_latent,False
validation,lj_noisy,157,199,3.057814319618046e-05,0.0001735624682623893,0.8238205327320371,5.0484690291341394e-05,12,1,1,same_source_cyclic_next_latent,False
validation,lj_noisy,12,0,7.547292568688135e-08,0.0,,5.454795726222983e-08,152,1,1,same_source_cyclic_next_latent,False
validation,lj_noisy,12,5,3.734572118219148e-08,1.0223686786048347e-07,0.6347137587083072,1.3297635881315273e-08,152,1,1,same_source_cyclic_next_latent,False
validation,lj_noisy,12,10,6.867502122531732e-08,4.424935866609303e-07,0.8447999625406075,6.112566097726813e-08,152,1,1,same_source_cyclic_next_latent,False
validation,lj_noisy,12,25,6.441667892431724e-07,3.1844713248574408e-06,0.7977162538048573,7.837405178179324e-07,152,1,1,same_source_cyclic_next_latent,False
validation,lj_noisy,12,50,3.596193209887133e-06,1.4166832443152089e-05,0.7461540380097142,4.329198873165296e-06,152,1,1,same_source_cyclic_next_latent,False
validation,lj_noisy,12,75,9.162023161479738e-06,3.3046842872863635e-05,0.7227564764135723,1.0912496691162232e-05,152,1,1,same_source_cyclic_next_latent,False
validation,lj_noisy,12,100,1.5138640264922287e-05,5.7156557886628434e-05,0.7351372996437227,1.806768705137074e-05,152,1,1,same_source_cyclic_next_latent,False
validation,lj_noisy,12,125,2.261685767734889e-05,8.803003584034741e-05,0.7430779453689289,2.701560515561141e-05,152,1,1,same_source_cyclic_next_latent,False
validation,lj_noisy,12,149,3.183020817232318e-05,0.00012419970880728215,0.743717529791367,3.780004408326931e-05,152,1,1,same_source_cyclic_next_latent,False
validation,lj_noisy,12,175,4.2828174628084525e-05,0.00016892341955099255,0.7464639613505096,5.075728040537797e-05,152,1,1,same_source_cyclic_next_latent,False
validation,lj_noisy,12,199,5.292837886372581e-05,0.00021583693160209805,0.7547760780749937,6.38420824543573e-05,152,1,1,same_source_cyclic_next_latent,False
validation,lj_noisy,152,0,8.229557835193191e-08,0.0,,8.693032782502996e-08,29,1,1,same_source_cyclic_next_latent,False
validation,lj_noisy,152,5,2.8914456606798922e-08,9.695842351220563e-08,0.7017849965025573,2.766018525335312e-08,29,1,1,same_source_cyclic_next_latent,False
validation,lj_noisy,152,10,2.636971530023402e-08,4.1400659256396466e-07,0.9363060497734469,2.4574442036850996e-08,29,1,1,same_source_cyclic_next_latent,False
validation,lj_noisy,152,25,2.177690987537062e-07,2.7664339086186374e-06,0.9212816550305932,2.2253796316817898e-07,29,1,1,same_source_cyclic_next_latent,False
validation,lj_noisy,152,50,1.1544990456968662e-06,1.1517513485159725e-05,0.8997614331266524,1.1706382565535023e-06,29,1,1,same_source_cyclic_next_latent,False
validation,lj_noisy,152,75,2.9781394914607517e-06,2.6382193027529866e-05,0.8871155446268982,2.9798993637086824e-06,29,1,1,same_source_cyclic_next_latent,False
validation,lj_noisy,152,100,5.6165317801060155e-06,4.726915722130798e-05,0.8811797774644013,5.609752861346351e-06,29,1,1,same_source_cyclic_next_latent,False
validation,lj_noisy,152,125,8.929745490604546e-06,7.386328070424497e-05,0.8791044020051042,8.957634236139711e-06,29,1,1,same_source_cyclic_next_latent,False
validation,lj_noisy,152,149,1.3016106095165014e-05,0.0001050939827109687,0.8761479414957359,1.3181775102566462e-05,29,1,1,same_source_cyclic_next_latent,False
validation,lj_noisy,152,175,1.870171217888128e-05,0.00014509294123854488,0.8711052927920586,1.919953319884371e-05,29,1,1,same_source_cyclic_next_latent,False
validation,lj_noisy,152,199,2.549469172663521e-05,0.00018777258810587227,0.8642256999074834,2.6527928639552556e-05,29,1,1,same_source_cyclic_next_latent,False
validation,lj_noisy,29,0,9.27288894558842e-08,0.0,,6.43719175741353e-08,95,1,1,same_source_cyclic_next_latent,False
validation,lj_noisy,29,5,3.472445087027154e-08,9.255531097096537e-08,0.6248248695186751,2.4416221933165616e-08,95,1,1,same_source_cyclic_next_latent,False
validation,lj_noisy,29,10,2.6888173465522414e-08,3.9399358797709283e-07,0.9317547942757746,3.0566379649599185e-08,95,1,1,same_source_cyclic_next_latent,False
validation,lj_noisy,29,25,1.9137070239594323e-07,2.62467051470594e-06,0.9270877234594972,2.496341267033131e-07,95,1,1,same_source_cyclic_next_latent,False
validation,lj_noisy,29,50,9.94709694168705e-07,1.0715701137087308e-05,0.9071726916005534,1.7065210613509407e-06,95,1,1,same_source_cyclic_next_latent,False
validation,lj_noisy,29,75,2.7147193577548023e-06,2.4163142370525748e-05,0.8876504009235892,5.013147074350854e-06,95,1,1,same_source_cyclic_next_latent,False
validation,lj_noisy,29,100,5.6084609241224825e-06,4.288870331947692e-05,0.8692322105812994,1.0069943527923897e-05,95,1,1,same_source_cyclic_next_latent,False
validation,lj_noisy,29,125,9.642294571676757e-06,6.650677823927253e-05,0.855017866946035,1.5112101209524553e-05,95,1,1,same_source_cyclic_next_latent,False
validation,lj_noisy,29,149,1.456113295716932e-05,9.352853521704674e-05,0.8443134715690985,2.0733474229928106e-05,95,1,1,same_source_cyclic_next_latent,False
validation,lj_noisy,29,175,2.122990736097563e-05,0.00012778700329363346,0.8338648938171529,2.762705298664514e-05,95,1,1,same_source_cyclic_next_latent,False
validation,lj_noisy,29,199,2.8631360692088492e-05,0.0001640301925363019,0.8254506670425811,3.484432818368077e-05,95,1,1,same_source_cyclic_next_latent,False
validation,lj_noisy,95,0,4.36424656413692e-08,0.0,,6.994940093818514e-08,183,1,1,same_source_cyclic_next_latent,False
validation,lj_noisy,95,5,1.2322426634625572e-08,9.315184712477276e-08,0.8677167762640259,1.91076576783189e-08,183,1,1,same_source_cyclic_next_latent,False
validation,lj_noisy,95,10,3.446593765943362e-08,4.062233927015768e-07,0.9151552119383896,3.0540078910235025e-08,183,1,1,same_source_cyclic_next_latent,False
validation,lj_noisy,95,25,2.8806181262552855e-07,2.82183304989303e-06,0.8979167769558697,4.04912611884356e-07,183,1,1,same_source_cyclic_next_latent,False
validation,lj_noisy,95,50,1.7170658566101338e-06,1.2093249097233638e-05,0.8580145134856342,2.370339188928483e-06,183,1,1,same_source_cyclic_next_latent,False
validation,lj_noisy,95,75,4.924259428662481e-06,2.8183430913486518e-05,0.8252782124441034,6.449145985243376e-06,183,1,1,same_source_cyclic_next_latent,False
validation,lj_noisy,95,100,1.0381711035734043e-05,5.138449341757223e-05,0.7979602338127993,1.2958370462001767e-05,183,1,1,same_source_cyclic_next_latent,False
validation,lj_noisy,95,125,1.7446418496547267e-05,8.035653445404023e-05,0.782887370453666,2.1264593669911847e-05,183,1,1,same_source_cyclic_next_latent,False
validation,lj_noisy,95,149,2.7737563868868165e-05,0.00011559575068531558,0.7600468554905822,3.284900958533399e-05,183,1,1,same_source_cyclic_next_latent,False
validation,lj_noisy,95,175,4.378949597594328e-05,0.00016214206698350608,0.7299313078302019,5.055532528785989e-05,183,1,1,same_source_cyclic_next_latent,False
validation,lj_noisy,95,199,6.326915899990126e-05,0.00021282926900312304,0.7027234116047598,7.192361226771027e-05,183,1,1,same_source_cyclic_next_latent,False
validation,lj_noisy,183,0,1.1666389809761313e-07,0.0,,7.120286937833953e-08,147,1,1,same_source_cyclic_next_latent,False
validation,lj_noisy,183,5,5.613023290607089e-08,9.035466774776069e-08,0.37877882454543144,3.5086195282474364e-08,147,1,1,same_source_cyclic_next_latent,False
validation,lj_noisy,183,10,4.388464702742567e-08,3.734352276296704e-07,0.88248391212051,4.568767408841268e-08,147,1,1,same_source_cyclic_next_latent,False
validation,lj_noisy,183,25,2.043792903805297e-07,2.431817392789526e-06,0.9159561523877057,3.7548659292951925e-07,147,1,1,same_source_cyclic_next_latent,False
validation,lj_noisy,183,50,1.1656256901915185e-06,1.0205611033597961e-05,0.8857858009330206,2.0310299078118987e-06,147,1,1,same_source_cyclic_next_latent,False
validation,lj_noisy,183,75,3.2543773613724625e-06,2.3695167328696698e-05,0.8626564937808581,5.171409611648414e-06,147,1,1,same_source_cyclic_next_latent,False
validation,lj_noisy,183,100,6.785162895539543e-06,4.307867129682563e-05,0.8424936821103968,1.0566125638433732e-05,147,1,1,same_source_cyclic_next_latent,False
validation,lj_noisy,183,125,1.0800144082168117e-05,6.872970698168501e-05,0.8428606121506363,1.6662219422869384e-05,147,1,1,same_source_cyclic_next_latent,False
validation,lj_noisy,183,149,1.5012416042736731e-05,9.890592627925798e-05,0.8482152019854744,2.2450927644968033e-05,147,1,1,same_source_cyclic_next_latent,False
validation,lj_noisy,183,175,2.013766425079666e-05,0.00013746204786002636,0.8535038247698574,2.814583058352582e-05,147,1,1,same_source_cyclic_next_latent,False
validation,lj_noisy,183,199,2.6278445147909224e-05,0.00017979549011215568,0.8538425789683777,3.3587446523597464e-05,147,1,1,same_source_cyclic_next_latent,False
validation,lj_noisy,147,0,5.285941639954217e-08,0.0,,6.157840459763975e-08,43,1,1,same_source_cyclic_next_latent,False
validation,lj_noisy,147,5,1.7678951635957674e-08,1.0630814983869641e-07,0.8337008812326965,1.8938560941705873e-08,43,1,1,same_source_cyclic_next_latent,False
validation,lj_noisy,147,10,4.380515505886251e-08,4.434336347003409e-07,0.9012137293363759,4.572478573550143e-08,43,1,1,same_source_cyclic_next_latent,False
validation,lj_noisy,147,25,3.2154451901078573e-07,2.912094714702107e-06,0.8895830834802781,3.5385332353143895e-07,43,1,1,same_source_cyclic_next_latent,False
validation,lj_noisy,147,50,1.5096389915925101e-06,1.199792586703552e-05,0.8741750025527107,1.693294279903057e-06,43,1,1,same_source_cyclic_next_latent,False
validation,lj_noisy,147,75,3.6172680211166153e-06,2.7232879801886156e-05,0.8671727688209426,4.214580712869065e-06,43,1,1,same_source_cyclic_next_latent,False
validation,lj_noisy,147,100,6.758169547538273e-06,4.869244003202766e-05,0.8612070057878993,7.937511327327229e-06,43,1,1,same_source_cyclic_next_latent,False
validation,lj_noisy,147,125,1.105142382584745e-05,7.65042204875499e-05,0.8555449130071728,1.3041209058428649e-05,43,1,1,same_source_cyclic_next_latent,False
validation,lj_noisy,147,149,1.611274819879327e-05,0.00010965059482259676,0.8530537091489379,1.939917274285108e-05,43,1,1,same_source_cyclic_next_latent,False
validation,lj_noisy,147,175,2.3011785742710344e-05,0.00015283728134818375,0.8494360437471639,2.8304853913141415e-05,43,1,1,same_source_cyclic_next_latent,False
validation,lj_noisy,147,199,3.150791235384531e-05,0.00019974987662862986,0.8422631698920943,3.865335384034552e-05,43,1,1,same_source_cyclic_next_latent,False
validation,lj_noisy,43,0,7.055746920059391e-08,0.0,,7.94813956872531e-08,13,1,1,same_source_cyclic_next_latent,False
validation,lj_noisy,43,5,2.395084663930902e-08,9.6270760252537e-08,0.7512136958669353,2.880235960844857e-08,13,1,1,same_source_cyclic_next_latent,False
validation,lj_noisy,43,10,2.7996513551897806e-08,4.102923867321806e-07,0.9317644819713103,3.24111333327437e-08,13,1,1,same_source_cyclic_next_latent,False
validation,lj_noisy,43,25,2.1799912985898118e-07,2.796049102471443e-06,0.9220331539720491,2.913920127411984e-07,13,1,1,same_source_cyclic_next_latent,False
validation,lj_noisy,43,50,1.1732314533219323e-06,1.1718565474438947e-05,0.8998826728509529,1.6381090972572565e-06,13,1,1,same_source_cyclic_next_latent,False
validation,lj_noisy,43,75,3.163974497510935e-06,2.693894930416718e-05,0.8825501892524998,4.452412667887984e-06,13,1,1,same_source_cyclic_next_latent,False
validation,lj_noisy,43,100,6.084346750867553e-06,4.813013947568834e-05,0.8735855159127287,8.662824257044122e-06,13,1,1,same_source_cyclic_next_latent,False
validation,lj_noisy,43,125,1.0151378774025943e-05,7.53487111069262e-05,0.8652746858586569,1.4608057426812593e-05,13,1,1,same_source_cyclic_next_latent,False
validation,lj_noisy,43,149,1.5395551599795e-05,0.00010748124623205513,0.8567605778727616,2.2384090698324144e-05,13,1,1,same_source_cyclic_next_latent,False
validation,lj_noisy,43,175,2.2581145458389074e-05,0.00014898361405357718,0.8484320198443536,3.268137515988201e-05,13,1,1,same_source_cyclic_next_latent,False
validation,lj_noisy,43,199,3.1140269129537046e-05,0.00019355223048478365,0.839111804335496,4.4039672502549365e-05,13,1,1,same_source_cyclic_next_latent,False
validation,lj_noisy,13,0,8.210738400293849e-08,0.0,,1.2009775218757568e-07,40,1,1,same_source_cyclic_next_latent,False
validation,lj_noisy,13,5,3.212612398328929e-08,9.281463064780837e-08,0.6538678895874281,6.556503961974158e-08,40,1,1,same_source_cyclic_next_latent,False
validation,lj_noisy,13,10,3.166561413081581e-08,3.781031523431011e-07,0.916251388187101,5.899079624782644e-08,40,1,1,same_source_cyclic_next_latent,False
validation,lj_noisy,13,25,1.904955126974528e-07,2.410028173471801e-06,0.9209571428274916,2.2212842054614157e-07,40,1,1,same_source_cyclic_next_latent,False
validation,lj_noisy,13,50,9.885281997412676e-07,9.818084436119534e-06,0.8993155736057237,1.0380991852798616e-06,40,1,1,same_source_cyclic_next_latent,False
validation,lj_noisy,13,75,2.651927161423373e-06,2.2434529455495067e-05,0.8817926105076469,3.208042926416965e-06,40,1,1,same_source_cyclic_next_latent,False
validation,lj_noisy,13,100,5.216700174059952e-06,4.0286795410793275e-05,0.8705109175136243,8.697317753103562e-06,40,1,1,same_source_cyclic_next_latent,False
validation,lj_noisy,13,125,8.778189112490509e-06,6.321443652268499e-05,0.8611363227236806,1.7847611161414534e-05,40,1,1,same_source_cyclic_next_latent,False
validation,lj_noisy,13,149,1.3674046385858674e-05,8.989958587335423e-05,0.8478964474305595,2.739880801527761e-05,40,1,1,same_source_cyclic_next_latent,False
validation,lj_noisy,13,175,2.2392274331650697e-05,0.00012564916687551886,0.8217873234779598,3.872238812618889e-05,40,1,1,same_source_cyclic_next_latent,False
validation,lj_noisy,13,199,3.2548923627473414e-05,0.00016380345914512873,0.8012928188614424,4.7930363507475704e-05,40,1,1,same_source_cyclic_next_latent,False
validation,lj_noisy,40,0,1.1864339910516719e-07,0.0,,9.095055020225118e-08,132,1,1,same_source_cyclic_next_latent,False
validation,lj_noisy,40,5,5.969818772655344e-08,9.645786747114471e-08,0.3810957126497524,5.415146020482098e-08,132,1,1,same_source_cyclic_next_latent,False
validation,lj_noisy,40,10,4.539334952369245e-08,4.1816244333858776e-07,0.8914456564743733,6.236801652903523e-08,132,1,1,same_source_cyclic_next_latent,False
validation,lj_noisy,40,25,2.8213335667715e-07,2.9362895475060213e-06,0.9039150083421494,5.183031817068695e-07,132,1,1,same_source_cyclic_next_latent,False
validation,lj_noisy,40,50,1.5248920135491062e-06,1.2648867595999036e-05,0.8794443848845849,3.0099477044132072e-06,132,1,1,same_source_cyclic_next_latent,False
validation,lj_noisy,40,75,3.950180598621955e-06,2.9483269827323966e-05,0.8660195893550084,8.195464943128172e-06,132,1,1,same_source_cyclic_next_latent,False
validation,lj_noisy,40,100,8.814649845589884e-06,5.388597855926491e-05,0.8364203438210674,1.653107574384194e-05,132,1,1,same_source_cyclic_next_latent,False
validation,lj_noisy,40,125,1.624810647626873e-05,8.557874389225617e-05,0.8101385257918119,2.7966894776909612e-05,132,1,1,same_source_cyclic_next_latent,False
validation,lj_noisy,40,149,2.3436263290932402e-05,0.00012253261229489,0.8087344842160867,4.0526992961531505e-05,132,1,1,same_source_cyclic_next_latent,False
validation,lj_noisy,40,175,3.127376112388447e-05,0.0001704702153801918,0.8165441332133238,5.6134209444280714e-05,132,1,1,same_source_cyclic_next_latent,False
validation,lj_noisy,40,199,3.91094945371151e-05,0.0002223484916612506,0.8241072190554876,7.15300120646134e-05,132,1,1,same_source_cyclic_next_latent,False
validation,lj_noisy,132,0,7.320777939412437e-08,0.0,,6.235119798247979e-08,61,1,1,same_source_cyclic_next_latent,False
validation,lj_noisy,132,5,3.729671504970611e-08,1.029204241831394e-07,0.6376159994896706,2.054933645467827e-08,61,1,1,same_source_cyclic_next_latent,False
validation,lj_noisy,132,10,5.571994776687461e-08,4.4125229692326684e-07,0.8737231553118369,5.567989802557349e-08,61,1,1,same_source_cyclic_next_latent,False
validation,lj_noisy,132,25,3.9951211761035665e-07,3.067184479732532e-06,0.8697463030834078,5.598389520855562e-07,61,1,1,same_source_cyclic_next_latent,False
validation,lj_noisy,132,50,2.362352461204864e-06,1.3521135770133696e-05,0.8252844656420822,3.2275515877699945e-06,61,1,1,same_source_cyclic_next_latent,False
validation,lj_noisy,132,75,6.4922064666461665e-06,3.2666182960383594e-05,0.8012560428465215,8.996769793157e-06,61,1,1,same_source_cyclic_next_latent,False
validation,lj_noisy,132,100,1.3023150131630246e-05,6.118311284808442e-05,0.7871446952369638,1.83396023203386e-05,61,1,1,same_source_cyclic_next_latent,False
validation,lj_noisy,132,125,2.3927099391585216e-05,0.00010149922309210524,0.7642632262330459,3.3452673960709944e-05,61,1,1,same_source_cyclic_next_latent,False
validation,lj_noisy,132,149,3.8482896343339235e-05,0.00015093496767804027,0.7450365747887713,5.342676377040334e-05,61,1,1,same_source_cyclic_next_latent,False
validation,lj_noisy,132,175,5.74802870687563e-05,0.0002120805875165388,0.7289695971618629,7.838151213945821e-05,61,1,1,same_source_cyclic_next_latent,False
validation,lj_noisy,132,199,7.32117987354286e-05,0.0002682431077118963,0.7270692270160359,9.78796451818198e-05,61,1,1,same_source_cyclic_next_latent,False
validation,lj_noisy,61,0,9.638457498795105e-08,0.0,,1.0519607229753092e-07,188,1,1,same_source_cyclic_next_latent,False
validation,lj_noisy,61,5,3.8693492854235956e-08,9.96304834188777e-08,0.6116299798370303,5.566960581404601e-08,188,1,1,same_source_cyclic_next_latent,False
validation,lj_noisy,61,10,3.2265852212276513e-08,4.162667153195798e-07,0.9224875517911513,5.260997681943991e-08,188,1,1,same_source_cyclic_next_latent,False
validation,lj_noisy,61,25,1.7257718809560174e-07,2.741091520874761e-06,0.9370407055797512,3.2557250051468145e-07,188,1,1,same_source_cyclic_next_latent,False
validation,lj_noisy,61,50,8.964460675997543e-07,1.1338017429807223e-05,0.9209344955456646,1.9826254629151663e-06,188,1,1,same_source_cyclic_next_latent,False
validation,lj_noisy,61,75,2.1736154849349987e-06,2.6031604647869244e-05,0.9165009028702764,4.013822490378516e-06,188,1,1,same_source_cyclic_next_latent,False
validation,lj_noisy,61,100,4.049467861477751e-06,4.705508763436228e-05,0.9139419759889981,5.929336566623533e-06,188,1,1,same_source_cyclic_next_latent,False
validation,lj_noisy,61,125,6.503128588519758e-06,7.433142309309915e-05,0.9125117168767956,8.419657206104603e-06,188,1,1,same_source_cyclic_next_latent,False
validation,lj_noisy,61,149,9.470139048062265e-06,0.00010632432531565428,0.9109315857876602,1.1702029951266013e-05,188,1,1,same_source_cyclic_next_latent,False
validation,lj_noisy,61,175,1.3699795090360567e-05,0.0001481663784943521,0.9075377610657955,1.6458434402011335e-05,188,1,1,same_source_cyclic_next_latent,False
validation,lj_noisy,61,199,1.941401387739461e-05,0.00019447802333161235,0.9001737391978167,2.3136561139835976e-05,188,1,1,same_source_cyclic_next_latent,False
validation,lj_noisy,188,0,5.8537413138992633e-08,0.0,,7.379296818044168e-08,67,1,1,same_source_cyclic_next_latent,False
validation,lj_noisy,188,5,1.8781877386686574e-08,9.160689984355486e-08,0.7949731142658245,3.024618777658361e-08,67,1,1,same_source_cyclic_next_latent,False
validation,lj_noisy,188,10,3.624114697231562e-08,3.833892776583525e-07,0.9054716730899006,4.8427793331029534e-08,67,1,1,same_source_cyclic_next_latent,False
validation,lj_noisy,188,25,3.7001154851168394e-07,2.6204288587905467e-06,0.8587973311046262,4.478624191506242e-07,67,1,1,same_source_cyclic_next_latent,False
validation,lj_noisy,188,50,1.822878175516962e-06,1.1088137398473918e-05,0.8356010473167614,2.177913984269253e-06,67,1,1,same_source_cyclic_next_latent,False
validation,lj_noisy,188,75,4.412931957631372e-06,2.5567558623151854e-05,0.8274011209801084,5.30705756318639e-06,67,1,1,same_source_cyclic_next_latent,False
validation,lj_noisy,188,100,8.472148692817427e-06,4.645999797503464e-05,0.8176463826500822,9.713421604828909e-06,67,1,1,same_source_cyclic_next_latent,False
validation,lj_noisy,188,125,1.4485052815871313e-05,7.364279736066237e-05,0.8033065916150441,1.5531139069935307e-05,67,1,1,same_source_cyclic_next_latent,False
validation,lj_noisy,188,149,2.1926016415818594e-05,0.00010572637256700546,0.7926154479392292,2.2544103558175266e-05,67,1,1,same_source_cyclic_next_latent,False
validation,lj_noisy,188,175,3.156731327180751e-05,0.00014696051948703825,0.7851986820542527,3.213250602129847e-05,67,1,1,same_source_cyclic_next_latent,False
validation,lj_noisy,188,199,4.1985429561464116e-05,0.00019167976279277354,0.7809605513397109,4.321704545873217e-05,67,1,1,same_source_cyclic_next_latent,False
validation,lj_noisy,67,0,9.631566655343704e-08,0.0,,7.09498877426995e-08,15,1,1,same_source_cyclic_next_latent,False
validation,lj_noisy,67,5,4.600683922717508e-08,8.974264886774108e-08,0.48734698821985956,1.998738419217716e-08,15,1,1,same_source_cyclic_next_latent,False
validation,lj_noisy,67,10,4.4215976657824285e-08,3.756259161491471e-07,0.8822872044849329,2.6564890731606283e-08,15,1,1,same_source_cyclic_next_latent,False
validation,lj_noisy,67,25,2.0808262490845664e-07,2.4605394628451904e-06,0.9154321123271704,2.5621062604841427e-07,15,1,1,same_source_cyclic_next_latent,False
validation,lj_noisy,67,50,1.036931053022272e-06,1.0304262104909867e-05,0.8993687231103927,1.3496395467882394e-06,15,1,1,same_source_cyclic_next_latent,False
validation,lj_noisy,67,75,2.8252122774574673e-06,2.4312985260621645e-05,0.8837982153498319,3.701405375977629e-06,15,1,1,same_source_cyclic_next_latent,False
validation,lj_noisy,67,100,5.521943421626929e-06,4.4734984840033576e-05,0.8765631989957597,7.136247859307332e-06,15,1,1,same_source_cyclic_next_latent,False
validation,lj_noisy,67,125,9.185985618387349e-06,7.140247180359438e-05,0.8713491930131622,1.192125000670785e-05,15,1,1,same_source_cyclic_next_latent,False
validation,lj_noisy,67,149,1.3665822734765243e-05,0.0001028560582199134,0.8671364334656227,1.8093769540428184e-05,15,1,1,same_source_cyclic_next_latent,False
validation,lj_noisy,67,175,1.974665792658925e-05,0.0001433728903066367,0.8622706295147125,2.6108598831342533e-05,15,1,1,same_source_cyclic_next_latent,False
validation,lj_noisy,67,199,2.6739127861219458e-05,0.00018682236259337515,0.8568740514248927,3.505403583403677e-05,15,1,1,same_source_cyclic_next_latent,False
mixed_transfer,depablo_mixed_temp,268,0,8.74691394869842e-08,0.0,,1.7133631047272502e-07,161,1,1,same_source_cyclic_next_latent,True
mixed_transfer,depablo_mixed_temp,268,5,0.00012757997319567949,4.713676025858149e-05,-1.7065918933716473,7.599378295708448e-05,161,1,1,same_source_cyclic_next_latent,True
mixed_transfer,depablo_mixed_temp,268,10,0.00015923063619993627,5.8645240642363206e-05,-1.7151501887591167,8.493891800753772e-05,161,1,1,same_source_cyclic_next_latent,True
mixed_transfer,depablo_mixed_temp,268,25,0.00013608965673483908,5.51444391021505e-05,-1.467876343483053,0.00010737400589277968,161,1,1,same_source_cyclic_next_latent,True
mixed_transfer,depablo_mixed_temp,268,50,0.00023227558995131403,6.742466939613223e-05,-2.4449644622897972,0.00014299084432423115,161,1,1,same_source_cyclic_next_latent,True
mixed_transfer,depablo_mixed_temp,268,75,0.00010268147889291868,7.959867070894688e-05,-0.28998987016220723,0.00013091239088680595,161,1,1,same_source_cyclic_next_latent,True
mixed_transfer,depablo_mixed_temp,268,100,0.00010911715071415529,9.612221765564755e-05,-0.13519177330116716,0.000161206437041983,161,1,1,same_source_cyclic_next_latent,True
mixed_transfer,depablo_mixed_temp,268,125,7.14134584995918e-05,0.00013924895029049367,0.4871526259220419,0.0001529687870061025,161,1,1,same_source_cyclic_next_latent,True
mixed_transfer,depablo_mixed_temp,268,149,7.424614886986092e-05,0.00013940916687715799,0.46742276327292176,0.00034853789838962257,161,1,1,same_source_cyclic_next_latent,True
mixed_transfer,depablo_mixed_temp,268,175,0.00012080746819265187,0.00018091170932166278,0.33222969013102954,0.00029582245042547584,161,1,1,same_source_cyclic_next_latent,True
mixed_transfer,depablo_mixed_temp,268,199,9.917574061546475e-05,0.00022531113063450903,0.5598276022308735,0.00038778543239459395,161,1,1,same_source_cyclic_next_latent,True
mixed_transfer,depablo_mixed_temp,161,0,5.357206234180012e-08,0.0,,4.894262062293819e-08,47,1,1,same_source_cyclic_next_latent,True
mixed_transfer,depablo_mixed_temp,161,5,2.488185782567598e-05,2.0224346371833235e-05,-0.2302923104763146,1.9514091036398895e-05,47,1,1,same_source_cyclic_next_latent,True
mixed_transfer,depablo_mixed_temp,161,10,2.3914206394692883e-05,2.2510845155920833e-05,-0.06234156154740966,2.09884274227079e-05,47,1,1,same_source_cyclic_next_latent,True
mixed_transfer,depablo_mixed_temp,161,25,3.374925290700048e-05,2.079022306133993e-05,-0.6233232711080563,1.959819746844005e-05,47,1,1,same_source_cyclic_next_latent,True
mixed_transfer,depablo_mixed_temp,161,50,4.519924186752178e-05,4.2505580495344475e-05,-0.06337194647823563,3.204635504516773e-05,47,1,1,same_source_cyclic_next_latent,True
mixed_transfer,depablo_mixed_temp,161,75,2.3702383259660564e-05,4.9270100134890527e-05,0.5189296714484295,2.156915797968395e-05,47,1,1,same_source_cyclic_next_latent,True
mixed_transfer,depablo_mixed_temp,161,100,2.760526695055887e-05,7.182943227235228e-05,0.6156830692202985,2.6919036827166565e-05,47,1,1,same_source_cyclic_next_latent,True
mixed_transfer,depablo_mixed_temp,161,125,2.9805551093886606e-05,9.014578245114535e-05,0.6693627778976818,2.970447349071037e-05,47,1,1,same_source_cyclic_next_latent,True
mixed_transfer,depablo_mixed_temp,161,149,3.90096683986485e-05,0.0001271728688152507,0.6932547896256122,2.3601074644830078e-05,47,1,1,same_source_cyclic_next_latent,True
mixed_transfer,depablo_mixed_temp,161,175,2.9166296371840872e-05,0.00017018135986290872,0.8286163866869082,2.6838097255676985e-05,47,1,1,same_source_cyclic_next_latent,True
mixed_transfer,depablo_mixed_temp,161,199,2.9235296096885577e-05,0.0001962430396815762,0.851025054726411,2.6774710931931622e-05,47,1,1,same_source_cyclic_next_latent,True
mixed_transfer,depablo_mixed_temp,47,0,5.715857653854073e-08,0.0,,1.758972700827144e-08,191,1,1,same_source_cyclic_next_latent,True
mixed_transfer,depablo_mixed_temp,47,5,2.9291183523127984e-07,2.6881184567173477e-07,-0.08965374832839501,4.350037215772318e-06,191,1,1,same_source_cyclic_next_latent,True
mixed_transfer,depablo_mixed_temp,47,10,2.526104765365744e-07,5.738165782531723e-07,0.5597713866936749,6.819911050115479e-06,191,1,1,same_source_cyclic_next_latent,True
mixed_transfer,depablo_mixed_temp,47,25,2.704427402022702e-07,2.950489943032153e-06,0.9083397180048198,2.74962962976133e-06,191,1,1,same_source_cyclic_next_latent,True
mixed_transfer,depablo_mixed_temp,47,50,5.233728188613895e-07,1.030835755955195e-05,0.9492283018087182,1.5050900401547551e-06,191,1,1,same_source_cyclic_next_latent,True
mixed_transfer,depablo_mixed_temp,47,75,6.847839131296496e-07,2.303583823959343e-05,0.9702731063655127,1.013326141219295e-06,191,1,1,same_source_cyclic_next_latent,True
mixed_transfer,depablo_mixed_temp,47,100,1.3358961723497487e-06,4.1095041524386033e-05,0.967492521657217,2.447767883495544e-06,191,1,1,same_source_cyclic_next_latent,True
mixed_transfer,depablo_mixed_temp,47,125,1.667785113568243e-06,6.353035132633522e-05,0.9737482151640975,5.169304586161161e-06,191,1,1,same_source_cyclic_next_latent,True
mixed_transfer,depablo_mixed_temp,47,149,1.9274841633887263e-06,9.000220597954467e-05,0.9785840342199301,4.411569079820765e-06,191,1,1,same_source_cyclic_next_latent,True
mixed_transfer,depablo_mixed_temp,47,175,2.5672559331724187e-06,0.00012707475980278105,0.9797972788840461,1.1494610589579679e-05,191,1,1,same_source_cyclic_next_latent,True
mixed_transfer,depablo_mixed_temp,47,199,3.006081669809646e-06,0.00016195152420550585,0.9814383860568356,9.270465852750931e-06,191,1,1,same_source_cyclic_next_latent,True
mixed_transfer,depablo_mixed_temp,191,0,4.3136033411883545e-08,0.0,,7.11820433707544e-08,242,1,1,same_source_cyclic_next_latent,True
mixed_transfer,depablo_mixed_temp,191,5,1.7508340533822775e-05,7.1508447945234366e-06,-1.4484296662726837,3.65582418453414e-05,242,1,1,same_source_cyclic_next_latent,True
mixed_transfer,depablo_mixed_temp,191,10,2.7355667043593712e-05,1.1249665476498194e-05,-1.4316871555641146,4.993601032765582e-05,242,1,1,same_source_cyclic_next_latent,True
mixed_transfer,depablo_mixed_temp,191,25,2.1794166968902573e-05,1.134495687438175e-05,-0.9210444967064062,4.1839088225970045e-05,242,1,1,same_source_cyclic_next_latent,True
mixed_transfer,depablo_mixed_temp,191,50,1.907103978737723e-05,2.3212682208395563e-05,0.1784215362893472,4.787804573425092e-05,242,1,1,same_source_cyclic_next_latent,True
mixed_transfer,depablo_mixed_temp,191,75,1.4244521480577532e-05,3.4925145882880315e-05,0.5921413892343985,3.2055391784524545e-05,242,1,1,same_source_cyclic_next_latent,True
mixed_transfer,depablo_mixed_temp,191,100,2.1406947780633345e-05,5.758188126492314e-05,0.6282346580143134,6.561004556715488e-05,242,1,1,same_source_cyclic_next_latent,True
mixed_transfer,depablo_mixed_temp,191,125,1.149026593338931e-05,7.634270150447264e-05,0.8494909702309115,8.807722042547539e-05,242,1,1,same_source_cyclic_next_latent,True
mixed_transfer,depablo_mixed_temp,191,149,1.3940622920927126e-05,0.00011539997649379075,0.8791973504286006,4.5667431550100446e-05,242,1,1,same_source_cyclic_next_latent,True
mixed_transfer,depablo_mixed_temp,191,175,1.5411462300107814e-05,0.00014662892499472946,0.894894801277021,8.326316310558468e-05,242,1,1,same_source_cyclic_next_latent,True
mixed_transfer,depablo_mixed_temp,191,199,1.7164826203952543e-05,0.00018133649427909404,0.9053426820001591,8.333429286722094e-05,242,1,1,same_source_cyclic_next_latent,True
mixed_transfer,depablo_mixed_temp,242,0,8.619912250651396e-08,0.0,,6.96842548109089e-08,208,1,1,same_source_cyclic_next_latent,True
mixed_transfer,depablo_mixed_temp,242,5,5.618931390927173e-05,2.3800261260475963e-05,-1.360869626359221,4.589801392285153e-05,208,1,1,same_source_cyclic_next_latent,True
mixed_transfer,depablo_mixed_temp,242,10,7.558975630672649e-05,3.038742215721868e-05,-1.48753434613965,7.886820094427094e-05,208,1,1,same_source_cyclic_next_latent,True
mixed_transfer,depablo_mixed_temp,242,25,5.708932440029457e-05,3.699141598190181e-05,-0.5433127628373495,5.530563066713512e-05,208,1,1,same_source_cyclic_next_latent,True
mixed_transfer,depablo_mixed_temp,242,50,6.730803579557687e-05,4.2313102312618867e-05,-0.5907138006164079,4.5356395276030526e-05,208,1,1,same_source_cyclic_next_latent,True
mixed_transfer,depablo_mixed_temp,242,75,4.6347522584255785e-05,7.29313469491899e-05,0.36450477712217,4.09329186368268e-05,208,1,1,same_source_cyclic_next_latent,True
mixed_transfer,depablo_mixed_temp,242,100,7.137863576645032e-05,9.204618982039392e-05,0.22453459610084225,6.287483120104298e-05,208,1,1,same_source_cyclic_next_latent,True
mixed_transfer,depablo_mixed_temp,242,125,7.48365928302519e-05,0.00011756044841604307,0.36342031832502597,4.4430980778997764e-05,208,1,1,same_source_cyclic_next_latent,True
mixed_transfer,depablo_mixed_temp,242,149,3.725523129105568e-05,0.000145202677231282,0.743426002871044,5.292957212077454e-05,208,1,1,same_source_cyclic_next_latent,True
mixed_transfer,depablo_mixed_temp,242,175,5.885412247152999e-05,0.00018254968745168298,0.6775994344711906,5.52812525711488e-05,208,1,1,same_source_cyclic_next_latent,True
mixed_transfer,depablo_mixed_temp,242,199,6.436413968913257e-05,0.0002420646051177755,0.7341034652388916,6.178519106470048e-05,208,1,1,same_source_cyclic_next_latent,True
mixed_transfer,depablo_mixed_temp,208,0,6.406001062941868e-08,0.0,,1.1684179668236538e-07,221,1,1,same_source_cyclic_next_latent,True
mixed_transfer,depablo_mixed_temp,208,5,4.9321301048621535e-05,2.257787127746269e-05,-1.184497397584786,0.00029311998514458537,221,1,1,same_source_cyclic_next_latent,True
mixed_transfer,depablo_mixed_temp,208,10,7.14550624252297e-05,2.1629317416227423e-05,-2.303620777769919,9.112100815400481e-05,221,1,1,same_source_cyclic_next_latent,True
mixed_transfer,depablo_mixed_temp,208,25,5.209647861192934e-05,2.2251089831115678e-05,-1.341300089449021,4.812084080185741e-05,221,1,1,same_source_cyclic_next_latent,True
mixed_transfer,depablo_mixed_temp,208,50,3.925687269656919e-05,2.6678577341954224e-05,-0.4714754911175334,4.022451685159467e-05,221,1,1,same_source_cyclic_next_latent,True
mixed_transfer,depablo_mixed_temp,208,75,4.024770896648988e-05,4.3110252590849996e-05,0.06640053009032199,5.5685133702354506e-05,221,1,1,same_source_cyclic_next_latent,True
mixed_transfer,depablo_mixed_temp,208,100,5.011028770240955e-05,6.287909491220489e-05,0.20306919537604384,4.839139000978321e-05,221,1,1,same_source_cyclic_next_latent,True
mixed_transfer,depablo_mixed_temp,208,125,3.730810203705914e-05,6.771790503989905e-05,0.449065915209908,7.124756666598842e-05,221,1,1,same_source_cyclic_next_latent,True
mixed_transfer,depablo_mixed_temp,208,149,5.5118114687502384e-05,0.0001124460031860508,0.5098259331075992,5.660115130012855e-05,221,1,1,same_source_cyclic_next_latent,True
mixed_transfer,depablo_mixed_temp,208,175,3.1394527468364686e-05,0.00013137060159351677,0.7610231886925147,6.337310333037749e-05,221,1,1,same_source_cyclic_next_latent,True
mixed_transfer,depablo_mixed_temp,208,199,3.183918306604028e-05,0.00017357629258185625,0.816569517689028,4.493625237955712e-05,221,1,1,same_source_cyclic_next_latent,True
mixed_transfer,depablo_mixed_temp,221,0,9.870215222917977e-08,0.0,,5.2160647356913614e-08,140,1,1,same_source_cyclic_next_latent,True
mixed_transfer,depablo_mixed_temp,221,5,0.00025026791263371706,2.707511703192722e-05,-8.243465590143115,4.872664067079313e-05,140,1,1,same_source_cyclic_next_latent,True
mixed_transfer,depablo_mixed_temp,221,10,8.727405656827614e-05,3.6674908187706023e-05,-1.379666668055401,5.399054862209596e-05,140,1,1,same_source_cyclic_next_latent,True
mixed_transfer,depablo_mixed_temp,221,25,5.847515421919525e-05,3.482666943455115e-05,-0.6790337740761021,4.4394204451236874e-05,140,1,1,same_source_cyclic_next_latent,True
mixed_transfer,depablo_mixed_temp,221,50,4.701843499788083e-05,4.851730773225427e-05,0.030893567768538577,5.9147976571694016e-05,140,1,1,same_source_cyclic_next_latent,True
mixed_transfer,depablo_mixed_temp,221,75,6.344605208141729e-05,5.7804521929938346e-05,-0.09759669249261727,8.607618656242266e-05,140,1,1,same_source_cyclic_next_latent,True
mixed_transfer,depablo_mixed_temp,221,100,6.395480158971623e-05,6.448220665333793e-05,0.008179079020311342,6.502569158328697e-05,140,1,1,same_source_cyclic_next_latent,True
mixed_transfer,depablo_mixed_temp,221,125,4.593807534547523e-05,9.433583181817085e-05,0.5130368338298079,9.668838174548e-05,140,1,1,same_source_cyclic_next_latent,True
mixed_transfer,depablo_mixed_temp,221,149,6.378233229042962e-05,0.00012878440611530095,0.5047355948256254,0.00010718567500589415,140,1,1,same_source_cyclic_next_latent,True
mixed_transfer,depablo_mixed_temp,221,175,7.696544344071299e-05,0.00016914735897444189,0.5449799281090612,0.00013223194400779903,140,1,1,same_source_cyclic_next_latent,True
mixed_transfer,depablo_mixed_temp,221,199,5.953283471171744e-05,0.00020088825840502977,0.7036519944750197,0.00015782816626597196,140,1,1,same_source_cyclic_next_latent,True
mixed_transfer,depablo_mixed_temp,140,0,4.38941611946575e-08,0.0,,6.953667508469152e-08,118,1,1,same_source_cyclic_next_latent,True
mixed_transfer,depablo_mixed_temp,140,5,2.130435677827336e-05,5.748682269768324e-06,-2.7059548220834166,2.0676643543993123e-05,118,1,1,same_source_cyclic_next_latent,True
mixed_transfer,depablo_mixed_temp,140,10,1.7557265891809948e-05,6.143378413980827e-06,-1.8579170464013588,1.3528870113077573e-05,118,1,1,same_source_cyclic_next_latent,True
mixed_transfer,depablo_mixed_temp,140,25,8.648125003674068e-06,7.007966814853717e-06,-0.23404194571012504,1.4366420145961456e-05,118,1,1,same_source_cyclic_next_latent,True
mixed_transfer,depablo_mixed_temp,140,50,1.2311740647419356e-05,1.9301036445540376e-05,0.3621202321358209,1.431235341442516e-05,118,1,1,same_source_cyclic_next_latent,True
mixed_transfer,depablo_mixed_temp,140,75,1.2310281817917712e-05,2.7593006961978972e-05,0.5538622581119801,1.4034106243343558e-05,118,1,1,same_source_cyclic_next_latent,True
mixed_transfer,depablo_mixed_temp,140,100,8.168908607331105e-06,4.4695243559544906e-05,0.8172309186222884,1.6040761693147942e-05,118,1,1,same_source_cyclic_next_latent,True
mixed_transfer,depablo_mixed_temp,140,125,9.86353825283004e-06,7.706028554821387e-05,0.8720023137383941,3.0784263799432665e-05,118,1,1,same_source_cyclic_next_latent,True
mixed_transfer,depablo_mixed_temp,140,149,8.23524078441551e-06,0.00010311150253983214,0.920132666273249,2.7494403184391558e-05,118,1,1,same_source_cyclic_next_latent,True
mixed_transfer,depablo_mixed_temp,140,175,7.253559942910215e-06,0.0001441092899767682,0.9496662571574701,3.6614037526305765e-05,118,1,1,same_source_cyclic_next_latent,True
mixed_transfer,depablo_mixed_temp,140,199,1.1989443009952083e-05,0.00018415348313283175,0.9348942914030902,4.270297722541727e-05,118,1,1,same_source_cyclic_next_latent,True
mixed_transfer,depablo_mixed_temp,118,0,7.351759023777049e-08,0.0,,8.948996566005007e-08,158,1,1,same_source_cyclic_next_latent,True
mixed_transfer,depablo_mixed_temp,118,5,2.1706964616896585e-05,7.472703146049753e-06,-1.9048343273707316,1.873132714536041e-05,158,1,1,same_source_cyclic_next_latent,True
mixed_transfer,depablo_mixed_temp,118,10,1.594206696609035e-05,6.560167093994096e-06,-1.4301312356335383,4.172606350039132e-05,158,1,1,same_source_cyclic_next_latent,True
mixed_transfer,depablo_mixed_temp,118,25,1.6889483958948404e-05,9.963821867131628e-06,-0.6950808820321199,3.655662658275105e-05,158,1,1,same_source_cyclic_next_latent,True
mixed_transfer,depablo_mixed_temp,118,50,1.4165861102810595e-05,1.8252863810630515e-05,0.22391021760868224,3.4866039641201496e-05,158,1,1,same_source_cyclic_next_latent,True
mixed_transfer,depablo_mixed_temp,118,75,1.0027816642832477e-05,2.543711343605537e-05,0.6057800871140224,2.603089524200186e-05,158,1,1,same_source_cyclic_next_latent,True
mixed_transfer,depablo_mixed_temp,118,100,1.1592118426051456e-05,4.048683331348002e-05,0.7136817706562424,2.8706934244837612e-05,158,1,1,same_source_cyclic_next_latent,True
mixed_transfer,depablo_mixed_temp,118,125,1.4071625628275797e-05,6.137721356935799e-05,0.7707353460682203,3.0309869543998502e-05,158,1,1,same_source_cyclic_next_latent,True
mixed_transfer,depablo_mixed_temp,118,149,1.3971114640298765e-05,7.702268339926377e-05,0.8186103882167223,3.37546989612747e-05,158,1,1,same_source_cyclic_next_latent,True
mixed_transfer,depablo_mixed_temp,118,175,1.8679056665860116e-05,0.0001161079853773117,0.8391234108045239,5.2347204473335296e-05,158,1,1,same_source_cyclic_next_latent,True
mixed_transfer,depablo_mixed_temp,118,199,1.4921697584213689e-05,0.00014814999303780496,0.8992797955757854,5.8104615163756534e-05,158,1,1,same_source_cyclic_next_latent,True
mixed_transfer,depablo_mixed_temp,158,0,5.5226699657850986e-08,0.0,,5.569368255464724e-08,250,1,1,same_source_cyclic_next_latent,True
mixed_transfer,depablo_mixed_temp,158,5,2.2850965251564048e-05,1.573649569763802e-05,-0.4520999904059886,6.229907739907503e-05,250,1,1,same_source_cyclic_next_latent,True
mixed_transfer,depablo_mixed_temp,158,10,3.8719230360584334e-05,2.0582121578627266e-05,-0.8812069597718668,6.71675443300046e-05,250,1,1,same_source_cyclic_next_latent,True
mixed_transfer,depablo_mixed_temp,158,25,3.524081330397166e-05,2.284510264871642e-05,-0.5425981596958029,5.133152808411978e-05,250,1,1,same_source_cyclic_next_latent,True
mixed_transfer,depablo_mixed_temp,158,50,3.161524364259094e-05,2.7017762477044016e-05,-0.1701651337505552,8.778052870184183e-05,250,1,1,same_source_cyclic_next_latent,True
mixed_transfer,depablo_mixed_temp,158,75,2.441896140226163e-05,4.9534719437360764e-05,0.5070334165687427,5.663733827532269e-05,250,1,1,same_source_cyclic_next_latent,True
mixed_transfer,depablo_mixed_temp,158,100,2.169346043956466e-05,5.9894391597481444e-05,0.6378048117534119,8.269806858152151e-05,250,1,1,same_source_cyclic_next_latent,True
mixed_transfer,depablo_mixed_temp,158,125,2.029168899753131e-05,7.881387864472345e-05,0.7425366021002212,8.998076373245567e-05,250,1,1,same_source_cyclic_next_latent,True
mixed_transfer,depablo_mixed_temp,158,149,1.73518401425099e-05,0.00011068722233176231,0.843235381853731,3.8399473851313815e-05,250,1,1,same_source_cyclic_next_latent,True
mixed_transfer,depablo_mixed_temp,158,175,2.3340357074630447e-05,0.00015321206592489034,0.8476597979817551,7.780821033520624e-05,250,1,1,same_source_cyclic_next_latent,True
mixed_transfer,depablo_mixed_temp,158,199,2.3024298570817336e-05,0.0002061646373476833,0.8883208155044148,9.528454393148422e-05,250,1,1,same_source_cyclic_next_latent,True
mixed_transfer,depablo_mixed_temp,250,0,9.048918769849479e-08,0.0,,1.3550926780681039e-07,136,1,1,same_source_cyclic_next_latent,True
mixed_transfer,depablo_mixed_temp,250,5,0.00011772597645176575,4.835599611396901e-05,-1.4345683247699084,0.00011751167039619759,136,1,1,same_source_cyclic_next_latent,True
mixed_transfer,depablo_mixed_temp,250,10,0.00013339689758140594,5.153584061190486e-05,-1.5884296442540426,8.458529191557318e-05,136,1,1,same_source_cyclic_next_latent,True
mixed_transfer,depablo_mixed_temp,250,25,0.00011949323379667476,5.111822974868119e-05,-1.3375855225064321,7.24629862816073e-05,136,1,1,same_source_cyclic_next_latent,True
mixed_transfer,depablo_mixed_temp,250,50,0.00015286312554962933,6.523817864945158e-05,-1.3431544030531324,6.620381464017555e-05,136,1,1,same_source_cyclic_next_latent,True
mixed_transfer,depablo_mixed_temp,250,75,0.00010959219798678532,8.879067172529176e-05,-0.234276032124761,6.844235758762807e-05,136,1,1,same_source_cyclic_next_latent,True
mixed_transfer,depablo_mixed_temp,250,100,0.00015733741747681051,0.0001296159898629412,-0.21387351701886903,0.00010637412924552336,136,1,1,same_source_cyclic_next_latent,True
mixed_transfer,depablo_mixed_temp,250,125,0.0001296851842198521,0.00019025067740585655,0.31834574263723514,0.00011334750888636336,136,1,1,same_source_cyclic_next_latent,True
mixed_transfer,depablo_mixed_temp,250,149,8.17690888652578e-05,0.00016449361282866448,0.5029041708116171,8.136765973176807e-05,136,1,1,same_source_cyclic_next_latent,True
mixed_transfer,depablo_mixed_temp,250,175,0.00010707439651014283,0.00018673459999263287,0.4265958396870897,9.780744585441425e-05,136,1,1,same_source_cyclic_next_latent,True
mixed_transfer,depablo_mixed_temp,250,199,0.0001367192016914487,0.00025101620121859014,0.455337141476415,0.00012384635920170695,136,1,1,same_source_cyclic_next_latent,True
mixed_transfer,depablo_mixed_temp,136,0,1.252445969157634e-07,0.0,,9.685044233265216e-08,68,1,1,same_source_cyclic_next_latent,True
mixed_transfer,depablo_mixed_temp,136,5,6.78605429129675e-05,1.0966320587613154e-05,-5.188086730714255,1.3186398064135574e-05,68,1,1,same_source_cyclic_next_latent,True
mixed_transfer,depablo_mixed_temp,136,10,3.193020893377252e-05,1.2293307008803822e-05,-1.5973652907965104,1.27218991110567e-05,68,1,1,same_source_cyclic_next_latent,True
mixed_transfer,depablo_mixed_temp,136,25,1.938845161930658e-05,1.05185035863542e-05,-0.843270904471572,1.3053533621132374e-05,68,1,1,same_source_cyclic_next_latent,True
mixed_transfer,depablo_mixed_temp,136,50,1.4425566405407153e-05,1.8912367522716522e-05,0.2372416415829517,1.49367851918214e-05,68,1,1,same_source_cyclic_next_latent,True
mixed_transfer,depablo_mixed_temp,136,75,1.4812129847996403e-05,3.769572140299715e-05,0.6070607141419847,1.1974583685514517e-05,68,1,1,same_source_cyclic_next_latent,True
mixed_transfer,depablo_mixed_temp,136,100,1.9298660845379345e-05,6.272367318160832e-05,0.6923225336388933,1.7174221284221858e-05,68,1,1,same_source_cyclic_next_latent,True
mixed_transfer,depablo_mixed_temp,136,125,2.723193210840691e-05,9.743942064233124e-05,0.7205244866103364,2.3581209461553954e-05,68,1,1,same_source_cyclic_next_latent,True
mixed_transfer,depablo_mixed_temp,136,149,1.7767550161806867e-05,0.00012985024659428746,0.8631689147474555,1.856569360825233e-05,68,1,1,same_source_cyclic_next_latent,True
mixed_transfer,depablo_mixed_temp,136,175,2.642372783157043e-05,0.00018626838573254645,0.8581416394003062,2.3729768145130947e-05,68,1,1,same_source_cyclic_next_latent,True
mixed_transfer,depablo_mixed_temp,136,199,3.0458852052106522e-05,0.00021623147767968476,0.8591377519177534,2.8994614694966003e-05,68,1,1,same_source_cyclic_next_latent,True
mixed_transfer,depablo_mixed_temp,68,0,1.0590820664901912e-07,0.0,,8.153968167334824e-08,96,1,1,same_source_cyclic_next_latent,True
mixed_transfer,depablo_mixed_temp,68,5,3.62355194738484e-06,1.8872113969337079e-06,-0.9200562021150853,5.6378130466328e-06,96,1,1,same_source_cyclic_next_latent,True
mixed_transfer,depablo_mixed_temp,68,10,5.816754764964571e-06,2.4416788164671743e-06,-1.3822767866662904,5.629371116810944e-06,96,1,1,same_source_cyclic_next_latent,True
mixed_transfer,depablo_mixed_temp,68,25,4.014012574771186e-06,5.627597602142487e-06,0.2867271509883704,5.2112254707026295e-06,96,1,1,same_source_cyclic_next_latent,True
mixed_transfer,depablo_mixed_temp,68,50,4.0911781979957595e-06,1.578773844812531e-05,0.740863568810797,9.391075764142442e-06,96,1,1,same_source_cyclic_next_latent,True
mixed_transfer,depablo_mixed_temp,68,75,4.447663286555326e-06,3.037540773220826e-05,0.8535768367040126,1.989186421269551e-05,96,1,1,same_source_cyclic_next_latent,True
mixed_transfer,depablo_mixed_temp,68,100,7.270157311722869e-06,5.9114165196660906e-05,0.8770149711573102,2.5353005185024813e-05,96,1,1,same_source_cyclic_next_latent,True
mixed_transfer,depablo_mixed_temp,68,125,7.079503575369017e-06,8.239176531787962e-05,0.9140751075297968,3.8421865610871464e-05,96,1,1,same_source_cyclic_next_latent,True
mixed_transfer,depablo_mixed_temp,68,149,9.084276825888082e-06,0.00011558266123756766,0.9214045019501989,4.952201197738759e-05,96,1,1,same_source_cyclic_next_latent,True
mixed_transfer,depablo_mixed_temp,68,175,1.3808644325763453e-05,0.00017106324958149344,0.9192775516684832,8.122113649733365e-05,96,1,1,same_source_cyclic_next_latent,True
mixed_transfer,depablo_mixed_temp,68,199,1.674787199590355e-05,0.00021742821263615042,0.9229728663412698,0.00010500283678993583,96,1,1,same_source_cyclic_next_latent,True
mixed_transfer,depablo_mixed_temp,96,0,5.330532459879578e-08,0.0,,2.8129027995760225e-08,262,1,1,same_source_cyclic_next_latent,True
mixed_transfer,depablo_mixed_temp,96,5,3.870983618980972e-06,1.7755693306753528e-06,-1.1801365635824599,2.5949817427317612e-05,262,1,1,same_source_cyclic_next_latent,True
mixed_transfer,depablo_mixed_temp,96,10,3.1032529932417674e-06,1.988127678487217e-06,-0.5608922036652386,1.6278776456601918e-05,262,1,1,same_source_cyclic_next_latent,True
mixed_transfer,depablo_mixed_temp,96,25,2.816573442032677e-06,3.6336575703899143e-06,0.2248654730196712,3.306499638711102e-05,262,1,1,same_source_cyclic_next_latent,True
mixed_transfer,depablo_mixed_temp,96,50,2.113190021191258e-06,1.0712924449762795e-05,0.8027438696967524,1.3415956345852464e-05,262,1,1,same_source_cyclic_next_latent,True
mixed_transfer,depablo_mixed_temp,96,75,2.4816295081109274e-06,2.5437306248932146e-05,0.9024413401393433,8.567604709242005e-06,262,1,1,same_source_cyclic_next_latent,True
mixed_transfer,depablo_mixed_temp,96,100,1.9510550828272244e-06,4.0724535210756585e-05,0.9520914094481331,6.440319793910021e-06,262,1,1,same_source_cyclic_next_latent,True
mixed_transfer,depablo_mixed_temp,96,125,2.839838089130353e-06,6.520055467262864e-05,0.9564445716238281,7.862709026085213e-06,262,1,1,same_source_cyclic_next_latent,True
mixed_transfer,depablo_mixed_temp,96,149,2.3977602268132614e-06,9.046640479937196e-05,0.9734955729463242,8.289996003441047e-06,262,1,1,same_source_cyclic_next_latent,True
mixed_transfer,depablo_mixed_temp,96,175,3.5939933695772197e-06,0.00012494108523242176,0.9712344953392114,6.682357252429938e-06,262,1,1,same_source_cyclic_next_latent,True
mixed_transfer,depablo_mixed_temp,96,199,3.220606458853581e-06,0.0001630225160624832,0.980244407112333,5.60810576644144e-06,262,1,1,same_source_cyclic_next_latent,True
mixed_transfer,depablo_mixed_temp,262,0,4.959604282817054e-08,0.0,,4.633239925055932e-08,70,1,1,same_source_cyclic_next_latent,True
mixed_transfer,depablo_mixed_temp,262,5,6.913427932886407e-05,3.000729702762328e-05,-1.3039155864396035,3.229813592042774e-05,70,1,1,same_source_cyclic_next_latent,True
mixed_transfer,depablo_mixed_temp,262,10,5.639337905449793e-05,2.804812538670376e-05,-1.0105935165717441,3.112496415269561e-05,70,1,1,same_source_cyclic_next_latent,True
mixed_transfer,depablo_mixed_temp,262,25,7.891497807577252e-05,3.341671254020184e-05,-1.3615422367126682,2.9024849936831743e-05,70,1,1,same_source_cyclic_next_latent,True
mixed_transfer,depablo_mixed_temp,262,50,5.492815762409009e-05,4.543422983260825e-05,-0.20895980467722208,3.3706819522194564e-05,70,1,1,same_source_cyclic_next_latent,True
mixed_transfer,depablo_mixed_temp,262,75,4.995603012503125e-05,5.0519352953415364e-05,0.011150634270861826,3.3716336474753916e-05,70,1,1,same_source_cyclic_next_latent,True
mixed_transfer,depablo_mixed_temp,262,100,4.6449607907561585e-05,7.402702613035217e-05,0.3725317585260045,3.8075078919064254e-05,70,1,1,same_source_cyclic_next_latent,True
mixed_transfer,depablo_mixed_temp,262,125,4.874685328104533e-05,8.881043322617188e-05,0.45111343892555256,3.803537038038485e-05,70,1,1,same_source_cyclic_next_latent,True
mixed_transfer,depablo_mixed_temp,262,149,5.056450027041137e-05,0.00013079402560833842,0.6134035936639313,5.03620358358603e-05,70,1,1,same_source_cyclic_next_latent,True
mixed_transfer,depablo_mixed_temp,262,175,4.4414617150323465e-05,0.00015667513071093708,0.7165177590802994,3.805760570685379e-05,70,1,1,same_source_cyclic_next_latent,True
mixed_transfer,depablo_mixed_temp,262,199,3.905292396666482e-05,0.00018418519175611436,0.7879692520646498,3.8948281144257635e-05,70,1,1,same_source_cyclic_next_latent,True
mixed_transfer,depablo_mixed_temp,70,0,4.0878113338749245e-08,0.0,,4.5082607869062485e-08,78,1,1,same_source_cyclic_next_latent,True
mixed_transfer,depablo_mixed_temp,70,5,3.5005655263375957e-06,1.34399056150869e-06,-1.6046057365224744,3.4183376556029543e-06,78,1,1,same_source_cyclic_next_latent,True
mixed_transfer,depablo_mixed_temp,70,10,3.340451712574577e-06,1.8160093304686598e-06,-0.8394463379285075,2.533016640882124e-06,78,1,1,same_source_cyclic_next_latent,True
mixed_transfer,depablo_mixed_temp,70,25,1.9357839846634306e-06,3.822250619123224e-06,0.493548650374089,1.952508682734333e-06,78,1,1,same_source_cyclic_next_latent,True
mixed_transfer,depablo_mixed_temp,70,50,1.3898439874537871e-06,1.149375930253882e-05,0.8790783806350644,1.6731123650970403e-06,78,1,1,same_source_cyclic_next_latent,True
mixed_transfer,depablo_mixed_temp,70,75,1.715700136628584e-06,2.6700765374698676e-05,0.9357434098778921,1.65175902111514e-06,78,1,1,same_source_cyclic_next_latent,True
mixed_transfer,depablo_mixed_temp,70,100,1.6286378468066687e-06,4.5999360736459494e-05,0.9645943373835673,2.8372871838655556e-06,78,1,1,same_source_cyclic_next_latent,True
mixed_transfer,depablo_mixed_temp,70,125,2.2187130070960848e-06,6.957071309443563e-05,0.9681085199732768,2.6021441499324283e-06,78,1,1,same_source_cyclic_next_latent,True
mixed_transfer,depablo_mixed_temp,70,149,2.001356733671855e-06,9.833231888478622e-05,0.9796470096874579,2.798146169880056e-06,78,1,1,same_source_cyclic_next_latent,True
mixed_transfer,depablo_mixed_temp,70,175,1.922337105497718e-06,0.00013775291154161096,0.9860450346639894,3.501442961351131e-06,78,1,1,same_source_cyclic_next_latent,True
mixed_transfer,depablo_mixed_temp,70,199,2.045301016551093e-06,0.00017585520981810987,0.9883694033366053,3.2024113352235872e-06,78,1,1,same_source_cyclic_next_latent,True
mixed_transfer,depablo_mixed_temp,78,0,3.898406930602505e-08,0.0,,1.8252585221034678e-07,44,1,1,same_source_cyclic_next_latent,True
mixed_transfer,depablo_mixed_temp,78,5,3.3675626127660507e-06,1.4125503184914123e-06,-1.3840301960800727,1.8751347852230538e-06,44,1,1,same_source_cyclic_next_latent,True
mixed_transfer,depablo_mixed_temp,78,10,1.8266009647049941e-06,1.781855075932981e-06,-0.025111968631110093,1.4121615095064044e-06,44,1,1,same_source_cyclic_next_latent,True
mixed_transfer,depablo_mixed_temp,78,25,2.0454970126593253e-06,3.92146057492937e-06,0.4783838894781781,3.6394026210473385e-06,44,1,1,same_source_cyclic_next_latent,True
mixed_transfer,depablo_mixed_temp,78,50,1.4539826906911912e-06,1.2238961971888784e-05,0.881200489548804,1.1117053873022087e-05,44,1,1,same_source_cyclic_next_latent,True
mixed_transfer,depablo_mixed_temp,78,75,1.5559959365418763e-06,2.4325721824425273e-05,0.9360349531342781,2.635088821989484e-05,44,1,1,same_source_cyclic_next_latent,True
mixed_transfer,depablo_mixed_temp,78,100,1.8414132227917435e-06,4.797106157639064e-05,0.9616140822762611,4.513749809120782e-05,44,1,1,same_source_cyclic_next_latent,True
mixed_transfer,depablo_mixed_temp,78,125,1.6450449038529769e-06,6.928451330168173e-05,0.9762566723000558,6.123114144429564e-05,44,1,1,same_source_cyclic_next_latent,True
mixed_transfer,depablo_mixed_temp,78,149,2.184646973546478e-06,9.965606295736507e-05,0.9780781328429449,9.063445759238675e-05,44,1,1,same_source_cyclic_next_latent,True
mixed_transfer,depablo_mixed_temp,78,175,2.540909918025136e-06,0.00013577769277617335,0.9812862491174175,0.00012258748756721616,44,1,1,same_source_cyclic_next_latent,True
mixed_transfer,depablo_mixed_temp,78,199,2.5287508833571337e-06,0.00017324589134659618,0.9854036891512878,0.00014880260278005153,44,1,1,same_source_cyclic_next_latent,True
mixed_transfer,depablo_mixed_temp,44,0,1.489331253878845e-07,0.0,,9.047140281381871e-08,36,1,1,same_source_cyclic_next_latent,True
mixed_transfer,depablo_mixed_temp,44,5,5.468880885928229e-07,3.781680391057307e-07,-0.4461510017770707,3.2297037932949024e-07,36,1,1,same_source_cyclic_next_latent,True
mixed_transfer,depablo_mixed_temp,44,10,3.4357623235337087e-07,6.340637810353655e-07,0.4581361644843619,2.553130400428927e-07,36,1,1,same_source_cyclic_next_latent,True
mixed_transfer,depablo_mixed_temp,44,25,6.473264875239693e-07,2.970265768453828e-06,0.7820644555113547,5.104419642520952e-07,36,1,1,same_source_cyclic_next_latent,True
mixed_transfer,depablo_mixed_temp,44,50,2.0887164282612503e-06,1.2383442481223028e-05,0.8313299043114737,1.9988833628303837e-06,36,1,1,same_source_cyclic_next_latent,True
mixed_transfer,depablo_mixed_temp,44,75,4.3371769606892485e-06,2.688998392841313e-05,0.8387065989985067,4.075948709214572e-06,36,1,1,same_source_cyclic_next_latent,True
mixed_transfer,depablo_mixed_temp,44,100,7.225956323964056e-06,4.955984331900254e-05,0.8541973533400289,6.430799203371862e-06,36,1,1,same_source_cyclic_next_latent,True
mixed_transfer,depablo_mixed_temp,44,125,9.32283182919491e-06,7.413839921355247e-05,0.874250969428934,9.312999281974044e-06,36,1,1,same_source_cyclic_next_latent,True
mixed_transfer,depablo_mixed_temp,44,149,1.3775577826891094e-05,0.00010949795978376642,0.8741932922394652,1.4054219718673266e-05,36,1,1,same_source_cyclic_next_latent,True
mixed_transfer,depablo_mixed_temp,44,175,1.8095750419888645e-05,0.00015169796824920923,0.8807119790150322,2.0882485841866583e-05,36,1,1,same_source_cyclic_next_latent,True
mixed_transfer,depablo_mixed_temp,44,199,2.486065568518825e-05,0.00019818956207018346,0.8745612260024849,2.8059983378625475e-05,36,1,1,same_source_cyclic_next_latent,True
mixed_transfer,depablo_mixed_temp,36,0,1.1848202063902136e-07,0.0,,6.160143328770573e-08,39,1,1,same_source_cyclic_next_latent,True
mixed_transfer,depablo_mixed_temp,36,5,3.0950448604016856e-07,3.3019685474755534e-07,0.0626667650217525,2.5003885184560204e-07,39,1,1,same_source_cyclic_next_latent,True
mixed_transfer,depablo_mixed_temp,36,10,3.156820582717046e-07,8.42837948766828e-07,0.6254534353447363,3.7745508052466903e-07,39,1,1,same_source_cyclic_next_latent,True
mixed_transfer,depablo_mixed_temp,36,25,5.36201127943059e-07,3.554258228177787e-06,0.8491383873878063,1.0075168574985582e-06,39,1,1,same_source_cyclic_next_latent,True
mixed_transfer,depablo_mixed_temp,36,50,1.6676178802299546e-06,1.4621562513639219e-05,0.8859480388177136,3.7962113310641143e-06,39,1,1,same_source_cyclic_next_latent,True
mixed_transfer,depablo_mixed_temp,36,75,3.2200086934608407e-06,3.327914600959048e-05,0.9032424482126769,8.98397593118716e-06,39,1,1,same_source_cyclic_next_latent,True
mixed_transfer,depablo_mixed_temp,36,100,5.366137429518858e-06,5.905385114601813e-05,0.9091314567063475,1.5453008018084802e-05,39,1,1,same_source_cyclic_next_latent,True
mixed_transfer,depablo_mixed_temp,36,125,8.7990629253909e-06,9.289666195400059e-05,0.9052811722153384,2.462282827764284e-05,39,1,1,same_source_cyclic_next_latent,True
mixed_transfer,depablo_mixed_temp,36,149,1.278952095162822e-05,0.0001317297574132681,0.9029109200322566,3.493290569167584e-05,39,1,1,same_source_cyclic_next_latent,True
mixed_transfer,depablo_mixed_temp,36,175,1.7593210941413417e-05,0.0001856548187788576,0.9052369819586017,4.975494812242687e-05,39,1,1,same_source_cyclic_next_latent,True
mixed_transfer,depablo_mixed_temp,36,199,2.1125002604094334e-05,0.00023682504252064973,0.9107991182889691,6.0805872635683045e-05,39,1,1,same_source_cyclic_next_latent,True
mixed_transfer,depablo_mixed_temp,39,0,6.373590366592907e-08,0.0,,6.767869109580715e-08,268,1,1,same_source_cyclic_next_latent,True
mixed_transfer,depablo_mixed_temp,39,5,1.9159537600899057e-07,2.2900907481471222e-07,0.1633721232924613,6.833895167801529e-05,268,1,1,same_source_cyclic_next_latent,True
mixed_transfer,depablo_mixed_temp,39,10,2.516278811981465e-07,5.392316211327852e-07,0.5333584468404471,7.734812970738858e-05,268,1,1,same_source_cyclic_next_latent,True
mixed_transfer,depablo_mixed_temp,39,25,2.461997894442902e-07,2.620684426801745e-06,0.9060551560781587,6.0481499531306326e-05,268,1,1,same_source_cyclic_next_latent,True
mixed_transfer,depablo_mixed_temp,39,50,3.855288639442733e-07,1.0089373063237872e-05,0.9617886204100228,0.00015024913591332734,268,1,1,same_source_cyclic_next_latent,True
mixed_transfer,depablo_mixed_temp,39,75,6.736841555721185e-07,2.215639869973529e-05,0.969594149089754,5.724165021092631e-05,268,1,1,same_source_cyclic_next_latent,True
mixed_transfer,depablo_mixed_temp,39,100,1.1179456578247482e-06,4.0103928768076e-05,0.9721237870661024,3.0109287763480097e-05,268,1,1,same_source_cyclic_next_latent,True
mixed_transfer,depablo_mixed_temp,39,125,1.7681192048257799e-06,6.175228190841153e-05,0.9713675486932097,2.4730712539167143e-05,268,1,1,same_source_cyclic_next_latent,True
mixed_transfer,depablo_mixed_temp,39,149,2.454040213706321e-06,8.764490485191345e-05,0.972000195358159,1.9660323232528754e-05,268,1,1,same_source_cyclic_next_latent,True
mixed_transfer,depablo_mixed_temp,39,175,3.396708734726417e-06,0.00012142759078415111,0.9720268786295498,3.008641942869872e-05,268,1,1,same_source_cyclic_next_latent,True
mixed_transfer,depablo_mixed_temp,39,199,4.5781848712067585e-06,0.00015619987971149385,0.9706902151290845,2.2070911654736847e-05,268,1,1,same_source_cyclic_next_latent,True
