split,source,sim_idx,frame,z0,z1,z2,z3,z4,z5
train,reid,0,0,-2.2266881465911865,1.4875049591064453,0.3705127239227295,-1.125349998474121,-1.233189344406128,1.9400265216827393
train,reid,0,10,-2.440598249435425,2.0296149253845215,0.8030221462249756,-0.21574681997299194,-1.5343742370605469,1.2759077548980713
train,reid,0,20,-2.7755699157714844,2.706622838973999,1.3122682571411133,0.7745887637138367,-1.9238027334213257,0.5998952984809875
train,reid,0,30,-3.169009208679199,3.4627208709716797,1.8725934028625488,1.8383777141571045,-2.363051652908325,-0.11018393188714981
train,reid,0,40,-3.615865707397461,4.297142028808594,2.4855802059173584,2.9842209815979004,-2.850813865661621,-0.8637861013412476
train,reid,0,50,-4.112439155578613,5.211093902587891,3.1541218757629395,4.222875595092773,-3.386990785598755,-1.671565055847168
train,reid,0,60,-4.653672218322754,6.202091217041016,3.8781111240386963,5.558858871459961,-3.9694244861602783,-2.5396206378936768
train,reid,0,70,-5.234708786010742,7.267339706420898,4.657028675079346,6.995509147644043,-4.595836162567139,-3.4729790687561035
train,reid,0,80,-5.850455284118652,8.403303146362305,5.489746570587158,8.534882545471191,-5.263524055480957,-4.475738048553467
train,reid,0,90,-6.497297763824463,9.6039457321167,6.371977806091309,10.169605255126953,-5.968850135803223,-5.5434417724609375
train,reid,0,100,-7.17173957824707,10.864270210266113,7.3004021644592285,11.894696235656738,-6.708670616149902,-6.6736040115356445
train,reid,1,0,-2.6482043266296387,1.5274769067764282,0.20614652335643768,-1.9244500398635864,-1.3295557498931885,2.803943395614624
train,reid,1,10,-2.919665813446045,2.0569400787353516,0.5994336605072021,-1.169856071472168,-1.634701132774353,2.2949447631835938
train,reid,1,20,-3.2579033374786377,2.6316373348236084,1.0065609216690063,-0.4445715546607971,-1.9742828607559204,1.8411688804626465
train,reid,1,30,-3.604910373687744,3.212930202484131,1.4166152477264404,0.2779061794281006,-2.319105386734009,1.3942421674728394
train,reid,1,40,-3.9576830863952637,3.8009119033813477,1.8310470581054688,1.004256248474121,-2.6686463356018066,0.9471768140792847
train,reid,1,50,-4.315308570861816,4.396588325500488,2.251216173171997,1.738965392112732,-3.0231878757476807,0.49576371908187866
train,reid,1,60,-4.677812576293945,5.001023769378662,2.6781115531921387,2.4846746921539307,-3.383211612701416,0.0377572625875473
train,reid,1,70,-5.046045780181885,5.615813732147217,3.112853527069092,3.243586540222168,-3.7496042251586914,-0.4283432960510254
train,reid,1,80,-5.421471118927002,6.2424540519714355,3.556201219558716,4.016367435455322,-4.123324871063232,-0.9024690985679626
train,reid,1,90,-5.806143283843994,6.882696628570557,4.008885383605957,4.803023815155029,-4.50557804107666,-1.3837097883224487
train,reid,1,100,-6.202202796936035,7.5384368896484375,4.471765995025635,5.603763580322266,-4.897653579711914,-1.871294617652893
train,reid,2,0,-2.5769171714782715,1.5773547887802124,0.3203553855419159,-1.6258691549301147,-1.3422057628631592,2.4850456714630127
train,reid,2,10,-2.3232533931732178,1.7158228158950806,0.5748388171195984,-0.7347189784049988,-1.3630223274230957,1.6244356632232666
train,reid,2,20,-2.0799829959869385,1.8800115585327148,0.8506359457969666,0.19798791408538818,-1.3983124494552612,0.7339167594909668
train,reid,2,30,-1.8520231246948242,2.0760679244995117,1.151534914970398,1.1771587133407593,-1.451964020729065,-0.18835192918777466
train,reid,2,40,-1.644334077835083,2.3065264225006104,1.4777357578277588,2.198596715927124,-1.5261059999465942,-1.1366124153137207
train,reid,2,50,-1.4610036611557007,2.5738883018493652,1.829802393913269,3.2599081993103027,-1.6226935386657715,-2.1070122718811035
train,reid,2,60,-1.3049895763397217,2.878748893737793,2.2069520950317383,4.356350898742676,-1.7425450086593628,-3.0942587852478027
train,reid,2,70,-1.180206298828125,3.2222275733947754,2.608424663543701,5.482495307922363,-1.8869048357009888,-4.092048645019531
train,reid,2,80,-1.0889734029769897,3.603501319885254,3.03228759765625,6.631460666656494,-2.0557773113250732,-5.093604564666748
train,reid,2,90,-1.033273458480835,4.021852970123291,3.4768567085266113,7.797366142272949,-2.2491660118103027,-6.093127250671387
train,reid,2,100,-1.012757658958435,4.475327014923096,3.9403390884399414,8.976106643676758,-2.4660532474517822,-7.087340354919434
train,reid,3,0,-2.644184112548828,1.632098913192749,0.344734251499176,-1.6289660930633545,-1.3804502487182617,2.5155816078186035
train,reid,3,10,-2.3732900619506836,1.754737377166748,0.5917245149612427,-0.741063117980957,-1.3904088735580444,1.650056004524231
train,reid,3,20,-2.108882188796997,1.9016292095184326,0.860368013381958,0.19301022589206696,-1.413435459136963,0.7490397095680237
train,reid,3,30,-1.8579884767532349,2.079592704772949,1.1541115045547485,1.1753265857696533,-1.454137921333313,-0.18597668409347534
train,reid,3,40,-1.625545620918274,2.2910311222076416,1.4730156660079956,2.2013936042785645,-1.5145756006240845,-1.14900541305542
train,reid,3,50,-1.4142910242080688,2.536803722381592,1.8166537284851074,3.267538070678711,-1.595658540725708,-2.135740280151367
train,reid,3,60,-1.2277451753616333,2.8176651000976562,2.184105396270752,4.3682050704956055,-1.698380470275879,-3.1399612426757812
train,reid,3,70,-1.0682899951934814,3.133106231689453,2.573725938796997,5.497107028961182,-1.8229117393493652,-4.155353546142578
train,reid,3,80,-0.9377423524856567,3.4827377796173096,2.9842610359191895,6.649483680725098,-1.9693806171417236,-5.177137851715088
train,reid,3,90,-0.8378676772117615,3.8647541999816895,3.413048505783081,7.817160129547119,-2.1372101306915283,-6.1977105140686035
train,reid,3,100,-0.7695047855377197,4.277370452880859,3.8578896522521973,8.99400806427002,-2.325669527053833,-7.211595058441162
train,reid,4,0,-2.4286394119262695,1.4685419797897339,0.2569800615310669,-1.6035444736480713,-1.2622228860855103,2.4306371212005615
train,reid,4,10,-2.493070125579834,1.8230535984039307,0.5747411251068115,-0.8475170135498047,-1.445046305656433,1.8267416954040527
train,reid,4,20,-2.5841448307037354,2.184396743774414,0.886987566947937,-0.13084521889686584,-1.6360893249511719,1.2679014205932617
train,reid,4,30,-2.685936212539673,2.5472257137298584,1.1960315704345703,0.5671094655990601,-1.8299144506454468,0.7295818328857422
train,reid,4,40,-2.797232151031494,2.9123246669769287,1.503205418586731,1.2508714199066162,-2.026679039001465,0.20746025443077087
train,reid,4,50,-2.9165735244750977,3.2795636653900146,1.8090492486953735,1.9231863021850586,-2.226046323776245,-0.3014135956764221
train,reid,4,60,-3.0431735515594482,3.649217367172241,2.114175319671631,2.586383819580078,-2.428004503250122,-0.7993255853652954
train,reid,4,70,-3.176751136779785,4.021266460418701,2.418684959411621,3.2409727573394775,-2.6324799060821533,-1.2868319749832153
train,reid,4,80,-3.316032648086548,4.395852565765381,2.7232956886291504,3.890009641647339,-2.8393092155456543,-1.7670564651489258
train,reid,4,90,-3.460519313812256,4.772597312927246,3.0278563499450684,4.533578872680664,-3.0482099056243896,-2.240295648574829
train,reid,4,100,-3.6106364727020264,5.152623176574707,3.333254337310791,5.173558712005615,-3.25980281829834,-2.707915782928467
train,reid,5,0,-2.182379722595215,1.4719468355178833,0.374862939119339,-1.0711737871170044,-1.217381238937378,1.876524806022644
train,reid,5,10,-2.5090978145599365,2.1440563201904297,0.883301317691803,-0.07441021502017975,-1.6018708944320679,1.189630389213562
train,reid,5,20,-2.971571207046509,2.9685850143432617,1.479368805885315,1.0155659914016724,-2.0858328342437744,0.48714596033096313
train,reid,5,30,-3.482802629470825,3.866807460784912,2.1262145042419434,2.185927391052246,-2.6152524948120117,-0.25952309370040894
train,reid,5,40,-4.031836986541748,4.831822872161865,2.822077751159668,3.4425768852233887,-3.1846656799316406,-1.0603512525558472
train,reid,5,50,-4.611404895782471,5.859862327575684,3.5665791034698486,4.791540622711182,-3.790828227996826,-1.9237428903579712
train,reid,5,60,-5.211861610412598,6.941944122314453,4.355295658111572,6.230928421020508,-4.427515983581543,-2.8525943756103516
train,reid,5,70,-5.826241493225098,8.070096969604492,5.18355131149292,7.755758285522461,-5.0894999504089355,-3.846015453338623
train,reid,5,80,-6.451851844787598,9.238931655883789,6.047215938568115,9.358301162719727,-5.773595809936523,-4.898854732513428
train,reid,5,90,-7.089561939239502,10.444231986999512,6.941700458526611,11.026300430297852,-6.4778594970703125,-6.000569820404053
train,reid,5,100,-7.746908664703369,11.692015647888184,7.869414806365967,12.758794784545898,-7.2065558433532715,-7.1469855308532715
train,reid,6,0,-2.361830234527588,1.4612820148468018,0.27603644132614136,-1.4834513664245605,-1.2460877895355225,2.306580066680908
train,reid,6,10,-2.511190414428711,1.9060488939285278,0.6426408290863037,-0.6817681789398193,-1.4881001710891724,1.7032537460327148
train,reid,6,20,-2.712286949157715,2.3803415298461914,1.0147380828857422,0.08416490256786346,-1.7541189193725586,1.1533869504928589
train,reid,6,30,-2.9420931339263916,2.871408224105835,1.3906809091567993,0.8312660455703735,-2.033900737762451,0.6325075626373291
train,reid,6,40,-3.198415756225586,3.380276679992676,1.7724741697311401,1.56659996509552,-2.327558994293213,0.1337936520576477
train,reid,6,50,-3.4772138595581055,3.90604305267334,2.1610538959503174,2.2964088916778564,-2.6339011192321777,-0.3497782349586487
train,reid,6,60,-3.776360034942627,4.44920015335083,2.5578410625457764,3.0264015197753906,-2.9527478218078613,-0.8239479064941406
train,reid,6,70,-4.093301296234131,5.009342193603516,2.963557004928589,3.7609450817108154,-3.283409357070923,-1.2935187816619873
train,reid,6,80,-4.4258222579956055,5.58595085144043,3.3786733150482178,4.503466606140137,-3.6251983642578125,-1.762385368347168
train,reid,6,90,-4.772407531738281,6.178837299346924,3.8036537170410156,5.256703853607178,-3.977712869644165,-2.233541965484619
train,reid,6,100,-5.132185459136963,6.788200378417969,4.239052772521973,6.023028373718262,-4.340870380401611,-2.7093801498413086
train,reid,7,0,-2.291830062866211,1.4709304571151733,0.32087770104408264,-1.3071112632751465,-1.2368793487548828,2.123837947845459
train,reid,7,10,-2.4704222679138184,1.9699971675872803,0.7278411984443665,-0.42950835824012756,-1.510617733001709,1.469943881034851
train,reid,7,20,-2.714829444885254,2.520129680633545,1.1549286842346191,0.43656131625175476,-1.8215827941894531,0.8558474183082581
train,reid,7,30,-2.99137544631958,3.0953497886657715,1.5922801494598389,1.2973952293395996,-2.1510443687438965,0.2610541880130768
train,reid,7,40,-3.2939271926879883,3.692500591278076,2.0396242141723633,2.158079147338867,-2.4962961673736572,-0.3215080797672272
train,reid,7,50,-3.619288444519043,4.310756206512451,2.497602939605713,3.0232930183410645,-2.8563220500946045,-0.8972132205963135
train,reid,7,60,-3.963714122772217,4.948812484741211,2.9666547775268555,3.8977012634277344,-3.2297701835632324,-1.4716821908950806
train,reid,7,70,-4.32381010055542,5.605134963989258,3.446807622909546,4.7846293449401855,-3.6152515411376953,-2.049234390258789
train,reid,7,80,-4.69556999206543,6.277674674987793,3.9378724098205566,5.687431335449219,-4.0110039710998535,-2.634510040283203
train,reid,7,90,-5.075299263000488,6.964366912841797,4.439484596252441,6.608736991882324,-4.41532564163208,-3.231382131576538
train,reid,7,100,-5.458844184875488,7.662834167480469,4.951179027557373,7.551385402679443,-4.826269626617432,-3.8441197872161865
train,reid,8,0,-2.6518425941467285,1.5977991819381714,0.29291361570358276,-1.7420992851257324,-1.3648658990859985,2.6310343742370605
train,reid,8,10,-2.433750867843628,1.7625243663787842,0.5562670826911926,-0.8616330623626709,-1.4049415588378906,1.7959959506988525
train,reid,8,20,-2.2098894119262695,1.9362256526947021,0.8315436840057373,0.05267475172877312,-1.44855535030365,0.930467963218689
train,reid,8,30,-1.9883849620819092,2.124995470046997,1.1210187673568726,0.998947262763977,-1.5000765323638916,0.03955228626728058
train,reid,8,40,-1.7727895975112915,2.330847978591919,1.4250441789627075,1.9747025966644287,-1.5611097812652588,-0.8731074929237366
train,reid,8,50,-1.5662308931350708,2.555537700653076,1.743903636932373,2.9776999950408936,-1.633062481880188,-1.8042494058609009
train,reid,8,60,-1.3712983131408691,2.8002071380615234,2.0775187015533447,4.005307197570801,-1.7169544696807861,-2.7505109310150146
train,reid,8,70,-1.1908962726593018,3.0660064220428467,2.425659656524658,5.0542683601379395,-1.8138612508773804,-3.7078776359558105
train,reid,8,80,-1.0270462036132812,3.353456735610962,2.7878870964050293,6.121615409851074,-1.924399971961975,-4.6729583740234375
train,reid,8,90,-0.882311224937439,3.662914514541626,3.163337230682373,7.202865123748779,-2.049194574356079,-5.640872001647949
train,reid,8,100,-0.7585305571556091,3.9945693016052246,3.551314115524292,8.294641494750977,-2.1886649131774902,-6.607975482940674
train,reid,9,0,-2.6565895080566406,1.5874701738357544,0.2850009500980377,-1.7751338481903076,-1.3612412214279175,2.654672145843506
train,reid,9,10,-2.4507791996002197,1.7461813688278198,0.5365743637084961,-0.9349194169044495,-1.4003809690475464,1.8583167791366577
train,reid,9,20,-2.2491283416748047,1.9186992645263672,0.8003024458885193,-0.06956298649311066,-1.4471019506454468,1.043044924736023
train,reid,9,30,-2.0574867725372314,2.1118950843811035,1.0802521705627441,0.8257591724395752,-1.5057775974273682,0.20742294192314148
train,reid,9,40,-1.878085970878601,2.3270390033721924,1.3766345977783203,1.749491572380066,-1.5774208307266235,-0.6462534070014954
train,reid,9,50,-1.7122526168823242,2.564871311187744,1.6895595788955688,2.7006723880767822,-1.662624716758728,-1.5165876150131226
train,reid,9,60,-1.5618780851364136,2.8258609771728516,2.01859188079834,3.676473379135132,-1.7619552612304688,-2.4003663063049316
train,reid,9,70,-1.4283430576324463,3.110313892364502,2.363358974456787,4.674745559692383,-1.875802993774414,-3.295175313949585
train,reid,9,80,-1.3123881816864014,3.4171814918518066,2.722461700439453,5.691321849822998,-2.003783702850342,-4.197208881378174
train,reid,9,90,-1.2152258157730103,3.746371269226074,3.0952091217041016,6.723443508148193,-2.1460647583007812,-5.103626251220703
train,reid,9,100,-1.1364421844482422,4.096294403076172,3.480194091796875,7.768031120300293,-2.301790952682495,-6.012045383453369
train,reid,10,0,-2.5495126247406006,1.6327097415924072,0.38930633664131165,-1.4293184280395508,-1.365006685256958,2.3086612224578857
train,reid,10,10,-2.287571430206299,1.763149619102478,0.6391307711601257,-0.5416029095649719,-1.3804839849472046,1.4477368593215942
train,reid,10,20,-2.033763885498047,1.916459321975708,0.9083956480026245,0.3851220905780792,-1.4086979627609253,0.5581300258636475
train,reid,10,30,-1.7926819324493408,2.0963258743286133,1.1986340284347534,1.3503248691558838,-1.4522556066513062,-0.35766538977622986
train,reid,10,40,-1.5691511631011963,2.3047304153442383,1.509560227394104,2.348731279373169,-1.5129849910736084,-1.2930772304534912
train,reid,10,50,-1.3662943840026855,2.542489767074585,1.840528130531311,3.375762939453125,-1.5918421745300293,-2.242875099182129
train,reid,10,60,-1.18757164478302,2.8099889755249023,2.190290927886963,4.425085067749023,-1.689629077911377,-3.2002203464508057
train,reid,10,70,-1.0359327793121338,3.106837749481201,2.557055950164795,5.489530086517334,-1.8066807985305786,-4.157803535461426
train,reid,10,80,-0.9131629467010498,3.4318275451660156,2.938769578933716,6.562394618988037,-1.9427157640457153,-5.109246253967285
train,reid,10,90,-0.8210184574127197,3.78328800201416,3.3329036235809326,7.635892868041992,-2.097222328186035,-6.0472731590271
train,reid,10,100,-0.759657621383667,4.158503532409668,3.7366528511047363,8.703021049499512,-2.2688941955566406,-6.9659857749938965
train,reid,11,0,-2.608128070831299,1.5167181491851807,0.21435867249965668,-1.8673609495162964,-1.3174011707305908,2.7386772632598877
train,reid,11,10,-2.7852210998535156,1.9768043756484985,0.5835558176040649,-1.0858091115951538,-1.5717096328735352,2.1641907691955566
train,reid,11,20,-3.0121729373931885,2.463651180267334,0.9560686349868774,-0.34335872530937195,-1.8483150005340576,1.645323395729065
train,reid,11,30,-3.254143714904785,2.957200527191162,1.3285664319992065,0.3837052285671234,-2.1312756538391113,1.1465283632278442
train,reid,11,40,-3.513087511062622,3.462827682495117,1.7055201530456543,1.104663610458374,-2.4235661029815674,0.6609041690826416
train,reid,11,50,-3.7916271686553955,3.9857287406921387,2.0909066200256348,1.8269867897033691,-2.7282040119171143,0.18337222933769226
train,reid,11,60,-4.090470314025879,4.5291218757629395,2.487605094909668,2.557208776473999,-3.0469114780426025,-0.29118815064430237
train,reid,11,70,-4.411301612854004,5.09738302230835,2.89917254447937,3.3027515411376953,-3.3821609020233154,-0.7681922912597656
train,reid,11,80,-4.754927158355713,5.693363189697266,3.328057050704956,4.0690789222717285,-3.735522985458374,-1.251806616783142
train,reid,11,90,-5.120094299316406,6.318796157836914,3.77652907371521,4.863251209259033,-4.107656478881836,-1.748456358909607
train,reid,11,100,-5.502363681793213,6.9718122482299805,4.244746208190918,5.690028190612793,-4.49685525894165,-2.2640936374664307
train,reid,12,0,-2.608673572540283,1.63510000705719,0.3636704981327057,-1.547824501991272,-1.3761996030807495,2.4330263137817383
train,reid,12,10,-2.3219451904296875,1.7384306192398071,0.599031388759613,-0.6745050549507141,-1.3739545345306396,1.5724618434906006
train,reid,12,20,-2.042283296585083,1.8724347352981567,0.8623298406600952,0.25929731130599976,-1.3881429433822632,0.6649006605148315
train,reid,12,30,-1.7858290672302246,2.0491726398468018,1.157896637916565,1.2494056224822998,-1.427545428276062,-0.2788302004337311
train,reid,12,40,-1.558617115020752,2.270273447036743,1.4845367670059204,2.2870898246765137,-1.4940372705459595,-1.2487215995788574
train,reid,12,50,-1.3670573234558105,2.5375137329101562,1.8409873247146606,3.3632473945617676,-1.5896302461624146,-2.2342848777770996
train,reid,12,60,-1.2158801555633545,2.850146532058716,2.2242584228515625,4.466080188751221,-1.714798092842102,-3.2235567569732666
train,reid,12,70,-1.1083996295928955,3.2058510780334473,2.6304171085357666,5.582939147949219,-1.8689801692962646,-4.204514026641846
train,reid,12,80,-1.0455350875854492,3.600594997406006,3.054989814758301,6.70194673538208,-2.050356388092041,-5.166864395141602
train,reid,12,90,-1.0275359153747559,4.029599666595459,3.493025064468384,7.810866355895996,-2.2566168308258057,-6.100324630737305
train,reid,12,100,-1.052634358406067,4.487852096557617,3.940305709838867,8.901121139526367,-2.4849765300750732,-6.998578071594238
train,reid,13,0,-2.0501859188079834,1.4022853374481201,0.3619764447212219,-0.9708460569381714,-1.1602528095245361,1.7409148216247559
train,reid,13,10,-2.1584925651550293,1.8606069087982178,0.7611297965049744,-0.047015298157930374,-1.4013501405715942,1.0168850421905518
train,reid,13,20,-2.3115382194519043,2.360293388366699,1.1805176734924316,0.8853237628936768,-1.6711406707763672,0.30641329288482666
train,reid,13,30,-2.488917827606201,2.88027024269104,1.6089725494384766,1.8164081573486328,-1.955775499343872,-0.39144954085350037
train,reid,13,40,-2.690742254257202,3.4203906059265137,2.046271800994873,2.745208740234375,-2.2552404403686523,-1.0757001638412476
train,reid,13,50,-2.9172749519348145,3.981564521789551,2.4931371212005615,3.6730287075042725,-2.5700278282165527,-1.7472505569458008
train,reid,13,60,-3.16909122467041,4.566378116607666,2.951777696609497,4.6047821044921875,-2.9014713764190674,-2.4099323749542236
train,reid,13,70,-3.446812629699707,5.179344654083252,3.42626690864563,5.550169467926025,-3.2518534660339355,-3.07155179977417
train,reid,13,80,-3.7527387142181396,5.825179100036621,3.920109748840332,6.51584529876709,-3.6238629817962646,-3.7366080284118652
train,reid,13,90,-4.09140682220459,6.512356758117676,4.439481735229492,7.513199806213379,-4.022446155548096,-4.412531852722168
train,reid,13,100,-4.46566104888916,7.247262954711914,4.989284038543701,8.552050590515137,-4.4512152671813965,-5.1062140464782715
train,reid,14,0,-2.392526149749756,1.501600742340088,0.30491456389427185,-1.4443188905715942,-1.2708091735839844,2.2835850715637207
train,reid,14,10,-2.5121042728424072,1.907335877418518,0.6474957466125488,-0.6765941381454468,-1.4885542392730713,1.69488525390625
train,reid,14,20,-2.6641902923583984,2.326425552368164,0.988362193107605,0.05564926192164421,-1.71894371509552,1.1507923603057861
train,reid,14,30,-2.8323466777801514,2.748750686645508,1.3253200054168701,0.7621439695358276,-1.954089879989624,0.6356135606765747
train,reid,14,40,-3.0191378593444824,3.181657552719116,1.6644399166107178,1.4558980464935303,-2.1979973316192627,0.1395859718322754
train,reid,14,50,-3.2256033420562744,3.630418062210083,2.010436534881592,2.1478989124298096,-2.45339298248291,-0.346014142036438
train,reid,14,60,-3.4514365196228027,4.0983967781066895,2.3667612075805664,2.8471744060516357,-2.721846103668213,-0.8288542628288269
train,reid,14,70,-3.696117877960205,4.588659763336182,2.7366604804992676,3.562457323074341,-3.004746437072754,-1.3164432048797607
train,reid,14,80,-3.9577059745788574,5.102816581726074,3.1226139068603516,4.301855087280273,-3.3025150299072266,-1.8164170980453491
train,reid,14,90,-4.23426628112793,5.641791820526123,3.526394844055176,5.071743965148926,-3.615246057510376,-2.334951400756836
train,reid,14,100,-4.521107196807861,6.202619552612305,3.947218894958496,5.874578475952148,-3.940633773803711,-2.8761982917785645
train,reid,15,0,-2.585193157196045,1.5290900468826294,0.2498268485069275,-1.7761225700378418,-1.3180581331253052,2.635474681854248
train,reid,15,10,-2.6147122383117676,1.874466061592102,0.5752300024032593,-0.9678211808204651,-1.4901583194732666,1.9720878601074219
train,reid,15,20,-2.6714882850646973,2.230802536010742,0.8988988399505615,-0.18982446193695068,-1.672601342201233,1.346455693244934
train,reid,15,30,-2.7362277507781982,2.586913585662842,1.2188316583633423,0.5707979798316956,-1.8565285205841064,0.7391036748886108
train,reid,15,40,-2.8081469535827637,2.942873239517212,1.5354505777359009,1.31588613986969,-2.0418171882629395,0.14811915159225464
train,reid,15,50,-2.88626766204834,3.2985916137695312,1.8491065502166748,2.0472726821899414,-2.2282395362854004,-0.42847955226898193
train,reid,15,60,-2.9706549644470215,3.654780387878418,2.160458564758301,2.7665915489196777,-2.4161362648010254,-0.9920459389686584
train,reid,15,70,-3.060558557510376,4.011232376098633,2.469640016555786,3.4749059677124023,-2.605266809463501,-1.5438110828399658
train,reid,15,80,-3.1565499305725098,4.369386672973633,2.777792453765869,4.174594402313232,-2.796424388885498,-2.0855154991149902
train,reid,15,90,-3.25795578956604,4.728699684143066,3.084686756134033,4.865723609924316,-2.989215850830078,-2.6175241470336914
train,reid,15,100,-3.3648641109466553,5.089998245239258,3.391078233718872,5.550148010253906,-3.1840548515319824,-3.141345977783203
train,reid,16,0,-2.4192585945129395,1.5452395677566528,0.3543075919151306,-1.3800675868988037,-1.2991399765014648,2.220365524291992
train,reid,16,10,-2.28366756439209,1.7589032649993896,0.626979410648346,-0.5520959496498108,-1.377760410308838,1.466176986694336
train,reid,16,20,-2.1525990962982178,1.9784412384033203,0.9035736322402954,0.28050076961517334,-1.4601930379867554,0.7104346752166748
train,reid,16,30,-2.0312914848327637,2.2102949619293213,1.188029408454895,1.122894287109375,-1.5504685640335083,-0.04893115907907486
train,reid,16,40,-1.9207488298416138,2.4551775455474854,1.4805774688720703,1.9747995138168335,-1.6490992307662964,-0.811263918876648
train,reid,16,50,-1.8214718103408813,2.7130932807922363,1.7809865474700928,2.8351752758026123,-1.7561798095703125,-1.5754727125167847
train,reid,16,60,-1.7339259386062622,2.984074831008911,2.0890543460845947,3.7031328678131104,-1.871809720993042,-2.3406050205230713
train,reid,16,70,-1.6590125560760498,3.268150568008423,2.4043822288513184,4.576868057250977,-1.996158242225647,-3.1047677993774414
train,reid,16,80,-1.596697449684143,3.5648672580718994,2.726518392562866,5.455326557159424,-2.128999710083008,-3.867091178894043
train,reid,16,90,-1.5477476119995117,3.8743412494659424,3.055210590362549,6.337216854095459,-2.2705276012420654,-4.62615966796875
train,reid,16,100,-1.5112780332565308,4.19569730758667,3.3900108337402344,7.222233295440674,-2.4201550483703613,-5.382127285003662
train,reid,17,0,-2.457988977432251,1.48630690574646,0.2553478181362152,-1.6239681243896484,-1.2750757932662964,2.466991901397705
train,reid,17,10,-2.617694616317749,1.9480106830596924,0.6339684724807739,-0.8016506433486938,-1.5270917415618896,1.8509800434112549
train,reid,17,20,-2.817150592803955,2.4271631240844727,1.0116512775421143,-0.020009862259030342,-1.7949358224868774,1.2871081829071045
train,reid,17,30,-3.0400705337524414,2.905768871307373,1.3785367012023926,0.710506796836853,-2.0669939517974854,0.776689887046814
train,reid,17,40,-3.287792205810547,3.38547945022583,1.7357065677642822,1.391021966934204,-2.344339370727539,0.31944340467453003
train,reid,17,50,-3.5582284927368164,3.867820978164673,2.08563232421875,2.029590368270874,-2.6273484230041504,-0.09224189817905426
train,reid,17,60,-3.846281051635742,4.352586269378662,2.430438995361328,2.6363284587860107,-2.9149892330169678,-0.46908101439476013
train,reid,17,70,-4.1445417404174805,4.83834171295166,2.772066116333008,3.223233699798584,-3.2052078247070312,-0.8244155049324036
train,reid,17,80,-4.445381164550781,5.324887275695801,3.113757610321045,3.8059513568878174,-3.496507167816162,-1.174760341644287
train,reid,17,90,-4.741777420043945,5.8121337890625,3.4585564136505127,4.399259090423584,-3.7875447273254395,-1.5356602668762207
train,reid,17,100,-5.030820369720459,6.301246643066406,3.8088483810424805,5.012335777282715,-4.078334331512451,-1.916133999824524
train,reid,18,0,-2.5053837299346924,1.522453784942627,0.2743171155452728,-1.6301021575927734,-1.3016633987426758,2.4868013858795166
train,reid,18,10,-2.6147854328155518,1.931638240814209,0.6249093413352966,-0.8322199583053589,-1.5191327333450317,1.8682658672332764
train,reid,18,20,-2.7644715309143066,2.363469123840332,0.9793176054954529,-0.06287089735269547,-1.7550594806671143,1.2919583320617676
train,reid,18,30,-2.9241392612457275,2.7948813438415527,1.3290507793426514,0.6843815445899963,-1.9928500652313232,0.7388646602630615
train,reid,18,40,-3.0923500061035156,3.22660493850708,1.6754803657531738,1.4143285751342773,-2.232593297958374,0.20433570444583893
train,reid,18,50,-3.268723726272583,3.6605563163757324,2.020646333694458,2.1325316429138184,-2.4751389026641846,-0.3164531886577606
train,reid,18,60,-3.4524500370025635,4.09751558303833,2.3656721115112305,2.842648506164551,-2.7206923961639404,-0.8269479870796204
train,reid,18,70,-3.64383864402771,4.539580345153809,2.7124478816986084,3.549252986907959,-2.9703164100646973,-1.3308383226394653
train,reid,18,80,-3.8426871299743652,4.988428592681885,3.062700033187866,4.256985187530518,-3.2247724533081055,-1.832108497619629
train,reid,18,90,-4.049404144287109,5.445580959320068,3.4177086353302,4.9687933921813965,-3.484860420227051,-2.3330535888671875
train,reid,18,100,-4.2628607749938965,5.9108757972717285,3.777817487716675,5.686652183532715,-3.7502870559692383,-2.835836887359619
train,reid,19,0,-2.2288408279418945,1.4077057838439941,0.2822226583957672,-1.3355566263198853,-1.193986177444458,2.125094175338745
train,reid,19,10,-2.412595272064209,1.8998574018478394,0.679817795753479,-0.4871324300765991,-1.465351939201355,1.4981693029403687
train,reid,19,20,-2.6638903617858887,2.4453139305114746,1.0988978147506714,0.35170674324035645,-1.7753171920776367,0.9102147817611694
train,reid,19,30,-2.946068286895752,3.021841049194336,1.5347661972045898,1.2032878398895264,-2.106398820877075,0.3258923292160034
train,reid,19,40,-3.258030652999878,3.631793975830078,1.9902572631835938,2.075840473175049,-2.459507942199707,-0.2621859610080719
train,reid,19,50,-3.598748207092285,4.276029586791992,2.466672897338867,2.973619222640991,-2.8348429203033447,-0.8580361604690552
train,reid,19,60,-3.9658143520355225,4.954021453857422,2.9646029472351074,3.900362968444824,-3.231689691543579,-1.4658739566802979
train,reid,19,70,-4.355220794677734,5.6632537841796875,3.4833967685699463,4.858212471008301,-3.6480798721313477,-2.0893001556396484
train,reid,19,80,-4.7644219398498535,6.401288986206055,4.0218000411987305,5.8464035987854,-4.082339286804199,-2.728837013244629
train,reid,19,90,-5.1904096603393555,7.164841651916504,4.577935695648193,6.8629937171936035,-4.532304763793945,-3.3842296600341797
train,reid,19,100,-5.630580902099609,7.95174503326416,5.15083646774292,7.9080634117126465,-4.996426582336426,-4.056745529174805
train,reid,20,0,-2.5805013179779053,1.6599985361099243,0.40372347831726074,-1.423065185546875,-1.3826625347137451,2.313664674758911
train,reid,20,10,-2.3197484016418457,1.786113977432251,0.6492602825164795,-0.548084557056427,-1.3961660861968994,1.4636950492858887
train,reid,20,20,-2.0684072971343994,1.9378156661987305,0.9163474440574646,0.3700166940689087,-1.4239729642868042,0.5822149515151978
train,reid,20,30,-1.8331657648086548,2.120878219604492,1.207543969154358,1.3314208984375,-1.4700932502746582,-0.3278903067111969
train,reid,20,40,-1.6177774667739868,2.3366496562957764,1.522416114807129,2.331508159637451,-1.5358606576919556,-1.2610604763031006
train,reid,20,50,-1.4266310930252075,2.5871520042419434,1.8608757257461548,3.3660333156585693,-1.6230477094650269,-2.211766242980957
train,reid,20,60,-1.2620793581008911,2.87210750579834,2.2215216159820557,4.429335117340088,-1.731935739517212,-3.1742258071899414
train,reid,20,70,-1.1266924142837524,3.190774440765381,2.602365016937256,5.514171600341797,-1.8626141548156738,-4.141247749328613
train,reid,20,80,-1.0217957496643066,3.5421133041381836,3.0017154216766357,6.615210056304932,-2.014803647994995,-5.1077985763549805
train,reid,20,90,-0.9489126205444336,3.924180030822754,3.416856288909912,7.724480152130127,-2.1878180503845215,-6.0665602684021
train,reid,20,100,-0.9069691300392151,4.333683967590332,3.8449997901916504,8.836126327514648,-2.3798465728759766,-7.013154029846191
train,reid,21,0,-2.569162607192993,1.6179853677749634,0.3603164851665497,-1.5108495950698853,-1.3607237339019775,2.391138792037964
train,reid,21,10,-2.4505455493927,1.8457483053207397,0.6392024159431458,-0.6831437349319458,-1.4491331577301025,1.6446702480316162
train,reid,21,20,-2.3394765853881836,2.081352949142456,0.9226289391517639,0.1481560915708542,-1.5427358150482178,0.8986105918884277
train,reid,21,30,-2.232982873916626,2.3254075050354004,1.2125879526138306,0.9909080266952515,-1.64129638671875,0.1450611799955368
train,reid,21,40,-2.1321098804473877,2.578545331954956,1.5092189311981201,1.8444738388061523,-1.745314121246338,-0.6149643659591675
train,reid,21,50,-2.036999464035034,2.841249465942383,1.812935471534729,2.7097456455230713,-1.855059027671814,-1.3821287155151367
train,reid,21,60,-1.9487261772155762,3.11423397064209,2.1239428520202637,3.586247205734253,-1.9710716009140015,-2.155550956726074
train,reid,21,70,-1.8679465055465698,3.39797043800354,2.4424004554748535,4.4737629890441895,-2.093700647354126,-2.9347503185272217
train,reid,21,80,-1.795289158821106,3.6930274963378906,2.76857852935791,5.37238883972168,-2.2233400344848633,-3.719517469406128
train,reid,21,90,-1.7310270071029663,3.99967622756958,3.1026291847229004,6.282227993011475,-2.3601691722869873,-4.509818077087402
train,reid,21,100,-1.6767175197601318,4.318570613861084,3.4444477558135986,7.201632976531982,-2.5047881603240967,-5.303569316864014
train,reid,22,0,-2.7096502780914307,1.5651501417160034,0.2258269190788269,-1.9536144733428955,-1.3602702617645264,2.8429620265960693
train,reid,22,10,-2.6283411979675293,1.811888575553894,0.505795955657959,-1.1578305959701538,-1.4645323753356934,2.1398940086364746
train,reid,22,20,-2.5542545318603516,2.062554121017456,0.7865638732910156,-0.36731284856796265,-1.5720020532608032,1.4444447755813599
train,reid,22,30,-2.485872268676758,2.3186964988708496,1.0703866481781006,0.42503097653388977,-1.6832058429718018,0.7500516176223755
train,reid,22,40,-2.422604560852051,2.5800323486328125,1.3572611808776855,1.2197351455688477,-1.7979013919830322,0.05601281672716141
train,reid,22,50,-2.364797592163086,2.847095489501953,1.6475567817687988,2.0174102783203125,-1.9164116382598877,-0.6380271911621094
train,reid,22,60,-2.3131494522094727,3.120195150375366,1.9412437677383423,2.8173367977142334,-2.0390138626098633,-1.3311418294906616
train,reid,22,70,-2.267442226409912,3.39955997467041,2.238659381866455,3.6205554008483887,-2.1657822132110596,-2.0243000984191895
train,reid,22,80,-2.228205680847168,3.685459613800049,2.5398120880126953,4.4266133308410645,-2.296940803527832,-2.716883420944214
train,reid,22,90,-2.195323944091797,3.9781947135925293,2.8450570106506348,5.236520290374756,-2.432610273361206,-3.4097933769226074
train,reid,22,100,-2.1689085960388184,4.277619361877441,3.1542015075683594,6.0496721267700195,-2.5727429389953613,-4.1024699211120605
train,reid,23,0,-2.3451287746429443,1.4261536598205566,0.24422676861286163,-1.5384926795959473,-1.2248762845993042,2.3497323989868164
train,reid,23,10,-2.3970746994018555,1.7755732536315918,0.5621941685676575,-0.7692710757255554,-1.403092384338379,1.7299805879592896
train,reid,23,20,-2.471719741821289,2.126448631286621,0.8711735606193542,-0.04464486241340637,-1.5864139795303345,1.158124327659607
train,reid,23,30,-2.5642154216766357,2.4793102741241455,1.1741766929626465,0.6472844481468201,-1.7741942405700684,0.6217917203903198
train,reid,23,40,-2.6752288341522217,2.8372607231140137,1.4739458560943604,1.3128468990325928,-1.9680216312408447,0.11596724390983582
train,reid,23,50,-2.8030242919921875,3.2015416622161865,1.772513508796692,1.958784818649292,-2.168149709701538,-0.36578062176704407
train,reid,23,60,-2.9469974040985107,3.5735232830047607,2.071490526199341,2.5897772312164307,-2.3751158714294434,-0.8276268839836121
train,reid,23,70,-3.104797601699829,3.952784538269043,2.3715500831604004,3.209716320037842,-2.5882675647735596,-1.2738926410675049
train,reid,23,80,-3.2753632068634033,4.339600563049316,2.6734485626220703,3.821514129638672,-2.807534694671631,-1.7074850797653198
train,reid,23,90,-3.457134485244751,4.7335405349731445,2.977461814880371,4.4273552894592285,-3.0324103832244873,-2.1309330463409424
train,reid,23,100,-3.649386167526245,5.134885787963867,3.2841968536376953,5.029460430145264,-3.262892723083496,-2.5464189052581787
train,reid,24,0,-2.137295722961426,1.4981344938278198,0.44172197580337524,-0.8995088934898376,-1.2256362438201904,1.6913849115371704
train,reid,24,10,-1.9714140892028809,1.7119196653366089,0.728678822517395,-0.006784914992749691,-1.2987481355667114,0.869393527507782
train,reid,24,20,-1.8146581649780273,1.9417698383331299,1.0277363061904907,0.9063702821731567,-1.3813621997833252,0.03452092036604881
train,reid,24,30,-1.6684216260910034,2.1909921169281006,1.3415288925170898,1.8452585935592651,-1.4753589630126953,-0.8170039653778076
train,reid,24,40,-1.534741997718811,2.460735559463501,1.6702373027801514,2.8084158897399902,-1.581667184829712,-1.6830248832702637
train,reid,24,50,-1.4144065380096436,2.7509868144989014,2.013500690460205,3.7941267490386963,-1.7004224061965942,-2.5617525577545166
train,reid,24,60,-1.3094260692596436,3.0623903274536133,2.371015787124634,4.799770832061768,-1.832292914390564,-3.4501028060913086
train,reid,24,70,-1.2204550504684448,3.3944902420043945,2.742023468017578,5.82282829284668,-1.977171778678894,-4.345675945281982
train,reid,24,80,-1.1481493711471558,3.746671676635742,3.125609874725342,6.860387802124023,-2.134874105453491,-5.24575138092041
train,reid,24,90,-1.093921184539795,4.118725776672363,3.52087664604187,7.9089884757995605,-2.3055450916290283,-6.146811008453369
train,reid,24,100,-1.05747652053833,4.5090484619140625,3.9263699054718018,8.965249061584473,-2.4883484840393066,-7.046164512634277
train,reid,25,0,-2.734166383743286,1.5787034034729004,0.22366668283939362,-1.9743472337722778,-1.37116277217865,2.876300096511841
train,reid,25,10,-2.8232903480529785,1.9588956832885742,0.5553673505783081,-1.2063437700271606,-1.5708585977554321,2.273312568664551
train,reid,25,20,-2.9564900398254395,2.3619277477264404,0.8892286419868469,-0.47458863258361816,-1.789707899093628,1.7206125259399414
train,reid,25,30,-3.1018319129943848,2.7716593742370605,1.2243092060089111,0.2484196424484253,-2.014127731323242,1.1808003187179565
train,reid,25,40,-3.2571041584014893,3.1881375312805176,1.5616925954818726,0.967517077922821,-2.243729591369629,0.6488245129585266
train,reid,25,50,-3.422451972961426,3.6122989654541016,1.9022388458251953,1.6847221851348877,-2.478989839553833,0.12306418269872665
train,reid,25,60,-3.5957016944885254,4.042756080627441,2.2455790042877197,2.401146650314331,-2.7188451290130615,-0.3983722925186157
train,reid,25,70,-3.777315855026245,4.480777740478516,2.5927517414093018,3.1189775466918945,-2.9639828205108643,-0.917115330696106
train,reid,25,80,-3.9641354084014893,4.924187660217285,2.9430742263793945,3.839465618133545,-3.212778329849243,-1.4356255531311035
train,reid,25,90,-4.157344818115234,5.374533653259277,3.2975010871887207,4.56390905380249,-3.466188669204712,-1.9544501304626465
train,reid,25,100,-4.352701187133789,5.82850456237793,3.6547293663024902,5.293028831481934,-3.7218427658081055,-2.476102352142334
train,reid,26,0,-2.8451294898986816,1.6119425296783447,0.21762657165527344,-2.1162896156311035,-1.4072846174240112,3.0280532836914062
train,reid,26,10,-2.656002998352051,1.7949591875076294,0.4854229688644409,-1.2508397102355957,-1.461301565170288,2.2181379795074463
train,reid,26,20,-2.465388774871826,1.9868462085723877,0.7630812525749207,-0.36042699217796326,-1.5194660425186157,1.3868632316589355
train,reid,26,30,-2.2779059410095215,2.1907718181610107,1.0516084432601929,0.5531067848205566,-1.5841301679611206,0.5378103256225586
train,reid,26,40,-2.0946860313415527,2.4073870182037354,1.3511402606964111,1.4889698028564453,-1.6558157205581665,-0.32784950733184814
train,reid,26,50,-1.9179683923721313,2.6380584239959717,1.6619940996170044,2.445817232131958,-1.735593557357788,-1.2079782485961914
train,reid,26,60,-1.749996304512024,2.8840346336364746,1.9843640327453613,3.422008991241455,-1.824476718902588,-2.1001949310302734
train,reid,26,70,-1.5928263664245605,3.146238327026367,2.318189859390259,4.415491104125977,-1.923284888267517,-3.0018503665924072
train,reid,26,80,-1.4479618072509766,3.424941062927246,2.663041114807129,5.423750400543213,-2.032423734664917,-3.9101669788360596
train,reid,26,90,-1.317744493484497,3.721353769302368,3.0189857482910156,6.444856643676758,-2.1529064178466797,-4.822465419769287
train,reid,26,100,-1.203230381011963,4.035200119018555,3.3852524757385254,7.475901126861572,-2.2847886085510254,-5.735844612121582
train,reid,27,0,-2.3530049324035645,1.4521058797836304,0.2722301781177521,-1.4858932495117188,-1.2391881942749023,2.3027069568634033
train,reid,27,10,-2.663078546524048,2.051791191101074,0.7168125510215759,-0.6364148259162903,-1.5858256816864014,1.7321618795394897
train,reid,27,20,-3.1022136211395264,2.787700891494751,1.2361373901367188,0.280170738697052,-2.0227603912353516,1.164617896080017
train,reid,27,30,-3.5839152336120605,3.59078311920166,1.8025813102722168,1.2742637395858765,-2.500826358795166,0.5523417592048645
train,reid,27,40,-4.1003851890563965,4.457213878631592,2.4159176349639893,2.352739095687866,-3.016709566116333,-0.11393323540687561
train,reid,27,50,-4.645401954650879,5.383379936218262,3.0753753185272217,3.5197041034698486,-3.56748104095459,-0.8404616117477417
train,reid,27,60,-5.215205192565918,6.366147518157959,3.779512882232666,4.775256633758545,-4.150869846343994,-1.629059910774231
train,reid,27,70,-5.807711601257324,7.402461051940918,4.526192665100098,6.116129398345947,-4.7649664878845215,-2.4779655933380127
train,reid,27,80,-6.422966480255127,8.490676879882812,5.313703536987305,7.538100242614746,-5.408928394317627,-3.3836734294891357
train,reid,27,90,-7.062099456787109,9.628998756408691,6.13968563079834,9.034219741821289,-6.082063674926758,-4.339875221252441
train,reid,27,100,-7.726160526275635,10.81601619720459,7.002199172973633,10.598668098449707,-6.783848285675049,-5.34125280380249
train,reid,28,0,-3.135793685913086,1.6384875774383545,0.09292551875114441,-2.6777873039245605,-1.4732167720794678,3.6449520587921143
train,reid,28,10,-3.004495620727539,1.8514620065689087,0.36305469274520874,-1.8604871034622192,-1.5522228479385376,2.9013776779174805
train,reid,28,20,-2.880009174346924,2.0703744888305664,0.6361740827560425,-1.0427441596984863,-1.6353721618652344,2.1605212688446045
train,reid,28,30,-2.7573890686035156,2.2932019233703613,0.9126071929931641,-0.2191399335861206,-1.7208017110824585,1.4156525135040283
train,reid,28,40,-2.6375765800476074,2.520662546157837,1.1926193237304688,0.6100955605506897,-1.8090360164642334,0.6674032211303711
train,reid,28,50,-2.52032732963562,2.7529993057250977,1.4765677452087402,1.4460811614990234,-1.900151252746582,-0.08526914566755295
train,reid,28,60,-2.40718412399292,2.9908671379089355,1.76436185836792,2.2871551513671875,-1.9947483539581299,-0.840266764163971
train,reid,28,70,-2.298264741897583,3.2345502376556396,2.056218147277832,3.133760452270508,-2.092988967895508,-1.5979020595550537
train,reid,28,80,-2.1941869258880615,3.4841721057891846,2.3519599437713623,3.9848852157592773,-2.1950433254241943,-2.357048749923706
train,reid,28,90,-2.096109628677368,3.7404263019561768,2.651716470718384,4.8397955894470215,-2.3014614582061768,-3.1165664196014404
train,reid,28,100,-2.0042314529418945,4.003281116485596,2.9553444385528564,5.697980880737305,-2.412259578704834,-3.8759398460388184
train,reid,29,0,-2.3979718685150146,1.5082396268844604,0.31655579805374146,-1.4343584775924683,-1.275904655456543,2.2688100337982178
train,reid,29,10,-2.3361430168151855,1.785230278968811,0.6173145174980164,-0.6041091084480286,-1.398451566696167,1.5458652973175049
train,reid,29,20,-2.282780170440674,2.069423198699951,0.9214160442352295,0.22621554136276245,-1.5260913372039795,0.8267683386802673
train,reid,29,30,-2.234372615814209,2.360440731048584,1.2301597595214844,1.06321382522583,-1.6580089330673218,0.10439532995223999
train,reid,29,40,-2.190399646759033,2.657705783843994,1.5432193279266357,1.9065146446228027,-1.793835163116455,-0.6211642622947693
train,reid,29,50,-2.1521265506744385,2.9623284339904785,1.861092448234558,2.7562103271484375,-1.934340000152588,-1.3494118452072144
train,reid,29,60,-2.11908221244812,3.2738661766052246,2.1835639476776123,3.6121721267700195,-2.0792276859283447,-2.0804443359375
train,reid,29,70,-2.091667413711548,3.5922932624816895,2.510413408279419,4.473479270935059,-2.228560447692871,-2.813307046890259
train,reid,29,80,-2.070061206817627,3.917949914932251,2.841900587081909,5.340597152709961,-2.3825340270996094,-3.548311710357666
train,reid,29,90,-2.0546469688415527,4.250431060791016,3.1774353981018066,6.211694717407227,-2.541024923324585,-4.283750057220459
train,reid,29,100,-2.04609751701355,4.590359687805176,3.51731014251709,7.086877822875977,-2.704458713531494,-5.019400119781494
train,depablo_low_temp,30,0,-2.4268651008605957,1.6673636436462402,0.4095417261123657,-1.1318621635437012,-1.3554966449737549,2.093086004257202
train,depablo_low_temp,30,10,-2.485908269882202,1.9492921829223633,0.6592862606048584,-0.5470924377441406,-1.502516269683838,1.629866600036621
train,depablo_low_temp,30,20,-2.6031904220581055,2.261129379272461,0.9114863872528076,-0.011366941966116428,-1.674712061882019,1.2341612577438354
train,depablo_low_temp,30,30,-2.734694004058838,2.5884547233581543,1.1725152730941772,0.5329782962799072,-1.8571676015853882,0.8379011750221252
train,depablo_low_temp,30,40,-2.880337715148926,2.9320149421691895,1.4431427717208862,1.0879662036895752,-2.0502467155456543,0.4393801689147949
train,depablo_low_temp,30,50,-3.0409460067749023,3.2927637100219727,1.7239397764205933,1.6542385816574097,-2.2545692920684814,0.038436055183410645
train,depablo_low_temp,30,60,-3.2166311740875244,3.6710386276245117,2.0151796340942383,2.232386350631714,-2.470330238342285,-0.3653554320335388
train,depablo_low_temp,30,70,-3.4074461460113525,4.067968368530273,2.3179523944854736,2.825103759765625,-2.69810152053833,-0.7742036581039429
train,depablo_low_temp,30,80,-3.613572835922241,4.483633518218994,2.6322550773620605,3.4322118759155273,-2.9379630088806152,-1.1878713369369507
train,depablo_low_temp,30,90,-3.8346476554870605,4.918180465698242,2.9583945274353027,4.054812431335449,-3.1899349689483643,-1.6074165105819702
train,depablo_low_temp,30,100,-4.071326732635498,5.373010635375977,3.297447919845581,4.695036888122559,-3.4548251628875732,-2.0343220233917236
train,depablo_low_temp,31,0,-2.953747510910034,2.3052687644958496,0.8070686459541321,-0.6437563896179199,-1.7641427516937256,1.9140620231628418
train,depablo_low_temp,31,10,-3.3356289863586426,2.669053077697754,0.986950159072876,-0.5445147752761841,-2.0099384784698486,2.003363609313965
train,depablo_low_temp,31,20,-3.8535375595092773,3.136592388153076,1.2063959836959839,-0.477678120136261,-2.331380605697632,2.182446002960205
train,depablo_low_temp,31,30,-4.392970561981201,3.670163631439209,1.481784701347351,-0.29337620735168457,-2.6894307136535645,2.2741072177886963
train,depablo_low_temp,31,40,-4.943638801574707,4.258153915405273,1.8064104318618774,0.0017124421428889036,-3.076476573944092,2.279040813446045
train,depablo_low_temp,31,50,-5.507392406463623,4.895303726196289,2.174139976501465,0.3907833695411682,-3.490230083465576,2.211991310119629
train,depablo_low_temp,31,60,-6.087778568267822,5.579933166503906,2.581589698791504,0.862316370010376,-3.930467128753662,2.0840911865234375
train,depablo_low_temp,31,70,-6.686923503875732,6.309689998626709,3.0253851413726807,1.4060786962509155,-4.396394729614258,1.9047902822494507
train,depablo_low_temp,31,80,-7.306709289550781,7.08349084854126,3.503530502319336,2.0154354572296143,-4.887820243835449,1.6804665327072144
train,depablo_low_temp,31,90,-7.94594144821167,7.898312568664551,4.013570308685303,2.685499668121338,-5.403010368347168,1.4146027565002441
train,depablo_low_temp,31,100,-8.60246467590332,8.750227928161621,4.552578449249268,3.411100387573242,-5.939654350280762,1.1105329990386963
train,depablo_low_temp,32,0,-2.4139182567596436,1.9038060903549194,0.6611396670341492,-0.5041087865829468,-1.4705018997192383,1.554154872894287
train,depablo_low_temp,32,10,-2.573467969894409,2.2174623012542725,0.894810676574707,-0.055851537734270096,-1.651817798614502,1.2515966892242432
train,depablo_low_temp,32,20,-2.784313678741455,2.572706460952759,1.1456923484802246,0.38676512241363525,-1.863074779510498,0.9775866270065308
train,depablo_low_temp,32,30,-3.0172386169433594,2.957892894744873,1.4158921241760254,0.8569677472114563,-2.09321928024292,0.6910244226455688
train,depablo_low_temp,32,40,-3.270484685897827,3.371751308441162,1.704969882965088,1.3553061485290527,-2.3413054943084717,0.39063864946365356
train,depablo_low_temp,32,50,-3.5424273014068604,3.812598705291748,2.012026071548462,1.8809980154037476,-2.6062142848968506,0.07633587718009949
train,depablo_low_temp,32,60,-3.832066535949707,4.279528617858887,2.3366165161132812,2.4338552951812744,-2.8873207569122314,-0.25217458605766296
train,depablo_low_temp,32,70,-4.135067462921143,4.768586158752441,2.676858425140381,3.0132040977478027,-3.181889533996582,-0.5963248014450073
train,depablo_low_temp,32,80,-4.449086666107178,5.277021408081055,3.0311238765716553,3.617130756378174,-3.4881503582000732,-0.9555902481079102
train,depablo_low_temp,32,90,-4.770779609680176,5.800777435302734,3.3969686031341553,4.2426018714904785,-3.8034892082214355,-1.328992247581482
train,depablo_low_temp,32,100,-5.09645414352417,6.336584091186523,3.7728867530822754,4.889352798461914,-4.125616073608398,-1.718032956123352
train,depablo_low_temp,33,0,-2.794961452484131,1.4417345523834229,0.007718650624155998,-2.482754707336426,-1.3126815557479858,3.3888187408447266
train,depablo_low_temp,33,10,-2.5027267932891846,1.5552880764007568,0.25607773661613464,-1.5727403163909912,-1.3149120807647705,2.4952478408813477
train,depablo_low_temp,33,20,-2.206014394760132,1.6884506940841675,0.5266743302345276,-0.6048319935798645,-1.3259408473968506,1.5513520240783691
train,depablo_low_temp,33,30,-1.9127326011657715,1.848222017288208,0.8226633071899414,0.42139917612075806,-1.3506633043289185,0.5605263710021973
train,depablo_low_temp,33,40,-1.6267523765563965,2.036409378051758,1.1440057754516602,1.5021320581436157,-1.3906774520874023,-0.4722328186035156
train,depablo_low_temp,33,50,-1.3539010286331177,2.2552108764648438,1.4901283979415894,2.630465030670166,-1.4480992555618286,-1.5385242700576782
train,depablo_low_temp,33,60,-1.098662257194519,2.5050456523895264,1.8593182563781738,3.7979164123535156,-1.5239367485046387,-2.629237413406372
train,depablo_low_temp,33,70,-0.8659639358520508,2.786104202270508,2.2494068145751953,4.994552135467529,-1.619157314300537,-3.7338662147521973
train,depablo_low_temp,33,80,-0.6591299176216125,3.097486734390259,2.6579031944274902,6.211126804351807,-1.7339110374450684,-4.843207836151123
train,depablo_low_temp,33,90,-0.4815903902053833,3.4375693798065186,3.0815320014953613,7.436420917510986,-1.8680014610290527,-5.946379661560059
train,depablo_low_temp,33,100,-0.3347219228744507,3.804295063018799,3.5175633430480957,8.662460327148438,-2.020665407180786,-7.036122798919678
train,depablo_low_temp,34,0,-2.7495930194854736,2.121018886566162,0.7183998227119446,-0.674729585647583,-1.6372357606887817,1.8488616943359375
train,depablo_low_temp,34,10,-3.0691428184509277,2.472895622253418,0.9156448841094971,-0.4715459644794464,-1.865971565246582,1.822908639907837
train,depablo_low_temp,34,20,-3.489008903503418,2.8993258476257324,1.140299677848816,-0.29612264037132263,-2.1495003700256348,1.8660354614257812
train,depablo_low_temp,34,30,-3.9274065494537354,3.3736042976379395,1.4041401147842407,-0.04101606458425522,-2.4600558280944824,1.851528525352478
train,depablo_low_temp,34,40,-4.381497859954834,3.8915629386901855,1.7043237686157227,0.289443701505661,-2.7950921058654785,1.7817319631576538
train,depablo_low_temp,34,50,-4.847507476806641,4.448428153991699,2.037855386734009,0.6914845108985901,-3.1515703201293945,1.6580467224121094
train,depablo_low_temp,34,60,-5.323296546936035,5.039277076721191,2.400831937789917,1.1574270725250244,-3.5266928672790527,1.485896110534668
train,depablo_low_temp,34,70,-5.808373928070068,5.661110877990723,2.790469169616699,1.6808831691741943,-3.9188790321350098,1.270362377166748
train,depablo_low_temp,34,80,-6.302859783172607,6.311480522155762,3.2042624950408936,2.2555413246154785,-4.326940536499023,1.0167415142059326
train,depablo_low_temp,34,90,-6.807786464691162,6.988034725189209,3.6393728256225586,2.873332977294922,-4.749902725219727,0.7322181463241577
train,depablo_low_temp,34,100,-7.324812889099121,7.690763473510742,4.0949907302856445,3.530752658843994,-5.188045978546143,0.4204414188861847
train,depablo_low_temp,35,0,-1.8644969463348389,1.329339861869812,0.34131520986557007,-0.7872052192687988,-1.0911118984222412,1.5484001636505127
train,depablo_low_temp,35,10,-1.6551485061645508,1.518209457397461,0.6246026754379272,0.1341371238231659,-1.145107626914978,0.6837756633758545
train,depablo_low_temp,35,20,-1.4540228843688965,1.7335028648376465,0.9306368827819824,1.102658987045288,-1.213678240776062,-0.21608299016952515
train,depablo_low_temp,35,30,-1.2658627033233643,1.9781742095947266,1.260138750076294,2.1156461238861084,-1.2990835905075073,-1.1468197107315063
train,depablo_low_temp,35,40,-1.093705415725708,2.253427028656006,1.6128783226013184,3.1695806980133057,-1.402450680732727,-2.104128360748291
train,depablo_low_temp,35,50,-0.9419056177139282,2.5612072944641113,1.9887304306030273,4.260040283203125,-1.5255073308944702,-3.0823476314544678
train,depablo_low_temp,35,60,-0.8130279779434204,2.901820659637451,2.3867859840393066,5.382327079772949,-1.668860673904419,-4.07639741897583
train,depablo_low_temp,35,70,-0.7104851603507996,3.2754645347595215,2.8056201934814453,6.5297136306762695,-1.8332136869430542,-5.079129219055176
train,depablo_low_temp,35,80,-0.6372158527374268,3.6822428703308105,3.2439188957214355,7.69633674621582,-2.019132614135742,-6.084339141845703
train,depablo_low_temp,35,90,-0.5953681468963623,4.121148586273193,3.699662685394287,8.875221252441406,-2.2265100479125977,-7.085250377655029
train,depablo_low_temp,35,100,-0.5861963033676147,4.591161251068115,4.1712236404418945,10.061311721801758,-2.455061674118042,-8.077096939086914
train,depablo_low_temp,36,0,-3.1584532260894775,1.973483920097351,0.3697773218154907,-1.9171017408370972,-1.6385961771011353,3.078666925430298
train,depablo_low_temp,36,10,-3.282536029815674,2.239863634109497,0.5735607147216797,-1.5114253759384155,-1.7900288105010986,2.7948968410491943
train,depablo_low_temp,36,20,-3.445373773574829,2.5268304347991943,0.779789388179779,-1.1366288661956787,-1.9585421085357666,2.5545241832733154
train,depablo_low_temp,36,30,-3.617149591445923,2.825477361679077,0.9935752153396606,-0.7514885067939758,-2.1344363689422607,2.309664487838745
train,depablo_low_temp,36,40,-3.7960987091064453,3.134459972381592,1.2144124507904053,-0.3556514084339142,-2.316744327545166,2.059241533279419
train,depablo_low_temp,36,50,-3.9822213649749756,3.4541287422180176,1.4426404237747192,0.05174301937222481,-2.5056352615356445,1.8025434017181396
train,depablo_low_temp,36,60,-4.174580097198486,3.783538818359375,1.6777642965316772,0.47030580043792725,-2.700481653213501,1.539473056793213
train,depablo_low_temp,36,70,-4.372427940368652,4.122078895568848,1.9195225238800049,0.9000797867774963,-2.900848150253296,1.2696573734283447
train,depablo_low_temp,36,80,-4.575202465057373,4.468883991241455,2.167313575744629,1.340065598487854,-3.1062171459198,0.9936867356300354
train,depablo_low_temp,36,90,-4.782826900482178,4.82418155670166,2.421403408050537,1.7910141944885254,-3.3166773319244385,0.7108816504478455
train,depablo_low_temp,36,100,-4.994845390319824,5.186921119689941,2.6809520721435547,2.2512309551239014,-3.53164005279541,0.422460675239563
train,depablo_low_temp,37,0,-3.5646543502807617,2.445542573928833,0.6541488170623779,-1.5891069173812866,-1.940686583518982,2.9812028408050537
train,depablo_low_temp,37,10,-3.9558029174804688,2.7927021980285645,0.8137190937995911,-1.551379680633545,-2.1797378063201904,3.125706195831299
train,depablo_low_temp,37,20,-4.4484782218933105,3.217332601547241,1.0029590129852295,-1.5385169982910156,-2.4754223823547363,3.338136672973633
train,depablo_low_temp,37,30,-4.932140827178955,3.679356098175049,1.2338895797729492,-1.4148342609405518,-2.788259506225586,3.454988956451416
train,depablo_low_temp,37,40,-5.407527446746826,4.171859264373779,1.4992737770080566,-1.1988122463226318,-3.114919662475586,3.4918015003204346
train,depablo_low_temp,37,50,-5.8886871337890625,4.696757793426514,1.7943743467330933,-0.9152640700340271,-3.4588115215301514,3.4754810333251953
train,depablo_low_temp,37,60,-6.3944478034973145,5.263178825378418,2.119370698928833,-0.5812910199165344,-3.8277578353881836,3.428739547729492
train,depablo_low_temp,37,70,-6.939659595489502,5.879716396331787,2.4757919311523438,-0.20706559717655182,-4.228653430938721,3.366809844970703
train,depablo_low_temp,37,80,-7.5322489738464355,6.552642822265625,2.866115093231201,0.20608335733413696,-4.6660261154174805,3.2944483757019043
train,depablo_low_temp,37,90,-8.173913955688477,7.285303592681885,3.29282808303833,0.6627758741378784,-5.141841411590576,3.208623170852661
train,depablo_low_temp,37,100,-8.863982200622559,8.079012870788574,3.7575175762176514,1.1675827503204346,-5.656651020050049,3.105271816253662
train,depablo_low_temp,38,0,-3.0447065830230713,1.764643907546997,0.2139502763748169,-2.2012057304382324,-1.5153502225875854,3.2649829387664795
train,depablo_low_temp,38,10,-3.0736100673675537,1.9993807077407837,0.4312243163585663,-1.6720880270004272,-1.6345235109329224,2.835296869277954
train,depablo_low_temp,38,20,-3.1472530364990234,2.2542824745178223,0.6474443674087524,-1.1881229877471924,-1.7718009948730469,2.4639699459075928
train,depablo_low_temp,38,30,-3.230358123779297,2.518533229827881,0.868480920791626,-0.7009987831115723,-1.915472149848938,2.0944926738739014
train,depablo_low_temp,38,40,-3.3220088481903076,2.791518211364746,1.0941720008850098,-0.21026337146759033,-2.0650603771209717,1.7260395288467407
train,depablo_low_temp,38,50,-3.4230732917785645,3.074096918106079,1.3249644041061401,0.2844116687774658,-2.221132516860962,1.3587144613265991
train,depablo_low_temp,38,60,-3.53279447555542,3.365624189376831,1.56057608127594,0.7830188274383545,-2.38323712348938,0.992177426815033
train,depablo_low_temp,38,70,-3.6510355472564697,3.666126251220703,1.8011000156402588,1.2859095335006714,-2.551368474960327,0.6260814666748047
train,depablo_low_temp,38,80,-3.7784628868103027,3.9760570526123047,2.046665668487549,1.7927937507629395,-2.725862979888916,0.2609699070453644
train,depablo_low_temp,38,90,-3.914058208465576,4.294848918914795,2.2971901893615723,2.3044142723083496,-2.9062607288360596,-0.10424046218395233
train,depablo_low_temp,38,100,-4.0575079917907715,4.622255325317383,2.5525739192962646,2.820803165435791,-3.0923924446105957,-0.46970507502555847
train,depablo_low_temp,39,0,-2.6919150352478027,1.5802165269851685,0.1960136890411377,-1.91746187210083,-1.3629553318023682,2.870612382888794
train,depablo_low_temp,39,10,-2.5665478706359863,1.785300374031067,0.45593947172164917,-1.1334046125411987,-1.439591646194458,2.157801866531372
train,depablo_low_temp,39,20,-2.4487509727478027,1.9995019435882568,0.7216002941131592,-0.3427138924598694,-1.522066354751587,1.4429302215576172
train,depablo_low_temp,39,30,-2.3338871002197266,2.221730947494507,0.9940788745880127,0.46174904704093933,-1.6090143918991089,0.7179469466209412
train,depablo_low_temp,39,40,-2.222043991088867,2.4520251750946045,1.2733738422393799,1.279883861541748,-1.700469970703125,-0.017022304236888885
train,depablo_low_temp,39,50,-2.1134262084960938,2.690748691558838,1.5597585439682007,2.1121597290039062,-1.7966498136520386,-0.762273371219635
train,depablo_low_temp,39,60,-2.0095701217651367,2.9381959438323975,1.8527981042861938,2.9560492038726807,-1.8979740142822266,-1.514998435974121
train,depablo_low_temp,39,70,-1.9102978706359863,3.1944580078125,2.152675151824951,3.8121519088745117,-2.0044548511505127,-2.275777816772461
train,depablo_low_temp,39,80,-1.8165020942687988,3.459751844406128,2.459182024002075,4.679120063781738,-2.116361379623413,-3.0430803298950195
train,depablo_low_temp,39,90,-1.7289433479309082,3.734137535095215,2.772016763687134,5.555490493774414,-2.2338545322418213,-3.8153433799743652
train,depablo_low_temp,39,100,-1.6478731632232666,4.017502307891846,3.090953826904297,6.4404520988464355,-2.356926679611206,-4.591774940490723
train,depablo_low_temp,40,0,-2.2513554096221924,1.4481585025787354,0.2727230191230774,-1.3126354217529297,-1.218317985534668,2.1666860580444336
train,depablo_low_temp,40,10,-2.186542510986328,1.688141107559204,0.5387507081031799,-0.5696931481361389,-1.3228230476379395,1.5155913829803467
train,depablo_low_temp,40,20,-2.1350481510162354,1.935552954673767,0.8059849143028259,0.163341224193573,-1.4334218502044678,0.8789871335029602
train,depablo_low_temp,40,30,-2.08878231048584,2.1889922618865967,1.0769020318984985,0.9003612995147705,-1.5479414463043213,0.24148249626159668
train,depablo_low_temp,40,40,-2.0486466884613037,2.449068069458008,1.3516991138458252,1.6410142183303833,-1.666834831237793,-0.39623862504959106
train,depablo_low_temp,40,50,-2.0145938396453857,2.715714454650879,1.6303318738937378,2.385230541229248,-1.7900702953338623,-1.0341242551803589
train,depablo_low_temp,40,60,-1.987766146659851,2.9893040657043457,1.9126365184783936,3.1315457820892334,-1.9180324077606201,-1.6704405546188354
train,depablo_low_temp,40,70,-1.9678112268447876,3.2696497440338135,2.1986007690429688,3.8802411556243896,-2.0505683422088623,-2.3055801391601562
train,depablo_low_temp,40,80,-1.955489158630371,3.5568361282348633,2.487942695617676,4.629920482635498,-2.1878578662872314,-2.938025712966919
train,depablo_low_temp,40,90,-1.9514579772949219,3.851139783859253,2.780630111694336,5.379892349243164,-2.3301584720611572,-3.566901206970215
train,depablo_low_temp,40,100,-1.954878807067871,4.151674270629883,3.0761845111846924,6.129722595214844,-2.4768879413604736,-4.1922197341918945
train,depablo_low_temp,41,0,-2.261305809020996,1.369368314743042,0.19141021370887756,-1.5297317504882812,-1.1815087795257568,2.3489718437194824
train,depablo_low_temp,41,10,-1.9995367527008057,1.497735619544983,0.4398767352104187,-0.6476688385009766,-1.1963882446289062,1.492741584777832
train,depablo_low_temp,41,20,-1.747719407081604,1.6575157642364502,0.7154363393783569,0.2908218801021576,-1.2285102605819702,0.5941399335861206
train,depablo_low_temp,41,30,-1.5125740766525269,1.8532226085662842,1.0194215774536133,1.2827801704406738,-1.281247854232788,-0.34136268496513367
train,depablo_low_temp,41,40,-1.2980856895446777,2.086277961730957,1.351373314857483,2.3232686519622803,-1.3560086488723755,-1.3078324794769287
train,depablo_low_temp,41,50,-1.1080182790756226,2.356522560119629,1.709331750869751,3.4039056301116943,-1.453377366065979,-2.2965707778930664
train,depablo_low_temp,41,60,-0.9451683759689331,2.663180351257324,2.091175079345703,4.516834735870361,-1.5734684467315674,-3.2997548580169678
train,depablo_low_temp,41,70,-0.8110795021057129,3.003645896911621,2.4935481548309326,5.652317047119141,-1.7152742147445679,-4.30856990814209
train,depablo_low_temp,41,80,-0.707298755645752,3.3752849102020264,2.913025379180908,6.8005571365356445,-1.877774715423584,-5.314144134521484
train,depablo_low_temp,41,90,-0.6336826682090759,3.774635076522827,3.3461906909942627,7.953289031982422,-2.059241533279419,-6.309662342071533
train,depablo_low_temp,41,100,-0.5890930891036987,4.19705057144165,3.788886070251465,9.10139274597168,-2.2571911811828613,-7.288036823272705
train,depablo_low_temp,42,0,-3.7449536323547363,2.452113628387451,0.5758920907974243,-1.9560853242874146,-1.9781970977783203,3.3701560497283936
train,depablo_low_temp,42,10,-4.157599449157715,2.7877414226531982,0.7137033939361572,-1.993506908416748,-2.215484857559204,3.587360143661499
train,depablo_low_temp,42,20,-4.718773365020752,3.224762439727783,0.8832671046257019,-2.09560489654541,-2.5292553901672363,3.9265098571777344
train,depablo_low_temp,42,30,-5.2870330810546875,3.7168564796447754,1.1048823595046997,-2.076852798461914,-2.87164568901062,4.168763160705566
train,depablo_low_temp,42,40,-5.862532615661621,4.259360313415527,1.3736950159072876,-1.948927879333496,-3.240406036376953,4.323892593383789
train,depablo_low_temp,42,50,-6.451828956604004,4.851472854614258,1.6857162714004517,-1.727564811706543,-3.6363167762756348,4.407959938049316
train,depablo_low_temp,42,60,-7.060447692871094,5.492999076843262,2.0380725860595703,-1.4248926639556885,-4.060263633728027,4.4335737228393555
train,depablo_low_temp,42,70,-7.689520359039307,6.181926727294922,2.428169012069702,-1.0482488870620728,-4.511457920074463,4.407349586486816
train,depablo_low_temp,42,80,-8.338488578796387,6.915351867675781,2.8533332347869873,-0.6036195158958435,-4.98836612701416,4.334005832672119
train,depablo_low_temp,42,90,-9.006896018981934,7.691158294677734,3.3116354942321777,-0.09525692462921143,-5.489850997924805,4.216858863830566
train,depablo_low_temp,42,100,-9.693540573120117,8.505624771118164,3.799917221069336,0.4701545834541321,-6.0138654708862305,4.06091833114624
train,depablo_low_temp,43,0,-2.822202205657959,1.9367823600769043,0.4949108958244324,-1.2941384315490723,-1.559190034866333,2.4032821655273438
train,depablo_low_temp,43,10,-3.0435659885406494,2.2458550930023193,0.6955074667930603,-0.9885310530662537,-1.7491371631622314,2.247387647628784
train,depablo_low_temp,43,20,-3.317918062210083,2.5874762535095215,0.9037577509880066,-0.7144943475723267,-1.964693546295166,2.1421399116516113
train,depablo_low_temp,43,30,-3.601975440979004,2.9495646953582764,1.12799072265625,-0.4100332260131836,-2.192171096801758,2.016139507293701
train,depablo_low_temp,43,40,-3.8947479724884033,3.3316497802734375,1.3681836128234863,-0.0742604061961174,-2.4311716556549072,1.8682260513305664
train,depablo_low_temp,43,50,-4.193345069885254,3.731106996536255,1.623076319694519,0.2924038767814636,-2.6798863410949707,1.6974374055862427
train,depablo_low_temp,43,60,-4.497039794921875,4.147099494934082,1.8921633958816528,0.6894158124923706,-2.9377660751342773,1.5038890838623047
train,depablo_low_temp,43,70,-4.805478096008301,4.577817916870117,2.1738052368164062,1.11299729347229,-3.2038586139678955,1.2905669212341309
train,depablo_low_temp,43,80,-5.1181488037109375,5.0222392082214355,2.4672110080718994,1.5616776943206787,-3.4775595664978027,1.058452844619751
train,depablo_low_temp,43,90,-5.43578577041626,5.480300426483154,2.7719600200653076,2.033754825592041,-3.758960723876953,0.8092831969261169
train,depablo_low_temp,43,100,-5.759490966796875,5.951529502868652,3.087055206298828,2.5256898403167725,-4.0480217933654785,0.5465041995048523
train,depablo_low_temp,44,0,-3.1716806888580322,1.650437593460083,0.03818610683083534,-2.7572243213653564,-1.4820857048034668,3.787121534347534
train,depablo_low_temp,44,10,-2.9643664360046387,1.805833101272583,0.28751009702682495,-1.9231661558151245,-1.519858956336975,2.995687246322632
train,depablo_low_temp,44,20,-2.754727840423584,1.9705673456192017,0.547523021697998,-1.0613092184066772,-1.5618680715560913,2.1801564693450928
train,depablo_low_temp,44,30,-2.5416975021362305,2.1451587677001953,0.8192511200904846,-0.16806159913539886,-1.6081526279449463,1.3370203971862793
train,depablo_low_temp,44,40,-2.3275787830352783,2.330915927886963,1.102934718132019,0.7549675703048706,-1.6597557067871094,0.4686453342437744
train,depablo_low_temp,44,50,-2.1144514083862305,2.5287065505981445,1.3984698057174683,1.705513834953308,-1.7174737453460693,-0.422139048576355
train,depablo_low_temp,44,60,-1.9049407243728638,2.73974347114563,1.70582914352417,2.6810214519500732,-1.7823700904846191,-1.3320095539093018
train,depablo_low_temp,44,70,-1.7019472122192383,2.9651124477386475,2.0247209072113037,3.678053379058838,-1.8554953336715698,-2.256784677505493
train,depablo_low_temp,44,80,-1.5069339275360107,3.2051162719726562,2.354759454727173,4.694244384765625,-1.9372613430023193,-3.1938271522521973
train,depablo_low_temp,44,90,-1.3238945007324219,3.460916519165039,2.695195436477661,5.7240729331970215,-2.028944492340088,-4.1367340087890625
train,depablo_low_temp,44,100,-1.1535733938217163,3.732103109359741,3.045267343521118,6.764927864074707,-2.130481243133545,-5.082982063293457
train,depablo_low_temp,45,0,-3.2190237045288086,2.2226860523223877,0.5947684645652771,-1.4149518013000488,-1.7694978713989258,2.67997407913208
train,depablo_low_temp,45,10,-3.582381010055542,2.588841438293457,0.7859060168266296,-1.2690727710723877,-2.0127198696136475,2.721472978591919
train,depablo_low_temp,45,20,-4.066659450531006,3.044553279876709,1.0098016262054443,-1.1579976081848145,-2.321737289428711,2.8474347591400146
train,depablo_low_temp,45,30,-4.560543060302734,3.5488171577453613,1.2779303789138794,-0.9469906687736511,-2.6565325260162354,2.8949055671691895
train,depablo_low_temp,45,40,-5.060544013977051,4.095458030700684,1.5857349634170532,-0.6438194513320923,-3.0134260654449463,2.868699789047241
train,depablo_low_temp,45,50,-5.568714141845703,4.6809258460998535,1.928680658340454,-0.26155513525009155,-3.391023874282837,2.7805898189544678
train,depablo_low_temp,45,60,-6.088724136352539,5.304299831390381,2.3040904998779297,0.18982991576194763,-3.7895150184631348,2.6405158042907715
train,depablo_low_temp,45,70,-6.622304439544678,5.96439790725708,2.709951162338257,0.7038295865058899,-4.208606243133545,2.4546425342559814
train,depablo_low_temp,45,80,-7.170346260070801,6.659243583679199,3.143857002258301,1.2736684083938599,-4.64749002456665,2.229020118713379
train,depablo_low_temp,45,90,-7.733447074890137,7.38871955871582,3.605391263961792,1.897881031036377,-5.106199741363525,1.9651129245758057
train,depablo_low_temp,45,100,-8.310675621032715,8.150442123413086,4.0926032066345215,2.5725269317626953,-5.583387851715088,1.6657767295837402
train,depablo_low_temp,46,0,-3.5280165672302246,2.2107481956481934,0.4342523217201233,-2.1022911071777344,-1.8192108869552612,3.3962769508361816
train,depablo_low_temp,46,10,-3.904465675354004,2.549628734588623,0.5925321578979492,-2.0534276962280273,-2.05147123336792,3.5245742797851562
train,depablo_low_temp,46,20,-4.383923053741455,2.965461015701294,0.7792882919311523,-2.0333902835845947,-2.3402976989746094,3.724531412124634
train,depablo_low_temp,46,30,-4.861052989959717,3.421476125717163,1.007407784461975,-1.9093177318572998,-2.648761749267578,3.8373172283172607
train,depablo_low_temp,46,40,-5.337911128997803,3.913054943084717,1.2712937593460083,-1.6967785358428955,-2.974900722503662,3.876681327819824
train,depablo_low_temp,46,50,-5.823946952819824,4.4409284591674805,1.5671958923339844,-1.4138330221176147,-3.320723533630371,3.86187744140625
train,depablo_low_temp,46,60,-6.325653076171875,5.005629062652588,1.8925637006759644,-1.0728212594985962,-3.6876273155212402,3.806084156036377
train,depablo_low_temp,46,70,-6.847228527069092,5.607890605926514,2.2461345195770264,-0.6807523965835571,-4.07670783996582,3.7170138359069824
train,depablo_low_temp,46,80,-7.391617774963379,6.249052047729492,2.627845525741577,-0.24047517776489258,-4.489136695861816,3.5983595848083496
train,depablo_low_temp,46,90,-7.959051132202148,6.928369045257568,3.0368456840515137,0.24568727612495422,-4.924586296081543,3.4521572589874268
train,depablo_low_temp,46,100,-8.547195434570312,7.643484115600586,3.4718658924102783,0.7768656015396118,-5.381481647491455,3.278071880340576
train,depablo_low_temp,47,0,-3.350342273712158,1.6721506118774414,-0.027477890253067017,-3.084547996520996,-1.5248818397521973,4.14453125
train,depablo_low_temp,47,10,-3.2158327102661133,1.8565236330032349,0.21651090681552887,-2.332641124725342,-1.5897234678268433,3.454172134399414
train,depablo_low_temp,47,20,-3.092069625854492,2.0500612258911133,0.4647468328475952,-1.5808734893798828,-1.6610386371612549,2.7689247131347656
train,depablo_low_temp,47,30,-2.969426393508911,2.2494683265686035,0.7184820175170898,-0.8168951272964478,-1.7354756593704224,2.074082374572754
train,depablo_low_temp,47,40,-2.848849296569824,2.4551284313201904,0.9776598811149597,-0.041734617203474045,-1.8133835792541504,1.3709111213684082
train,depablo_low_temp,47,50,-2.730684995651245,2.66703724861145,1.2421190738677979,0.7438696622848511,-1.8948203325271606,0.6601811051368713
train,depablo_low_temp,47,60,-2.6158525943756104,2.8856098651885986,1.5118448734283447,1.539018154144287,-1.9801526069641113,-0.05694495141506195
train,depablo_low_temp,47,70,-2.5049514770507812,3.1109042167663574,1.786609411239624,2.342576503753662,-2.069518804550171,-0.7792437076568604
train,depablo_low_temp,47,80,-2.398503303527832,3.3430778980255127,2.0663256645202637,3.153829574584961,-2.1630964279174805,-1.5058727264404297
train,depablo_low_temp,47,90,-2.297468662261963,3.5823235511779785,2.35072660446167,3.971219539642334,-2.2611501216888428,-2.235098123550415
train,depablo_low_temp,47,100,-2.202350616455078,3.828498363494873,2.6394333839416504,4.793320655822754,-2.3637073040008545,-2.9654934406280518
train,depablo_low_temp,48,0,-3.6253206729888916,2.3864147663116455,0.5687474012374878,-1.8642637729644775,-1.922703742980957,3.2357633113861084
train,depablo_low_temp,48,10,-4.0537028312683105,2.7415263652801514,0.7188247442245483,-1.8859020471572876,-2.1722593307495117,3.4466023445129395
train,depablo_low_temp,48,20,-4.591047763824463,3.179644823074341,0.9010351896286011,-1.9333293437957764,-2.482126474380493,3.728738307952881
train,depablo_low_temp,48,30,-5.129432201385498,3.6632003784179688,1.128533124923706,-1.8706363439559937,-2.814690589904785,3.9200005531311035
train,depablo_low_temp,48,40,-5.671438217163086,4.187934398651123,1.3957439661026,-1.713849425315857,-3.168348789215088,4.0349440574646
train,depablo_low_temp,48,50,-6.22747802734375,4.755494117736816,1.6993179321289062,-1.4808897972106934,-3.545774459838867,4.093215465545654
train,depablo_low_temp,48,60,-6.805270671844482,5.367343425750732,2.03702712059021,-1.1844050884246826,-3.949051856994629,4.108823776245117
train,depablo_low_temp,48,70,-7.411237716674805,6.026181221008301,2.4084999561309814,-0.8313083052635193,-4.380654811859131,4.090441703796387
train,depablo_low_temp,48,80,-8.046635627746582,6.7313947677612305,2.8125216960906982,-0.4257771670818329,-4.8405046463012695,4.042115211486816
train,depablo_low_temp,48,90,-8.711054801940918,7.48271369934082,3.2489960193634033,0.03239309787750244,-5.328387260437012,3.96347713470459
train,depablo_low_temp,48,100,-9.40235710144043,8.277669906616211,3.7164623737335205,0.541603684425354,-5.842717170715332,3.8548996448516846
train,depablo_low_temp,49,0,-2.6694705486297607,1.68398916721344,0.31075218319892883,-1.6079727411270142,-1.4092731475830078,2.6018829345703125
train,depablo_low_temp,49,10,-2.6903388500213623,1.9189931154251099,0.5318792462348938,-1.0608049631118774,-1.5268558263778687,2.1532745361328125
train,depablo_low_temp,49,20,-2.7462892532348633,2.1687183380126953,0.7511019110679626,-0.5518270134925842,-1.6581422090530396,1.7528454065322876
train,depablo_low_temp,49,30,-2.8114731311798096,2.4274699687957764,0.9749525189399719,-0.04001477733254433,-1.795648217201233,1.3544726371765137
train,depablo_low_temp,49,40,-2.8858678340911865,2.695340633392334,1.203551173210144,0.4749695956707001,-1.9394021034240723,0.9578199982643127
train,depablo_low_temp,49,50,-2.970491886138916,2.973020553588867,1.4371061325073242,0.992685079574585,-2.0899252891540527,0.5637157559394836
train,depablo_low_temp,49,60,-3.0652060508728027,3.2606658935546875,1.6758379936218262,1.5138156414031982,-2.247277021408081,0.1715291440486908
train,depablo_low_temp,49,70,-3.1704423427581787,3.5584449768066406,1.919714093208313,2.0378596782684326,-2.411625623703003,-0.21811704337596893
train,depablo_low_temp,49,80,-3.286292552947998,3.8666718006134033,2.168991804122925,2.565385341644287,-2.5831503868103027,-0.6056435704231262
train,depablo_low_temp,49,90,-3.413311719894409,4.185628414154053,2.4236900806427,3.095900058746338,-2.7620973587036133,-0.9903736114501953
train,depablo_low_temp,49,100,-3.5506765842437744,4.514832973480225,2.6837193965911865,3.6299386024475098,-2.948089122772217,-1.3731255531311035
train,depablo_low_temp,50,0,-3.4297573566436768,2.291301965713501,0.5641261339187622,-1.6887086629867554,-1.841097354888916,3.0037312507629395
train,depablo_low_temp,50,10,-3.7732150554656982,2.6208229064941406,0.728585958480835,-1.5927807092666626,-2.062804937362671,3.0777382850646973
train,depablo_low_temp,50,20,-4.235371112823486,3.026486873626709,0.9135967493057251,-1.56039297580719,-2.3431758880615234,3.2589406967163086
train,depablo_low_temp,50,30,-4.699825763702393,3.466620445251465,1.132270097732544,-1.447852611541748,-2.6410505771636963,3.3747928142547607
train,depablo_low_temp,50,40,-5.169031143188477,3.938669443130493,1.3808540105819702,-1.266554594039917,-2.955605983734131,3.4358444213867188
train,depablo_low_temp,50,50,-5.650763511657715,4.443743705749512,1.6567506790161133,-1.0301182270050049,-3.2887654304504395,3.456928253173828
train,depablo_low_temp,50,60,-6.153090000152588,4.985147476196289,1.959420919418335,-0.7473995685577393,-3.643584966659546,3.4490604400634766
train,depablo_low_temp,50,70,-6.678189277648926,5.563246726989746,2.288184404373169,-0.4220501780509949,-4.020626068115234,3.4162538051605225
train,depablo_low_temp,50,80,-7.228386878967285,6.179566383361816,2.6434504985809326,-0.055227842181921005,-4.421048164367676,3.3605258464813232
train,depablo_low_temp,50,90,-7.801225662231445,6.831614017486572,3.023887872695923,0.35210368037223816,-4.843194007873535,3.281569480895996
train,depablo_low_temp,50,100,-8.395468711853027,7.519057273864746,3.4297268390655518,0.8017336130142212,-5.2866692543029785,3.177328109741211
train,depablo_low_temp,51,0,-2.3915066719055176,1.45491361618042,0.21425789594650269,-1.5918397903442383,-1.2466908693313599,2.461608409881592
train,depablo_low_temp,51,10,-2.2702574729919434,1.6518805027008057,0.46467477083206177,-0.8365520238876343,-1.319899320602417,1.7743109464645386
train,depablo_low_temp,51,20,-2.1597747802734375,1.855604648590088,0.717058002948761,-0.08719316869974136,-1.3983403444290161,1.0968365669250488
train,depablo_low_temp,51,30,-2.055365562438965,2.0682318210601807,0.9757249355316162,0.6715936064720154,-1.4822425842285156,0.4142799377441406
train,depablo_low_temp,51,40,-1.956855058670044,2.289947509765625,1.2409499883651733,1.4406461715698242,-1.5716686248779297,-0.2741333544254303
train,depablo_low_temp,51,50,-1.8653368949890137,2.521345615386963,1.5128173828125,2.2191178798675537,-1.667109727859497,-0.9671931266784668
train,depablo_low_temp,51,60,-1.7810360193252563,2.7624664306640625,1.7912635803222656,3.00663685798645,-1.7686256170272827,-1.664484977722168
train,depablo_low_temp,51,70,-1.7045899629592896,3.0137534141540527,2.0764362812042236,3.8029568195343018,-1.8765506744384766,-2.365510940551758
train,depablo_low_temp,51,80,-1.6363704204559326,3.275163412094116,2.3681185245513916,4.607186317443848,-1.990929126739502,-3.0693576335906982
train,depablo_low_temp,51,90,-1.576704740524292,3.5469679832458496,2.666433095932007,5.419305324554443,-2.1119532585144043,-3.7758560180664062
train,depablo_low_temp,51,100,-1.5264966487884521,3.829397439956665,2.9711921215057373,6.237989902496338,-2.2399003505706787,-4.48349666595459
train,depablo_low_temp,52,0,-2.598010778427124,1.5881195068359375,0.24905282258987427,-1.6960560083389282,-1.349266529083252,2.6416842937469482
train,depablo_low_temp,52,10,-2.501692771911621,1.8018641471862793,0.5039513111114502,-0.9515334367752075,-1.4350528717041016,1.9747129678726196
train,depablo_low_temp,52,20,-2.4228851795196533,2.0254931449890137,0.7607029676437378,-0.21944856643676758,-1.5288087129592896,1.3260530233383179
train,depablo_low_temp,52,30,-2.351008653640747,2.2576191425323486,1.0228774547576904,0.5192966461181641,-1.62799072265625,0.6750163435935974
train,depablo_low_temp,52,40,-2.285844564437866,2.498352527618408,1.290690541267395,1.2654404640197754,-1.7326197624206543,0.02090018428862095
train,depablo_low_temp,52,50,-2.2285664081573486,2.7479259967803955,1.5638266801834106,2.0170671939849854,-1.8430304527282715,-0.6341486573219299
train,depablo_low_temp,52,60,-2.17974853515625,3.006869077682495,1.8425501585006714,2.7743022441864014,-1.9595907926559448,-1.2899746894836426
train,depablo_low_temp,52,70,-2.1399264335632324,3.2754273414611816,2.126854419708252,3.5366201400756836,-2.082524061203003,-1.9458813667297363
train,depablo_low_temp,52,80,-2.1100590229034424,3.5535526275634766,2.4162473678588867,4.301866054534912,-2.2119863033294678,-2.599627733230591
train,depablo_low_temp,52,90,-2.0908830165863037,3.841724157333374,2.7108569145202637,5.069683074951172,-2.348356246948242,-3.2505674362182617
train,depablo_low_temp,52,100,-2.0825726985931396,4.139743328094482,3.010422468185425,5.839191436767578,-2.491583824157715,-3.8978731632232666
train,depablo_low_temp,53,0,-3.155970335006714,1.5211076736450195,-0.08793847262859344,-3.0528206825256348,-1.4162781238555908,4.032488822937012
train,depablo_low_temp,53,10,-2.986215114593506,1.6869733333587646,0.15469524264335632,-2.2719855308532715,-1.4658148288726807,3.3017759323120117
train,depablo_low_temp,53,20,-2.8206138610839844,1.8604663610458374,0.40327227115631104,-1.481027364730835,-1.5198289155960083,2.5644969940185547
train,depablo_low_temp,53,30,-2.6544766426086426,2.0419373512268066,0.6603343486785889,-0.669080913066864,-1.5776572227478027,1.8094793558120728
train,depablo_low_temp,53,40,-2.489100933074951,2.2324395179748535,0.9263189435005188,0.1637115776538849,-1.6400504112243652,1.0374400615692139
train,depablo_low_temp,53,50,-2.325103282928467,2.432145833969116,1.201107382774353,1.0164413452148438,-1.7072088718414307,0.24943219125270844
train,depablo_low_temp,53,60,-2.1639721393585205,2.641793727874756,1.4847358465194702,1.8877995014190674,-1.7797586917877197,-0.5527807474136353
train,depablo_low_temp,53,70,-2.0063529014587402,2.861551284790039,1.7770650386810303,2.7768149375915527,-1.8579020500183105,-1.3680847883224487
train,depablo_low_temp,53,80,-1.8537520170211792,3.0917582511901855,2.0777149200439453,3.681133270263672,-1.9420751333236694,-2.193829298019409
train,depablo_low_temp,53,90,-1.7071402072906494,3.3325178623199463,2.386326313018799,4.598947525024414,-2.0325045585632324,-3.028062343597412
train,depablo_low_temp,53,100,-1.5676747560501099,3.584017753601074,2.702526569366455,5.5282697677612305,-2.129488945007324,-3.8685970306396484
train,depablo_low_temp,54,0,-2.361631155014038,1.371718406677246,0.14531157910823822,-1.7376396656036377,-1.2008527517318726,2.5692026615142822
train,depablo_low_temp,54,10,-2.096501350402832,1.5073035955429077,0.4024657905101776,-0.8308400511741638,-1.21878182888031,1.6910537481307983
train,depablo_low_temp,54,20,-1.836237907409668,1.6661651134490967,0.6809852719306946,0.12286514043807983,-1.2490793466567993,0.7761848568916321
train,depablo_low_temp,54,30,-1.5870656967163086,1.852893352508545,0.982526421546936,1.1217992305755615,-1.2950592041015625,-0.17125429213047028
train,depablo_low_temp,54,40,-1.3534960746765137,2.069854497909546,1.3073314428329468,2.16233229637146,-1.3586711883544922,-1.146216630935669
train,depablo_low_temp,54,50,-1.139769434928894,2.318497657775879,1.6548559665679932,3.239119291305542,-1.441375970840454,-2.1423351764678955
train,depablo_low_temp,54,60,-0.9495168924331665,2.5993144512176514,2.023864269256592,4.3457512855529785,-1.5440443754196167,-3.1526436805725098
train,depablo_low_temp,54,70,-0.7857789993286133,2.912227153778076,2.4128341674804688,5.475666046142578,-1.6671738624572754,-4.1703081130981445
train,depablo_low_temp,54,80,-0.6508775949478149,3.2561182975769043,2.8195314407348633,6.6212639808654785,-1.8106104135513306,-5.18796968460083
train,depablo_low_temp,54,90,-0.5457301139831543,3.629225730895996,3.2417383193969727,7.776260852813721,-1.9736567735671997,-6.199968338012695
train,depablo_low_temp,54,100,-0.47122395038604736,4.029305458068848,3.6767635345458984,8.93331527709961,-2.1553542613983154,-7.199808120727539
train,depablo_low_temp,55,0,-2.2243711948394775,1.5605398416519165,0.3999656140804291,-0.9728550314903259,-1.2699029445648193,1.8697173595428467
train,depablo_low_temp,55,10,-2.154519557952881,1.7976702451705933,0.665194571018219,-0.22725872695446014,-1.3722068071365356,1.2144535779953003
train,depablo_low_temp,55,20,-2.10327410697937,2.049811840057373,0.9366617202758789,0.5159108638763428,-1.485368013381958,0.5699855089187622
train,depablo_low_temp,55,30,-2.065200090408325,2.3187313079833984,1.218714952468872,1.27290940284729,-1.60923171043396,-0.07985237240791321
train,depablo_low_temp,55,40,-2.0403831005096436,2.604064464569092,1.5109553337097168,2.042654037475586,-1.743632197380066,-0.7341324687004089
train,depablo_low_temp,55,50,-2.0293638706207275,2.905641555786133,1.812957525253296,2.8236019611358643,-1.8885834217071533,-1.391334056854248
train,depablo_low_temp,55,60,-2.032548666000366,3.2238285541534424,2.1248862743377686,3.615788459777832,-2.0443382263183594,-2.051299571990967
train,depablo_low_temp,55,70,-2.0504770278930664,3.558140754699707,2.446007013320923,4.416880130767822,-2.2107627391815186,-2.7118382453918457
train,depablo_low_temp,55,80,-2.083184242248535,3.9087448120117188,2.776455879211426,5.227187156677246,-2.387953042984009,-3.373180389404297
train,depablo_low_temp,55,90,-2.1308610439300537,4.27492094039917,3.115424633026123,6.044516563415527,-2.5755927562713623,-4.033411026000977
train,depablo_low_temp,55,100,-2.194589138031006,4.657432556152344,3.4631543159484863,6.868503570556641,-2.7742557525634766,-4.691732406616211
train,depablo_low_temp,56,0,-3.236159324645996,1.7840447425842285,0.13923868536949158,-2.5610976219177246,-1.5597184896469116,3.656670093536377
train,depablo_low_temp,56,10,-3.258915424346924,2.008903741836548,0.34981444478034973,-2.0430049896240234,-1.6724056005477905,3.2325382232666016
train,depablo_low_temp,56,20,-3.327240228652954,2.250234842300415,0.5557834506034851,-1.5800600051879883,-1.8011393547058105,2.8746914863586426
train,depablo_low_temp,56,30,-3.408073902130127,2.5019724369049072,0.7665473222732544,-1.1171687841415405,-1.9371482133865356,2.522402048110962
train,depablo_low_temp,56,40,-3.5008668899536133,2.7651689052581787,0.9833764433860779,-0.6506340503692627,-2.0808842182159424,2.1724355220794678
train,depablo_low_temp,56,50,-3.605222463607788,3.0404229164123535,1.2070338726043701,-0.17816776037216187,-2.2325940132141113,1.8227598667144775
train,depablo_low_temp,56,60,-3.7210018634796143,3.3276894092559814,1.4375360012054443,0.30037209391593933,-2.3922460079193115,1.4732294082641602
train,depablo_low_temp,56,70,-3.847412347793579,3.626929521560669,1.6752116680145264,0.786558985710144,-2.5596871376037598,1.122192621231079
train,depablo_low_temp,56,80,-3.985685110092163,3.9387073516845703,1.9200329780578613,1.2791599035263062,-2.735424041748047,0.7712590098381042
train,depablo_low_temp,56,90,-4.133988380432129,4.261795997619629,2.1716465950012207,1.7789857387542725,-2.9185352325439453,0.4189354479312897
train,depablo_low_temp,56,100,-4.292872905731201,4.5966877937316895,2.430272102355957,2.286076784133911,-3.1093664169311523,0.06545256823301315
train,depablo_low_temp,57,0,-2.4271528720855713,1.8246372938156128,0.5694789886474609,-0.7375110387802124,-1.433549165725708,1.7618848085403442
train,depablo_low_temp,57,10,-2.647603988647461,2.152700185775757,0.7892524003982544,-0.3832843005657196,-1.6327989101409912,1.5652328729629517
train,depablo_low_temp,57,20,-2.9651613235473633,2.5454630851745605,1.0280760526657104,-0.07449323683977127,-1.8814196586608887,1.4509469270706177
train,depablo_low_temp,57,30,-3.3190903663635254,2.991427183151245,1.3028934001922607,0.2896192967891693,-2.162895917892456,1.3075106143951416
train,depablo_low_temp,57,40,-3.7058489322662354,3.4898035526275635,1.6145532131195068,0.7146162390708923,-2.4762425422668457,1.1287587881088257
train,depablo_low_temp,57,50,-4.124130725860596,4.039266109466553,1.9623425006866455,1.1999844312667847,-2.8206021785736084,0.9145680665969849
train,depablo_low_temp,57,60,-4.571491718292236,4.637324333190918,2.344935894012451,1.7447795867919922,-3.194319486618042,0.6646209955215454
train,depablo_low_temp,57,70,-5.0430707931518555,5.277976989746094,2.7586565017700195,2.3443706035614014,-3.5935754776000977,0.38056930899620056
train,depablo_low_temp,57,80,-5.533518314361572,5.953663349151611,3.1985154151916504,2.9912805557250977,-4.013701438903809,0.06619343906641006
train,depablo_low_temp,57,90,-6.036064147949219,6.655885219573975,3.65925669670105,3.678706169128418,-4.449277400970459,-0.2759822607040405
train,depablo_low_temp,57,100,-6.543407440185547,7.373380661010742,4.133124351501465,4.394009113311768,-4.893438339233398,-0.6388037204742432
train,depablo_low_temp,58,0,-3.575260639190674,2.178966522216797,0.3785444498062134,-2.2834420204162598,-1.8120734691619873,3.5704703330993652
train,depablo_low_temp,58,10,-3.892401695251465,2.4909331798553467,0.5380250215530396,-2.1749303340911865,-2.020297050476074,3.621689796447754
train,depablo_low_temp,58,20,-4.335944652557373,2.8743090629577637,0.7098345756530762,-2.1576943397521973,-2.286255359649658,3.8066601753234863
train,depablo_low_temp,58,30,-4.786345481872559,3.2956314086914062,0.9167507290840149,-2.060887336730957,-2.572286367416382,3.9288406372070312
train,depablo_low_temp,58,40,-5.234393119812012,3.7482786178588867,1.1564322710037231,-1.8814311027526855,-2.8735268115997314,3.9815309047698975
train,depablo_low_temp,58,50,-5.6803483963012695,4.228187561035156,1.4246195554733276,-1.6299760341644287,-3.1880383491516113,3.97373366355896
train,depablo_low_temp,58,60,-6.130521297454834,4.734399318695068,1.717311978340149,-1.3222787380218506,-3.5164694786071777,3.921420097351074
train,depablo_low_temp,58,70,-6.5951337814331055,5.270098686218262,2.0328099727630615,-0.9720564484596252,-3.862191915512085,3.8406221866607666
train,depablo_low_temp,58,80,-7.087747573852539,5.841963291168213,2.3713619709014893,-0.5914349555969238,-4.230901718139648,3.7475719451904297
train,depablo_low_temp,58,90,-7.620098114013672,6.4583024978637695,2.7357330322265625,-0.18454977869987488,-4.628768444061279,3.6510074138641357
train,depablo_low_temp,58,100,-8.203300476074219,7.128792762756348,3.1303622722625732,0.24916531145572662,-5.062535762786865,3.5554962158203125
train,depablo_low_temp,59,0,-2.302522897720337,1.3643337488174438,0.16504493355751038,-1.6330902576446533,-1.1878721714019775,2.457791328430176
train,depablo_low_temp,59,10,-2.0414044857025146,1.5084803104400635,0.42845791578292847,-0.7135362029075623,-1.2105435132980347,1.5706638097763062
train,depablo_low_temp,59,20,-1.78385329246521,1.6753290891647339,0.7132822871208191,0.2543880343437195,-1.2450318336486816,0.644940197467804
train,depablo_low_temp,59,30,-1.5344913005828857,1.8673828840255737,1.0198270082473755,1.2670608758926392,-1.2933869361877441,-0.3142417073249817
train,depablo_low_temp,59,40,-1.2967923879623413,2.086925983428955,1.3487393856048584,2.322770357131958,-1.3573524951934814,-1.3038668632507324
train,depablo_low_temp,59,50,-1.0763698816299438,2.336223602294922,1.6996170282363892,3.415266275405884,-1.4390349388122559,-2.3161826133728027
train,depablo_low_temp,59,60,-0.875693678855896,2.615631103515625,2.071648597717285,4.540182590484619,-1.539052128791809,-3.3464198112487793
train,depablo_low_temp,59,70,-0.6988087892532349,2.9257051944732666,2.4634463787078857,5.690341472625732,-1.6584010124206543,-4.386753082275391
train,depablo_low_temp,59,80,-0.5494592189788818,3.266610622406006,2.8733713626861572,6.858309268951416,-1.7978193759918213,-5.429306507110596
train,depablo_low_temp,59,90,-0.4291175305843353,3.6370599269866943,3.2994141578674316,8.0377779006958,-1.9569432735443115,-6.468148231506348
train,depablo_low_temp,59,100,-0.33954164385795593,4.035642147064209,3.7392823696136475,9.221578598022461,-2.135395050048828,-7.496497631072998
train,lj_noisy,60,0,-3.089019775390625,1.3030145168304443,-0.10735935717821121,-3.189253091812134,-1.1244232654571533,3.9749162197113037
train,lj_noisy,60,10,-2.784715414047241,1.3634929656982422,0.09238170832395554,-2.3861782550811768,-1.0980849266052246,3.165781259536743
train,lj_noisy,60,20,-2.5233688354492188,1.4672675132751465,0.31537163257598877,-1.567334532737732,-1.1011028289794922,2.36362886428833
train,lj_noisy,60,30,-2.3196043968200684,1.6550694704055786,0.5948644280433655,-0.6612793207168579,-1.156108021736145,1.5155367851257324
train,lj_noisy,60,40,-2.1869394779205322,1.9505653381347656,0.948004961013794,0.3630278408527374,-1.277075171470642,0.6015952229499817
train,lj_noisy,60,50,-2.1339101791381836,2.365208148956299,1.3821552991867065,1.5160843133926392,-1.4712536334991455,-0.3829227089881897
train,lj_noisy,60,60,-2.1862802505493164,2.9168426990509033,1.902746558189392,2.7880964279174805,-1.7520432472229004,-1.418102502822876
train,lj_noisy,60,70,-2.34529972076416,3.6060962677001953,2.509761095046997,4.178018569946289,-2.120044708251953,-2.5023999214172363
train,lj_noisy,60,80,-2.5758631229400635,4.3865766525268555,3.173557758331299,5.644229888916016,-2.5459513664245605,-3.6172890663146973
train,lj_noisy,60,90,-2.862905979156494,5.240396499633789,3.8834567070007324,7.174039363861084,-3.018155336380005,-4.759183883666992
train,lj_noisy,60,100,-3.206008195877075,6.163489818572998,4.635552883148193,8.758199691772461,-3.534640312194824,-5.9204840660095215
train,lj_noisy,61,0,-2.0517358779907227,1.0057729482650757,0.08863145858049393,-1.7343661785125732,-0.7937769889831543,2.2945737838745117
train,lj_noisy,61,10,-1.8006064891815186,1.1432839632034302,0.3401890695095062,-0.8519119620323181,-0.8145034313201904,1.4425808191299438
train,lj_noisy,61,20,-1.5805511474609375,1.3440865278244019,0.6407517790794373,0.12169303745031357,-0.8726755380630493,0.5297759175300598
train,lj_noisy,61,30,-1.429883599281311,1.6546870470046997,1.0177507400512695,1.2210336923599243,-0.9979972839355469,-0.4549587368965149
train,lj_noisy,61,40,-1.3484594821929932,2.08225679397583,1.4784877300262451,2.4637179374694824,-1.1942164897918701,-1.526045560836792
train,lj_noisy,61,50,-1.3586668968200684,2.6439127922058105,2.029195785522461,3.844620704650879,-1.4737088680267334,-2.669009208679199
train,lj_noisy,61,60,-1.465930461883545,3.338850736618042,2.666390895843506,5.34992790222168,-1.836971402168274,-3.8699333667755127
train,lj_noisy,61,70,-1.6676037311553955,4.159524440765381,3.383840322494507,6.966172695159912,-2.2797369956970215,-5.118901252746582
train,lj_noisy,61,80,-1.9652167558670044,5.098349094390869,4.173224925994873,8.671351432800293,-2.798430919647217,-6.397072792053223
train,lj_noisy,61,90,-2.3495006561279297,6.14027214050293,5.0240373611450195,10.447444915771484,-3.3838677406311035,-7.693809509277344
train,lj_noisy,61,100,-2.7925868034362793,7.257248401641846,5.921758651733398,12.283074378967285,-4.016963481903076,-9.01266098022461
train,lj_noisy,62,0,-2.766925811767578,1.158125877380371,-0.10179398953914642,-2.873636245727539,-0.9977273344993591,3.5694243907928467
train,lj_noisy,62,10,-2.444692611694336,1.2622815370559692,0.14981648325920105,-1.9229363203048706,-0.9895111322402954,2.6286635398864746
train,lj_noisy,62,20,-2.1131792068481445,1.4004477262496948,0.4403713345527649,-0.8692588210105896,-0.9971558451652527,1.5989923477172852
train,lj_noisy,62,30,-1.818084716796875,1.6179832220077515,0.7933485507965088,0.303196519613266,-1.0512069463729858,0.488156259059906
train,lj_noisy,62,40,-1.6070913076400757,1.942015528678894,1.2131184339523315,1.5614540576934814,-1.173214077949524,-0.6551637649536133
train,lj_noisy,62,50,-1.465355396270752,2.3515241146087646,1.685770034790039,2.884762763977051,-1.3499300479888916,-1.8207547664642334
train,lj_noisy,62,60,-1.3944854736328125,2.8442752361297607,2.208265781402588,4.264257907867432,-1.5805355310440063,-3.000479221343994
train,lj_noisy,62,70,-1.4153579473495483,3.444915294647217,2.7950639724731445,5.71731424331665,-1.8812936544418335,-4.1988019943237305
train,lj_noisy,62,80,-1.5326122045516968,4.1524434089660645,3.442756175994873,7.231757164001465,-2.252476930618286,-5.403505325317383
train,lj_noisy,62,90,-1.7365643978118896,4.958518028259277,4.147631645202637,8.807109832763672,-2.688135862350464,-6.618695259094238
train,lj_noisy,62,100,-2.026822090148926,5.860734939575195,4.907268524169922,10.43853759765625,-3.186826467514038,-7.840731143951416
train,lj_noisy,63,0,-2.1918587684631348,0.8720857501029968,-0.11070866882801056,-2.362917423248291,-0.7517958879470825,2.8791449069976807
train,lj_noisy,63,10,-1.9325250387191772,1.0200132131576538,0.15437521040439606,-1.4356498718261719,-0.776170551776886,1.986524224281311
train,lj_noisy,63,20,-1.684800386428833,1.2069015502929688,0.45343780517578125,-0.436972051858902,-0.822563648223877,1.0408039093017578
train,lj_noisy,63,30,-1.4863243103027344,1.4869986772537231,0.822458028793335,0.6890116930007935,-0.9239814281463623,0.01205960288643837
train,lj_noisy,63,40,-1.3612847328186035,1.883677363395691,1.2731424570083618,1.9495034217834473,-1.0962470769882202,-1.094684362411499
train,lj_noisy,63,50,-1.322265386581421,2.4080405235290527,1.8104937076568604,3.3457372188568115,-1.3470573425292969,-2.274749755859375
train,lj_noisy,63,60,-1.3312907218933105,3.038703441619873,2.4317209720611572,4.903632164001465,-1.6592347621917725,-3.566713333129883
train,lj_noisy,63,70,-1.3967149257659912,3.77072811126709,3.1279516220092773,6.592586517333984,-2.0316758155822754,-4.941399097442627
train,lj_noisy,63,80,-1.5268988609313965,4.605876922607422,3.8970651626586914,8.398998260498047,-2.466566324234009,-6.383845806121826
train,lj_noisy,63,90,-1.7629913091659546,5.555084228515625,4.730018615722656,10.264474868774414,-2.9766578674316406,-7.826906204223633
train,lj_noisy,63,100,-2.106444835662842,6.60566520690918,5.613187313079834,12.155208587646484,-3.5559744834899902,-9.241867065429688
train,lj_noisy,64,0,-2.2327284812927246,1.0895931720733643,0.08647702634334564,-1.9119772911071777,-0.8687974214553833,2.522062301635742
train,lj_noisy,64,10,-1.9534977674484253,1.1707096099853516,0.29488593339920044,-1.1120131015777588,-0.8573737740516663,1.7275779247283936
train,lj_noisy,64,20,-1.6775811910629272,1.2910802364349365,0.5412589311599731,-0.22280634939670563,-0.8665412664413452,0.8613925576210022
train,lj_noisy,64,30,-1.4694509506225586,1.5115028619766235,0.8553603887557983,0.771071195602417,-0.9374755024909973,-0.06048528105020523
train,lj_noisy,64,40,-1.3110965490341187,1.8193612098693848,1.2333626747131348,1.8759326934814453,-1.0608232021331787,-1.0513722896575928
train,lj_noisy,64,50,-1.2375059127807617,2.2414426803588867,1.685276746749878,3.0848960876464844,-1.2560265064239502,-2.089668035507202
train,lj_noisy,64,60,-1.263334035873413,2.7935290336608887,2.219898223876953,4.406593322753906,-1.5335583686828613,-3.175868034362793
train,lj_noisy,64,70,-1.405996561050415,3.4914517402648926,2.8446409702301025,5.844137191772461,-1.9043536186218262,-4.304661273956299
train,lj_noisy,64,80,-1.674809455871582,4.34367561340332,3.5635178089141846,7.3992204666137695,-2.3743302822113037,-5.473149299621582
train,lj_noisy,64,90,-2.0740315914154053,5.352676868438721,4.376977920532227,9.069199562072754,-2.94551944732666,-6.677131175994873
train,lj_noisy,64,100,-2.5905911922454834,6.487607002258301,5.2605085372924805,10.805694580078125,-3.60015869140625,-7.882648468017578
train,lj_noisy,65,0,-2.077319860458374,0.9244414567947388,-0.004514199215918779,-1.988688349723816,-0.7576594948768616,2.5166444778442383
train,lj_noisy,65,10,-1.9135385751724243,1.099698543548584,0.24311351776123047,-1.1978646516799927,-0.8126162886619568,1.78114914894104
train,lj_noisy,65,20,-1.8152966499328613,1.3436968326568604,0.5282353758811951,-0.3746851086616516,-0.9132157564163208,1.0487269163131714
train,lj_noisy,65,30,-1.7463769912719727,1.6233114004135132,0.8352172374725342,0.47518885135650635,-1.0367611646652222,0.3076361119747162
train,lj_noisy,65,40,-1.7035913467407227,1.9354515075683594,1.1625115871429443,1.3508217334747314,-1.1811977624893188,-0.442754328250885
train,lj_noisy,65,50,-1.688647985458374,2.28185772895813,1.511054277420044,2.2529897689819336,-1.347703218460083,-1.2023006677627563
train,lj_noisy,65,60,-1.70615816116333,2.6678733825683594,1.883958339691162,3.1852798461914062,-1.5397660732269287,-1.9718430042266846
train,lj_noisy,65,70,-1.759084939956665,3.097424268722534,2.2837164402008057,4.151256561279297,-1.759878396987915,-2.7529635429382324
train,lj_noisy,65,80,-1.8271560668945312,3.5563440322875977,2.7062761783599854,5.158467769622803,-1.9974418878555298,-3.5612611770629883
train,lj_noisy,65,90,-1.957187533378601,4.0963873863220215,3.1804869174957275,6.237298488616943,-2.2864034175872803,-4.400543689727783
train,lj_noisy,65,100,-2.159276247024536,4.731523036956787,3.715353012084961,7.401540279388428,-2.6355645656585693,-5.277561187744141
train,lj_noisy,66,0,-2.002129316329956,1.0724172592163086,0.1803283542394638,-1.4600673913955688,-0.8170952796936035,2.0396194458007812
train,lj_noisy,66,10,-1.7338815927505493,1.1852363348007202,0.41506367921829224,-0.6037207245826721,-0.8225311636924744,1.2024327516555786
train,lj_noisy,66,20,-1.4945621490478516,1.334039330482483,0.6731662750244141,0.2807592749595642,-0.8511504530906677,0.3550233840942383
train,lj_noisy,66,30,-1.3202954530715942,1.5642375946044922,0.9824297428131104,1.2305539846420288,-0.9315845966339111,-0.5173211693763733
train,lj_noisy,66,40,-1.2132444381713867,1.8786165714263916,1.344604253768921,2.247922658920288,-1.065591812133789,-1.4154102802276611
train,lj_noisy,66,50,-1.1718342304229736,2.277496337890625,1.7607669830322266,3.33677077293396,-1.2530741691589355,-2.343074321746826
train,lj_noisy,66,60,-1.2002317905426025,2.7655797004699707,2.23358154296875,4.499842166900635,-1.49710214138031,-3.300600051879883
train,lj_noisy,66,70,-1.3016796112060547,3.345257520675659,2.763824462890625,5.736037731170654,-1.7994674444198608,-4.285459041595459
train,lj_noisy,66,80,-1.478046178817749,4.017160415649414,3.351156711578369,7.042776107788086,-2.160856246948242,-5.294522285461426
train,lj_noisy,66,90,-1.731288194656372,4.7797040939331055,3.992952346801758,8.411866188049316,-2.580880641937256,-6.319964408874512
train,lj_noisy,66,100,-2.0592732429504395,5.627245903015137,4.684494972229004,9.833624839782715,-3.056431531906128,-7.354588508605957
train,lj_noisy,67,0,-2.7089030742645264,1.1167784929275513,-0.11457313597202301,-2.853421211242676,-0.9676117300987244,3.526144504547119
train,lj_noisy,67,10,-2.415802001953125,1.1924822330474854,0.09496712684631348,-2.036857843399048,-0.9511594772338867,2.71142840385437
train,lj_noisy,67,20,-2.107595920562744,1.278038740158081,0.32202163338661194,-1.1654952764511108,-0.9376615285873413,1.845443606376648
train,lj_noisy,67,30,-1.843881368637085,1.444677472114563,0.6090556979179382,-0.18713562190532684,-0.9724569320678711,0.9113075137138367
train,lj_noisy,67,40,-1.639733076095581,1.713759183883667,0.9701426029205322,0.9200161695480347,-1.0686028003692627,-0.10248828679323196
train,lj_noisy,67,50,-1.5245153903961182,2.0990383625030518,1.4049874544143677,2.1283068656921387,-1.2380855083465576,-1.1596238613128662
train,lj_noisy,67,60,-1.4975218772888184,2.594597816467285,1.9079859256744385,3.424506187438965,-1.4779020547866821,-2.2493488788604736
train,lj_noisy,67,70,-1.5615397691726685,3.1980369091033936,2.475336790084839,4.796900749206543,-1.7873798608779907,-3.36063814163208
train,lj_noisy,67,80,-1.7117403745651245,3.897122383117676,3.09712815284729,6.2252397537231445,-2.159644603729248,-4.478834629058838
train,lj_noisy,67,90,-1.9085485935211182,4.626714706420898,3.7276291847229004,7.629932880401611,-2.555419683456421,-5.555851459503174
train,lj_noisy,67,100,-2.121004343032837,5.363522529602051,4.3586249351501465,9.018877029418945,-2.957334518432617,-6.612916946411133
train,lj_noisy,68,0,-2.3481667041778564,1.022871732711792,-0.03380429744720459,-2.3182032108306885,-0.8531880378723145,2.9126949310302734
train,lj_noisy,68,10,-2.0841288566589355,1.153798222541809,0.21609917283058167,-1.4243265390396118,-0.8685786128044128,2.0461814403533936
train,lj_noisy,68,20,-1.9231994152069092,1.3968775272369385,0.528989851474762,-0.4696139991283417,-0.9580695033073425,1.1765507459640503
train,lj_noisy,68,30,-1.8325272798538208,1.7319691181182861,0.9002684354782104,0.56534343957901,-1.1059812307357788,0.2728652060031891
train,lj_noisy,68,40,-1.8055031299591064,2.1568071842193604,1.3307830095291138,1.688859224319458,-1.3100191354751587,-0.6747839450836182
train,lj_noisy,68,50,-1.8155564069747925,2.650628089904785,1.8125369548797607,2.9047136306762695,-1.555375337600708,-1.6813304424285889
train,lj_noisy,68,60,-1.8281768560409546,3.159790277481079,2.3089308738708496,4.152099609375,-1.8090754747390747,-2.7124502658843994
train,lj_noisy,68,70,-1.8976454734802246,3.719897508621216,2.8293144702911377,5.405395030975342,-2.098344564437866,-3.722142457962036
train,lj_noisy,68,80,-2.01478910446167,4.337183952331543,3.3843235969543457,6.6985273361206055,-2.4250054359436035,-4.742209434509277
train,lj_noisy,68,90,-2.2041897773742676,5.034406661987305,3.984714984893799,8.036457061767578,-2.804701805114746,-5.7655534744262695
train,lj_noisy,68,100,-2.469122886657715,5.81379508972168,4.6310811042785645,9.417692184448242,-3.2391817569732666,-6.789348602294922
train,lj_noisy,69,0,-2.637969970703125,1.0657858848571777,-0.1314811408519745,-2.8296053409576416,-0.9272489547729492,3.4746010303497314
train,lj_noisy,69,10,-2.216377019882202,1.0805037021636963,0.07834042608737946,-1.8928593397140503,-0.8577567934989929,2.5007245540618896
train,lj_noisy,69,20,-1.6562937498092651,1.064583659172058,0.3246607780456543,-0.7413978576660156,-0.7491178512573242,1.2859246730804443
train,lj_noisy,69,30,-1.0746852159500122,1.151978611946106,0.685578465461731,0.7096639275550842,-0.68821120262146,-0.18684683740139008
train,lj_noisy,69,40,-0.5724967122077942,1.4343507289886475,1.2045176029205322,2.4740941524505615,-0.7383338809013367,-1.8827242851257324
train,lj_noisy,69,50,-0.2171645164489746,1.967931866645813,1.9055945873260498,4.547962188720703,-0.9395509958267212,-3.7671632766723633
train,lj_noisy,69,60,-0.10329131036996841,2.801077365875244,2.7915382385253906,6.851799011230469,-1.33255136013031,-5.730932235717773
train,lj_noisy,69,70,-0.2782721519470215,3.932861089706421,3.8382043838500977,9.284257888793945,-1.925214171409607,-7.668365001678467
train,lj_noisy,69,80,-0.7476444840431213,5.333529949188232,5.012639045715332,11.761161804199219,-2.703810691833496,-9.507134437561035
train,lj_noisy,69,90,-1.484682559967041,6.959850788116455,6.28395414352417,14.232940673828125,-3.6422390937805176,-11.218384742736816
train,lj_noisy,69,100,-2.4469780921936035,8.766462326049805,7.626901626586914,16.677457809448242,-4.710535049438477,-12.803223609924316
train,lj_noisy,70,0,-2.636819362640381,1.013613224029541,-0.18044713139533997,-2.951073169708252,-0.898677408695221,3.571253538131714
train,lj_noisy,70,10,-2.3067657947540283,1.1304242610931396,0.08690723031759262,-1.952463984489441,-0.8952884674072266,2.58707332611084
train,lj_noisy,70,20,-1.9639396667480469,1.273158311843872,0.38674837350845337,-0.8633054494857788,-0.9027581214904785,1.522190809249878
train,lj_noisy,70,30,-1.6214126348495483,1.4593000411987305,0.7303826808929443,0.33203577995300293,-0.9320053458213806,0.3695845603942871
train,lj_noisy,70,40,-1.3017246723175049,1.7048661708831787,1.1231892108917236,1.6254847049713135,-0.9949257969856262,-0.853751540184021
train,lj_noisy,70,50,-1.02516508102417,2.0184972286224365,1.5641862154006958,2.9954590797424316,-1.0993738174438477,-2.1206107139587402
train,lj_noisy,70,60,-0.813939094543457,2.404467821121216,2.0470359325408936,4.405900001525879,-1.251321792602539,-3.3910062313079834
train,lj_noisy,70,70,-0.6725475192070007,2.8541970252990723,2.5610156059265137,5.826158046722412,-1.4472882747650146,-4.637478828430176
train,lj_noisy,70,80,-0.6048312187194824,3.359005928039551,3.095465898513794,7.227068901062012,-1.6835556030273438,-5.834210395812988
train,lj_noisy,70,90,-0.5885121822357178,3.902967691421509,3.6451544761657715,8.616188049316406,-1.9481672048568726,-6.997828006744385
train,lj_noisy,70,100,-0.6307114958763123,4.478677272796631,4.199173927307129,9.96048355102539,-2.238776206970215,-8.097610473632812
train,lj_noisy,71,0,-2.4307425022125244,1.1702868938446045,0.07321019470691681,-2.123997926712036,-0.9406570792198181,2.7903218269348145
train,lj_noisy,71,10,-2.2003417015075684,1.3139351606369019,0.3200652599334717,-1.2703773975372314,-0.9682059288024902,1.9724502563476562
train,lj_noisy,71,20,-2.0040955543518066,1.496762990951538,0.5901618599891663,-0.39244353771209717,-1.0215959548950195,1.1505330801010132
train,lj_noisy,71,30,-1.8402493000030518,1.7378051280975342,0.903081476688385,0.5614864230155945,-1.1097266674041748,0.28054580092430115
train,lj_noisy,71,40,-1.7134482860565186,2.044597625732422,1.2640966176986694,1.6004172563552856,-1.2371822595596313,-0.6428314447402954
train,lj_noisy,71,50,-1.626706600189209,2.418682336807251,1.6733372211456299,2.7218356132507324,-1.4052810668945312,-1.6161155700683594
train,lj_noisy,71,60,-1.583674430847168,2.8595025539398193,2.128546953201294,3.9166998863220215,-1.6143898963928223,-2.6301512718200684
train,lj_noisy,71,70,-1.5840163230895996,3.361593008041382,2.6244986057281494,5.172093391418457,-1.861760139465332,-3.6743531227111816
train,lj_noisy,71,80,-1.6260814666748047,3.912660598754883,3.149763584136963,6.460885524749756,-2.14096736907959,-4.7270002365112305
train,lj_noisy,71,90,-1.7072665691375732,4.505300521850586,3.6981775760650635,7.770117282867432,-2.447857618331909,-5.778548717498779
train,lj_noisy,71,100,-1.8152611255645752,5.117243766784668,4.253335475921631,9.069581031799316,-2.7691683769226074,-6.809459686279297
train,lj_noisy,72,0,-2.6520791053771973,1.1384738683700562,-0.06424182653427124,-2.674590587615967,-0.9649339914321899,3.3498737812042236
train,lj_noisy,72,10,-2.363430976867676,1.231407642364502,0.16055747866630554,-1.8242230415344238,-0.9571882486343384,2.5079140663146973
train,lj_noisy,72,20,-2.094726085662842,1.3652291297912598,0.4173259437084198,-0.9147530794143677,-0.9734276533126831,1.6261041164398193
train,lj_noisy,72,30,-1.8544418811798096,1.5614268779754639,0.7233063578605652,0.08972669392824173,-1.0256978273391724,0.6784223914146423
train,lj_noisy,72,40,-1.6522746086120605,1.8348567485809326,1.0886772871017456,1.205698013305664,-1.1231211423873901,-0.34430834650993347
train,lj_noisy,72,50,-1.5104056596755981,2.2064027786254883,1.5236586332321167,2.438359022140503,-1.279988169670105,-1.436233639717102
train,lj_noisy,72,60,-1.4333138465881348,2.6718780994415283,2.022214651107788,3.7681047916412354,-1.4949759244918823,-2.5791637897491455
train,lj_noisy,72,70,-1.4418091773986816,3.255443572998047,2.5982279777526855,5.210904121398926,-1.7838190793991089,-3.7766366004943848
train,lj_noisy,72,80,-1.5326589345932007,3.9785261154174805,3.274134397506714,6.827144622802734,-2.156311511993408,-5.08042049407959
train,lj_noisy,72,90,-1.7050539255142212,4.852114677429199,4.061293601989746,8.645383834838867,-2.617812395095825,-6.514472484588623
train,lj_noisy,72,100,-1.9858205318450928,5.856978416442871,4.927688121795654,10.561518669128418,-3.163372278213501,-7.980323791503906
train,lj_noisy,73,0,-1.81928288936615,0.7856447696685791,-0.021999578922986984,-1.7932913303375244,-0.6443520784378052,2.2400481700897217
train,lj_noisy,73,10,-1.5735925436019897,0.9439047574996948,0.24678410589694977,-0.8710383176803589,-0.6761490106582642,1.357884168624878
train,lj_noisy,73,20,-1.3729206323623657,1.1836665868759155,0.5757757425308228,0.15788304805755615,-0.7565373778343201,0.4080617427825928
train,lj_noisy,73,30,-1.2480120658874512,1.531327247619629,0.9763432145118713,1.294677495956421,-0.9040416479110718,-0.5963690280914307
train,lj_noisy,73,40,-1.2130675315856934,1.998864769935608,1.4535226821899414,2.539400577545166,-1.1272116899490356,-1.6488502025604248
train,lj_noisy,73,50,-1.2826141119003296,2.598237991333008,2.0121593475341797,3.8914222717285156,-1.4346301555633545,-2.742140293121338
train,lj_noisy,73,60,-1.4659196138381958,3.3435192108154297,2.6617720127105713,5.366305828094482,-1.83507239818573,-3.884751319885254
train,lj_noisy,73,70,-1.773154616355896,4.2400641441345215,3.402794122695923,6.956070423126221,-2.3330938816070557,-5.065317153930664
train,lj_noisy,73,80,-2.167062520980835,5.233846664428711,4.199267864227295,8.604484558105469,-2.895073890686035,-6.254439830780029
train,lj_noisy,73,90,-2.4839627742767334,6.107677936553955,4.914007663726807,10.114822387695312,-3.383390188217163,-7.364750385284424
train,lj_noisy,73,100,-2.851053476333618,7.02480411529541,5.648133754730225,11.626897811889648,-3.9021904468536377,-8.453476905822754
train,lj_noisy,74,0,-2.8146936893463135,1.3089494705200195,0.029802072793245316,-2.592236280441284,-1.0774880647659302,3.3526530265808105
train,lj_noisy,74,10,-2.5161688327789307,1.3730762004852295,0.2301296889781952,-1.7937185764312744,-1.054205298423767,2.5504307746887207
train,lj_noisy,74,20,-2.1787168979644775,1.4297435283660889,0.4420350193977356,-0.9329042434692383,-1.020949363708496,1.6796023845672607
train,lj_noisy,74,30,-1.8579026460647583,1.5500662326812744,0.7098710536956787,0.05000027269124985,-1.0224674940109253,0.71540367603302
train,lj_noisy,74,40,-1.5872019529342651,1.7743043899536133,1.057799220085144,1.184404969215393,-1.084504246711731,-0.3514513671398163
train,lj_noisy,74,50,-1.382484793663025,2.1237804889678955,1.4995520114898682,2.4902453422546387,-1.2201486825942993,-1.530645728111267
train,lj_noisy,74,60,-1.2898786067962646,2.624049663543701,2.038635730743408,3.933964252471924,-1.4502147436141968,-2.7733259201049805
train,lj_noisy,74,70,-1.3137683868408203,3.2775394916534424,2.67531681060791,5.512381076812744,-1.7767665386199951,-4.074711322784424
train,lj_noisy,74,80,-1.459173560142517,4.0917582511901855,3.414715528488159,7.233880043029785,-2.2044198513031006,-5.439480781555176
train,lj_noisy,74,90,-1.735609531402588,5.065721035003662,4.251199245452881,9.076303482055664,-2.7344107627868652,-6.8448638916015625
train,lj_noisy,74,100,-2.131340980529785,6.1724958419799805,5.163348197937012,10.997831344604492,-3.3513200283050537,-8.26148509979248
train,lj_noisy,75,0,-1.9953866004943848,0.8593121767044067,-0.03017515316605568,-1.978567361831665,-0.7102932333946228,2.4703750610351562
train,lj_noisy,75,10,-1.751711130142212,1.0067201852798462,0.2275441586971283,-1.0865079164505005,-0.7368274331092834,1.6134562492370605
train,lj_noisy,75,20,-1.5378859043121338,1.210764765739441,0.5281921625137329,-0.1166229397058487,-0.7966387271881104,0.7053699493408203
train,lj_noisy,75,30,-1.377490520477295,1.4954181909561157,0.8843690156936646,0.9412339925765991,-0.9059174656867981,-0.251364529132843
train,lj_noisy,75,40,-1.276076316833496,1.8676036596298218,1.3003240823745728,2.09261417388916,-1.0691847801208496,-1.2586889266967773
train,lj_noisy,75,50,-1.2223848104476929,2.3228836059570312,1.7770905494689941,3.349883556365967,-1.2823830842971802,-2.331812858581543
train,lj_noisy,75,60,-1.2356523275375366,2.87626576423645,2.320363998413086,4.709702491760254,-1.5563818216323853,-3.4591150283813477
train,lj_noisy,75,70,-1.3272345066070557,3.5372002124786377,2.934058666229248,6.171481132507324,-1.8979382514953613,-4.634803771972656
train,lj_noisy,75,80,-1.5081076622009277,4.31359338760376,3.620651960372925,7.731616020202637,-2.3129658699035645,-5.850758075714111
train,lj_noisy,75,90,-1.7883659601211548,5.2159857749938965,4.385682582855225,9.394787788391113,-2.8085949420928955,-7.106044769287109
train,lj_noisy,75,100,-2.169187068939209,6.245192050933838,5.229291915893555,11.160221099853516,-3.3854756355285645,-8.399378776550293
train,lj_noisy,76,0,-2.6022391319274902,1.017169713973999,-0.16294823586940765,-2.8735640048980713,-0.8975265026092529,3.4951393604278564
train,lj_noisy,76,10,-2.3862144947052,1.1709623336791992,0.08792319893836975,-2.02488112449646,-0.9326778650283813,2.6876168251037598
train,lj_noisy,76,20,-2.2020156383514404,1.367337942123413,0.36634668707847595,-1.1379332542419434,-0.9946697950363159,1.8630292415618896
train,lj_noisy,76,30,-2.0269851684570312,1.6062601804733276,0.6829200983047485,-0.16477257013320923,-1.079576849937439,0.9713301062583923
train,lj_noisy,76,40,-1.8819166421890259,1.910185694694519,1.0501151084899902,0.9064769744873047,-1.2022284269332886,0.012188232503831387
train,lj_noisy,76,50,-1.7770565748214722,2.2893011569976807,1.473254919052124,2.07930064201355,-1.369564414024353,-1.012499451637268
train,lj_noisy,76,60,-1.6836727857589722,2.725147247314453,1.9477614164352417,3.3683547973632812,-1.5671426057815552,-2.1282711029052734
train,lj_noisy,76,70,-1.632391333580017,3.2416114807128906,2.4828648567199707,4.768579959869385,-1.8123037815093994,-3.3168928623199463
train,lj_noisy,76,80,-1.636540174484253,3.8561394214630127,3.089508533477783,6.295085906982422,-2.1161229610443115,-4.58467960357666
train,lj_noisy,76,90,-1.6975514888763428,4.5797224044799805,3.778008460998535,7.971906661987305,-2.4843459129333496,-5.950841426849365
train,lj_noisy,76,100,-1.8335448503494263,5.42232608795166,4.5495805740356445,9.785527229309082,-2.9251081943511963,-7.395852565765381
train,lj_noisy,77,0,-2.5363104343414307,1.1641576290130615,0.01577080972492695,-2.3649215698242188,-0.9582579731941223,3.0401089191436768
train,lj_noisy,77,10,-2.2522010803222656,1.2310823202133179,0.2127615511417389,-1.5890411138534546,-0.9388144016265869,2.262727975845337
train,lj_noisy,77,20,-2.004580020904541,1.3374744653701782,0.43276411294937134,-0.7928348779678345,-0.9457556009292603,1.4855015277862549
train,lj_noisy,77,30,-1.8019309043884277,1.5221540927886963,0.709934651851654,0.10281200706958771,-0.9996989965438843,0.6465619206428528
train,lj_noisy,77,40,-1.6636204719543457,1.8141076564788818,1.0637682676315308,1.129377841949463,-1.118406057357788,-0.27141273021698
train,lj_noisy,77,50,-1.611175298690796,2.2349648475646973,1.5054785013198853,2.295576810836792,-1.3164572715759277,-1.2658125162124634
train,lj_noisy,77,60,-1.6489193439483643,2.791534900665283,2.0398218631744385,3.6094343662261963,-1.5980716943740845,-2.341261625289917
train,lj_noisy,77,70,-1.798414945602417,3.502807140350342,2.6753053665161133,5.073247909545898,-1.9764710664749146,-3.4898879528045654
train,lj_noisy,77,80,-2.0717177391052246,4.381597518920898,3.418895721435547,6.694010257720947,-2.460158348083496,-4.712045669555664
train,lj_noisy,77,90,-2.480429172515869,5.441605567932129,4.278588771820068,8.481925964355469,-3.0579662322998047,-6.010982036590576
train,lj_noisy,77,100,-2.9361629486083984,6.622255325317383,5.236346244812012,10.47063159942627,-3.7237679958343506,-7.455230236053467
train,lj_noisy,78,0,-2.703946590423584,0.9932706952095032,-0.23446547985076904,-3.1483490467071533,-0.9032372236251831,3.7677900791168213
train,lj_noisy,78,10,-2.419948101043701,1.1180135011672974,0.019242698326706886,-2.227022647857666,-0.9118397235870361,2.8688621520996094
train,lj_noisy,78,20,-2.1685984134674072,1.2893946170806885,0.3044000267982483,-1.259551763534546,-0.9495763182640076,1.9469025135040283
train,lj_noisy,78,30,-1.9712663888931274,1.5466914176940918,0.649767279624939,-0.19278599321842194,-1.0396109819412231,0.9673686027526855
train,lj_noisy,78,40,-1.8390322923660278,1.9042699337005615,1.0643666982650757,0.985764741897583,-1.1910682916641235,-0.07501842826604843
train,lj_noisy,78,50,-1.7642600536346436,2.3510215282440186,1.5407401323318481,2.264469623565674,-1.396997094154358,-1.1741585731506348
train,lj_noisy,78,60,-1.7648420333862305,2.8916213512420654,2.0751137733459473,3.6175644397735596,-1.6628220081329346,-2.300642728805542
train,lj_noisy,78,70,-1.839687466621399,3.5316519737243652,2.6736502647399902,5.061391830444336,-1.9912443161010742,-3.4684038162231445
train,lj_noisy,78,80,-1.9957046508789062,4.281381607055664,3.3432669639587402,6.607076644897461,-2.3886382579803467,-4.683446407318115
train,lj_noisy,78,90,-2.243398666381836,5.149246692657471,4.087384223937988,8.253639221191406,-2.861123561859131,-5.940085411071777
train,lj_noisy,78,100,-2.598461151123047,6.150407314300537,4.913516044616699,10.005949974060059,-3.4190187454223633,-7.235161781311035
train,lj_noisy,79,0,-2.8681044578552246,1.1169319152832031,-0.18785573542118073,-3.185555934906006,-0.9931793212890625,3.871032476425171
train,lj_noisy,79,10,-2.522329568862915,1.1937379837036133,0.047595731914043427,-2.2532265186309814,-0.9674959182739258,2.935218572616577
train,lj_noisy,79,20,-2.1865453720092773,1.3173480033874512,0.32546159625053406,-1.2265909910202026,-0.9670202732086182,1.9260365962982178
train,lj_noisy,79,30,-1.8938851356506348,1.5152738094329834,0.6572386026382446,-0.10734262317419052,-1.01118803024292,0.8600614666938782
train,lj_noisy,79,40,-1.6436622142791748,1.785415530204773,1.0411087274551392,1.1006183624267578,-1.098862886428833,-0.25972115993499756
train,lj_noisy,79,50,-1.4430596828460693,2.1264309883117676,1.4723316431045532,2.378959894180298,-1.2305381298065186,-1.41499924659729
train,lj_noisy,79,60,-1.2852168083190918,2.5318589210510254,1.9478192329406738,3.726013660430908,-1.4018077850341797,-2.6075408458709717
train,lj_noisy,79,70,-1.142573356628418,2.990277051925659,2.4694559574127197,5.171164512634277,-1.6020610332489014,-3.8743929862976074
train,lj_noisy,79,80,-1.043071985244751,3.5090432167053223,3.0313515663146973,6.674046993255615,-1.8398078680038452,-5.169453144073486
train,lj_noisy,79,90,-1.0022668838500977,4.090305328369141,3.628157377243042,8.207403182983398,-2.118866205215454,-6.462995529174805
train,lj_noisy,79,100,-1.0219646692276,4.73084020614624,4.255789279937744,9.759431838989258,-2.4379944801330566,-7.744351387023926
train,lj_noisy,80,0,-1.9372867345809937,0.9672898650169373,0.1046476885676384,-1.5890494585037231,-0.754806399345398,2.1201331615448
train,lj_noisy,80,10,-1.688088297843933,1.093990445137024,0.3437814712524414,-0.7381947040557861,-0.7707836031913757,1.295969009399414
train,lj_noisy,80,20,-1.476975440979004,1.2762469053268433,0.6211667656898499,0.16984237730503082,-0.8212860822677612,0.4416888952255249
train,lj_noisy,80,30,-1.3098632097244263,1.533132791519165,0.9527230858802795,1.1694170236587524,-0.9168998003005981,-0.46812334656715393
train,lj_noisy,80,40,-1.1825846433639526,1.8506872653961182,1.3266828060150146,2.234309196472168,-1.0500544309616089,-1.413390874862671
train,lj_noisy,80,50,-1.1121509075164795,2.2466237545013428,1.752381443977356,3.3722808361053467,-1.2325483560562134,-2.3926730155944824
train,lj_noisy,80,60,-1.1117191314697266,2.7257866859436035,2.2282934188842773,4.567594528198242,-1.4690968990325928,-3.3869102001190186
train,lj_noisy,80,70,-1.1856223344802856,3.2831766605377197,2.7473161220550537,5.798752784729004,-1.757992148399353,-4.376291275024414
train,lj_noisy,80,80,-1.33453369140625,3.910975217819214,3.301295518875122,7.045000076293945,-2.095489263534546,-5.343296051025391
train,lj_noisy,80,90,-1.541879415512085,4.597430229187012,3.8867299556732178,8.310859680175781,-2.4729385375976562,-6.298981666564941
train,lj_noisy,80,100,-1.820965051651001,5.3394598960876465,4.494162559509277,9.55994987487793,-2.891374349594116,-7.20676851272583
train,lj_noisy,81,0,-2.582902431488037,1.058726191520691,-0.11009258031845093,-2.725511312484741,-0.9129758477210999,3.35919451713562
train,lj_noisy,81,10,-2.4115917682647705,1.241263508796692,0.14817208051681519,-1.8991507291793823,-0.9701579213142395,2.590449571609497
train,lj_noisy,81,20,-2.335017442703247,1.5172302722930908,0.454944372177124,-1.0401750802993774,-1.0903398990631104,1.837664008140564
train,lj_noisy,81,30,-2.3434064388275146,1.9055756330490112,0.8332487344741821,-0.08049310743808746,-1.2813200950622559,1.0401662588119507
train,lj_noisy,81,40,-2.444340229034424,2.425291061401367,1.2981367111206055,1.011122226715088,-1.5539542436599731,0.17571650445461273
train,lj_noisy,81,50,-2.626713275909424,3.076911687850952,1.8552262783050537,2.2592196464538574,-1.9066277742385864,-0.7809229493141174
train,lj_noisy,81,60,-2.933058261871338,3.902902364730835,2.526414394378662,3.6799254417419434,-2.3679757118225098,-1.8236730098724365
train,lj_noisy,81,70,-3.3474619388580322,4.891417026519775,3.3074405193328857,5.277207851409912,-2.929450511932373,-2.9629080295562744
train,lj_noisy,81,80,-3.7994508743286133,5.969586372375488,4.159353733062744,7.017756462097168,-3.542529344558716,-4.203033447265625
train,lj_noisy,81,90,-4.308483123779297,7.139838218688965,5.075499534606934,8.866700172424316,-4.2117180824279785,-5.506457805633545
train,lj_noisy,81,100,-4.866836071014404,8.38387393951416,6.041489124298096,10.794795036315918,-4.926519393920898,-6.852546691894531
train,lj_noisy,82,0,-2.495063066482544,1.0580248832702637,-0.06760288029909134,-2.537811279296875,-0.8960869312286377,3.159841775894165
train,lj_noisy,82,10,-2.253894090652466,1.2027491331100464,0.18592116236686707,-1.65768301486969,-0.9219169020652771,2.3142685890197754
train,lj_noisy,82,20,-2.08579158782959,1.415238618850708,0.472890704870224,-0.7633326053619385,-0.9942313432693481,1.490077257156372
train,lj_noisy,82,30,-1.9776837825775146,1.6968122720718384,0.8005640506744385,0.1764228790998459,-1.1116451025009155,0.6558451056480408
train,lj_noisy,82,40,-1.9212799072265625,2.0411508083343506,1.1665419340133667,1.163332223892212,-1.269568681716919,-0.1936248242855072
train,lj_noisy,82,50,-1.9272141456604004,2.4575819969177246,1.5749250650405884,2.1981961727142334,-1.4744863510131836,-1.054132103919983
train,lj_noisy,82,60,-1.9937868118286133,2.944666624069214,2.024981737136841,3.280994415283203,-1.7253952026367188,-1.9263993501663208
train,lj_noisy,82,70,-2.11635684967041,3.4984912872314453,2.514949321746826,4.411739349365234,-2.019536256790161,-2.812541961669922
train,lj_noisy,82,80,-2.2916524410247803,4.116250991821289,3.043525218963623,5.5903000831604,-2.3549370765686035,-3.713937759399414
train,lj_noisy,82,90,-2.517838478088379,4.796850681304932,3.6104214191436768,6.817840099334717,-2.7307145595550537,-4.6324052810668945
train,lj_noisy,82,100,-2.7800941467285156,5.530333995819092,4.212967395782471,8.101130485534668,-3.1392288208007812,-5.580540657043457
train,lj_noisy,83,0,-2.5417730808258057,1.058732032775879,-0.0909859761595726,-2.6385583877563477,-0.9053645730018616,3.267219305038452
train,lj_noisy,83,10,-2.261106014251709,1.1273367404937744,0.10668247938156128,-1.8661223649978638,-0.8873046636581421,2.4939661026000977
train,lj_noisy,83,20,-1.997437596321106,1.2144602537155151,0.3154236078262329,-1.0847681760787964,-0.8819087743759155,1.721574306488037
train,lj_noisy,83,30,-1.7846839427947998,1.363525390625,0.5617465972900391,-0.2580327093601227,-0.91665118932724,0.9354469776153564
train,lj_noisy,83,40,-1.6003388166427612,1.5647228956222534,0.8465698957443237,0.6383140087127686,-0.9823326468467712,0.1046503484249115
train,lj_noisy,83,50,-1.4599723815917969,1.8224173784255981,1.1668999195098877,1.582127571105957,-1.0838143825531006,-0.745414674282074
train,lj_noisy,83,60,-1.351186752319336,2.1377501487731934,1.5297620296478271,2.6020097732543945,-1.2196470499038696,-1.643907070159912
train,lj_noisy,83,70,-1.2835228443145752,2.5115966796875,1.9315342903137207,3.6800665855407715,-1.391872763633728,-2.571723222732544
train,lj_noisy,83,80,-1.2613799571990967,2.9419970512390137,2.368208408355713,4.802274703979492,-1.6002449989318848,-3.5152950286865234
train,lj_noisy,83,90,-1.278172254562378,3.417428970336914,2.831507921218872,5.953666687011719,-1.8379216194152832,-4.465146541595459
train,lj_noisy,83,100,-1.3421590328216553,3.9314329624176025,3.311030149459839,7.101215362548828,-2.1031153202056885,-5.390183448791504
train,lj_noisy,84,0,-2.726795196533203,1.201951503753662,-0.033222708851099014,-2.668001413345337,-1.0068104267120361,3.3735063076019287
train,lj_noisy,84,10,-2.442495346069336,1.334932804107666,0.22847360372543335,-1.7258453369140625,-1.0196073055267334,2.457493305206299
train,lj_noisy,84,20,-2.15100359916687,1.4943246841430664,0.5202089548110962,-0.704036295413971,-1.044802188873291,1.4729349613189697
train,lj_noisy,84,30,-1.8834359645843506,1.71092689037323,0.8579193353652954,0.4083555340766907,-1.102910041809082,0.4245993494987488
train,lj_noisy,84,40,-1.6505215167999268,1.9939513206481934,1.245748519897461,1.611533761024475,-1.2003529071807861,-0.6828572154045105
train,lj_noisy,84,50,-1.456580400466919,2.3479859828948975,1.6862823963165283,2.9076733589172363,-1.3401978015899658,-1.8492404222488403
train,lj_noisy,84,60,-1.3059892654418945,2.783555746078491,2.1879894733428955,4.313382148742676,-1.5285851955413818,-3.0861356258392334
train,lj_noisy,84,70,-1.2269761562347412,3.3189001083374023,2.7555763721466064,5.814542770385742,-1.7795401811599731,-4.368964195251465
train,lj_noisy,84,80,-1.2462122440338135,3.969573497772217,3.3916263580322266,7.393795967102051,-2.1055352687835693,-5.671100616455078
train,lj_noisy,84,90,-1.3730957508087158,4.731766700744629,4.087796688079834,9.022119522094727,-2.506385326385498,-6.964155197143555
train,lj_noisy,84,100,-1.6099228858947754,5.59868049621582,4.836123943328857,10.678078651428223,-2.9791345596313477,-8.229316711425781
train,lj_noisy,85,0,-2.699425220489502,1.321053385734558,0.09852271527051926,-2.315903663635254,-1.0637279748916626,3.0681815147399902
train,lj_noisy,85,10,-2.360046625137329,1.4197665452957153,0.3516186475753784,-1.3418937921524048,-1.050152063369751,2.101426124572754
train,lj_noisy,85,20,-2.0770108699798584,1.6159090995788574,0.6756536960601807,-0.24607700109481812,-1.0954906940460205,1.0601433515548706
train,lj_noisy,85,30,-1.8725835084915161,1.928341031074524,1.0787581205368042,0.9714692831039429,-1.2127001285552979,-0.04579620435833931
train,lj_noisy,85,40,-1.7411209344863892,2.350015640258789,1.5566389560699463,2.3052735328674316,-1.3971238136291504,-1.2146440744400024
train,lj_noisy,85,50,-1.6787281036376953,2.8770322799682617,2.1073226928710938,3.7540407180786133,-1.645960807800293,-2.447354793548584
train,lj_noisy,85,60,-1.695660948753357,3.509469509124756,2.725914239883423,5.296960830688477,-1.9608265161514282,-3.722367286682129
train,lj_noisy,85,70,-1.7980490922927856,4.257415294647217,3.419569492340088,6.946450233459473,-2.347954273223877,-5.047036647796631
train,lj_noisy,85,80,-1.9917598962783813,5.124792575836182,4.189420700073242,8.700063705444336,-2.810389518737793,-6.416601657867432
train,lj_noisy,85,90,-2.2764194011688232,6.116812705993652,5.040937900543213,10.571475982666016,-3.3506202697753906,-7.842615127563477
train,lj_noisy,85,100,-2.6720662117004395,7.245849609375,5.976673126220703,12.549569129943848,-3.978403091430664,-9.306624412536621
train,lj_noisy,86,0,-2.090092897415161,0.8914906978607178,-0.044138118624687195,-2.0999207496643066,-0.7436690926551819,2.6165337562561035
train,lj_noisy,86,10,-1.8226672410964966,1.0505633354187012,0.23568937182426453,-1.1275925636291504,-0.772028386592865,1.6822052001953125
train,lj_noisy,86,20,-1.588740587234497,1.2789148092269897,0.5694625973701477,-0.05418330803513527,-0.8408793807029724,0.6793596148490906
train,lj_noisy,86,30,-1.426292896270752,1.6149966716766357,0.97722989320755,1.13565993309021,-0.9760648012161255,-0.38712000846862793
train,lj_noisy,86,40,-1.3490431308746338,2.0734622478485107,1.4669710397720337,2.4492905139923096,-1.1872875690460205,-1.5169832706451416
train,lj_noisy,86,50,-1.3470937013626099,2.643857479095459,2.0329885482788086,3.8809947967529297,-1.46773362159729,-2.7097573280334473
train,lj_noisy,86,60,-1.4327888488769531,3.3349905014038086,2.6780600547790527,5.426413536071777,-1.8240411281585693,-3.9560234546661377
train,lj_noisy,86,70,-1.6151320934295654,4.151784420013428,3.4028167724609375,7.078617095947266,-2.26027250289917,-5.245887279510498
train,lj_noisy,86,80,-1.9095453023910522,5.104961395263672,4.210358142852783,8.831988334655762,-2.7844431400299072,-6.567676544189453
train,lj_noisy,86,90,-2.2976627349853516,6.167870044708252,5.082842826843262,10.658005714416504,-3.380352258682251,-7.905618190765381
train,lj_noisy,86,100,-2.8072891235351562,7.371166229248047,6.03726053237915,12.574579238891602,-4.068090438842773,-9.261911392211914
train,lj_noisy,87,0,-3.04530668258667,1.2613803148269653,-0.129538431763649,-3.2050437927246094,-1.0978959798812866,3.9700212478637695
train,lj_noisy,87,10,-2.79697585105896,1.3695483207702637,0.09109020233154297,-2.401019811630249,-1.1048849821090698,3.1851305961608887
train,lj_noisy,87,20,-2.6155660152435303,1.5308444499969482,0.3334832191467285,-1.6068888902664185,-1.1505537033081055,2.4396302700042725
train,lj_noisy,87,30,-2.462803602218628,1.7412225008010864,0.6113733649253845,-0.7513355612754822,-1.226195216178894,1.6569695472717285
train,lj_noisy,87,40,-2.3197896480560303,2.0018539428710938,0.9348297119140625,0.20824413001537323,-1.3290657997131348,0.79323810338974
train,lj_noisy,87,50,-2.231006145477295,2.348616123199463,1.318442463874817,1.2671090364456177,-1.4846903085708618,-0.12749525904655457
train,lj_noisy,87,60,-2.2026374340057373,2.7930612564086914,1.7706691026687622,2.4404802322387695,-1.6999791860580444,-1.1148314476013184
train,lj_noisy,87,70,-2.24383544921875,3.369091033935547,2.3208069801330566,3.792711019515991,-1.9936357736587524,-2.2175121307373047
train,lj_noisy,87,80,-2.4223217964172363,4.1545000076293945,3.013684034347534,5.37433385848999,-2.4164626598358154,-3.4461848735809326
train,lj_noisy,87,90,-2.77276349067688,5.177798271179199,3.8609848022460938,7.183237075805664,-2.988799571990967,-4.7832136154174805
train,lj_noisy,87,100,-3.326735496520996,6.465994358062744,4.874447822570801,9.220442771911621,-3.729801893234253,-6.2149152755737305
train,lj_noisy,88,0,-2.718949794769287,1.0674383640289307,-0.16676932573318481,-2.994457721710205,-0.9418207406997681,3.6457605361938477
train,lj_noisy,88,10,-2.436584234237671,1.1832431554794312,0.07761311531066895,-2.0992648601531982,-0.946413516998291,2.7691502571105957
train,lj_noisy,88,20,-2.2001919746398926,1.3645933866500854,0.36587807536125183,-1.13857102394104,-0.9919872879981995,1.8596380949020386
train,lj_noisy,88,30,-2.024458408355713,1.6326981782913208,0.7119028568267822,-0.09036148339509964,-1.0916186571121216,0.9056321978569031
train,lj_noisy,88,40,-1.9140276908874512,1.990054726600647,1.1159170866012573,1.041783332824707,-1.24738609790802,-0.08775391429662704
train,lj_noisy,88,50,-1.8669594526290894,2.434516429901123,1.5766944885253906,2.25655460357666,-1.4578895568847656,-1.1203101873397827
train,lj_noisy,88,60,-1.889535903930664,2.968261480331421,2.0933940410614014,3.5461199283599854,-1.7253096103668213,-2.182682752609253
train,lj_noisy,88,70,-1.973690390586853,3.58506178855896,2.663686513900757,4.911632061004639,-2.045213222503662,-3.279357433319092
train,lj_noisy,88,80,-2.1197006702423096,4.2707438468933105,3.2733702659606934,6.317286968231201,-2.4104514122009277,-4.380704402923584
train,lj_noisy,88,90,-2.3119616508483887,4.998948097229004,3.9037423133850098,7.730438232421875,-2.8050405979156494,-5.466957092285156
train,lj_noisy,88,100,-2.550901412963867,5.773324966430664,4.558113098144531,9.159184455871582,-3.2309370040893555,-6.544528007507324
train,lj_noisy,89,0,-2.4498181343078613,1.0458776950836182,-0.058688268065452576,-2.4741122722625732,-0.8823313117027283,3.0886545181274414
train,lj_noisy,89,10,-2.2231740951538086,1.2095494270324707,0.20665565133094788,-1.577648639678955,-0.920255720615387,2.2364463806152344
train,lj_noisy,89,20,-2.0323739051818848,1.4415066242218018,0.5233649015426636,-0.5872025489807129,-0.9986748099327087,1.3229165077209473
train,lj_noisy,89,30,-1.880082368850708,1.747968077659607,0.8963037729263306,0.5071223974227905,-1.1210722923278809,0.3410152792930603
train,lj_noisy,89,40,-1.7688891887664795,2.130932092666626,1.3263047933578491,1.7046116590499878,-1.2888669967651367,-0.7075112462043762
train,lj_noisy,89,50,-1.715145468711853,2.606531858444214,1.8216466903686523,3.0109901428222656,-1.5130040645599365,-1.8198773860931396
train,lj_noisy,89,60,-1.7247412204742432,3.17547607421875,2.3802056312561035,4.415444850921631,-1.7948805093765259,-2.9843811988830566
train,lj_noisy,89,70,-1.7982169389724731,3.8341751098632812,2.998156785964966,5.907693862915039,-2.1328444480895996,-4.192174434661865
train,lj_noisy,89,80,-1.9390430450439453,4.579617500305176,3.6707987785339355,7.472767353057861,-2.5260369777679443,-5.429203033447266
train,lj_noisy,89,90,-2.147697925567627,5.406260967254639,4.392331600189209,9.095725059509277,-2.9718210697174072,-6.682793617248535
train,lj_noisy,89,100,-2.4248204231262207,6.308051109313965,5.156339645385742,10.760085105895996,-3.4673280715942383,-7.938940525054932
val,reid,0,0,-2.668445587158203,1.5002509355545044,0.16795924305915833,-2.036388635635376,-1.319208025932312,2.907715082168579
val,reid,0,10,-2.9302573204040527,2.030804395675659,0.5670315027236938,-1.2578456401824951,-1.623416543006897,2.374453067779541
val,reid,0,50,-4.181939125061035,4.261301040649414,2.1796300411224365,1.6909148693084717,-2.935067653656006,0.4773101806640625
val,reid,0,100,-6.029797077178955,7.3354363441467285,4.355283260345459,5.4775166511535645,-4.774441242218018,-1.8390811681747437
val,reid,1,0,-2.043389081954956,1.3907227516174316,0.3541082739830017,-0.9876515865325928,-1.1552282571792603,1.752882719039917
val,reid,1,10,-2.2265381813049316,1.907087802886963,0.7749618291854858,-0.07818012684583664,-1.438538908958435,1.0753657817840576
val,reid,1,50,-3.5140063762664795,4.497974872589111,2.7194957733154297,3.6918129920959473,-2.9343442916870117,-1.486091136932373
val,reid,1,100,-5.822323799133301,8.617222785949707,5.69892692565918,9.111382484436035,-5.369394302368164,-4.950071811676025
val,reid,2,0,-1.9766490459442139,1.3589668273925781,0.3522120416164398,-0.9274771213531494,-1.1276986598968506,1.6749014854431152
val,reid,2,10,-2.2322468757629395,1.9486148357391357,0.8120656609535217,0.012685712426900864,-1.458899736404419,1.0029046535491943
val,reid,2,50,-4.030200481414795,4.985562801361084,2.9676897525787354,3.824195384979248,-3.2633564472198486,-1.3674347400665283
val,reid,2,100,-7.228544235229492,10.244279861450195,6.670419692993164,10.22878646850586,-6.424488544464111,-5.245502471923828
val,reid,3,0,-2.8612475395202637,1.6412789821624756,0.2479032725095749,-2.0713276863098145,-1.4253829717636108,2.987895965576172
val,reid,3,10,-2.539597988128662,1.7236335277557373,0.47884050011634827,-1.177432894706726,-1.4069231748580933,2.0947282314300537
val,reid,3,50,-1.3431123495101929,2.3544154167175293,1.6661218404769897,2.9485881328582764,-1.4979485273361206,-1.8938767910003662
val,reid,3,100,-0.502662181854248,4.009829044342041,3.717341899871826,8.862064361572266,-2.1544132232666016,-7.210398197174072
val,reid,4,0,-2.446202278137207,1.492933750152588,0.2786179780960083,-1.5759683847427368,-1.2777986526489258,2.4090359210968018
val,reid,4,10,-2.3560597896575928,1.743356704711914,0.5664774179458618,-0.7523550987243652,-1.3824152946472168,1.678952693939209
val,reid,4,50,-2.04264235496521,2.784684658050537,1.7373712062835693,2.5413315296173096,-1.829147458076477,-1.218815565109253
val,reid,4,100,-1.7406967878341675,4.175021171569824,3.2514748573303223,6.689026832580566,-2.4483251571655273,-4.824206352233887
val,reid,5,0,-2.7272512912750244,1.523302674293518,0.17180605232715607,-2.098630428314209,-1.3426249027252197,2.976285219192505
val,reid,5,10,-2.6816391944885254,1.803357481956482,0.4678999185562134,-1.295235514640808,-1.4695305824279785,2.28300404548645
val,reid,5,50,-2.579111337661743,2.9708712100982666,1.6636881828308105,1.868156909942627,-2.01517653465271,-0.4113604724407196
val,reid,5,100,-2.5834779739379883,4.519196033477783,3.190690279006958,5.768163204193115,-2.765265703201294,-3.6740243434906006
val,reid,6,0,-2.6439361572265625,1.5255396366119385,0.21977286040782928,-1.910587191581726,-1.3281376361846924,2.773681640625
val,reid,6,10,-2.5188844203948975,1.7426035404205322,0.49117985367774963,-1.0961986780166626,-1.4102778434753418,2.0354762077331543
val,reid,6,50,-2.0674173831939697,2.676927089691162,1.6224019527435303,2.2227256298065186,-1.7801061868667603,-0.9462996125221252
val,reid,6,100,-1.6526981592178345,4.0335164070129395,3.159569263458252,6.524487495422363,-2.3623948097229004,-4.732360363006592
val,reid,7,0,-2.132333755493164,1.411514401435852,0.3348425328731537,-1.1225777864456177,-1.1810858249664307,1.9028394222259521
val,reid,7,10,-2.2618603706359863,1.86495041847229,0.7193038463592529,-0.2560705840587616,-1.4234848022460938,1.2359144687652588
val,reid,7,50,-3.2847163677215576,4.054620742797852,2.3967807292938232,3.082824468612671,-2.671642303466797,-1.0928750038146973
val,reid,7,100,-5.074394702911377,7.2583394050598145,4.7243218421936035,7.337980270385742,-4.56073522567749,-3.830078125
val,reid,8,0,-2.4554193019866943,1.4839524030685425,0.2522429823875427,-1.6253728866577148,-1.2728309631347656,2.4689409732818604
val,reid,8,10,-2.6789772510528564,1.9982494115829468,0.6534579992294312,-0.8056442141532898,-1.5620054006576538,1.8833653926849365
val,reid,8,50,-4.351885795593262,4.960777282714844,2.793473482131958,3.0861258506774902,-3.3071300983428955,-0.6114790439605713
val,reid,8,100,-7.281757354736328,10.354968070983887,6.75387716293335,10.38923168182373,-6.4797563552856445,-5.365530014038086
val,reid,9,0,-2.2277278900146484,1.5192534923553467,0.4208541512489319,-1.0371551513671875,-1.2519335746765137,1.845557689666748
val,reid,9,10,-2.052536725997925,1.7107701301574707,0.6902937889099121,-0.18033991754055023,-1.3125478029251099,1.0493465662002563
val,reid,9,50,-1.4499523639678955,2.662343740463257,1.910824179649353,3.4966137409210205,-1.6643030643463135,-2.297672986984253
val,reid,9,100,-1.1301052570343018,4.358314037322998,3.74471378326416,8.424875259399414,-2.4322257041931152,-6.557450294494629
val,reid,10,0,-2.2603466510772705,1.5435242652893066,0.4323473870754242,-1.0429048538208008,-1.2691727876663208,1.8615047931671143
val,reid,10,10,-2.18430757522583,1.8103792667388916,0.7295485138893127,-0.20772042870521545,-1.3843342065811157,1.128190040588379
val,reid,10,50,-1.9342782497406006,2.9550821781158447,1.9718701839447021,3.210855007171631,-1.8928749561309814,-1.8448865413665771
val,reid,10,100,-1.7630873918533325,4.59577751159668,3.6713876724243164,7.708203315734863,-2.656942367553711,-5.683464050292969
val,reid,11,0,-2.059393882751465,1.4247238636016846,0.390320360660553,-0.9292538166046143,-1.174981951713562,1.699155569076538
val,reid,11,10,-2.068281412124634,1.7795294523239136,0.7342552542686462,-0.054044321179389954,-1.3479931354522705,0.9706171751022339
val,reid,11,50,-2.231110095977783,3.236637592315674,2.0909223556518555,3.2758257389068604,-2.0828919410705566,-1.74248206615448
val,reid,11,100,-2.640580177307129,5.1522064208984375,3.789182186126709,7.246367454528809,-3.0865817070007324,-4.879754543304443
val,reid,12,0,-2.5686938762664795,1.451940655708313,0.1630743443965912,-1.9492499828338623,-1.2778741121292114,2.794597864151001
val,reid,12,10,-2.7751238346099854,1.9436112642288208,0.5495530962944031,-1.151307225227356,-1.5528029203414917,2.2198262214660645
val,reid,12,50,-4.015553951263428,4.373523235321045,2.36429500579834,2.3237268924713135,-2.9576826095581055,-0.12435229122638702
val,reid,12,100,-6.582432746887207,9.236875534057617,5.972558498382568,9.098978042602539,-5.800620079040527,-4.612717151641846
val,reid,13,0,-2.4471569061279297,1.4779455661773682,0.26305657625198364,-1.6144990921020508,-1.2694555521011353,2.440769672393799
val,reid,13,10,-2.401726484298706,1.7672786712646484,0.5682230591773987,-0.7879571318626404,-1.400949478149414,1.7283527851104736
val,reid,13,50,-2.3182458877563477,2.9950971603393555,1.8151265382766724,2.488506317138672,-1.9791890382766724,-1.0522828102111816
val,reid,13,100,-2.330961227416992,4.620361328125,3.414393901824951,6.567343711853027,-2.767899990081787,-4.460975170135498
val,reid,14,0,-2.3035361766815186,1.5754555463790894,0.43825966119766235,-1.058955430984497,-1.2929826974868774,1.901411533355713
val,reid,14,10,-2.158137321472168,1.7955732345581055,0.7217168807983398,-0.19386638700962067,-1.3727474212646484,1.1116950511932373
val,reid,14,50,-1.6357208490371704,2.778885841369629,1.9331680536270142,3.3948564529418945,-1.7534440755844116,-2.1260569095611572
val,reid,14,100,-1.2023555040359497,4.2890520095825195,3.6306960582733154,8.108954429626465,-2.4078433513641357,-6.261031150817871
val,reid,15,0,-2.8225862979888916,1.5669221878051758,0.170842707157135,-2.190410852432251,-1.3807477951049805,3.0951311588287354
val,reid,15,10,-2.855576992034912,1.9052680730819702,0.4874006509780884,-1.4081279039382935,-1.5501359701156616,2.4551732540130615
val,reid,15,50,-3.1130456924438477,3.343608856201172,1.779435634613037,1.6659619808197021,-2.293365955352783,0.0006077199359424412
val,reid,15,100,-3.5920188426971436,5.217805862426758,3.3986587524414062,5.365532398223877,-3.290485143661499,-2.874148368835449
val,reid,16,0,-2.532092571258545,1.5257128477096558,0.2659866511821747,-1.6778100728988647,-1.3080720901489258,2.537247657775879
val,reid,16,10,-2.5276291370391846,1.8476126194000244,0.5839595198631287,-0.8563064932823181,-1.462646245956421,1.847418189048767
val,reid,16,50,-2.654590129852295,3.2390291690826416,1.892529845237732,2.3837835788726807,-2.159083843231201,-0.8062032461166382
val,reid,16,100,-3.050074577331543,5.179102420806885,3.6196863651275635,6.436171054840088,-3.173661231994629,-4.014037132263184
val,reid,17,0,-2.461852788925171,1.4839545488357544,0.24932622909545898,-1.6399072408676147,-1.274811029434204,2.4843943119049072
val,reid,17,10,-2.6585516929626465,1.9642995595932007,0.6288090944290161,-0.8497088551521301,-1.5428054332733154,1.912302851676941
val,reid,17,50,-4.016300201416016,4.2282185554504395,2.2209300994873047,1.9478399753570557,-2.891921281814575,0.1951313018798828
val,reid,17,100,-6.00753927230835,7.343238830566406,4.363980770111084,5.517931938171387,-4.780525207519531,-1.8678696155548096
val,reid,18,0,-2.3066279888153076,1.417088508605957,0.2568814158439636,-1.477092981338501,-1.2136383056640625,2.2767491340637207
val,reid,18,10,-2.4837121963500977,1.8802567720413208,0.6288334131240845,-0.6875340342521667,-1.4697026014328003,1.6960947513580322
val,reid,18,50,-3.5674874782562256,4.014122009277344,2.222566604614258,2.3768298625946045,-2.702571153640747,-0.3737656772136688
val,reid,18,100,-5.381933212280273,7.316568851470947,4.63304328918457,6.8104448318481445,-4.644946575164795,-3.2453155517578125
val,reid,19,0,-2.3034188747406006,1.4417717456817627,0.28434091806411743,-1.408691644668579,-1.226275086402893,2.217637300491333
val,reid,19,10,-2.4775679111480713,1.9389047622680664,0.6909370422363281,-0.5276125073432922,-1.4980437755584717,1.5589113235473633
val,reid,19,50,-3.9165515899658203,4.735903263092041,2.7729170322418213,3.445446252822876,-3.1180245876312256,-1.108643651008606
val,reid,19,100,-6.576895713806152,9.517289161682129,6.2500224113464355,9.785439491271973,-5.938085556030273,-5.182295799255371
val,depablo_low_temp,20,0,-1.658990740776062,1.3032217025756836,0.41423478722572327,-0.4158492684364319,-1.0416979789733887,1.1443426609039307
val,depablo_low_temp,20,10,-1.4679460525512695,1.5026544332504272,0.6992574334144592,0.49304085969924927,-1.103730320930481,0.2981489896774292
val,depablo_low_temp,20,50,-0.8528773188591003,2.557518720626831,2.0293216705322266,4.445427894592285,-1.5053486824035645,-3.281027317047119
val,depablo_low_temp,20,100,-0.6057162284851074,4.491071701049805,4.0661516189575195,9.795552253723145,-2.403623104095459,-7.855856895446777
val,depablo_low_temp,21,0,-1.8724303245544434,1.371024489402771,0.3768754005432129,-0.7026596069335938,-1.113862156867981,1.4856353998184204
val,depablo_low_temp,21,10,-1.7715080976486206,1.6010184288024902,0.6496828198432922,0.09181918203830719,-1.206965684890747,0.7752767205238342
val,depablo_low_temp,21,50,-1.4715602397918701,2.660228729248047,1.833625078201294,3.3970205783843994,-1.6662253141403198,-2.1252217292785645
val,depablo_low_temp,21,100,-1.3036205768585205,4.31864070892334,3.5550644397735596,7.922104835510254,-2.4416255950927734,-5.984130382537842
val,depablo_low_temp,22,0,-2.8974556922912598,1.437353253364563,-0.04602062329649925,-2.7123143672943115,-1.3290680646896362,3.6278879642486572
val,depablo_low_temp,22,10,-2.583010673522949,1.5402885675430298,0.20218980312347412,-1.7818470001220703,-1.3221698999404907,2.7072293758392334
val,depablo_low_temp,22,50,-1.3321911096572876,2.2168166637420654,1.4613624811172485,2.5775957107543945,-1.4262932538986206,-1.5025360584259033
val,depablo_low_temp,22,100,-0.23254595696926117,3.817000150680542,3.5798227787017822,8.904711723327637,-2.0105323791503906,-7.282301902770996
val,depablo_low_temp,23,0,-3.1519572734832764,2.203293561935425,0.6076101660728455,-1.3190840482711792,-1.7481293678283691,2.5697832107543945
val,depablo_low_temp,23,10,-3.495206117630005,2.543189764022827,0.782826840877533,-1.1954799890518188,-1.9748657941818237,2.620059013366699
val,depablo_low_temp,23,50,-5.170929431915283,4.311471939086914,1.7516937255859375,-0.33159711956977844,-3.1386091709136963,2.654899835586548
val,depablo_low_temp,23,100,-7.380826950073242,7.087515830993652,3.475081443786621,1.9048867225646973,-4.8958539962768555,1.7954105138778687
val,depablo_low_temp,24,0,-2.6796302795410156,1.779535174369812,0.4039233326911926,-1.388061285018921,-1.457395315170288,2.4199934005737305
val,depablo_low_temp,24,10,-2.757011890411377,2.028294324874878,0.6125975251197815,-0.9263622164726257,-1.591787338256836,2.0678999423980713
val,depablo_low_temp,24,50,-3.344710350036621,3.1906228065490723,1.4846160411834717,0.7495004534721375,-2.2620224952697754,0.9293150305747986
val,depablo_low_temp,24,100,-4.331023693084717,4.922147750854492,2.7362923622131348,3.0087697505950928,-3.284367561340332,-0.5126807689666748
val,depablo_low_temp,25,0,-3.0469698905944824,2.513341188430786,0.9730225801467896,-0.3170814514160156,-1.8824292421340942,1.679930567741394
val,depablo_low_temp,25,10,-3.511415719985962,2.951054096221924,1.1868488788604736,-0.20888209342956543,-2.1797473430633545,1.8003982305526733
val,depablo_low_temp,25,50,-5.981710910797119,5.556097984313965,2.6087751388549805,1.0356104373931885,-3.9019055366516113,1.892069935798645
val,depablo_low_temp,25,100,-9.107222557067871,9.61742877960205,5.175020694732666,4.5028557777404785,-6.463496685028076,0.44174593687057495
val,depablo_low_temp,26,0,-3.08158802986145,2.1992688179016113,0.6338352560997009,-1.187605381011963,-1.735774040222168,2.4336748123168945
val,depablo_low_temp,26,10,-3.4379420280456543,2.532813549041748,0.7952017784118652,-1.110442876815796,-1.9621171951293945,2.530257225036621
val,depablo_low_temp,26,50,-5.590521335601807,4.6303205490112305,1.8606922626495361,-0.4643729329109192,-3.3763980865478516,2.976151704788208
val,depablo_low_temp,26,100,-8.91710090637207,8.523035049438477,4.162498950958252,2.126006603240967,-5.8896164894104,2.351722002029419
val,depablo_low_temp,27,0,-3.0830419063568115,2.168868064880371,0.6046864986419678,-1.2612260580062866,-1.7182457447052002,2.491797924041748
val,depablo_low_temp,27,10,-3.4679527282714844,2.498012065887451,0.7482339143753052,-1.2558715343475342,-1.9474084377288818,2.661533832550049
val,depablo_low_temp,27,50,-5.688104629516602,4.578891754150391,1.7674978971481323,-0.7896295785903931,-3.36382794380188,3.286247491836548
val,depablo_low_temp,27,100,-8.85055160522461,8.304354667663574,3.990482807159424,1.763720154762268,-5.758782863616943,2.6066713333129883
val,depablo_low_temp,28,0,-2.128580331802368,1.3990060091018677,0.2837573289871216,-1.1755002737045288,-1.173717975616455,1.9947640895843506
val,depablo_low_temp,28,10,-1.8808770179748535,1.5510122776031494,0.5485528111457825,-0.264413982629776,-1.2024625539779663,1.120710015296936
val,depablo_low_temp,28,50,-1.0215997695922852,2.4314959049224854,1.8224073648452759,3.7723159790039062,-1.4748730659484863,-2.6416468620300293
val,depablo_low_temp,28,100,-0.48768264055252075,4.164642333984375,3.8014156818389893,9.233670234680176,-2.2224321365356445,-7.443700790405273
val,depablo_low_temp,29,0,-3.4918127059936523,1.9635483026504517,0.1980968862771988,-2.652292490005493,-1.6928191184997559,3.8467001914978027
val,depablo_low_temp,29,10,-3.6681830883026123,2.2334446907043457,0.38127395510673523,-2.349471092224121,-1.8553798198699951,3.6723437309265137
val,depablo_low_temp,29,50,-4.634332180023193,3.493739604949951,1.1719108819961548,-1.2450405359268188,-2.642383098602295,3.1855149269104004
val,depablo_low_temp,29,100,-5.930634021759033,5.293647766113281,2.344367027282715,0.5047226548194885,-3.754453182220459,2.313041925430298
val,depablo_low_temp,30,0,-3.25712251663208,2.5290539264678955,0.8888601064682007,-0.7251328229904175,-1.9291224479675293,2.1175148487091064
val,depablo_low_temp,30,10,-3.721205949783325,2.9254095554351807,1.0627533197402954,-0.7209222316741943,-2.2058706283569336,2.3236958980560303
val,depablo_low_temp,30,50,-6.0672736167907715,5.250044822692871,2.2676279544830322,0.07784349471330643,-3.7666594982147217,2.7269740104675293
val,depablo_low_temp,30,100,-9.259957313537598,9.077367782592773,4.5718302726745605,2.795842170715332,-6.221585750579834,1.9263529777526855
val,depablo_low_temp,31,0,-2.214104175567627,1.4734551906585693,0.3183649480342865,-1.1686400175094604,-1.2247416973114014,2.0266411304473877
val,depablo_low_temp,31,10,-2.089128017425537,1.6890782117843628,0.5882260203361511,-0.35893863439559937,-1.306423544883728,1.292783260345459
val,depablo_low_temp,31,50,-1.6916587352752686,2.6874189376831055,1.7577625513076782,3.002568006515503,-1.7178350687026978,-1.6990021467208862
val,depablo_low_temp,31,100,-1.410195231437683,4.250669002532959,3.4382762908935547,7.535780906677246,-2.4252047538757324,-5.617007255554199
val,depablo_low_temp,32,0,-3.348878860473633,2.2439064979553223,0.553075909614563,-1.6407756805419922,-1.8048956394195557,2.931131362915039
val,depablo_low_temp,32,10,-3.725872755050659,2.5657777786254883,0.6940163969993591,-1.6360076665878296,-2.0289688110351562,3.096546173095703
val,depablo_low_temp,32,50,-5.566038131713867,4.302785396575928,1.5530320405960083,-1.211400032043457,-3.207859754562378,3.576533555984497
val,depablo_low_temp,32,100,-8.131783485412598,7.20997428894043,3.239556312561035,0.5789682269096375,-5.094655990600586,3.2551283836364746
val,depablo_low_temp,33,0,-2.736459970474243,1.4566317796707153,0.05245702713727951,-2.318784475326538,-1.3089629411697388,3.222682476043701
val,depablo_low_temp,33,10,-2.463383197784424,1.5902973413467407,0.3114003837108612,-1.3992202281951904,-1.324400782585144,2.330045461654663
val,depablo_low_temp,33,50,-1.3875890970230103,2.3347432613372803,1.552901029586792,2.7603836059570312,-1.4922778606414795,-1.633262038230896
val,depablo_low_temp,33,100,-0.3678235709667206,3.83685302734375,3.5312840938568115,8.679498672485352,-2.0410001277923584,-7.037119388580322
val,depablo_low_temp,34,0,-2.9788830280303955,2.2424490451812744,0.7318120002746582,-0.8559292554855347,-1.7368566989898682,2.1031532287597656
val,depablo_low_temp,34,10,-3.408205509185791,2.616346836090088,0.8994359970092773,-0.8336718082427979,-1.9961016178131104,2.2783591747283936
val,depablo_low_temp,34,50,-5.8085551261901855,4.995811462402344,2.130708932876587,-0.016425754874944687,-3.5941545963287354,2.6932146549224854
val,depablo_low_temp,34,100,-9.157583236694336,9.096302032470703,4.630265235900879,3.0416738986968994,-6.2145466804504395,1.6868093013763428
val,depablo_low_temp,35,0,-3.4504261016845703,2.1848042011260986,0.4448665380477905,-2.002420425415039,-1.7935229539871216,3.2797467708587646
val,depablo_low_temp,35,10,-3.799182415008545,2.495985507965088,0.5884132385253906,-1.964296817779541,-2.007136344909668,3.4044573307037354
val,depablo_low_temp,35,50,-5.742408752441406,4.3023529052734375,1.467980146408081,-1.5882341861724854,-3.2372331619262695,3.9708805084228516
val,depablo_low_temp,35,100,-8.455734252929688,7.372293472290039,3.24991512298584,0.292057603597641,-5.227303504943848,3.63858962059021
val,depablo_low_temp,36,0,-2.373539686203003,1.4693740606307983,0.23678553104400635,-1.518688440322876,-1.2509392499923706,2.393002510070801
val,depablo_low_temp,36,10,-2.26067852973938,1.6991959810256958,0.5153520703315735,-0.699346125125885,-1.3419902324676514,1.6565707921981812
val,depablo_low_temp,36,50,-1.8967819213867188,2.7187814712524414,1.6894798278808594,2.640436887741089,-1.7716279029846191,-1.3001818656921387
val,depablo_low_temp,36,100,-1.6075557470321655,4.201216697692871,3.288975238800049,6.979421615600586,-2.4412121772766113,-5.0559492111206055
val,depablo_low_temp,37,0,-2.090416193008423,1.5671710968017578,0.4712563455104828,-0.6703558564186096,-1.2484045028686523,1.5543901920318604
val,depablo_low_temp,37,10,-2.087350368499756,1.8538402318954468,0.7538959383964539,0.05791085585951805,-1.3867725133895874,0.9438939094543457
val,depablo_low_temp,37,50,-2.226745367050171,3.129345417022705,1.9417369365692139,2.970531463623047,-2.031369209289551,-1.4272149801254272
val,depablo_low_temp,37,100,-2.642876148223877,4.999855041503906,3.589350700378418,6.789518356323242,-3.0173983573913574,-4.427151679992676
val,depablo_low_temp,38,0,-3.2627174854278564,2.1248722076416016,0.4777863323688507,-1.7498135566711426,-1.7285269498825073,2.9771738052368164
val,depablo_low_temp,38,10,-3.6050214767456055,2.4431989192962646,0.6315790414810181,-1.6789661645889282,-1.9445196390151978,3.0716402530670166
val,depablo_low_temp,38,50,-5.300116539001465,4.126583099365234,1.5042482614517212,-1.075074553489685,-3.0706024169921875,3.335550546646118
val,depablo_low_temp,38,100,-7.598846912384033,6.833539009094238,3.114187240600586,0.7884052395820618,-4.810622215270996,2.830536365509033
val,depablo_low_temp,39,0,-2.6219141483306885,1.4295647144317627,0.07953030616044998,-2.1437768936157227,-1.2752033472061157,3.024869441986084
val,depablo_low_temp,39,10,-2.3291733264923096,1.5594141483306885,0.3440956473350525,-1.1920742988586426,-1.2853813171386719,2.096583366394043
val,depablo_low_temp,39,50,-1.2312490940093994,2.3593151569366455,1.6517560482025146,3.1502602100372314,-1.4771665334701538,-2.0281944274902344
val,depablo_low_temp,39,100,-0.34617382287979126,4.07362174987793,3.777890920639038,9.308981895446777,-2.154195547103882,-7.569986343383789
val,lj_noisy,40,0,-2.7822704315185547,1.0783703327178955,-0.18447087705135345,-3.097991943359375,-0.9574511051177979,3.757385730743408
val,lj_noisy,40,10,-2.5287692546844482,1.1875050067901611,0.03991188853979111,-2.2809221744537354,-0.9642505645751953,2.9595284461975098
val,lj_noisy,40,50,-1.9293317794799805,2.344038724899292,1.4626076221466064,1.9030710458755493,-1.4254283905029297,-0.7991827726364136
val,lj_noisy,40,100,-3.2848258018493652,6.856830596923828,5.30141544342041,10.315712928771973,-3.911470890045166,-7.157749176025391
val,lj_noisy,41,0,-2.079741954803467,0.7784380316734314,-0.15395836532115936,-2.365966558456421,-0.688007652759552,2.8360729217529297
val,lj_noisy,41,10,-1.7956366539001465,0.8889159560203552,0.08638254553079605,-1.48195219039917,-0.6896804571151733,1.9680062532424927
val,lj_noisy,41,50,-1.3370375633239746,2.114697217941284,1.5124759674072266,2.571587562561035,-1.206419825553894,-1.6229842901229858
val,lj_noisy,41,100,-2.0346744060516357,5.602373123168945,4.647707462310791,9.812887191772461,-3.0518338680267334,-7.329258441925049
val,lj_noisy,42,0,-1.9288029670715332,0.9247997999191284,0.06262075901031494,-1.6824625730514526,-0.735466480255127,2.2000229358673096
val,lj_noisy,42,10,-1.762080192565918,1.1157348155975342,0.3259493112564087,-0.8462966680526733,-0.7973043322563171,1.425197720527649
val,lj_noisy,42,50,-1.3354392051696777,2.39731502532959,1.7833541631698608,3.272900104522705,-1.3470700979232788,-2.202132225036621
val,lj_noisy,42,100,-2.287945508956909,6.43981409072876,5.336516380310059,11.33552074432373,-3.5142855644226074,-8.46323299407959
val,lj_noisy,43,0,-2.343832015991211,0.9793383479118347,-0.07433316111564636,-2.4145498275756836,-0.8297595381736755,2.9885454177856445
val,lj_noisy,43,10,-2.0823521614074707,1.0938327312469482,0.15929418802261353,-1.5677390098571777,-0.8373825550079346,2.161989688873291
val,lj_noisy,43,50,-1.4065812826156616,2.2220795154571533,1.5922569036483765,2.7032835483551025,-1.26791250705719,-1.707360863685608
val,lj_noisy,43,100,-2.771592855453491,6.6817827224731445,5.3746466636657715,10.958182334899902,-3.7188546657562256,-7.942228317260742
val,lj_noisy,44,0,-2.5482571125030518,1.1224385499954224,-0.03139360249042511,-2.4981353282928467,-0.9403702020645142,3.1551735401153564
val,lj_noisy,44,10,-2.3254499435424805,1.2761310338974,0.2223021239042282,-1.6351139545440674,-0.9743192791938782,2.3326919078826904
val,lj_noisy,44,50,-1.6883164644241333,2.287712335586548,1.5158514976501465,2.2582554817199707,-1.355251431465149,-1.2027039527893066
val,lj_noisy,44,100,-1.690920352935791,4.441606521606445,3.650860548019409,7.618045806884766,-2.4271414279937744,-5.647623062133789
val,lj_noisy,45,0,-2.960026741027832,1.2512255907058716,-0.09664546698331833,-3.0429434776306152,-1.0744659900665283,3.79475474357605
val,lj_noisy,45,10,-2.6722822189331055,1.3340766429901123,0.11747381091117859,-2.219684600830078,-1.062456727027893,2.976454257965088
val,lj_noisy,45,50,-1.7393931150436401,2.1354517936706543,1.3441452980041504,1.7784767150878906,-1.2871850728988647,-0.7811603546142578
val,lj_noisy,45,100,-2.0629794597625732,5.145023822784424,4.186709880828857,8.636387825012207,-2.8245136737823486,-6.347962856292725
val,lj_noisy,46,0,-2.5169873237609863,1.0054504871368408,-0.1337500363588333,-2.720836639404297,-0.8759398460388184,3.3279151916503906
val,lj_noisy,46,10,-2.271674394607544,1.1561583280563354,0.12770502269268036,-1.8180086612701416,-0.9042062163352966,2.4617552757263184
val,lj_noisy,46,50,-1.5650880336761475,2.152024507522583,1.439972162246704,2.184390068054199,-1.263739824295044,-1.1987444162368774
val,lj_noisy,46,100,-2.0481417179107666,5.283839225769043,4.313249111175537,8.989639282226562,-2.8961262702941895,-6.637843608856201
val,lj_noisy,47,0,-2.1506519317626953,1.0068047046661377,0.04606679081916809,-1.9354990720748901,-0.8092343807220459,2.5013372898101807
val,lj_noisy,47,10,-1.8907567262649536,1.1094131469726562,0.2669099271297455,-1.1206707954406738,-0.8114820718765259,1.7024232149124146
val,lj_noisy,47,50,-1.2475939989089966,2.2423083782196045,1.6897224187850952,3.0909738540649414,-1.2517988681793213,-2.0987260341644287
val,lj_noisy,47,100,-1.7379645109176636,5.523978233337402,4.717494010925293,10.227405548095703,-2.954362630844116,-7.808889865875244
val,lj_noisy,48,0,-2.471022129058838,1.0567378997802734,-0.05936339125037193,-2.493861436843872,-0.8920362591743469,3.1172916889190674
val,lj_noisy,48,10,-2.1338114738464355,1.1102080345153809,0.14911618828773499,-1.6390290260314941,-0.8562039136886597,2.249674081802368
val,lj_noisy,48,50,-1.146559476852417,1.9758144617080688,1.466203212738037,2.6331536769866943,-1.1012483835220337,-1.7618036270141602
val,lj_noisy,48,100,-1.4539400339126587,5.1141133308410645,4.432984828948975,9.825369834899902,-2.7008748054504395,-7.606269359588623
val,lj_noisy,49,0,-2.686241865158081,1.2717658281326294,0.05261306092143059,-2.413060188293457,-1.0372850894927979,3.148646831512451
val,lj_noisy,49,10,-2.4269139766693115,1.3351233005523682,0.23418743908405304,-1.6998143196105957,-1.0209243297576904,2.4353084564208984
val,lj_noisy,49,50,-1.5581622123718262,1.981022596359253,1.2758361101150513,1.7685794830322266,-1.1818873882293701,-0.8494241833686829
val,lj_noisy,49,100,-2.732461452484131,5.891327857971191,4.601250171661377,9.077980995178223,-3.3258609771728516,-6.391227722167969
val,lj_noisy,50,0,-2.4928762912750244,1.1005953550338745,-0.026658082380890846,-2.435027837753296,-0.9199819564819336,3.076904296875
val,lj_noisy,50,10,-2.2988851070404053,1.250278115272522,0.2093910425901413,-1.6426496505737305,-0.9568676352500916,2.3261985778808594
val,lj_noisy,50,50,-2.5871007442474365,3.0607452392578125,1.85921049118042,2.291630268096924,-1.9025224447250366,-0.8165661096572876
val,lj_noisy,50,100,-6.118110179901123,9.154867172241211,6.231713771820068,10.082633972167969,-5.565269947052002,-5.660153865814209
val,lj_noisy,51,0,-2.802886486053467,1.1393336057662964,-0.13408221304416656,-2.988272190093994,-0.9910783171653748,3.6782782077789307
val,lj_noisy,51,10,-2.4848639965057373,1.2110124826431274,0.08334352821111679,-2.1290595531463623,-0.9681435823440552,2.8164663314819336
val,lj_noisy,51,50,-1.4088196754455566,2.0307319164276123,1.3965225219726562,2.2100448608398438,-1.1782644987106323,-1.2866616249084473
val,lj_noisy,51,100,-2.0022573471069336,5.728297233581543,4.790626525878906,10.186089515686035,-3.112898826599121,-7.6454854011535645
val,lj_noisy,52,0,-2.3214058876037598,0.9755951166152954,-0.06963376700878143,-2.3802263736724854,-0.8261666893959045,2.9541070461273193
val,lj_noisy,52,10,-2.069096565246582,1.1387653350830078,0.20719128847122192,-1.429733157157898,-0.8596566915512085,2.045508623123169
val,lj_noisy,52,50,-1.532150387763977,2.606975793838501,1.9077743291854858,3.3976902961730957,-1.4839985370635986,-2.220546007156372
val,lj_noisy,52,100,-2.834188461303711,6.786799907684326,5.449919700622559,11.103641510009766,-3.779773235321045,-8.036846160888672
val,lj_noisy,53,0,-2.9084558486938477,1.1575477123260498,-0.16655759513378143,-3.1698405742645264,-1.0197784900665283,3.876610517501831
val,lj_noisy,53,10,-2.5649664402008057,1.2156922817230225,0.04920888692140579,-2.2893834114074707,-0.9854594469070435,2.985102415084839
val,lj_noisy,53,50,-1.2461879253387451,2.1892192363739014,1.6286003589630127,2.94718861579895,-1.228729248046875,-1.9741572141647339
val,lj_noisy,53,100,-1.5937597751617432,6.382894515991211,5.628769397735596,12.645596504211426,-3.366122245788574,-9.868265151977539
val,lj_noisy,54,0,-2.7607388496398926,1.2681995630264282,0.015234142541885376,-2.5794553756713867,-1.0480682849884033,3.315620183944702
val,lj_noisy,54,10,-2.5638864040374756,1.4550079107284546,0.2895631790161133,-1.6878480911254883,-1.1028416156768799,2.4811980724334717
val,lj_noisy,54,50,-2.1342263221740723,2.667043447494507,1.6809495687484741,2.274658203125,-1.6178689002990723,-1.018071174621582
val,lj_noisy,54,100,-2.3862578868865967,5.487624645233154,4.344817161560059,8.797537803649902,-3.055070638656616,-6.323988914489746
val,lj_noisy,55,0,-2.345201253890991,1.140188455581665,0.08423759043216705,-2.0187551975250244,-0.9114165902137756,2.6616218090057373
val,lj_noisy,55,10,-2.1356101036071777,1.2754002809524536,0.3135983347892761,-1.2310888767242432,-0.9389333724975586,1.9086562395095825
val,lj_noisy,55,50,-2.1205365657806396,2.680040121078491,1.7008248567581177,2.322073459625244,-1.6272766590118408,-1.0556504726409912
val,lj_noisy,55,100,-4.125136852264404,6.894491195678711,4.916561603546143,8.592575073242188,-4.074638843536377,-5.340398788452148
val,lj_noisy,56,0,-2.758772850036621,1.5664849281311035,0.3143685460090637,-1.8303461074829102,-1.1978398561477661,2.6893181800842285
val,lj_noisy,56,10,-2.4983575344085693,1.6840286254882812,0.5492616295814514,-0.9772908687591553,-1.2071119546890259,1.8585184812545776
val,lj_noisy,56,50,-2.094111442565918,3.2422518730163574,2.273371934890747,3.78084659576416,-1.90298330783844,-2.2805566787719727
val,lj_noisy,56,100,-5.774916648864746,10.558340072631836,7.779952049255371,14.23627758026123,-6.194068908691406,-9.260129928588867
val,lj_noisy,57,0,-2.92170786857605,1.1823546886444092,-0.14679451286792755,-3.132615566253662,-1.0331361293792725,3.8505771160125732
val,lj_noisy,57,10,-2.545753240585327,1.2282483577728271,0.07249470055103302,-2.213606357574463,-0.9866663813591003,2.911836624145508
val,lj_noisy,57,50,-1.098948359489441,1.9347695112228394,1.451627254486084,2.635422945022583,-1.0699748992919922,-1.7913355827331543
val,lj_noisy,57,100,-0.9392241835594177,4.974503993988037,4.5645551681518555,10.569624900817871,-2.5321717262268066,-8.476936340332031
val,lj_noisy,58,0,-2.4628303050994873,1.0748779773712158,-0.03649239242076874,-2.431110143661499,-0.9001992344856262,3.0582756996154785
val,lj_noisy,58,10,-2.109846591949463,1.1120253801345825,0.16270725429058075,-1.5835342407226562,-0.8538897037506104,2.1903750896453857
val,lj_noisy,58,50,-1.2163846492767334,2.496668815612793,1.945654273033142,3.7644426822662354,-1.3824527263641357,-2.653942346572876
val,lj_noisy,58,100,-4.934824466705322,10.50240707397461,8.110916137695312,15.832555770874023,-6.0312957763671875,-10.93621826171875
val,lj_noisy,59,0,-2.5602669715881348,1.1408904790878296,-0.02027861773967743,-2.4799280166625977,-0.9532632827758789,3.150205612182617
val,lj_noisy,59,10,-2.281287908554077,1.2544838190078735,0.21990951895713806,-1.598222255706787,-0.9574336409568787,2.2866179943084717
val,lj_noisy,59,50,-1.3882272243499756,2.2533748149871826,1.6237072944641113,2.8080546855926514,-1.2847946882247925,-1.7943651676177979
val,lj_noisy,59,100,-2.8072075843811035,7.028754234313965,5.684354305267334,11.733043670654297,-3.9049432277679443,-8.555553436279297
