source,frame,total,valid,true_valid,p_ratio_r2,p_ratio_mae,target_variance,position_mse,strain_x_error,strain_y_error,variant,seed
depablo_low_temp,5,20,20,20,0.5282767288336236,0.1221504228151776,0.0635535199374179,5.007583450566954e-07,0.0014458297111559,0.0002627711452078,near08,3456456
depablo_low_temp,10,20,20,20,0.7033652264827849,0.1207849600375406,0.0890919672458267,3.8334856968802453e-07,0.0012184403487481,0.0002163389835914,near08,3456456
depablo_low_temp,25,20,20,20,0.8456833468668502,0.1005910452782999,0.1113451632350467,3.652112329888269e-07,0.0009846785338595,0.0002330613293452,near08,3456456
depablo_low_temp,50,20,20,20,0.910264689081524,0.0812006187527331,0.121923909291221,8.374490391815926e-07,0.0009289735928177,0.0004418573764269,near08,3456456
depablo_low_temp,75,20,20,20,0.9316914414693984,0.0715464622339852,0.1271388104990921,1.6667162974215444e-06,0.000886955531314,0.0006230705039342,near08,3456456
depablo_low_temp,100,20,20,20,0.9469072473245724,0.0631057365710139,0.1309363081666797,2.8446394694015e-06,0.0009561163838952,0.0007853639166569,near08,3456456
depablo_low_temp,125,20,20,20,0.9610036002453144,0.0516586080503495,0.1341610869454215,4.4620291490105045e-06,0.0011348465457558,0.0009439897723495,near08,3456456
depablo_low_temp,149,20,20,20,0.9673882239552544,0.0461154488575863,0.1369949813213765,6.880758579086432e-06,0.0017842116765677,0.0012075146602001,near08,3456456
depablo_low_temp,150,20,20,20,0.967412839655752,0.046068271791886,0.137105677594105,7.010573219190519e-06,0.0018252607434988,0.0012221566168591,near08,3456456
depablo_mixed_temp,5,20,20,20,-0.4827236042823188,0.5003470169029608,0.2267994575756468,1.5338252583774193e-05,0.0019158681403496,0.0006181084754643,near08,3456456
depablo_mixed_temp,10,20,20,20,-0.1659266890286281,0.3054954823563012,0.1792210970466572,1.8212054715149865e-05,0.0023019566055154,0.0005020941696784,near08,3456456
depablo_mixed_temp,25,20,20,20,0.5363644891168292,0.2025608852575472,0.1814265265332104,1.783066973644054e-05,0.0022729314980097,0.0004923998945741,near08,3456456
depablo_mixed_temp,50,20,20,20,0.786471214027491,0.1311233081778131,0.1290510646927359,2.118756207494244e-05,0.0028125262353569,0.0009513108685496,near08,3456456
depablo_mixed_temp,75,20,20,20,0.8143501462010722,0.1153189182447388,0.1721180025747532,2.1853701849749995e-05,0.0025866570416837,0.001002349225746,near08,3456456
depablo_mixed_temp,100,20,20,20,0.8859257611325408,0.0912413169676532,0.1264354805514444,2.469227292181131e-05,0.0023660164326429,0.0009300134493969,near08,3456456
depablo_mixed_temp,125,20,20,20,0.8544433765980758,0.089152899215467,0.1548213597822952,2.5548213710635536e-05,0.0025039231404662,0.0014446429908275,near08,3456456
depablo_mixed_temp,149,20,20,20,0.8338104155185269,0.0987265152164008,0.1320205212672846,2.5389903817085725e-05,0.0021476850844919,0.0018263337027747,near08,3456456
depablo_mixed_temp,150,20,20,20,0.8592286689243954,0.0906999425290766,0.1378886511040539,2.587073139466156e-05,0.0027204141020774,0.0015798969077877,near08,3456456
lj_noisy,5,20,20,20,-43.93296287342787,0.1575111195206016,0.0012192600578043,1.1967324677897296e-07,0.0006285723386099,0.0002534566221584,near08,3456456
lj_noisy,10,20,20,20,-3.504449097585919,0.0744775303027269,0.0021538442446725,1.292381317519187e-07,0.0005448573356261,0.0002460657706251,near08,3456456
lj_noisy,25,20,20,20,-0.37922477023217,0.0569613451087648,0.0041168599721615,4.013912423772581e-07,0.0005579954362474,0.0003078364767134,near08,3456456
lj_noisy,50,20,20,20,-0.0250436045694257,0.0518715207127498,0.0047651600463273,1.583658863069104e-06,0.0004598560975864,0.0003754035511519,near08,3456456
lj_noisy,75,20,20,20,0.0795638410959131,0.0512929306073784,0.0050961142073924,4.017635080799664e-06,0.0006583159323781,0.0004495534696616,near08,3456456
lj_noisy,100,20,20,20,0.2391343693871411,0.0481876117734535,0.0053100823581802,7.755055457892013e-06,0.0008679793681949,0.0005602000164799,near08,3456456
lj_noisy,125,20,20,20,0.3550481843684988,0.0434871088713696,0.0055693002776564,1.295046131417621e-05,0.0009841563180088,0.0006654572440311,near08,3456456
lj_noisy,149,20,20,20,0.1205761617421108,0.0530303552546442,0.0058612530060078,1.9774178053921783e-05,0.0014425090514123,0.0007809265749529,near08,3456456
lj_noisy,150,20,20,20,0.103147747873041,0.0536225363870543,0.0058775611339848,2.0112654328841015e-05,0.0014822441153228,0.0007861696649342,near08,3456456
reid,5,20,20,20,-0.2360458763688184,0.1369196833158273,0.0215407678341569,1.2741793176118676e-07,0.0007044853584375,0.0002002002989684,near08,3456456
reid,10,20,20,20,0.1775113526252448,0.1240019798920057,0.0283466184553629,1.1533885011516534e-07,0.0005420920613687,0.0002381602000241,near08,3456456
reid,25,20,20,20,0.6174695694031243,0.0915326255517024,0.0340742914742546,3.788193959408659e-07,0.0005428511765785,0.0003826486550678,near08,3456456
reid,50,20,20,20,0.8283698796501788,0.0631456042589317,0.03674579830514,1.5506133678400148e-06,0.0009011897956952,0.0004983509199519,near08,3456456
reid,75,20,20,20,0.9127813074942814,0.044340378018558,0.0381454871288846,3.627434092834392e-06,0.0011399509850889,0.0005206986883422,near08,3456456
reid,100,20,20,20,0.9548658894932108,0.0300599064406556,0.0392619338029476,6.541572759033443e-06,0.0010744261089712,0.0005447432573419,near08,3456456
reid,125,20,20,20,0.9727608911656302,0.0253923725504862,0.0402783867859744,1.055023921026077e-05,0.0011394536122679,0.0005721979308873,near08,3456456
reid,149,20,20,20,0.9694220915591208,0.0295586291364113,0.0412242650664466,1.628511287776746e-05,0.0022669119760394,0.0006289164914051,near08,3456456
reid,150,20,20,20,0.9688929906243796,0.0299563862256917,0.041262728129658,1.6578438317083054e-05,0.0023270066827535,0.0006320142070762,near08,3456456
depablo_low_temp,5,20,20,20,0.7612167704246596,0.110297368993994,0.0635535199374179,3.6380864347762565e-07,0.0014533089735778,0.000274060918673,near08,123
depablo_low_temp,10,20,20,20,0.8272321704780436,0.1100018985243911,0.0890919672458267,2.5875178959466895e-07,0.0011399749841075,0.0002429754233162,near08,123
depablo_low_temp,25,20,20,20,0.911562206422348,0.0834621630037099,0.1113451632350467,2.527104332017416e-07,0.0007464593159966,0.0002809815152431,near08,123
depablo_low_temp,50,20,20,20,0.9421674443675462,0.0684805401172789,0.121923909291221,7.194333782933882e-07,0.0007378295529633,0.0003870127133268,near08,123
depablo_low_temp,75,20,20,20,0.9694621991645878,0.0503963198830148,0.1271388104990921,1.5468296226117673e-06,0.0007409647107124,0.0003995933657279,near08,123
depablo_low_temp,100,20,20,20,0.9785993144227632,0.0411596658620657,0.1309363081666797,2.820442782081045e-06,0.0008894098456948,0.0004979281016858,near08,123
depablo_low_temp,125,20,20,20,0.98356168871287,0.0394043137782661,0.1341610869454215,4.56748300905474e-06,0.0011478497181087,0.0006265294912736,near08,123
depablo_low_temp,149,20,20,20,0.9842092856752408,0.0387936791807075,0.1369949813213765,7.1820132575339816e-06,0.0016024265438318,0.0008325608971063,near08,123
depablo_low_temp,150,20,20,20,0.9841740351273652,0.0387417169168424,0.137105677594105,7.324378782413987e-06,0.001638850197196,0.0008457819174509,near08,123
depablo_mixed_temp,5,20,20,20,0.0617304637444149,0.3780798500965363,0.2267994575756468,1.7300865501113094e-05,0.0018814521914464,0.0006909040486789,near08,123
depablo_mixed_temp,10,20,20,20,-0.6414473050550495,0.3588727187711542,0.1792210970466572,1.9473253694712862e-05,0.0027127854991704,0.0009385167802975,near08,123
depablo_mixed_temp,25,20,20,20,-0.2868542238797764,0.3226089842140692,0.1814265265332104,1.7772246398095604e-05,0.0018360681016929,0.0008507145568728,near08,123
depablo_mixed_temp,50,20,20,20,0.3667460127346947,0.2033272245222557,0.1290510646927359,2.3054640050190755e-05,0.0032873396528884,0.0014313344057882,near08,123
depablo_mixed_temp,75,20,20,20,0.435403450942174,0.2012353151240405,0.1721180025747532,2.328166602865167e-05,0.0029012052109465,0.0013529895775718,near08,123
depablo_mixed_temp,100,20,20,20,0.7637708942943358,0.1174050513103246,0.1264354805514444,2.8213762755058268e-05,0.0024179933592677,0.0018077391490805,near08,123
depablo_mixed_temp,125,20,20,20,0.8470202385507928,0.1077189287292247,0.1548213597822952,2.848734479812265e-05,0.0027359940577298,0.0017765148717444,near08,123
depablo_mixed_temp,149,20,20,20,0.7975110610293121,0.1163013224398889,0.1320205212672846,2.8586512962647247e-05,0.0029314751736819,0.0013939282362116,near08,123
depablo_mixed_temp,150,20,20,20,0.8430917038045442,0.0976524086539708,0.1378886511040539,2.8022517790304845e-05,0.0027223049663007,0.0015754734951769,near08,123
lj_noisy,5,20,20,20,-20.17433506106456,0.1145242064528649,0.0012192600578043,6.148247599924161e-08,0.0003919864044291,0.0001411674602422,near08,123
lj_noisy,10,20,20,20,-5.671145581287866,0.0870179338467006,0.0021538442446725,7.195136078053112e-08,0.0003254629787988,0.0001407207077136,near08,123
lj_noisy,25,20,20,20,-0.9664683886838448,0.0716074248304044,0.0041168599721615,3.248404460975962e-07,0.0003485401393845,0.0001915850443765,near08,123
lj_noisy,50,20,20,20,-0.1784509992462339,0.0562334610559702,0.0047651600463273,1.6066634088929278e-06,0.0006344523280858,0.0002838083892129,near08,123
lj_noisy,75,20,20,20,-0.0121395139879374,0.0521416875545468,0.0050961142073924,4.150757445131603e-06,0.0009146851953119,0.0003923722309991,near08,123
lj_noisy,100,20,20,20,0.0378660439310314,0.0549438564465978,0.0053100823581802,8.12268062873045e-06,0.0011981327086687,0.0005043759243562,near08,123
lj_noisy,125,20,20,20,0.0465231779864696,0.0566969336384132,0.0055693002776564,1.3860497347195633e-05,0.001422009197995,0.0006418836535885,near08,123
lj_noisy,149,20,20,20,-0.5849876572236745,0.0652645029968906,0.0058612530060078,2.238516622128373e-05,0.0019586497917771,0.0009259391343221,near08,123
lj_noisy,150,20,20,20,-0.635162926557415,0.0662180991375223,0.0058775611339848,2.2840972405901997e-05,0.0019945297390222,0.00094240300823,near08,123
reid,5,20,20,20,-1.187899918626074,0.180440356837684,0.0215407678341569,7.745769599054597e-08,0.0005070232393336,0.0002091671094603,near08,123
reid,10,20,20,20,0.1307592962915199,0.131442069500418,0.0283466184553629,9.866192955954035e-08,0.0004648272995837,0.0002402165431703,near08,123
reid,25,20,20,20,0.7121419303345607,0.0794679849691066,0.0340742914742546,3.8680902303411813e-07,0.0006176128634251,0.0003071449122217,near08,123
reid,50,20,20,20,0.8622470303834973,0.0533830081985164,0.03674579830514,1.63119765375086e-06,0.0009521359344944,0.0003423955262405,near08,123
reid,75,20,20,20,0.907050759968164,0.0412524794458959,0.0381454871288846,3.7306327854480514e-06,0.0010806249454617,0.0004063394611875,near08,123
reid,100,20,20,20,0.935481443521411,0.0352479583350747,0.0392619338029476,6.718235056268895e-06,0.0010771111585199,0.0005125214287545,near08,123
reid,125,20,20,20,0.951772230241979,0.0358941700865465,0.0402783867859744,1.0686938878734509e-05,0.0011390497907996,0.0006807369019952,near08,123
reid,149,20,20,20,0.9365771284672316,0.0405144484428191,0.0412242650664466,1.6475686845751624e-05,0.0017477885819971,0.0009514172765193,near08,123
reid,150,20,20,20,0.9351048979328224,0.0409171149844638,0.041262728129658,1.6780338000899064e-05,0.0017935358919203,0.000963935785694,near08,123
depablo_low_temp,5,20,20,20,0.8567096994582812,0.0829844135267945,0.0635535199374179,4.626113390138187e-07,0.0014464580948697,0.0003068384088692,near08,456
depablo_low_temp,10,20,20,20,0.8573689668556245,0.0901957797868919,0.0890919672458267,3.0114859272956096e-07,0.0010718703386373,0.0001947221979207,near08,456
depablo_low_temp,25,20,20,20,0.9041558760957896,0.0778037000430868,0.1113451632350467,2.652848380080286e-07,0.0006318797008134,0.0002677497424883,near08,456
depablo_low_temp,50,20,20,20,0.930150509356214,0.0673722274100514,0.121923909291221,8.101654668024594e-07,0.0008135723182931,0.0004598221683409,near08,456
depablo_low_temp,75,20,20,20,0.9488852295989372,0.0590490517156886,0.1271388104990921,1.6592071567345102e-06,0.0010408110916614,0.0005650978069752,near08,456
depablo_low_temp,100,20,20,20,0.9606863705681726,0.0512227020509598,0.1309363081666797,2.930954360635951e-06,0.001264910493046,0.0007141919544665,near08,456
depablo_low_temp,125,20,20,20,0.9676176286575896,0.0466748880185842,0.1341610869454215,4.677622951021476e-06,0.001515660714358,0.0010254640772473,near08,456
depablo_low_temp,149,20,20,20,0.9723411204584166,0.0456808328844427,0.1369949813213765,7.20058826004788e-06,0.0022267115302383,0.001447761314921,near08,456
depablo_low_temp,150,20,20,20,0.9724992799903116,0.045646122485382,0.137105677594105,7.333325697800319e-06,0.0022750271484255,0.0014675916463602,near08,456
depablo_mixed_temp,5,20,20,20,-0.0805146531906537,0.3992669481683522,0.2267994575756468,1.680675492394812e-05,0.0025667510693892,0.0006405812469893,near08,456
depablo_mixed_temp,10,20,20,20,-0.109888664270576,0.3164118585582368,0.1792210970466572,2.1547610488426012e-05,0.0026625004480592,0.000712670773646,near08,456
depablo_mixed_temp,25,20,20,20,0.4637069937633663,0.2365290000524256,0.1814265265332104,2.271889862583976e-05,0.0036779311310965,0.0008309569398988,near08,456
depablo_mixed_temp,50,20,20,20,0.7344309828723845,0.1342463620765157,0.1290510646927359,2.1413869816910847e-05,0.0030508401338011,0.0010540579853113,near08,456
depablo_mixed_temp,75,20,20,20,0.8628315217244784,0.1029865152285749,0.1721180025747532,2.07441007091802e-05,0.0021511391270905,0.0012314624793361,near08,456
depablo_mixed_temp,100,20,20,20,0.9045993161022776,0.0795874417026286,0.1264354805514444,2.335086317089008e-05,0.0019550720229744,0.0012032662867568,near08,456
depablo_mixed_temp,125,20,20,20,0.8652938562183919,0.0901669995948332,0.1548213597822952,2.4858401150140708e-05,0.0018728228285908,0.0018385127652436,near08,456
depablo_mixed_temp,149,20,20,20,0.8740898346502419,0.0902629470688413,0.1320205212672846,2.546060165968811e-05,0.002459923736751,0.0019960314559284,near08,456
depablo_mixed_temp,150,20,20,20,0.9106616341786148,0.0760780574623052,0.1378886511040539,2.5834145549197274e-05,0.0029579706490039,0.0014637432061135,near08,456
lj_noisy,5,20,20,20,-20.11712820793919,0.1258865554891915,0.0012192600578043,7.388128602237033e-08,0.0004661451341235,0.000259005249245,near08,456
lj_noisy,10,20,20,20,-4.103118425676387,0.083130242914754,0.0021538442446725,8.20961322922642e-08,0.0003641379269538,0.0002403762700851,near08,456
lj_noisy,25,20,20,20,0.017370529697811,0.0524189426318211,0.0041168599721615,3.602278283665328e-07,0.0004069784190505,0.0002570883079897,near08,456
lj_noisy,50,20,20,20,0.3276521241684943,0.0456711501259465,0.0047651600463273,1.574884953470246e-06,0.0004749085288494,0.0003188591799698,near08,456
lj_noisy,75,20,20,20,0.3955823654180627,0.0431615547464575,0.0050961142073924,4.0277150901602e-06,0.0005991663783788,0.0003732333541847,near08,456
lj_noisy,100,20,20,20,0.2915643234545677,0.0430002123918473,0.0053100823581802,7.819491111149546e-06,0.0007910454180091,0.0005182929220609,near08,456
lj_noisy,125,20,20,20,0.3220814125324405,0.045395795666563,0.0055693002776564,1.3178038648220535e-05,0.0008925068657845,0.0007065444951876,near08,456
lj_noisy,149,20,20,20,0.1009100353455536,0.0589132589676633,0.0058612530060078,2.1177944336159272e-05,0.0020901079755276,0.0009063996374607,near08,456
lj_noisy,150,20,20,20,0.0709887803762204,0.0602291348067381,0.0058775611339848,2.162560103897704e-05,0.0021765287499874,0.000915755610913,near08,456
reid,5,20,20,20,-1.7523851827486785,0.2100692114326684,0.0215407678341569,1.253939934997561e-07,0.0007494742021663,0.0003473166827461,near08,456
reid,10,20,20,20,-0.760928557991164,0.1869643224470157,0.0283466184553629,1.1587311439242855e-07,0.0005018942523747,0.0003866262610245,near08,456
reid,25,20,20,20,0.2251790373084647,0.1289357347373715,0.0340742914742546,3.772841537852401e-07,0.0004048421047627,0.0005219188460614,near08,456
reid,50,20,20,20,0.6775266668879387,0.0818689426624276,0.03674579830514,1.6198936343414516e-06,0.0008727832697331,0.0006098882797232,near08,456
reid,75,20,20,20,0.8488346730482189,0.054203266662932,0.0381454871288846,3.883340062316165e-06,0.0013203246053308,0.0005790507952042,near08,456
reid,100,20,20,20,0.9270955029037832,0.0366538986873856,0.0392619338029476,6.820375790539401e-06,0.0013446500059217,0.0005575908871833,near08,456
reid,125,20,20,20,0.9591260351530858,0.0278375721181652,0.0402783867859744,1.054475721957715e-05,0.0012251925654709,0.0005813762749312,near08,456
reid,149,20,20,20,0.9524524845611508,0.0339385309767915,0.0412242650664466,1.6179879503397386e-05,0.002538139373064,0.0006802629592129,near08,456
reid,150,20,20,20,0.951352613816838,0.0343366442480233,0.041262728129658,1.6475014189154535e-05,0.0026164625771343,0.0006865322007797,near08,456
depablo_low_temp,5,20,20,20,0.522187470968281,0.1511356809808708,0.0635535199374179,2.0465258483426398e-07,0.0010348729527322,0.0001728503328195,near08,786
depablo_low_temp,10,20,20,20,0.7218505790463013,0.1373493194058016,0.0890919672458267,1.418296793787022e-07,0.0007448861957527,0.0001921254657645,near08,786
depablo_low_temp,25,20,20,20,0.8993919583976475,0.0913172561119942,0.1113451632350467,2.2245129809306267e-07,0.0005093566607683,0.0002992773792357,near08,786
depablo_low_temp,50,20,20,20,0.9606833713138374,0.0591804134452606,0.121923909291221,7.03798329482197e-07,0.0005894782021641,0.0004035800040583,near08,786
depablo_low_temp,75,20,20,20,0.979390410926276,0.0438317092508373,0.1271388104990921,1.5106134917175497e-06,0.0006263315677642,0.0004747465456603,near08,786
depablo_low_temp,100,20,20,20,0.9873386618326369,0.0342895541120295,0.1309363081666797,2.708475157930934e-06,0.0008533868473023,0.0005473736760905,near08,786
depablo_low_temp,125,20,20,20,0.9932042404156938,0.0258106734298845,0.1341610869454215,4.295862382264204e-06,0.0011667787097394,0.0006041947461199,near08,786
depablo_low_temp,149,20,20,20,0.9953950224095668,0.0212811591048612,0.1369949813213765,6.792518510678746e-06,0.0017791286110877,0.0006522508396301,near08,786
depablo_low_temp,150,20,20,20,0.9954140887884916,0.021170397751017,0.137105677594105,6.931106440788426e-06,0.0018102100118994,0.0006556012842338,near08,786
depablo_mixed_temp,5,20,20,20,-0.3672503385823418,0.3891800131903686,0.2267994575756468,1.689986228683438e-05,0.0013781055167783,0.0008328198571689,near08,786
depablo_mixed_temp,10,20,20,20,-0.177283770331883,0.3243374910611622,0.1792210970466572,2.4827406892313772e-05,0.0024993585422635,0.0015318769794248,near08,786
depablo_mixed_temp,25,20,20,20,-0.4518869954176092,0.3473603043082252,0.1814265265332104,2.3215683415855893e-05,0.0030567349283955,0.0014419705898035,near08,786
depablo_mixed_temp,50,20,20,20,0.3982835934416012,0.1981700073826623,0.1290510646927359,2.779831873169769e-05,0.0034365981351584,0.0016123343768413,near08,786
depablo_mixed_temp,75,20,20,20,0.6532354003171097,0.1689172378973665,0.1721180025747532,2.556776698838803e-05,0.0034626919776201,0.0009755522944033,near08,786
depablo_mixed_temp,100,20,20,20,0.2651193304388357,0.1836006612180488,0.1264354805514444,4.612403619148608e-05,0.0041596871102228,0.0018097468739142,near08,786
depablo_mixed_temp,125,20,20,20,0.7343235210388923,0.1282387853304362,0.1548213597822952,3.3773630610767215e-05,0.0040075647644698,0.0016549406398553,near08,786
depablo_mixed_temp,149,20,20,20,0.3661963921903191,0.1397115046752351,0.1320205212672846,4.8594229917853225e-05,0.0044343219138681,0.002538823778741,near08,786
depablo_mixed_temp,150,20,20,20,0.6253341445584657,0.1196889369435803,0.1378886511040539,3.270762284728335e-05,0.0040546943433582,0.0014376033068401,near08,786
lj_noisy,5,20,20,20,-8.402469280316895,0.0855785399693706,0.0012192600578043,6.084870047828872e-08,0.0003198744787368,0.0001427577786671,near08,786
lj_noisy,10,20,20,20,-1.0307061173329737,0.0542389167778219,0.0021538442446725,7.074343795210325e-08,0.0002154825429897,0.0001029224062222,near08,786
lj_noisy,25,20,20,20,0.4541409199269934,0.038095372249894,0.0041168599721615,3.084412419696037e-07,0.000201302813366,0.0001108063093852,near08,786
lj_noisy,50,20,20,20,0.606287073680136,0.0318137881747317,0.0047651600463273,1.5216039258802994e-06,0.000340254092589,0.0001334693515673,near08,786
lj_noisy,75,20,20,20,0.5513847633548008,0.0287012654419798,0.0050961142073924,4.0240154135062765e-06,0.0005810960195958,0.0002306873677298,near08,786
lj_noisy,100,20,20,20,0.6188060559511065,0.0300271991324297,0.0053100823581802,7.933534197945846e-06,0.0008712777867913,0.0003785647917538,near08,786
lj_noisy,125,20,20,20,0.6325526998067051,0.0366732823445028,0.0055693002776564,1.380679993872036e-05,0.0012463385704904,0.0006312892539426,near08,786
lj_noisy,149,20,20,20,0.3484200247893881,0.0466435542963161,0.0058612530060078,2.2570817645828355e-05,0.0025609273929148,0.0009367967722937,near08,786
lj_noisy,150,20,20,20,0.3249819712913399,0.0474636501390289,0.0058775611339848,2.3028902296573507e-05,0.0026363297831267,0.0009515827870927,near08,786
reid,5,20,20,20,-0.684967653741847,0.1565198194850371,0.0215407678341569,7.531647687741839e-08,0.0005728756135795,0.0002235332998679,near08,786
reid,10,20,20,20,0.1191189145183914,0.1309811487262532,0.0283466184553629,6.816368776085824e-08,0.0003239797370042,0.000237709637804,near08,786
reid,25,20,20,20,0.7539333077204589,0.0801547738254437,0.0340742914742546,3.155140756661012e-07,0.0003591903834603,0.0002948709603515,near08,786
reid,50,20,20,20,0.9227394776245308,0.0480521945248972,0.03674579830514,1.4339163925569664e-06,0.0006092258263379,0.000336807082931,near08,786
reid,75,20,20,20,0.9540479539394132,0.0357939603253428,0.0381454871288846,3.485378225320801e-06,0.0007533661089837,0.0004307100374717,near08,786
reid,100,20,20,20,0.9608901115959,0.0326494840971199,0.0392619338029476,6.528456231080781e-06,0.0009334493428468,0.0005682462389813,near08,786
reid,125,20,20,20,0.9631897713120172,0.0314386992418773,0.0402783867859744,1.074680672843442e-05,0.0012054803781211,0.0007138172572012,near08,786
reid,149,20,20,20,0.9606797148072448,0.0314054744215376,0.0412242650664466,1.6382204438514237e-05,0.0018658084794878,0.0008351289114216,near08,786
reid,150,20,20,20,0.9604715018402412,0.0314244747013414,0.041262728129658,1.6659544166941485e-05,0.0019047021865844,0.0008392995747271,near08,786
depablo_low_temp,5,20,20,20,-0.1790399590356373,0.1905288616584024,0.0635535199374179,1.910967286633536e-07,0.0008937695427448,0.000190748550267,near08,2026
depablo_low_temp,10,20,20,20,0.577140259026466,0.1489220801887398,0.0890919672458267,1.5566267492772566e-07,0.0007261014106916,0.0001728239814838,near08,2026
depablo_low_temp,25,20,20,20,0.8558223432386655,0.10247867157102,0.1113451632350467,2.573976946251833e-07,0.000619305553846,0.000325992933358,near08,2026
depablo_low_temp,50,20,20,20,0.9263222726962614,0.0805290523562474,0.121923909291221,7.58384003418655e-07,0.0006945071276277,0.0005305804894305,near08,2026
depablo_low_temp,75,20,20,20,0.946753426384714,0.0719684598837308,0.1271388104990921,1.6049699432585384e-06,0.0007289172615855,0.0007008230604697,near08,2026
depablo_low_temp,100,20,20,20,0.9600302650300296,0.0641394990718476,0.1309363081666797,2.8391430362262327e-06,0.0008032361976802,0.0008249538048403,near08,2026
depablo_low_temp,125,20,20,20,0.9657459203348292,0.0560113116157557,0.1341610869454215,4.564276837015769e-06,0.0010596103500574,0.0009205545298755,near08,2026
depablo_low_temp,149,20,20,20,0.9501201851975684,0.0612065299134063,0.1369949813213765,7.177544239311828e-06,0.0015111701563,0.0012026062700897,near08,2026
depablo_low_temp,150,20,20,20,0.9488235674589898,0.0619110279824394,0.137105677594105,7.320943834088212e-06,0.0015387592837214,0.001222174835857,near08,2026
depablo_mixed_temp,5,20,20,20,-0.7229278627914186,0.4909492017397145,0.2267994575756468,1.4037223998997203e-05,0.0014547875034622,0.0004239325120579,near08,2026
depablo_mixed_temp,10,20,20,20,-0.0473849589718575,0.3063847945334442,0.1792210970466572,2.036558892513085e-05,0.0033152824791613,0.0006603730354981,near08,2026
depablo_mixed_temp,25,20,20,20,0.7506521296544386,0.1593134772223173,0.1814265265332104,1.994142384518227e-05,0.0026077434595208,0.0007912243323517,near08,2026
depablo_mixed_temp,50,20,20,20,0.6070196161476917,0.1636544448132905,0.1290510646927359,2.121981312939169e-05,0.002757091296371,0.0007889710570452,near08,2026
depablo_mixed_temp,75,20,20,20,0.7481083622167828,0.1421265243176173,0.1721180025747532,2.1378908664360092e-05,0.0026509083108976,0.0014044474373804,near08,2026
depablo_mixed_temp,100,20,20,20,0.8504026411827094,0.112624247397652,0.1264354805514444,2.5058027068780576e-05,0.0023219454567879,0.0014131012198049,near08,2026
depablo_mixed_temp,125,20,20,20,0.8811628585479958,0.0911448788759486,0.1548213597822952,2.375827089053928e-05,0.0024823629297316,0.0015121065021958,near08,2026
depablo_mixed_temp,149,20,20,20,0.8971499047446263,0.0798667886489931,0.1320205212672846,2.703201272424849e-05,0.0030986297409981,0.0016000223287846,near08,2026
depablo_mixed_temp,150,20,20,20,0.8544690229995393,0.1016669438994123,0.1378886511040539,2.722001452184486e-05,0.0030633258633315,0.0016877165675396,near08,2026
lj_noisy,5,20,20,20,-9.791434898010738,0.0760169250108651,0.0012192600578043,8.637979824754893e-08,0.0004011453464045,9.88408333796542e-05,near08,2026
lj_noisy,10,20,20,20,-1.557851912107877,0.0639763033239766,0.0021538442446725,1.0107514114565674e-07,0.0003743327892152,0.000138138938928,near08,2026
lj_noisy,25,20,20,20,-0.4818181684386895,0.0641356974288065,0.0041168599721615,3.517994102253397e-07,0.0003872169065289,0.0002587070019217,near08,2026
lj_noisy,50,20,20,20,0.2579867678761226,0.04503056936647,0.0047651600463273,1.5665309916812477e-06,0.0005129689816385,0.0002419422671664,near08,2026
lj_noisy,75,20,20,20,0.3586071575485923,0.0411330974822795,0.0050961142073924,4.090874938356137e-06,0.000820964295417,0.0003376622218638,near08,2026
lj_noisy,100,20,20,20,0.4587100753486305,0.0364523621209572,0.0053100823581802,7.979322958817647e-06,0.0009954189881682,0.0005033243796788,near08,2026
lj_noisy,125,20,20,20,0.5065064396391324,0.0394139321958601,0.0055693002776564,1.33483756599162e-05,0.0009870734065771,0.0007221162319183,near08,2026
lj_noisy,149,20,20,20,0.1972759007202332,0.0623934944200926,0.0058612530060078,2.0588290772138863e-05,0.0016843561083078,0.0009925032267346,near08,2026
lj_noisy,150,20,20,20,0.1735880847373483,0.0635123626365188,0.0058775611339848,2.095872450809111e-05,0.0017315046861767,0.0010066943708807,near08,2026
reid,5,20,20,20,-1.3322981679938977,0.1540934662695094,0.0215407678341569,8.485996740859038e-08,0.0005186903406865,0.000161624345128,near08,2026
reid,10,20,20,20,0.2083635824647081,0.1228808824664552,0.0283466184553629,8.247067535549492e-08,0.0003509013273287,0.0002046963638349,near08,2026
reid,25,20,20,20,0.7670318849260991,0.0810002706062503,0.0340742914742546,3.915493085315802e-07,0.0006683341343887,0.0003149762113025,near08,2026
reid,50,20,20,20,0.9056169163595348,0.0535825729627034,0.03674579830514,1.6188129464467235e-06,0.001064887153916,0.0003752777498448,near08,2026
reid,75,20,20,20,0.9490956622777996,0.0377748234904377,0.0381454871288846,3.5874030913873868e-06,0.0011060124728828,0.000446569295309,near08,2026
reid,100,20,20,20,0.963415564361804,0.0303659733720753,0.0392619338029476,6.475244740045128e-06,0.0011082957033067,0.0005582158977631,near08,2026
reid,125,20,20,20,0.960986568388587,0.0267056763737968,0.0402783867859744,1.048830429795089e-05,0.0014217432588338,0.0006177602743264,near08,2026
reid,149,20,20,20,0.9477690547094028,0.0302389682599952,0.0412242650664466,1.590300325347016e-05,0.0021624944172799,0.0006566745490999,near08,2026
reid,150,20,20,20,0.9470595816633997,0.0305147867060596,0.041262728129658,1.617270503970758e-05,0.0022032404318451,0.0006597184255952,near08,2026
depablo_low_temp,5,20,20,20,0.6257557327073182,0.1276598640803226,0.0635535199374179,6.033278671324638e-07,0.0017830789729487,0.0002461103118548,dim2,3456456
depablo_low_temp,10,20,20,20,0.7354813393620468,0.1333286461938773,0.0890919672458267,4.5241331712020396e-07,0.0014527318591717,0.0001954240833583,dim2,3456456
depablo_low_temp,25,20,20,20,0.8485943407427315,0.1139481418534286,0.1113451632350467,3.6645458862949453e-07,0.0009890723507851,0.000279739612597,dim2,3456456
depablo_low_temp,50,20,20,20,0.9122937338732442,0.0902444731895583,0.121923909291221,7.95158546296193e-07,0.0008813245920464,0.0005300972756231,dim2,3456456
depablo_low_temp,75,20,20,20,0.943538613703235,0.0726322501540339,0.1271388104990921,1.623695098373901e-06,0.0007862717378884,0.0007101136841811,dim2,3456456
depablo_low_temp,100,20,20,20,0.9559215008113892,0.0658642582221393,0.1309363081666797,2.898656165939428e-06,0.0008827911224216,0.0009199099324177,dim2,3456456
depablo_low_temp,125,20,20,20,0.9625237330820056,0.0618564967749174,0.1341610869454215,4.665397739245236e-06,0.0011531988158822,0.0011688757338561,dim2,3456456
depablo_low_temp,149,20,20,20,0.9606678080513869,0.0604776276190559,0.1369949813213765,7.115455616713007e-06,0.0016363683156669,0.0014885491284076,dim2,3456456
depablo_low_temp,150,20,20,20,0.9602978390213652,0.0604807652145338,0.137105677594105,7.241564310334069e-06,0.0016674887388944,0.0015043742605485,dim2,3456456
depablo_mixed_temp,5,20,20,20,0.1835115881427409,0.3606952152459574,0.2267994575756468,1.4348317248646936e-05,0.0017899219354148,0.0004879956162767,dim2,3456456
depablo_mixed_temp,10,20,20,20,0.326617840838536,0.2733170633690868,0.1792210970466572,1.7771861497806184e-05,0.0025186925166053,0.0006381327795679,dim2,3456456
depablo_mixed_temp,25,20,20,20,0.6048586048902043,0.2086288819106984,0.1814265265332104,1.921704005098945e-05,0.0024825799046084,0.0006606749906495,dim2,3456456
depablo_mixed_temp,50,20,20,20,0.7754764806688925,0.1434668684819036,0.1290510646927359,1.893147145040075e-05,0.0021173916291445,0.0009456626430619,dim2,3456456
depablo_mixed_temp,75,20,20,20,0.7168640562145672,0.1397173307081373,0.1721180025747532,2.0600519007984985e-05,0.0021965238964185,0.0012002856579783,dim2,3456456
depablo_mixed_temp,100,20,20,20,0.700043514356532,0.1174124417873133,0.1264354805514444,2.7070298699527484e-05,0.0022962315939366,0.0018319028313271,dim2,3456456
depablo_mixed_temp,125,20,20,20,0.7531222898913192,0.1143249260427679,0.1548213597822952,2.5285368462846235e-05,0.0025207235012203,0.0022074108419474,dim2,3456456
depablo_mixed_temp,149,20,20,20,0.8865361709211405,0.0940107166111975,0.1320205212672846,2.4879383965981104e-05,0.0023353278171271,0.0021188164362683,dim2,3456456
depablo_mixed_temp,150,20,20,20,0.8664079647450527,0.1002155600385684,0.1378886511040539,2.490333350237961e-05,0.0022887643426656,0.0020680673449533,dim2,3456456
lj_noisy,5,20,20,20,-20.67844491734655,0.1200722409956435,0.0012192600578043,1.0741570388717037e-07,0.0005763795110397,0.0002432159064483,dim2,3456456
lj_noisy,10,20,20,20,-4.723263030861674,0.0832370024428086,0.0021538442446725,9.640612459449473e-08,0.0004264456190867,0.0001603964745299,dim2,3456456
lj_noisy,25,20,20,20,0.0833930903113507,0.0471174285242183,0.0041168599721615,3.477427618747697e-07,0.0005056335241533,0.0001928963407408,dim2,3456456
lj_noisy,50,20,20,20,0.4635170237665955,0.0384731916667523,0.0047651600463273,1.5505551886008107e-06,0.0004844146082177,0.0002191122039221,dim2,3456456
lj_noisy,75,20,20,20,0.4849410379321349,0.0345600937846536,0.0050961142073924,4.062553750827647e-06,0.0007211242802441,0.0003660415881313,dim2,3456456
lj_noisy,100,20,20,20,0.4394285616857382,0.0350239447681432,0.0053100823581802,7.986830655681843e-06,0.0008781136479228,0.0005675614229403,dim2,3456456
lj_noisy,125,20,20,20,0.4294356031753625,0.0361775837793559,0.0055693002776564,1.3431335537461564e-05,0.0010184961371123,0.0007695398060604,dim2,3456456
lj_noisy,149,20,20,20,0.2873458217911459,0.0486485518667615,0.0058612530060078,2.056478733720724e-05,0.0016931385733187,0.0010464816819876,dim2,3456456
lj_noisy,150,20,20,20,0.2779243240008804,0.0492140074909002,0.0058775611339848,2.0918659811286488e-05,0.0017325174994766,0.0010596882086247,dim2,3456456
reid,5,20,20,20,-0.1775750283819952,0.1377985693273286,0.0215407678341569,2.730057484079396e-07,0.0012068615673342,0.0002396303229033,dim2,3456456
reid,10,20,20,20,0.1912655337417373,0.133074067716474,0.0283466184553629,2.1813515678204003e-07,0.0009590651141479,0.0002784641110338,dim2,3456456
reid,25,20,20,20,0.6147914459476987,0.0992436268069515,0.0340742914742546,3.9702176461986484e-07,0.0006063154549337,0.0003895245528838,dim2,3456456
reid,50,20,20,20,0.8408982710737758,0.0642726782946972,0.03674579830514,1.5191274279402475e-06,0.000666648382321,0.0004560378874884,dim2,3456456
reid,75,20,20,20,0.9327825581283186,0.0432958981831136,0.0381454871288846,3.5331135649130373e-06,0.0008509292732924,0.0004384003637824,dim2,3456456
reid,100,20,20,20,0.9682132684045516,0.0301533447583398,0.0392619338029476,6.508782408332081e-06,0.0009605207014828,0.0004466651575057,dim2,3456456
reid,125,20,20,20,0.9760751255391252,0.0260133284133337,0.0402783867859744,1.0530307145018014e-05,0.0010700254701077,0.0005336291578714,dim2,3456456
reid,149,20,20,20,0.9712476592266236,0.0236116516669925,0.0412242650664466,1.5739277932880215e-05,0.0015598613768815,0.0006770385720301,dim2,3456456
reid,150,20,20,20,0.9709026934721532,0.0237939329999439,0.041262728129658,1.5993856652585237e-05,0.0015983651392161,0.0006841276830527,dim2,3456456
depablo_low_temp,5,20,20,20,0.7895966436891841,0.0929890189727177,0.0635535199374179,6.641302345400391e-07,0.0017733720393152,0.0003177557598974,dim2,123
depablo_low_temp,10,20,20,20,0.8930754880488647,0.0806223853295373,0.0890919672458267,5.231824324880563e-07,0.0014604490657802,0.0002685802286578,dim2,123
depablo_low_temp,25,20,20,20,0.9467764336988452,0.0612496464426241,0.1113451632350467,4.30623502545302e-07,0.000992071989458,0.0002254619881568,dim2,123
depablo_low_temp,50,20,20,20,0.9659046962431408,0.051464468770294,0.121923909291221,7.465863681943574e-07,0.0008531041210517,0.0003079764326685,dim2,123
depablo_low_temp,75,20,20,20,0.9710970001396182,0.045811818540759,0.1271388104990921,1.4841924517838834e-06,0.0007872003130614,0.000472631730372,dim2,123
depablo_low_temp,100,20,20,20,0.9678905335282648,0.0454283141673375,0.1309363081666797,2.7441781227821595e-06,0.0009071149863302,0.0006877635343698,dim2,123
depablo_low_temp,125,20,20,20,0.9608235879910072,0.0490568021115848,0.1341610869454215,4.552541608404681e-06,0.0011234425008296,0.0009880378784146,dim2,123
depablo_low_temp,149,20,20,20,0.9378226284727088,0.0612812307090449,0.1369949813213765,7.153082958666346e-06,0.0015845329500734,0.0015041236125398,dim2,123
depablo_low_temp,150,20,20,20,0.935875890083173,0.0622537900746286,0.137105677594105,7.294089317610995e-06,0.0016132814809679,0.0015354277042206,dim2,123
depablo_mixed_temp,5,20,20,20,0.3506220981232967,0.3116870234903818,0.2267994575756468,2.3951341362504763e-05,0.0052867717080516,0.0008893159290892,dim2,123
depablo_mixed_temp,10,20,20,20,0.3198672546460908,0.2784946668675127,0.1792210970466572,3.047077818649768e-05,0.0059757395181804,0.0010246742829622,dim2,123
depablo_mixed_temp,25,20,20,20,0.4685552953241473,0.2214151545675338,0.1814265265332104,3.16098664612241e-05,0.0062855892465449,0.000533681717934,dim2,123
depablo_mixed_temp,50,20,20,20,0.8262364302272843,0.1167898310470471,0.1290510646927359,2.7918601196574856e-05,0.0052151257637888,0.0009226699054124,dim2,123
depablo_mixed_temp,75,20,20,20,0.7065599343411317,0.1299787392748537,0.1721180025747532,3.148324276764924e-05,0.0054009935818612,0.0010248296093777,dim2,123
depablo_mixed_temp,100,20,20,20,0.8907778365948706,0.0880358613102471,0.1264354805514444,3.3780892999857314e-05,0.0049835796933621,0.0010795831185532,dim2,123
depablo_mixed_temp,125,20,20,20,0.5875842306100016,0.119373675313894,0.1548213597822952,3.544977512319747e-05,0.0041132091544568,0.0021571101737208,dim2,123
depablo_mixed_temp,149,20,20,20,0.8020049278909467,0.1017324820552871,0.1320205212672846,3.327396551640049e-05,0.0036615336313843,0.0019751502666622,dim2,123
depablo_mixed_temp,150,20,20,20,0.8174159868159185,0.1028649746870493,0.1378886511040539,2.960610586342227e-05,0.0028449795208871,0.0017853379278676,dim2,123
lj_noisy,5,20,20,20,-4.804818902004858,0.0696752206048276,0.0012192600578043,8.344942132865185e-08,0.0005607724015135,0.0001848676009103,dim2,123
lj_noisy,10,20,20,20,-1.2142372098511238,0.050530675066527,0.0021538442446725,8.021960962167897e-08,0.0004412493144627,0.0001170789197203,dim2,123
lj_noisy,25,20,20,20,-0.158404294683222,0.0580575105544839,0.0041168599721615,3.0864404223507334e-07,0.0002990356297232,0.0001519648591056,dim2,123
lj_noisy,50,20,20,20,0.1946112319155167,0.0509805385775714,0.0047651600463273,1.543541057458242e-06,0.0004682521102949,0.0002513049636036,dim2,123
lj_noisy,75,20,20,20,0.2807487837629427,0.0452871140323153,0.0050961142073924,4.044135573622043e-06,0.0007302044425159,0.0003541374346241,dim2,123
lj_noisy,100,20,20,20,0.3552681855515411,0.0413283327521174,0.0053100823581802,7.883596049396147e-06,0.0009577670134603,0.0004945973865687,dim2,123
lj_noisy,125,20,20,20,0.402342375415519,0.0404639348622197,0.0055693002776564,1.3329431953934546e-05,0.0011520227883011,0.0006016409024596,dim2,123
lj_noisy,149,20,20,20,0.061542917857107,0.0651568181800888,0.0058612530060078,2.0751950614794623e-05,0.0019470105879008,0.0008081685751676,dim2,123
lj_noisy,150,20,20,20,0.0328921420956195,0.0667162131360745,0.0058775611339848,2.112877009494696e-05,0.0020095924846827,0.0008200825192034,dim2,123
reid,5,20,20,20,-0.2338037658716343,0.1355114358935385,0.0215407678341569,9.521963502123755e-08,0.0007378318929113,0.0001192153424199,dim2,123
reid,10,20,20,20,0.2927039476746063,0.1240615201473685,0.0283466184553629,8.159829079090741e-08,0.0005016777955461,0.0001844252930823,dim2,123
reid,25,20,20,20,0.6523385489570377,0.0929357082846338,0.0340742914742546,3.299122512956387e-07,0.0003452343516983,0.0003556347925041,dim2,123
reid,50,20,20,20,0.8103615082923386,0.0680420950525699,0.03674579830514,1.5591434234352164e-06,0.0007744286442175,0.0004924387947539,dim2,123
reid,75,20,20,20,0.8855070311175837,0.050319309776482,0.0381454871288846,3.76564768487242e-06,0.001133873173967,0.000523542004521,dim2,123
reid,100,20,20,20,0.9330685860438354,0.0358544196991819,0.0392619338029476,6.901610871068442e-06,0.0013781455811113,0.0006106626446126,dim2,123
reid,125,20,20,20,0.946588535638138,0.0365795770656768,0.0402783867859744,1.1430038051685188e-05,0.0015770992264151,0.0008785143349086,dim2,123
reid,149,20,20,20,0.9086447681753492,0.0458037136080889,0.0412242650664466,1.8844507303583667e-05,0.0022029255516827,0.0013287716195918,dim2,123
reid,150,20,20,20,0.9059930288498856,0.0463961762945253,0.041262728129658,1.9252686956861e-05,0.0022397901862859,0.0013529102172469,dim2,123
depablo_low_temp,5,20,20,20,0.559246710393347,0.1323969116992611,0.0635535199374179,3.336896865491213e-07,0.0012640131782973,0.0003320643423649,dim2,456
depablo_low_temp,10,20,20,20,0.7185073734399519,0.1283222977269757,0.0890919672458267,1.922799685694088e-07,0.0008600603905506,0.0002717725234106,dim2,456
depablo_low_temp,25,20,20,20,0.8748280340178942,0.0967769787582591,0.1113451632350467,2.139205172113634e-07,0.0004045824636705,0.0003146799601381,dim2,456
depablo_low_temp,50,20,20,20,0.938551916243058,0.0657787588224595,0.121923909291221,7.925171740197356e-07,0.000818767119199,0.000488793090335,dim2,456
depablo_low_temp,75,20,20,20,0.9764508552438854,0.0410741058624855,0.1271388104990921,1.6135259151894842e-06,0.0010152694303542,0.0004702555423136,dim2,456
depablo_low_temp,100,20,20,20,0.98531988165934,0.0343081497641176,0.1309363081666797,2.914885067184514e-06,0.0013577952980995,0.0004535144835244,dim2,456
depablo_low_temp,125,20,20,20,0.9820486957737308,0.0370115353745007,0.1341610869454215,4.829425269292642e-06,0.0018268153071403,0.0006444852508138,dim2,456
depablo_low_temp,149,20,20,20,0.9766039367432486,0.042464378995726,0.1369949813213765,7.897315811078442e-06,0.0030234328471124,0.0010634160193149,dim2,456
depablo_low_temp,150,20,20,20,0.9763445724932972,0.0426885062049787,0.137105677594105,8.062702130473554e-06,0.0030864187516272,0.0010881508467718,dim2,456
depablo_mixed_temp,5,20,20,20,-0.0494565998561766,0.3914609990936107,0.2267994575756468,1.9839919949049543e-05,0.0037776307814056,0.0012613046321348,dim2,456
depablo_mixed_temp,10,20,20,20,0.2401888646078407,0.2705029349274618,0.1792210970466572,2.621747210724834e-05,0.0044930250005563,0.0013523358198654,dim2,456
depablo_mixed_temp,25,20,20,20,0.3637401130150544,0.2657895646702423,0.1814265265332104,2.738457929751803e-05,0.0045545495697297,0.0017563645364134,dim2,456
depablo_mixed_temp,50,20,20,20,0.6508281956539808,0.1556274956130025,0.1290510646927359,2.541305056524834e-05,0.0040284123038873,0.0017263003865082,dim2,456
depablo_mixed_temp,75,20,20,20,0.8554745579085204,0.1147164807740183,0.1721180025747532,2.2508015200628505e-05,0.0029460459481924,0.0011926614111871,dim2,456
depablo_mixed_temp,100,20,20,20,0.831583940008007,0.0964772603396593,0.1264354805514444,2.543856454622073e-05,0.0027138418518006,0.0015882724139373,dim2,456
depablo_mixed_temp,125,20,20,20,0.8558366231829521,0.1040662910261127,0.1548213597822952,2.6545830502300304e-05,0.002493776474148,0.0019362318416824,dim2,456
depablo_mixed_temp,149,20,20,20,0.8839003447009175,0.0909018786142359,0.1320205212672846,2.653859679639936e-05,0.0029178423341363,0.0017893699463456,dim2,456
depablo_mixed_temp,150,20,20,20,0.8916117237775746,0.0794634032640949,0.1378886511040539,2.5235290979708225e-05,0.0025520796887576,0.0016573440108913,dim2,456
lj_noisy,5,20,20,20,-5.849818413256905,0.0741823612374479,0.0012192600578043,1.21900213656545e-07,0.0006982246617553,0.0002986471394251,dim2,456
lj_noisy,10,20,20,20,-1.908257356814792,0.0619173519883466,0.0021538442446725,1.0333000144413519e-07,0.0005379710171837,0.000244948452746,dim2,456
lj_noisy,25,20,20,20,-0.0696517495417423,0.0560320317650317,0.0041168599721615,3.228572708735555e-07,0.0003146033966913,0.0002317926759133,dim2,456
lj_noisy,50,20,20,20,0.3827032793226975,0.0445619655281494,0.0047651600463273,1.5426558377384936e-06,0.0004122987622395,0.0002900094958022,dim2,456
lj_noisy,75,20,20,20,0.3724801910522596,0.0440595819250634,0.0050961142073924,3.982605755936675e-06,0.0005932614207267,0.0003972358186729,dim2,456
lj_noisy,100,20,20,20,0.0830357746251491,0.0545612083314219,0.0053100823581802,7.834123903194267e-06,0.0008447079919278,0.0006279697990976,dim2,456
lj_noisy,125,20,20,20,-0.2556570760794829,0.0663311500013402,0.0055693002776564,1.3476994922712038e-05,0.0012703331187367,0.0009080187184736,dim2,456
lj_noisy,149,20,20,20,-0.9465179611640032,0.0868216910309132,0.0058612530060078,2.210888469562633e-05,0.0024302249308675,0.0012473149923607,dim2,456
lj_noisy,150,20,20,20,-0.9840612026797568,0.0878424917991297,0.0058775611339848,2.256796801702876e-05,0.0025016956962645,0.001262559951283,dim2,456
reid,5,20,20,20,-1.933345123658412,0.2104219094645933,0.0215407678341569,8.73723052130515e-08,0.0005099569068988,0.0002964361618069,dim2,456
reid,10,20,20,20,-0.7361416168911674,0.178970171132441,0.0283466184553629,9.161497915854967e-08,0.0003367247234564,0.0003434805274082,dim2,456
reid,25,20,20,20,0.311383143920716,0.1189390554014342,0.0340742914742546,3.75216942671841e-07,0.0004776196903549,0.0004727648136395,dim2,456
reid,50,20,20,20,0.7578101281828911,0.0702533616770478,0.03674579830514,1.5958972170437846e-06,0.0009953901404514,0.0005242276914941,dim2,456
reid,75,20,20,20,0.917869656040716,0.0400212070759331,0.0381454871288846,3.643939832898013e-06,0.0011710700578987,0.0004485100871534,dim2,456
reid,100,20,20,20,0.9464897944535632,0.0316287927229518,0.0392619338029476,6.53603093496713e-06,0.0009903455618768,0.0005013462083297,dim2,456
reid,125,20,20,20,0.886401445428674,0.0462809160211994,0.0402783867859744,1.08724000398297e-05,0.0012698722071945,0.0008063832836342,dim2,456
reid,149,20,20,20,0.7959770643690052,0.06545849903027,0.0412242650664466,1.740051504270923e-05,0.002772503439337,0.0010495921771507,dim2,456
reid,150,20,20,20,0.7922899513331596,0.0662050298272936,0.041262728129658,1.773352312852694e-05,0.0028503561392426,0.0010585795869701,dim2,456
depablo_low_temp,5,20,20,20,0.2487274231682523,0.1892220684154556,0.0635535199374179,5.969909594227829e-07,0.001825327341794,0.0004066423243784,dim2,786
depablo_low_temp,10,20,20,20,0.4584255662858019,0.1886301874476943,0.0890919672458267,4.221400487836036e-07,0.0014240386954043,0.0004009358868643,dim2,786
depablo_low_temp,25,20,20,20,0.8349210564915592,0.1109212754836921,0.1113451632350467,3.281557891199327e-07,0.0008460953948087,0.0003834654373349,dim2,786
depablo_low_temp,50,20,20,20,0.9428119014570148,0.066036067873715,0.121923909291221,8.616496522506623e-07,0.0008801963645964,0.000443633760733,dim2,786
depablo_low_temp,75,20,20,20,0.9643589045349064,0.0514178185119783,0.1271388104990921,1.700951384009386e-06,0.0008813262917101,0.0005915051980991,dim2,786
depablo_low_temp,100,20,20,20,0.9747844994110736,0.0414883143411877,0.1309363081666797,2.897808818147496e-06,0.0009384594392031,0.00077649775194,dim2,786
depablo_low_temp,125,20,20,20,0.977408331132442,0.0382739491400911,0.1341610869454215,4.741452012524405e-06,0.0013673663139343,0.001000972194015,dim2,786
depablo_low_temp,149,20,20,20,0.9690664801965948,0.0424786989710055,0.1369949813213765,7.68998264675247e-06,0.0024427372030913,0.0014482657366897,dim2,786
depablo_low_temp,150,20,20,20,0.9684043768778164,0.042829782346218,0.137105677594105,7.854029180975886e-06,0.0025011726655066,0.001474677817896,dim2,786
depablo_mixed_temp,5,20,20,20,-0.1879222161703475,0.41370847332373,0.2267994575756468,1.5320079600655846e-05,0.0026831157883862,0.0007857635944674,dim2,786
depablo_mixed_temp,10,20,20,20,0.0005679233203962,0.3020181390527094,0.1792210970466572,1.7260280949926708e-05,0.0025985238724388,0.0011665319296298,dim2,786
depablo_mixed_temp,25,20,20,20,0.5688148144875653,0.1943844358361154,0.1814265265332104,1.8015383464842216e-05,0.0025540981790982,0.0007814049153239,dim2,786
depablo_mixed_temp,50,20,20,20,0.7914931739080304,0.1238697598028794,0.1290510646927359,1.96082907592654e-05,0.0023290180601179,0.0010886350166401,dim2,786
depablo_mixed_temp,75,20,20,20,0.8121264737723584,0.12136199286805,0.1721180025747532,2.0400888826088703e-05,0.0023833767045289,0.0013449857840896,dim2,786
depablo_mixed_temp,100,20,20,20,0.573423975724745,0.1248463711993693,0.1264354805514444,2.7146780081466203e-05,0.0024754281621426,0.0021016813116148,dim2,786
depablo_mixed_temp,125,20,20,20,0.6312958872268835,0.1113407996496351,0.1548213597822952,2.619538582280256e-05,0.0021503313444554,0.0021176054724492,dim2,786
depablo_mixed_temp,149,20,20,20,0.9177661748809416,0.0709777498388042,0.1320205212672846,2.544955102621316e-05,0.0032905867323279,0.001658666547155,dim2,786
depablo_mixed_temp,150,20,20,20,0.8677545777814104,0.0910023971644565,0.1378886511040539,2.589095207667924e-05,0.0035402462817728,0.0021589471871266,dim2,786
lj_noisy,5,20,20,20,-8.376502504843268,0.0932731580413079,0.0012192600578043,2.208842243334175e-07,0.0010518498689634,0.0002470305378665,dim2,786
lj_noisy,10,20,20,20,-2.861048610929305,0.0774161267590209,0.0021538442446725,1.8022265546591146e-07,0.0008276086125988,0.0001620910566998,dim2,786
lj_noisy,25,20,20,20,-0.1853873755749733,0.0535894628816954,0.0041168599721615,3.675712171968826e-07,0.0005548199405893,8.335927268490195e-05,dim2,786
lj_noisy,50,20,20,20,0.2493163594239118,0.0454556942980508,0.0047651600463273,1.6106227349155234e-06,0.0006853544386103,0.0002000550390221,dim2,786
lj_noisy,75,20,20,20,0.3503868849520589,0.0447116888440719,0.0050961142073924,4.165466236827342e-06,0.0009259002283215,0.0003828346263617,dim2,786
lj_noisy,100,20,20,20,0.3361275038093948,0.0468546535556978,0.0053100823581802,8.154362285495154e-06,0.0012529801111668,0.0006166923907585,dim2,786
lj_noisy,125,20,20,20,0.3393735584084566,0.0472685590804956,0.0055693002776564,1.3635416917168184e-05,0.0014004007913172,0.0008961615152657,dim2,786
lj_noisy,149,20,20,20,0.1369654772546192,0.0527524942942749,0.0058612530060078,2.0884571722490363e-05,0.0017701908946037,0.0012420900631695,dim2,786
lj_noisy,150,20,20,20,0.1171621085263976,0.0534150107083665,0.0058775611339848,2.125320015693433e-05,0.0018151322379708,0.0012591898906975,dim2,786
reid,5,20,20,20,-2.374447583983061,0.2429810766718685,0.0215407678341569,2.418506442225521e-07,0.0009519947256194,0.0003936554770916,dim2,786
reid,10,20,20,20,-0.6095864218840725,0.194439925172208,0.0283466184553629,2.233068046919584e-07,0.000750833255006,0.0003949554753489,dim2,786
reid,25,20,20,20,0.5252544531257809,0.1123438337046449,0.0340742914742546,4.4683230129294324e-07,0.0006431158282794,0.0004018608990008,dim2,786
reid,50,20,20,20,0.828303313533876,0.0627093439169946,0.03674579830514,1.5969975173391049e-06,0.0008585032541304,0.0004082052764715,dim2,786
reid,75,20,20,20,0.9062987381827452,0.0426727884145929,0.0381454871288846,3.824950684361283e-06,0.0012876297347247,0.000368821639131,dim2,786
reid,100,20,20,20,0.9562297982005776,0.0287939927316238,0.0392619338029476,6.8537538908231e-06,0.0014282351825386,0.0004103619372472,dim2,786
reid,125,20,20,20,0.9792760483303262,0.0229881050555974,0.0402783867859744,1.0948864115789547e-05,0.0013573091477155,0.0004555888852337,dim2,786
reid,149,20,20,20,0.9494912307072934,0.0297897955916058,0.0412242650664466,1.7165352812753553e-05,0.0027211412787437,0.000559953947959,dim2,786
reid,150,20,20,20,0.9467430348272236,0.0303429807200836,0.041262728129658,1.7493016650860226e-05,0.0028052560053765,0.0005638345086481,dim2,786
depablo_low_temp,5,20,20,20,0.4950341288131084,0.1483757541246676,0.0635535199374179,4.991632879480789e-07,0.0015420226322021,0.0003276262435974,dim2,2026
depablo_low_temp,10,20,20,20,0.630786584081254,0.1469350656459348,0.0890919672458267,3.542603789874477e-07,0.001194470829796,0.0003021362550498,dim2,2026
depablo_low_temp,25,20,20,20,0.8388226701997339,0.1040662254560205,0.1113451632350467,2.970787912559558e-07,0.0007966429460793,0.0003247147520596,dim2,2026
depablo_low_temp,50,20,20,20,0.9310332138658493,0.0696918451070625,0.121923909291221,7.506777237153984e-07,0.0008309335680678,0.0003905547098838,dim2,2026
depablo_low_temp,75,20,20,20,0.962948660009951,0.0560595323155905,0.1271388104990921,1.559482970492354e-06,0.0009539488703012,0.0004247771081281,dim2,2026
depablo_low_temp,100,20,20,20,0.9750705951561875,0.0467302931214549,0.1309363081666797,2.7476232531853386e-06,0.0009098575916141,0.0005551574373384,dim2,2026
depablo_low_temp,125,20,20,20,0.9759795384016416,0.0460386080128327,0.1341610869454215,4.54619313643434e-06,0.001164578879252,0.0007418454275466,dim2,2026
depablo_low_temp,149,20,20,20,0.970127114410543,0.0503846145229224,0.1369949813213765,7.355389192298389e-06,0.0021286888048052,0.0009359925927128,dim2,2026
depablo_low_temp,150,20,20,20,0.969806025545764,0.0506615773946928,0.137105677594105,7.50478052964354e-06,0.0021851433441042,0.0009445448056794,dim2,2026
depablo_mixed_temp,5,20,20,20,0.4339405410112429,0.2673604114919742,0.2267994575756468,2.488603471348938e-05,0.0051372209883993,0.0008497771646943,dim2,2026
depablo_mixed_temp,10,20,20,20,0.6029507475390878,0.2008877812617112,0.1792210970466572,2.654157957735492e-05,0.0046568338671932,0.0007446477568009,dim2,2026
depablo_mixed_temp,25,20,20,20,0.6295161668422833,0.2008498642045545,0.1814265265332104,2.993212047073257e-05,0.0048526904429309,0.0007313075315323,dim2,2026
depablo_mixed_temp,50,20,20,20,0.7018027005446864,0.1423840103278602,0.1290510646927359,2.697495505117331e-05,0.0044799230759963,0.0011625681843725,dim2,2026
depablo_mixed_temp,75,20,20,20,0.818595938009449,0.1099060745566895,0.1721180025747532,2.32557578272008e-05,0.0032770921010524,0.0011100187606643,dim2,2026
depablo_mixed_temp,100,20,20,20,0.9209769293390154,0.0743647400601618,0.1264354805514444,2.764366917062944e-05,0.0029298589564859,0.0012874384847236,dim2,2026
depablo_mixed_temp,125,20,20,20,0.8929060123533985,0.087028370118448,0.1548213597822952,2.722936625332295e-05,0.0028650194406509,0.0014632796257501,dim2,2026
depablo_mixed_temp,149,20,20,20,0.9230637288449802,0.0780233084877268,0.1320205212672846,2.787578946481517e-05,0.0023765586316585,0.0018981066503329,dim2,2026
depablo_mixed_temp,150,20,20,20,0.9260662055286027,0.0718796531296734,0.1378886511040539,2.749525857552726e-05,0.0025189108215272,0.0018697288382099,dim2,2026
lj_noisy,5,20,20,20,-8.480743163635927,0.0816634269084733,0.0012192600578043,1.685265431206062e-07,0.0006870030600111,0.0002510456572053,dim2,2026
lj_noisy,10,20,20,20,-2.07024377599153,0.0660900302066473,0.0021538442446725,1.4796678655670802e-07,0.0005482053820742,0.0002175439818529,dim2,2026
lj_noisy,25,20,20,20,-0.0874530443207708,0.0540111714209254,0.0041168599721615,3.7876026013350396e-07,0.0005453213467262,0.0002849817101377,dim2,2026
lj_noisy,50,20,20,20,0.132846242529558,0.050891538268263,0.0047651600463273,1.6230986375376232e-06,0.0007800430525094,0.0003424707741942,dim2,2026
lj_noisy,75,20,20,20,0.0802781256880508,0.0517644125137207,0.0050961142073924,4.193107406536e-06,0.0011916575022041,0.0003817376913502,dim2,2026
lj_noisy,100,20,20,20,0.0639129536385508,0.0527954712430243,0.0053100823581802,8.141893408719625e-06,0.0015122636221349,0.0005216653225943,dim2,2026
lj_noisy,125,20,20,20,0.303811316115158,0.0458435805919342,0.0055693002776564,1.3378981930145527e-05,0.0014427246991544,0.0007104502758011,dim2,2026
lj_noisy,149,20,20,20,0.3955833569397053,0.0432460807913048,0.0058612530060078,2.0394016246427785e-05,0.0017044449225068,0.0009660863084718,dim2,2026
lj_noisy,150,20,20,20,0.3811794893207175,0.0437993373019093,0.0058775611339848,2.0755645073222696e-05,0.001743571087718,0.000981321115978,dim2,2026
reid,5,20,20,20,-2.972053736864265,0.2633964808552194,0.0215407678341569,3.293668916271031e-07,0.0012306146498303,0.0005619178700726,dim2,2026
reid,10,20,20,20,-1.4415542308122469,0.233933051995814,0.0283466184553629,2.651579716683728e-07,0.0009491394273936,0.0005908496204938,dim2,2026
reid,25,20,20,20,0.0698108798373441,0.155039215292527,0.0340742914742546,4.333689783919681e-07,0.0005550040514208,0.0006539639827678,dim2,2026
reid,50,20,20,20,0.6847711217432544,0.0927308142770229,0.03674579830514,1.6236564256644216e-06,0.0007721937494352,0.0006894152233144,dim2,2026
reid,75,20,20,20,0.877498667664138,0.0590051095734556,0.0381454871288846,3.7119027780363463e-06,0.0010794671252369,0.0005862283316673,dim2,2026
reid,100,20,20,20,0.9578357175370384,0.033567480749506,0.0392619338029476,6.605744519561085e-06,0.0010511168744415,0.0004659447877202,dim2,2026
reid,125,20,20,20,0.982878407171874,0.020370172621634,0.0402783867859744,1.0831777586872704e-05,0.0014458614401519,0.0004476681657251,dim2,2026
reid,149,20,20,20,0.972456957869992,0.0270461665484475,0.0412242650664466,1.7017802872487663e-05,0.0028060493059456,0.0005058078022557,dim2,2026
reid,150,20,20,20,0.9714542887847888,0.0276547618402503,0.041262728129658,1.7334153244519258e-05,0.002878507785499,0.0005088981823064,dim2,2026
depablo_low_temp,5,20,20,20,0.8153830254046214,0.0907222757171286,0.0635535199374179,1.6111824372444519e-07,0.0009011343936435,0.0001376648593577,dim4,3456456
depablo_low_temp,10,20,20,20,0.8639197780612955,0.0895224717399687,0.0890919672458267,1.0521838129662342e-07,0.0005892184097319,0.0001169794806628,dim4,3456456
depablo_low_temp,25,20,20,20,0.9430391517839064,0.0635904261840848,0.1113451632350467,1.871785292095751e-07,0.0004919634084217,0.0001825775012548,dim4,3456456
depablo_low_temp,50,20,20,20,0.9800753804590484,0.039652685570351,0.121923909291221,6.448379160417517e-07,0.000595183391124,0.0001894464468932,dim4,3456456
depablo_low_temp,75,20,20,20,0.9811107223976252,0.039050921192997,0.1271388104990921,1.4754177364295629e-06,0.0007272871676832,0.0002984162245411,dim4,3456456
depablo_low_temp,100,20,20,20,0.9837135493329754,0.0371639712727738,0.1309363081666797,2.653541346120392e-06,0.0008235258050262,0.000398182394565,dim4,3456456
depablo_low_temp,125,20,20,20,0.986429815423336,0.0352438188166431,0.1341610869454215,4.282706241554024e-06,0.0009542614221572,0.000523976876866,dim4,3456456
depablo_low_temp,149,20,20,20,0.9872783397450308,0.0352907404709082,0.1369949813213765,6.529215630735052e-06,0.0013392576016485,0.0006829971331171,dim4,3456456
depablo_low_temp,150,20,20,20,0.987259048321995,0.0353096409040819,0.137105677594105,6.643205699674581e-06,0.0013607420027256,0.000690439651953,dim4,3456456
depablo_mixed_temp,5,20,20,20,0.2912339747679782,0.3128585754090668,0.2267994575756468,5.112133251472528e-05,0.0110561278212117,0.0024060993495368,dim4,3456456
depablo_mixed_temp,10,20,20,20,0.369998327623269,0.2614772000798105,0.1792210970466572,5.236193147979406e-05,0.0108572145167272,0.0018542892052209,dim4,3456456
depablo_mixed_temp,25,20,20,20,0.4848726426306873,0.2405019887116188,0.1814265265332104,4.914525561616756e-05,0.0098604593542404,0.0019397049822146,dim4,3456456
depablo_mixed_temp,50,20,20,20,0.6750782930461017,0.1585413905668985,0.1290510646927359,4.153939840989551e-05,0.0083183399168774,0.0018234416551422,dim4,3456456
depablo_mixed_temp,75,20,20,20,0.7701363099713481,0.1366778341928669,0.1721180025747532,3.466235542930463e-05,0.0064224864356219,0.001767209303216,dim4,3456456
depablo_mixed_temp,100,20,20,20,0.896351410864225,0.0873063147764797,0.1264354805514444,4.0427621786420784e-05,0.0060404539573937,0.0022238983714487,dim4,3456456
depablo_mixed_temp,125,20,20,20,0.875388680904141,0.1001073722363148,0.1548213597822952,3.290473694050888e-05,0.004612963926047,0.0016406688315328,dim4,3456456
depablo_mixed_temp,149,20,20,20,0.9015152091928484,0.0900734713638883,0.1320205212672846,3.429598812090262e-05,0.0036817774176597,0.0023225793382152,dim4,3456456
depablo_mixed_temp,150,20,20,20,0.9078578902590524,0.0902718528868865,0.1378886511040539,3.3345512434834745e-05,0.0036999355070292,0.0021985949046211,dim4,3456456
lj_noisy,5,20,20,20,-3.724795476091431,0.0623874347753657,0.0012192600578043,8.198333372178012e-08,0.000455688216607,0.0001847240004281,dim4,3456456
lj_noisy,10,20,20,20,-0.1990151376177062,0.0414132895934134,0.0021538442446725,7.945001243570004e-08,0.0003412994556128,0.0001470257499022,dim4,3456456
lj_noisy,25,20,20,20,0.5802503571976212,0.03768555093447,0.0041168599721615,3.166816959776497e-07,0.0003822045749984,0.0001811012014513,dim4,3456456
lj_noisy,50,20,20,20,0.7293943466067334,0.027820799908179,0.0047651600463273,1.5462604039839789e-06,0.0005729759577661,0.0003059837792534,dim4,3456456
lj_noisy,75,20,20,20,0.7136597048180162,0.0287967489649627,0.0050961142073924,3.993376685684779e-06,0.0007654352113604,0.0003578760894015,dim4,3456456
lj_noisy,100,20,20,20,0.7326480626158058,0.0294904542040836,0.0053100823581802,7.7563107424794e-06,0.0009637108072638,0.0004356530611403,dim4,3456456
lj_noisy,125,20,20,20,0.7680792149664052,0.0287561240350611,0.0055693002776564,1.3177397568142623e-05,0.0011504257563501,0.0005283788777887,dim4,3456456
lj_noisy,149,20,20,20,0.3785838019802572,0.0502835085217767,0.0058612530060078,2.0979051078029444e-05,0.0018695252947509,0.0006026407005265,dim4,3456456
lj_noisy,150,20,20,20,0.3493285336811039,0.0514884351127666,0.0058775611339848,2.143284814337676e-05,0.0019188221544027,0.0006125935819,dim4,3456456
reid,5,20,20,20,-0.5130921262698349,0.1531661619725477,0.0215407678341569,8.214943569839761e-08,0.0006517289672046,0.0002012182907492,dim4,3456456
reid,10,20,20,20,0.2485948161631643,0.1274080766045386,0.0283466184553629,6.209355492003965e-08,0.0003531323571223,0.0002194580843934,dim4,3456456
reid,25,20,20,20,0.82161871069408,0.0681139533495663,0.0340742914742546,3.2774531995016786e-07,0.0004104929044842,0.0002513465551601,dim4,3456456
reid,50,20,20,20,0.954962225272616,0.0340846376469523,0.03674579830514,1.5817660894867913e-06,0.0009422514121979,0.0001947058917721,dim4,3456456
reid,75,20,20,20,0.9746802440491932,0.0248490122938327,0.0381454871288846,3.7912092793135344e-06,0.0011930836830288,0.0002630000177305,dim4,3456456
reid,100,20,20,20,0.9835291509206086,0.0204680802035677,0.0392619338029476,6.821005700885507e-06,0.0012209761887788,0.0003175345322233,dim4,3456456
reid,125,20,20,20,0.9874642350175028,0.0181326856958111,0.0402783867859744,1.0962149684701216e-05,0.0011632276698946,0.0004379009478725,dim4,3456456
reid,149,20,20,20,0.977532292479032,0.0231455278757644,0.0412242650664466,1.685950454657359e-05,0.0015511769801378,0.0006691769289318,dim4,3456456
reid,150,20,20,20,0.9767837522164736,0.0233581159883972,0.041262728129658,1.7166663934631287e-05,0.0015786556527018,0.000680038354767,dim4,3456456
depablo_low_temp,5,20,20,20,0.4845882835351466,0.1537606001396786,0.0635535199374179,2.4197485046784097e-07,0.0011228038958506,0.0002532144730139,dim4,123
depablo_low_temp,10,20,20,20,0.7705031335748711,0.1209303941336215,0.0890919672458267,1.6514357792374312e-07,0.0007657625188585,0.0002475997091096,dim4,123
depablo_low_temp,25,20,20,20,0.964099664603796,0.0511512463152801,0.1113451632350467,2.286863617584345e-07,0.0005691672558896,0.0002561937872087,dim4,123
depablo_low_temp,50,20,20,20,0.9839294550057878,0.0349745029502893,0.121923909291221,6.369545166862167e-07,0.0004606244852766,0.0002865464077331,dim4,123
depablo_low_temp,75,20,20,20,0.9916034162533912,0.0263550459442033,0.1271388104990921,1.4430134477549928e-06,0.0005352628882974,0.0003641346731455,dim4,123
depablo_low_temp,100,20,20,20,0.9917891711428822,0.0266340604132486,0.1309363081666797,2.6974303409588173e-06,0.0008157807402312,0.0005099152534967,dim4,123
depablo_low_temp,125,20,20,20,0.988411551239956,0.0273652486864699,0.1341610869454215,4.558298242329783e-06,0.0012019314803183,0.0006330899836029,dim4,123
depablo_low_temp,149,20,20,20,0.979112786255776,0.0339435659119749,0.1369949813213765,7.839913959628574e-06,0.0022691722027957,0.0008215873211156,dim4,123
depablo_low_temp,150,20,20,20,0.9787835621709436,0.0343746522680435,0.137105677594105,8.022804024676589e-06,0.0023272394202649,0.0008316379797179,dim4,123
depablo_mixed_temp,5,20,20,20,0.094257537776453,0.4038326956838465,0.2267994575756468,1.523047383074072e-05,0.001305129888351,0.0006557340100698,dim4,123
depablo_mixed_temp,10,20,20,20,0.1170627338100144,0.3074566150864527,0.1792210970466572,1.839544087403056e-05,0.0020800804253667,0.001089401885838,dim4,123
depablo_mixed_temp,25,20,20,20,-0.7676409489899292,0.3877807588857377,0.1814265265332104,1.7359413767792375e-05,0.0015968715480994,0.0011287561501376,dim4,123
depablo_mixed_temp,50,20,20,20,0.5390255061305131,0.1663194338538596,0.1290510646927359,2.8793483565436876e-05,0.0034180209739133,0.0015872135976678,dim4,123
depablo_mixed_temp,75,20,20,20,0.7386408990551068,0.1446064637919224,0.1721180025747532,2.322760762751841e-05,0.0023804018041118,0.0015811074350494,dim4,123
depablo_mixed_temp,100,20,20,20,0.7097285022067674,0.1357778000081416,0.1264354805514444,2.567110622067048e-05,0.0019117636606097,0.0017672510817646,dim4,123
depablo_mixed_temp,125,20,20,20,0.7470225478385693,0.121388441073897,0.1548213597822952,2.5762300725773454e-05,0.0021271855570375,0.0017064467450836,dim4,123
depablo_mixed_temp,149,20,20,20,0.8686373641609856,0.0883834121447288,0.1320205212672846,2.7318511229168507e-05,0.0032188310287892,0.001301253386191,dim4,123
depablo_mixed_temp,150,20,20,20,0.8913658309970075,0.0837859913541341,0.1378886511040539,2.6715691421941305e-05,0.0032516316510736,0.0014223994396161,dim4,123
lj_noisy,5,20,20,20,-23.84594516833516,0.1117667575515654,0.0012192600578043,9.850931483867953e-08,0.0005419354856712,0.0002521187117963,dim4,123
lj_noisy,10,20,20,20,-6.988201773752703,0.0876369207353573,0.0021538442446725,8.46556236666629e-08,0.0003637620742665,0.0001511274909717,dim4,123
lj_noisy,25,20,20,20,-0.8368302364043698,0.0633877308122045,0.0041168599721615,3.6094901929573097e-07,0.0004449161468073,0.0001922947762068,dim4,123
lj_noisy,50,20,20,20,0.1972764109431184,0.0462518683963718,0.0047651600463273,1.6270736637125084e-06,0.000586244976148,0.0002684718754608,dim4,123
lj_noisy,75,20,20,20,0.1921661401804808,0.0522315133753892,0.0050961142073924,4.1460810280113945e-06,0.0008183500263839,0.0003541437909007,dim4,123
lj_noisy,100,20,20,20,0.2930822952841077,0.052301085790999,0.0053100823581802,7.96434430867521e-06,0.0010489673353731,0.0004342461586929,dim4,123
lj_noisy,125,20,20,20,0.371496299557653,0.0503568892515494,0.0055693002776564,1.3459902356771636e-05,0.0014452736359089,0.0005018464988097,dim4,123
lj_noisy,149,20,20,20,0.2327460921069138,0.0551832800975531,0.0058612530060078,2.091246351483278e-05,0.0020095448940992,0.0005921639269217,dim4,123
lj_noisy,150,20,20,20,0.2203718559006281,0.0556617599314095,0.0058775611339848,2.128950691258069e-05,0.0020443485118448,0.0005981858586892,dim4,123
reid,5,20,20,20,-1.9980091009841336,0.2285419993630714,0.0215407678341569,9.428556584367696e-08,0.0005370241968194,0.0003338665883347,dim4,123
reid,10,20,20,20,-0.2696458652547888,0.1650438878565524,0.0283466184553629,8.37785903762267e-08,0.0002983316546306,0.0003032266788068,dim4,123
reid,25,20,20,20,0.7310702326093615,0.0737894383919962,0.0340742914742546,3.558798004732466e-07,0.0005090930499136,0.0002343598884181,dim4,123
reid,50,20,20,20,0.9027572029364874,0.0415471587635883,0.03674579830514,1.507722039661985e-06,0.0009197435108944,0.0002874718127714,dim4,123
reid,75,20,20,20,0.9319302182534904,0.0384691617291407,0.0381454871288846,3.5922361959706e-06,0.0011667122598737,0.0004039261832076,dim4,123
reid,100,20,20,20,0.9446333066219172,0.0360364591591971,0.0392619338029476,6.799752341635212e-06,0.0015349458903074,0.0005577568153967,dim4,123
reid,125,20,20,20,0.9354730078787052,0.0392502513719447,0.0402783867859744,1.1105696893309867e-05,0.0018149259500205,0.0007686861295951,dim4,123
reid,149,20,20,20,0.8994485639852015,0.0468394573603028,0.0412242650664466,1.7235039439356115e-05,0.0025247782468795,0.0010007105243857,dim4,123
reid,150,20,20,20,0.8975245916904321,0.0471415686137519,0.041262728129658,1.7550860974324678e-05,0.002570710517466,0.0010107537222211,dim4,123
depablo_low_temp,5,20,20,20,0.7261332693342847,0.1087550556145023,0.0635535199374179,4.3998277483581204e-07,0.0015574347024085,0.0002637669484101,dim4,456
depablo_low_temp,10,20,20,20,0.7154585566258429,0.125961852372248,0.0890919672458267,3.119551344354932e-07,0.0012249827675987,0.0002512352140911,dim4,456
depablo_low_temp,25,20,20,20,0.8217785240777182,0.1093009228507524,0.1113451632350467,2.91828007270567e-07,0.000756364990957,0.0003890866792062,dim4,456
depablo_low_temp,50,20,20,20,0.90130879371705,0.0865827159334481,0.121923909291221,7.788666355423856e-07,0.000735487928614,0.0005329860345227,dim4,456
depablo_low_temp,75,20,20,20,0.94909177256877,0.0641213576214304,0.1271388104990921,1.6118217168070714e-06,0.0007284904830157,0.0005844532512128,dim4,456
depablo_low_temp,100,20,20,20,0.9715157795356532,0.0481109537447316,0.1309363081666797,2.8360025297047287e-06,0.0009115260560065,0.000629928681883,dim4,456
depablo_low_temp,125,20,20,20,0.9839134948444992,0.0337376788999577,0.1341610869454215,4.434042753587164e-06,0.0011321067810058,0.0007269620546139,dim4,456
depablo_low_temp,149,20,20,20,0.9877647992763012,0.0261039307050558,0.1369949813213765,6.869791562280625e-06,0.0016947126947343,0.0009294440504163,dim4,456
depablo_low_temp,150,20,20,20,0.9877373758338464,0.0260456519408842,0.137105677594105,7.002494430707884e-06,0.001726862322539,0.0009449952747672,dim4,456
depablo_mixed_temp,5,20,20,20,-0.0553503140846534,0.3768586698293091,0.2267994575756468,1.900379088155546e-05,0.0037401700683403,0.0010977831319905,dim4,456
depablo_mixed_temp,10,20,20,20,0.3866556776775246,0.2605383889609012,0.1792210970466572,2.418236081709324e-05,0.0042995074705686,0.0010293886618455,dim4,456
depablo_mixed_temp,25,20,20,20,0.5166392730348925,0.2417446579449145,0.1814265265332104,2.4613425375719088e-05,0.004314197669737,0.0013149737482308,dim4,456
depablo_mixed_temp,50,20,20,20,0.7063848964271852,0.1345743789454344,0.1290510646927359,2.2874790494142876e-05,0.0033460257574915,0.0015096590126631,dim4,456
depablo_mixed_temp,75,20,20,20,0.8710793424314096,0.1074369818735662,0.1721180025747532,2.2075877481597672e-05,0.0027382122352719,0.0009452091282582,dim4,456
depablo_mixed_temp,100,20,20,20,0.8887592027485764,0.0819796553796694,0.1264354805514444,2.5422361619575896e-05,0.0023070429451763,0.0013108681887388,dim4,456
depablo_mixed_temp,125,20,20,20,0.8635152205147605,0.0954179943465045,0.1548213597822952,2.662504882664507e-05,0.0022756804712116,0.0017455684341257,dim4,456
depablo_mixed_temp,149,20,20,20,0.8921591974355284,0.0873115773747847,0.1320205212672846,2.689819006036487e-05,0.002082725148648,0.0015948237647535,dim4,456
depablo_mixed_temp,150,20,20,20,0.919827051201988,0.0728436979112946,0.1378886511040539,2.5079474960421065e-05,0.001811294350773,0.0016312734165694,dim4,456
lj_noisy,5,20,20,20,-58.869377152638926,0.1800730185496376,0.0012192600578043,9.715130335763435e-08,0.0005419189372332,0.0002032207783486,dim4,456
lj_noisy,10,20,20,20,-2.6731143927393908,0.0654289574193843,0.0021538442446725,1.074607341777778e-07,0.0004753742541652,0.0002037837679381,dim4,456
lj_noisy,25,20,20,20,-0.38065257586211,0.0634510751965769,0.0041168599721615,3.524689759615285e-07,0.0003609410487115,0.0003019172698259,dim4,456
lj_noisy,50,20,20,20,0.4502500524056675,0.0410341573678652,0.0047651600463273,1.5413400006991651e-06,0.000349676888436,0.0003052248386666,dim4,456
lj_noisy,75,20,20,20,0.2924755685696575,0.0437428685548347,0.0050961142073924,3.995659119482297e-06,0.0004644689615815,0.0004286603536456,dim4,456
lj_noisy,100,20,20,20,-0.0767557879690887,0.054392068800037,0.0053100823581802,7.903362097749778e-06,0.0007093134801834,0.0006667025852948,dim4,456
lj_noisy,125,20,20,20,-0.1899978293030004,0.059120232094794,0.0055693002776564,1.3510899293578404e-05,0.0009309552144259,0.0008870286983437,dim4,456
lj_noisy,149,20,20,20,-0.362187499143717,0.0691123275990728,0.0058612530060078,2.1480142095242627e-05,0.0015596904791891,0.0012039170949719,dim4,456
lj_noisy,150,20,20,20,-0.3744977983419608,0.0697162341535319,0.0058775611339848,2.1888845049033988e-05,0.00160603672266,0.0012190273497253,dim4,456
reid,5,20,20,20,-1.1141133929180058,0.1714600914808801,0.0215407678341569,1.5838463003348126e-07,0.0008126151718897,0.0002778962438242,dim4,456
reid,10,20,20,20,-0.2369087471351807,0.1474240995427337,0.0283466184553629,1.5365360379604452e-07,0.0006150093162432,0.0003103726099652,dim4,456
reid,25,20,20,20,0.5167395282652988,0.0983844893145826,0.0340742914742546,4.04567600931216e-07,0.0005803509848192,0.0004043689339596,dim4,456
reid,50,20,20,20,0.8183356574853267,0.0590043156291309,0.03674579830514,1.5171044189798977e-06,0.0007718328386545,0.0004226761127938,dim4,456
reid,75,20,20,20,0.9166305706631044,0.0376893218813661,0.0381454871288846,3.541158856990023e-06,0.0009442852344363,0.0004455006986972,dim4,456
reid,100,20,20,20,0.9528575785260576,0.0301808027317377,0.0392619338029476,6.584429050349172e-06,0.0010215505491942,0.0004998811826226,dim4,456
reid,125,20,20,20,0.9637270518228818,0.0251667670013959,0.0402783867859744,1.0686689805083915e-05,0.00077885389328,0.0005678301109583,dim4,456
reid,149,20,20,20,0.9411265686006328,0.0371512891138497,0.0412242650664466,1.6509414530219145e-05,0.001270626951009,0.0007655828172573,dim4,456
reid,150,20,20,20,0.9395136714922616,0.0377509662715925,0.041262728129658,1.680988405041717e-05,0.0013076136820018,0.0007748953881673,dim4,456
depablo_low_temp,5,20,20,20,0.3988234217075346,0.1620719917813377,0.0635535199374179,9.631979747126709e-08,0.0005714995320886,0.0002087049721012,dim4,786
depablo_low_temp,10,20,20,20,0.8113451829147068,0.1075625573043424,0.0890919672458267,6.873522848671599e-08,0.0003356681467266,0.0001731021548039,dim4,786
depablo_low_temp,25,20,20,20,0.9248302682504416,0.0712738257767512,0.1113451632350467,2.2648504920397278e-07,0.0004125113831833,0.0002916165474744,dim4,786
depablo_low_temp,50,20,20,20,0.9212254171919612,0.0763654595712831,0.121923909291221,7.876908700410468e-07,0.0006673366995528,0.0005369211590732,dim4,786
depablo_low_temp,75,20,20,20,0.9409801516396792,0.0693016428967316,0.1271388104990921,1.717461486805405e-06,0.0008993196766823,0.0005935623164987,dim4,786
depablo_low_temp,100,20,20,20,0.9637973011996828,0.0557059862396714,0.1309363081666797,2.933824904971516e-06,0.0009687191341072,0.0005909945029998,dim4,786
depablo_low_temp,125,20,20,20,0.9718412435797554,0.0465012588274292,0.1341610869454215,4.672036163810845e-06,0.001079824194312,0.0006951148039661,dim4,786
depablo_low_temp,149,20,20,20,0.9600735621283946,0.0540486388846068,0.1369949813213765,7.345108247136522e-06,0.0016605989076197,0.0009980166854802,dim4,786
depablo_low_temp,150,20,20,20,0.9592472826501892,0.0545709031564772,0.137105677594105,7.486079601903839e-06,0.0016977125778794,0.0010142044513486,dim4,786
depablo_mixed_temp,5,20,20,20,0.352137646846034,0.3178958949926564,0.2267994575756468,4.651011504321901e-05,0.0089910240960307,0.0012745522752084,dim4,786
depablo_mixed_temp,10,20,20,20,0.5210552256738634,0.2335922899159152,0.1792210970466572,4.724359191001781e-05,0.0087522652931511,0.0008779844232776,dim4,786
depablo_mixed_temp,25,20,20,20,0.59211435009225,0.2201532829644939,0.1814265265332104,4.387397158680528e-05,0.0076188870240002,0.001269925883389,dim4,786
depablo_mixed_temp,50,20,20,20,0.7223251484594984,0.149983757583862,0.1290510646927359,3.9148993539583896e-05,0.0073863083031028,0.0012646590897929,dim4,786
depablo_mixed_temp,75,20,20,20,0.7792891292618072,0.1329859781969002,0.1721180025747532,3.241557490696323e-05,0.0057989079970866,0.0011920600489247,dim4,786
depablo_mixed_temp,100,20,20,20,0.8922296625156074,0.0782166588815333,0.1264354805514444,4.204441651154411e-05,0.0056722135283052,0.001022941400879,dim4,786
depablo_mixed_temp,125,20,20,20,0.847414788161289,0.0877455670084818,0.1548213597822952,3.477697956668635e-05,0.0043580597266554,0.0015504985523875,dim4,786
depablo_mixed_temp,149,20,20,20,0.8983827646371075,0.0812825959932103,0.1320205212672846,3.514347348527735e-05,0.0035066930577158,0.0012458926823455,dim4,786
depablo_mixed_temp,150,20,20,20,0.9202292997440118,0.0763452500646345,0.1378886511040539,3.418759696387497e-05,0.00334157301113,0.001490355565329,dim4,786
lj_noisy,5,20,20,20,-65.26948848239022,0.2443202143633182,0.0012192600578043,5.357803609662427e-08,0.0002447066231979,0.0003024588804692,dim4,786
lj_noisy,10,20,20,20,-9.885621872705116,0.1297466719230639,0.0021538442446725,6.723858465562671e-08,0.0002459268231177,0.0002597521917778,dim4,786
lj_noisy,25,20,20,20,0.1827568262389781,0.0471080750450801,0.0041168599721615,3.142895835139825e-07,0.0003473295946605,0.0002205697121098,dim4,786
lj_noisy,50,20,20,20,0.7290887768251227,0.0315088973757636,0.0047651600463273,1.5618939698924806e-06,0.0005564446095377,0.0002591576252598,dim4,786
lj_noisy,75,20,20,20,0.6618811475235316,0.030432240418068,0.0050961142073924,4.063487403982436e-06,0.0007680660579353,0.0003753858734853,dim4,786
lj_noisy,100,20,20,20,0.6358044195600527,0.0313393721246546,0.0053100823581802,7.93955600784102e-06,0.0009927420411258,0.0004745219252072,dim4,786
lj_noisy,125,20,20,20,0.7263039656676845,0.0340231669941392,0.0055693002776564,1.3351553616303137e-05,0.0011613178998231,0.0005917026661336,dim4,786
lj_noisy,149,20,20,20,0.246330756686294,0.0591640682881067,0.0058612530060078,2.10333283575892e-05,0.002134218532592,0.0008599313674494,dim4,786
lj_noisy,150,20,20,20,0.217423357599648,0.0598721566463236,0.0058775611339848,2.148218277397973e-05,0.002204205840826,0.0008906154194846,dim4,786
reid,5,20,20,20,-22.79395977967261,0.686622593458041,0.0215407678341569,7.19722772934972e-08,0.0004145147977396,0.0002653814910445,dim4,786
reid,10,20,20,20,-1.678977845046817,0.254859169200106,0.0283466184553629,1.1032473317129645e-07,0.0005007148778531,0.0002984782688145,dim4,786
reid,25,20,20,20,0.5083531099686798,0.1097520391253947,0.0340742914742546,3.927792015190335e-07,0.0006009736214764,0.0004331602620368,dim4,786
reid,50,20,20,20,0.7794929208252263,0.0758064451582265,0.03674579830514,1.6738457162546183e-06,0.0011890379944816,0.0005624873097985,dim4,786
reid,75,20,20,20,0.89119835789306,0.0535499819384257,0.0381454871288846,3.7749570836354e-06,0.0012993497308343,0.0005300603384966,dim4,786
reid,100,20,20,20,0.9563872458459718,0.0335336635862086,0.0392619338029476,6.6344141174568e-06,0.0011671484448015,0.0004878772320807,dim4,786
reid,125,20,20,20,0.981362539182208,0.0220270318921537,0.0402783867859744,1.0761600753994573e-05,0.0013754891231656,0.0004888046882115,dim4,786
reid,149,20,20,20,0.9785120073537198,0.0247342621960863,0.0412242650664466,1.6528674910887277e-05,0.0021784801967442,0.0005179217841941,dim4,786
reid,150,20,20,20,0.9779768710245051,0.0252268793505246,0.041262728129658,1.681722010289377e-05,0.002234639506787,0.0005195704841753,dim4,786
depablo_low_temp,5,20,20,20,0.4601690561390114,0.1518831978541131,0.0635535199374179,2.0720236335591837e-07,0.0009718209053971,0.0001821321988245,dim4,2026
depablo_low_temp,10,20,20,20,0.7572253288667796,0.1225467036765755,0.0890919672458267,1.491195274816448e-07,0.0007392874453216,0.0001648361685511,dim4,2026
depablo_low_temp,25,20,20,20,0.9051975009858526,0.0857910878966387,0.1113451632350467,2.2375433790244869e-07,0.0005184990470297,0.0002864526111807,dim4,2026
depablo_low_temp,50,20,20,20,0.9382131167934704,0.0760900426177758,0.121923909291221,7.159591930872011e-07,0.0006797050358727,0.0005473120792885,dim4,2026
depablo_low_temp,75,20,20,20,0.95152474121023,0.0684432175433741,0.1271388104990921,1.5688352277720696e-06,0.0008330670185387,0.0006749568681698,dim4,2026
depablo_low_temp,100,20,20,20,0.966545961523554,0.0556027417647037,0.1309363081666797,2.755210836369315e-06,0.0010106516536325,0.0007032037363387,dim4,2026
depablo_low_temp,125,20,20,20,0.9776986194867784,0.0417005229945594,0.1341610869454215,4.45210967541243e-06,0.0013647796586155,0.0007332401815801,dim4,2026
depablo_low_temp,149,20,20,20,0.9773898654228051,0.0421040583957985,0.1369949813213765,7.484945126634557e-06,0.002109817136079,0.0008565149153582,dim4,2026
depablo_low_temp,150,20,20,20,0.9770420644155388,0.0425917669725266,0.137105677594105,7.658397734644495e-06,0.0021499910391867,0.0008677433710545,dim4,2026
depablo_mixed_temp,5,20,20,20,0.3315705653102294,0.3072178951819128,0.2267994575756468,3.178990227965528e-05,0.0061224194534588,0.0006037046114215,dim4,2026
depablo_mixed_temp,10,20,20,20,0.4887370991622605,0.2399860613788949,0.1792210970466572,3.2877681513809874e-05,0.0056687746255192,0.000943940306206,dim4,2026
depablo_mixed_temp,25,20,20,20,0.5265618848107294,0.2378307909763584,0.1814265265332104,3.208718041349812e-05,0.004741253296379,0.0013701145304366,dim4,2026
depablo_mixed_temp,50,20,20,20,0.7773217865680514,0.1434604970513379,0.1290510646927359,2.9008880281367057e-05,0.0047445249743759,0.0010181572506553,dim4,2026
depablo_mixed_temp,75,20,20,20,0.7781043327520494,0.135143649114472,0.1721180025747532,2.386019372977444e-05,0.0035539771430194,0.0011342823767336,dim4,2026
depablo_mixed_temp,100,20,20,20,0.7987415698158034,0.1193694211751932,0.1264354805514444,2.9482113200174352e-05,0.0031505287624895,0.0013969874562462,dim4,2026
depablo_mixed_temp,125,20,20,20,0.8511173099563928,0.0985682941898656,0.1548213597822952,3.582825416401647e-05,0.0037075500003993,0.0013786901195999,dim4,2026
depablo_mixed_temp,149,20,20,20,0.7753702710601497,0.1014923321692983,0.1320205212672846,3.451264150271527e-05,0.0030310211703181,0.0020528230408672,dim4,2026
depablo_mixed_temp,150,20,20,20,0.936924651996602,0.0555508705403929,0.1378886511040539,3.0794004987910736e-05,0.0031186266802251,0.0010918354644672,dim4,2026
lj_noisy,5,20,20,20,-26.640072025997323,0.1496879541426185,0.0012192600578043,1.1050780788224301e-07,0.0005066306388471,0.0002779771151836,dim4,2026
lj_noisy,10,20,20,20,-4.846375646417458,0.0930258956298644,0.0021538442446725,1.077743412736254e-07,0.0004018879670184,0.0002395064904703,dim4,2026
lj_noisy,25,20,20,20,0.3415589518266374,0.0419983541718067,0.0041168599721615,3.31175172618714e-07,0.0003771536750718,0.0001914679043693,dim4,2026
lj_noisy,50,20,20,20,0.5936119811025038,0.038431444440924,0.0047651600463273,1.5710746765762451e-06,0.0005643702112138,0.0002490696613676,dim4,2026
lj_noisy,75,20,20,20,0.5293769617048397,0.0402032506431256,0.0050961142073924,4.089060666956357e-06,0.0007625834550708,0.0003841950325295,dim4,2026
lj_noisy,100,20,20,20,0.579077901436325,0.0374126178954607,0.0053100823581802,7.945567790557107e-06,0.0009748036041855,0.0005236445926129,dim4,2026
lj_noisy,125,20,20,20,0.4132058947539376,0.046562013229698,0.0055693002776564,1.3383902228270015e-05,0.0013070245273411,0.0007040493190288,dim4,2026
lj_noisy,149,20,20,20,-0.3945698349987439,0.0770780701962671,0.0058612530060078,2.0979021974198987e-05,0.0025545623619109,0.0009759955340996,dim4,2026
lj_noisy,150,20,20,20,-0.4495697966095431,0.0793476630537722,0.0058775611339848,2.13816865652916e-05,0.0026348832994699,0.0009958822745829,dim4,2026
reid,5,20,20,20,-0.7336554088588028,0.1598521509224355,0.0215407678341569,7.292429771155184e-08,0.0005442830239189,0.0001787855315342,dim4,2026
reid,10,20,20,20,0.1828304176067973,0.1307157977707089,0.0283466184553629,7.576359459804393e-08,0.0003661684226244,0.0002143780585356,dim4,2026
reid,25,20,20,20,0.7087207312010315,0.0882970834130246,0.0340742914742546,3.373441071374828e-07,0.0003841141355223,0.0003407320935366,dim4,2026
reid,50,20,20,20,0.8916603417894926,0.0567281350567556,0.03674579830514,1.4625408496726778e-06,0.0007401259848847,0.0004222208903229,dim4,2026
reid,75,20,20,20,0.9448386582759144,0.0410039426192827,0.0381454871288846,3.428954754269853e-06,0.0008862261660397,0.0004298184576327,dim4,2026
reid,100,20,20,20,0.9695106971058304,0.0283854732581767,0.0392619338029476,6.372004619947802e-06,0.0009892222005873,0.0004241163609549,dim4,2026
reid,125,20,20,20,0.9770453987325748,0.0234709852903303,0.0402783867859744,1.0779795638882206e-05,0.0017348572611808,0.0004517317574936,dim4,2026
reid,149,20,20,20,0.9640537797186294,0.0281776219360436,0.0412242650664466,1.718658161280473e-05,0.0030908469110727,0.000515687034931,dim4,2026
reid,150,20,20,20,0.963065585070994,0.0285700698697559,0.041262728129658,1.7513736787577726e-05,0.0031650965102016,0.0005192382406676,dim4,2026
depablo_low_temp,5,20,20,20,0.6312673985229353,0.1240773048253686,0.0635535199374179,1.85791082962794e-07,0.0009984878008253,0.0001859839867393,dim8,3456456
depablo_low_temp,10,20,20,20,0.7007782120333437,0.1311759966890315,0.0890919672458267,1.359514690157937e-07,0.0006873038131743,0.0002170568463043,dim8,3456456
depablo_low_temp,25,20,20,20,0.8926019340547832,0.0885555679379548,0.1113451632350467,2.319429185604349e-07,0.0005299389362335,0.0003472542652161,dim8,3456456
depablo_low_temp,50,20,20,20,0.9615079079578076,0.0566792929356464,0.121923909291221,6.985256035818566e-07,0.0005283982027322,0.0004035900114104,dim8,3456456
depablo_low_temp,75,20,20,20,0.9812620977402298,0.0401439798103862,0.1271388104990921,1.5213715876427611e-06,0.0006907150149345,0.0004054157237987,dim8,3456456
depablo_low_temp,100,20,20,20,0.991053255874466,0.0271655942264188,0.1309363081666797,2.6948975687446363e-06,0.0008566439151763,0.00043824435852,dim8,3456456
depablo_low_temp,125,20,20,20,0.9943649663747264,0.0224031950423239,0.1341610869454215,4.315063307558376e-06,0.0011366864666342,0.0005213437136262,dim8,3456456
depablo_low_temp,149,20,20,20,0.992910400961872,0.0240588239601922,0.1369949813213765,6.946532684537487e-06,0.0021420978941023,0.0007721486559603,dim8,3456456
depablo_low_temp,150,20,20,20,0.9927988610910646,0.0242031325258868,0.137105677594105,7.091681754900492e-06,0.0022024523466825,0.0007856582466047,dim8,3456456
depablo_mixed_temp,5,20,20,20,-0.2117027666109063,0.3987954147687794,0.2267994575756468,1.651021814339515e-05,0.0012681733976933,0.0015794581544469,dim8,3456456
depablo_mixed_temp,10,20,20,20,-0.269356945753241,0.3404001132722195,0.1792210970466572,1.895175832800078e-05,0.0015460972179425,0.0016250318258244,dim8,3456456
depablo_mixed_temp,25,20,20,20,0.547552853587884,0.2237724933823402,0.1814265265332104,1.893498798608561e-05,0.0016535605594981,0.0019955319497967,dim8,3456456
depablo_mixed_temp,50,20,20,20,0.0145788806961711,0.2538912446955833,0.1290510646927359,2.3828585776186627e-05,0.0026017936295829,0.0020940994771081,dim8,3456456
depablo_mixed_temp,75,20,20,20,0.4692564626124934,0.2040996608800963,0.1721180025747532,2.2347506813957807e-05,0.0027437076671048,0.0015786086863954,dim8,3456456
depablo_mixed_temp,100,20,20,20,0.3844696855428939,0.1698391297161871,0.1264354805514444,2.6128002076575285e-05,0.0018871533917263,0.0017214743507793,dim8,3456456
depablo_mixed_temp,125,20,20,20,0.7663679323421899,0.1215001364143262,0.1548213597822952,2.9592784682108685e-05,0.00274916770868,0.0018414199235849,dim8,3456456
depablo_mixed_temp,149,20,20,20,0.6665728443932488,0.1362390002792425,0.1320205212672846,3.162410899903989e-05,0.0044415431097149,0.001470105201588,dim8,3456456
depablo_mixed_temp,150,20,20,20,0.6693272137541519,0.147618285838551,0.1378886511040539,3.0489224741359067e-05,0.0043635777663439,0.0016882536670891,dim8,3456456
lj_noisy,5,20,20,20,-3.547064347055694,0.0584614130927968,0.0012192600578043,1.2667302762281454e-07,0.0006997423974098,0.0002626200359372,dim8,3456456
lj_noisy,10,20,20,20,-1.0900149685182825,0.0499448378927883,0.0021538442446725,1.1363975769285161e-07,0.0005267925560474,0.0001840123106376,dim8,3456456
lj_noisy,25,20,20,20,-0.3387047814243524,0.0598566151654288,0.0041168599721615,3.646740495355516e-07,0.0004183133714832,0.0002484079945133,dim8,3456456
lj_noisy,50,20,20,20,0.2496065778162551,0.0488470485980452,0.0047651600463273,1.565327585240084e-06,0.0004564752336591,0.0003027441329322,dim8,3456456
lj_noisy,75,20,20,20,0.4395640782786876,0.0412176895567439,0.0050961142073924,4.005367600257159e-06,0.0005810616537928,0.0003326491685584,dim8,3456456
lj_noisy,100,20,20,20,0.5145699045584947,0.0377456533494956,0.0053100823581802,7.746356141069555e-06,0.0006763916462659,0.0004424404352903,dim8,3456456
lj_noisy,125,20,20,20,0.6498362764961224,0.0354326625958519,0.0055693002776564,1.3071739385850378e-05,0.0008371341973543,0.0005446188384667,dim8,3456456
lj_noisy,149,20,20,20,0.4070420827022024,0.0486620209630882,0.0058612530060078,2.060425440504332e-05,0.0017899490892887,0.0007000120356678,dim8,3456456
lj_noisy,150,20,20,20,0.3815748692677373,0.0496314953706941,0.0058775611339848,2.099408593494445e-05,0.0018465327098965,0.0007097018649801,dim8,3456456
reid,5,20,20,20,-1.750818401213006,0.1961587163216635,0.0215407678341569,8.094684336157343e-08,0.0003866471612127,0.0002209495431088,dim8,3456456
reid,10,20,20,20,-0.1858878303595974,0.1480028070220582,0.0283466184553629,1.0628780167110109e-07,0.0003449959011049,0.0002628536218253,dim8,3456456
reid,25,20,20,20,0.7053413433111193,0.0784283354844398,0.0340742914742546,3.9841717356381436e-07,0.0005677039851434,0.0003218376154109,dim8,3456456
reid,50,20,20,20,0.905425169344766,0.045282961213387,0.03674579830514,1.4605869544936922e-06,0.0007557137636467,0.0003409630866372,dim8,3456456
reid,75,20,20,20,0.9438251433394228,0.0353353511297935,0.0381454871288846,3.4999066016894178e-06,0.0009541666600853,0.0003866002167342,dim8,3456456
reid,100,20,20,20,0.9655094039594412,0.0281104999498923,0.0392619338029476,6.417430998340023e-06,0.0009292277973145,0.0004473380788112,dim8,3456456
reid,125,20,20,20,0.97773314629233,0.0247647948631823,0.0402783867859744,1.0359315879782116e-05,0.0009530801326036,0.0005253070936305,dim8,3456456
reid,149,20,20,20,0.9632628542047031,0.0278584345934741,0.0412242650664466,1.6072960136170877e-05,0.0021425740793347,0.0006546317134052,dim8,3456456
reid,150,20,20,20,0.9619896159264124,0.0281490373656658,0.041262728129658,1.6372261387687104e-05,0.0022168461233377,0.00066132110951,dim8,3456456
depablo_low_temp,5,20,20,20,0.8374753621045428,0.0919408047429561,0.0635535199374179,5.810193076882797e-07,0.0017943580576684,0.0002919260681665,dim8,123
depablo_low_temp,10,20,20,20,0.8308102197954005,0.1037819295804542,0.0890919672458267,4.2538665860902826e-07,0.0014897109242156,0.0002267386567837,dim8,123
depablo_low_temp,25,20,20,20,0.9000016073354669,0.086147376724422,0.1113451632350467,3.194428193964427e-07,0.0009698379784822,0.0002284277128637,dim8,123
depablo_low_temp,50,20,20,20,0.9435578609520392,0.0665070731288639,0.121923909291221,7.256114589182516e-07,0.0007923998404294,0.0003127248244709,dim8,123
depablo_low_temp,75,20,20,20,0.9706647510519087,0.0471260140349513,0.1271388104990921,1.5118365816135791e-06,0.0007177201099693,0.0003526780754327,dim8,123
depablo_low_temp,100,20,20,20,0.9848703111188544,0.0315460126639526,0.1309363081666797,2.7133711725468857e-06,0.0007193927653133,0.0004320448701037,dim8,123
depablo_low_temp,125,20,20,20,0.9889461793925132,0.0301559533021427,0.1341610869454215,4.400615927124818e-06,0.0009000891819596,0.0006145202787593,dim8,123
depablo_low_temp,149,20,20,20,0.9828686699667472,0.0371090900804321,0.1369949813213765,7.187565458366407e-06,0.0020700645633041,0.0008597697364166,dim8,123
depablo_low_temp,150,20,20,20,0.982523738138721,0.0376154627096053,0.137105677594105,7.347928692524874e-06,0.0021348888985812,0.000882744626142,dim8,123
depablo_mixed_temp,5,20,20,20,-0.0136094054421924,0.4089426806434043,0.2267994575756468,1.45993532129296e-05,0.0017195167922182,0.0006306611132458,dim8,123
depablo_mixed_temp,10,20,20,20,-0.8196201779960739,0.3803501080450414,0.1792210970466572,1.8186469523584493e-05,0.0028574825788382,0.0007513240358093,dim8,123
depablo_mixed_temp,25,20,20,20,0.2863426439457941,0.2477306161429712,0.1814265265332104,1.6855150040129274e-05,0.0019453700981102,0.0007053533248836,dim8,123
depablo_mixed_temp,50,20,20,20,0.5531246082697419,0.1476615945457865,0.1290510646927359,2.2805526691627163e-05,0.003402405953966,0.0011660217474855,dim8,123
depablo_mixed_temp,75,20,20,20,0.7741564394086253,0.1343778883940799,0.1721180025747532,2.1667926338864164e-05,0.0023662344552576,0.0013739475121838,dim8,123
depablo_mixed_temp,100,20,20,20,0.8868289593717305,0.0764909532651222,0.1264354805514444,2.4952681911827312e-05,0.0021120938006788,0.0013475261555868,dim8,123
depablo_mixed_temp,125,20,20,20,0.8654924062696301,0.0902951621075937,0.1548213597822952,2.4078779620140268e-05,0.0016056581400334,0.0017789162142435,dim8,123
depablo_mixed_temp,149,20,20,20,0.8149116436989898,0.1084518039052905,0.1320205212672846,2.5977769416840603e-05,0.0022357087582349,0.0018758182966848,dim8,123
depablo_mixed_temp,150,20,20,20,0.8799626462720898,0.0876471640697122,0.1378886511040539,2.540193513596023e-05,0.0024151619523763,0.0014801618846831,dim8,123
lj_noisy,5,20,20,20,-83.42355539324141,0.2714448090683422,0.0012192600578043,4.2743088002339395e-08,0.0002338158228667,0.0001976801140699,dim8,123
lj_noisy,10,20,20,20,-9.156960552316804,0.1290913700705207,0.0021538442446725,6.486420929263659e-08,0.0002604579465696,0.0001373284729197,dim8,123
lj_noisy,25,20,20,20,-0.5603105855653812,0.060770290117082,0.0041168599721615,3.320716380983413e-07,0.0003778305486775,0.0002374442439759,dim8,123
lj_noisy,50,20,20,20,0.2109327651778197,0.046548834751019,0.0047651600463273,1.5515246786890205e-06,0.0005104438401758,0.000258219835814,dim8,123
lj_noisy,75,20,20,20,0.182437626232912,0.0498419470103083,0.0050961142073924,4.028043247217284e-06,0.0007205851841717,0.0003932071151211,dim8,123
lj_noisy,100,20,20,20,0.149622359491614,0.052914649404613,0.0053100823581802,7.818622452759883e-06,0.0010017291642725,0.0005203502369113,dim8,123
lj_noisy,125,20,20,20,0.138914482616226,0.0562126078293058,0.0055693002776564,1.3152649262337946e-05,0.001341109117493,0.00063881741371,dim8,123
lj_noisy,149,20,20,20,-0.2694625528091079,0.0708942340805959,0.0058612530060078,2.0455878848224528e-05,0.0021431902423501,0.000760367908515,dim8,123
lj_noisy,150,20,20,20,-0.2998834283867078,0.07181410778003,0.0058775611339848,2.0830496487178608e-05,0.0021864963695406,0.0007684200536459,dim8,123
reid,5,20,20,20,-0.7301298576555995,0.1554725796336341,0.0215407678341569,1.2121878874005178e-07,0.0007227081165183,0.0002541067988204,dim8,123
reid,10,20,20,20,0.046558246245571,0.1273877947241124,0.0283466184553629,1.4100950935791444e-07,0.000668192768353,0.0002744174189047,dim8,123
reid,25,20,20,20,0.6077806985352152,0.0867102424755419,0.0340742914742546,4.565143360224511e-07,0.0007967120269313,0.0003453065244684,dim8,123
reid,50,20,20,20,0.8013468506328547,0.0620293452787662,0.03674579830514,1.7269213749671051e-06,0.0011407382320612,0.0004020513111754,dim8,123
reid,75,20,20,20,0.8831895237800256,0.0471428810777131,0.0381454871288846,3.736998935721658e-06,0.0011416238732635,0.0004540071167866,dim8,123
reid,100,20,20,20,0.9331718431447308,0.0348606086699887,0.0392619338029476,6.643167412789808e-06,0.0009932948742061,0.0005183192784897,dim8,123
reid,125,20,20,20,0.957301201720392,0.0284513750604715,0.0402783867859744,1.077005290426314e-05,0.0012321962043642,0.0006288216813118,dim8,123
reid,149,20,20,20,0.9543449463075782,0.0337587371449589,0.0412242650664466,1.686630337758288e-05,0.0021618051454424,0.000764651861391,dim8,123
reid,150,20,20,20,0.9536675921017916,0.0340855143823331,0.041262728129658,1.7188433690762395e-05,0.0022384155541658,0.0007716691150562,dim8,123
depablo_low_temp,5,20,20,20,0.914727883411176,0.0579475939598699,0.0635535199374179,2.2526615559570478e-07,0.0011016770848073,0.0002004947627938,dim8,456
depablo_low_temp,10,20,20,20,0.9046469704755628,0.0776323853212188,0.0890919672458267,1.7328435291119605e-07,0.0008873535087332,0.0001358704632366,dim8,456
depablo_low_temp,25,20,20,20,0.9497808156650634,0.0618401610392333,0.1113451632350467,2.1733346446950467e-07,0.0005675891065038,0.0002092744987749,dim8,456
depablo_low_temp,50,20,20,20,0.9804943933200152,0.0381799372761693,0.121923909291221,6.534095291499398e-07,0.0005072280066087,0.0002441785007249,dim8,456
depablo_low_temp,75,20,20,20,0.984681789835714,0.0340784023413141,0.1271388104990921,1.5370313789730972e-06,0.0006980210542678,0.0003663752286229,dim8,456
depablo_low_temp,100,20,20,20,0.98606384833773,0.0337220002280537,0.1309363081666797,2.918646210048337e-06,0.0009489991236478,0.0005071873194538,dim8,456
depablo_low_temp,125,20,20,20,0.988534922718552,0.0289630080266484,0.1341610869454215,4.716172497865045e-06,0.0012252109125256,0.0006340112711768,dim8,456
depablo_low_temp,149,20,20,20,0.9892864526480224,0.0248881857299671,0.1369949813213765,7.000804811241324e-06,0.0015183218754827,0.0007978679437655,dim8,456
depablo_low_temp,150,20,20,20,0.9892385341583626,0.0248428623051347,0.137105677594105,7.117870728734488e-06,0.0015358232893049,0.0008077950798906,dim8,456
depablo_mixed_temp,5,20,20,20,-0.4201081964862971,0.4488260494133511,0.2267994575756468,1.934983284712644e-05,0.0027800505413324,0.0015845002271817,dim8,456
depablo_mixed_temp,10,20,20,20,-1.1635540939003557,0.4131065211868646,0.1792210970466572,2.572603057728884e-05,0.0033902898954693,0.0019517243532391,dim8,456
depablo_mixed_temp,25,20,20,20,-0.2250339460133226,0.3233012226035802,0.1814265265332104,2.691161106440632e-05,0.004127016745042,0.0026536469245911,dim8,456
depablo_mixed_temp,50,20,20,20,0.0405250188592308,0.2344996525414907,0.1290510646927359,3.0490822601336733e-05,0.0038693571928888,0.0024795991419523,dim8,456
depablo_mixed_temp,75,20,20,20,0.7175032953763733,0.1605368309640595,0.1721180025747532,2.611583571763276e-05,0.0030071522574871,0.0018203758561867,dim8,456
depablo_mixed_temp,100,20,20,20,0.7703547826946747,0.1233504213890498,0.1264354805514444,2.7086161338729653e-05,0.0022950971964746,0.0020537821867037,dim8,456
depablo_mixed_temp,125,20,20,20,0.717280613486849,0.1306802849903061,0.1548213597822952,3.642874625029435e-05,0.0028270302340388,0.0024572144582634,dim8,456
depablo_mixed_temp,149,20,20,20,0.8367075977395867,0.100782001876005,0.1320205212672846,3.417582576048517e-05,0.0022067888639867,0.0018826260638888,dim8,456
depablo_mixed_temp,150,20,20,20,0.854553400918768,0.0915338532285876,0.1378886511040539,3.157618752993585e-05,0.0020771125331521,0.001960182248149,dim8,456
lj_noisy,5,20,20,20,-14.912788499551969,0.122355581308986,0.0012192600578043,5.654515620179269e-08,0.0001962962211109,0.000159653956507,dim8,456
lj_noisy,10,20,20,20,-2.0668226303732027,0.0695063846378246,0.0021538442446725,8.629569219209544e-08,0.0002985354920383,0.0001809786859666,dim8,456
lj_noisy,25,20,20,20,0.1088787949969305,0.0479723638940363,0.0041168599721615,3.751335178492354e-07,0.0004291928722523,0.0002885887952288,dim8,456
lj_noisy,50,20,20,20,0.5775912621445138,0.0376421579549038,0.0047651600463273,1.5811030948498229e-06,0.000448316684924,0.0002781364833936,dim8,456
lj_noisy,75,20,20,20,0.5868034540063414,0.0362553408084274,0.0050961142073924,4.083905412244348e-06,0.0006458801217377,0.0003231328679248,dim8,456
lj_noisy,100,20,20,20,0.417677536531625,0.0421767921351042,0.0053100823581802,8.098813873402833e-06,0.0008769568521529,0.0004805154167115,dim8,456
lj_noisy,125,20,20,20,0.2895058276415702,0.0489932223170872,0.0055693002776564,1.4020142157278314e-05,0.0012195447459816,0.0006738421972841,dim8,456
lj_noisy,149,20,20,20,-0.1302422819709656,0.0685270680210889,0.0058612530060078,2.2826230497230428e-05,0.0022377879824489,0.0008683134568855,dim8,456
lj_noisy,150,20,20,20,-0.1606913120911657,0.0696415122721878,0.0058775611339848,2.33031933021266e-05,0.0022972369100898,0.0008762954501435,dim8,456
reid,5,20,20,20,-0.1609885538267057,0.1199738356910381,0.0215407678341569,5.840853551930536e-08,0.0004800980648724,0.0001511725100499,dim8,456
reid,10,20,20,20,0.1666448746213227,0.1140756496688312,0.0283466184553629,8.260298027806811e-08,0.0003769845119677,0.0002018525325638,dim8,456
reid,25,20,20,20,0.7294608160254428,0.0700817769084387,0.0340742914742546,3.640858247777601e-07,0.0005448650685139,0.0002753650427621,dim8,456
reid,50,20,20,20,0.9389350958907132,0.0367354230340364,0.03674579830514,1.4209357360073229e-06,0.0007093162508681,0.0002538276734412,dim8,456
reid,75,20,20,20,0.962053504608662,0.0283627642546181,0.0381454871288846,3.4247046059476817e-06,0.0009414186235517,0.0003092430102697,dim8,456
reid,100,20,20,20,0.9689321549203742,0.0270605108215294,0.0392619338029476,6.381392711318767e-06,0.0009523551445454,0.0004180963616818,dim8,456
reid,125,20,20,20,0.961305699373018,0.0279611544947777,0.0402783867859744,1.0440443878678706e-05,0.0008184214122593,0.0005550530433538,dim8,456
reid,149,20,20,20,0.9401053648076484,0.0328171740574212,0.0412242650664466,1.626778725949407e-05,0.0016297458671033,0.0007149165176087,dim8,456
reid,150,20,20,20,0.9390179564188786,0.0330801512707744,0.041262728129658,1.6568115466952803e-05,0.0016936248168349,0.0007221685096737,dim8,456
depablo_low_temp,5,20,20,20,0.650547954734342,0.1223234707968415,0.0635535199374179,4.179772469026233e-07,0.0014240714750485,0.00020550515801,dim8,786
depablo_low_temp,10,20,20,20,0.6877000548456786,0.1329129388785795,0.0890919672458267,2.707711407090585e-07,0.0010993232077453,0.000202727434771,dim8,786
depablo_low_temp,25,20,20,20,0.8613503463161631,0.0976977007411324,0.1113451632350467,2.1257037285948854e-07,0.0004978046636097,0.0003118898610409,dim8,786
depablo_low_temp,50,20,20,20,0.929081326978758,0.0767599092935401,0.121923909291221,7.202555703855751e-07,0.0006203775061294,0.0004664350111852,dim8,786
depablo_low_temp,75,20,20,20,0.9508637399345334,0.0652092648450706,0.1271388104990921,1.626885367045361e-06,0.000808747857809,0.0005260858422843,dim8,786
depablo_low_temp,100,20,20,20,0.964418028985968,0.0549126613369239,0.1309363081666797,2.910138091749559e-06,0.0009907039813697,0.0005782856227597,dim8,786
depablo_low_temp,125,20,20,20,0.969139436859656,0.0514215215659567,0.1341610869454215,4.661493471758149e-06,0.0012246403843164,0.0007024054473731,dim8,786
depablo_low_temp,149,20,20,20,0.9533734299717376,0.0601246554799849,0.1369949813213765,7.810621417547736e-06,0.0019630175083875,0.0009990261867642,dim8,786
depablo_low_temp,150,20,20,20,0.9521384659314116,0.0608232880082545,0.137105677594105,8.00008258181606e-06,0.0020112745463848,0.0010143942781724,dim8,786
depablo_mixed_temp,5,20,20,20,0.2268419148911141,0.3314477971016026,0.2267994575756468,4.078310341171232e-05,0.0069645820534788,0.0006888984560646,dim8,786
depablo_mixed_temp,10,20,20,20,0.4023626411154561,0.2608932511964534,0.1792210970466572,3.763561185365916e-05,0.0061168485117377,0.0010582647504634,dim8,786
depablo_mixed_temp,25,20,20,20,0.4603858702813558,0.2386435431858268,0.1814265265332104,3.418950790248232e-05,0.0052631756290793,0.0010679971630452,dim8,786
depablo_mixed_temp,50,20,20,20,0.7424045963014472,0.1509211306906723,0.1290510646927359,3.600116819910681e-05,0.0055297358892858,0.0008668479000334,dim8,786
depablo_mixed_temp,75,20,20,20,0.7283391353138855,0.1420617655992263,0.1721180025747532,2.790201419315963e-05,0.0044081615284085,0.0009235872174031,dim8,786
depablo_mixed_temp,100,20,20,20,0.7648365520765461,0.1297538968101592,0.1264354805514444,4.426210596193414e-05,0.0043108697514981,0.0013837734848493,dim8,786
depablo_mixed_temp,125,20,20,20,0.7966767925322881,0.1058177130779667,0.1548213597822952,5.7218520009882925e-05,0.0053250059485435,0.0014230247121304,dim8,786
depablo_mixed_temp,149,20,20,20,0.7797558942474421,0.1141410165420105,0.1320205212672846,5.206020504147091e-05,0.0042326623573899,0.0018334871449042,dim8,786
depablo_mixed_temp,150,20,20,20,0.8821718720238537,0.0830484535299709,0.1378886511040539,4.399838937843015e-05,0.0041041390039026,0.0010644196852808,dim8,786
lj_noisy,5,20,20,20,-3.201425105351188,0.0566126573098507,0.0012192600578043,8.938371873767891e-08,0.0006546821678057,0.0002249172961455,dim8,786
lj_noisy,10,20,20,20,-0.6315701944979697,0.0482423273950499,0.0021538442446725,7.383648723546799e-08,0.0004488757404033,0.0001565117854624,dim8,786
lj_noisy,25,20,20,20,0.4244517268212269,0.0383547019514654,0.0041168599721615,3.062777295781416e-07,0.0003367853933013,0.0001962899870704,dim8,786
lj_noisy,50,20,20,20,0.483506216844337,0.0386700709107419,0.0047651600463273,1.5915423688284136e-06,0.0005962493363767,0.00028396921698,dim8,786
lj_noisy,75,20,20,20,0.2832890310841827,0.0460442891744254,0.0050961142073924,4.1656714984128485e-06,0.0010213655885308,0.0004017669474706,dim8,786
lj_noisy,100,20,20,20,0.3144311200785719,0.045863054564854,0.0053100823581802,8.007797305253916e-06,0.0012800966389477,0.0005180378677323,dim8,786
lj_noisy,125,20,20,20,0.5422079335355886,0.0389341879201558,0.0055693002776564,1.3233122990641275e-05,0.0013446903321892,0.0006254547741264,dim8,786
lj_noisy,149,20,20,20,0.5458433699084391,0.0425297937683958,0.0058612530060078,1.9934669444410248e-05,0.0015285050496459,0.000764216389507,dim8,786
lj_noisy,150,20,20,20,0.5370882543205537,0.0431665122836328,0.0058775611339848,2.0272199026294403e-05,0.0015528993681073,0.0007731069112196,dim8,786
reid,5,20,20,20,-2.856234674152152,0.2466807055219015,0.0215407678341569,3.673115509528202e-08,0.00019278297259,0.000250043705455,dim8,786
reid,10,20,20,20,-0.6692640507136496,0.1834103184945925,0.0283466184553629,6.32177827641911e-08,0.0001481253188103,0.0002993825692101,dim8,786
reid,25,20,20,20,0.3936086795790074,0.1223033474314609,0.0340742914742546,3.421700066397193e-07,0.0003470183000899,0.0004658519224904,dim8,786
reid,50,20,20,20,0.7515520878827973,0.0815765532502311,0.03674579830514,1.6029448843823957e-06,0.0008750010281801,0.0005830584428622,dim8,786
reid,75,20,20,20,0.9013090733527552,0.0530544364394341,0.0381454871288846,3.644873820007888e-06,0.0009755181614309,0.0005229709029663,dim8,786
reid,100,20,20,20,0.96669706101345,0.0314004085433817,0.0392619338029476,6.441637032139624e-06,0.0008219888433814,0.0004646259345463,dim8,786
reid,125,20,20,20,0.9743052673288176,0.0267288915686155,0.0402783867859744,1.0618480331459068e-05,0.00130265224725,0.00045164222538,dim8,786
reid,149,20,20,20,0.9487104843007348,0.0377263422355272,0.0412242650664466,1.6662082907714647e-05,0.0024936981499195,0.0005706554482458,dim8,786
reid,150,20,20,20,0.9472530959121146,0.0382418249326421,0.041262728129658,1.6967367298548196e-05,0.0025572503916919,0.0005768136354163,dim8,786
depablo_low_temp,5,20,20,20,0.6255472780116029,0.1159672547049169,0.0635535199374179,3.070713667341352e-07,0.0011596369411563,0.0002323719862033,dim8,2026
depablo_low_temp,10,20,20,20,0.7429621901099239,0.1183368477044596,0.0890919672458267,2.214364883457165e-07,0.0009423761628568,0.0002010464668273,dim8,2026
depablo_low_temp,25,20,20,20,0.8852433676680624,0.0902162812427574,0.1113451632350467,2.56315315283473e-07,0.000687616248615,0.0002599006518721,dim8,2026
depablo_low_temp,50,20,20,20,0.9425029889041664,0.0674659303724983,0.121923909291221,7.047216026734304e-07,0.0007467408431693,0.0003561939811334,dim8,2026
depablo_low_temp,75,20,20,20,0.9606136504615368,0.0587354981551549,0.1271388104990921,1.5249625739954809e-06,0.0008556507993489,0.0004728372878162,dim8,2026
depablo_low_temp,100,20,20,20,0.9689805683976432,0.0512252758373012,0.1309363081666797,2.740725352623485e-06,0.000984042789787,0.0006151406269054,dim8,2026
depablo_low_temp,125,20,20,20,0.972891516552029,0.0463519094105792,0.1341610869454215,4.399754814699008e-06,0.001055703498423,0.0007974336622282,dim8,2026
depablo_low_temp,149,20,20,20,0.9698820794091562,0.0480238872285307,0.1369949813213765,6.816831009359703e-06,0.0016178848221898,0.001125045743538,dim8,2026
depablo_low_temp,150,20,20,20,0.9695693914548148,0.0482744158773228,0.137105677594105,6.946207813030015e-06,0.0016538366675376,0.0011437091976404,dim8,2026
depablo_mixed_temp,5,20,20,20,0.218326677201403,0.3201985871725306,0.2267994575756468,2.0871163735591838e-05,0.0040031409473158,0.0005931936742854,dim8,2026
depablo_mixed_temp,10,20,20,20,0.4887279450659237,0.2206321841710886,0.1792210970466572,2.222738385313505e-05,0.0033631584898103,0.0006809517215515,dim8,2026
depablo_mixed_temp,25,20,20,20,0.558136398122596,0.2057219646589979,0.1814265265332104,2.437302709523692e-05,0.0037925299024209,0.0006995724441367,dim8,2026
depablo_mixed_temp,50,20,20,20,0.7134656146236973,0.1392332526747908,0.1290510646927359,2.476255671410854e-05,0.0036876761354506,0.0009552541203447,dim8,2026
depablo_mixed_temp,75,20,20,20,0.7897090023636418,0.1120793611242904,0.1721180025747532,2.191777041673504e-05,0.002668552706018,0.0009349092229967,dim8,2026
depablo_mixed_temp,100,20,20,20,0.8993572137309043,0.0839585808052386,0.1264354805514444,2.6082358277790264e-05,0.0024281333200633,0.0009452437981963,dim8,2026
depablo_mixed_temp,125,20,20,20,0.839272405292205,0.0885504660847645,0.1548213597822952,2.6329428146709687e-05,0.0024374989792704,0.0014909550227457,dim8,2026
depablo_mixed_temp,149,20,20,20,0.9056094616314418,0.0811181754359375,0.1320205212672846,2.610788836818756e-05,0.0019994037225842,0.0017727755475789,dim8,2026
depablo_mixed_temp,150,20,20,20,0.9214209163037308,0.0762801319788496,0.1378886511040539,2.602697902602813e-05,0.0023769185878336,0.001568860039697,dim8,2026
lj_noisy,5,20,20,20,-30.21302642341577,0.1422402273256737,0.0012192600578043,1.381512523046524e-07,0.0005607150713331,0.0002938159515906,dim8,2026
lj_noisy,10,20,20,20,-1.5007193018893945,0.0584780747885358,0.0021538442446725,1.366758477949759e-07,0.000491727568442,0.0002100201221765,dim8,2026
lj_noisy,25,20,20,20,0.4123150721955366,0.042861615622402,0.0041168599721615,3.574713332454849e-07,0.0004713634843938,0.0002272395446198,dim8,2026
lj_noisy,50,20,20,20,0.5881233014463412,0.0373571929838137,0.0047651600463273,1.558988978445086e-06,0.0006403790786862,0.0002329066221136,dim8,2026
lj_noisy,75,20,20,20,0.6131871352134359,0.0356233257995111,0.0050961142073924,4.075442882367497e-06,0.0009512302000075,0.0003737454419024,dim8,2026
lj_noisy,100,20,20,20,0.5986048818179355,0.0338090926279433,0.0053100823581802,7.945412221488368e-06,0.0011606088839471,0.00055158106843,dim8,2026
lj_noisy,125,20,20,20,0.6401978494957301,0.0328446709937439,0.0055693002776564,1.3287433193909238e-05,0.0011401924304664,0.0007227989612147,dim8,2026
lj_noisy,149,20,20,20,0.400258723096494,0.050473854017342,0.0058612530060078,2.0387288350320888e-05,0.0017968519590795,0.0009498364990577,dim8,2026
lj_noisy,150,20,20,20,0.3772583050251477,0.0514600085665792,0.0058775611339848,2.0752862064910003e-05,0.0018507226370275,0.0009617682779207,dim8,2026
reid,5,20,20,20,-2.0370130442997123,0.2206856490055023,0.0215407678341569,1.4881122076815245e-07,0.0007879421988036,0.0003591229127778,dim8,2026
reid,10,20,20,20,-0.924647222503684,0.2015200319093171,0.0283466184553629,1.4708074136393634e-07,0.0006333759520202,0.0004258131782989,dim8,2026
reid,25,20,20,20,0.1966592464146712,0.1426492963147549,0.0340742914742546,4.069590127997458e-07,0.0004717118106782,0.0005819696816615,dim8,2026
reid,50,20,20,20,0.7182146056994847,0.0867442824853509,0.03674579830514,1.610990834777226e-06,0.0007974699139595,0.0006486575119197,dim8,2026
reid,75,20,20,20,0.8929118493887906,0.0530060907124955,0.0381454871288846,3.711721410581959e-06,0.0010870626196265,0.0005386616350733,dim8,2026
reid,100,20,20,20,0.9643570447590912,0.0305765920473671,0.0392619338029476,6.576340129527125e-06,0.0010211658664047,0.0004086691260454,dim8,2026
reid,125,20,20,20,0.9855844521464536,0.019981027887781,0.0402783867859744,1.0577214140994329e-05,0.0010589876212179,0.0004251672769896,dim8,2026
reid,149,20,20,20,0.9792862256058064,0.0240666157793985,0.0412242650664466,1.627405857789199e-05,0.0021092848852276,0.000495448714355,dim8,2026
reid,150,20,20,20,0.9786604818706084,0.0245024720376961,0.041262728129658,1.6561292318328925e-05,0.0021689168177545,0.00049898281286,dim8,2026
depablo_low_temp,5,20,20,20,0.4921508226410308,0.1483270899689299,0.0635535199374179,3.759464075159258e-07,0.0013772558799246,0.0001816387175495,width128,3456456
depablo_low_temp,10,20,20,20,0.6596897736934566,0.1457757268938833,0.0890919672458267,2.814959781716198e-07,0.0010919709631707,0.0001815340736357,width128,3456456
depablo_low_temp,25,20,20,20,0.8425160520507232,0.1101397381345679,0.1113451632350467,3.006480708833692e-07,0.0008400354534387,0.000275514407258,width128,3456456
depablo_low_temp,50,20,20,20,0.9243724491067568,0.0816824911164924,0.121923909291221,7.622626469583338e-07,0.0007988916244357,0.0004391865499201,width128,3456456
depablo_low_temp,75,20,20,20,0.9603995165652106,0.0604047614550486,0.1271388104990921,1.5671666730554537e-06,0.0007634213659912,0.0005013493122532,width128,3456456
depablo_low_temp,100,20,20,20,0.978432482229972,0.0453700208897582,0.1309363081666797,2.7121329509327558e-06,0.0007253143936395,0.0005422323214588,width128,3456456
depablo_low_temp,125,20,20,20,0.9838014174797854,0.0391112043722471,0.1341610869454215,4.38153365251992e-06,0.0009418167639523,0.0006076035264413,width128,3456456
depablo_low_temp,149,20,20,20,0.974506474407774,0.0450139071109294,0.1369949813213765,7.03099953796027e-06,0.0016797110438346,0.0008240217110142,width128,3456456
depablo_low_temp,150,20,20,20,0.9737401766985808,0.0454261629331656,0.137105677594105,7.174761213946112e-06,0.0017209945246577,0.0008361444924958,width128,3456456
depablo_mixed_temp,5,20,20,20,-0.1709418682071297,0.4280251060990536,0.2267994575756468,1.5036457829609164e-05,0.002047711002524,0.0004926303365209,width128,3456456
depablo_mixed_temp,10,20,20,20,0.5541321285143053,0.2262693731045889,0.1792210970466572,2.0635321450868106e-05,0.003267278135172,0.0009037101071953,width128,3456456
depablo_mixed_temp,25,20,20,20,0.7250928785373244,0.1723811979886257,0.1814265265332104,1.9497775173249463e-05,0.0024232832598499,0.0008199147880077,width128,3456456
depablo_mixed_temp,50,20,20,20,0.7412632148567376,0.1475261830085106,0.1290510646927359,2.107535327411369e-05,0.0025304552982561,0.000680176912283,width128,3456456
depablo_mixed_temp,75,20,20,20,0.7825214760003893,0.1365425619361409,0.1721180025747532,2.1190310962992957e-05,0.0021641922881826,0.0013703716278541,width128,3456456
depablo_mixed_temp,100,20,20,20,0.8221579183353814,0.1129187974222044,0.1264354805514444,2.408292721156613e-05,0.0018998077139258,0.0012705510162049,width128,3456456
depablo_mixed_temp,125,20,20,20,0.8544656742020664,0.0944946162551776,0.1548213597822952,2.378806912588516e-05,0.0020453176926821,0.0013128784135915,width128,3456456
depablo_mixed_temp,149,20,20,20,0.8947336050960103,0.0738311709703812,0.1320205212672846,2.935270567832049e-05,0.0029554656241089,0.0014269391074776,width128,3456456
depablo_mixed_temp,150,20,20,20,0.8716033399347991,0.0898847626630363,0.1378886511040539,2.838782535263817e-05,0.0030063664540648,0.0015227186930133,width128,3456456
lj_noisy,5,20,20,20,-22.534638225566297,0.1439014146984498,0.0012192600578043,1.18437669804905e-07,0.0006355553225148,0.0001708569910988,width128,3456456
lj_noisy,10,20,20,20,-4.433107755782068,0.0852962095427427,0.0021538442446725,1.0649785089356101e-07,0.0004605264577548,0.0001590418090927,width128,3456456
lj_noisy,25,20,20,20,0.2152999316771137,0.0459994902594394,0.0041168599721615,3.548727320890066e-07,0.0004656806122511,0.0001793508505215,width128,3456456
lj_noisy,50,20,20,20,0.5684054648676726,0.0362381215413152,0.0047651600463273,1.5775334333056889e-06,0.0004206528421491,0.0001905853918287,width128,3456456
lj_noisy,75,20,20,20,0.5270446113089744,0.0356504672493024,0.0050961142073924,4.078655899775186e-06,0.0006133940070867,0.0002733851550146,width128,3456456
lj_noisy,100,20,20,20,0.5320521203318365,0.0331529477002573,0.0053100823581802,7.983724231053202e-06,0.0007820761296898,0.000424247700721,width128,3456456
lj_noisy,125,20,20,20,0.4929953586250755,0.0398098993386059,0.0055693002776564,1.354781843474484e-05,0.0010430374648422,0.0005823217565193,width128,3456456
lj_noisy,149,20,20,20,0.1241571544421707,0.0625890695918813,0.0058612530060078,2.0921311443089507e-05,0.0017984572332352,0.0007956683635711,width128,3456456
lj_noisy,150,20,20,20,0.096661218205321,0.0637072033496949,0.0058775611339848,2.128715964317962e-05,0.0018422870431095,0.0008084097411483,width128,3456456
reid,5,20,20,20,-0.8336162404989984,0.1679115157184938,0.0215407678341569,1.988999232871436e-07,0.0009539549442706,0.0002808753111821,width128,3456456
reid,10,20,20,20,0.0110492648566479,0.1416864730478566,0.0283466184553629,1.5006366629322088e-07,0.0006914225174114,0.0002852548266673,width128,3456456
reid,25,20,20,20,0.7085339442654558,0.0886110462647193,0.0340742914742546,3.589950877014303e-07,0.0005004548584111,0.0003149645544908,width128,3456456
reid,50,20,20,20,0.9046044207501064,0.0538135537242376,0.03674579830514,1.510829960693627e-06,0.0008339231600984,0.000363638055569,width128,3456456
reid,75,20,20,20,0.9489361045669776,0.0381949312235309,0.0381454871288846,3.4821441886379038e-06,0.0007701982278376,0.0004295427061151,width128,3456456
reid,100,20,20,20,0.9625177555457194,0.0319427493835776,0.0392619338029476,6.455281973671845e-06,0.0008582236710935,0.000550972399651,width128,3456456
reid,125,20,20,20,0.9666808082154386,0.0301983088595492,0.0402783867859744,1.0714263081013086e-05,0.001302708312869,0.0006741627323208,width128,3456456
reid,149,20,20,20,0.9635211387851476,0.0296705731476754,0.0412242650664466,1.6366299291803443e-05,0.0023196250200271,0.0008767114049987,width128,3456456
reid,150,20,20,20,0.963163301450242,0.0297891375351546,0.041262728129658,1.66421236201586e-05,0.0023705531843006,0.0008865421899827,width128,3456456
depablo_low_temp,5,20,20,20,0.5625220883444185,0.1417394394256357,0.0635535199374179,1.7793538091837037e-07,0.0007774284604238,9.734820978337664e-05,width128,123
depablo_low_temp,10,20,20,20,0.8524019023510216,0.1013043544538721,0.0890919672458267,1.4333150941681085e-07,0.0006456615199567,0.0001072773251507,width128,123
depablo_low_temp,25,20,20,20,0.9731073302433229,0.0463762067890184,0.1113451632350467,2.190928315215501e-07,0.0005367847625166,0.000137379753869,width128,123
depablo_low_temp,50,20,20,20,0.9873718536194472,0.0345955025769069,0.121923909291221,7.000448984939567e-07,0.0007159152766689,0.0001649066383833,width128,123
depablo_low_temp,75,20,20,20,0.994413843605429,0.021400683887505,0.1271388104990921,1.5021778388302209e-06,0.0007715074345469,0.0002056064957287,width128,123
depablo_low_temp,100,20,20,20,0.995994795262188,0.0189958705268836,0.1309363081666797,2.708982245280822e-06,0.0009796826634556,0.00030341350066,width128,123
depablo_low_temp,125,20,20,20,0.9943522623616576,0.0226367612485051,0.1341610869454215,4.531083857273188e-06,0.0014687441755086,0.0005481733358465,width128,123
depablo_low_temp,149,20,20,20,0.987828700206968,0.0322400876442055,0.1369949813213765,7.196203026182957e-06,0.0022660030052065,0.000968908960931,width128,123
depablo_low_temp,150,20,20,20,0.987429371351792,0.0327480737367019,0.137105677594105,7.33344996035612e-06,0.0023080202750861,0.0009904999053105,width128,123
depablo_mixed_temp,5,20,20,20,0.0371328273868194,0.4125925447160143,0.2267994575756468,1.3880365168006393e-05,0.0011733910505427,0.0006051203243259,width128,123
depablo_mixed_temp,10,20,20,20,-0.2010480461494483,0.3212051972121356,0.1792210970466572,1.60908302120788e-05,0.0013007741858018,0.0008714495779713,width128,123
depablo_mixed_temp,25,20,20,20,0.3130665733334222,0.2602107167537523,0.1814265265332104,1.5795430840626068e-05,0.001182229432743,0.0010050568918813,width128,123
depablo_mixed_temp,50,20,20,20,-0.1393092048915321,0.2526036334494405,0.1290510646927359,1.8450912931200493e-05,0.0013360827928408,0.0016783610757556,width128,123
depablo_mixed_temp,75,20,20,20,0.5290221555034338,0.1994310560004373,0.1721180025747532,1.975861210610219e-05,0.0016692408826202,0.0022077803936554,width128,123
depablo_mixed_temp,100,20,20,20,0.4158671434532777,0.1802960922617547,0.1264354805514444,2.418230133685029e-05,0.0014530824497342,0.0024644991528475,width128,123
depablo_mixed_temp,125,20,20,20,0.6147251258528182,0.1541487042454798,0.1548213597822952,2.5528619198667e-05,0.0019453885965049,0.0028317332617007,width128,123
depablo_mixed_temp,149,20,20,20,0.6846008652473532,0.1384207498038003,0.1320205212672846,2.674387411616408e-05,0.0018918797373771,0.0029985448112711,width128,123
depablo_mixed_temp,150,20,20,20,0.5830413238897939,0.1472581368105811,0.1378886511040539,2.708394872570352e-05,0.0024349834304302,0.0029321176261873,width128,123
lj_noisy,5,20,20,20,-24.082997944334487,0.1287480780578191,0.0012192600578043,1.5080009880819033e-07,0.0007912668283097,0.000325286512816,width128,123
lj_noisy,10,20,20,20,-8.07798904679147,0.1059654565158506,0.0021538442446725,1.2662351451808717e-07,0.0005841460253577,0.0002681069949176,width128,123
lj_noisy,25,20,20,20,-1.4441215155926388,0.0794742266421019,0.0041168599721615,3.410955116578407e-07,0.0004458126961253,0.0002080537495203,width128,123
lj_noisy,50,20,20,20,-0.2720954977259728,0.0615793323355436,0.0047651600463273,1.6059205819374255e-06,0.000718118273653,0.0002637029159814,width128,123
lj_noisy,75,20,20,20,0.1414851985491997,0.0527702907313145,0.0050961142073924,4.096374175333039e-06,0.0008759070653468,0.0003422943642362,width128,123
lj_noisy,100,20,20,20,0.3198955412463655,0.0493545004697924,0.0053100823581802,7.928969989734468e-06,0.001032995712012,0.0003676209133118,width128,123
lj_noisy,125,20,20,20,0.3997513248225677,0.0489345897491253,0.0055693002776564,1.3419563310890226e-05,0.0012991349212825,0.0003904414363205,width128,123
lj_noisy,149,20,20,20,0.3191586678646444,0.0527606419535761,0.0058612530060078,2.0832909785895027e-05,0.0017777971923351,0.0004658999620005,width128,123
lj_noisy,150,20,20,20,0.312057305504007,0.0530713602694607,0.0058775611339848,2.1204406994002057e-05,0.0018046272918581,0.0004715589340776,width128,123
reid,5,20,20,20,-0.2577681375995515,0.1169818999589522,0.0215407678341569,4.4414218614008406e-08,0.0002680679812328,7.992215605554521e-05,width128,123
reid,10,20,20,20,0.3403550384119367,0.0974416378195967,0.0283466184553629,6.354137376263224e-08,0.0002318779035704,0.0001061915780155,width128,123
reid,25,20,20,20,0.8336839597208507,0.0634198824021697,0.0340742914742546,3.157295850542141e-07,0.0003575679729692,0.0001955546114913,width128,123
reid,50,20,20,20,0.9232836889846892,0.0446974359868913,0.03674579830514,1.3848380781666947e-06,0.0005225667031481,0.0002809487745253,width128,123
reid,75,20,20,20,0.949568407992436,0.0361098721786364,0.0381454871288846,3.355161732088163e-06,0.0006700698286294,0.0003654323387308,width128,123
reid,100,20,20,20,0.9509125174282896,0.035397850368418,0.0392619338029476,6.371596418830449e-06,0.0009599693119525,0.0005206527173868,width128,123
reid,125,20,20,20,0.9458873717693383,0.0347218974367074,0.0402783867859744,1.063176988793657e-05,0.0013733910396695,0.0007141880283597,width128,123
reid,149,20,20,20,0.9400109882621712,0.032007083401053,0.0412242650664466,1.6366726038086198e-05,0.0020283256657421,0.0009005169587908,width128,123
reid,150,20,20,20,0.9396726132216782,0.0319915360262361,0.041262728129658,1.665166263364881e-05,0.0020634525455534,0.0009103496122406,width128,123
depablo_low_temp,5,20,20,20,0.6383441777474044,0.1376087521048184,0.0635535199374179,6.1338690908741e-07,0.0018154723686166,0.0001690690016403,width128,456
depablo_low_temp,10,20,20,20,0.7456879743827074,0.1314265150107091,0.0890919672458267,3.872400947457777e-07,0.0013956808310467,0.00014454625707,width128,456
depablo_low_temp,25,20,20,20,0.9225249637167636,0.0727661637067291,0.1113451632350467,3.090069927935701e-07,0.0009264625492505,0.000190344825387,width128,456
depablo_low_temp,50,20,20,20,0.9565923430425212,0.054142185034845,0.121923909291221,7.74706466444286e-07,0.0009762916946783,0.0002924328437075,width128,456
depablo_low_temp,75,20,20,20,0.9597591720891916,0.0524126933153087,0.1271388104990921,1.5605145833319511e-06,0.0010072691366076,0.0004494511493248,width128,456
depablo_low_temp,100,20,20,20,0.972426713698482,0.0437829148902648,0.1309363081666797,2.6633194067926524e-06,0.0009979447349905,0.0005472673714393,width128,456
depablo_low_temp,125,20,20,20,0.9838516460917324,0.0320391630338222,0.1341610869454215,4.2616832047315255e-06,0.0010007860139012,0.0006373284966684,width128,456
depablo_low_temp,149,20,20,20,0.9878722108369506,0.0282294317097195,0.1369949813213765,6.735841603244808e-06,0.0016410670243203,0.0007567341439425,width128,456
depablo_low_temp,150,20,20,20,0.9878353293892168,0.0284364895659641,0.137105677594105,6.8693174682721295e-06,0.0016909883357584,0.0007625016558449,width128,456
depablo_mixed_temp,5,20,20,20,0.1462818128903009,0.3613237006486239,0.2267994575756468,4.277911556300751e-05,0.0102831873693503,0.0014956342391087,width128,456
depablo_mixed_temp,10,20,20,20,0.27016019576367,0.2785946328546856,0.1792210970466572,4.497066403743588e-05,0.0103494098177179,0.0012554487802844,width128,456
depablo_mixed_temp,25,20,20,20,0.3708044801058155,0.2713513667323167,0.1814265265332104,4.30272827053102e-05,0.0096760969958268,0.001359587587649,width128,456
depablo_mixed_temp,50,20,20,20,0.7211733523778494,0.1439708117840774,0.1290510646927359,4.052070331965752e-05,0.0084209454013034,0.0016914426392759,width128,456
depablo_mixed_temp,75,20,20,20,0.8809517504379736,0.1040711007918109,0.1721180025747532,3.462729443128865e-05,0.0068107616156339,0.0014449919115577,width128,456
depablo_mixed_temp,100,20,20,20,0.8891659607640288,0.0947545831076267,0.1264354805514444,4.299805563050541e-05,0.0060242004692554,0.0023188135310192,width128,456
depablo_mixed_temp,125,20,20,20,0.9389935656189068,0.0688415176132769,0.1548213597822952,3.847523893227844e-05,0.0048191325739026,0.0019834359700325,width128,456
depablo_mixed_temp,149,20,20,20,0.9116638029090304,0.0707131096282965,0.1320205212672846,3.0973407467627113e-05,0.0027298263274133,0.0018765741726383,width128,456
depablo_mixed_temp,150,20,20,20,0.9461350380953556,0.0595505282239618,0.1378886511040539,3.187060545997156e-05,0.0028535256162285,0.0019939700723625,width128,456
lj_noisy,5,20,20,20,-10.021160208839335,0.0991513040805143,0.0012192600578043,4.2473863626213416e-08,0.0003575199400074,9.884070095722564e-05,width128,456
lj_noisy,10,20,20,20,-1.0157060595793546,0.0520162438618337,0.0021538442446725,5.136337275502002e-08,0.0002568559313658,0.0001060151771525,width128,456
lj_noisy,25,20,20,20,0.427940779419278,0.0418304549189736,0.0041168599721615,3.023520378064859e-07,0.0002964412560686,0.0001334329193923,width128,456
lj_noisy,50,20,20,20,0.4035951830926102,0.0464850474438599,0.0047651600463273,1.5361086752818663e-06,0.0004488643957301,0.0002063720021396,width128,456
lj_noisy,75,20,20,20,0.2593752104440324,0.0496236007920458,0.0050961142073924,4.035886502151698e-06,0.0006848169956356,0.0003575490321964,width128,456
lj_noisy,100,20,20,20,0.1843497381517201,0.050205218661941,0.0053100823581802,7.900158675511192e-06,0.0008776707574725,0.0005033067660406,width128,456
lj_noisy,125,20,20,20,0.1109417957745231,0.0521545719985212,0.0055693002776564,1.345603368463344e-05,0.0014229487627744,0.0007261357968673,width128,456
lj_noisy,149,20,20,20,-0.408950928113347,0.0718825164677251,0.0058612530060078,2.1662208064299192e-05,0.0027014173101633,0.00106743844226,width128,456
lj_noisy,150,20,20,20,-0.4570973553371946,0.0735396874776018,0.0058775611339848,2.208808941759344e-05,0.0027721141465008,0.0010848133824765,width128,456
reid,5,20,20,20,0.1527475171586718,0.1126515059712786,0.0215407678341569,1.1345892714231809e-07,0.000834205612773,0.0001454989162994,width128,456
reid,10,20,20,20,0.4104293716753064,0.1093617122236598,0.0283466184553629,7.824218508645231e-08,0.0005314442096278,0.0001856048213085,width128,456
reid,25,20,20,20,0.7503381956624073,0.0780793142393778,0.0340742914742546,3.136246288448774e-07,0.0003581969882361,0.0002860147717001,width128,456
reid,50,20,20,20,0.8763854217819758,0.0529883501514614,0.03674579830514,1.6987293339099096e-06,0.0010170141933485,0.0003387718141311,width128,456
reid,75,20,20,20,0.9268713086183116,0.039233350415642,0.0381454871288846,4.008797159826827e-06,0.001390859670937,0.0004029496281873,width128,456
reid,100,20,20,20,0.9607942391236002,0.0282715205100423,0.0392619338029476,6.7355510211086765e-06,0.0010684376116842,0.0004400664780405,width128,456
reid,125,20,20,20,0.9651236121372988,0.0264651652774588,0.0402783867859744,1.0580247879943272e-05,0.0011451949365437,0.0005363668635254,width128,456
reid,149,20,20,20,0.9444229160463788,0.0349761517210761,0.0412242650664466,1.6457190781693498e-05,0.0023328218609094,0.0006900071137351,width128,456
reid,150,20,20,20,0.9428049857625712,0.035335361350215,0.041262728129658,1.676584338383691e-05,0.0024118048138916,0.0006981113634537,width128,456
depablo_low_temp,5,20,20,20,0.5462878470589156,0.1433428296683899,0.0635535199374179,4.884853623821073e-07,0.0015720410854555,0.0001976773626665,width128,786
depablo_low_temp,10,20,20,20,0.7149531474540229,0.1418664804165163,0.0890919672458267,3.731840781284746e-07,0.0013029948167968,0.0001780589016561,width128,786
depablo_low_temp,25,20,20,20,0.8389888135512178,0.1165125058465064,0.1113451632350467,3.4335314040845334e-07,0.0009488593786954,0.00027324546827,width128,786
depablo_low_temp,50,20,20,20,0.8959343295763029,0.0994651083497269,0.121923909291221,9.027481056023134e-07,0.001073188567534,0.000461261071905,width128,786
depablo_low_temp,75,20,20,20,0.9246186266052124,0.0862091605496711,0.1271388104990921,1.914922999901592e-06,0.0014036689419299,0.0005678023560903,width128,786
depablo_low_temp,100,20,20,20,0.94393430930386,0.0748326757012838,0.1309363081666797,3.1327142579584686e-06,0.0015510069206357,0.0006881551817059,width128,786
depablo_low_temp,125,20,20,20,0.9592401554404149,0.0624599735411411,0.1341610869454215,4.654425202943457e-06,0.0015517998486757,0.0008005833660718,width128,786
depablo_low_temp,149,20,20,20,0.966610366801787,0.0529550965305017,0.1369949813213765,7.119116554576977e-06,0.0018379445187747,0.0009112200408708,width128,786
depablo_low_temp,150,20,20,20,0.9666927832072412,0.0527373027163757,0.137105677594105,7.256885766082632e-06,0.0018562571145594,0.0009199713822454,width128,786
depablo_mixed_temp,5,20,20,20,-0.0626596213592729,0.3932382451183757,0.2267994575756468,1.7469110414225497e-05,0.0030027557426365,0.0004264728391717,width128,786
depablo_mixed_temp,10,20,20,20,-0.1963754369568739,0.3119910463540659,0.1792210970466572,2.426547826175352e-05,0.0041525076172547,0.0004654589070923,width128,786
depablo_mixed_temp,25,20,20,20,0.6192889946893232,0.2045573466812062,0.1814265265332104,2.434613437287681e-05,0.0036273569741751,0.0005239551741397,width128,786
depablo_mixed_temp,50,20,20,20,0.7605094917769694,0.1463814695484901,0.1290510646927359,2.42431727656367e-05,0.0042656512930989,0.0009464365939493,width128,786
depablo_mixed_temp,75,20,20,20,0.8001041492635113,0.1343734723900739,0.1721180025747532,2.0198684634920027e-05,0.0025841794209554,0.0011028945693396,width128,786
depablo_mixed_temp,100,20,20,20,0.798419613801232,0.1124110531935866,0.1264354805514444,2.5696164368582685e-05,0.0032320332713425,0.0009511001495411,width128,786
depablo_mixed_temp,125,20,20,20,0.8800796763396264,0.0818975363849212,0.1548213597822952,2.6185556316704604e-05,0.0031549613922834,0.0014578558795619,width128,786
depablo_mixed_temp,149,20,20,20,0.9260776889971674,0.0717782041663973,0.1320205212672846,3.307050662897382e-05,0.0040556308813393,0.0017413555644452,width128,786
depablo_mixed_temp,150,20,20,20,0.927450550776273,0.0698437995906768,0.1378886511040539,3.102392250866615e-05,0.0037508045788854,0.0013729976228205,width128,786
lj_noisy,5,20,20,20,-19.52894133715997,0.1275728555158339,0.0012192600578043,2.258553696066201e-07,0.0009423073701327,0.0002681748337636,width128,786
lj_noisy,10,20,20,20,-4.530405733694715,0.088729175730658,0.0021538442446725,1.9729567029003198e-07,0.0007849230372812,0.0002391629954217,width128,786
lj_noisy,25,20,20,20,0.1273928954460387,0.0503212199898476,0.0041168599721615,3.7941291424203883e-07,0.0005708954297006,0.0002183438424253,width128,786
lj_noisy,50,20,20,20,0.4158953581276209,0.0411033394066088,0.0047651600463273,1.6037741147556518e-06,0.0006669546943157,0.0002439141273498,width128,786
lj_noisy,75,20,20,20,0.2697717737711367,0.0447656102266868,0.0050961142073924,4.1308516529170445e-06,0.0009061744436621,0.0003504586638882,width128,786
lj_noisy,100,20,20,20,0.3842093078682482,0.0418435132929903,0.0053100823581802,7.938308499433333e-06,0.0010065330658107,0.0004744972102344,width128,786
lj_noisy,125,20,20,20,0.639543640535577,0.0323817696832875,0.0055693002776564,1.3163504900148836e-05,0.0011614414397627,0.000610321178101,width128,786
lj_noisy,149,20,20,20,0.2979208201615398,0.0549367034377033,0.0058612530060078,2.0345850543890265e-05,0.0018805681727826,0.0008368365233764,width128,786
lj_noisy,150,20,20,20,0.2586536532261845,0.0567778801882614,0.0058775611339848,2.07180482448166e-05,0.0019377911463379,0.000850262469612,width128,786
reid,5,20,20,20,-0.5291832184524001,0.1381053096937007,0.0215407678341569,2.719410510998444e-07,0.0012120566680096,0.000169994031421,width128,786
reid,10,20,20,20,0.2464354559090746,0.1217444200575159,0.0283466184553629,2.4867319350363457e-07,0.0010653675009962,0.0002037304127043,width128,786
reid,25,20,20,20,0.7020898673854482,0.0858146770695787,0.0340742914742546,4.5311464411668114e-07,0.0008754786220379,0.0002981530749821,width128,786
reid,50,20,20,20,0.8720549735618937,0.0583590715293628,0.03674579830514,1.5723946894752315e-06,0.000939720775932,0.0003589451549487,width128,786
reid,75,20,20,20,0.9334392605180972,0.0405669451624043,0.0381454871288846,3.5292314763069045e-06,0.0009317847900092,0.0003740792140888,width128,786
reid,100,20,20,20,0.9591052091957656,0.0320990919222263,0.0392619338029476,6.4069695980606415e-06,0.0009210827760398,0.0004441118813701,width128,786
reid,125,20,20,20,0.9559435407879492,0.0335217801520572,0.0402783867859744,1.0696653140485068e-05,0.00146822524257,0.0005183148343348,width128,786
reid,149,20,20,20,0.9334201404189256,0.0386098776758299,0.0412242650664466,1.680338607457088e-05,0.0026344549842178,0.0006110865506343,width128,786
reid,150,20,20,20,0.9322105307414684,0.0388963936235818,0.041262728129658,1.7109905189727215e-05,0.002699418272823,0.0006171786750201,width128,786
depablo_low_temp,5,20,20,20,0.7234233299556089,0.1065600489141144,0.0635535199374179,6.231372136511481e-07,0.0018716480117291,0.0002321474261407,width128,2026
depablo_low_temp,10,20,20,20,0.8155657342358544,0.1125471175585517,0.0890919672458267,4.835161240279717e-07,0.0015890888986177,0.0002335074375878,width128,2026
depablo_low_temp,25,20,20,20,0.9312581413074962,0.0756343340421346,0.1113451632350467,4.188817886330298e-07,0.0011949206236749,0.0002875686368497,width128,2026
depablo_low_temp,50,20,20,20,0.9710982691440828,0.050969760514511,0.121923909291221,8.318267589402239e-07,0.0010725664207711,0.0003294213864137,width128,2026
depablo_low_temp,75,20,20,20,0.9869055483580976,0.0330794515856545,0.1271388104990921,1.5691590348865248e-06,0.0009543015621602,0.0003604997647926,width128,2026
depablo_low_temp,100,20,20,20,0.9916049366479194,0.0267702756851409,0.1309363081666797,2.739168628806965e-06,0.0008536345791071,0.0004042144777486,width128,2026
depablo_low_temp,125,20,20,20,0.9868505769157307,0.034241736738847,0.1341610869454215,4.487558092591825e-06,0.0010035009123384,0.0005769626994151,width128,2026
depablo_low_temp,149,20,20,20,0.9640109954590256,0.047355582331557,0.1369949813213765,7.06162670383037e-06,0.0016115787439048,0.0009968332771677,width128,2026
depablo_low_temp,150,20,20,20,0.9624433513905718,0.0479551022335788,0.137105677594105,7.199239030342142e-06,0.0016438921913504,0.0010209174768533,width128,2026
depablo_mixed_temp,5,20,20,20,-0.1796481845240767,0.4148323243216484,0.2267994575756468,1.909404686983862e-05,0.0039367648525512,0.0007433261314872,width128,2026
depablo_mixed_temp,10,20,20,20,0.1278784970616482,0.2980922575044885,0.1792210970466572,2.1358741368260325e-05,0.0042901555774733,0.0012416471457981,width128,2026
depablo_mixed_temp,25,20,20,20,0.4803269985121294,0.2105189890071966,0.1814265265332104,1.891245504452854e-05,0.0031071934208739,0.0009570289621478,width128,2026
depablo_mixed_temp,50,20,20,20,0.66523601586799,0.1579452034063228,0.1290510646927359,2.4147263994223062e-05,0.0036806528223678,0.0013542550892452,width128,2026
depablo_mixed_temp,75,20,20,20,0.6152587102342137,0.1550764963748351,0.1721180025747532,2.264192129644016e-05,0.0027403506450355,0.0014570137391274,width128,2026
depablo_mixed_temp,100,20,20,20,0.5903694141310845,0.1312013151678395,0.1264354805514444,4.6705266663593646e-05,0.0042623267276212,0.0021731825283495,width128,2026
depablo_mixed_temp,125,20,20,20,0.6358987332630452,0.1184179209868504,0.1548213597822952,3.379496575348639e-05,0.0030966519843786,0.002107255908777,width128,2026
depablo_mixed_temp,149,20,20,20,0.8327885635409219,0.1016641193638871,0.1320205212672846,2.5373166977260556e-05,0.0024435031227767,0.0019871176977176,width128,2026
depablo_mixed_temp,150,20,20,20,0.7658730022786984,0.1207664980185425,0.1378886511040539,2.752509688548344e-05,0.0029353734105825,0.0023369227652437,width128,2026
lj_noisy,5,20,20,20,-9.122983981356178,0.0722610397911361,0.0012192600578043,5.312269344415199e-08,0.0004600376822054,0.0001650480298849,width128,2026
lj_noisy,10,20,20,20,-1.7647867721023998,0.0539654869644858,0.0021538442446725,5.5480996685730595e-08,0.0003116585663519,0.0001373837832943,width128,2026
lj_noisy,25,20,20,20,0.347864443481148,0.0414813602347687,0.0041168599721615,2.975745317712609e-07,0.0002605681074783,0.0001301085576415,width128,2026
lj_noisy,50,20,20,20,0.5175859075010307,0.0409610508801493,0.0047651600463273,1.5573126177059749e-06,0.0004937849473208,0.0001954512088559,width128,2026
lj_noisy,75,20,20,20,0.4423648164662344,0.04220475235532,0.0050961142073924,4.095711210538866e-06,0.0007189319003373,0.0003295341390185,width128,2026
lj_noisy,100,20,20,20,0.4306277259116663,0.041048514873467,0.0053100823581802,7.999733929864305e-06,0.0009503212757408,0.0004992523696273,width128,2026
lj_noisy,125,20,20,20,0.3069936647737078,0.0486854569437341,0.0055693002776564,1.350677384834853e-05,0.0011919527780264,0.0007105799857527,width128,2026
lj_noisy,149,20,20,20,-0.053450905444822,0.0638094677422147,0.0058612530060078,2.1136864734216943e-05,0.002197792334482,0.0009609741391614,width128,2026
lj_noisy,150,20,20,20,-0.0738053507731035,0.0644906735815439,0.0058775611339848,2.153483351321484e-05,0.0022665747907012,0.0009735732339322,width128,2026
reid,5,20,20,20,-0.0130935837522709,0.1259736614298353,0.0215407678341569,1.276112234105398e-07,0.0008285444811917,0.000168446230964,width128,2026
reid,10,20,20,20,0.4416262347477321,0.1088591736921974,0.0283466184553629,1.0334867406314174e-07,0.0005757731734775,0.0001865212725533,width128,2026
reid,25,20,20,20,0.8420157971761233,0.0648104828604969,0.0340742914742546,3.225093065495344e-07,0.000381404266227,0.0002356892458919,width128,2026
reid,50,20,20,20,0.9456854218223922,0.0369494521281577,0.03674579830514,1.5243881094306745e-06,0.000867167697288,0.0002498319823644,width128,2026
reid,75,20,20,20,0.9594086231426384,0.0307309698981787,0.0381454871288846,3.770718763007608e-06,0.0013094278983771,0.0003059159142139,width128,2026
reid,100,20,20,20,0.9648803808577808,0.0288595083786193,0.0392619338029476,6.830983465988538e-06,0.0014722594991326,0.0004137194482609,width128,2026
reid,125,20,20,20,0.9599095215884454,0.0320204677129196,0.0402783867859744,1.094934416698834e-05,0.0014933754689991,0.000542652621516,width128,2026
reid,149,20,20,20,0.9378488606096544,0.0398654457029844,0.0412242650664466,1.6678138365477935e-05,0.0017459562979638,0.000804860368953,width128,2026
reid,150,20,20,20,0.9365263742350588,0.0402492866833931,0.041262728129658,1.6969987376569408e-05,0.0017670169472694,0.0008207371196476,width128,2026
depablo_low_temp,5,20,20,20,0.2805948289830555,0.1561192494176738,0.0635535199374179,4.6057121760867403e-07,0.0014810485648922,0.0003162205506669,tokens32,3456456
depablo_low_temp,10,20,20,20,0.7064819366227029,0.1312992818639275,0.0890919672458267,3.316812431819472e-07,0.0011993970052571,0.0002794078551232,tokens32,3456456
depablo_low_temp,25,20,20,20,0.8737229196170249,0.1006159555651714,0.1113451632350467,2.9654226185726884e-07,0.0007720734574832,0.0003200597668183,tokens32,3456456
depablo_low_temp,50,20,20,20,0.9282452627550868,0.0800598492926849,0.121923909291221,7.704940621522382e-07,0.0007393247680738,0.000524171226425,tokens32,3456456
depablo_low_temp,75,20,20,20,0.9479448451146216,0.070627635504511,0.1271388104990921,1.613926368548846e-06,0.0007611168548464,0.000721619502292,tokens32,3456456
depablo_low_temp,100,20,20,20,0.9580144441286832,0.0650155357348066,0.1309363081666797,2.863230790239868e-06,0.0009737825486809,0.0009396973240654,tokens32,3456456
depablo_low_temp,125,20,20,20,0.960653313395064,0.0622367999670495,0.1341610869454215,4.69085422309945e-06,0.0013164376839995,0.0012041612935718,tokens32,3456456
depablo_low_temp,149,20,20,20,0.952817977198078,0.0658526559890248,0.1369949813213765,7.310109990044111e-06,0.001960018556565,0.0016228207154199,tokens32,3456456
depablo_low_temp,150,20,20,20,0.952233504999053,0.0660877299451704,0.137105677594105,7.445617433177176e-06,0.0019955056719481,0.0016419002960901,tokens32,3456456
depablo_mixed_temp,5,20,20,20,0.0230804211875571,0.3814103150481105,0.2267994575756468,1.4298943921176032e-05,0.0016047316690674,0.0004953702336933,tokens32,3456456
depablo_mixed_temp,10,20,20,20,0.7712288984003828,0.1699694265854738,0.1792210970466572,1.775397832517456e-05,0.0022126330732135,0.0006614640115003,tokens32,3456456
depablo_mixed_temp,25,20,20,20,0.7133422920826512,0.1872406200139501,0.1814265265332104,1.929482201887822e-05,0.0024351808358915,0.0007093024483765,tokens32,3456456
depablo_mixed_temp,50,20,20,20,0.7867557300062229,0.1329631278153157,0.1290510646927359,1.897051806736272e-05,0.0020241835387423,0.0008668121736263,tokens32,3456456
depablo_mixed_temp,75,20,20,20,0.7653191858108597,0.1218082679838064,0.1721180025747532,2.0355771883373564e-05,0.0020110233686864,0.0012637360159715,tokens32,3456456
depablo_mixed_temp,100,20,20,20,0.7580192060020712,0.1057780864590427,0.1264354805514444,2.633141887713464e-05,0.0020381292328238,0.0016594037791946,tokens32,3456456
depablo_mixed_temp,125,20,20,20,0.7905157496180597,0.1034915089069976,0.1548213597822952,2.451609523745901e-05,0.0022930081002414,0.0018769184651318,tokens32,3456456
depablo_mixed_temp,149,20,20,20,0.922622613916914,0.0711457428758792,0.1320205212672846,2.444148178710748e-05,0.0022563440259546,0.0018108475662302,tokens32,3456456
depablo_mixed_temp,150,20,20,20,0.8911784221525006,0.0907353828163696,0.1378886511040539,2.4585028916135344e-05,0.0021007154136896,0.0019113859831122,tokens32,3456456
lj_noisy,5,20,20,20,-25.38083047786723,0.1254515627935687,0.0012192600578043,1.2034076792843962e-07,0.0005780495164799,0.0002383258404734,tokens32,3456456
lj_noisy,10,20,20,20,-5.017103482830795,0.0836522601124394,0.0021538442446725,1.1899950971283603e-07,0.0004876001155935,0.0001958880049642,tokens32,3456456
lj_noisy,25,20,20,20,-0.0946994259141427,0.0488417883150585,0.0041168599721615,3.504584270785927e-07,0.0004975109361112,0.0002519875270081,tokens32,3456456
lj_noisy,50,20,20,20,0.4915219941528946,0.0379553191754114,0.0047651600463273,1.5222470551634614e-06,0.0004493375075981,0.0002459632465615,tokens32,3456456
lj_noisy,75,20,20,20,0.5037846664223017,0.0352452309203468,0.0050961142073924,3.99970143689643e-06,0.0007088304962962,0.0003600346739403,tokens32,3456456
lj_noisy,100,20,20,20,0.4215799172643689,0.0346840112314762,0.0053100823581802,7.867589692978072e-06,0.0009300815407186,0.0005667901714332,tokens32,3456456
lj_noisy,125,20,20,20,0.3546322662668396,0.0403996782380902,0.0055693002776564,1.3208488758209569e-05,0.0010564652271568,0.0008283250033855,tokens32,3456456
lj_noisy,149,20,20,20,0.1141165994383134,0.0567458350576296,0.0058612530060078,2.008913256759115e-05,0.0013099327683448,0.0011552077718079,tokens32,3456456
lj_noisy,150,20,20,20,0.0983125854919909,0.0575950907173384,0.0058775611339848,2.0429310052350046e-05,0.0013345355167984,0.001170157152228,tokens32,3456456
reid,5,20,20,20,-0.35407816923903,0.1418404553626673,0.0215407678341569,1.156555963888195e-07,0.0007322119694435,0.0001867637771283,tokens32,3456456
reid,10,20,20,20,0.2925376975384111,0.1213734683684848,0.0283466184553629,1.0559611571814286e-07,0.0005396811495302,0.0002146179967894,tokens32,3456456
reid,25,20,20,20,0.7436305211381007,0.0792087145272722,0.0340742914742546,3.806341403844726e-07,0.0005366936791688,0.0003116050218523,tokens32,3456456
reid,50,20,20,20,0.9057703819646704,0.0499087877686542,0.03674579830514,1.5508595183177932e-06,0.000870303902775,0.0003825350788247,tokens32,3456456
reid,75,20,20,20,0.9616845703626856,0.0313569072201126,0.0381454871288846,3.5394134059174576e-06,0.0009549934417009,0.0003961606700613,tokens32,3456456
reid,100,20,20,20,0.9710537499604504,0.0243078208178188,0.0392619338029476,6.484332209311105e-06,0.0009155739098787,0.0004716628871392,tokens32,3456456
reid,125,20,20,20,0.9642630105591632,0.0277483091869898,0.0402783867859744,1.0598073805567764e-05,0.0011566696688532,0.0005623524164548,tokens32,3456456
reid,149,20,20,20,0.952287080399233,0.0339362263526812,0.0412242650664466,1.6063598610571717e-05,0.0019847441464662,0.0006365125620504,tokens32,3456456
reid,150,20,20,20,0.9516252684062244,0.0341495611456784,0.041262728129658,1.633117498158754e-05,0.0020288777537643,0.0006393067946191,tokens32,3456456
depablo_low_temp,5,20,20,20,-0.0598166719930108,0.2263514681215717,0.0635535199374179,1.8451733012625486e-07,0.0009366286831209,0.0004047336165967,tokens32,123
depablo_low_temp,10,20,20,20,0.5350991274305057,0.1776755718842735,0.0890919672458267,1.4727059607366758e-07,0.0006808610924053,0.000409808846598,tokens32,123
depablo_low_temp,25,20,20,20,0.9126175747552756,0.0848439020063781,0.1113451632350467,2.202940173390289e-07,0.0005101373069919,0.0004092296643648,tokens32,123
depablo_low_temp,50,20,20,20,0.967864264895358,0.0488255233901801,0.121923909291221,6.282786387146188e-07,0.0004442175850272,0.0003711144876433,tokens32,123
depablo_low_temp,75,20,20,20,0.9840947178821086,0.0365590492968703,0.1271388104990921,1.4820747139765443e-06,0.0005918101407587,0.0004501530929701,tokens32,123
depablo_low_temp,100,20,20,20,0.98909797618472,0.0302100872546792,0.1309363081666797,2.931450697474247e-06,0.0009393344633281,0.0005687548837158,tokens32,123
depablo_low_temp,125,20,20,20,0.9920296844671316,0.0245709866477617,0.1341610869454215,4.815423699255916e-06,0.0012436876073479,0.0006176086957566,tokens32,123
depablo_low_temp,149,20,20,20,0.9941978009707692,0.0203942323168387,0.1369949813213765,7.517975569726332e-06,0.0016705069690942,0.0006815207656472,tokens32,123
depablo_low_temp,150,20,20,20,0.9941421411287968,0.0203868902840698,0.137105677594105,7.673678069863854e-06,0.0016932933591306,0.000688265741337,tokens32,123
depablo_mixed_temp,5,20,20,20,-0.0168794277064292,0.4059349788662154,0.2267994575756468,2.3107934604382764e-05,0.00254678294732,0.0007741777524643,tokens32,123
depablo_mixed_temp,10,20,20,20,-1.0721977087178631,0.4138271387442502,0.1792210970466572,2.1002211264686826e-05,0.0024029096151934,0.0011296854077954,tokens32,123
depablo_mixed_temp,25,20,20,20,-0.0466959296447484,0.3001976292354817,0.1814265265332104,1.9725461761765928e-05,0.0020693397265858,0.001514510353445,tokens32,123
depablo_mixed_temp,50,20,20,20,0.3496779834801071,0.1855421919491509,0.1290510646927359,3.201658984153255e-05,0.0036033315816894,0.0018658834611414,tokens32,123
depablo_mixed_temp,75,20,20,20,0.8110629712144227,0.1350605280635808,0.1721180025747532,2.757695342268107e-05,0.00318139703013,0.0019091534049948,tokens32,123
depablo_mixed_temp,100,20,20,20,0.7448018157993297,0.1233673905173604,0.1264354805514444,2.597520037852519e-05,0.0026044904254376,0.0019680070254253,tokens32,123
depablo_mixed_temp,125,20,20,20,0.7864877051421704,0.1118444847987086,0.1548213597822952,2.737383879320987e-05,0.002350735804066,0.001861222248408,tokens32,123
depablo_mixed_temp,149,20,20,20,0.803680103984959,0.0875407238188308,0.1320205212672846,2.8480152332122087e-05,0.0028970846906304,0.0014299546339316,tokens32,123
depablo_mixed_temp,150,20,20,20,0.8408208446534455,0.0850888039672821,0.1378886511040539,3.4477123358556126e-05,0.0035600116942077,0.001210655705654,tokens32,123
lj_noisy,5,20,20,20,-7.003579932111286,0.0751863960567465,0.0012192600578043,1.3144468935522013e-07,0.0006230992643395,0.0002470763080054,tokens32,123
lj_noisy,10,20,20,20,-2.1065085741071226,0.0635595105413083,0.0021538442446725,1.1009630878078269e-07,0.000481073197443,0.0001985624810913,tokens32,123
lj_noisy,25,20,20,20,-0.1023832715321808,0.0535066250901688,0.0041168599721615,3.3697877412919295e-07,0.0003891718573868,0.0001598443632246,tokens32,123
lj_noisy,50,20,20,20,0.280591070825699,0.0466141123484003,0.0047651600463273,1.6073062511168249e-06,0.0006297497544437,0.0001708099327515,tokens32,123
lj_noisy,75,20,20,20,0.3237169473628495,0.0449419046955069,0.0050961142073924,4.109933377094421e-06,0.0008995707612484,0.0003075998509302,tokens32,123
lj_noisy,100,20,20,20,0.3531337129840975,0.0453619841756003,0.0053100823581802,7.925811564746254e-06,0.0011547840200364,0.0003850496606901,tokens32,123
lj_noisy,125,20,20,20,0.5169140182658003,0.0404700621838223,0.0055693002776564,1.328492598986486e-05,0.0013717220630496,0.0004222232848405,tokens32,123
lj_noisy,149,20,20,20,0.6383204765400219,0.035810705070661,0.0058612530060078,2.0287673214625103e-05,0.0015629926696419,0.0006109255831688,tokens32,123
lj_noisy,150,20,20,20,0.6389923968908073,0.0362226518084097,0.0058775611339848,2.064228210656438e-05,0.0015792615711688,0.0006234162254258,tokens32,123
reid,5,20,20,20,-3.757253983596023,0.2743167566621404,0.0215407678341569,5.1030793635220566e-08,0.0003026549122296,0.0003087944945946,tokens32,123
reid,10,20,20,20,-0.8349689240984115,0.1975092248467536,0.0283466184553629,7.4994910725934e-08,0.0002039588231127,0.0003142710909742,tokens32,123
reid,25,20,20,20,0.5566977865417666,0.1058335271266504,0.0340742914742546,3.7817015368091245e-07,0.0005563428392633,0.000315795672941,tokens32,123
reid,50,20,20,20,0.849198373498509,0.059304655891038,0.03674579830514,1.5718791637198135e-06,0.0009161626454442,0.0003282716737885,tokens32,123
reid,75,20,20,20,0.9071546213557398,0.04344341358367,0.0381454871288846,3.704385100888885e-06,0.0011210025753825,0.0004104715757421,tokens32,123
reid,100,20,20,20,0.9375547836120696,0.0336942888588587,0.0392619338029476,6.802714818832101e-06,0.0012786290608346,0.0005245584630756,tokens32,123
reid,125,20,20,20,0.9601017142705374,0.0315348261085786,0.0402783867859744,1.0826953516129834e-05,0.0013570277020335,0.0006332284901873,tokens32,123
reid,149,20,20,20,0.959097264221439,0.0335383638099346,0.0412242650664466,1.6777750346363973e-05,0.0022439227439463,0.0007894451962783,tokens32,123
reid,150,20,20,20,0.958425767410847,0.0337118330019654,0.041262728129658,1.7093133902790213e-05,0.0023058413527905,0.000796500116121,tokens32,123
depablo_low_temp,5,20,20,20,0.7714018278155943,0.0934731051616079,0.0635535199374179,4.544062802480653e-07,0.0014562492928234,0.000277594441286,tokens32,456
depablo_low_temp,10,20,20,20,0.7807186660248787,0.1126588272732662,0.0890919672458267,3.112065622090654e-07,0.001136777101783,0.0002230344864074,tokens32,456
depablo_low_temp,25,20,20,20,0.8589874409074629,0.0978721975737153,0.1113451632350467,2.616925650400504e-07,0.0006563959410414,0.0003338584938319,tokens32,456
depablo_low_temp,50,20,20,20,0.9107005751699648,0.0776553056837853,0.121923909291221,7.70818406792273e-07,0.000644946610555,0.0005185025045648,tokens32,456
depablo_low_temp,75,20,20,20,0.933813074178191,0.0667839719039309,0.1271388104990921,1.679070657445436e-06,0.0008727811742573,0.000637564738281,tokens32,456
depablo_low_temp,100,20,20,20,0.943375461608502,0.0600750997032502,0.1309363081666797,2.9816056695608494e-06,0.0010429040994495,0.0008253835898358,tokens32,456
depablo_low_temp,125,20,20,20,0.9392744237633872,0.0595677846164234,0.1341610869454215,4.7822410522258e-06,0.0013488100841641,0.0011667723068967,tokens32,456
depablo_low_temp,149,20,20,20,0.9178693462055556,0.069052547570062,0.1369949813213765,7.472995542912031e-06,0.0020988351665437,0.0017449203354772,tokens32,456
depablo_low_temp,150,20,20,20,0.9165255189921528,0.0696638630280624,0.137105677594105,7.617202982146409e-06,0.002140006609261,0.0017747547535691,tokens32,456
depablo_mixed_temp,5,20,20,20,0.1365603367902392,0.3734726345366889,0.2267994575756468,1.818918384230983e-05,0.0034717248112428,0.0006880500179249,tokens32,456
depablo_mixed_temp,10,20,20,20,0.2994792958888085,0.2716675398564305,0.1792210970466572,2.468492204670269e-05,0.0040637886442709,0.0007243855485285,tokens32,456
depablo_mixed_temp,25,20,20,20,0.5290405596374645,0.2235765138310685,0.1814265265332104,2.4467841755893004e-05,0.0042967479035723,0.0006326530237856,tokens32,456
depablo_mixed_temp,50,20,20,20,0.7207298375259306,0.1360187051041319,0.1290510646927359,2.248244348095341e-05,0.0029583681840449,0.0012159781443187,tokens32,456
depablo_mixed_temp,75,20,20,20,0.8062613892689288,0.1245779487515096,0.1721180025747532,2.1718624793720664e-05,0.0027245513163506,0.0012588507481268,tokens32,456
depablo_mixed_temp,100,20,20,20,0.850020133758199,0.0958930143095027,0.1264354805514444,2.468487722921964e-05,0.002357465820387,0.0012719832957373,tokens32,456
depablo_mixed_temp,125,20,20,20,0.6458791312200474,0.1286621537293175,0.1548213597822952,2.802390531542187e-05,0.0024540998507291,0.0023539855930721,tokens32,456
depablo_mixed_temp,149,20,20,20,0.8291114769348499,0.0977996394079498,0.1320205212672846,2.5667698037068475e-05,0.0021158708259463,0.0021189183549722,tokens32,456
depablo_mixed_temp,150,20,20,20,0.8774856045941161,0.0977598970473164,0.1378886511040539,2.512825423082177e-05,0.0022563828155398,0.0018096812302246,tokens32,456
lj_noisy,5,20,20,20,-31.589091998750355,0.1550277949033816,0.0012192600578043,9.082401986049149e-08,0.0005258602512185,0.0002586847163911,tokens32,456
lj_noisy,10,20,20,20,-6.403937624761464,0.0924639823304699,0.0021538442446725,9.185143223788829e-08,0.0004433605994563,0.0002369443900533,tokens32,456
lj_noisy,25,20,20,20,-0.564174958784903,0.0643972298142414,0.0041168599721615,3.358937078701274e-07,0.0003409780678339,0.000305239696172,tokens32,456
lj_noisy,50,20,20,20,0.3965315192542001,0.0417063280318444,0.0047651600463273,1.5306132496561986e-06,0.000388083490543,0.0003353411972057,tokens32,456
lj_noisy,75,20,20,20,0.3984801291707041,0.0399753535643454,0.0050961142073924,3.967406701121945e-06,0.0004747544880956,0.000412301137112,tokens32,456
lj_noisy,100,20,20,20,0.1862797665361515,0.0466982927782279,0.0053100823581802,7.747774088784353e-06,0.0006827221252024,0.0005804790998809,tokens32,456
lj_noisy,125,20,20,20,0.0960640964329753,0.0537785324979463,0.0055693002776564,1.3155474243831124e-05,0.0010372722521424,0.0007567015942186,tokens32,456
lj_noisy,149,20,20,20,-0.1643037642043343,0.066957053755532,0.0058612530060078,2.1182451746426523e-05,0.0019832850899547,0.0010354378260672,tokens32,456
lj_noisy,150,20,20,20,-0.1841399814890019,0.0679630311634436,0.0058775611339848,2.162227979169984e-05,0.0020478259772062,0.0010514263994991,tokens32,456
reid,5,20,20,20,-1.3546689498554327,0.1836513340598388,0.0215407678341569,1.0479708807409338e-07,0.0006261029862798,0.0002879136512092,tokens32,456
reid,10,20,20,20,-0.490630247941755,0.1640846541922843,0.0283466184553629,1.1354733473467605e-07,0.000465911993524,0.0003409846236536,tokens32,456
reid,25,20,20,20,0.2991488145508731,0.1187046829195441,0.0340742914742546,3.9000912011033517e-07,0.000484300032258,0.0004928763286443,tokens32,456
reid,50,20,20,20,0.6787144669525134,0.0790224002444517,0.03674579830514,1.6291775345678162e-06,0.0009086973732337,0.0005987423977785,tokens32,456
reid,75,20,20,20,0.8407260165617392,0.05275405581286,0.0381454871288846,3.7286662987412456e-06,0.0011905573774129,0.0005570297173107,tokens32,456
reid,100,20,20,20,0.9216526245036212,0.0374032005713354,0.0392619338029476,6.669861215868878e-06,0.001269545359537,0.000546396417485,tokens32,456
reid,125,20,20,20,0.9610924617080752,0.0265343756055851,0.0402783867859744,1.0535572997127929e-05,0.0009538264945149,0.0005196401034481,tokens32,456
reid,149,20,20,20,0.9608674229250532,0.0288545024822029,0.0412242650664466,1.64142453400018e-05,0.0017137052491307,0.0005338859918992,tokens32,456
reid,150,20,20,20,0.9601973913178802,0.0293720467901609,0.041262728129658,1.672644248742472e-05,0.0017834628932178,0.0005372782092308,tokens32,456
depablo_low_temp,5,20,20,20,0.576372248700679,0.147608898703824,0.0635535199374179,6.496185553928057e-08,0.0002987573796417,0.0001763718250003,tokens32,786
depablo_low_temp,10,20,20,20,0.8129479122607042,0.1149734777808037,0.0890919672458267,7.359640328274964e-08,0.0002736853843089,0.0001789855639799,tokens32,786
depablo_low_temp,25,20,20,20,0.9447321636348576,0.0687974379144156,0.1113451632350467,2.1837415573600082e-07,0.000509189942386,0.0002156180991732,tokens32,786
depablo_low_temp,50,20,20,20,0.986875344275426,0.03296749662215,0.121923909291221,6.690316912028038e-07,0.0005693361395969,0.000294136859884,tokens32,786
depablo_low_temp,75,20,20,20,0.9903923603274424,0.0292773087022744,0.1271388104990921,1.5370459792052315e-06,0.0006523674819618,0.000390598035301,tokens32,786
depablo_low_temp,100,20,20,20,0.9908474785859744,0.0287542232052747,0.1309363081666797,2.867005053985849e-06,0.000785248260945,0.0005239426303887,tokens32,786
depablo_low_temp,125,20,20,20,0.9877549370966136,0.0332568208568936,0.1341610869454215,4.667683109005339e-06,0.0009218357503414,0.0006951195187866,tokens32,786
depablo_low_temp,149,20,20,20,0.9787969492223652,0.0394103317925543,0.1369949813213765,7.056740949451524e-06,0.0011341691948473,0.0009672236978076,tokens32,786
depablo_low_temp,150,20,20,20,0.9782530516667656,0.0396922268371533,0.137105677594105,7.176158797506105e-06,0.0011501402594149,0.0009812866395805,tokens32,786
depablo_mixed_temp,5,20,20,20,0.0749311904026838,0.3665507170225661,0.2267994575756468,1.722397617243132e-05,0.0030234684469178,0.0005339095965609,tokens32,786
depablo_mixed_temp,10,20,20,20,0.2917782592470302,0.2771994424727387,0.1792210970466572,1.8492754037424675e-05,0.0029686651483643,0.0005914495028264,tokens32,786
depablo_mixed_temp,25,20,20,20,0.4882829505396325,0.2154432399759271,0.1814265265332104,1.9374032299879217e-05,0.0029119907296262,0.0006560195368365,tokens32,786
depablo_mixed_temp,50,20,20,20,0.8194349795404604,0.1146347691834153,0.1290510646927359,1.994114906125333e-05,0.0023396721808239,0.0008262463496066,tokens32,786
depablo_mixed_temp,75,20,20,20,0.7071805093163885,0.1293393292891522,0.1721180025747532,2.0856499651245032e-05,0.0019649871625006,0.0012522765973699,tokens32,786
depablo_mixed_temp,100,20,20,20,0.6385302233370456,0.1138113265603352,0.1264354805514444,3.156975870410861e-05,0.0024361284449696,0.0018378087086603,tokens32,786
depablo_mixed_temp,125,20,20,20,0.6489507754709598,0.1139059444975632,0.1548213597822952,2.85777540568688e-05,0.0019056256860494,0.0020337006804766,tokens32,786
depablo_mixed_temp,149,20,20,20,0.8769733942422425,0.0879506781461372,0.1320205212672846,2.5783453065741923e-05,0.0023048114031553,0.0017837692721514,tokens32,786
depablo_mixed_temp,150,20,20,20,0.834598335626114,0.1041334751610052,0.1378886511040539,2.6635699123289668e-05,0.0023465620353817,0.0021002210123697,tokens32,786
lj_noisy,5,20,20,20,-15.17944129400183,0.1109896843377895,0.0012192600578043,1.0160052781316153e-07,0.0006878839194541,0.0001728182629449,tokens32,786
lj_noisy,10,20,20,20,-3.700659390122621,0.0813119871018876,0.0021538442446725,9.15711630966598e-08,0.0005236415599938,0.0001415403050486,tokens32,786
lj_noisy,25,20,20,20,-0.1495586739050201,0.0565098646037299,0.0041168599721615,3.254208792213831e-07,0.0004005050519481,0.000120481752674,tokens32,786
lj_noisy,50,20,20,20,0.2498268934052245,0.0484349984714733,0.0047651600463273,1.6305724159337845e-06,0.0007609806023538,0.0001906707300804,tokens32,786
lj_noisy,75,20,20,20,0.4320696226059862,0.0419548963653985,0.0050961142073924,4.174552748281712e-06,0.0009544517844915,0.0003274455782957,tokens32,786
lj_noisy,100,20,20,20,0.4975145789711448,0.0409882957715985,0.0053100823581802,8.062050369517237e-06,0.0011341698467731,0.0005293982336297,tokens32,786
lj_noisy,125,20,20,20,0.4704302845332573,0.04001507333636,0.0055693002776564,1.3532034154195572e-05,0.0011314090341329,0.0007542122039012,tokens32,786
lj_noisy,149,20,20,20,0.2314756610805268,0.0539492349084973,0.0058612530060078,2.164526913475129e-05,0.002020605886355,0.0010448244633153,tokens32,786
lj_noisy,150,20,20,20,0.2095806694623854,0.054910083554139,0.0058775611339848,2.208531136602687e-05,0.0020931908860802,0.0010606017429381,tokens32,786
reid,5,20,20,20,-0.6650654598315398,0.1697342401462145,0.0215407678341569,3.306685121273745e-08,0.0002006482391152,0.0001322316373261,tokens32,786
reid,10,20,20,20,0.5481804557459085,0.09981300911168,0.0283466184553629,5.6770799172767283e-08,0.0002354991040192,0.0001350046084553,tokens32,786
reid,25,20,20,20,0.9333570719975413,0.0415335141605621,0.0340742914742546,3.234217654579652e-07,0.0004626332432962,0.0001809794594009,tokens32,786
reid,50,20,20,20,0.9655495907365562,0.0296742299332841,0.03674579830514,1.5016345969343092e-06,0.00088253878057,0.0003513896866934,tokens32,786
reid,75,20,20,20,0.9641653898123084,0.0299307566713579,0.0381454871288846,3.683562638912008e-06,0.0010501928161829,0.000514392639161,tokens32,786
reid,100,20,20,20,0.967389596338841,0.0268190049639295,0.0392619338029476,6.888490335654751e-06,0.0009915018919855,0.000551488205383,tokens32,786
reid,125,20,20,20,0.9675316634032218,0.0271927727991346,0.0402783867859744,1.1356686684393937e-05,0.0010223892517387,0.0005779741317383,tokens32,786
reid,149,20,20,20,0.9594349887342906,0.0334530139622431,0.0412242650664466,1.7343968971772482e-05,0.001716973632574,0.0008332185039762,tokens32,786
reid,150,20,20,20,0.958810216530412,0.0338257508500439,0.041262728129658,1.7637636096878852e-05,0.0017602520994842,0.0008506456942996,tokens32,786
depablo_low_temp,5,20,20,20,0.5005535512700033,0.1320936586014227,0.0635535199374179,4.695118295927614e-07,0.0014717252386617,0.0002605381028843,tokens32,2026
depablo_low_temp,10,20,20,20,0.6728758203147541,0.1352229483530586,0.0890919672458267,3.462197716963544e-07,0.0012211205001221,0.0002232998012914,tokens32,2026
depablo_low_temp,25,20,20,20,0.8457805803541607,0.1042382052784598,0.1113451632350467,2.951329427958172e-07,0.0008170426473952,0.0003049295890377,tokens32,2026
depablo_low_temp,50,20,20,20,0.9257711734674364,0.0753016457703567,0.121923909291221,7.359260504102849e-07,0.0007094616768881,0.0004500558337895,tokens32,2026
depablo_low_temp,75,20,20,20,0.9521122872650032,0.0647346863248213,0.1271388104990921,1.566121777329954e-06,0.0007810544688254,0.0005867170926649,tokens32,2026
depablo_low_temp,100,20,20,20,0.9617722944467774,0.0604206719007311,0.1309363081666797,2.8253036305159186e-06,0.0009466556366533,0.0007839473953936,tokens32,2026
depablo_low_temp,125,20,20,20,0.9634393852635528,0.0582452844430574,0.1341610869454215,4.6063764074233404e-06,0.0012293147854506,0.0010484466765774,tokens32,2026
depablo_low_temp,149,20,20,20,0.958057447330199,0.0621652960149431,0.1369949813213765,7.046641621855088e-06,0.0017561974003911,0.0014107794384472,tokens32,2026
depablo_low_temp,150,20,20,20,0.95764726145336,0.0624695950273392,0.137105677594105,7.170585638505144e-06,0.0017854657024145,0.0014291502768173,tokens32,2026
depablo_mixed_temp,5,20,20,20,0.3158441725307855,0.2953792126041166,0.2267994575756468,1.8323411378418086e-05,0.0034315048600547,0.0005756745707913,tokens32,2026
depablo_mixed_temp,10,20,20,20,0.7185452193146161,0.1785904454613113,0.1792210970466572,1.9814986913502253e-05,0.0029323462105821,0.0006453486097598,tokens32,2026
depablo_mixed_temp,25,20,20,20,0.5868913145112433,0.2136623536427847,0.1814265265332104,2.2940349505518044e-05,0.003399727854412,0.0006640478015469,tokens32,2026
depablo_mixed_temp,50,20,20,20,0.7591347225648086,0.13766732944094,0.1290510646927359,2.1707422959593717e-05,0.0029216508846729,0.0008681700724991,tokens32,2026
depablo_mixed_temp,75,20,20,20,0.7490695383626635,0.1147660537874269,0.1721180025747532,2.1676785976865176e-05,0.002384671755135,0.0011762375725083,tokens32,2026
depablo_mixed_temp,100,20,20,20,0.8382967330218012,0.0949237685312834,0.1264354805514444,2.5133883855232853e-05,0.0021451113279908,0.0013457256776746,tokens32,2026
depablo_mixed_temp,125,20,20,20,0.8019654294239765,0.093858245185789,0.1548213597822952,2.460374294059875e-05,0.0018000924959778,0.001626365611446,tokens32,2026
depablo_mixed_temp,149,20,20,20,0.9045694362256788,0.077033835883301,0.1320205212672846,2.4703924736968474e-05,0.0020479781553149,0.0018177717167418,tokens32,2026
depablo_mixed_temp,150,20,20,20,0.9006662096098546,0.0819041683926872,0.1378886511040539,2.5026400896877023e-05,0.0019930184818804,0.0018118668434908,tokens32,2026
lj_noisy,5,20,20,20,-48.50138406725505,0.1901139699795113,0.0012192600578043,1.367575644728447e-07,0.0005547455773921,0.0003391677550098,tokens32,2026
lj_noisy,10,20,20,20,-9.686379865567018,0.11933241399994,0.0021538442446725,1.2989447499833774e-07,0.0005092137842439,0.0002463315715431,tokens32,2026
lj_noisy,25,20,20,20,0.2791720561092392,0.0491262737107686,0.0041168599721615,3.5436722498616293e-07,0.0005035975715145,0.0002443862351356,tokens32,2026
lj_noisy,50,20,20,20,0.5892454097291896,0.0402345070685976,0.0047651600463273,1.5550586255130835e-06,0.0005219775484874,0.0002722653734963,tokens32,2026
lj_noisy,75,20,20,20,0.6145802188310678,0.0361204488836398,0.0050961142073924,4.056788009165757e-06,0.0007106448989361,0.0003784061991609,tokens32,2026
lj_noisy,100,20,20,20,0.6244422811336501,0.0329841072776455,0.0053100823581802,7.953004865157708e-06,0.0008957652375102,0.0005460359854623,tokens32,2026
lj_noisy,125,20,20,20,0.6238568374526736,0.0374446594572691,0.0055693002776564,1.3378191260926542e-05,0.0011827360838651,0.0007230895105749,tokens32,2026
lj_noisy,149,20,20,20,0.2693320418349398,0.0578345826230268,0.0058612530060078,2.0764693636010635e-05,0.0022027720697224,0.000922393426299,tokens32,2026
lj_noisy,150,20,20,20,0.2424651730362308,0.0589034500254587,0.0058775611339848,2.114855001309479e-05,0.0022644368931651,0.0009322823723778,tokens32,2026
reid,5,20,20,20,-2.6075482785865995,0.2497707345877521,0.0215407678341569,1.3439275958759822e-07,0.0007102296847733,0.0003764023993426,tokens32,2026
reid,10,20,20,20,-0.8842533377265629,0.2023459976321168,0.0283466184553629,1.3737130482027738e-07,0.000570751534542,0.0004187677659501,tokens32,2026
reid,25,20,20,20,0.2705487500027319,0.1351807142576209,0.0340742914742546,4.120520943118322e-07,0.00045749618439,0.0005511479597771,tokens32,2026
reid,50,20,20,20,0.7297087976029399,0.0852570702056252,0.03674579830514,1.6274232081059382e-06,0.0009046828839927,0.0006436596813728,tokens32,2026
reid,75,20,20,20,0.88961912883968,0.0544887189326846,0.0381454871288846,3.7423660671720423e-06,0.0012441948987543,0.0005674857806297,tokens32,2026
reid,100,20,20,20,0.9561174116525356,0.0331170996999307,0.0392619338029476,6.630433264831481e-06,0.0011931680142879,0.000458786409581,tokens32,2026
reid,125,20,20,20,0.9823499312650972,0.0222501522080181,0.0402783867859744,1.061696031001702e-05,0.0012160033918917,0.0004594964848365,tokens32,2026
reid,149,20,20,20,0.9865977551445336,0.0185470085487314,0.0412242650664466,1.6177537901285177e-05,0.002277213614434,0.0005314976733643,tokens32,2026
reid,150,20,20,20,0.986452087895201,0.0186094600724473,0.041262728129658,1.6455310674245994e-05,0.0023398301564157,0.0005351119907572,tokens32,2026
depablo_low_temp,5,20,20,20,0.7042944371690216,0.1195442260307585,0.0635535199374179,1.4656386460032422e-07,0.0008794641384156,0.0001012154003547,frames101,3456456
depablo_low_temp,10,20,20,20,0.8445184928236642,0.0987355261390825,0.0890919672458267,1.0598054682731117e-07,0.0006496630026958,0.0001037933594489,frames101,3456456
depablo_low_temp,25,20,20,20,0.9553536731375816,0.0580550484767209,0.1113451632350467,1.746800501578605e-07,0.0004841353627853,0.0001465221721446,frames101,3456456
depablo_low_temp,50,20,20,20,0.9808413490328812,0.0406260904259485,0.121923909291221,6.155097459270564e-07,0.0004844703013077,0.0002179621907998,frames101,3456456
depablo_low_temp,75,20,20,20,0.9890391822620886,0.0292531521587267,0.1271388104990921,1.408310590278461e-06,0.0005366751458495,0.0002979435317683,frames101,3456456
depablo_low_temp,100,20,20,20,0.985974701800314,0.03156893270628,0.1309363081666797,2.904242657564282e-06,0.0009992270264774,0.0004404258535942,frames101,3456456
depablo_low_temp,125,20,20,20,0.9728708422023356,0.0508993455121951,0.1341610869454215,6.796807832643026e-06,0.0023880807682871,0.0005067817517556,frames101,3456456
depablo_low_temp,149,20,20,20,0.9571662304863248,0.0636805491370117,0.1369949813213765,1.4874454700475326e-05,0.0042562295682728,0.000543976429617,frames101,3456456
depablo_low_temp,150,20,20,20,0.9560926950132128,0.0647345365403964,0.137105677594105,1.5321480771035566e-05,0.0043365895748138,0.0005657727015204,frames101,3456456
depablo_mixed_temp,5,20,20,20,-0.0110489617695226,0.4074850700899302,0.2267994575756468,1.8934066289233443e-05,0.0023815329986973,0.0010503557256015,frames101,3456456
depablo_mixed_temp,10,20,20,20,-0.1676236527996184,0.3540454018876909,0.1792210970466572,2.40381700564285e-05,0.003129460348282,0.0015116630936972,frames101,3456456
depablo_mixed_temp,25,20,20,20,0.1540752707812717,0.2312799951915084,0.1814265265332104,2.178014879916645e-05,0.0031352079822681,0.0015686717597418,frames101,3456456
depablo_mixed_temp,50,20,20,20,0.5209403059459375,0.1765278771645076,0.1290510646927359,3.387180740332951e-05,0.0032386862905696,0.0030223822934203,frames101,3456456
depablo_mixed_temp,75,20,20,20,0.803950174108387,0.125001462428884,0.1721180025747532,3.033574909920844e-05,0.0033011456951498,0.0019875216326909,frames101,3456456
depablo_mixed_temp,100,20,20,20,0.6453088446676799,0.1369583880756796,0.1264354805514444,3.327844473233199e-05,0.0024187894072383,0.0026253301097312,frames101,3456456
depablo_mixed_temp,125,20,20,20,0.3795592881209603,0.1843788882052548,0.1548213597822952,5.1908105785969386e-05,0.0033257205504924,0.0034132924571167,frames101,3456456
depablo_mixed_temp,149,20,20,20,0.257473990619681,0.208449223131745,0.1320205212672846,6.285921776907343e-05,0.0044733508024364,0.0036329326918348,frames101,3456456
depablo_mixed_temp,150,20,20,20,0.4323476012890013,0.1988088334526991,0.1378886511040539,4.718247364507988e-05,0.0057441550772637,0.002629319022526,frames101,3456456
lj_noisy,5,20,20,20,-13.722649361197096,0.1192836802320878,0.0012192600578043,3.676099677996092e-08,0.0003084710988332,0.0001692491132416,frames101,3456456
lj_noisy,10,20,20,20,-2.207899955417034,0.0736627823372239,0.0021538442446725,5.0192724554420925e-08,0.0002472541091265,0.0001485420449171,frames101,3456456
lj_noisy,25,20,20,20,0.3201741197279736,0.0434398009595998,0.0041168599721615,2.9121418378963424e-07,0.0002712361980229,0.0001580302603542,frames101,3456456
lj_noisy,50,20,20,20,0.5920351737825047,0.0367907859828782,0.0047651600463273,1.5228775481546108e-06,0.0004276707302778,0.0002296079881489,frames101,3456456
lj_noisy,75,20,20,20,0.5893019924553173,0.0399701111193624,0.0050961142073924,3.977357550866145e-06,0.0005439145024865,0.0002813531667925,frames101,3456456
lj_noisy,100,20,20,20,0.290192944019328,0.0500694354249367,0.0053100823581802,8.037887869249972e-06,0.0009681906085461,0.0003728833282366,frames101,3456456
lj_noisy,125,20,20,20,-0.8462038210881049,0.0852391135929881,0.0055693002776564,1.4925285677236389e-05,0.0025077230297029,0.0005785430315881,frames101,3456456
lj_noisy,149,20,20,20,-2.697596743216406,0.1306667609692979,0.0058612530060078,2.5270867627114055e-05,0.004267288185656,0.0009868750581517,frames101,3456456
lj_noisy,150,20,20,20,-2.784272053590393,0.132273717272987,0.0058775611339848,2.581021954028984e-05,0.004344463488087,0.0010110686067491,frames101,3456456
reid,5,20,20,20,-0.1778926889797012,0.1325267746976776,0.0215407678341569,3.069040621639374e-08,0.0002795739768771,0.0001332796405222,frames101,3456456
reid,10,20,20,20,0.5590983904591549,0.0940596055857338,0.0283466184553629,5.125467035238529e-08,0.0002162285265512,0.0001504079726146,frames101,3456456
reid,25,20,20,20,0.902442517755791,0.0482810402714292,0.0340742914742546,3.002068481805509e-07,0.0003362983930855,0.0001829009059292,frames101,3456456
reid,50,20,20,20,0.963936445360824,0.0270664752116183,0.03674579830514,1.393621727174832e-06,0.0005082300165668,0.0002199624977947,frames101,3456456
reid,75,20,20,20,0.980788975878826,0.0207029791048871,0.0381454871288846,3.38329415114913e-06,0.0005167160183191,0.0002727665261772,frames101,3456456
reid,100,20,20,20,0.9705888942766998,0.0269042257431938,0.0392619338029476,6.71876674118721e-06,0.001232564728707,0.0003653489082353,frames101,3456456
reid,125,20,20,20,0.9277931944657412,0.0390272652370144,0.0402783867859744,1.303060478221596e-05,0.0033137255348265,0.0005640506773488,frames101,3456456
reid,149,20,20,20,0.8774347793353249,0.0502109018346202,0.0412242650664466,2.291329213903737e-05,0.0058303652331233,0.0008273844563518,frames101,3456456
reid,150,20,20,20,0.8752374765234375,0.0505933280924919,0.041262728129658,2.3414250790665392e-05,0.0059401603881269,0.0008391686453251,frames101,3456456
depablo_low_temp,5,20,20,20,0.7614013732388153,0.0971364609858049,0.0635535199374179,2.078684352202487e-07,0.0009743719216203,0.000201228901642,frames101,123
depablo_low_temp,10,20,20,20,0.8443068503081088,0.0951993173376649,0.0890919672458267,1.1565384463452233e-07,0.0006537699257023,0.0001411487690347,frames101,123
depablo_low_temp,25,20,20,20,0.9162092062697014,0.0738045920206233,0.1113451632350467,1.7123778173200321e-07,0.0003512537921778,0.0002038963117229,frames101,123
depablo_low_temp,50,20,20,20,0.9458149230445636,0.0587314477859794,0.121923909291221,6.558528717448553e-07,0.0005408094031736,0.0003508190187858,frames101,123
depablo_low_temp,75,20,20,20,0.9631509016177514,0.0477327637439233,0.1271388104990921,1.4924044677400162e-06,0.0006806707009673,0.0004926610301481,frames101,123
depablo_low_temp,100,20,20,20,0.9647781220961746,0.0498507065203042,0.1309363081666797,2.984034867381524e-06,0.0011490608099848,0.0007846495806006,frames101,123
depablo_low_temp,125,20,20,20,0.9530840825174092,0.0613915010407899,0.1341610869454215,6.0312732671263806e-06,0.0020382588263601,0.0012857164954766,frames101,123
depablo_low_temp,149,20,20,20,0.9299896188593532,0.0789388261540156,0.1369949813213765,1.1556071331142449e-05,0.0033757219091057,0.0020235797506757,frames101,123
depablo_low_temp,150,20,20,20,0.928831541604524,0.0796494395694325,0.137105677594105,1.1855437537633409e-05,0.003439843468368,0.0020587806007824,frames101,123
depablo_mixed_temp,5,20,20,20,-0.212648051376622,0.3990745630262568,0.2267994575756468,1.5251206395561212e-05,0.0016782887571025,0.0005135410283401,frames101,123
depablo_mixed_temp,10,20,20,20,-0.3617634272894605,0.3802988682897988,0.1792210970466572,1.6255122366715115e-05,0.0014721344748977,0.0006724932922224,frames101,123
depablo_mixed_temp,25,20,20,20,-0.052741953637023,0.2954514724470898,0.1814265265332104,1.6484212287792844e-05,0.0020087745622731,0.0006513617554446,frames101,123
depablo_mixed_temp,50,20,20,20,0.3852562907053388,0.1841397980257519,0.1290510646927359,2.230409291001933e-05,0.0037067946745082,0.0007328863837756,frames101,123
depablo_mixed_temp,75,20,20,20,-0.4665151343656035,0.2472329516401203,0.1721180025747532,2.458890550940396e-05,0.0041406531818211,0.0013966036742203,frames101,123
depablo_mixed_temp,100,20,20,20,0.6495421570174191,0.1340818445707267,0.1264354805514444,2.4848892149975654e-05,0.0028627987019717,0.0016459522594232,frames101,123
depablo_mixed_temp,125,20,20,20,0.7805442121682921,0.132634879721637,0.1548213597822952,2.869849760145371e-05,0.0038028355687856,0.002547796696308,frames101,123
depablo_mixed_temp,149,20,20,20,0.5354646750148865,0.1617283385846961,0.1320205212672846,3.556900618377768e-05,0.0053691842127591,0.0022979981964454,frames101,123
depablo_mixed_temp,150,20,20,20,0.7096780090257502,0.1374690673851586,0.1378886511040539,3.5509448241555217e-05,0.0054788860958069,0.0019895066157914,frames101,123
lj_noisy,5,20,20,20,-17.62713165717266,0.1328537837902421,0.0012192600578043,1.8558722070238783e-08,0.0001221798593178,0.0001018965194816,frames101,123
lj_noisy,10,20,20,20,-2.6658946479977303,0.078768309912268,0.0021538442446725,4.260606276673684e-08,0.0001976777566596,8.957744430517777e-05,frames101,123
lj_noisy,25,20,20,20,0.1611397956357146,0.0475151148086263,0.0041168599721615,3.131541234324686e-07,0.0003832104383036,0.0001511793874669,frames101,123
lj_noisy,50,20,20,20,0.2086759804743527,0.0502187146265341,0.0047651600463273,1.557680008090756e-06,0.0005441028857603,0.0002590847667306,frames101,123
lj_noisy,75,20,20,20,0.002171841432036,0.055505314182993,0.0050961142073924,4.058118759076024e-06,0.0008003621362149,0.0004326070775277,frames101,123
lj_noisy,100,20,20,20,-0.40096657145761,0.0663502814826217,0.0053100823581802,8.067089584073984e-06,0.0013077714480459,0.0006391521310433,frames101,123
lj_noisy,125,20,20,20,-1.5268523612817555,0.0968407021528008,0.0055693002776564,1.447751305931888e-05,0.0024310871493071,0.0009032335598021,frames101,123
lj_noisy,149,20,20,20,-2.69858713683002,0.12256853093593,0.0058612530060078,2.4064937906587148e-05,0.0038013412151485,0.0011653241934254,frames101,123
lj_noisy,150,20,20,20,-2.7330924823536766,0.1232306310392974,0.0058775611339848,2.455246794852428e-05,0.0038570828270167,0.0011751976329833,frames101,123
reid,5,20,20,20,-0.743606270735953,0.1574133088280169,0.0215407678341569,2.5607666076510328e-08,0.0002316057303687,0.000168041300094,frames101,123
reid,10,20,20,20,0.2042063534374162,0.1160059265349803,0.0283466184553629,5.2734618671834716e-08,0.000214636552846,0.0001963182528925,frames101,123
reid,25,20,20,20,0.7378117160913951,0.0701340688001605,0.0340742914742546,3.422437558242564e-07,0.0005013301037251,0.0002916077799454,frames101,123
reid,50,20,20,20,0.9172183570129282,0.038025495881674,0.03674579830514,1.4699153446429135e-06,0.0006722633494064,0.0003101081987551,frames101,123
reid,75,20,20,20,0.9484214157145044,0.0366715952796705,0.0381454871288846,3.470116904225051e-06,0.0008178737014532,0.0004616385762346,frames101,123
reid,100,20,20,20,0.9133034457568908,0.0481962974919759,0.0392619338029476,6.908882764378177e-06,0.0016077167820185,0.0007230650517158,frames101,123
reid,125,20,20,20,0.8557259134381693,0.0609553207218879,0.0402783867859744,1.2887055009969118e-05,0.0034613651689141,0.0010086522524943,frames101,123
reid,149,20,20,20,0.8012428640088105,0.071305284683399,0.0412242650664466,2.174361820834747e-05,0.005594249209389,0.0013302040810231,frames101,123
reid,150,20,20,20,0.7991413769852468,0.071702706787913,0.041262728129658,2.218480285591795e-05,0.0056876611895859,0.0013442422496154,frames101,123
depablo_low_temp,5,20,20,20,0.4074200750296308,0.1794424402736481,0.0635535199374179,8.510070004241754e-08,0.0005678806221112,0.0002030371440923,frames101,456
depablo_low_temp,10,20,20,20,0.7222093471183673,0.1449928683588232,0.0890919672458267,6.596119996871153e-08,0.0003933947766199,0.0002315752899448,frames101,456
depablo_low_temp,25,20,20,20,0.9046636303517678,0.0883144692356705,0.1113451632350467,1.9052578181799618e-07,0.0004388471832498,0.0003048638725886,frames101,456
depablo_low_temp,50,20,20,20,0.9757665874645948,0.0420108544324557,0.121923909291221,6.699027771617238e-07,0.000716413417831,0.0002442965065711,frames101,456
depablo_low_temp,75,20,20,20,0.9825899651362214,0.0357543666430284,0.1271388104990921,1.5850468734868171e-06,0.0011129314545542,0.0003106603500782,frames101,456
depablo_low_temp,100,20,20,20,0.9827385999384464,0.0380390962927149,0.1309363081666797,3.169706704397868e-06,0.0017943212762475,0.0004727354767965,frames101,456
depablo_low_temp,125,20,20,20,0.9736309839346622,0.0511894996566126,0.1341610869454215,6.578428002512737e-06,0.0034045471809804,0.0008277693472336,frames101,456
depablo_low_temp,149,20,20,20,0.947129865659398,0.0704029372978236,0.1369949813213765,1.2854309647991614e-05,0.0056606370490044,0.0012988458911422,frames101,456
depablo_low_temp,150,20,20,20,0.9457210704363752,0.0712204074800491,0.137105677594105,1.3193963968660685e-05,0.0057643206790089,0.0013206657313276,frames101,456
depablo_mixed_temp,5,20,20,20,0.1223586850021152,0.3527576086252857,0.2267994575756468,2.317410075072246e-05,0.0045711564132943,0.0019024777502636,frames101,456
depablo_mixed_temp,10,20,20,20,0.0124866436889694,0.2930174037974952,0.1792210970466572,2.797494897848196e-05,0.0049503638176247,0.0018361442242166,frames101,456
depablo_mixed_temp,25,20,20,20,0.2454784525437622,0.2701876861646669,0.1814265265332104,2.9827667185600147e-05,0.0051180841517634,0.0022479488325188,frames101,456
depablo_mixed_temp,50,20,20,20,0.3719569707535362,0.1880459069054124,0.1290510646927359,2.622974277812773e-05,0.0034935009200125,0.0022607261445955,frames101,456
depablo_mixed_temp,75,20,20,20,0.8374727104360606,0.1279079550154181,0.1721180025747532,2.326179732676792e-05,0.0022936773020774,0.001540525672317,frames101,456
depablo_mixed_temp,100,20,20,20,0.8006437559233969,0.1127618251902563,0.1264354805514444,2.5707000821739716e-05,0.0019128644838929,0.0017381575293256,frames101,456
depablo_mixed_temp,125,20,20,20,0.7981190876796289,0.1304634550617193,0.1548213597822952,2.8254925700821333e-05,0.002377691399306,0.0024884545127861,frames101,456
depablo_mixed_temp,149,20,20,20,0.7164199514681533,0.150919754252711,0.1320205212672846,3.4274022141289606e-05,0.0053706512786448,0.0026252890529576,frames101,456
depablo_mixed_temp,150,20,20,20,0.741719554068716,0.1458212146777669,0.1378886511040539,3.266533592523046e-05,0.00516620837152,0.0024647095124237,frames101,456
lj_noisy,5,20,20,20,-35.95805583975405,0.148672941375367,0.0012192600578043,4.4004769206296143e-08,0.0003585222788387,0.0001496321077866,frames101,456
lj_noisy,10,20,20,20,-0.7034263134201877,0.0464277260667834,0.0021538442446725,5.927946125083849e-08,0.0002916950790677,0.0001500266589573,frames101,456
lj_noisy,25,20,20,20,0.3060655641501327,0.0443123664145244,0.0041168599721615,2.9621326262940785e-07,0.0002338015125133,0.0001937187975272,frames101,456
lj_noisy,50,20,20,20,0.486996677419877,0.0372826051386032,0.0047651600463273,1.5098608741936911e-06,0.0003927331184968,0.0002315103716682,frames101,456
lj_noisy,75,20,20,20,0.3556530760942603,0.0454570929893404,0.0050961142073924,3.985196974554128e-06,0.0005699487868696,0.0004214735818095,frames101,456
lj_noisy,100,20,20,20,0.0446323869684234,0.0586765826697333,0.0053100823581802,8.447964546576259e-06,0.0015123976860195,0.000673189992085,frames101,456
lj_noisy,125,20,20,20,-2.2353923559407507,0.1149450053780074,0.0055693002776564,1.748769232108316e-05,0.0040768646635115,0.001068323245272,frames101,456
lj_noisy,149,20,20,20,-5.165394622071176,0.1664013760781012,0.0058612530060078,3.3177691329910884e-05,0.007373676309362,0.001701342978049,frames101,456
lj_noisy,150,20,20,20,-5.2826463278017695,0.1685363674686662,0.0058775611339848,3.40104218594206e-05,0.0075141058303415,0.0017341453465633,frames101,456
reid,5,20,20,20,-2.684476012226125,0.2532326237544511,0.0215407678341569,3.933342247464112e-08,0.0002714561327593,0.0002658997593243,frames101,456
reid,10,20,20,20,-0.5971606183379268,0.1821347080364007,0.0283466184553629,6.649629007426938e-08,0.000226291018771,0.0002998432173626,frames101,456
reid,25,20,20,20,0.5446486884872599,0.1001244934024173,0.0340742914742546,3.483801123138619e-07,0.000500629027374,0.0003682215734443,frames101,456
reid,50,20,20,20,0.8821440278865661,0.0516026778555625,0.03674579830514,1.4484324353247755e-06,0.000781792635098,0.0003152027304167,frames101,456
reid,75,20,20,20,0.9591467827287488,0.0324619060121516,0.0381454871288846,3.398893657902136e-06,0.0008209020365029,0.0002953555747808,frames101,456
reid,100,20,20,20,0.9408529217557852,0.0394767520375594,0.0392619338029476,6.92710386545059e-06,0.0018762429244816,0.00036894918303,frames101,456
reid,125,20,20,20,0.8455535777786752,0.0662121706417677,0.0402783867859744,1.3760898218606598e-05,0.004219326749444,0.0005174773352337,frames101,456
reid,149,20,20,20,0.7165918844909025,0.0925957214957156,0.0412242650664466,2.5019958707162003e-05,0.0070319425780326,0.0007036731374682,frames101,456
reid,150,20,20,20,0.7109258903805252,0.0935634321604012,0.041262728129658,2.5602104733479796e-05,0.0071561572607606,0.0007140400528442,frames101,456
depablo_low_temp,5,20,20,20,0.5968710301577509,0.1125034429437187,0.0635535199374179,4.3642823754908025e-08,0.0003668843215564,0.0001330931774646,frames101,786
depablo_low_temp,10,20,20,20,0.907144544274988,0.0676120610707488,0.0890919672458267,3.467016878033746e-08,0.0001975544961169,0.0001197190187667,frames101,786
depablo_low_temp,25,20,20,20,0.9827168392789306,0.0338545053858432,0.1113451632350467,1.4889906907455952e-07,0.0002377306693233,0.0001516389813332,frames101,786
depablo_low_temp,50,20,20,20,0.9887842000180904,0.0307021585066539,0.121923909291221,6.205796562852584e-07,0.0004844992421567,0.00021234069427,frames101,786
depablo_low_temp,75,20,20,20,0.987353771430582,0.0298644748431384,0.1271388104990921,1.4879419474311817e-06,0.0006857853382825,0.0003132689773337,frames101,786
depablo_low_temp,100,20,20,20,0.9479856894700583,0.0530449357599193,0.1309363081666797,4.092239151987087e-06,0.001221560453996,0.0006805330573115,frames101,786
depablo_low_temp,125,20,20,20,0.7827827518822129,0.0989334604713256,0.1341610869454215,1.457389387553576e-05,0.0027587247546762,0.0018392051715636,frames101,786
depablo_low_temp,149,20,20,20,0.5669369484305926,0.1578850746848385,0.1369949813213765,3.310022395908163e-05,0.0043475017882883,0.0036184466676786,frames101,786
depablo_low_temp,150,20,20,20,0.5590073187022903,0.1603129414555783,0.137105677594105,3.404033383276328e-05,0.0044152129441499,0.0036974196496885,frames101,786
depablo_mixed_temp,5,20,20,20,-0.7409356185755553,0.4324225604749562,0.2267994575756468,3.183844776160072e-05,0.0036448450700845,0.0025257058929128,frames101,786
depablo_mixed_temp,10,20,20,20,-0.516217866874872,0.3831784852177557,0.1792210970466572,3.932436092668468e-05,0.0043429889541584,0.003481967648986,frames101,786
depablo_mixed_temp,25,20,20,20,-0.2484739288153239,0.3086622766666771,0.1814265265332104,2.782362576425612e-05,0.0025639635976403,0.00246318429854,frames101,786
depablo_mixed_temp,50,20,20,20,0.4131539674520789,0.1889476075352761,0.1290510646927359,4.040249443733046e-05,0.003056323993951,0.003019009957461,frames101,786
depablo_mixed_temp,75,20,20,20,0.4322389796421267,0.184462465777128,0.1721180025747532,3.583910880138319e-05,0.003976520942524,0.0021365982334828,frames101,786
depablo_mixed_temp,100,20,20,20,0.6285295686725854,0.1282161462628161,0.1264354805514444,5.7350276421175295e-05,0.0052565154153853,0.0027275294036371,frames101,786
depablo_mixed_temp,125,20,20,20,0.8138076059963095,0.1264690631097595,0.1548213597822952,4.673757478030893e-05,0.0030510848388075,0.0021001273300498,frames101,786
depablo_mixed_temp,149,20,20,20,-0.6638313801287963,0.2773756722162818,0.1320205212672846,9.591446435024408e-05,0.0040743947029113,0.0058691375947091,frames101,786
depablo_mixed_temp,150,20,20,20,0.0470520019568637,0.2607501848256228,0.1378886511040539,7.926094432377794e-05,0.0056900925934314,0.0054241667763562,frames101,786
lj_noisy,5,20,20,20,-14.629070377516475,0.1021716316379842,0.0012192600578043,1.9525501882000643e-08,0.0001618223235709,8.337214749190024e-05,frames101,786
lj_noisy,10,20,20,20,-2.6008364102541184,0.0656135182162997,0.0021538442446725,3.654250768647671e-08,0.0001138158899266,8.802416850812733e-05,frames101,786
lj_noisy,25,20,20,20,0.34264614599319,0.0418682950618155,0.0041168599721615,2.843419323994567e-07,0.0002207609242759,9.890719666145742e-05,frames101,786
lj_noisy,50,20,20,20,0.6767573288944067,0.0324145615670267,0.0047651600463273,1.5282318202025635e-06,0.0004699347540736,0.0001681299880146,frames101,786
lj_noisy,75,20,20,20,0.4790877503075521,0.0402943453206263,0.0050961142073924,4.021105780793732e-06,0.0006882449612021,0.0003242120961658,frames101,786
lj_noisy,100,20,20,20,-0.5148093918671828,0.0733808746947568,0.0053100823581802,8.518792992617818e-06,0.0013591185677796,0.0005359463859349,frames101,786
lj_noisy,125,20,20,20,-3.0688333833603654,0.1265731932123508,0.0055693002776564,1.6890936353775033e-05,0.0033190418966114,0.0007714709965512,frames101,786
lj_noisy,149,20,20,20,-6.710039746970655,0.1863990776811772,0.0058612530060078,2.960445085591345e-05,0.0056469172239303,0.0010753016686066,frames101,786
lj_noisy,150,20,20,20,-6.869058996657064,0.1887506495712633,0.0058775611339848,3.023887020390248e-05,0.0057447598781436,0.0010901066241785,frames101,786
reid,5,20,20,20,-1.5665275957627331,0.2150991490912864,0.0215407678341569,1.6898668464548905e-08,8.741133497096598e-05,0.0001574162535689,frames101,786
reid,10,20,20,20,0.4051199888343827,0.117589477196974,0.0283466184553629,4.2798354638051705e-08,0.0001665996969677,0.0001699083055427,frames101,786
reid,25,20,20,20,0.8931603788716416,0.052680118241974,0.0340742914742546,2.9352662895831826e-07,0.0003661954542621,0.0002102648650179,frames101,786
reid,50,20,20,20,0.9568296780996502,0.0331796278121583,0.03674579830514,1.4283873142062475e-06,0.0005864599952474,0.0002527371892938,frames101,786
reid,75,20,20,20,0.969115664213096,0.0282533368609041,0.0381454871288846,3.450543185579136e-06,0.0006649040151387,0.0003193746568285,frames101,786
reid,100,20,20,20,0.9557211496117102,0.0319595114868466,0.0392619338029476,6.9042824975440455e-06,0.0012975156772881,0.0004658241799916,frames101,786
reid,125,20,20,20,0.9013453468211176,0.0445809671314869,0.0402783867859744,1.3265520863114943e-05,0.0026607513427734,0.0009203567286022,frames101,786
reid,149,20,20,20,0.8270748535894915,0.0572404528357842,0.0412242650664466,2.4025310119668573e-05,0.0041088518686592,0.0015453771469765,frames101,786
reid,150,20,20,20,0.82369086036819,0.0577944666022093,0.041262728129658,2.460730532902744e-05,0.0041680822148919,0.0015737237423309,frames101,786
depablo_low_temp,5,20,20,20,0.6560428205514713,0.1247344297172194,0.0635535199374179,2.411189979234507e-07,0.0011144064366817,0.0001455292262107,frames101,2026
depablo_low_temp,10,20,20,20,0.7741105356511648,0.12312834292466,0.0890919672458267,1.817314322138941e-07,0.0008911051263567,0.0001381876390951,frames101,2026
depablo_low_temp,25,20,20,20,0.8861897452537761,0.0973106646381846,0.1113451632350467,2.623977271909439e-07,0.0008052066084928,0.0002344038308365,frames101,2026
depablo_low_temp,50,20,20,20,0.9364579641192982,0.0732470543772975,0.121923909291221,6.980263925981944e-07,0.0006809560814872,0.000417026229843,frames101,2026
depablo_low_temp,75,20,20,20,0.9573056690230628,0.0592965042073216,0.1271388104990921,1.489962696865632e-06,0.0005382363218814,0.0005803641019156,frames101,2026
depablo_low_temp,100,20,20,20,0.9439104614182718,0.0635862864473292,0.1309363081666797,2.9444867109873484e-06,0.0008641864173114,0.0008650778239825,frames101,2026
depablo_low_temp,125,20,20,20,0.8836593080320433,0.0905753539483561,0.1341610869454215,6.324884310515699e-06,0.0015604986343532,0.0015965879370924,frames101,2026
depablo_low_temp,149,20,20,20,0.8065769344674498,0.1214432618389705,0.1369949813213765,1.2760977222114887e-05,0.0025032533332705,0.0026508334383834,frames101,2026
depablo_low_temp,150,20,20,20,0.8034383950557658,0.122736891964586,0.137105677594105,1.3099935222271597e-05,0.002545328438282,0.0027012038975954,frames101,2026
depablo_mixed_temp,5,20,20,20,0.0830964499627724,0.3760496557720025,0.2267994575756468,1.4882652861558654e-05,0.0019052735238801,0.0005003339287213,frames101,2026
depablo_mixed_temp,10,20,20,20,0.3348790403568009,0.262845496495213,0.1792210970466572,2.2820212944907325e-05,0.0037889360741246,0.0007606785702591,frames101,2026
depablo_mixed_temp,25,20,20,20,0.4433121275742642,0.2110251180805432,0.1814265265332104,2.127850543729437e-05,0.0029410175862722,0.0009108168276725,frames101,2026
depablo_mixed_temp,50,20,20,20,0.7203080318597322,0.1466518825239289,0.1290510646927359,2.0723365778962943e-05,0.0025868382537737,0.000866689770919,frames101,2026
depablo_mixed_temp,75,20,20,20,0.7504100420302419,0.1446531457972452,0.1721180025747532,2.08656181087008e-05,0.0023583969101309,0.0014005749602802,frames101,2026
depablo_mixed_temp,100,20,20,20,0.8184858592499451,0.1143048149292443,0.1264354805514444,2.366073326243168e-05,0.0019262185553088,0.0013689304556464,frames101,2026
depablo_mixed_temp,125,20,20,20,0.8905207518628088,0.097854359216894,0.1548213597822952,2.503209104816051e-05,0.0025538235902786,0.0020391593978274,frames101,2026
depablo_mixed_temp,149,20,20,20,0.746297973835486,0.1372310351884699,0.1320205212672846,3.139501372970699e-05,0.0040455140639096,0.0026705191994551,frames101,2026
depablo_mixed_temp,150,20,20,20,0.7038352911593894,0.1553059231222219,0.1378886511040539,3.2697188760266724e-05,0.0036594800185412,0.0028256026795133,frames101,2026
lj_noisy,5,20,20,20,-6.050010824060099,0.0736769902779652,0.0012192600578043,4.0632934883433344e-08,0.0002937891840701,0.0001456170248275,frames101,2026
lj_noisy,10,20,20,20,0.1507267882299684,0.0355241922282782,0.0021538442446725,5.1083409235985764e-08,0.0002430258144158,0.0001018326860503,frames101,2026
lj_noisy,25,20,20,20,0.4769935886716765,0.0379506648046851,0.0041168599721615,2.893590355768083e-07,0.0002591836964711,0.0001085940399207,frames101,2026
lj_noisy,50,20,20,20,0.383534811466781,0.0411248786785544,0.0047651600463273,1.5372686476666786e-06,0.0005176058271899,0.0002557589788921,frames101,2026
lj_noisy,75,20,20,20,0.3280170248106462,0.0409141485653494,0.0050961142073924,4.071759792623197e-06,0.0006856298539787,0.0004296330502256,frames101,2026
lj_noisy,100,20,20,20,0.1682860610470039,0.0550833933165241,0.0053100823581802,8.011500199245347e-06,0.0008939520455896,0.0006325252819806,frames101,2026
lj_noisy,125,20,20,20,-1.0203513274851934,0.0953207032203184,0.0055693002776564,1.44338656355103e-05,0.002439968008548,0.0009086433448828,frames101,2026
lj_noisy,149,20,20,20,-2.555300480950839,0.1340169989627662,0.0058612530060078,2.4052820708675427e-05,0.0042514257133007,0.0012263309559784,frames101,2026
lj_noisy,150,20,20,20,-2.611230043944761,0.1352666631761991,0.0058775611339848,2.453993047311087e-05,0.0043255202006548,0.0012405357556417,frames101,2026
reid,5,20,20,20,0.0039888006910715,0.1286198390692274,0.0215407678341569,1.1119697798100961e-07,0.0007348810933763,0.0001745727371599,frames101,2026
reid,10,20,20,20,0.3724018306178995,0.1178189222242811,0.0283466184553629,1.0084124344444945e-07,0.0005417160864453,0.0002109320883391,frames101,2026
reid,25,20,20,20,0.7742753910724215,0.0768001924298185,0.0340742914742546,3.703005342359234e-07,0.00052069487283,0.0002661832695594,frames101,2026
reid,50,20,20,20,0.938871178135901,0.041970728032176,0.03674579830514,1.491429141253775e-06,0.0007197961909696,0.0002956973112304,frames101,2026
reid,75,20,20,20,0.964715409992605,0.0298726475087691,0.0381454871288846,3.400937080755284e-06,0.0005809501279145,0.00037063290074,frames101,2026
reid,100,20,20,20,0.955942169637388,0.0292475872014725,0.0392619338029476,6.47769105057705e-06,0.0010206076316535,0.0004258657630998,frames101,2026
reid,125,20,20,20,0.9396752782429916,0.035182145926217,0.0402783867859744,1.1409338736712017e-05,0.0020802835933864,0.0005573654256295,frames101,2026
reid,149,20,20,20,0.9210437075218896,0.0419460756921286,0.0412242650664466,1.880760888752775e-05,0.0035862592048943,0.0008406810549786,frames101,2026
reid,150,20,20,20,0.9201799605977375,0.0422678997157197,0.041262728129658,1.9188643193501772e-05,0.003655270114541,0.000855612635496,frames101,2026
depablo_low_temp,5,20,20,20,0.6691057976254662,0.1230200691846629,0.0635535199374179,4.927960231881912e-07,0.0015730336104752,0.0002546017924032,source_mean,3456456
depablo_low_temp,10,20,20,20,0.7840746976672337,0.1221175346926597,0.0890919672458267,3.927825567018317e-07,0.0013182819355279,0.0001929634534462,source_mean,3456456
depablo_low_temp,25,20,20,20,0.8750089322470018,0.0983615901913094,0.1113451632350467,3.725329975168279e-07,0.0010261625051498,0.0001982681234949,source_mean,3456456
depablo_low_temp,50,20,20,20,0.9354762210740162,0.0728684176698728,0.121923909291221,7.689533802590632e-07,0.0008650861913338,0.0003584081379813,source_mean,3456456
depablo_low_temp,75,20,20,20,0.9560626703246986,0.0606550743660041,0.1271388104990921,1.5968738594551725e-06,0.0008920019492506,0.0004828709250432,source_mean,3456456
depablo_low_temp,100,20,20,20,0.9648015457143222,0.0540581247667387,0.1309363081666797,2.8748795358524148e-06,0.0010236911941319,0.0005839467630721,source_mean,3456456
depablo_low_temp,125,20,20,20,0.9684523042759294,0.0474914135917398,0.1341610869454215,4.711881049956901e-06,0.0011661970987915,0.0006841137947048,source_mean,3456456
depablo_low_temp,149,20,20,20,0.9547505096002324,0.0527325029548103,0.1369949813213765,7.560104992876404e-06,0.0016342019662261,0.0008734221744816,source_mean,3456456
depablo_low_temp,150,20,20,20,0.9536840665935092,0.0535008900972065,0.137105677594105,7.714438385164613e-06,0.001662132050842,0.0008905146562028,source_mean,3456456
depablo_mixed_temp,5,20,20,20,-0.067750752982211,0.4052965774925826,0.2267994575756468,1.56298425558532e-05,0.0022763459928683,0.0005861280929821,source_mean,3456456
depablo_mixed_temp,10,20,20,20,0.3165004949471411,0.2498703182197258,0.1792210970466572,2.0000858534530152e-05,0.0031140048406086,0.0005569549064603,source_mean,3456456
depablo_mixed_temp,25,20,20,20,0.6009645317195176,0.218200672589262,0.1814265265332104,1.793817341706472e-05,0.0025120264152064,0.0005878317373571,source_mean,3456456
depablo_mixed_temp,50,20,20,20,0.8737647748829952,0.1002723654788232,0.1290510646927359,2.144565099513329e-05,0.0030199302826076,0.0008351806878636,source_mean,3456456
depablo_mixed_temp,75,20,20,20,0.8700795388877808,0.098051488669121,0.1721180025747532,2.3341544920185695e-05,0.0032418641727417,0.0007144609087845,source_mean,3456456
depablo_mixed_temp,100,20,20,20,0.8867224787964156,0.0869352379017109,0.1264354805514444,2.5429934407839027e-05,0.0025871075689792,0.0010616703657433,source_mean,3456456
depablo_mixed_temp,125,20,20,20,0.7815866639451113,0.1001218429795904,0.1548213597822952,3.0240962360039703e-05,0.003588124550879,0.001514884721837,source_mean,3456456
depablo_mixed_temp,149,20,20,20,0.8765529917971189,0.0923705289304426,0.1320205212672846,2.8924134073804453e-05,0.0026734402868896,0.0014538573042955,source_mean,3456456
depablo_mixed_temp,150,20,20,20,0.8824351029080146,0.084936415642539,0.1378886511040539,2.7530943032161304e-05,0.0026031017303466,0.0013411362830083,source_mean,3456456
lj_noisy,5,20,20,20,-11.45380361593143,0.0990280721570808,0.0012192600578043,1.5523059850863777e-07,0.000840259634424,0.0002459422001265,source_mean,3456456
lj_noisy,10,20,20,20,-4.037425981805482,0.0832679177462676,0.0021538442446725,1.3142977728364258e-07,0.0006303742411546,0.0002192611500504,source_mean,3456456
lj_noisy,25,20,20,20,-0.4444512257720288,0.0608506965209345,0.0041168599721615,3.386619717105077e-07,0.0003726189024746,0.0002291449811309,source_mean,3456456
lj_noisy,50,20,20,20,0.2276554426931288,0.0443993750176633,0.0047651600463273,1.5671445936504824e-06,0.0005258766235783,0.0002844395115971,source_mean,3456456
lj_noisy,75,20,20,20,0.1521947744193622,0.0484278225579109,0.0050961142073924,4.036353720948682e-06,0.0007351223379373,0.0004957644734531,source_mean,3456456
lj_noisy,100,20,20,20,0.1607701408769989,0.0482876433855568,0.0053100823581802,7.774990376674395e-06,0.0008283627219498,0.0006245883647352,source_mean,3456456
lj_noisy,125,20,20,20,0.2879657097299947,0.0438005508520557,0.0055693002776564,1.2988672278879675e-05,0.0008000434376299,0.000689356541261,source_mean,3456456
lj_noisy,149,20,20,20,0.2073360138412288,0.0530549832138221,0.0058612530060078,1.978260379473795e-05,0.0011575096286833,0.0008220633724704,source_mean,3456456
lj_noisy,150,20,20,20,0.192420329884283,0.053944956230711,0.0058775611339848,2.011944288824452e-05,0.0011897007003426,0.0008334264624863,source_mean,3456456
reid,5,20,20,20,-0.6951326870600041,0.1649906736775488,0.0215407678341569,1.3887245131627426e-07,0.0007551221526227,0.0001989047650567,source_mean,3456456
reid,10,20,20,20,0.1324532076522646,0.1359102256846014,0.0283466184553629,1.192946418981933e-07,0.0005431192694231,0.0002299299769219,source_mean,3456456
reid,25,20,20,20,0.7200695796472386,0.0829230470337564,0.0340742914742546,3.466260494633389e-07,0.0004261818365193,0.0003132030520646,source_mean,3456456
reid,50,20,20,20,0.8993691222816531,0.048003847646025,0.03674579830514,1.4472908468121658e-06,0.0006447019055485,0.0003822879618383,source_mean,3456456
reid,75,20,20,20,0.9361672382402252,0.0387344760412929,0.0381454871288846,3.4313977636202254e-06,0.0008027090225368,0.0004864665752393,source_mean,3456456
reid,100,20,20,20,0.9498432639881054,0.0352119573539568,0.0392619338029476,6.372084551742318e-06,0.0007142098154872,0.0006017499486915,source_mean,3456456
reid,125,20,20,20,0.95090221145096,0.0351284486341208,0.0402783867859744,1.0439213554036542e-05,0.000774732325226,0.0007212855489342,source_mean,3456456
reid,149,20,20,20,0.9229611406384932,0.0417905292953643,0.0412242650664466,1.633569173691285e-05,0.0017238448373973,0.0008698652643943,source_mean,3456456
reid,150,20,20,20,0.921090974287503,0.0422858937754318,0.041262728129658,1.664365877900309e-05,0.0017805094830691,0.000876502887695,source_mean,3456456
depablo_low_temp,5,20,20,20,0.7857836459170916,0.0891795207242285,0.0635535199374179,4.097134901570598e-07,0.0014670942997327,0.0002507457789761,source_mean,123
depablo_low_temp,10,20,20,20,0.8605293678240739,0.0905544302513993,0.0890919672458267,2.4838436196716884e-07,0.0010865279356949,0.0001862182888999,source_mean,123
depablo_low_temp,25,20,20,20,0.928478550928024,0.0737926018310056,0.1113451632350467,1.9525715835300162e-07,0.0005559607292525,0.000190678173385,source_mean,123
depablo_low_temp,50,20,20,20,0.9529705594581246,0.0592229311848754,0.121923909291221,6.731654124791931e-07,0.0005146920448169,0.0003522051862091,source_mean,123
depablo_low_temp,75,20,20,20,0.9596154303395849,0.0553588544829321,0.1271388104990921,1.5153278098978262e-06,0.000679648341611,0.0005306034552631,source_mean,123
depablo_low_temp,100,20,20,20,0.9633902809905764,0.0539562608575374,0.1309363081666797,2.7670624831444e-06,0.0008567832410335,0.0007034812675556,source_mean,123
depablo_low_temp,125,20,20,20,0.9708553576242818,0.0484509939763848,0.1341610869454215,4.517683126437077e-06,0.0012256960384547,0.0008700995298568,source_mean,123
depablo_low_temp,149,20,20,20,0.968827650757274,0.0461890449980484,0.1369949813213765,7.289515315278549e-06,0.0020584345795214,0.0010102934087626,source_mean,123
depablo_low_temp,150,20,20,20,0.9685313754510954,0.0462013573282962,0.137105677594105,7.442185076911301e-06,0.0021029617637395,0.0010182623227592,source_mean,123
depablo_mixed_temp,5,20,20,20,0.0877645282418999,0.3956295286604321,0.2267994575756468,1.4519580464167348e-05,0.0017108240208472,0.0005991347861709,source_mean,123
depablo_mixed_temp,10,20,20,20,0.0771359692412135,0.2622701825121075,0.1792210970466572,1.7832843771259376e-05,0.0022512330207973,0.0005801063394756,source_mean,123
depablo_mixed_temp,25,20,20,20,0.621521334666977,0.1959869098378147,0.1814265265332104,1.6795252498980062e-05,0.0018256662529893,0.0006274130937526,source_mean,123
depablo_mixed_temp,50,20,20,20,0.8023757021159862,0.1338620238875165,0.1290510646927359,2.4040132444724804e-05,0.0037793325493112,0.0007107414785423,source_mean,123
depablo_mixed_temp,75,20,20,20,0.8585357970727997,0.1102698215617177,0.1721180025747532,2.149026230142681e-05,0.002665568049997,0.0009562617255141,source_mean,123
depablo_mixed_temp,100,20,20,20,0.8835283518215962,0.0912869229986904,0.1264354805514444,2.5909928893952383e-05,0.0025555822066962,0.0012571486528031,source_mean,123
depablo_mixed_temp,125,20,20,20,0.9321238015641288,0.071655195281946,0.1548213597822952,2.4149106997128912e-05,0.002241095341742,0.0011956566770095,source_mean,123
depablo_mixed_temp,149,20,20,20,0.8866556427276795,0.0886349943594715,0.1320205212672846,2.6008531801835488e-05,0.0021443689242005,0.0014954916579881,source_mean,123
depablo_mixed_temp,150,20,20,20,0.9190296279946192,0.0751879897036722,0.1378886511040539,2.5576544049954465e-05,0.0023627862334251,0.0013263382395962,source_mean,123
lj_noisy,5,20,20,20,-9.954383601138115,0.0903403197051933,0.0012192600578043,1.0862162618252569e-07,0.0007493528129998,0.0001815385774534,source_mean,123
lj_noisy,10,20,20,20,-4.263176143408751,0.083470492588902,0.0021538442446725,8.145285139704583e-08,0.000494019506732,0.0001198139827465,source_mean,123
lj_noisy,25,20,20,20,-1.1405166987202842,0.0728227201785775,0.0041168599721615,3.176231516022199e-07,0.0003228067187592,0.0002288558491272,source_mean,123
lj_noisy,50,20,20,20,-0.3497845363855665,0.06051115866933,0.0047651600463273,1.5961843757850147e-06,0.0006695518968626,0.0003147270355839,source_mean,123
lj_noisy,75,20,20,20,-0.2092143945273652,0.058129116328799,0.0050961142073924,4.090912545962055e-06,0.0008417416829615,0.0004534342791885,source_mean,123
lj_noisy,100,20,20,20,-0.2166445573048945,0.0611055712560517,0.0053100823581802,7.928500417619944e-06,0.0010562502779066,0.000615293951705,source_mean,123
lj_noisy,125,20,20,20,0.0415311891456093,0.0576903393445542,0.0055693002776564,1.3237727307569002e-05,0.0012156634591519,0.0007463644491508,source_mean,123
lj_noisy,149,20,20,20,0.0352808336194312,0.059978765522985,0.0058612530060078,2.0358108849904964e-05,0.001531287562102,0.0008820720482617,source_mean,123
lj_noisy,150,20,20,20,0.0215503658129597,0.0605242122251323,0.0058775611339848,2.072102588499547e-05,0.0015607369132339,0.000888800737448,source_mean,123
reid,5,20,20,20,0.0687609448773403,0.1220526545767941,0.0215407678341569,5.443693140705364e-08,0.0004808103258255,0.0001348931116808,source_mean,123
reid,10,20,20,20,0.4597357868637067,0.1043671809832916,0.0283466184553629,5.669343781100623e-08,0.0002941918210126,0.0001713114435915,source_mean,123
reid,25,20,20,20,0.7916342614289767,0.0679014272327767,0.0340742914742546,3.073810599829585e-07,0.000347935501486,0.0002737771530519,source_mean,123
reid,50,20,20,20,0.9107513606849476,0.042375282800061,0.03674579830514,1.436223039519291e-06,0.0006619506282731,0.0003168775932863,source_mean,123
reid,75,20,20,20,0.936538259553707,0.0349820300132261,0.0381454871288846,3.480170367708979e-06,0.0008510600309818,0.0004393936331325,source_mean,123
reid,100,20,20,20,0.940366203201333,0.0383546075850641,0.0392619338029476,6.466206042432532e-06,0.0009247766342014,0.0006545350304804,source_mean,123
reid,125,20,20,20,0.9262406567753744,0.0457490204994024,0.0402783867859744,1.0788676189577015e-05,0.0012709632515907,0.0009454753890167,source_mean,123
reid,149,20,20,20,0.8653070531005241,0.0557110589298023,0.0412242650664466,1.727547103200777e-05,0.0023491076193749,0.0012516594142653,source_mean,123
reid,150,20,20,20,0.8613438625103136,0.0564026302575149,0.041262728129658,1.7613779823477672e-05,0.0024215678684413,0.0012653445504838,source_mean,123
depablo_low_temp,5,20,20,20,0.3808313336936496,0.1485113380702342,0.0635535199374179,2.741598381206245e-07,0.0010031137557234,0.0002671290440048,source_mean,456
depablo_low_temp,10,20,20,20,0.8239238230647149,0.1093518373793166,0.0890919672458267,2.145024188493494e-07,0.0008486120263114,0.0001819107885239,source_mean,456
depablo_low_temp,25,20,20,20,0.9246902473433556,0.0698812414730606,0.1113451632350467,2.581960783842874e-07,0.000628133805003,0.0002150341300875,source_mean,456
depablo_low_temp,50,20,20,20,0.9556420890406933,0.0587883669898748,0.121923909291221,7.02577838040952e-07,0.0006673607276752,0.0003646952100098,source_mean,456
depablo_low_temp,75,20,20,20,0.9661089140359828,0.0518174502380924,0.1271388104990921,1.4946661288206542e-06,0.0007098264526575,0.0004557243431918,source_mean,456
depablo_low_temp,100,20,20,20,0.9726709961296096,0.0460666180541814,0.1309363081666797,2.6627164288584025e-06,0.0009316561743617,0.000545274009346,source_mean,456
depablo_low_temp,125,20,20,20,0.9758205210335792,0.0418362929399892,0.1341610869454215,4.268903904858235e-06,0.0012182586826384,0.0007051370223052,source_mean,456
depablo_low_temp,149,20,20,20,0.9726522297917944,0.0485121280261234,0.1369949813213765,6.5084448721108855e-06,0.0017070778645575,0.0010677367041353,source_mean,456
depablo_low_temp,150,20,20,20,0.9723072209694468,0.0490709711342091,0.137105677594105,6.6269897871507055e-06,0.0017384571023285,0.0010928732051979,source_mean,456
depablo_mixed_temp,5,20,20,20,0.2259525878283743,0.3467942753791213,0.2267994575756468,2.15611788895842e-05,0.003974956049933,0.0008070911273534,source_mean,456
depablo_mixed_temp,10,20,20,20,0.4154423065321047,0.2318848460222783,0.1792210970466572,2.7996629388127303e-05,0.0050743461644742,0.0005648580750857,source_mean,456
depablo_mixed_temp,25,20,20,20,0.4934454991733017,0.2207580398538261,0.1814265265332104,2.7118171325923863e-05,0.0050601143855601,0.0008147371976519,source_mean,456
depablo_mixed_temp,50,20,20,20,0.8555456845653691,0.1058747412073754,0.1290510646927359,2.49424354308303e-05,0.003937077592127,0.0008606284449342,source_mean,456
depablo_mixed_temp,75,20,20,20,0.8436287694181225,0.1055128188361058,0.1721180025747532,2.5457034561782164e-05,0.0037233556155115,0.0010802726494148,source_mean,456
depablo_mixed_temp,100,20,20,20,0.904150078364166,0.0783165509793779,0.1264354805514444,2.714123861551343e-05,0.0032749579753726,0.0011414609150961,source_mean,456
depablo_mixed_temp,125,20,20,20,0.8526232183856345,0.087571444487646,0.1548213597822952,2.725865409729522e-05,0.0032760138623416,0.0014819258300121,source_mean,456
depablo_mixed_temp,149,20,20,20,0.8966104899442064,0.0836929086288348,0.1320205212672846,2.7737636378333265e-05,0.0021374826319515,0.0019418424810282,source_mean,456
depablo_mixed_temp,150,20,20,20,0.9195646039251004,0.0834414437300421,0.1378886511040539,2.6651278176359483e-05,0.0024316019378602,0.001498496136628,source_mean,456
lj_noisy,5,20,20,20,-14.585133037407152,0.116613092013811,0.0012192600578043,1.2082686442482782e-07,0.0006761774682672,0.0001984948830795,source_mean,456
lj_noisy,10,20,20,20,-6.371501750879923,0.1077605069560409,0.0021538442446725,1.0829460048711325e-07,0.0004854797967709,0.0002011514501646,source_mean,456
lj_noisy,25,20,20,20,-1.4510118789757862,0.0855872972401259,0.0041168599721615,3.633282503301416e-07,0.0003422383102588,0.0003483577776933,source_mean,456
lj_noisy,50,20,20,20,0.0148039887832329,0.0544543792382197,0.0047651600463273,1.599478983393965e-06,0.0004338940838351,0.000460266956361,source_mean,456
lj_noisy,75,20,20,20,0.1889448404982655,0.0475874821980768,0.0050961142073924,3.987458921983489e-06,0.0004873591475188,0.0004716892610304,source_mean,456
lj_noisy,100,20,20,20,0.0849234450618474,0.05113628833851,0.0053100823581802,7.775060748826945e-06,0.0008518599439412,0.0006786448182538,source_mean,456
lj_noisy,125,20,20,20,0.2013655682338646,0.0498164054185007,0.0055693002776564,1.3084858733236614e-05,0.0009933759458363,0.0008408303023315,source_mean,456
lj_noisy,149,20,20,20,0.124832067445078,0.0595306484111796,0.0058612530060078,2.0910990178890644e-05,0.0015258016996085,0.001073806383647,source_mean,456
lj_noisy,150,20,20,20,0.1058403687135158,0.0604404212878428,0.0058775611339848,2.1351661825974588e-05,0.0015759969130158,0.0010845075594261,source_mean,456
reid,5,20,20,20,0.5666147864346331,0.0823229896789106,0.0215407678341569,1.1053415001072155e-07,0.0007461488887201,0.0001226421727551,source_mean,456
reid,10,20,20,20,0.8407608496057477,0.0606806741498851,0.0283466184553629,1.0459951056418505e-07,0.0006028348230756,9.645699083193904e-05,source_mean,456
reid,25,20,20,20,0.8925888422933883,0.0516451147101421,0.0340742914742546,3.06276307426856e-07,0.0003730889875441,0.0001760400942657,source_mean,456
reid,50,20,20,20,0.9460256119996984,0.0373874500634115,0.03674579830514,1.350407428191147e-06,0.0003681693226099,0.0002549913784605,source_mean,456
reid,75,20,20,20,0.9688023450702344,0.0279856493232569,0.0381454871288846,3.390295788108233e-06,0.0006972808856517,0.0003116624255198,source_mean,456
reid,100,20,20,20,0.9792732095606403,0.0233136613674912,0.0392619338029476,6.581541761363496e-06,0.0008614188991487,0.0003852988069411,source_mean,456
reid,125,20,20,20,0.9746478405203978,0.0243048201732095,0.0402783867859744,1.1095627704094113e-05,0.0009325740858912,0.0004580497945426,source_mean,456
reid,149,20,20,20,0.9273389873556132,0.0414123448784066,0.0412242650664466,1.7575425465565787e-05,0.0020352750085294,0.0005360628128983,source_mean,456
reid,150,20,20,20,0.9239217834217468,0.0423459862294789,0.041262728129658,1.7912899573957473e-05,0.0021083739586174,0.0005427916767075,source_mean,456
depablo_low_temp,5,20,20,20,0.6374302746610074,0.1147610259262303,0.0635535199374179,3.3965003281011264e-07,0.0012017936955089,0.0001952075945155,source_mean,786
depablo_low_temp,10,20,20,20,0.7470539078636973,0.1201893341683408,0.0890919672458267,2.222818724639808e-07,0.0009008546272525,0.0001781143379048,source_mean,786
depablo_low_temp,25,20,20,20,0.8510527002693131,0.102570673859275,0.1113451632350467,2.7008517076154705e-07,0.0006918653962202,0.0003863196703605,source_mean,786
depablo_low_temp,50,20,20,20,0.9177614812944468,0.0827571515695236,0.121923909291221,8.19171558674725e-07,0.0008365695364773,0.0006316865896224,source_mean,786
depablo_low_temp,75,20,20,20,0.9450448554312818,0.0714590772298691,0.1271388104990921,1.6999104872184037e-06,0.0009965037927031,0.0007610401458805,source_mean,786
depablo_low_temp,100,20,20,20,0.9559550978665272,0.0634539045895527,0.1309363081666797,2.9866677081713534e-06,0.0011606978718191,0.0009201543900417,source_mean,786
depablo_low_temp,125,20,20,20,0.9544339599272016,0.0630327717151815,0.1341610869454215,4.832178538549669e-06,0.001365112606436,0.0012260500749107,source_mean,786
depablo_low_temp,149,20,20,20,0.9413689818769686,0.0691351878101779,0.1369949813213765,7.537952791381031e-06,0.0018296849913895,0.0016905954165849,source_mean,786
depablo_low_temp,150,20,20,20,0.9405538847655082,0.0696011957623347,0.137105677594105,7.678419552803462e-06,0.0018546473234891,0.0017139656294602,source_mean,786
depablo_mixed_temp,5,20,20,20,0.3670370134053482,0.2976772696732473,0.2267994575756468,2.896146809305833e-05,0.0060782302025472,0.0012225392660184,source_mean,786
depablo_mixed_temp,10,20,20,20,0.4471489900565891,0.2303127098459484,0.1792210970466572,2.8480793582730256e-05,0.0054629087098874,0.0010095072546391,source_mean,786
depablo_mixed_temp,25,20,20,20,0.4252475485301434,0.2595962302696253,0.1814265265332104,3.38031747645573e-05,0.0059104892425239,0.0011147930577863,source_mean,786
depablo_mixed_temp,50,20,20,20,0.6429835511357951,0.1690749328165432,0.1290510646927359,2.8012037893176968e-05,0.0048344236100092,0.0015945986669976,source_mean,786
depablo_mixed_temp,75,20,20,20,0.7478433172396821,0.1404767433806193,0.1721180025747532,2.4553567129714796e-05,0.0037641066126525,0.0015268768256646,source_mean,786
depablo_mixed_temp,100,20,20,20,0.8358148568570669,0.1042565374146508,0.1264354805514444,3.098028362273908e-05,0.0042988504748791,0.0016241166798863,source_mean,786
depablo_mixed_temp,125,20,20,20,0.78835608902703,0.1137057591881834,0.1548213597822952,2.72939788601434e-05,0.003071841597557,0.0018440455110976,source_mean,786
depablo_mixed_temp,149,20,20,20,0.8514442495123187,0.1111995612123529,0.1320205212672846,2.6554118710464537e-05,0.0025344440713524,0.0022334910114295,source_mean,786
depablo_mixed_temp,150,20,20,20,0.8443719596124972,0.1153002685947548,0.1378886511040539,2.78826697808654e-05,0.0030966931022703,0.0021956367912935,source_mean,786
lj_noisy,5,20,20,20,-13.77984518653398,0.1089013456061537,0.0012192600578043,2.0631147066296762e-07,0.0007214763623778,0.0003632037922216,source_mean,786
lj_noisy,10,20,20,20,-2.273683937998884,0.072158741927466,0.0021538442446725,1.752203807825481e-07,0.0005779661238193,0.0002710005341214,source_mean,786
lj_noisy,25,20,20,20,0.1512423813616253,0.0496254380137105,0.0041168599721615,4.038516379978319e-07,0.0006232129409909,0.0002382742648478,source_mean,786
lj_noisy,50,20,20,20,0.2019376837392106,0.0507787088255892,0.0047651600463273,1.6087469674630483e-06,0.0007157689658924,0.0003320208925288,source_mean,786
lj_noisy,75,20,20,20,0.3087165877728443,0.0505130254851454,0.0050961142073924,4.077473420238675e-06,0.0010077317710965,0.0003681019181385,source_mean,786
lj_noisy,100,20,20,20,0.434436463452999,0.045536995830192,0.0053100823581802,7.915415176285024e-06,0.0011644817423075,0.0004794363165274,source_mean,786
lj_noisy,125,20,20,20,0.474845240788022,0.0456796481750757,0.0055693002776564,1.320163071341085e-05,0.0011604950763285,0.0007050724234431,source_mean,786
lj_noisy,149,20,20,20,-0.0025700265027119,0.0647067999380271,0.0058612530060078,2.031742865256092e-05,0.0019217984750866,0.0010593498824164,source_mean,786
lj_noisy,150,20,20,20,-0.0373342917706724,0.0657896627243958,0.0058775611339848,2.0682871263488777e-05,0.0019749326631426,0.0010781264863908,source_mean,786
reid,5,20,20,20,-1.7340336333129192,0.2091636391499027,0.0215407678341569,1.0191713579743579e-07,0.0006119920377386,0.0002967416192404,source_mean,786
reid,10,20,20,20,-0.5317910416415506,0.1786132080679013,0.0283466184553629,9.310768112058555e-08,0.0004108693567104,0.0003374163850821,source_mean,786
reid,25,20,20,20,0.4827414403989228,0.1139627994625615,0.0340742914742546,3.57261751027238e-07,0.000445808598306,0.0004492378466238,source_mean,786
reid,50,20,20,20,0.8579127998701215,0.0614008154284587,0.03674579830514,1.4942607066359415e-06,0.0007538803853094,0.0004564858849334,source_mean,786
reid,75,20,20,20,0.9580748164932597,0.0327781018381265,0.0381454871288846,3.5066216668155903e-06,0.0009712717030197,0.0003696831059642,source_mean,786
reid,100,20,20,20,0.983876977124164,0.0203393218335349,0.0392619338029476,6.442907681503129e-06,0.0010681482031941,0.0003817485005129,source_mean,786
reid,125,20,20,20,0.9870033902632376,0.0175937196352232,0.0402783867859744,1.0599931135857332e-05,0.0013757090084254,0.0004274570310371,source_mean,786
reid,149,20,20,20,0.980518703628222,0.0209043550376689,0.0412242650664466,1.6086476978216525e-05,0.0020475931465625,0.0005675912383594,source_mean,786
reid,150,20,20,20,0.9799839894622135,0.0211047214729189,0.041262728129658,1.6351888626786602e-05,0.0020808485336601,0.000576441908197,source_mean,786
depablo_low_temp,5,20,20,20,0.2882294615041642,0.1614952653537635,0.0635535199374179,1.367199816471043e-07,0.0006753091554855,0.0001972469697648,source_mean,2026
depablo_low_temp,10,20,20,20,0.7245151070135769,0.1289290151024757,0.0890919672458267,1.1576274605573646e-07,0.0005192079348489,0.0001867415565357,source_mean,2026
depablo_low_temp,25,20,20,20,0.9082366852907376,0.0858834838283454,0.1113451632350467,2.317547600938497e-07,0.0004620506311766,0.0003056803296203,source_mean,2026
depablo_low_temp,50,20,20,20,0.9639486886415451,0.0530468086084492,0.121923909291221,6.939633752978125e-07,0.0006167080719023,0.0003821110847638,source_mean,2026
depablo_low_temp,75,20,20,20,0.9749260373785982,0.0483673765494269,0.1271388104990921,1.5251180911945994e-06,0.0008563461713492,0.0004645331762731,source_mean,2026
depablo_low_temp,100,20,20,20,0.981181709832205,0.0423561772007731,0.1309363081666797,2.8024913547142203e-06,0.0011490902863442,0.0005252794246189,source_mean,2026
depablo_low_temp,125,20,20,20,0.985672851236491,0.0350150001114016,0.1341610869454215,4.626271629604162e-06,0.0015067800413817,0.0005104060343001,source_mean,2026
depablo_low_temp,149,20,20,20,0.980930840198556,0.0425514678025055,0.1369949813213765,7.256262802002311e-06,0.0020669812336564,0.000632383080665,source_mean,2026
depablo_low_temp,150,20,20,20,0.9805319312027588,0.0432518213804254,0.137105677594105,7.390596303480379e-06,0.0020917516201734,0.0006414342788048,source_mean,2026
depablo_mixed_temp,5,20,20,20,0.3470619525523307,0.2892625681549814,0.2267994575756468,2.8306405476996583e-05,0.0052519706267048,0.0003995823062723,source_mean,2026
depablo_mixed_temp,10,20,20,20,0.5739323215555807,0.2178211370434664,0.1792210970466572,3.130713996739587e-05,0.0052884773176629,0.0004466668673558,source_mean,2026
depablo_mixed_temp,25,20,20,20,0.6332506108339655,0.1942033592886606,0.1814265265332104,3.2316669867782365e-05,0.0046385144873056,0.0007822173676686,source_mean,2026
depablo_mixed_temp,50,20,20,20,0.8494184431091458,0.1037483599126735,0.1290510646927359,3.0049205818727387e-05,0.0045957873342558,0.0006707701002596,source_mean,2026
depablo_mixed_temp,75,20,20,20,0.8016426302005789,0.1140316030086188,0.1721180025747532,2.5242316411322463e-05,0.0037285614293068,0.0007264187282999,source_mean,2026
depablo_mixed_temp,100,20,20,20,0.9281519744239892,0.0762823004744735,0.1264354805514444,3.194884995423308e-05,0.0038155370391905,0.0009684769174782,source_mean,2026
depablo_mixed_temp,125,20,20,20,0.8810849928212466,0.0771878523782079,0.1548213597822952,3.11347382535132e-05,0.0036077481694519,0.0013924046652391,source_mean,2026
depablo_mixed_temp,149,20,20,20,0.9391505825587356,0.0680006467638775,0.1320205212672846,3.426925092071542e-05,0.0034414277411997,0.0014236645452911,source_mean,2026
depablo_mixed_temp,150,20,20,20,0.9464766642509694,0.0642410453258126,0.1378886511040539,3.1661285129302995e-05,0.0033931896090507,0.0012264993769349,source_mean,2026
lj_noisy,5,20,20,20,-6.575830000197096,0.0788522923589672,0.0012192600578043,1.1596467306418389e-07,0.0006119822122855,0.0001721315791655,source_mean,2026
lj_noisy,10,20,20,20,-2.145315690613292,0.0711830066109629,0.0021538442446725,1.19266286446873e-07,0.0003998107335064,0.0001412972036632,source_mean,2026
lj_noisy,25,20,20,20,0.0528832123111466,0.0546695723623359,0.0041168599721615,4.0076844527447973e-07,0.0004090615781024,0.0002872859186027,source_mean,2026
lj_noisy,50,20,20,20,0.6776566447503918,0.0347226961433373,0.0047651600463273,1.6391671863402736e-06,0.0005609297193586,0.0003197546931914,source_mean,2026
lj_noisy,75,20,20,20,0.6281083213428451,0.0353681505970191,0.0050961142073924,4.1319763340652574e-06,0.0007558815181255,0.000365947629325,source_mean,2026
lj_noisy,100,20,20,20,0.543336358513096,0.0403919712552126,0.0053100823581802,7.981877092788637e-06,0.0009665738325566,0.0005094724125228,source_mean,2026
lj_noisy,125,20,20,20,0.591017062416192,0.0392424047845981,0.0055693002776564,1.3599719022749922e-05,0.0011331246700137,0.000628579291515,source_mean,2026
lj_noisy,149,20,20,20,0.4624276661122146,0.0479812001801129,0.0058612530060078,2.1496647877938813e-05,0.0020417103543877,0.0008919368963688,source_mean,2026
lj_noisy,150,20,20,20,0.4476209182471081,0.0491605042562442,0.0058775611339848,2.188093999393459e-05,0.0020946196280419,0.0009009486995637,source_mean,2026
reid,5,20,20,20,-0.910732482620216,0.1576790657890893,0.0215407678341569,1.0543855921696377e-07,0.0006316882529063,0.000211742412921,source_mean,2026
reid,10,20,20,20,0.0987725302289885,0.1296731004650603,0.0283466184553629,9.978793258369478e-08,0.000445034756558,0.0002411697725619,source_mean,2026
reid,25,20,20,20,0.7474732849177015,0.0767975884092544,0.0340742914742546,3.3965446295525225e-07,0.0003798142657615,0.000300385362425,source_mean,2026
reid,50,20,20,20,0.9236475850150536,0.0433407290919528,0.03674579830514,1.4351152287872538e-06,0.0007242133840918,0.0003123092239547,source_mean,2026
reid,75,20,20,20,0.9556810812687092,0.034945706517491,0.0381454871288846,3.480414518719499e-06,0.0009151283185929,0.0003630863226135,source_mean,2026
reid,100,20,20,20,0.968596068534694,0.0290689401132612,0.0392619338029476,6.609015053982148e-06,0.0010923382360488,0.0004204980563372,source_mean,2026
reid,125,20,20,20,0.972880367428858,0.0262612217942638,0.0402783867859744,1.0936857592014348e-05,0.0013827512040734,0.0004885499321972,source_mean,2026
reid,149,20,20,20,0.9669612960294856,0.0276578765400887,0.0412242650664466,1.6714776415938103e-05,0.0024195769801735,0.0005604376725386,source_mean,2026
reid,150,20,20,20,0.9664852724000532,0.0279087720454061,0.041262728129658,1.7002018824996413e-05,0.0024758867919445,0.0005636747460812,source_mean,2026
