split,source,original_index,frame,coordinate_mse,zero_displacement_mse,explained_displacement_score,shuffled_same_source_coordinate_mse,shuffled_original_index,valid,total,control,transfer_only
train,reid,60,0,1.0682252593596786e-07,0.0,,4.831043298736404e-08,45,1,1,same_source_cyclic_next_latent,False
train,reid,60,5,7.239896859800865e-08,9.641969000995232e-08,0.24912672307351624,3.1392549004749526e-08,45,1,1,same_source_cyclic_next_latent,False
train,reid,60,10,1.1203943017790152e-07,3.9934545270625676e-07,0.7194423288943435,8.442865606639316e-08,45,1,1,same_source_cyclic_next_latent,False
train,reid,60,25,5.557118925025861e-07,2.613964852571371e-06,0.7874065169790139,5.713779955840437e-07,45,1,1,same_source_cyclic_next_latent,False
train,reid,60,50,2.724588512137416e-06,1.078044169844361e-05,0.7472655955710266,2.3276786578207975e-06,45,1,1,same_source_cyclic_next_latent,False
train,reid,60,75,7.578943041153252e-06,2.4720842702663504e-05,0.6934189043508345,5.786573183286237e-06,45,1,1,same_source_cyclic_next_latent,False
train,reid,60,100,1.3761513400822878e-05,4.460650961846113e-05,0.6914909164933306,1.1163584531459492e-05,45,1,1,same_source_cyclic_next_latent,False
train,reid,60,125,2.0177014448563568e-05,7.057588663883507e-05,0.7141089484030517,1.7841131921159104e-05,45,1,1,same_source_cyclic_next_latent,False
train,reid,60,149,2.7367965230951086e-05,0.00010132297029485926,0.729893772840376,2.5649856979725882e-05,45,1,1,same_source_cyclic_next_latent,False
train,reid,60,175,3.728064984898083e-05,0.00014116728561930358,0.7359115485898173,3.6356788768898696e-05,45,1,1,same_source_cyclic_next_latent,False
train,reid,60,199,4.8718004109105095e-05,0.00018406144226901233,0.7353166230333998,4.8728510591899976e-05,45,1,1,same_source_cyclic_next_latent,False
train,reid,45,0,8.275482343833573e-08,0.0,,3.7673669339710614e-07,43,1,1,same_source_cyclic_next_latent,False
train,reid,45,5,5.7645632267622204e-08,1.0940514982848981e-07,0.4730994623380068,3.421253609303676e-07,43,1,1,same_source_cyclic_next_latent,False
train,reid,45,10,8.731734624234377e-08,4.6404014142353844e-07,0.8118323428346524,4.350000040176383e-07,43,1,1,same_source_cyclic_next_latent,False
train,reid,45,25,4.0327367401005176e-07,3.1349377422884572e-06,0.8713615047054593,1.370871018480102e-06,43,1,1,same_source_cyclic_next_latent,False
train,reid,45,50,1.6889416656340472e-06,1.3438479982141871e-05,0.8743204835756389,5.149940989213064e-06,43,1,1,same_source_cyclic_next_latent,False
train,reid,45,75,4.73281625090749e-06,3.1573268643114716e-05,0.8501005295205762,1.2111525393265765e-05,43,1,1,same_source_cyclic_next_latent,False
train,reid,45,100,9.367350685351994e-06,5.785295434179716e-05,0.8380834515380255,2.2689187971991487e-05,43,1,1,same_source_cyclic_next_latent,False
train,reid,45,125,1.4357977306644898e-05,9.246835543308407e-05,0.8447255037747996,3.6844990972895175e-05,43,1,1,same_source_cyclic_next_latent,False
train,reid,45,149,1.9968421838711947e-05,0.00013366823259275407,0.8506120605368549,5.424287519417703e-05,43,1,1,same_source_cyclic_next_latent,False
train,reid,45,175,2.823214526870288e-05,0.00018724941764958203,0.8492270596988641,7.8463890531566e-05,43,1,1,same_source_cyclic_next_latent,False
train,reid,45,199,3.86134342988953e-05,0.00024507357738912106,0.8424414630485197,0.0001065683172782883,43,1,1,same_source_cyclic_next_latent,False
train,reid,43,0,2.89455840629671e-07,0.0,,1.4816065174727555e-07,73,1,1,same_source_cyclic_next_latent,False
train,reid,43,5,1.4875585918616707e-07,1.0691530860640341e-07,-0.3913429341891057,5.225538401987251e-08,73,1,1,same_source_cyclic_next_latent,False
train,reid,43,10,7.360016240909317e-08,4.3156654783160775e-07,0.8294581385445772,2.8230894955072472e-08,73,1,1,same_source_cyclic_next_latent,False
train,reid,43,25,1.2081031286470534e-07,2.7168591714143986e-06,0.9555330971381151,2.522853321806906e-07,73,1,1,same_source_cyclic_next_latent,False
train,reid,43,50,4.3396983073762385e-07,1.0897718311753124e-05,0.9601779181363506,8.437773431069218e-07,73,1,1,same_source_cyclic_next_latent,False
train,reid,43,75,5.23216215242428e-07,2.4548364308429882e-05,0.9786863104739424,1.0439371180837043e-06,73,1,1,same_source_cyclic_next_latent,False
train,reid,43,100,5.670231644216983e-07,4.367970905150287e-05,0.9870186139803926,1.0921702369159902e-06,73,1,1,same_source_cyclic_next_latent,False
train,reid,43,125,7.590483619424049e-07,6.829092308180407e-05,0.9888850768493324,1.414942744304426e-06,73,1,1,same_source_cyclic_next_latent,False
train,reid,43,149,1.1060658380301902e-06,9.707405115477741e-05,0.988605957772725,2.1618336631945567e-06,73,1,1,same_source_cyclic_next_latent,False
train,reid,43,175,1.6092799342004582e-06,0.000133975685457699,0.9879882687018715,3.429397111176513e-06,73,1,1,same_source_cyclic_next_latent,False
train,reid,43,199,2.061949089693371e-06,0.00017330388072878122,0.9881021181924927,4.709877885034075e-06,73,1,1,same_source_cyclic_next_latent,False
train,reid,73,0,1.7188037304549653e-07,0.0,,1.1698246282776381e-07,85,1,1,same_source_cyclic_next_latent,False
train,reid,73,5,6.95985846732583e-08,1.0321873844532092e-07,0.3257175419739562,3.409417814737026e-08,85,1,1,same_source_cyclic_next_latent,False
train,reid,73,10,2.837096246821602e-08,4.1087471913670015e-07,0.9309498463964222,9.34878396918748e-09,85,1,1,same_source_cyclic_next_latent,False
train,reid,73,25,1.317190481131547e-07,2.558030018917634e-06,0.9485076222174718,2.1394539828634151e-07,85,1,1,same_source_cyclic_next_latent,False
train,reid,73,50,4.036574239307811e-07,1.0220051990472712e-05,0.9605033884067247,1.180827894131653e-06,85,1,1,same_source_cyclic_next_latent,False
train,reid,73,75,3.746627328382601e-07,2.298522122146096e-05,0.9836998422060674,2.81777533928107e-06,85,1,1,same_source_cyclic_next_latent,False
train,reid,73,100,3.5229848549533926e-07,4.0849776269169524e-05,0.991375754834642,5.361134753911756e-06,85,1,1,same_source_cyclic_next_latent,False
train,reid,73,125,5.126689757162239e-07,6.38140772935003e-05,0.9919662087511145,8.981369319371879e-06,85,1,1,same_source_cyclic_next_latent,False
train,reid,73,149,8.294392159768904e-07,9.065200720215216e-05,0.9908502939805044,1.3444854630506597e-05,85,1,1,same_source_cyclic_next_latent,False
train,reid,73,175,1.4232140301828622e-06,0.0001250171335414052,0.9886158481652317,1.9423147023189813e-05,85,1,1,same_source_cyclic_next_latent,False
train,reid,73,199,2.1665860003849957e-06,0.0001616336521692574,0.9865956997734839,2.6256699129589833e-05,85,1,1,same_source_cyclic_next_latent,False
train,reid,85,0,1.219042644606816e-07,0.0,,1.5850788770421786e-07,60,1,1,same_source_cyclic_next_latent,False
train,reid,85,5,6.79197214026317e-08,9.90699291492092e-08,0.31442646637671645,1.0326645139002721e-07,60,1,1,same_source_cyclic_next_latent,False
train,reid,85,10,6.413413444761318e-08,4.059011473600549e-07,0.8419956808086503,8.89210269860996e-08,60,1,1,same_source_cyclic_next_latent,False
train,reid,85,25,2.869757338430645e-07,2.6302745936845895e-06,0.890895142837137,2.245623988983425e-07,60,1,1,same_source_cyclic_next_latent,False
train,reid,85,50,1.0499161362531595e-06,1.072301711246837e-05,0.9020876190682983,1.7824996803028625e-06,60,1,1,same_source_cyclic_next_latent,False
train,reid,85,75,2.0067986952199135e-06,2.430160930089187e-05,0.917421160451861,6.183738150866702e-06,60,1,1,same_source_cyclic_next_latent,False
train,reid,85,100,3.2748882858868456e-06,4.336205529398285e-05,0.9244757135314735,1.070391408575233e-05,60,1,1,same_source_cyclic_next_latent,False
train,reid,85,125,5.027604856877588e-06,6.791073246859014e-05,0.9259674476460265,1.3435356777335983e-05,60,1,1,same_source_cyclic_next_latent,False
train,reid,85,149,7.25845120541635e-06,9.663699165685102e-05,0.9248895161058983,1.5749625163152814e-05,60,1,1,same_source_cyclic_next_latent,False
train,reid,85,175,1.049501861416502e-05,0.0001334734115516767,0.9213699680546362,1.9754692402784713e-05,60,1,1,same_source_cyclic_next_latent,False
train,reid,85,199,1.4578703485312872e-05,0.00017275374557357281,0.915609913771137,2.579789361334406e-05,60,1,1,same_source_cyclic_next_latent,False
train,depablo_low_temp,99,0,1.1563912494239048e-06,0.0,,1.4108709365245886e-06,145,1,1,same_source_cyclic_next_latent,False
train,depablo_low_temp,99,5,8.809973905954394e-07,1.005318210900441e-07,-7.763368464263168,9.734399100125302e-07,145,1,1,same_source_cyclic_next_latent,False
train,depablo_low_temp,99,10,6.58422322885599e-07,4.115541969440528e-07,-0.5998435388938719,6.158023779789801e-07,145,1,1,same_source_cyclic_next_latent,False
train,depablo_low_temp,99,25,3.37525392524185e-07,2.6255513603246072e-06,0.8714458998499822,2.2876355387779768e-07,145,1,1,same_source_cyclic_next_latent,False
train,depablo_low_temp,99,50,5.259066711005289e-07,1.0610699973767623e-05,0.9504361943697678,8.179878818737052e-07,145,1,1,same_source_cyclic_next_latent,False
train,depablo_low_temp,99,75,1.058132170328463e-06,2.4012397261685692e-05,0.9559339220154905,2.6143195555050625e-06,145,1,1,same_source_cyclic_next_latent,False
train,depablo_low_temp,99,100,1.6994353018162656e-06,4.2894575017271563e-05,0.9603811134360933,5.445495844469406e-06,145,1,1,same_source_cyclic_next_latent,False
train,depablo_low_temp,99,125,2.4877110718080075e-06,6.73249815008603e-05,0.9630492126941584,8.72553664521547e-06,145,1,1,same_source_cyclic_next_latent,False
train,depablo_low_temp,99,149,3.417362904656329e-06,9.607322863303125e-05,0.9644296027802963,1.2942966350237839e-05,145,1,1,same_source_cyclic_next_latent,False
train,depablo_low_temp,99,175,4.688289209298091e-06,0.00013315709657035768,0.9647912929160265,1.9842311303364113e-05,145,1,1,same_source_cyclic_next_latent,False
train,depablo_low_temp,99,199,6.379932074196404e-06,0.00017297302838414907,0.9631160295116794,2.9282566174515523e-05,145,1,1,same_source_cyclic_next_latent,False
train,depablo_low_temp,145,0,1.8468823554940172e-06,0.0,,1.6914109437493607e-06,7,1,1,same_source_cyclic_next_latent,False
train,depablo_low_temp,145,5,1.3855276392860105e-06,1.0263002536703425e-07,-12.500217254462994,1.4149302387522766e-06,7,1,1,same_source_cyclic_next_latent,False
train,depablo_low_temp,145,10,1.0272741519656847e-06,4.3361850998735463e-07,-1.3690735711343192,1.2613538729056017e-06,7,1,1,same_source_cyclic_next_latent,False
train,depablo_low_temp,145,25,7.268794774972775e-07,2.8988624762860127e-06,0.7492535491271228,1.4881518382026115e-06,7,1,1,same_source_cyclic_next_latent,False
train,depablo_low_temp,145,50,1.666111643316981e-06,1.2047797099512536e-05,0.8617081919993164,3.682318038045196e-06,7,1,1,same_source_cyclic_next_latent,False
train,depablo_low_temp,145,75,3.7143156532692956e-06,2.75988695648266e-05,0.8654178337071092,7.5928037404082716e-06,7,1,1,same_source_cyclic_next_latent,False
train,depablo_low_temp,145,100,6.307530384219717e-06,4.965141852153465e-05,0.8729637425870514,1.2964719644514844e-05,7,1,1,same_source_cyclic_next_latent,False
train,depablo_low_temp,145,125,8.706779226486105e-06,7.831659604562446e-05,0.8888258725977589,1.9482748029986396e-05,7,1,1,same_source_cyclic_next_latent,False
train,depablo_low_temp,145,149,1.103972226701444e-05,0.00011215145786991343,0.9015641662026398,2.629236587381456e-05,7,1,1,same_source_cyclic_next_latent,False
train,depablo_low_temp,145,175,1.393442835251335e-05,0.0001558988878969103,0.9106188085079373,3.413348167669028e-05,7,1,1,same_source_cyclic_next_latent,False
train,depablo_low_temp,145,199,1.7264377675019205e-05,0.00020291323016863316,0.914917437070656,4.2172541725449264e-05,7,1,1,same_source_cyclic_next_latent,False
train,depablo_low_temp,7,0,9.8523480573931e-07,0.0,,4.384369844956382e-08,133,1,1,same_source_cyclic_next_latent,False
train,depablo_low_temp,7,5,6.849221563243191e-07,1.011753809621041e-07,-5.769652358223994,3.723789632203989e-08,133,1,1,same_source_cyclic_next_latent,False
train,depablo_low_temp,7,10,4.5825026973034255e-07,4.1584544874240237e-07,-0.10197255041790321,1.342836668527525e-07,133,1,1,same_source_cyclic_next_latent,False
train,depablo_low_temp,7,25,2.575946211891278e-07,2.653020374054904e-06,0.9029051477673284,9.5067395022852e-07,133,1,1,same_source_cyclic_next_latent,False
train,depablo_low_temp,7,50,9.329743306807359e-07,1.0714314157667104e-05,0.9129226269687916,3.424801207074779e-06,133,1,1,same_source_cyclic_next_latent,False
train,depablo_low_temp,7,75,2.005921260206378e-06,2.4235781893366948e-05,0.917233070134396,6.88149611960398e-06,133,1,1,same_source_cyclic_next_latent,False
train,depablo_low_temp,7,100,3.1069259875948774e-06,4.327576607465744e-05,0.9282063318709379,1.2195841009088326e-05,133,1,1,same_source_cyclic_next_latent,False
train,depablo_low_temp,7,125,4.474834895518143e-06,6.790105544496328e-05,0.9340977122344558,2.0565639715641737e-05,133,1,1,same_source_cyclic_next_latent,False
train,depablo_low_temp,7,149,6.416769792849664e-06,9.687045530881733e-05,0.9337592687843432,3.231098162359558e-05,133,1,1,same_source_cyclic_next_latent,False
train,depablo_low_temp,7,175,9.658892849984113e-06,0.0001342045870842412,0.9280285938071464,4.9904421757673845e-05,133,1,1,same_source_cyclic_next_latent,False
train,depablo_low_temp,7,199,1.414346661476884e-05,0.0001742498279782012,0.9188322491971803,7.065670070005581e-05,133,1,1,same_source_cyclic_next_latent,False
train,depablo_low_temp,133,0,6.160935583920946e-08,0.0,,1.943652023328468e-06,198,1,1,same_source_cyclic_next_latent,False
train,depablo_low_temp,133,5,1.9576679832766786e-08,1.0488408719311337e-07,0.81334938066704,1.5583657386741834e-06,198,1,1,same_source_cyclic_next_latent,False
train,depablo_low_temp,133,10,3.887696209403657e-08,4.206289361263771e-07,0.9075742091068217,1.2511611657828325e-06,198,1,1,same_source_cyclic_next_latent,False
train,depablo_low_temp,133,25,2.9787807420689205e-07,2.6371496915089665e-06,0.8870454433565175,1.1199931577721145e-06,198,1,1,same_source_cyclic_next_latent,False
train,depablo_low_temp,133,50,5.942711140960455e-07,1.056383189279586e-05,0.9437447395862749,3.4266456623299746e-06,198,1,1,same_source_cyclic_next_latent,False
train,depablo_low_temp,133,75,3.769765157812799e-07,2.3784537916071713e-05,0.9841503535989846,9.695792869024444e-06,198,1,1,same_source_cyclic_next_latent,False
train,depablo_low_temp,133,100,4.693576158842916e-07,4.23004494223278e-05,0.9889041931635708,2.018366831180174e-05,198,1,1,same_source_cyclic_next_latent,False
train,depablo_low_temp,133,125,8.44756527840218e-07,6.611568096559495e-05,0.9872230533588573,3.288285370217636e-05,198,1,1,same_source_cyclic_next_latent,False
train,depablo_low_temp,133,149,1.3176678521631402e-06,9.396969107910991e-05,0.9859777356184577,4.629292743629776e-05,198,1,1,same_source_cyclic_next_latent,False
train,depablo_low_temp,133,175,2.798327841446735e-06,0.0001296565606025979,0.978417383366942,6.367276364471763e-05,198,1,1,same_source_cyclic_next_latent,False
train,depablo_low_temp,133,199,5.462256467581028e-06,0.00016769676585681736,0.9674277769182216,8.437084034085274e-05,198,1,1,same_source_cyclic_next_latent,False
train,depablo_low_temp,198,0,1.4612162431149045e-06,0.0,,1.414860662407591e-06,99,1,1,same_source_cyclic_next_latent,False
train,depablo_low_temp,198,5,1.0716738643168355e-06,1.0731390176488276e-07,-8.986347031392055,1.1702153415171779e-06,99,1,1,same_source_cyclic_next_latent,False
train,depablo_low_temp,198,10,7.581311933790857e-07,4.575125842620764e-07,-0.6570717821934409,1.0186602139583556e-06,99,1,1,same_source_cyclic_next_latent,False
train,depablo_low_temp,198,25,4.5028164663563075e-07,3.006710130648571e-06,0.8502410850830833,1.1031467010980123e-06,99,1,1,same_source_cyclic_next_latent,False
train,depablo_low_temp,198,50,1.0804806152009405e-06,1.2325030184001662e-05,0.9123344446974707,2.6548921141511528e-06,99,1,1,same_source_cyclic_next_latent,False
train,depablo_low_temp,198,75,2.1667322016583057e-06,2.8102962460252456e-05,0.9229002207606108,5.4552911024075e-06,99,1,1,same_source_cyclic_next_latent,False
train,depablo_low_temp,198,100,3.6399987948243506e-06,5.048274033470079e-05,0.9278961726187773,9.23743391467724e-06,99,1,1,same_source_cyclic_next_latent,False
train,depablo_low_temp,198,125,5.667536697728792e-06,7.960081711644307e-05,0.9288005211122631,1.3866855624655727e-05,99,1,1,same_source_cyclic_next_latent,False
train,depablo_low_temp,198,149,8.50092874316033e-06,0.00011402370728319511,0.9254459537783052,1.8952987375087105e-05,99,1,1,same_source_cyclic_next_latent,False
train,depablo_low_temp,198,175,1.3061850040685385e-05,0.00015858883853070438,0.9176370155573308,2.517313987482339e-05,99,1,1,same_source_cyclic_next_latent,False
train,depablo_low_temp,198,199,1.8775688658934087e-05,0.00020657408458646387,0.9091091765139818,3.194677992723882e-05,99,1,1,same_source_cyclic_next_latent,False
train,lj_noisy,178,0,3.7584948131552665e-07,0.0,,1.1020816828022362e-06,199,1,1,same_source_cyclic_next_latent,False
train,lj_noisy,178,5,2.392116869032179e-07,8.898146575120336e-08,-1.6883316079785176,9.228040767084167e-07,199,1,1,same_source_cyclic_next_latent,False
train,lj_noisy,178,10,1.6135301450503903e-07,3.5017228583456017e-07,0.5392182047745757,8.014847594495222e-07,199,1,1,same_source_cyclic_next_latent,False
train,lj_noisy,178,25,2.7292327331451816e-07,2.1434675545606297e-06,0.872672076265478,8.925057954911608e-07,199,1,1,same_source_cyclic_next_latent,False
train,lj_noisy,178,50,1.493863692303421e-06,8.785852514847647e-06,0.8299694093682011,2.5466972601861926e-06,199,1,1,same_source_cyclic_next_latent,False
train,lj_noisy,178,75,3.985411240137182e-06,2.023533670580946e-05,0.803046952068112,6.468562787631527e-06,199,1,1,same_source_cyclic_next_latent,False
train,lj_noisy,178,100,7.480517069780035e-06,3.592209759517573e-05,0.7917572310480929,1.2229485946591012e-05,199,1,1,same_source_cyclic_next_latent,False
train,lj_noisy,178,125,1.206707747769542e-05,5.6316977861570194e-05,0.7857293140381775,1.8504115359974094e-05,199,1,1,same_source_cyclic_next_latent,False
train,lj_noisy,178,149,1.6306275938404724e-05,8.071761840255931e-05,0.7979836835982799,2.2259973775362596e-05,199,1,1,same_source_cyclic_next_latent,False
train,lj_noisy,178,175,2.0237032003933564e-05,0.00011241415631957352,0.8199779043272516,2.4711474907235242e-05,199,1,1,same_source_cyclic_next_latent,False
train,lj_noisy,178,199,2.4734052203712054e-05,0.00014669761003460735,0.8313943069837535,2.7543346732272767e-05,199,1,1,same_source_cyclic_next_latent,False
train,lj_noisy,199,0,8.548387882001407e-07,0.0,,1.8488891839751886e-07,42,1,1,same_source_cyclic_next_latent,False
train,lj_noisy,199,5,6.359978783621045e-07,9.910389309197853e-08,-5.417486321872679,9.02866261753843e-08,42,1,1,same_source_cyclic_next_latent,False
train,lj_noisy,199,10,4.6863834768373636e-07,4.1158244812322664e-07,-0.13862568683547782,6.463275070700547e-08,42,1,1,same_source_cyclic_next_latent,False
train,lj_noisy,199,25,4.4273716071074887e-07,2.667711441972642e-06,0.8340385868782846,3.860920401166368e-07,42,1,1,same_source_cyclic_next_latent,False
train,lj_noisy,199,50,1.8266682673129253e-06,1.0994632248184644e-05,0.8338581749640119,1.887784264908987e-06,42,1,1,same_source_cyclic_next_latent,False
train,lj_noisy,199,75,5.131654233991867e-06,2.538395165174734e-05,0.7978386381917559,4.985833584214561e-06,42,1,1,same_source_cyclic_next_latent,False
train,lj_noisy,199,100,1.0731052498158533e-05,4.609454845194705e-05,0.767194758196937,1.051439448929159e-05,42,1,1,same_source_cyclic_next_latent,False
train,lj_noisy,199,125,1.7061232938431203e-05,7.323205500142649e-05,0.7670250693074383,1.6518109987373464e-05,42,1,1,same_source_cyclic_next_latent,False
train,lj_noisy,199,149,2.3272385078598745e-05,0.00010478922195034102,0.7779124165114291,2.246159056085162e-05,42,1,1,same_source_cyclic_next_latent,False
train,lj_noisy,199,175,3.15296565531753e-05,0.00014562370779458433,0.7834854157287988,3.144392394460738e-05,42,1,1,same_source_cyclic_next_latent,False
train,lj_noisy,199,199,4.197514135739766e-05,0.00019014337158296257,0.7792447824609903,4.381854523671791e-05,42,1,1,same_source_cyclic_next_latent,False
train,lj_noisy,42,0,2.5806807002481946e-07,0.0,,1.3094203268337878e-06,102,1,1,same_source_cyclic_next_latent,False
train,lj_noisy,42,5,1.545899692700914e-07,9.799599354209931e-08,-0.5775131582668138,1.1589038422243902e-06,102,1,1,same_source_cyclic_next_latent,False
train,lj_noisy,42,10,1.0036701070248455e-07,4.02869886784174e-07,0.7508699111178461,1.0381803576819948e-06,102,1,1,same_source_cyclic_next_latent,False
train,lj_noisy,42,25,2.4399210474257416e-07,2.6836687538889237e-06,0.9090826301163273,1.017634644995269e-06,102,1,1,same_source_cyclic_next_latent,False
train,lj_noisy,42,50,1.1647643987089396e-06,1.129412430600496e-05,0.8968698796692323,2.2407427877624286e-06,102,1,1,same_source_cyclic_next_latent,False
train,lj_noisy,42,75,3.1948090963851428e-06,2.5744931917870417e-05,0.8759053196731308,5.244680778559996e-06,102,1,1,same_source_cyclic_next_latent,False
train,lj_noisy,42,100,6.8783233473368455e-06,4.618121238308959e-05,0.8510579737431164,9.479165782977361e-06,102,1,1,same_source_cyclic_next_latent,False
train,lj_noisy,42,125,1.015819998428924e-05,7.250723137985915e-05,0.8599008706997608,1.2722087376459967e-05,102,1,1,same_source_cyclic_next_latent,False
train,lj_noisy,42,149,1.2458875062293373e-05,0.0001034081433317624,0.8795174667983179,1.5114396774151828e-05,102,1,1,same_source_cyclic_next_latent,False
train,lj_noisy,42,175,1.6484273146488704e-05,0.00014329282566905022,0.8849609317876049,1.9021670595975593e-05,102,1,1,same_source_cyclic_next_latent,False
train,lj_noisy,42,199,2.314958328497596e-05,0.00018602452473714948,0.8755562831423112,2.4996514184749685e-05,102,1,1,same_source_cyclic_next_latent,False
train,lj_noisy,102,0,8.327163527610537e-07,0.0,,1.26436930258933e-07,99,1,1,same_source_cyclic_next_latent,False
train,lj_noisy,102,5,6.286907705543854e-07,1.047859115033134e-07,-4.999764295933101,4.743277415286684e-08,99,1,1,same_source_cyclic_next_latent,False
train,lj_noisy,102,10,4.5907231083219813e-07,4.6877312342985533e-07,0.020694046038048475,8.035180343313186e-08,99,1,1,same_source_cyclic_next_latent,False
train,lj_noisy,102,25,4.496264978115505e-07,3.25413498103444e-06,0.8618291802792332,9.059128274202521e-07,99,1,1,same_source_cyclic_next_latent,False
train,lj_noisy,102,50,1.7552951021571062e-06,1.3549693903769366e-05,0.8704549996019613,3.771930778384558e-06,99,1,1,same_source_cyclic_next_latent,False
train,lj_noisy,102,75,4.328298928157892e-06,3.12767515424639e-05,0.8616129004867581,7.137678949220572e-06,99,1,1,same_source_cyclic_next_latent,False
train,lj_noisy,102,100,8.095140401565004e-06,5.606986815109849e-05,0.8556240514111784,1.0508540981390979e-05,99,1,1,same_source_cyclic_next_latent,False
train,lj_noisy,102,125,1.3169122212275397e-05,8.798276394372806e-05,0.8503215672935884,1.5242550034599844e-05,99,1,1,same_source_cyclic_next_latent,False
train,lj_noisy,102,149,1.9657825760077685e-05,0.00012481326120905578,0.8425021061892467,2.1860025299247354e-05,99,1,1,same_source_cyclic_next_latent,False
train,lj_noisy,102,175,2.896800469898153e-05,0.0001706574548734352,0.830256435498437,3.159042171319015e-05,99,1,1,same_source_cyclic_next_latent,False
train,lj_noisy,102,199,4.084429019712843e-05,0.00021850221673958004,0.8130715065201909,4.382991392049007e-05,99,1,1,same_source_cyclic_next_latent,False
train,lj_noisy,99,0,1.121446260299308e-07,0.0,,2.3196594156615902e-07,178,1,1,same_source_cyclic_next_latent,False
train,lj_noisy,99,5,4.693472277494948e-08,8.34548146144698e-08,0.4376031749423872,1.2028606022340682e-07,178,1,1,same_source_cyclic_next_latent,False
train,lj_noisy,99,10,5.326616658862804e-08,3.481648036540719e-07,0.8470087555387936,7.047521677350232e-08,178,1,1,same_source_cyclic_next_latent,False
train,lj_noisy,99,25,5.358767225516203e-07,2.3629713723494206e-06,0.7732191219824992,3.7800046470692905e-07,178,1,1,same_source_cyclic_next_latent,False
train,lj_noisy,99,50,2.2742917735740775e-06,9.879052413452882e-06,0.769786445258956,2.1370196918724105e-06,178,1,1,same_source_cyclic_next_latent,False
train,lj_noisy,99,75,4.536675078270491e-06,2.2769198039895855e-05,0.8007538486721668,5.156443876330741e-06,178,1,1,same_source_cyclic_next_latent,False
train,lj_noisy,99,100,7.992525752342772e-06,4.133538095629774e-05,0.8066420202878267,9.507291906629689e-06,178,1,1,same_source_cyclic_next_latent,False
train,lj_noisy,99,125,1.394097853335552e-05,6.574357394129038e-05,0.7879491835079586,1.573775261931587e-05,178,1,1,same_source_cyclic_next_latent,False
train,lj_noisy,99,149,2.2132340745883994e-05,9.555911674397066e-05,0.7683911122244603,2.4428314645774662e-05,178,1,1,same_source_cyclic_next_latent,False
train,lj_noisy,99,175,3.390642086742446e-05,0.0001350232632830739,0.7488845992683479,3.757535159820691e-05,178,1,1,same_source_cyclic_next_latent,False
train,lj_noisy,99,199,4.6292894694488496e-05,0.0001759650040185079,0.736919878172938,5.1072649512207136e-05,178,1,1,same_source_cyclic_next_latent,False
validation,reid,41,0,1.5461762359336717e-07,0.0,,1.9667889716856735e-07,49,1,1,same_source_cyclic_next_latent,False
validation,reid,41,5,1.1661154530884232e-07,1.1149158041234841e-07,-0.04592243537635632,1.6192313978535822e-07,49,1,1,same_source_cyclic_next_latent,False
validation,reid,41,10,1.3678707944109192e-07,4.7308003559010103e-07,0.7108584823908934,1.8999270423591952e-07,49,1,1,same_source_cyclic_next_latent,False
validation,reid,41,25,4.5785972702105937e-07,3.1498402677243575e-06,0.8546403347139104,5.446178192869411e-07,49,1,1,same_source_cyclic_next_latent,False
validation,reid,41,50,1.9241222162236227e-06,1.3119908544467762e-05,0.8533433209765047,2.509676505724201e-06,49,1,1,same_source_cyclic_next_latent,False
validation,reid,41,75,5.150882316229399e-06,3.0207520467229187e-05,0.8294834452957711,7.1734511948307045e-06,49,1,1,same_source_cyclic_next_latent,False
validation,reid,41,100,1.0498002666281536e-05,5.462400440592319e-05,0.8078133820386266,1.3529680472856853e-05,49,1,1,same_source_cyclic_next_latent,False
validation,reid,41,125,1.7390308130416088e-05,8.655185956740752e-05,0.7990764355920934,2.0087372831767425e-05,49,1,1,same_source_cyclic_next_latent,False
validation,reid,41,149,2.5591427402105182e-05,0.00012444172170944512,0.7943501017941734,2.757746187853627e-05,49,1,1,same_source_cyclic_next_latent,False
validation,reid,41,175,3.818384720943868e-05,0.00017371567082591355,0.7801934216533405,3.9318536437349394e-05,49,1,1,same_source_cyclic_next_latent,False
validation,reid,41,199,5.56421437067911e-05,0.000227016702410765,0.754898458501472,5.499920007423498e-05,49,1,1,same_source_cyclic_next_latent,False
validation,reid,49,0,1.1964394275310042e-07,0.0,,2.08582136451696e-07,25,1,1,same_source_cyclic_next_latent,False
validation,reid,49,5,7.679607705313174e-08,1.0523766036385496e-07,0.2702605057199827,1.5666344665987708e-07,25,1,1,same_source_cyclic_next_latent,False
validation,reid,49,10,1.232883448665234e-07,4.594179756622907e-07,0.7316423139760855,1.9647606563921727e-07,25,1,1,same_source_cyclic_next_latent,False
validation,reid,49,25,8.129532034217846e-07,3.2462357921758667e-06,0.749570500891778,8.811843486000726e-07,25,1,1,same_source_cyclic_next_latent,False
validation,reid,49,50,3.9436945371562615e-06,1.4092956007516477e-05,0.7201655539793856,4.469484338187613e-06,25,1,1,same_source_cyclic_next_latent,False
validation,reid,49,75,9.928141480486374e-06,3.3031355997081846e-05,0.6994328213058079,1.0969911272695754e-05,25,1,1,same_source_cyclic_next_latent,False
validation,reid,49,100,1.8603037460707128e-05,6.0234524426050484e-05,0.6911565644791311,1.914706444949843e-05,25,1,1,same_source_cyclic_next_latent,False
validation,reid,49,125,2.9753111448371783e-05,9.579287143424153e-05,0.6894016120103859,3.031870255654212e-05,25,1,1,same_source_cyclic_next_latent,False
validation,reid,49,149,4.360697130323388e-05,0.0001378952874802053,0.6837675014130298,4.575403727358207e-05,25,1,1,same_source_cyclic_next_latent,False
validation,reid,49,175,6.329987081699073e-05,0.00019256462110206485,0.6712798516429456,6.84906990500167e-05,25,1,1,same_source_cyclic_next_latent,False
validation,reid,49,199,8.638240251457319e-05,0.0002518006949685514,0.6569413657680258,9.527583461022004e-05,25,1,1,same_source_cyclic_next_latent,False
validation,reid,25,0,1.837639302948446e-07,0.0,,1.7443756661350562e-08,93,1,1,same_source_cyclic_next_latent,False
validation,reid,25,5,1.4814422399922478e-07,1.0530127525498756e-07,-0.40686068274570086,8.406157547824478e-08,93,1,1,same_source_cyclic_next_latent,False
validation,reid,25,10,2.1907133884724317e-07,4.6677956788698793e-07,0.5306749611193724,3.2291288221131254e-07,93,1,1,same_source_cyclic_next_latent,False
validation,reid,25,25,1.0280136848450638e-06,3.385780473763589e-06,0.6963732017444304,2.194233729824191e-06,93,1,1,same_source_cyclic_next_latent,False
validation,reid,25,50,4.566082679957617e-06,1.4759227269678377e-05,0.6906286083595813,8.824094948067795e-06,93,1,1,same_source_cyclic_next_latent,False
validation,reid,25,75,1.051641538651893e-05,3.434355676290579e-05,0.6937878199651811,1.9343038729857653e-05,93,1,1,same_source_cyclic_next_latent,False
validation,reid,25,100,1.807645458029583e-05,6.215853500179946e-05,0.7091878922215183,3.445267793722451e-05,93,1,1,same_source_cyclic_next_latent,False
validation,reid,25,125,2.85660098597873e-05,9.824951848713681e-05,0.7092503831097425,5.5114011047407985e-05,93,1,1,same_source_cyclic_next_latent,False
validation,reid,25,149,4.2834453779505566e-05,0.0001407447998644784,0.6956587112223658,8.085602894425392e-05,93,1,1,same_source_cyclic_next_latent,False
validation,reid,25,175,6.314813799690455e-05,0.00019554639584384859,0.6770682593028674,0.00011600007564993575,93,1,1,same_source_cyclic_next_latent,False
validation,reid,25,199,8.597907435614616e-05,0.00025431934045627713,0.6619247509769011,0.0001552012690808624,93,1,1,same_source_cyclic_next_latent,False
validation,reid,93,0,3.027845352221448e-08,0.0,,1.998567000782714e-08,84,1,1,same_source_cyclic_next_latent,False
validation,reid,93,5,3.6986410378858636e-08,1.0514619930290792e-07,0.6482382565982512,3.107523482981378e-08,84,1,1,same_source_cyclic_next_latent,False
validation,reid,93,10,1.1521639464717737e-07,4.2241856590408133e-07,0.7272459026496966,1.087288126200292e-07,84,1,1,same_source_cyclic_next_latent,False
validation,reid,93,25,6.100398763919657e-07,2.6625341433828e-06,0.7708799799213473,6.411708000086946e-07,84,1,1,same_source_cyclic_next_latent,False
validation,reid,93,50,1.298605070587655e-06,1.0701617611630354e-05,0.8786533851502645,1.9306914964545285e-06,84,1,1,same_source_cyclic_next_latent,False
validation,reid,93,75,1.1023164461221313e-06,2.4128486984409392e-05,0.954314729852958,3.0468345357803628e-06,84,1,1,same_source_cyclic_next_latent,False
validation,reid,93,100,9.372150202580087e-07,4.294652535463683e-05,0.9781771630529169,3.932973413611762e-06,84,1,1,same_source_cyclic_next_latent,False
validation,reid,93,125,1.3220191021900973e-06,6.716716598020867e-05,0.9803174797849944,4.97042810820858e-06,84,1,1,same_source_cyclic_next_latent,False
validation,reid,93,149,2.0357595076347934e-06,9.55089635681361e-05,0.9786851471151974,6.293734259088524e-06,84,1,1,same_source_cyclic_next_latent,False
validation,reid,93,175,3.39558937412221e-06,0.0001318353315582499,0.9742437074038691,7.978488611115608e-06,84,1,1,same_source_cyclic_next_latent,False
validation,reid,93,199,5.245662123343209e-06,0.00017057791410479695,0.9692477062410292,9.687322744866833e-06,84,1,1,same_source_cyclic_next_latent,False
validation,reid,84,0,1.944347616245068e-08,0.0,,1.0087276081094387e-07,96,1,1,same_source_cyclic_next_latent,False
validation,reid,84,5,3.3427060230906136e-08,9.34500405946892e-08,0.6423002064184677,4.3221660916969995e-08,96,1,1,same_source_cyclic_next_latent,False
validation,reid,84,10,9.605037121218629e-08,3.706644804424286e-07,0.7408697723139275,2.929597187062427e-08,96,1,1,same_source_cyclic_next_latent,False
validation,reid,84,25,4.755251552523987e-07,2.3013249119685497e-06,0.793368962036032,1.5905520456271915e-07,96,1,1,same_source_cyclic_next_latent,False
validation,reid,84,50,1.2358169669823837e-06,9.18923342396738e-06,0.8655146833293925,5.52606593373639e-07,96,1,1,same_source_cyclic_next_latent,False
validation,reid,84,75,1.615962332834897e-06,2.066570050374139e-05,0.9218046185977418,8.444308150501456e-07,96,1,1,same_source_cyclic_next_latent,False
validation,reid,84,100,1.6683841295161983e-06,3.673380706459284e-05,0.9545817800321511,1.1474585335236043e-06,96,1,1,same_source_cyclic_next_latent,False
validation,reid,84,125,1.8471873772796243e-06,5.7396227930439636e-05,0.967816920311936,1.68970746017294e-06,96,1,1,same_source_cyclic_next_latent,False
validation,reid,84,149,2.3950171907927142e-06,8.155551040545106e-05,0.9706332879423358,2.4478056275256677e-06,96,1,1,same_source_cyclic_next_latent,False
validation,reid,84,175,3.3686355891404673e-06,0.00011250645911786705,0.9700582916256273,3.430635842960328e-06,96,1,1,same_source_cyclic_next_latent,False
validation,reid,84,199,4.566268216876779e-06,0.0001454888260923326,0.9686143029707391,4.509559403231833e-06,96,1,1,same_source_cyclic_next_latent,False
validation,reid,96,0,1.066767865154361e-07,0.0,,5.01500849736658e-08,97,1,1,same_source_cyclic_next_latent,False
validation,reid,96,5,4.938580033808648e-08,1.03322996380939e-07,0.5220250857223769,3.379544821768832e-08,97,1,1,same_source_cyclic_next_latent,False
validation,reid,96,10,4.173607237589749e-08,4.142063971812604e-07,0.8992384650263299,7.213814967599319e-08,97,1,1,same_source_cyclic_next_latent,False
validation,reid,96,25,2.1960696017231385e-07,2.595082605694188e-06,0.9153757342095981,4.0019827451942547e-07,97,1,1,same_source_cyclic_next_latent,False
validation,reid,96,50,7.362648943853856e-07,1.0409034985059407e-05,0.9292667480278256,1.1178238992215483e-06,97,1,1,same_source_cyclic_next_latent,False
validation,reid,96,75,1.129214183492877e-06,2.3453274479834363e-05,0.9518526001789729,1.609465016372269e-06,97,1,1,same_source_cyclic_next_latent,False
validation,reid,96,100,1.4974241366871865e-06,4.173463457846083e-05,0.9641203486789363,2.151300577679649e-06,97,1,1,same_source_cyclic_next_latent,False
validation,reid,96,125,2.116700898113777e-06,6.525538628920913e-05,0.9675628171330923,3.2078726235340582e-06,97,1,1,same_source_cyclic_next_latent,False
validation,reid,96,149,3.025906607945217e-06,9.276856144424528e-05,0.9673821975803321,4.8005886128521524e-06,97,1,1,same_source_cyclic_next_latent,False
validation,reid,96,175,4.325556346884696e-06,0.0001280317228520289,0.9662149641469411,7.149204066081438e-06,97,1,1,same_source_cyclic_next_latent,False
validation,reid,96,199,5.878698175365571e-06,0.00016562770179007202,0.9645065522745909,1.00580436992459e-05,97,1,1,same_source_cyclic_next_latent,False
validation,reid,97,0,4.477530879398728e-08,0.0,,1.7947128583273297e-07,13,1,1,same_source_cyclic_next_latent,False
validation,reid,97,5,2.9213273577965992e-08,1.0388254167992272e-07,0.7187855331074171,9.291418479051572e-08,13,1,1,same_source_cyclic_next_latent,False
validation,reid,97,10,6.977550981446257e-08,4.131814819174906e-07,0.8311262414504912,4.541855602724354e-08,13,1,1,same_source_cyclic_next_latent,False
validation,reid,97,25,4.0198673900704307e-07,2.567076535342494e-06,0.8434067962241684,5.819313741994847e-08,13,1,1,same_source_cyclic_next_latent,False
validation,reid,97,50,1.0553858373896219e-06,1.0246058991469909e-05,0.8969959241628165,5.894595460631535e-07,13,1,1,same_source_cyclic_next_latent,False
validation,reid,97,75,1.2635571238206467e-06,2.3035410777083598e-05,0.9451471850861164,2.1284090507833753e-06,13,1,1,same_source_cyclic_next_latent,False
validation,reid,97,100,1.1696448609654908e-06,4.093155075679533e-05,0.9714243697260527,4.812566658074502e-06,13,1,1,same_source_cyclic_next_latent,False
validation,reid,97,125,1.2397990758472588e-06,6.392442446667701e-05,0.9806052367903046,8.330402124556713e-06,13,1,1,same_source_cyclic_next_latent,False
validation,reid,97,149,1.6735593817429617e-06,9.079395385924727e-05,0.9815675019028537,1.2523785699158907e-05,13,1,1,same_source_cyclic_next_latent,False
validation,reid,97,175,2.6502423224883387e-06,0.0001251927751582116,0.9788307087278869,1.861510463641025e-05,13,1,1,same_source_cyclic_next_latent,False
validation,reid,97,199,4.175039521214785e-06,0.00016182287072297186,0.9741999415622645,2.6495097699807957e-05,13,1,1,same_source_cyclic_next_latent,False
validation,reid,13,0,1.3084974170851638e-07,0.0,,7.965022774669706e-08,28,1,1,same_source_cyclic_next_latent,False
validation,reid,13,5,8.297774911625311e-08,9.996369954023976e-08,0.169921186411764,4.583415247338962e-08,28,1,1,same_source_cyclic_next_latent,False
validation,reid,13,10,1.0567151065288272e-07,4.0348717789129296e-07,0.7381044146058277,7.630783471768154e-08,28,1,1,same_source_cyclic_next_latent,False
validation,reid,13,25,5.088630814498174e-07,2.6054560748889344e-06,0.8046932794783311,4.686920647145598e-07,28,1,1,same_source_cyclic_next_latent,False
validation,reid,13,50,2.2069991700846003e-06,1.0772148925752845e-05,0.7951198794877079,2.1645510059897788e-06,28,1,1,same_source_cyclic_next_latent,False
validation,reid,13,75,5.285821771394694e-06,2.473311178619042e-05,0.7862856151264395,5.779395451099845e-06,28,1,1,same_source_cyclic_next_latent,False
validation,reid,13,100,9.9255385066499e-06,4.4647022150456905e-05,0.7776886782459617,1.1465382158348802e-05,28,1,1,same_source_cyclic_next_latent,False
validation,reid,13,125,1.6287998732877895e-05,7.067642582114786e-05,0.769541278529054,1.859709300333634e-05,28,1,1,same_source_cyclic_next_latent,False
validation,reid,13,149,2.4519356884411536e-05,0.00010157931683352217,0.758618608110978,2.7179123208043166e-05,28,1,1,same_source_cyclic_next_latent,False
validation,reid,13,175,3.6755827750312164e-05,0.00014179330901242793,0.7407788279551993,3.9770624425727874e-05,28,1,1,same_source_cyclic_next_latent,False
validation,reid,13,199,5.1996270485688e-05,0.0001853152789408341,0.7194172505209949,5.547129694605246e-05,28,1,1,same_source_cyclic_next_latent,False
validation,reid,28,0,1.0245491210980617e-07,0.0,,3.3486088568679406e-07,52,1,1,same_source_cyclic_next_latent,False
validation,reid,28,5,6.618804349045604e-08,1.0269551609098926e-07,0.35549237191804195,2.770683238395577e-07,52,1,1,same_source_cyclic_next_latent,False
validation,reid,28,10,9.241564669082436e-08,4.423241932727251e-07,0.7910680715720124,3.3083739481298835e-07,52,1,1,same_source_cyclic_next_latent,False
validation,reid,28,25,4.934589696858893e-07,3.113214461336611e-06,0.8414953496412739,1.1358023357388447e-06,52,1,1,same_source_cyclic_next_latent,False
validation,reid,28,50,2.266307774334564e-06,1.358427107334137e-05,0.8331667733882233,4.540364898275584e-06,52,1,1,same_source_cyclic_next_latent,False
validation,reid,28,75,5.988573320792057e-06,3.200078208465129e-05,0.8128616574135421,1.05394847196294e-05,52,1,1,same_source_cyclic_next_latent,False
validation,reid,28,100,1.1840967090392951e-05,5.867032814421691e-05,0.7981779297145434,1.9622215404524468e-05,52,1,1,same_source_cyclic_next_latent,False
validation,reid,28,125,1.9442699340288527e-05,9.386183228343725e-05,0.792858301747436,3.2177904358832166e-05,52,1,1,same_source_cyclic_next_latent,False
validation,reid,28,149,2.9275004635564983e-05,0.00013590285379905254,0.7845887424935806,4.774370972882025e-05,52,1,1,same_source_cyclic_next_latent,False
validation,reid,28,175,4.473670924198814e-05,0.00019086066458839923,0.7656053994233692,6.917821156093851e-05,52,1,1,same_source_cyclic_next_latent,False
validation,reid,28,199,6.493278488051146e-05,0.000250564597081393,0.740854112524848,9.405912715010345e-05,52,1,1,same_source_cyclic_next_latent,False
validation,reid,52,0,2.2266151233907294e-07,0.0,,1.3922253572218324e-07,59,1,1,same_source_cyclic_next_latent,False
validation,reid,52,5,1.0048168519460887e-07,1.0380210113680732e-07,0.03198794538679195,5.0237769499972273e-08,59,1,1,same_source_cyclic_next_latent,False
validation,reid,52,10,4.549217891280932e-08,4.140581495448714e-07,0.8901309418427971,2.323079506538761e-08,59,1,1,same_source_cyclic_next_latent,False
validation,reid,52,25,1.7545920627526357e-07,2.5844267383945407e-06,0.9321090423386272,2.0757600793785969e-07,59,1,1,same_source_cyclic_next_latent,False
validation,reid,52,50,7.467725140486436e-07,1.0333380487281829e-05,0.9277320219682456,8.297650424538006e-07,59,1,1,same_source_cyclic_next_latent,False
validation,reid,52,75,1.1155567563037039e-06,2.3241327653522603e-05,0.9520011604786862,1.2982984571863199e-06,59,1,1,same_source_cyclic_next_latent,False
validation,reid,52,100,1.3035253232374089e-06,4.1306804632768035e-05,0.9684428428965589,1.6525192449989845e-06,59,1,1,same_source_cyclic_next_latent,False
validation,reid,52,125,1.619875092728762e-06,6.4523694163654e-05,0.9748948798774569,2.162253394999425e-06,59,1,1,same_source_cyclic_next_latent,False
validation,reid,52,149,2.1527775970753282e-06,9.165598748950288e-05,0.9765124171803629,2.9237946819193894e-06,59,1,1,same_source_cyclic_next_latent,False
validation,reid,52,175,2.944729658338474e-06,0.0001263997401110828,0.9767030402455686,4.099959369341377e-06,59,1,1,same_source_cyclic_next_latent,False
validation,reid,52,199,3.797905492319842e-06,0.00016340739966835827,0.9767580568564959,5.522511401068186e-06,59,1,1,same_source_cyclic_next_latent,False
validation,reid,59,0,1.430744305253029e-07,0.0,,1.3460552850119711e-07,57,1,1,same_source_cyclic_next_latent,False
validation,reid,59,5,6.445311839797796e-08,1.0051899579366363e-07,0.3587966345159125,5.252799439858791e-08,57,1,1,same_source_cyclic_next_latent,False
validation,reid,59,10,4.445248791284939e-08,4.096098109585e-07,0.8914760176060501,2.4457831315771728e-08,57,1,1,same_source_cyclic_next_latent,False
validation,reid,59,25,2.4809915544210526e-07,2.5966930934373522e-06,0.9044557263740067,2.0426631408554385e-07,57,1,1,same_source_cyclic_next_latent,False
validation,reid,59,50,8.97287861789664e-07,1.0445361112942919e-05,0.9140969994155752,9.117575814343581e-07,57,1,1,same_source_cyclic_next_latent,False
validation,reid,59,75,1.3868267387806554e-06,2.3561089619761333e-05,0.9411391085403161,1.7021359326463426e-06,57,1,1,same_source_cyclic_next_latent,False
validation,reid,59,100,1.7589712797416723e-06,4.1953680920414627e-05,0.9580734934062541,2.6275849904777715e-06,57,1,1,same_source_cyclic_next_latent,False
validation,reid,59,125,2.3109080302674556e-06,6.56422707834281e-05,0.9647954282707285,3.963017661590129e-06,57,1,1,same_source_cyclic_next_latent,False
validation,reid,59,149,3.1917550131765893e-06,9.337658411823213e-05,0.9658184646256149,5.868605057912646e-06,57,1,1,same_source_cyclic_next_latent,False
validation,reid,59,175,4.656746114051202e-06,0.0001289642386836931,0.9638911828458688,8.897338375390973e-06,57,1,1,same_source_cyclic_next_latent,False
validation,reid,59,199,6.524530817841878e-06,0.00016694419900886714,0.9609178943828092,1.288434214075096e-05,57,1,1,same_source_cyclic_next_latent,False
validation,reid,57,0,1.304087362541395e-07,0.0,,8.785503524677551e-08,15,1,1,same_source_cyclic_next_latent,False
validation,reid,57,5,6.0288328995739e-08,1.0879922029971567e-07,0.445875358025001,3.2723729503914e-08,15,1,1,same_source_cyclic_next_latent,False
validation,reid,57,10,6.556508935773309e-08,4.6272842268990644e-07,0.8583076246395372,5.389701129843161e-08,15,1,1,same_source_cyclic_next_latent,False
validation,reid,57,25,5.103273679196718e-07,3.0676756068714894e-06,0.8336436333826968,5.26712767623394e-07,15,1,1,same_source_cyclic_next_latent,False
validation,reid,57,50,2.0949407826265087e-06,1.2550069186545443e-05,0.8330733678446623,2.2393278413801454e-06,15,1,1,same_source_cyclic_next_latent,False
validation,reid,57,75,4.107490894966759e-06,2.845998460543342e-05,0.8556748729167415,5.023190624342533e-06,15,1,1,same_source_cyclic_next_latent,False
validation,reid,57,100,6.513329026347492e-06,5.080093251308426e-05,0.8717872152313362,9.61065961746499e-06,15,1,1,same_source_cyclic_next_latent,False
validation,reid,57,125,9.70024302660022e-06,7.957850903039798e-05,0.8781047402773675,1.7109065083786845e-05,15,1,1,same_source_cyclic_next_latent,False
validation,reid,57,149,1.3921042409492657e-05,0.00011326819367241114,0.8770966327073739,2.8057058443664573e-05,15,1,1,same_source_cyclic_next_latent,False
validation,reid,57,175,2.0237806893419474e-05,0.00015646663086954504,0.8706573613750725,4.490408900892362e-05,15,1,1,same_source_cyclic_next_latent,False
validation,reid,57,199,2.806000702548772e-05,0.0002025431749643758,0.8614616018020699,6.545255018863827e-05,15,1,1,same_source_cyclic_next_latent,False
validation,reid,15,0,1.389768442550121e-07,0.0,,2.480892646872235e-07,53,1,1,same_source_cyclic_next_latent,False
validation,reid,15,5,1.001460745442273e-07,9.878272066998761e-08,-0.013801542061129934,2.0131888334162795e-07,53,1,1,same_source_cyclic_next_latent,False
validation,reid,15,10,1.2685070771567553e-07,4.075140793702303e-07,0.6887206746041517,2.4749525096012803e-07,53,1,1,same_source_cyclic_next_latent,False
validation,reid,15,25,5.185266900298302e-07,2.657891172930249e-06,0.8049104886946258,8.535107554052956e-07,53,1,1,same_source_cyclic_next_latent,False
validation,reid,15,50,2.1798568923259154e-06,1.1012571121682413e-05,0.802057406191544,3.3728333619365003e-06,53,1,1,same_source_cyclic_next_latent,False
validation,reid,15,75,5.333710305421846e-06,2.5448980522924103e-05,0.7904155610234638,7.941382136777975e-06,53,1,1,same_source_cyclic_next_latent,False
validation,reid,15,100,1.0297616427124012e-05,4.635270670405589e-05,0.7778421766635913,1.4922767149982974e-05,53,1,1,same_source_cyclic_next_latent,False
validation,reid,15,125,1.7480673704994842e-05,7.409453974105418e-05,0.764076087575598,2.457374102959875e-05,53,1,1,same_source_cyclic_next_latent,False
validation,reid,15,149,2.7317897547618486e-05,0.00010749007924459875,0.7458565689075796,3.644156822701916e-05,53,1,1,same_source_cyclic_next_latent,False
validation,reid,15,175,4.247217293595895e-05,0.00015147423255257308,0.7196079344965958,5.236505239736289e-05,53,1,1,same_source_cyclic_next_latent,False
validation,reid,15,199,6.149003456812352e-05,0.00019959177006967366,0.6919209917991181,7.029756670817733e-05,53,1,1,same_source_cyclic_next_latent,False
validation,reid,53,0,2.3006700189398543e-07,0.0,,2.1179232589929597e-07,2,1,1,same_source_cyclic_next_latent,False
validation,reid,53,5,1.358008461238569e-07,9.364332242967066e-08,-0.45019252414765587,1.2803158710994467e-07,2,1,1,same_source_cyclic_next_latent,False
validation,reid,53,10,8.93849687599868e-08,3.85355036769397e-07,0.7680451525706247,9.390296185074476e-08,2,1,1,same_source_cyclic_next_latent,False
validation,reid,53,25,1.7181064038140903e-07,2.4711696369195124e-06,0.9304739594503989,2.106725531803022e-07,2,1,1,same_source_cyclic_next_latent,False
validation,reid,53,50,6.33541674233129e-07,9.974225577025209e-06,0.9364821189033022,6.202153031154012e-07,2,1,1,same_source_cyclic_next_latent,False
validation,reid,53,75,1.1043340464311768e-06,2.250624675070867e-05,0.9509321097087677,9.274913850276789e-07,2,1,1,same_source_cyclic_next_latent,False
validation,reid,53,100,1.5601597169734305e-06,4.006221570307389e-05,0.9610565793830089,1.351054379483685e-06,2,1,1,same_source_cyclic_next_latent,False
validation,reid,53,125,2.1561475023190724e-06,6.264413968892768e-05,0.965581018224117,2.0876536837022286e-06,2,1,1,same_source_cyclic_next_latent,False
validation,reid,53,149,2.994165470227017e-06,8.904800051823258e-05,0.9663758259275685,2.9934224130556686e-06,2,1,1,same_source_cyclic_next_latent,False
validation,reid,53,175,4.367565907159587e-06,0.0001228825276484713,0.9644573887700794,4.157171133556403e-06,2,1,1,same_source_cyclic_next_latent,False
validation,reid,53,199,6.273410690482706e-06,0.00015894098032731563,0.9605299358443395,5.565746505453717e-06,2,1,1,same_source_cyclic_next_latent,False
validation,reid,2,0,1.4953096183489833e-07,0.0,,4.4908656349207376e-08,88,1,1,same_source_cyclic_next_latent,False
validation,reid,2,5,6.074807146205785e-08,9.875607531739661e-08,0.3848675003860078,1.2919966430047225e-08,88,1,1,same_source_cyclic_next_latent,False
validation,reid,2,10,3.7442383415964287e-08,3.9769926729604776e-07,0.9058525210002659,5.2394693028645634e-08,88,1,1,same_source_cyclic_next_latent,False
validation,reid,2,25,2.56073718674088e-07,2.5024969545484055e-06,0.8976727151620856,5.035464596403472e-07,88,1,1,same_source_cyclic_next_latent,False
validation,reid,2,50,9.602646287021344e-07,1.003642591967946e-05,0.904322052851579,1.7993587562159519e-06,88,1,1,same_source_cyclic_next_latent,False
validation,reid,2,75,1.4297199868451571e-06,2.2605408958042972e-05,0.9367531908182327,3.1589340778737096e-06,88,1,1,same_source_cyclic_next_latent,False
validation,reid,2,100,1.6518912389074103e-06,4.020733467768878e-05,0.958915674163698,4.622590950020822e-06,88,1,1,same_source_cyclic_next_latent,False
validation,reid,2,125,1.969613322216901e-06,6.284512346610427e-05,0.9686592496985192,6.69464952807175e-06,88,1,1,same_source_cyclic_next_latent,False
validation,reid,2,149,2.586039272500784e-06,8.931615593610331e-05,0.9710462318334565,9.706576747703366e-06,88,1,1,same_source_cyclic_next_latent,False
validation,reid,2,175,3.69140275324753e-06,0.00012323314149398357,0.9700453732778714,1.4536223716277163e-05,88,1,1,same_source_cyclic_next_latent,False
validation,reid,2,199,5.119532943353988e-06,0.00015938510478008538,0.9678794768782331,2.0862542442046106e-05,88,1,1,same_source_cyclic_next_latent,False
validation,reid,88,0,8.998011225003211e-08,0.0,,5.017998319090111e-07,74,1,1,same_source_cyclic_next_latent,False
validation,reid,88,5,4.329818281689768e-08,1.0328217570076959e-07,0.5807777816150803,3.9116704897423915e-07,74,1,1,same_source_cyclic_next_latent,False
validation,reid,88,10,4.381254115060074e-08,4.2534415456429997e-07,0.8969950787369348,3.217545554434764e-07,74,1,1,same_source_cyclic_next_latent,False
validation,reid,88,25,2.46165569706136e-07,2.7586918349697953e-06,0.9107672823090691,3.2699927032808773e-07,74,1,1,same_source_cyclic_next_latent,False
validation,reid,88,50,7.828641628293553e-07,1.1242896107432898e-05,0.9303681048594065,7.753744739602553e-07,74,1,1,same_source_cyclic_next_latent,False
validation,reid,88,75,1.3095348094793735e-06,2.548983866290655e-05,0.9486252217286475,1.6055035985118593e-06,74,1,1,same_source_cyclic_next_latent,False
validation,reid,88,100,2.2381295821105596e-06,4.550983430817723e-05,0.9508209683437935,2.9316834115888923e-06,74,1,1,same_source_cyclic_next_latent,False
validation,reid,88,125,3.7715590224252082e-06,7.13156841811724e-05,0.947114592452849,4.688501576310955e-06,74,1,1,same_source_cyclic_next_latent,False
validation,reid,88,149,5.466808033816051e-06,0.00010155241761822253,0.9461676229672046,6.488723556685727e-06,74,1,1,same_source_cyclic_next_latent,False
validation,reid,88,175,7.2839980020944495e-06,0.00014035985805094242,0.9481048349347092,8.35692208056571e-06,74,1,1,same_source_cyclic_next_latent,False
validation,reid,88,199,9.205858077621087e-06,0.0001818001619540155,0.9493627619542516,1.0109124559676275e-05,74,1,1,same_source_cyclic_next_latent,False
validation,reid,74,0,3.472378580227087e-07,0.0,,1.6542887237847026e-07,31,1,1,same_source_cyclic_next_latent,False
validation,reid,74,5,2.3369835844277986e-07,9.82452448283766e-08,-1.3787243733884997,8.777420390515545e-08,31,1,1,same_source_cyclic_next_latent,False
validation,reid,74,10,1.759062513428944e-07,3.9470123169849103e-07,0.5543306247463963,5.671048342037466e-08,31,1,1,same_source_cyclic_next_latent,False
validation,reid,74,25,2.420312057438423e-07,2.468499815222458e-06,0.9019521070038927,1.2604115795511461e-07,31,1,1,same_source_cyclic_next_latent,False
validation,reid,74,50,7.615764161528205e-07,9.872235750663094e-06,0.9228567433570792,6.703486405967851e-07,31,1,1,same_source_cyclic_next_latent,False
validation,reid,74,75,1.469809603804606e-06,2.2206828361959197e-05,0.9338127183293575,2.2515105229103938e-06,31,1,1,same_source_cyclic_next_latent,False
validation,reid,74,100,2.400513267275528e-06,3.9466427551815286e-05,0.939175815593547,4.981868187314831e-06,31,1,1,same_source_cyclic_next_latent,False
validation,reid,74,125,3.678127541206777e-06,6.164090154925361e-05,0.9403297575349737,8.103997060970869e-06,31,1,1,same_source_cyclic_next_latent,False
validation,reid,74,149,5.259271347313188e-06,8.754659938858822e-05,0.9399260350025801,1.1485937648103572e-05,31,1,1,same_source_cyclic_next_latent,False
validation,reid,74,175,7.409726094920188e-06,0.00012070701632183045,0.9386139569951403,1.6488043911522254e-05,31,1,1,same_source_cyclic_next_latent,False
validation,reid,74,199,9.929836778610479e-06,0.0001560081000206992,0.9363505050231816,2.3229011276271194e-05,31,1,1,same_source_cyclic_next_latent,False
validation,reid,31,0,1.7872682178676769e-07,0.0,,2.7594865059654694e-07,69,1,1,same_source_cyclic_next_latent,False
validation,reid,31,5,1.266433429236713e-07,9.754089802527233e-08,-0.29836146157746746,2.216551564515612e-07,69,1,1,same_source_cyclic_next_latent,False
validation,reid,31,10,1.500514201779879e-07,4.046144965741405e-07,0.6291496685154165,2.485416530362272e-07,69,1,1,same_source_cyclic_next_latent,False
validation,reid,31,25,5.886925578124647e-07,2.6757297746371478e-06,0.7799880378831242,7.32768569378095e-07,69,1,1,same_source_cyclic_next_latent,False
validation,reid,31,50,2.632902805999038e-06,1.1123805961688049e-05,0.7633091753787216,2.94826713798102e-06,69,1,1,same_source_cyclic_next_latent,False
validation,reid,31,75,6.858012966404203e-06,2.5607325369492173e-05,0.7321855028805686,7.286651907634223e-06,69,1,1,same_source_cyclic_next_latent,False
validation,reid,31,100,1.3027643944951706e-05,4.6321227273438126e-05,0.7187543441358231,1.3676569324161392e-05,69,1,1,same_source_cyclic_next_latent,False
validation,reid,31,125,2.004160705837421e-05,7.339884905377403e-05,0.7269493007486919,2.1259555069264024e-05,69,1,1,same_source_cyclic_next_latent,False
validation,reid,31,149,2.7649761250359006e-05,0.00010547126294113696,0.7378455469354699,2.9296195862116292e-05,69,1,1,same_source_cyclic_next_latent,False
validation,reid,31,175,3.7863013858441263e-05,0.00014702796761412174,0.7424774723281654,3.941761679016054e-05,69,1,1,same_source_cyclic_next_latent,False
validation,reid,31,199,4.965912739862688e-05,0.0001917742338264361,0.7410542260668317,5.0777151045622304e-05,69,1,1,same_source_cyclic_next_latent,False
validation,reid,69,0,2.3882287791821e-07,0.0,,1.7721148992677627e-07,19,1,1,same_source_cyclic_next_latent,False
validation,reid,69,5,1.7403949925665074e-07,1.0311431708487362e-07,-0.6878305959530184,1.2047004815940454e-07,19,1,1,same_source_cyclic_next_latent,False
validation,reid,69,10,1.788744441455492e-07,4.325807765326317e-07,0.5864946991419167,1.2995012355077051e-07,19,1,1,same_source_cyclic_next_latent,False
validation,reid,69,25,5.34030561993859e-07,2.8503357043518918e-06,0.8126429244181654,4.6193599700927734e-07,19,1,1,same_source_cyclic_next_latent,False
validation,reid,69,50,2.0482077616179595e-06,1.1736545275198296e-05,0.8254846112214778,1.922860519698588e-06,19,1,1,same_source_cyclic_next_latent,False
validation,reid,69,75,4.767966856888961e-06,2.679025783436373e-05,0.8220260929787278,4.776150035468163e-06,19,1,1,same_source_cyclic_next_latent,False
validation,reid,69,100,8.79606704984326e-06,4.8090289055835456e-05,0.8170926558659162,8.893706763046794e-06,19,1,1,same_source_cyclic_next_latent,False
validation,reid,69,125,1.3880448022973724e-05,7.570085290353745e-05,0.8166407974205916,1.4015555279911496e-05,19,1,1,same_source_cyclic_next_latent,False
validation,reid,69,149,1.98045490833465e-05,0.00010818660666700453,0.8169408423696625,2.0463989130803384e-05,19,1,1,same_source_cyclic_next_latent,False
validation,reid,69,175,2.795834188873414e-05,0.0001500365324318409,0.813656437964966,3.006466431543231e-05,19,1,1,same_source_cyclic_next_latent,False
validation,reid,69,199,3.76383432012517e-05,0.00019486209203023463,0.8068462531162204,4.178345261607319e-05,19,1,1,same_source_cyclic_next_latent,False
validation,reid,19,0,1.8235110132991394e-07,0.0,,1.085793783772715e-07,41,1,1,same_source_cyclic_next_latent,False
validation,reid,19,5,1.3211788996159157e-07,9.762278807556868e-08,-0.35335091904280214,6.992023315888218e-08,41,1,1,same_source_cyclic_next_latent,False
validation,reid,19,10,1.5236864214784873e-07,3.94468059994324e-07,0.6137364273547492,9.365923858695169e-08,41,1,1,same_source_cyclic_next_latent,False
validation,reid,19,25,5.223155312705785e-07,2.5457179617660586e-06,0.7948258451583423,4.592890547883144e-07,41,1,1,same_source_cyclic_next_latent,False
validation,reid,19,50,2.343904725421453e-06,1.0593883416731842e-05,0.7787492430094596,2.1277885480230907e-06,41,1,1,same_source_cyclic_next_latent,False
validation,reid,19,75,6.159403710626066e-06,2.450023021083325e-05,0.7485981291758408,5.6003304962359834e-06,41,1,1,same_source_cyclic_next_latent,False
validation,reid,19,100,1.1664937119348906e-05,4.4587679440155625e-05,0.7383820538360766,1.126461211242713e-05,41,1,1,same_source_cyclic_next_latent,False
validation,reid,19,125,1.834280919865705e-05,7.122715760488063e-05,0.7424745024866728,1.8803821149049327e-05,41,1,1,same_source_cyclic_next_latent,False
validation,reid,19,149,2.6527521185926162e-05,0.0001033735170494765,0.7433818453402374,2.7792761102318764e-05,41,1,1,same_source_cyclic_next_latent,False
validation,reid,19,175,3.871265289490111e-05,0.00014598786947317421,0.7348228107266495,4.0352915675612167e-05,41,1,1,same_source_cyclic_next_latent,False
validation,reid,19,199,5.406004856922664e-05,0.00019308346963953227,0.7200172098100817,5.5784079449949786e-05,41,1,1,same_source_cyclic_next_latent,False
validation,depablo_low_temp,161,0,1.0625506519090777e-07,0.0,,1.8789174305311462e-07,47,1,1,same_source_cyclic_next_latent,False
validation,depablo_low_temp,161,5,1.849805819631456e-08,1.0447118370393582e-07,0.8229362629915558,6.04093912670578e-08,47,1,1,same_source_cyclic_next_latent,False
validation,depablo_low_temp,161,10,1.617704903367212e-08,4.179090637990157e-07,0.9612905044781413,1.1100405039599082e-08,47,1,1,same_source_cyclic_next_latent,False
validation,depablo_low_temp,161,25,3.694518682095804e-07,2.613081051094923e-06,0.8586144627795704,2.3070550980719418e-07,47,1,1,same_source_cyclic_next_latent,False
validation,depablo_low_temp,161,50,1.2852913187089143e-06,1.0458379620104097e-05,0.877104162843907,1.2383267176119261e-06,47,1,1,same_source_cyclic_next_latent,False
validation,depablo_low_temp,161,75,1.6624652516838978e-06,2.353832132939715e-05,0.9293719705658179,2.339062120881863e-06,47,1,1,same_source_cyclic_next_latent,False
validation,depablo_low_temp,161,100,1.6542986713830032e-06,4.185446596238762e-05,0.9604749783961015,3.3394023830624064e-06,47,1,1,same_source_cyclic_next_latent,False
validation,depablo_low_temp,161,125,1.8324116126677836e-06,6.540835602208972e-05,0.9719850532239498,4.507568974077003e-06,47,1,1,same_source_cyclic_next_latent,False
validation,depablo_low_temp,161,149,2.266964429509244e-06,9.295123163610697e-05,0.9756112491506929,6.1071673371770885e-06,47,1,1,same_source_cyclic_next_latent,False
validation,depablo_low_temp,161,175,2.8640340588026447e-06,0.00012823649740312248,0.9776659990189899,8.599378816143144e-06,47,1,1,same_source_cyclic_next_latent,False
validation,depablo_low_temp,161,199,3.462422910160967e-06,0.00016584270633757114,0.979122247902098,1.1609281500568613e-05,47,1,1,same_source_cyclic_next_latent,False
validation,depablo_low_temp,47,0,2.1625633905841823e-07,0.0,,4.757061589089062e-08,191,1,1,same_source_cyclic_next_latent,False
validation,depablo_low_temp,47,5,8.718756561165719e-08,1.0193582511419663e-07,0.14468180824570032,1.394705684276687e-08,191,1,1,same_source_cyclic_next_latent,False
validation,depablo_low_temp,47,10,2.7789898382479805e-08,4.097973942407407e-07,0.9321862491732823,6.693575471672375e-08,191,1,1,same_source_cyclic_next_latent,False
validation,depablo_low_temp,47,25,1.6999651109017577e-07,2.571714503574185e-06,0.9338975959991229,5.994077696414024e-07,191,1,1,same_source_cyclic_next_latent,False
validation,depablo_low_temp,47,50,9.099063049688993e-07,1.0300798749085516e-05,0.9116664321735556,1.9029521354241297e-06,191,1,1,same_source_cyclic_next_latent,False
validation,depablo_low_temp,47,75,1.6350402347597992e-06,2.318746737728361e-05,0.9294860362213762,2.993332827827544e-06,191,1,1,same_source_cyclic_next_latent,False
validation,depablo_low_temp,47,100,2.2231870389077812e-06,4.123131657252088e-05,0.9460801346229761,4.515068667387823e-06,191,1,1,same_source_cyclic_next_latent,False
validation,depablo_low_temp,47,125,2.9532307053159457e-06,6.443101301556453e-05,0.9541644533106668,7.820325663487893e-06,191,1,1,same_source_cyclic_next_latent,False
validation,depablo_low_temp,47,149,4.074270691489801e-06,9.155587758868933e-05,0.9554996271261439,1.3675299669557717e-05,191,1,1,same_source_cyclic_next_latent,False
validation,depablo_low_temp,47,175,5.973178303975146e-06,0.00012630049604922533,0.9527066124772217,2.3096568838809617e-05,191,1,1,same_source_cyclic_next_latent,False
validation,depablo_low_temp,47,199,8.410824193560984e-06,0.00016332407540176064,0.9485022390430118,3.3765485568437725e-05,191,1,1,same_source_cyclic_next_latent,False
validation,depablo_low_temp,191,0,1.40860549890931e-07,0.0,,1.3665746791957645e-06,66,1,1,same_source_cyclic_next_latent,False
validation,depablo_low_temp,191,5,5.6818741711595067e-08,1.0844533449017035e-07,0.4760609852077573,1.0262680234518484e-06,66,1,1,same_source_cyclic_next_latent,False
validation,depablo_low_temp,191,10,2.6157254140457553e-08,4.3661586346388503e-07,0.9400909212667186,7.907382268967922e-07,66,1,1,same_source_cyclic_next_latent,False
validation,depablo_low_temp,191,25,1.1143611544639498e-07,2.7436412892711814e-06,0.9593838611912723,9.327562793259858e-07,66,1,1,same_source_cyclic_next_latent,False
validation,depablo_low_temp,191,50,2.1116184711900132e-07,1.0999379810527898e-05,0.9808023860657225,3.6932958664692705e-06,66,1,1,same_source_cyclic_next_latent,False
validation,depablo_low_temp,191,75,3.107045358774485e-07,2.4769382434897125e-05,0.9874561048627638,9.822646461543627e-06,66,1,1,same_source_cyclic_next_latent,False
validation,depablo_low_temp,191,100,9.378934464621125e-07,4.4057222112314776e-05,0.9787119250489478,1.9780301954597235e-05,66,1,1,same_source_cyclic_next_latent,False
validation,depablo_low_temp,191,125,1.502229793004517e-06,6.886258779559284e-05,0.9781851097803115,3.303447738289833e-05,66,1,1,same_source_cyclic_next_latent,False
validation,depablo_low_temp,191,149,2.262054067614372e-06,9.78677489911206e-05,0.9768866241337624,4.8524863814236596e-05,66,1,1,same_source_cyclic_next_latent,False
validation,depablo_low_temp,191,175,4.496972451306647e-06,0.00013503755326382816,0.9666983565488577,6.908914656378329e-05,66,1,1,same_source_cyclic_next_latent,False
validation,depablo_low_temp,191,199,8.169839020411018e-06,0.00017463676340412349,0.9532181033296789,9.267840505344793e-05,66,1,1,same_source_cyclic_next_latent,False
validation,depablo_low_temp,66,0,1.4719059890921926e-06,0.0,,7.242203992063878e-07,118,1,1,same_source_cyclic_next_latent,False
validation,depablo_low_temp,66,5,1.0923995432676747e-06,9.862818473038715e-08,-10.07593682529887,4.912303666060325e-07,118,1,1,same_source_cyclic_next_latent,False
validation,depablo_low_temp,66,10,7.860120376790292e-07,4.0102668208419345e-07,-0.9599993536440303,3.316124832508649e-07,118,1,1,same_source_cyclic_next_latent,False
validation,depablo_low_temp,66,25,3.74252778101436e-07,2.543989467085339e-06,0.8528874498327939,2.9565950399046415e-07,118,1,1,same_source_cyclic_next_latent,False
validation,depablo_low_temp,66,50,6.089251201046864e-07,1.0273105544911232e-05,0.9407262859860019,1.3460587524605216e-06,118,1,1,same_source_cyclic_next_latent,False
validation,depablo_low_temp,66,75,1.2952402812516084e-06,2.325402783753816e-05,0.9443003900098224,3.276417828601552e-06,118,1,1,same_source_cyclic_next_latent,False
validation,depablo_low_temp,66,100,2.3966988464962924e-06,4.156100476393476e-05,0.9423329907419354,5.7532815844751894e-06,118,1,1,same_source_cyclic_next_latent,False
validation,depablo_low_temp,66,125,3.878833013004623e-06,6.526274955831468e-05,0.94056589648374,8.736067684367299e-06,118,1,1,same_source_cyclic_next_latent,False
validation,depablo_low_temp,66,149,5.613847861241084e-06,9.317624062532559e-05,0.939750221477435,1.2237084774824325e-05,118,1,1,same_source_cyclic_next_latent,False
validation,depablo_low_temp,66,175,8.047699338931125e-06,0.0001292074884986505,0.9377149155018583,1.6998925275402144e-05,118,1,1,same_source_cyclic_next_latent,False
validation,depablo_low_temp,66,199,1.096431242331164e-05,0.00016791837697383016,0.9347045116746191,2.2591442757402547e-05,118,1,1,same_source_cyclic_next_latent,False
validation,depablo_low_temp,118,0,5.824983304592024e-07,0.0,,4.313464614824625e-06,98,1,1,same_source_cyclic_next_latent,False
validation,depablo_low_temp,118,5,3.761609832508839e-07,9.106263831881733e-08,-3.130793816163279,3.824807663477259e-06,98,1,1,same_source_cyclic_next_latent,False
validation,depablo_low_temp,118,10,2.2802888111073116e-07,3.5658808883454185e-07,0.3605258048410659,3.4645047435333254e-06,98,1,1,same_source_cyclic_next_latent,False
validation,depablo_low_temp,118,25,9.347928653369308e-08,2.1927392026555026e-06,0.9573687165256655,3.559147671694518e-06,98,1,1,same_source_cyclic_next_latent,False
validation,depablo_low_temp,118,50,5.566018899116898e-07,8.724763574718963e-06,0.9362043584167129,8.697832527104765e-06,98,1,1,same_source_cyclic_next_latent,False
validation,depablo_low_temp,118,75,1.3963860965304775e-06,1.959523251571227e-05,0.928738477820521,1.9772742234636098e-05,98,1,1,same_source_cyclic_next_latent,False
validation,depablo_low_temp,118,100,2.303863766428549e-06,3.4804885217454284e-05,0.9338063104637626,2.9953933335491456e-05,98,1,1,same_source_cyclic_next_latent,False
validation,depablo_low_temp,118,125,3.260174480601563e-06,5.435306957224384e-05,0.9400185765724183,3.9182348700705916e-05,98,1,1,same_source_cyclic_next_latent,False
validation,depablo_low_temp,118,149,4.376835931907408e-06,7.720248686382547e-05,0.9433070603071694,5.2971041441196576e-05,98,1,1,same_source_cyclic_next_latent,False
validation,depablo_low_temp,118,175,6.036627837602282e-06,0.0001064735115505755,0.9433039471537026,8.051501208683476e-05,98,1,1,same_source_cyclic_next_latent,False
validation,depablo_low_temp,118,199,8.207490282075014e-06,0.0001376654690830037,0.940380907886738,0.00012411738862283528,98,1,1,same_source_cyclic_next_latent,False
validation,depablo_low_temp,98,0,3.1774216040503234e-06,0.0,,1.1277618341409834e-06,2,1,1,same_source_cyclic_next_latent,False
validation,depablo_low_temp,98,5,2.6432908271090128e-06,1.139613132750128e-07,-22.194632907837697,7.481334023395902e-07,2,1,1,same_source_cyclic_next_latent,False
validation,depablo_low_temp,98,10,2.224841864517657e-06,5.0763196668413e-07,-3.3827851879589126,4.710468886059971e-07,2,1,1,same_source_cyclic_next_latent,False
validation,depablo_low_temp,98,25,1.999618689296767e-06,3.5328100693732267e-06,0.43398635929173246,5.233912361291004e-07,2,1,1,same_source_cyclic_next_latent,False
validation,depablo_low_temp,98,50,4.203817297820933e-06,1.4838107745163143e-05,0.7166877764995827,2.0166226022411138e-06,2,1,1,same_source_cyclic_next_latent,False
validation,depablo_low_temp,98,75,8.492780580127146e-06,3.409271812415682e-05,0.7508916552444236,4.071222519996809e-06,2,1,1,same_source_cyclic_next_latent,False
validation,depablo_low_temp,98,100,1.2438496924005449e-05,6.142582424217835e-05,0.7975037848093784,7.113274023140548e-06,2,1,1,same_source_cyclic_next_latent,False
validation,depablo_low_temp,98,125,1.6579597286181524e-05,9.695556218503043e-05,0.8289979768820179,1.133872865466401e-05,2,1,1,same_source_cyclic_next_latent,False
validation,depablo_low_temp,98,149,2.2578544303542003e-05,0.0001388805831084028,0.8374247587517804,1.6674557627993636e-05,2,1,1,same_source_cyclic_next_latent,False
validation,depablo_low_temp,98,175,3.311272303108126e-05,0.00019302488362882286,0.8284536044857544,2.3766775484546088e-05,2,1,1,same_source_cyclic_next_latent,False
validation,depablo_low_temp,98,199,4.9364556616637856e-05,0.00025115665630437434,0.8034511314849907,3.14690223603975e-05,2,1,1,same_source_cyclic_next_latent,False
validation,depablo_low_temp,2,0,1.4081767858442618e-06,0.0,,3.374947709744447e-06,136,1,1,same_source_cyclic_next_latent,False
validation,depablo_low_temp,2,5,1.0349859849156928e-06,9.775605747108784e-08,-9.587435824340588,2.8116596695326734e-06,136,1,1,same_source_cyclic_next_latent,False
validation,depablo_low_temp,2,10,7.437168960677809e-07,4.147042602653528e-07,-0.7933669058328603,2.3167131075751968e-06,136,1,1,same_source_cyclic_next_latent,False
validation,depablo_low_temp,2,25,5.598968755293754e-07,2.7603841772361193e-06,0.7971670464761244,1.73953162629914e-06,136,1,1,same_source_cyclic_next_latent,False
validation,depablo_low_temp,2,50,1.6342371509381337e-06,1.143445297202561e-05,0.8570778020657136,2.856569153664168e-06,136,1,1,same_source_cyclic_next_latent,False
validation,depablo_low_temp,2,75,4.372130661067786e-06,2.6147068638238125e-05,0.8327869666172111,5.86493933951715e-06,136,1,1,same_source_cyclic_next_latent,False
validation,depablo_low_temp,2,100,8.615614206064492e-06,4.6995002776384354e-05,0.8166695670375839,9.517628313915338e-06,136,1,1,same_source_cyclic_next_latent,False
validation,depablo_low_temp,2,125,1.2926314411743078e-05,7.407462544506416e-05,0.8254960543630477,1.2777056326740421e-05,136,1,1,same_source_cyclic_next_latent,False
validation,depablo_low_temp,2,149,1.7200040019815788e-05,0.00010602713882690296,0.8377770049242194,1.613980930414982e-05,136,1,1,same_source_cyclic_next_latent,False
validation,depablo_low_temp,2,175,2.3034372134134173e-05,0.0001473280426580459,0.843652493316579,2.0864548787358217e-05,136,1,1,same_source_cyclic_next_latent,False
validation,depablo_low_temp,2,199,3.10740178974811e-05,0.00019171855819877237,0.8379185709019166,2.7041065550292842e-05,136,1,1,same_source_cyclic_next_latent,False
validation,depablo_low_temp,136,0,3.2503689908480737e-06,0.0,,4.454355746474903e-07,131,1,1,same_source_cyclic_next_latent,False
validation,depablo_low_temp,136,5,2.660378186192247e-06,1.0771704950229832e-07,-23.6978375149004,3.4955107253153983e-07,131,1,1,same_source_cyclic_next_latent,False
validation,depablo_low_temp,136,10,2.1133025711606024e-06,4.807949380847276e-07,-3.395434318795153,4.1072831891142414e-07,131,1,1,same_source_cyclic_next_latent,False
validation,depablo_low_temp,136,25,1.461734655094915e-06,3.323550799905206e-06,0.5601888633275572,1.5212308426271193e-06,131,1,1,same_source_cyclic_next_latent,False
validation,depablo_low_temp,136,50,2.367812612646958e-06,1.3947767911304254e-05,0.8302371657096534,6.459496489696903e-06,131,1,1,same_source_cyclic_next_latent,False
validation,depablo_low_temp,136,75,4.499502665566979e-06,3.2096784707391635e-05,0.8598145357366347,1.6150332157849334e-05,131,1,1,same_source_cyclic_next_latent,False
validation,depablo_low_temp,136,100,7.0494702413270716e-06,5.795686229248531e-05,0.8783669446121636,3.1594008760293946e-05,131,1,1,same_source_cyclic_next_latent,False
validation,depablo_low_temp,136,125,9.646441867516842e-06,9.172131103696302e-05,0.8948287834260307,5.216814679442905e-05,131,1,1,same_source_cyclic_next_latent,False
validation,depablo_low_temp,136,149,1.2791525477950927e-05,0.0001317478745477274,0.9029090562419887,7.673678919672966e-05,131,1,1,same_source_cyclic_next_latent,False
validation,depablo_low_temp,136,175,1.7550810298416764e-05,0.00018373868078924716,0.9044795019588283,0.00011076278315158561,131,1,1,same_source_cyclic_next_latent,False
validation,depablo_low_temp,136,199,2.3756971131660976e-05,0.00023986533051356673,0.9009570450185702,0.00015110238746274263,131,1,1,same_source_cyclic_next_latent,False
validation,depablo_low_temp,131,0,2.2482306860638346e-07,0.0,,1.3308044799487107e-07,124,1,1,same_source_cyclic_next_latent,False
validation,depablo_low_temp,131,5,8.157613251569273e-08,1.0976804531992457e-07,0.2568316919743361,6.974177324536868e-08,124,1,1,same_source_cyclic_next_latent,False
validation,depablo_low_temp,131,10,1.844175301357609e-08,4.4147617472845013e-07,0.9582270707475449,1.4985771201736497e-07,124,1,1,same_source_cyclic_next_latent,False
validation,depablo_low_temp,131,25,1.605956185812829e-07,2.7713413146557286e-06,0.9420513028359219,1.233147713719518e-06,124,1,1,same_source_cyclic_next_latent,False
validation,depablo_low_temp,131,50,6.457887593569467e-07,1.1105170415248722e-05,0.9418479199139347,5.349157618184108e-06,124,1,1,same_source_cyclic_next_latent,False
validation,depablo_low_temp,131,75,6.950631927793438e-07,2.5009072487591766e-05,0.9722075581521786,1.151348897110438e-05,124,1,1,same_source_cyclic_next_latent,False
validation,depablo_low_temp,131,100,6.371556082740426e-07,4.449032712727785e-05,0.9856787834701402,1.925671676872298e-05,124,1,1,same_source_cyclic_next_latent,False
validation,depablo_low_temp,131,125,8.104175890366605e-07,6.955634307814762e-05,0.9883487608293877,2.8867580113001168e-05,124,1,1,same_source_cyclic_next_latent,False
validation,depablo_low_temp,131,149,1.0937125125565217e-06,9.887514170259237e-05,0.9889384480899526,4.0379964048042893e-05,124,1,1,same_source_cyclic_next_latent,False
validation,depablo_low_temp,131,175,1.44651551181596e-06,0.00013646083243656904,0.9893997751150437,5.572337977355346e-05,124,1,1,same_source_cyclic_next_latent,False
validation,depablo_low_temp,131,199,1.921258899528766e-06,0.00017653404211159796,0.989116779536979,7.265777821885422e-05,124,1,1,same_source_cyclic_next_latent,False
validation,depablo_low_temp,124,0,4.85393968574499e-07,0.0,,2.7420101105235517e-06,105,1,1,same_source_cyclic_next_latent,False
validation,depablo_low_temp,124,5,2.8426913445400714e-07,9.75659233404258e-08,-1.91361086659467,2.2916740363143617e-06,105,1,1,same_source_cyclic_next_latent,False
validation,depablo_low_temp,124,10,1.4269016901380382e-07,3.8968275362094573e-07,0.6338299098743226,1.9646859072963707e-06,105,1,1,same_source_cyclic_next_latent,False
validation,depablo_low_temp,124,25,1.4768897926842328e-07,2.429540245429962e-06,0.9392111410600295,1.9033034277526895e-06,105,1,1,same_source_cyclic_next_latent,False
validation,depablo_low_temp,124,50,9.528924351798196e-07,9.734014383866452e-06,0.9021069419458448,5.067111032985849e-06,105,1,1,same_source_cyclic_next_latent,False
validation,depablo_low_temp,124,75,1.8024984456133097e-06,2.1937737983535044e-05,0.9178357200288315,1.2214579328428954e-05,105,1,1,same_source_cyclic_next_latent,False
validation,depablo_low_temp,124,100,2.373318011450465e-06,3.905228732037358e-05,0.9392271701787797,2.0138570107519627e-05,105,1,1,same_source_cyclic_next_latent,False
validation,depablo_low_temp,124,125,3.120708242931869e-06,6.109093374107033e-05,0.9489169987782676,2.8822350941482e-05,105,1,1,same_source_cyclic_next_latent,False
validation,depablo_low_temp,124,149,4.351473307906417e-06,8.68887800606899e-05,0.9499190424256503,4.119400546187535e-05,105,1,1,same_source_cyclic_next_latent,False
validation,depablo_low_temp,124,175,6.19702359472285e-06,0.00011998012632830068,0.948349582682002,6.399646372301504e-05,105,1,1,same_source_cyclic_next_latent,False
validation,depablo_low_temp,124,199,8.32530167826917e-06,0.00015528261428698897,0.9463861313998579,9.883956954581663e-05,105,1,1,same_source_cyclic_next_latent,False
validation,depablo_low_temp,105,0,1.8949747300212039e-06,0.0,,3.2667978189238056e-07,96,1,1,same_source_cyclic_next_latent,False
validation,depablo_low_temp,105,5,1.4295267192210304e-06,1.102623485849108e-07,-11.964776622005116,2.2458448256656993e-07,96,1,1,same_source_cyclic_next_latent,False
validation,depablo_low_temp,105,10,1.0625293498378596e-06,4.893034883934888e-07,-1.171513947972088,2.482473746567848e-07,96,1,1,same_source_cyclic_next_latent,False
validation,depablo_low_temp,105,25,7.49128730603843e-07,3.356824890943244e-06,0.7768341349514531,1.1276744089627755e-06,96,1,1,same_source_cyclic_next_latent,False
validation,depablo_low_temp,105,50,1.7079300960176624e-06,1.4006071069161408e-05,0.8780578730763272,5.146108378539793e-06,96,1,1,same_source_cyclic_next_latent,False
validation,depablo_low_temp,105,75,3.761354491871316e-06,3.212118099327199e-05,0.8829011146053702,1.2601784874277655e-05,96,1,1,same_source_cyclic_next_latent,False
validation,depablo_low_temp,105,100,5.881246124772588e-06,5.7851128076436e-05,0.8983382637413402,2.4318766008946113e-05,96,1,1,same_source_cyclic_next_latent,False
validation,depablo_low_temp,105,125,8.055492799030617e-06,9.133149433182552e-05,0.9117993978094412,4.095344775123522e-05,96,1,1,same_source_cyclic_next_latent,False
validation,depablo_low_temp,105,149,1.1144899872306269e-05,0.00013090895663481206,0.9148652608744224,6.163931539049372e-05,96,1,1,same_source_cyclic_next_latent,False
validation,depablo_low_temp,105,175,1.719128886179533e-05,0.00018214789452031255,0.9056190635248973,8.922377310227603e-05,96,1,1,same_source_cyclic_next_latent,False
validation,depablo_low_temp,105,199,2.7722420782083645e-05,0.00023727492953184992,0.883163295689179,0.0001198189493152313,96,1,1,same_source_cyclic_next_latent,False
validation,depablo_low_temp,96,0,1.432373721854674e-07,0.0,,4.211587167901598e-07,152,1,1,same_source_cyclic_next_latent,False
validation,depablo_low_temp,96,5,4.703403533312667e-08,1.028129190672189e-07,0.5425279647747779,2.2456443105056678e-07,152,1,1,same_source_cyclic_next_latent,False
validation,depablo_low_temp,96,10,1.643961589081755e-08,4.112499141228909e-07,0.9600252417659958,1.605885984190536e-07,152,1,1,same_source_cyclic_next_latent,False
validation,depablo_low_temp,96,25,2.0982447779260838e-07,2.5721096790221054e-06,0.9184231996388342,6.98089650086331e-07,152,1,1,same_source_cyclic_next_latent,False
validation,depablo_low_temp,96,50,9.001919352158438e-07,1.0294354979123455e-05,0.9125547994953158,3.2437462778034387e-06,152,1,1,same_source_cyclic_next_latent,False
validation,depablo_low_temp,96,75,1.3802273315377533e-06,2.3167545805335976e-05,0.9404241026160027,7.552945589850424e-06,152,1,1,same_source_cyclic_next_latent,False
validation,depablo_low_temp,96,100,1.5339076071541058e-06,4.1188621253240854e-05,0.9627589474839872,1.4278409253165592e-05,152,1,1,same_source_cyclic_next_latent,False
validation,depablo_low_temp,96,125,1.6772761455285945e-06,6.43616949673742e-05,0.9739398388066252,2.3528047677245922e-05,152,1,1,same_source_cyclic_next_latent,False
validation,depablo_low_temp,96,149,2.079731757476111e-06,9.145318472292274e-05,0.9772590559445566,3.499677768559195e-05,152,1,1,same_source_cyclic_next_latent,False
validation,depablo_low_temp,96,175,3.002745188496192e-06,0.0001261606375919655,0.9761990328694453,5.1512455684132874e-05,152,1,1,same_source_cyclic_next_latent,False
validation,depablo_low_temp,96,199,4.45333398602088e-06,0.00016314847744069993,0.972703796836599,7.257865945575759e-05,152,1,1,same_source_cyclic_next_latent,False
validation,depablo_low_temp,152,0,1.0457547432451975e-06,0.0,,1.935277396114543e-07,70,1,1,same_source_cyclic_next_latent,False
validation,depablo_low_temp,152,5,6.887217409712321e-07,1.051594082923657e-07,-5.549311679811264,1.2667094040352822e-07,70,1,1,same_source_cyclic_next_latent,False
validation,depablo_low_temp,152,10,4.0698517977943993e-07,4.5047485741633864e-07,0.09654185338185173,1.6381343925786496e-07,70,1,1,same_source_cyclic_next_latent,False
validation,depablo_low_temp,152,25,1.9825908736947895e-07,3.0113294542388758e-06,0.9341622727163243,9.095339237319422e-07,70,1,1,same_source_cyclic_next_latent,False
validation,depablo_low_temp,152,50,7.82446534230985e-07,1.2442545994417742e-05,0.9371152387475985,4.374364834802691e-06,70,1,1,same_source_cyclic_next_latent,False
validation,depablo_low_temp,152,75,1.5843885421418236e-06,2.840685374394525e-05,0.9442251311453481,1.2046166375512257e-05,70,1,1,same_source_cyclic_next_latent,False
validation,depablo_low_temp,152,100,2.9191864996391814e-06,5.09941964992322e-05,0.9427545348286224,2.5564286261214875e-05,70,1,1,same_source_cyclic_next_latent,False
validation,depablo_low_temp,152,125,4.749494110001251e-06,8.029223681660369e-05,0.9408474056981422,4.3460378947202116e-05,70,1,1,same_source_cyclic_next_latent,False
validation,depablo_low_temp,152,149,6.817894245614298e-06,0.00011480825196485966,0.9406149459735602,6.369481707224622e-05,70,1,1,same_source_cyclic_next_latent,False
validation,depablo_low_temp,152,175,9.706051059765741e-06,0.00015935282863210887,0.939090814119317,9.138060704572126e-05,70,1,1,same_source_cyclic_next_latent,False
validation,depablo_low_temp,152,199,1.3933260561316274e-05,0.00020716806466225535,0.9327441679583599,0.0001246280880877748,70,1,1,same_source_cyclic_next_latent,False
validation,depablo_low_temp,70,0,8.597057643555672e-08,0.0,,2.261633426314802e-06,169,1,1,same_source_cyclic_next_latent,False
validation,depablo_low_temp,70,5,2.556596534475375e-08,1.0842899200724787e-07,0.7642146729258092,1.8186135548603488e-06,169,1,1,same_source_cyclic_next_latent,False
validation,depablo_low_temp,70,10,2.631785633866457e-08,4.3581886188803765e-07,0.9396128560736188,1.5153452750382712e-06,169,1,1,same_source_cyclic_next_latent,False
validation,depablo_low_temp,70,25,2.3691978867645958e-07,2.733828068812727e-06,0.913337714474725,1.842524170569959e-06,169,1,1,same_source_cyclic_next_latent,False
validation,depablo_low_temp,70,50,4.962101343153336e-07,1.095371408155188e-05,0.9546993713163424,7.736942279734649e-06,169,1,1,same_source_cyclic_next_latent,False
validation,depablo_low_temp,70,75,2.6609109227138106e-07,2.4661450879648328e-05,0.9892102417830181,2.2879368771100417e-05,169,1,1,same_source_cyclic_next_latent,False
validation,depablo_low_temp,70,100,3.134092594336835e-07,4.38588103861548e-05,0.9928541322330845,4.2089905036846176e-05,169,1,1,same_source_cyclic_next_latent,False
validation,depablo_low_temp,70,125,6.441405844270776e-07,6.854946695966646e-05,0.9906032736212802,6.440240395022556e-05,169,1,1,same_source_cyclic_next_latent,False
validation,depablo_low_temp,70,149,8.906952757570252e-07,9.742454858496785e-05,0.9908575888860268,9.548052912577987e-05,169,1,1,same_source_cyclic_next_latent,False
validation,depablo_low_temp,70,175,1.7504918332633679e-06,0.0001344185438938439,0.9869773040046781,0.00014870648737996817,169,1,1,same_source_cyclic_next_latent,False
validation,depablo_low_temp,70,199,3.5739835766435135e-06,0.00017384615784976631,0.979441687864439,0.00022317652474157512,169,1,1,same_source_cyclic_next_latent,False
validation,depablo_low_temp,169,0,1.8922261233456084e-06,0.0,,6.759456141480769e-07,168,1,1,same_source_cyclic_next_latent,False
validation,depablo_low_temp,169,5,1.4357642612594645e-06,1.0561949181919772e-07,-12.593743318868116,3.754512931664067e-07,168,1,1,same_source_cyclic_next_latent,False
validation,depablo_low_temp,169,10,1.0702325425882009e-06,4.714396197869064e-07,-1.270137039122746,1.7478919289715122e-07,168,1,1,same_source_cyclic_next_latent,False
validation,depablo_low_temp,169,25,8.353206339961616e-07,3.285299726485391e-06,0.7457399009101107,4.113860256893531e-07,168,1,1,same_source_cyclic_next_latent,False
validation,depablo_low_temp,169,50,2.441741798975272e-06,1.3894406947656535e-05,0.8242644102642249,2.210767434007721e-06,168,1,1,same_source_cyclic_next_latent,False
validation,depablo_low_temp,169,75,6.430898793041706e-06,3.2073730835691094e-05,0.7994963908007386,4.435578375705518e-06,168,1,1,same_source_cyclic_next_latent,False
validation,depablo_low_temp,169,100,1.0962156920868438e-05,5.797980338684283e-05,0.8109314574985944,7.617382834723685e-06,168,1,1,same_source_cyclic_next_latent,False
validation,depablo_low_temp,169,125,1.5236280887620524e-05,9.178016625810415e-05,0.8339915745546477,1.2152250747021753e-05,168,1,1,same_source_cyclic_next_latent,False
validation,depablo_low_temp,169,149,2.0780777049367316e-05,0.00013181191752664745,0.8423452337292171,1.7482341718277894e-05,168,1,1,same_source_cyclic_next_latent,False
validation,depablo_low_temp,169,175,3.1495088478550315e-05,0.00018371574697084725,0.828566200786544,2.3970247639226727e-05,168,1,1,same_source_cyclic_next_latent,False
validation,depablo_low_temp,169,199,4.969864312442951e-05,0.00023968475579749793,0.7926499624097149,3.070382445002906e-05,168,1,1,same_source_cyclic_next_latent,False
validation,depablo_low_temp,168,0,1.1156799928357941e-06,0.0,,2.4875387794054404e-07,126,1,1,same_source_cyclic_next_latent,False
validation,depablo_low_temp,168,5,7.62951231081388e-07,1.0086985469115461e-07,-6.563718946729998,1.6232222321832523e-07,126,1,1,same_source_cyclic_next_latent,False
validation,depablo_low_temp,168,10,4.6840267486913945e-07,4.353984195404337e-07,-0.07580242336098042,1.501427675520972e-07,126,1,1,same_source_cyclic_next_latent,False
validation,depablo_low_temp,168,25,2.3597048937062937e-07,2.9493130568880588e-06,0.9199913726284413,6.496577498182887e-07,126,1,1,same_source_cyclic_next_latent,False
validation,depablo_low_temp,168,50,8.415745469392277e-07,1.232679915119661e-05,0.9317280555465582,3.2394971185567556e-06,126,1,1,same_source_cyclic_next_latent,False
validation,depablo_low_temp,168,75,2.085693267872557e-06,2.83126955764601e-05,0.926333638482425,8.52773791848449e-06,126,1,1,same_source_cyclic_next_latent,False
validation,depablo_low_temp,168,100,4.389683908812003e-06,5.1012531912419945e-05,0.9139489112920652,1.7848818970378488e-05,126,1,1,same_source_cyclic_next_latent,False
validation,depablo_low_temp,168,125,7.2742773227219e-06,8.052563498495147e-05,0.9096650734380262,3.212034789612517e-05,126,1,1,same_source_cyclic_next_latent,False
validation,depablo_low_temp,168,149,1.023068034555763e-05,0.00011536414240254089,0.9113183686672792,5.012686597183347e-05,126,1,1,same_source_cyclic_next_latent,False
validation,depablo_low_temp,168,175,1.3869963368051685e-05,0.00016040148329921067,0.9135297063171239,7.354066474363208e-05,126,1,1,same_source_cyclic_next_latent,False
validation,depablo_low_temp,168,199,1.8456257748766802e-05,0.00020880624651908875,0.9116106052551471,9.88962419796735e-05,126,1,1,same_source_cyclic_next_latent,False
validation,depablo_low_temp,126,0,8.760093095361299e-08,0.0,,7.540954243268061e-07,196,1,1,same_source_cyclic_next_latent,False
validation,depablo_low_temp,126,5,3.117532543228663e-08,9.771910924882832e-08,0.6809700203784816,5.474742010846967e-07,196,1,1,same_source_cyclic_next_latent,False
validation,depablo_low_temp,126,10,3.431864925573791e-08,3.9022279452183284e-07,0.9120537043516617,3.8692931525474705e-07,196,1,1,same_source_cyclic_next_latent,False
validation,depablo_low_temp,126,25,2.997028332174523e-07,2.4379485239478527e-06,0.8770676122676564,1.399754836484135e-07,196,1,1,same_source_cyclic_next_latent,False
validation,depablo_low_temp,126,50,9.92067043625866e-07,9.75643615674926e-06,0.8983166570572413,1.5915270523692016e-07,196,1,1,same_source_cyclic_next_latent,False
validation,depablo_low_temp,126,75,1.2897156693725265e-06,2.196334935433697e-05,0.9412787344696197,4.1524293692418723e-07,196,1,1,same_source_cyclic_next_latent,False
validation,depablo_low_temp,126,100,1.1629374512267532e-06,3.906751953763887e-05,0.9702326263609763,9.145209105554386e-07,196,1,1,same_source_cyclic_next_latent,False
validation,depablo_low_temp,126,125,1.1086243603131152e-06,6.107550143497065e-05,0.9818482970378309,1.6653897318974487e-06,196,1,1,same_source_cyclic_next_latent,False
validation,depablo_low_temp,126,149,1.4170379927236354e-06,8.682875341037288e-05,0.983680083646642,2.4527876121283043e-06,196,1,1,same_source_cyclic_next_latent,False
validation,depablo_low_temp,126,175,2.1566170289588626e-06,0.00011984851153101772,0.9820054750667411,3.2198952339967946e-06,196,1,1,same_source_cyclic_next_latent,False
validation,depablo_low_temp,126,199,3.2534849196963478e-06,0.00015506899217143655,0.9790191135304507,3.916632977052359e-06,196,1,1,same_source_cyclic_next_latent,False
validation,depablo_low_temp,196,0,4.699007263297972e-07,0.0,,2.4868413106560183e-07,138,1,1,same_source_cyclic_next_latent,False
validation,depablo_low_temp,196,5,2.7170474936610844e-07,1.034447478787115e-07,-1.6265688199528605,1.1447657044527659e-07,138,1,1,same_source_cyclic_next_latent,False
validation,depablo_low_temp,196,10,1.407733378755438e-07,4.144339982303791e-07,0.6603238670653426,1.0016827189929245e-07,138,1,1,same_source_cyclic_next_latent,False
validation,depablo_low_temp,196,25,7.807638269241579e-08,2.5973602078011027e-06,0.9699401020859889,6.978590363360127e-07,138,1,1,same_source_cyclic_next_latent,False
validation,depablo_low_temp,196,50,5.903893907088786e-07,1.0403631677036174e-05,0.9432516058779706,3.0059593427722575e-06,138,1,1,same_source_cyclic_next_latent,False
validation,depablo_low_temp,196,75,1.2810780845029512e-06,2.342555126233492e-05,0.9453127881535599,6.335324997053249e-06,138,1,1,same_source_cyclic_next_latent,False
validation,depablo_low_temp,196,100,1.9402932593948208e-06,4.167108636465855e-05,0.9534379007445222,1.1140431524836458e-05,138,1,1,same_source_cyclic_next_latent,False
validation,depablo_low_temp,196,125,2.704397275010706e-06,6.514642882393673e-05,0.9584874056209658,1.775252167135477e-05,138,1,1,same_source_cyclic_next_latent,False
validation,depablo_low_temp,196,149,3.7498612073250115e-06,9.261621016776189e-05,0.959511826271744,2.5764007659745403e-05,138,1,1,same_source_cyclic_next_latent,False
validation,depablo_low_temp,196,175,5.454086931422353e-06,0.0001278405252378434,0.9573367919032311,3.639235728769563e-05,138,1,1,same_source_cyclic_next_latent,False
validation,depablo_low_temp,196,199,7.757336788927205e-06,0.00016540929209440947,0.9531021704361107,4.8589561629341915e-05,138,1,1,same_source_cyclic_next_latent,False
validation,depablo_low_temp,138,0,7.121193448256236e-07,0.0,,2.1119834059390996e-07,78,1,1,same_source_cyclic_next_latent,False
validation,depablo_low_temp,138,5,4.495271070936724e-07,1.0271765660263554e-07,-3.37633725263684,1.4945312898362317e-07,78,1,1,same_source_cyclic_next_latent,False
validation,depablo_low_temp,138,10,2.5112791490755626e-07,4.321907454141183e-07,0.41894194271344354,1.908336315636916e-07,78,1,1,same_source_cyclic_next_latent,False
validation,depablo_low_temp,138,25,1.3947681054560235e-07,2.8179315449960995e-06,0.9505038329290588,9.240623057849007e-07,78,1,1,same_source_cyclic_next_latent,False
validation,depablo_low_temp,138,50,6.080747994019475e-07,1.1502431334520224e-05,0.9471351072032015,4.668327619583579e-06,78,1,1,same_source_cyclic_next_latent,False
validation,depablo_low_temp,138,75,1.3298082421897561e-06,2.6160945708397776e-05,0.9491681892156184,1.3774820217804518e-05,78,1,1,same_source_cyclic_next_latent,False
validation,depablo_low_temp,138,100,2.697884838198661e-06,4.6891502279322594e-05,0.9424653784362049,2.8963424483663402e-05,78,1,1,same_source_cyclic_next_latent,False
validation,depablo_low_temp,138,125,4.585797341860598e-06,7.379020098596811e-05,0.9378535729597399,4.751016604132019e-05,78,1,1,same_source_cyclic_next_latent,False
validation,depablo_low_temp,138,149,6.577822659892263e-06,0.00010551540617598221,0.9376600735543628,6.890203076181933e-05,78,1,1,same_source_cyclic_next_latent,False
validation,depablo_low_temp,138,175,8.905099093681201e-06,0.0001465022942284122,0.9392152925619224,9.945245255948976e-05,78,1,1,same_source_cyclic_next_latent,False
validation,depablo_low_temp,138,199,1.1328870641591493e-05,0.0001905527024064213,0.940547310541791,0.0001365802891086787,78,1,1,same_source_cyclic_next_latent,False
validation,depablo_low_temp,78,0,9.764580255477995e-08,0.0,,2.6210929604530975e-07,161,1,1,same_source_cyclic_next_latent,False
validation,depablo_low_temp,78,5,2.8752284109145876e-08,1.066432204765988e-07,0.7303880736098445,1.2882766498023557e-07,161,1,1,same_source_cyclic_next_latent,False
validation,depablo_low_temp,78,10,1.9222152758402444e-08,4.2946098233187513e-07,0.9552412127080078,5.54186492252029e-08,161,1,1,same_source_cyclic_next_latent,False
validation,depablo_low_temp,78,25,1.8186801753472537e-07,2.696686124181724e-06,0.9325587001379662,6.76688287626348e-08,161,1,1,same_source_cyclic_next_latent,False
validation,depablo_low_temp,78,50,3.305644895590376e-07,1.080872243619524e-05,0.9694168768316157,2.8430932275114174e-07,161,1,1,same_source_cyclic_next_latent,False
validation,depablo_low_temp,78,75,2.070770221962448e-07,2.434396810713224e-05,0.9914937030279967,8.950818255470949e-07,161,1,1,same_source_cyclic_next_latent,False
validation,depablo_low_temp,78,100,5.240920586402353e-07,4.330917363404296e-05,0.9878988210888356,2.9576792712759925e-06,161,1,1,same_source_cyclic_next_latent,False
validation,depablo_low_temp,78,125,9.062104027179885e-07,6.771329935872927e-05,0.9866169510081454,6.0259276324359234e-06,161,1,1,same_source_cyclic_next_latent,False
validation,depablo_low_temp,78,149,1.3211980558480718e-06,9.626436803955585e-05,0.9862753157502142,8.602551133662928e-06,161,1,1,same_source_cyclic_next_latent,False
validation,depablo_low_temp,78,175,2.510097601771122e-06,0.00013287020556163043,0.9811086496693434,1.1006894055753946e-05,161,1,1,same_source_cyclic_next_latent,False
validation,depablo_low_temp,78,199,4.480983079702128e-06,0.00017190758080687374,0.9739337668608332,1.4249956620915327e-05,161,1,1,same_source_cyclic_next_latent,False
validation,lj_noisy,15,0,1.7009031694215082e-07,0.0,,6.739034574820835e-07,79,1,1,same_source_cyclic_next_latent,False
validation,lj_noisy,15,5,8.941027829223458e-08,9.055690952664008e-08,0.012661996090626126,5.112372036819579e-07,79,1,1,same_source_cyclic_next_latent,False
validation,lj_noisy,15,10,6.222096260444232e-08,3.651525162240432e-07,0.8296028102233698,3.922061182493053e-07,79,1,1,same_source_cyclic_next_latent,False
validation,lj_noisy,15,25,2.940666377071466e-07,2.382581669735373e-06,0.876576471042939,3.5368768180887855e-07,79,1,1,same_source_cyclic_next_latent,False
validation,lj_noisy,15,50,1.4535896752931876e-06,1.0002500857808627e-05,0.8546773755926832,1.2959786772626103e-06,79,1,1,same_source_cyclic_next_latent,False
validation,lj_noisy,15,75,3.6189696857036324e-06,2.3497006623074412e-05,0.8459816714632173,3.7357651763159083e-06,79,1,1,same_source_cyclic_next_latent,False
validation,lj_noisy,15,100,7.978645953699015e-06,4.446260936674662e-05,0.8205538076299632,8.765320671955124e-06,79,1,1,same_source_cyclic_next_latent,False
validation,lj_noisy,15,125,1.473740667279344e-05,7.343651668634266e-05,0.7993177326787039,1.5969153537298553e-05,79,1,1,same_source_cyclic_next_latent,False
validation,lj_noisy,15,149,2.113542905135546e-05,0.00010652769560692832,0.8015968623845754,2.2262704078457318e-05,79,1,1,same_source_cyclic_next_latent,False
validation,lj_noisy,15,175,2.8947162718395703e-05,0.00015080551384016871,0.8080497060003033,2.927612695202697e-05,79,1,1,same_source_cyclic_next_latent,False
validation,lj_noisy,15,199,3.975056824856438e-05,0.00020307757949922234,0.8042591981518246,3.8941412640269846e-05,79,1,1,same_source_cyclic_next_latent,False
validation,lj_noisy,79,0,6.280208708631108e-07,0.0,,9.36951096264238e-07,75,1,1,same_source_cyclic_next_latent,False
validation,lj_noisy,79,5,4.369300938833476e-07,1.0333684485885897e-07,-3.2282120620202965,7.126546393010358e-07,75,1,1,same_source_cyclic_next_latent,False
validation,lj_noisy,79,10,2.7745386432798114e-07,4.55465340110095e-07,0.39083429650011337,5.097349458083045e-07,75,1,1,same_source_cyclic_next_latent,False
validation,lj_noisy,79,25,3.247125448524457e-07,3.182375849064556e-06,0.8979653691917334,3.955169916025625e-07,75,1,1,same_source_cyclic_next_latent,False
validation,lj_noisy,79,50,1.6768362911534496e-06,1.3238345673016738e-05,0.8733349065985422,1.5006714875198668e-06,75,1,1,same_source_cyclic_next_latent,False
validation,lj_noisy,79,75,3.916391506209038e-06,3.0100934964139014e-05,0.8698913668005708,3.6689889384433627e-06,75,1,1,same_source_cyclic_next_latent,False
validation,lj_noisy,79,100,6.9993438955862075e-06,5.402554961619899e-05,0.8704438187985128,6.894965736137237e-06,75,1,1,same_source_cyclic_next_latent,False
validation,lj_noisy,79,125,1.1351668035786133e-05,8.518932736478746e-05,0.866747767743518,1.1380499927327037e-05,75,1,1,same_source_cyclic_next_latent,False
validation,lj_noisy,79,149,1.692346813797485e-05,0.0001221718266606331,0.8614781443435024,1.6624351701466367e-05,75,1,1,same_source_cyclic_next_latent,False
validation,lj_noisy,79,175,2.5160728910122998e-05,0.00017011869931593537,0.8520989814094697,2.335369572392665e-05,75,1,1,same_source_cyclic_next_latent,False
validation,lj_noisy,79,199,3.5565106372814626e-05,0.00022137924679555,0.8393476042238954,3.119806569884531e-05,75,1,1,same_source_cyclic_next_latent,False
validation,lj_noisy,75,0,5.685361657015164e-07,0.0,,4.006020333235938e-07,181,1,1,same_source_cyclic_next_latent,False
validation,lj_noisy,75,5,3.8413679703808157e-07,9.145860246917437e-08,-3.2001166283680407,2.404355257112911e-07,181,1,1,same_source_cyclic_next_latent,False
validation,lj_noisy,75,10,2.631330460189929e-07,3.9008332919365785e-07,0.32544401073761386,1.5198772018720774e-07,181,1,1,same_source_cyclic_next_latent,False
validation,lj_noisy,75,25,4.1385663962500985e-07,2.6733314371085726e-06,0.8451906733747052,4.4033404833498935e-07,181,1,1,same_source_cyclic_next_latent,False
validation,lj_noisy,75,50,2.085737833112944e-06,1.1298255230940413e-05,0.8153929265643491,2.4103378564177547e-06,181,1,1,same_source_cyclic_next_latent,False
validation,lj_noisy,75,75,5.12813676323276e-06,2.6090825485880487e-05,0.8034505743788006,5.668093763233628e-06,181,1,1,same_source_cyclic_next_latent,False
validation,lj_noisy,75,100,9.353942004963756e-06,4.721252480521798e-05,0.8018758360508196,9.952032996807247e-06,181,1,1,same_source_cyclic_next_latent,False
validation,lj_noisy,75,125,1.5067583262862172e-05,7.473392179235816e-05,0.7983836134717222,1.5737117792014033e-05,181,1,1,same_source_cyclic_next_latent,False
validation,lj_noisy,75,149,2.196224158979021e-05,0.00010709988418966532,0.7949368315758695,2.3180267817224376e-05,181,1,1,same_source_cyclic_next_latent,False
validation,lj_noisy,75,175,3.1360741559183225e-05,0.00014858660870231688,0.7889396505306052,3.4261018299730495e-05,181,1,1,same_source_cyclic_next_latent,False
validation,lj_noisy,75,199,4.198477108730003e-05,0.00019195048662368208,0.7812729114377763,4.766156052937731e-05,181,1,1,same_source_cyclic_next_latent,False
validation,lj_noisy,181,0,6.933539680176182e-07,0.0,,4.975449883204419e-07,31,1,1,same_source_cyclic_next_latent,False
validation,lj_noisy,181,5,5.165699121789658e-07,8.917994165358323e-08,-4.792445056597658,3.506847860990092e-07,31,1,1,same_source_cyclic_next_latent,False
validation,lj_noisy,181,10,3.8313609707074647e-07,3.5931097386310284e-07,-0.06630780839084793,2.554833997692185e-07,31,1,1,same_source_cyclic_next_latent,False
validation,lj_noisy,181,25,3.0863606070852256e-07,2.322475211258279e-06,0.8671089968097836,2.724783598750946e-07,31,1,1,same_source_cyclic_next_latent,False
validation,lj_noisy,181,50,1.1767817795771407e-06,9.647412298363633e-06,0.8780209922429931,1.2162197435827693e-06,31,1,1,same_source_cyclic_next_latent,False
validation,lj_noisy,181,75,3.242663069613627e-06,2.220537317043636e-05,0.8539694404266611,3.4788927223416977e-06,31,1,1,same_source_cyclic_next_latent,False
validation,lj_noisy,181,100,6.792766271246364e-06,4.0102699131239206e-05,0.83061573364385,7.308082786039449e-06,31,1,1,same_source_cyclic_next_latent,False
validation,lj_noisy,181,125,1.1850284863612615e-05,6.356189987855032e-05,0.8135630796710716,1.24479111036635e-05,31,1,1,same_source_cyclic_next_latent,False
validation,lj_noisy,181,149,1.756309939082712e-05,9.170166595140472e-05,0.8084756780740026,1.7947655578609556e-05,31,1,1,same_source_cyclic_next_latent,False
validation,lj_noisy,181,175,2.4622046112199314e-05,0.0001289811043534428,0.8091034633667866,2.4573662813054398e-05,31,1,1,same_source_cyclic_next_latent,False
validation,lj_noisy,181,199,3.3352524042129517e-05,0.00016955948376562446,0.8032989762564303,3.236245538573712e-05,31,1,1,same_source_cyclic_next_latent,False
validation,lj_noisy,31,0,4.2834744817810133e-07,0.0,,1.1720334924802955e-07,142,1,1,same_source_cyclic_next_latent,False
validation,lj_noisy,31,5,2.709240334297647e-07,1.0181967979860929e-07,-1.660821895783109,5.499837030242816e-08,142,1,1,same_source_cyclic_next_latent,False
validation,lj_noisy,31,10,1.6923185341966018e-07,4.3096116542074014e-07,0.6073153058827424,7.02466351754083e-08,142,1,1,same_source_cyclic_next_latent,False
validation,lj_noisy,31,25,2.1092053259508248e-07,2.8248798571439693e-06,0.9253346891685762,5.440803079181933e-07,142,1,1,same_source_cyclic_next_latent,False
validation,lj_noisy,31,50,9.468005828239257e-07,1.1657663890218828e-05,0.918782991880704,2.145484813809162e-06,142,1,1,same_source_cyclic_next_latent,False
validation,lj_noisy,31,75,2.28697922466381e-06,2.6905094273388386e-05,0.9149982824284009,4.102288130525267e-06,142,1,1,same_source_cyclic_next_latent,False
validation,lj_noisy,31,100,4.561268269753782e-06,4.89304875372909e-05,0.9067806494615949,6.557381766469916e-06,142,1,1,same_source_cyclic_next_latent,False
validation,lj_noisy,31,125,8.459389391646255e-06,7.90988706285134e-05,0.8930529687158791,1.0789442058012355e-05,142,1,1,same_source_cyclic_next_latent,False
validation,lj_noisy,31,149,1.5628293112968095e-05,0.00011739749606931582,0.8668771171768385,1.9120836441288702e-05,142,1,1,same_source_cyclic_next_latent,False
validation,lj_noisy,31,175,3.199803177267313e-05,0.00017393942107446492,0.8160392188555434,3.812743671005592e-05,142,1,1,same_source_cyclic_next_latent,False
validation,lj_noisy,31,199,5.640764720737934e-05,0.00024001374549698085,0.7649815968223832,6.65406187181361e-05,142,1,1,same_source_cyclic_next_latent,False
validation,lj_noisy,142,0,1.5676708642331505e-07,0.0,,3.439843965225009e-07,157,1,1,same_source_cyclic_next_latent,False
validation,lj_noisy,142,5,7.953847358521671e-08,9.436170955723355e-08,0.1570895232989188,2.316790244094591e-07,157,1,1,same_source_cyclic_next_latent,False
validation,lj_noisy,142,10,5.937043567882938e-08,3.835527593309962e-07,0.8452092072486064,1.614493783108628e-07,157,1,1,same_source_cyclic_next_latent,False
validation,lj_noisy,142,25,3.4527118941696244e-07,2.477869657013798e-06,0.8606580501764303,2.915381287493801e-07,157,1,1,same_source_cyclic_next_latent,False
validation,lj_noisy,142,50,1.6979018937490764e-06,1.0261092029395513e-05,0.8345300978799328,1.531835437162954e-06,157,1,1,same_source_cyclic_next_latent,False
validation,lj_noisy,142,75,3.990091499872506e-06,2.3520789909525774e-05,0.8303589498813327,4.409220309753437e-06,157,1,1,same_source_cyclic_next_latent,False
validation,lj_noisy,142,100,7.772807293804362e-06,4.234289735904895e-05,0.816431850945522,9.934747140505351e-06,157,1,1,same_source_cyclic_next_latent,False
validation,lj_noisy,142,125,1.2853910448029637e-05,6.57610289636068e-05,0.804536050444965,1.7179663700517267e-05,157,1,1,same_source_cyclic_next_latent,False
validation,lj_noisy,142,149,1.8557466319180094e-05,9.220665378961712e-05,0.7987404861093685,2.3920209059724584e-05,157,1,1,same_source_cyclic_next_latent,False
validation,lj_noisy,142,175,2.549114105931949e-05,0.00012604442599695176,0.7977606636890395,3.021342126885429e-05,157,1,1,same_source_cyclic_next_latent,False
validation,lj_noisy,142,199,3.274064147262834e-05,0.0001614613429410383,0.7972230326079698,3.6340054066386074e-05,157,1,1,same_source_cyclic_next_latent,False
validation,lj_noisy,157,0,3.223642011107586e-07,0.0,,2.88421256300353e-06,12,1,1,same_source_cyclic_next_latent,False
validation,lj_noisy,157,5,2.1845067976755672e-07,9.083687757538428e-08,-1.4048677761547617,2.6775230708153686e-06,12,1,1,same_source_cyclic_next_latent,False
validation,lj_noisy,157,10,1.550289567830987e-07,3.649991242582473e-07,0.5752621130306843,2.4930056952143786e-06,12,1,1,same_source_cyclic_next_latent,False
validation,lj_noisy,157,25,2.6215928983219783e-07,2.373865527260932e-06,0.889564389043263,2.2978924789640587e-06,12,1,1,same_source_cyclic_next_latent,False
validation,lj_noisy,157,50,1.165196295005444e-06,9.819269507715944e-06,0.8813357455878121,3.2284704047924606e-06,12,1,1,same_source_cyclic_next_latent,False
validation,lj_noisy,157,75,3.067953912250232e-06,2.2813499526819214e-05,0.865520241265765,5.5092650654842146e-06,12,1,1,same_source_cyclic_next_latent,False
validation,lj_noisy,157,100,6.820018370490288e-06,4.15882641391363e-05,0.8360109874344968,9.188975127472077e-06,12,1,1,same_source_cyclic_next_latent,False
validation,lj_noisy,157,125,1.2286606761335861e-05,6.644261884503067e-05,0.8150794328261973,1.3616715477837715e-05,12,1,1,same_source_cyclic_next_latent,False
validation,lj_noisy,157,149,1.815246832848061e-05,9.61377882049419e-05,0.8111827964069233,1.8633159925229847e-05,12,1,1,same_source_cyclic_next_latent,False
validation,lj_noisy,157,175,2.4522312742192298e-05,0.00013357444549910724,0.8164146394127745,2.4999859306262806e-05,12,1,1,same_source_cyclic_next_latent,False
validation,lj_noisy,157,199,3.2366340747103095e-05,0.0001735624682623893,0.8135176281419776,3.317614027764648e-05,12,1,1,same_source_cyclic_next_latent,False
validation,lj_noisy,12,0,1.5589549775540945e-06,0.0,,3.5052758562414965e-07,152,1,1,same_source_cyclic_next_latent,False
validation,lj_noisy,12,5,1.2312925719015766e-06,1.0223686786048347e-07,-11.043527913842665,1.8233923526622675e-07,152,1,1,same_source_cyclic_next_latent,False
validation,lj_noisy,12,10,9.511711027698766e-07,4.424935866609303e-07,-1.1495703699288433,1.1002978794749652e-07,152,1,1,same_source_cyclic_next_latent,False
validation,lj_noisy,12,25,8.560220408071473e-07,3.1844713248574408e-06,0.7311886484500001,6.979738600421115e-07,152,1,1,same_source_cyclic_next_latent,False
validation,lj_noisy,12,50,3.42948010256805e-06,1.4166832443152089e-05,0.7579218843499642,4.272702426533215e-06,152,1,1,same_source_cyclic_next_latent,False
validation,lj_noisy,12,75,8.975040145742241e-06,3.3046842872863635e-05,0.7284145968112409,1.029338818625547e-05,152,1,1,same_source_cyclic_next_latent,False
validation,lj_noisy,12,100,1.5149852515605744e-05,5.7156557886628434e-05,0.7349411322904384,1.650168269407004e-05,152,1,1,same_source_cyclic_next_latent,False
validation,lj_noisy,12,125,2.3255055566551164e-05,8.803003584034741e-05,0.7358281710946151,2.4512411982868798e-05,152,1,1,same_source_cyclic_next_latent,False
validation,lj_noisy,12,149,3.348257814650424e-05,0.00012419970880728215,0.7304133925268828,3.47269196936395e-05,152,1,1,same_source_cyclic_next_latent,False
validation,lj_noisy,12,175,4.588538286043331e-05,0.00016892341955099255,0.7283657708185218,4.7474870370933786e-05,152,1,1,same_source_cyclic_next_latent,False
validation,lj_noisy,12,199,5.777608748758212e-05,0.00021583693160209805,0.7323160264616155,6.022039451636374e-05,152,1,1,same_source_cyclic_next_latent,False
validation,lj_noisy,152,0,5.711433459509863e-07,0.0,,1.8033200888112333e-07,29,1,1,same_source_cyclic_next_latent,False
validation,lj_noisy,152,5,3.8607424812653335e-07,9.695842351220563e-08,-2.9818536042712402,7.60265166377394e-08,29,1,1,same_source_cyclic_next_latent,False
validation,lj_noisy,152,10,2.4843831170073827e-07,4.1400659256396466e-07,0.39991701542203306,5.080485721009609e-08,29,1,1,same_source_cyclic_next_latent,False
validation,lj_noisy,152,25,2.382062831429721e-07,2.7664339086186374e-06,0.9138940994032583,4.938498818773951e-07,29,1,1,same_source_cyclic_next_latent,False
validation,lj_noisy,152,50,1.1721643886630773e-06,1.1517513485159725e-05,0.8982276521600424,2.3464237983716885e-06,29,1,1,same_source_cyclic_next_latent,False
validation,lj_noisy,152,75,2.9446980533975875e-06,2.6382193027529866e-05,0.8883831207540333,4.6174009185051546e-06,29,1,1,same_source_cyclic_next_latent,False
validation,lj_noisy,152,100,5.592835805146024e-06,4.726915722130798e-05,0.8816810763314205,7.152073976612883e-06,29,1,1,same_source_cyclic_next_latent,False
validation,lj_noisy,152,125,8.850574886309914e-06,7.386328070424497e-05,0.8801762553473844,1.0383449989603832e-05,29,1,1,same_source_cyclic_next_latent,False
validation,lj_noisy,152,149,1.2481399608077481e-05,0.0001050939827109687,0.8812358301958729,1.4900890164426528e-05,29,1,1,same_source_cyclic_next_latent,False
validation,lj_noisy,152,175,1.7451553503633477e-05,0.00014509294123854488,0.8797215539593917,2.1868439944228157e-05,29,1,1,same_source_cyclic_next_latent,False
validation,lj_noisy,152,199,2.4079708964563906e-05,0.00018777258810587227,0.871761319330663,3.0885363230481744e-05,29,1,1,same_source_cyclic_next_latent,False
validation,lj_noisy,29,0,1.8582984750992182e-07,0.0,,1.4546899365086574e-06,95,1,1,same_source_cyclic_next_latent,False
validation,lj_noisy,29,5,8.348485636133773e-08,9.255531097096537e-08,0.0980003688008032,1.2423816997397807e-06,95,1,1,same_source_cyclic_next_latent,False
validation,lj_noisy,29,10,5.089987098472193e-08,3.9399358797709283e-07,0.8708104077376982,1.0487412964721443e-06,95,1,1,same_source_cyclic_next_latent,False
validation,lj_noisy,29,25,4.0841561599336274e-07,2.62467051470594e-06,0.8443935672287155,8.030553999560652e-07,95,1,1,same_source_cyclic_next_latent,False
validation,lj_noisy,29,50,1.8517400803830242e-06,1.0715701137087308e-05,0.8271937545949182,1.4452608638748643e-06,95,1,1,same_source_cyclic_next_latent,False
validation,lj_noisy,29,75,3.6325279779703123e-06,2.4163142370525748e-05,0.849666573897223,3.542741751516587e-06,95,1,1,same_source_cyclic_next_latent,False
validation,lj_noisy,29,100,6.051756827218924e-06,4.288870331947692e-05,0.8588962510211714,7.246951099659782e-06,95,1,1,same_source_cyclic_next_latent,False
validation,lj_noisy,29,125,9.676849913375918e-06,6.650677823927253e-05,0.8544982907071313,1.2149604117439594e-05,95,1,1,same_source_cyclic_next_latent,False
validation,lj_noisy,29,149,1.4534840374835767e-05,9.352853521704674e-05,0.8445945898638791,1.7493579434813e-05,95,1,1,same_source_cyclic_next_latent,False
validation,lj_noisy,29,175,2.161781048926059e-05,0.00012778700329363346,0.830829349369854,2.3970309484866448e-05,95,1,1,same_source_cyclic_next_latent,False
validation,lj_noisy,29,199,3.0233266443246976e-05,0.0001640301925363019,0.8156847469617157,3.09109891531989e-05,95,1,1,same_source_cyclic_next_latent,False
validation,lj_noisy,95,0,9.648642844695132e-07,0.0,,1.2218941947139683e-07,183,1,1,same_source_cyclic_next_latent,False
validation,lj_noisy,95,5,7.349355541919067e-07,9.315184712477276e-08,-6.889650896642911,5.520734447372888e-08,183,1,1,same_source_cyclic_next_latent,False
validation,lj_noisy,95,10,5.360809041121684e-07,4.062233927015768e-07,-0.31967019562063603,6.156558640668663e-08,183,1,1,same_source_cyclic_next_latent,False
validation,lj_noisy,95,25,3.915369859441853e-07,2.82183304989303e-06,0.8612472889000192,5.888205691917392e-07,183,1,1,same_source_cyclic_next_latent,False
validation,lj_noisy,95,50,1.766371724443161e-06,1.2093249097233638e-05,0.8539373736337554,2.8566043965838617e-06,183,1,1,same_source_cyclic_next_latent,False
validation,lj_noisy,95,75,5.129355940880487e-06,2.8183430913486518e-05,0.8180010107134985,6.612356628465932e-06,183,1,1,same_source_cyclic_next_latent,False
validation,lj_noisy,95,100,1.0901221685344353e-05,5.138449341757223e-05,0.7878499726219661,1.2577485904330388e-05,183,1,1,same_source_cyclic_next_latent,False
validation,lj_noisy,95,125,1.8829992768587545e-05,8.035653445404023e-05,0.7656694269293393,2.0872241293545812e-05,183,1,1,same_source_cyclic_next_latent,False
validation,lj_noisy,95,149,3.055874185520224e-05,0.00011559575068531558,0.7356413045113414,3.3750060538295656e-05,183,1,1,same_source_cyclic_next_latent,False
validation,lj_noisy,95,175,4.919476850773208e-05,0.00016214206698350608,0.6965946627981718,5.498404425452463e-05,183,1,1,same_source_cyclic_next_latent,False
validation,lj_noisy,95,199,7.19111121725291e-05,0.00021282926900312304,0.6621183143213545,8.145620085997507e-05,183,1,1,same_source_cyclic_next_latent,False
validation,lj_noisy,183,0,2.1632361324464e-07,0.0,,1.2453870112949517e-06,147,1,1,same_source_cyclic_next_latent,False
validation,lj_noisy,183,5,1.277881978012374e-07,9.035466774776069e-08,-0.41429547566904157,1.1161038173668203e-06,147,1,1,same_source_cyclic_next_latent,False
validation,lj_noisy,183,10,8.448085964118945e-08,3.734352276296704e-07,0.7737737273009291,1.0226023050563526e-06,147,1,1,same_source_cyclic_next_latent,False
validation,lj_noisy,183,25,2.3168976781562378e-07,2.431817392789526e-06,0.904725672041578,1.150314005826658e-06,147,1,1,same_source_cyclic_next_latent,False
validation,lj_noisy,183,50,1.182744426841964e-06,1.0205611033597961e-05,0.8841084161498765,2.9681305022677407e-06,147,1,1,same_source_cyclic_next_latent,False
validation,lj_noisy,183,75,3.223820840503322e-06,2.3695167328696698e-05,0.8639460614148513,7.277105851244414e-06,147,1,1,same_source_cyclic_next_latent,False
validation,lj_noisy,183,100,6.978750661801314e-06,4.307867129682563e-05,0.8379998627693153,1.3190569006837904e-05,147,1,1,same_source_cyclic_next_latent,False
validation,lj_noisy,183,125,1.1281257684458978e-05,6.872970698168501e-05,0.8358605298948067,1.746318957884796e-05,147,1,1,same_source_cyclic_next_latent,False
validation,lj_noisy,183,149,1.5552423064946197e-05,9.890592627925798e-05,0.8427553974770492,2.0269822925911285e-05,147,1,1,same_source_cyclic_next_latent,False
validation,lj_noisy,183,175,2.102481812471524e-05,0.00013746204786002636,0.8470500152440316,2.3689462977927178e-05,147,1,1,same_source_cyclic_next_latent,False
validation,lj_noisy,183,199,2.844296977855265e-05,0.00017979549011215568,0.8418037640387418,2.8888407541671768e-05,147,1,1,same_source_cyclic_next_latent,False
validation,lj_noisy,147,0,8.631284345028689e-07,0.0,,7.367315646433781e-08,43,1,1,same_source_cyclic_next_latent,False
validation,lj_noisy,147,5,6.591566830138618e-07,1.0630814983869641e-07,-5.200434153110689,4.1729908417664774e-08,43,1,1,same_source_cyclic_next_latent,False
validation,lj_noisy,147,10,5.148092441231711e-07,4.434336347003409e-07,-0.16096119878471482,9.614927165557674e-08,43,1,1,same_source_cyclic_next_latent,False
validation,lj_noisy,147,25,5.233856654740521e-07,2.912094714702107e-06,0.8202717573602025,6.660195595031837e-07,43,1,1,same_source_cyclic_next_latent,False
validation,lj_noisy,147,50,1.7607461586521822e-06,1.199792586703552e-05,0.8532457877998848,2.145553480659146e-06,43,1,1,same_source_cyclic_next_latent,False
validation,lj_noisy,147,75,4.285043360141572e-06,2.7232879801886156e-05,0.8426518461758573,3.967596967413556e-06,43,1,1,same_source_cyclic_next_latent,False
validation,lj_noisy,147,100,7.788340553815942e-06,4.869244003202766e-05,0.840050312765326,6.891902103234315e-06,43,1,1,same_source_cyclic_next_latent,False
validation,lj_noisy,147,125,1.1752472346415743e-05,7.65042204875499e-05,0.846381385608284,1.0989200745825656e-05,43,1,1,same_source_cyclic_next_latent,False
validation,lj_noisy,147,149,1.6218447854043916e-05,0.00010965059482259676,0.8520897412341112,1.6186020729946904e-05,43,1,1,same_source_cyclic_next_latent,False
validation,lj_noisy,147,175,2.342893094464671e-05,0.00015283728134818375,0.846706701807444,2.484914512024261e-05,43,1,1,same_source_cyclic_next_latent,False
validation,lj_noisy,147,199,3.3531992812640965e-05,0.00019974987662862986,0.832130095003849,3.684872353915125e-05,43,1,1,same_source_cyclic_next_latent,False
validation,lj_noisy,43,0,8.658035710595868e-08,0.0,,3.780360202654265e-07,13,1,1,same_source_cyclic_next_latent,False
validation,lj_noisy,43,5,4.621086802103491e-08,9.6270760252537e-08,0.5199906191681173,2.4514852725587843e-07,13,1,1,same_source_cyclic_next_latent,False
validation,lj_noisy,43,10,6.270688146514658e-08,4.102923867321806e-07,0.8471653789031219,1.6211274100896844e-07,13,1,1,same_source_cyclic_next_latent,False
validation,lj_noisy,43,25,4.2542697542558017e-07,2.796049102471443e-06,0.847847101451279,3.0619816016042023e-07,13,1,1,same_source_cyclic_next_latent,False
validation,lj_noisy,43,50,1.464900492464949e-06,1.1718565474438947e-05,0.8749931895964352,1.608264824426442e-06,13,1,1,same_source_cyclic_next_latent,False
validation,lj_noisy,43,75,3.393907263671281e-06,2.693894930416718e-05,0.8740148613314225,3.988759544881759e-06,13,1,1,same_source_cyclic_next_latent,False
validation,lj_noisy,43,100,6.976590157137252e-06,4.813013947568834e-05,0.8550473729530477,7.499358162021963e-06,13,1,1,same_source_cyclic_next_latent,False
validation,lj_noisy,43,125,1.1591690054046921e-05,7.53487111069262e-05,0.8461594115711238,1.2365461770968977e-05,13,1,1,same_source_cyclic_next_latent,False
validation,lj_noisy,43,149,1.6673500795150176e-05,0.00010748124623205513,0.8448706041317049,1.837514173530508e-05,13,1,1,same_source_cyclic_next_latent,False
validation,lj_noisy,43,175,2.375658368691802e-05,0.00014898361405357718,0.8405423050190289,2.66249571723165e-05,13,1,1,same_source_cyclic_next_latent,False
validation,lj_noisy,43,199,3.2853527955012396e-05,0.00019355223048478365,0.8302601428424499,3.675921107060276e-05,13,1,1,same_source_cyclic_next_latent,False
validation,lj_noisy,13,0,4.0824164670993923e-07,0.0,,5.114276291351416e-07,40,1,1,same_source_cyclic_next_latent,False
validation,lj_noisy,13,5,2.732991788434447e-07,9.281463064780837e-08,-1.944570020221247,3.514422246553295e-07,40,1,1,same_source_cyclic_next_latent,False
validation,lj_noisy,13,10,1.9326559197452298e-07,3.781031523431011e-07,0.48885485144236906,2.43389393972393e-07,40,1,1,same_source_cyclic_next_latent,False
validation,lj_noisy,13,25,2.4538047682653996e-07,2.410028173471801e-06,0.8981835650190539,2.45135026943899e-07,40,1,1,same_source_cyclic_next_latent,False
validation,lj_noisy,13,50,1.0560728469499736e-06,9.818084436119534e-06,0.8924359579690708,1.0537713706071372e-06,40,1,1,same_source_cyclic_next_latent,False
validation,lj_noisy,13,75,2.7640430744213518e-06,2.2434529455495067e-05,0.8767951393897262,2.757430820565787e-06,40,1,1,same_source_cyclic_next_latent,False
validation,lj_noisy,13,100,5.588708063442027e-06,4.0286795410793275e-05,0.8612769269321245,5.94152879784815e-06,40,1,1,same_source_cyclic_next_latent,False
validation,lj_noisy,13,125,9.474308171775192e-06,6.321443652268499e-05,0.8501242960794998,1.0670189112715889e-05,40,1,1,same_source_cyclic_next_latent,False
validation,lj_noisy,13,149,1.440704090782674e-05,8.989958587335423e-05,0.8397429669128552,1.633887404750567e-05,40,1,1,same_source_cyclic_next_latent,False
validation,lj_noisy,13,175,2.298523031640798e-05,0.00012564916687551886,0.8170681836738357,2.5437264412175864e-05,40,1,1,same_source_cyclic_next_latent,False
validation,lj_noisy,13,199,3.328245657030493e-05,0.00016380345914512873,0.7968146903368084,3.642987212515436e-05,40,1,1,same_source_cyclic_next_latent,False
validation,lj_noisy,40,0,4.577239280934009e-07,0.0,,3.018360530404607e-06,132,1,1,same_source_cyclic_next_latent,False
validation,lj_noisy,40,5,2.980052613565931e-07,9.645786747114471e-08,-2.089486313241801,2.8384808956616325e-06,132,1,1,same_source_cyclic_next_latent,False
validation,lj_noisy,40,10,1.801712841142944e-07,4.1816244333858776e-07,0.5691356625051834,2.603752818686189e-06,132,1,1,same_source_cyclic_next_latent,False
validation,lj_noisy,40,25,3.1528099952993216e-07,2.9362895475060213e-06,0.8926260525642914,2.3233710635395255e-06,132,1,1,same_source_cyclic_next_latent,False
validation,lj_noisy,40,50,1.8794498828356154e-06,1.2648867595999036e-05,0.8514135855584334,3.502028221191722e-06,132,1,1,same_source_cyclic_next_latent,False
validation,lj_noisy,40,75,4.657053068513051e-06,2.9483269827323966e-05,0.8420442136917571,7.029654170764843e-06,132,1,1,same_source_cyclic_next_latent,False
validation,lj_noisy,40,100,9.293496987083927e-06,5.388597855926491e-05,0.8275340406621224,1.3309969290276058e-05,132,1,1,same_source_cyclic_next_latent,False
validation,lj_noisy,40,125,1.5857251128181815e-05,8.557874389225617e-05,0.8147057270652847,2.1216885215835646e-05,132,1,1,same_source_cyclic_next_latent,False
validation,lj_noisy,40,149,2.322564978385344e-05,0.00012253261229489,0.810453320557975,3.0639861506642774e-05,132,1,1,same_source_cyclic_next_latent,False
validation,lj_noisy,40,175,3.3654720027698204e-05,0.0001704702153801918,0.8025771249679033,4.724376049125567e-05,132,1,1,same_source_cyclic_next_latent,False
validation,lj_noisy,40,199,4.737601557280868e-05,0.0002223484916612506,0.7869289995230264,6.933706754352897e-05,132,1,1,same_source_cyclic_next_latent,False
validation,lj_noisy,132,0,2.0302047687437152e-06,0.0,,2.2713601310897502e-07,61,1,1,same_source_cyclic_next_latent,False
validation,lj_noisy,132,5,1.7488069943283335e-06,1.029204241831394e-07,-15.991836248327726,1.1165348468011871e-07,61,1,1,same_source_cyclic_next_latent,False
validation,lj_noisy,132,10,1.4619500916523975e-06,4.4125229692326684e-07,-2.3131840941025823,7.411897229303577e-08,61,1,1,same_source_cyclic_next_latent,False
validation,lj_noisy,132,25,1.08400843146228e-06,3.067184479732532e-06,0.646578665670345,5.197032919568301e-07,61,1,1,same_source_cyclic_next_latent,False
validation,lj_noisy,132,50,2.432137989671901e-06,1.3521135770133696e-05,0.8201232477049631,2.8539727736642817e-06,61,1,1,same_source_cyclic_next_latent,False
validation,lj_noisy,132,75,6.436338935600361e-06,3.2666182960383594e-05,0.8029662987130719,7.033249858068302e-06,61,1,1,same_source_cyclic_next_latent,False
validation,lj_noisy,132,100,1.3465646588883828e-05,6.118311284808442e-05,0.779912365323442,1.393975799146574e-05,61,1,1,same_source_cyclic_next_latent,False
validation,lj_noisy,132,125,2.5537261535646394e-05,0.00010149922309210524,0.7483994383634576,2.657982986420393e-05,61,1,1,same_source_cyclic_next_latent,False
validation,lj_noisy,132,149,4.2101102735614404e-05,0.00015093496767804027,0.7210646188667138,4.4962325773667544e-05,61,1,1,same_source_cyclic_next_latent,False
validation,lj_noisy,132,175,6.511117680929601e-05,0.0002120805875165388,0.6929885117174225,7.00629607308656e-05,61,1,1,same_source_cyclic_next_latent,False
validation,lj_noisy,132,199,8.609177166363224e-05,0.0002682431077118963,0.679053182771435,9.152534767054021e-05,61,1,1,same_source_cyclic_next_latent,False
validation,lj_noisy,61,0,4.235038204569719e-07,0.0,,4.1911133052963123e-07,188,1,1,same_source_cyclic_next_latent,False
validation,lj_noisy,61,5,2.9143831170586054e-07,9.96304834188777e-08,-1.9251921872200777,2.6592337576403224e-07,188,1,1,same_source_cyclic_next_latent,False
validation,lj_noisy,61,10,2.0642147546823253e-07,4.162667153195798e-07,0.5041124647456934,1.6320963425187074e-07,188,1,1,same_source_cyclic_next_latent,False
validation,lj_noisy,61,25,2.4475141913171683e-07,2.741091520874761e-06,0.9107102344931519,1.9316949817493878e-07,188,1,1,same_source_cyclic_next_latent,False
validation,lj_noisy,61,50,1.0747745591288549e-06,1.1338017429807223e-05,0.9052061292212065,9.522648838355963e-07,188,1,1,same_source_cyclic_next_latent,False
validation,lj_noisy,61,75,3.3415851703466615e-06,2.6031604647869244e-05,0.8716335310270557,3.3039907521015266e-06,188,1,1,same_source_cyclic_next_latent,False
validation,lj_noisy,61,100,7.195494617917575e-06,4.705508763436228e-05,0.8470835996772639,7.90713238529861e-06,188,1,1,same_source_cyclic_next_latent,False
validation,lj_noisy,61,125,1.0354142432333902e-05,7.433142309309915e-05,0.8607030243539738,1.2025217984046321e-05,188,1,1,same_source_cyclic_next_latent,False
validation,lj_noisy,61,149,1.2422201507433783e-05,0.00010632432531565428,0.8831668908262064,1.4505808394460473e-05,188,1,1,same_source_cyclic_next_latent,False
validation,lj_noisy,61,175,1.6219953977270052e-05,0.0001481663784943521,0.8905287816163481,1.801590042305179e-05,188,1,1,same_source_cyclic_next_latent,False
validation,lj_noisy,61,199,2.339210914215073e-05,0.00019447802333161235,0.8797184959954889,2.5384575565112755e-05,188,1,1,same_source_cyclic_next_latent,False
validation,lj_noisy,188,0,2.114237531714025e-07,0.0,,6.057966288608441e-07,67,1,1,same_source_cyclic_next_latent,False
validation,lj_noisy,188,5,9.77239551502862e-08,9.160689984355486e-08,-0.06677504988355665,4.2154519519499445e-07,67,1,1,same_source_cyclic_next_latent,False
validation,lj_noisy,188,10,5.6128495629081954e-08,3.833892776583525e-07,0.8535992034730313,3.0090961899986723e-07,67,1,1,same_source_cyclic_next_latent,False
validation,lj_noisy,188,25,4.481205451156711e-07,2.6204288587905467e-06,0.828989616103335,4.333016079272056e-07,67,1,1,same_source_cyclic_next_latent,False
validation,lj_noisy,188,50,2.089904910462792e-06,1.1088137398473918e-05,0.811518847994215,1.996188757402706e-06,67,1,1,same_source_cyclic_next_latent,False
validation,lj_noisy,188,75,4.729547072201967e-06,2.5567558623151854e-05,0.8150176502218212,4.968005669070408e-06,67,1,1,same_source_cyclic_next_latent,False
validation,lj_noisy,188,100,8.961575076682493e-06,4.645999797503464e-05,0.8071120217978053,9.215384125127457e-06,67,1,1,same_source_cyclic_next_latent,False
validation,lj_noisy,188,125,1.4349543562275358e-05,7.364279736066237e-05,0.805146679966554,1.4726168956258334e-05,67,1,1,same_source_cyclic_next_latent,False
validation,lj_noisy,188,149,2.0224644686095417e-05,0.00010572637256700546,0.8087076649368843,2.1101661332068034e-05,67,1,1,same_source_cyclic_next_latent,False
validation,lj_noisy,188,175,2.8246111469343305e-05,0.00014696051948703825,0.8077979611943698,2.9636074032168835e-05,67,1,1,same_source_cyclic_next_latent,False
validation,lj_noisy,188,199,3.842728983727284e-05,0.00019167976279277354,0.7995234902350288,3.958444722229615e-05,67,1,1,same_source_cyclic_next_latent,False
validation,lj_noisy,67,0,7.842080549380626e-07,0.0,,1.5733373004422901e-07,15,1,1,same_source_cyclic_next_latent,False
validation,lj_noisy,67,5,5.986991595818836e-07,8.974264886774108e-08,-5.671289148866344,7.789797962232115e-08,15,1,1,same_source_cyclic_next_latent,False
validation,lj_noisy,67,10,4.5936960191284015e-07,3.756259161491471e-07,-0.22294437674114476,5.722180063116866e-08,15,1,1,same_source_cyclic_next_latent,False
validation,lj_noisy,67,25,3.6640656730924093e-07,2.4605394628451904e-06,0.851086896657388,3.59745826017388e-07,15,1,1,same_source_cyclic_next_latent,False
validation,lj_noisy,67,50,1.11128667867888e-06,1.0304262104909867e-05,0.8921527162872377,1.6752979945522384e-06,15,1,1,same_source_cyclic_next_latent,False
validation,lj_noisy,67,75,3.0003400297573535e-06,2.4312985260621645e-05,0.876595161079753,3.699786475408473e-06,15,1,1,same_source_cyclic_next_latent,False
validation,lj_noisy,67,100,5.9196663642069325e-06,4.4734984840033576e-05,0.8676725523575144,6.296742412814638e-06,15,1,1,same_source_cyclic_next_latent,False
validation,lj_noisy,67,125,9.615650014893617e-06,7.140247180359438e-05,0.8653316926990535,9.930487067322247e-06,15,1,1,same_source_cyclic_next_latent,False
validation,lj_noisy,67,149,1.376999898639042e-05,0.0001028560582199134,0.8661235981166107,1.469868038839195e-05,15,1,1,same_source_cyclic_next_latent,False
validation,lj_noisy,67,175,1.9532877558958717e-05,0.0001433728903066367,0.8637617089452332,2.1941339582554065e-05,15,1,1,same_source_cyclic_next_latent,False
validation,lj_noisy,67,199,2.6893958420259878e-05,0.00018682236259337515,0.8560452932564854,3.105440191575326e-05,15,1,1,same_source_cyclic_next_latent,False
mixed_transfer,depablo_mixed_temp,268,0,2.8310198558756383e-06,0.0,,5.143301109455933e-07,161,1,1,same_source_cyclic_next_latent,True
mixed_transfer,depablo_mixed_temp,268,5,6.52121816528961e-05,4.713676025858149e-05,-0.3834676226188858,5.0922692025778815e-05,161,1,1,same_source_cyclic_next_latent,True
mixed_transfer,depablo_mixed_temp,268,10,0.00011280207399977371,5.8645240642363206e-05,-0.9234651058502019,8.332131983479485e-05,161,1,1,same_source_cyclic_next_latent,True
mixed_transfer,depablo_mixed_temp,268,25,8.230414823628962e-05,5.51444391021505e-05,-0.49251945574834877,5.535601303563453e-05,161,1,1,same_source_cyclic_next_latent,True
mixed_transfer,depablo_mixed_temp,268,50,0.00014392576122190803,6.742466939613223e-05,-1.13461574985734,9.800555562833324e-05,161,1,1,same_source_cyclic_next_latent,True
mixed_transfer,depablo_mixed_temp,268,75,9.576199227012694e-05,7.959867070894688e-05,-0.20306019456381819,6.986180233070627e-05,161,1,1,same_source_cyclic_next_latent,True
mixed_transfer,depablo_mixed_temp,268,100,7.287810876732692e-05,9.612221765564755e-05,0.24181827526692468,9.36164433369413e-05,161,1,1,same_source_cyclic_next_latent,True
mixed_transfer,depablo_mixed_temp,268,125,0.00010731470683822408,0.00013924895029049367,0.22933202286731846,0.00011020086094504222,161,1,1,same_source_cyclic_next_latent,True
mixed_transfer,depablo_mixed_temp,268,149,0.00023056349891703576,0.00013940916687715799,-0.6538618233060634,0.00017931974434759468,161,1,1,same_source_cyclic_next_latent,True
mixed_transfer,depablo_mixed_temp,268,175,0.00014576918329112232,0.00018091170932166278,0.1942523574748648,0.00021166975784581155,161,1,1,same_source_cyclic_next_latent,True
mixed_transfer,depablo_mixed_temp,268,199,0.00019077456090599298,0.00022531113063450903,0.1532839040452907,0.00023260412854142487,161,1,1,same_source_cyclic_next_latent,True
mixed_transfer,depablo_mixed_temp,161,0,1.0628104263332716e-07,0.0,,1.8779941513002996e-07,47,1,1,same_source_cyclic_next_latent,True
mixed_transfer,depablo_mixed_temp,161,5,1.9403993064770475e-05,2.0224346371833235e-05,0.04056266106109019,1.971534402400721e-05,47,1,1,same_source_cyclic_next_latent,True
mixed_transfer,depablo_mixed_temp,161,10,2.283537651237566e-05,2.2510845155920833e-05,-0.014416666909081721,2.1155925423954614e-05,47,1,1,same_source_cyclic_next_latent,True
mixed_transfer,depablo_mixed_temp,161,25,1.938546120072715e-05,2.079022306133993e-05,0.06756838810570431,1.9308054106659256e-05,47,1,1,same_source_cyclic_next_latent,True
mixed_transfer,depablo_mixed_temp,161,50,3.776227094931528e-05,4.2505580495344475e-05,0.11159263067936964,3.3319804060738534e-05,47,1,1,same_source_cyclic_next_latent,True
mixed_transfer,depablo_mixed_temp,161,75,2.2521891878568567e-05,4.9270100134890527e-05,0.542889261095296,2.4597935407655314e-05,47,1,1,same_source_cyclic_next_latent,True
mixed_transfer,depablo_mixed_temp,161,100,2.960406527563464e-05,7.182943227235228e-05,0.5878560592907612,3.0061371944611892e-05,47,1,1,same_source_cyclic_next_latent,True
mixed_transfer,depablo_mixed_temp,161,125,3.0299574063974433e-05,9.014578245114535e-05,0.6638825107497921,3.238024146412499e-05,47,1,1,same_source_cyclic_next_latent,True
mixed_transfer,depablo_mixed_temp,161,149,2.3548625904368237e-05,0.0001271728688152507,0.8148297972378189,3.0447978133452125e-05,47,1,1,same_source_cyclic_next_latent,True
mixed_transfer,depablo_mixed_temp,161,175,2.5480016120127402e-05,0.00017018135986290872,0.8502772798345655,3.549157554516569e-05,47,1,1,same_source_cyclic_next_latent,True
mixed_transfer,depablo_mixed_temp,161,199,3.036706220882479e-05,0.0001962430396815762,0.8452578891047633,3.655956970760599e-05,47,1,1,same_source_cyclic_next_latent,True
mixed_transfer,depablo_mixed_temp,47,0,2.161403074296686e-07,0.0,,2.9143686575139327e-08,191,1,1,same_source_cyclic_next_latent,True
mixed_transfer,depablo_mixed_temp,47,5,2.7996887297376816e-07,2.6881184567173477e-07,-0.04150496892781286,2.5293863359365787e-07,191,1,1,same_source_cyclic_next_latent,True
mixed_transfer,depablo_mixed_temp,47,10,2.0759974006523407e-07,5.738165782531723e-07,0.6382123697136554,6.44836688934447e-07,191,1,1,same_source_cyclic_next_latent,True
mixed_transfer,depablo_mixed_temp,47,25,4.306801031361829e-07,2.950489943032153e-06,0.8540309875811396,2.6356226499046898e-06,191,1,1,same_source_cyclic_next_latent,True
mixed_transfer,depablo_mixed_temp,47,50,1.295755396313325e-06,1.030835755955195e-05,0.8743004994900813,3.7844054077140754e-06,191,1,1,same_source_cyclic_next_latent,True
mixed_transfer,depablo_mixed_temp,47,75,1.950813839357579e-06,2.303583823959343e-05,0.9153139634396039,7.932905646157451e-06,191,1,1,same_source_cyclic_next_latent,True
mixed_transfer,depablo_mixed_temp,47,100,2.6155128125537885e-06,4.1095041524386033e-05,0.9363545402186362,5.052478172729025e-06,191,1,1,same_source_cyclic_next_latent,True
mixed_transfer,depablo_mixed_temp,47,125,3.6787819226447027e-06,6.353035132633522e-05,0.9420941039071551,1.1688314771163277e-05,191,1,1,same_source_cyclic_next_latent,True
mixed_transfer,depablo_mixed_temp,47,149,4.187556896795286e-06,9.000220597954467e-05,0.9534727304601065,1.1737144632206764e-05,191,1,1,same_source_cyclic_next_latent,True
mixed_transfer,depablo_mixed_temp,47,175,6.375542398018297e-06,0.00012707475980278105,0.9498284127555064,1.800089012249373e-05,191,1,1,same_source_cyclic_next_latent,True
mixed_transfer,depablo_mixed_temp,47,199,8.156926014635246e-06,0.00016195152420550585,0.9496335335239905,3.49033871316351e-05,191,1,1,same_source_cyclic_next_latent,True
mixed_transfer,depablo_mixed_temp,191,0,8.344269275539773e-08,0.0,,5.118074000165507e-07,242,1,1,same_source_cyclic_next_latent,True
mixed_transfer,depablo_mixed_temp,191,5,7.200332220236305e-06,7.1508447945234366e-06,-0.006920500603057267,7.315669336094288e-06,242,1,1,same_source_cyclic_next_latent,True
mixed_transfer,depablo_mixed_temp,191,10,1.1462468137324322e-05,1.1249665476498194e-05,-0.018916354559226356,1.6382573448936455e-05,242,1,1,same_source_cyclic_next_latent,True
mixed_transfer,depablo_mixed_temp,191,25,1.0925162314379122e-05,1.134495687438175e-05,0.037002746211453164,3.138226747978479e-05,242,1,1,same_source_cyclic_next_latent,True
mixed_transfer,depablo_mixed_temp,191,50,1.244670511368895e-05,2.3212682208395563e-05,0.463797203530955,1.3161000424588565e-05,242,1,1,same_source_cyclic_next_latent,True
mixed_transfer,depablo_mixed_temp,191,75,1.3679432413482573e-05,3.4925145882880315e-05,0.6083213951530554,2.1962363462080248e-05,242,1,1,same_source_cyclic_next_latent,True
mixed_transfer,depablo_mixed_temp,191,100,1.0485091479495168e-05,5.758188126492314e-05,0.8179098832972254,2.73092864517821e-05,242,1,1,same_source_cyclic_next_latent,True
mixed_transfer,depablo_mixed_temp,191,125,1.1346242899890058e-05,7.634270150447264e-05,0.8513775033331075,2.5783318051253445e-05,242,1,1,same_source_cyclic_next_latent,True
mixed_transfer,depablo_mixed_temp,191,149,1.2265667464816943e-05,0.00011539997649379075,0.8937116987586482,4.966048800270073e-05,242,1,1,same_source_cyclic_next_latent,True
mixed_transfer,depablo_mixed_temp,191,175,1.5204000192170497e-05,0.00014662892499472946,0.8963096797394033,4.734215690405108e-05,242,1,1,same_source_cyclic_next_latent,True
mixed_transfer,depablo_mixed_temp,191,199,1.7650283552939072e-05,0.00018133649427909404,0.9026655741685752,0.0001555172202643007,242,1,1,same_source_cyclic_next_latent,True
mixed_transfer,depablo_mixed_temp,242,0,7.139346962503623e-07,0.0,,4.5454629571395344e-07,208,1,1,same_source_cyclic_next_latent,True
mixed_transfer,depablo_mixed_temp,242,5,2.383620994805824e-05,2.3800261260475963e-05,-0.0015104324775616629,2.3745238650008105e-05,208,1,1,same_source_cyclic_next_latent,True
mixed_transfer,depablo_mixed_temp,242,10,3.941828981623985e-05,3.038742215721868e-05,-0.2971909763288638,3.089557867497206e-05,208,1,1,same_source_cyclic_next_latent,True
mixed_transfer,depablo_mixed_temp,242,25,5.036828588345088e-05,3.699141598190181e-05,-0.36162092059665296,3.7083162169437855e-05,208,1,1,same_source_cyclic_next_latent,True
mixed_transfer,depablo_mixed_temp,242,50,3.2024556276155636e-05,4.2313102312618867e-05,0.24315272277719324,3.762264168472029e-05,208,1,1,same_source_cyclic_next_latent,True
mixed_transfer,depablo_mixed_temp,242,75,3.883705358020961e-05,7.29313469491899e-05,0.46748476197393196,5.030732063460164e-05,208,1,1,same_source_cyclic_next_latent,True
mixed_transfer,depablo_mixed_temp,242,100,4.153826739639044e-05,9.204618982039392e-05,0.548723662788841,4.980415178579278e-05,208,1,1,same_source_cyclic_next_latent,True
mixed_transfer,depablo_mixed_temp,242,125,3.544812716427259e-05,0.00011756044841604307,0.6984689354125064,3.668281715363264e-05,208,1,1,same_source_cyclic_next_latent,True
mixed_transfer,depablo_mixed_temp,242,149,3.8619742554146796e-05,0.000145202677231282,0.7340287156507974,3.8895443140063435e-05,208,1,1,same_source_cyclic_next_latent,True
mixed_transfer,depablo_mixed_temp,242,175,4.3114294385304675e-05,0.00018254968745168298,0.7638215929747012,5.675395004800521e-05,208,1,1,same_source_cyclic_next_latent,True
mixed_transfer,depablo_mixed_temp,242,199,9.598831093171611e-05,0.0002420646051177755,0.603459948698351,6.993506394792348e-05,208,1,1,same_source_cyclic_next_latent,True
mixed_transfer,depablo_mixed_temp,208,0,4.119453080875246e-07,0.0,,1.2424112583175884e-06,221,1,1,same_source_cyclic_next_latent,True
mixed_transfer,depablo_mixed_temp,208,5,2.2772774173063226e-05,2.257787127746269e-05,-0.008632474390758427,3.043063225049991e-05,221,1,1,same_source_cyclic_next_latent,True
mixed_transfer,depablo_mixed_temp,208,10,2.1612398995785043e-05,2.1629317416227423e-05,0.0007821985371432305,6.158765609143302e-05,221,1,1,same_source_cyclic_next_latent,True
mixed_transfer,depablo_mixed_temp,208,25,2.170503830711823e-05,2.2251089831115678e-05,0.02454043950844398,2.182643765991088e-05,221,1,1,same_source_cyclic_next_latent,True
mixed_transfer,depablo_mixed_temp,208,50,2.2487580281449482e-05,2.6678577341954224e-05,0.1570922244760803,2.7183587008039467e-05,221,1,1,same_source_cyclic_next_latent,True
mixed_transfer,depablo_mixed_temp,208,75,2.9593027647933923e-05,4.3110252590849996e-05,0.31355012161967843,3.076926805078983e-05,221,1,1,same_source_cyclic_next_latent,True
mixed_transfer,depablo_mixed_temp,208,100,5.727553798351437e-05,6.287909491220489e-05,0.08911637383639992,4.098438148503192e-05,221,1,1,same_source_cyclic_next_latent,True
mixed_transfer,depablo_mixed_temp,208,125,2.8078404284315184e-05,6.771790503989905e-05,0.5853621834908873,3.077954170294106e-05,221,1,1,same_source_cyclic_next_latent,True
mixed_transfer,depablo_mixed_temp,208,149,4.9756788939703256e-05,0.0001124460031860508,0.5575050466011076,4.2952200601575896e-05,221,1,1,same_source_cyclic_next_latent,True
mixed_transfer,depablo_mixed_temp,208,175,3.310751708340831e-05,0.00013137060159351677,0.7479838207192758,3.104102870565839e-05,221,1,1,same_source_cyclic_next_latent,True
mixed_transfer,depablo_mixed_temp,208,199,3.53895993612241e-05,0.00017357629258185625,0.7961150175820535,3.3103246096288785e-05,221,1,1,same_source_cyclic_next_latent,True
mixed_transfer,depablo_mixed_temp,221,0,1.0544362112341332e-06,0.0,,1.4731155317804223e-07,140,1,1,same_source_cyclic_next_latent,True
mixed_transfer,depablo_mixed_temp,221,5,3.442836896283552e-05,2.707511703192722e-05,-0.27158707835823126,2.7466670871945098e-05,140,1,1,same_source_cyclic_next_latent,True
mixed_transfer,depablo_mixed_temp,221,10,6.968974776100367e-05,3.6674908187706023e-05,-0.9002023782670223,3.723705231095664e-05,140,1,1,same_source_cyclic_next_latent,True
mixed_transfer,depablo_mixed_temp,221,25,3.516277502058074e-05,3.482666943455115e-05,-0.009650810470442028,3.492264659143984e-05,140,1,1,same_source_cyclic_next_latent,True
mixed_transfer,depablo_mixed_temp,221,50,4.220273331156932e-05,4.851730773225427e-05,0.13015096500268142,4.675902164308354e-05,140,1,1,same_source_cyclic_next_latent,True
mixed_transfer,depablo_mixed_temp,221,75,4.69979495392181e-05,5.7804521929938346e-05,0.18695029437001998,6.642994412686676e-05,140,1,1,same_source_cyclic_next_latent,True
mixed_transfer,depablo_mixed_temp,221,100,4.806955621461384e-05,6.448220665333793e-05,0.25452991283254234,5.477131708175875e-05,140,1,1,same_source_cyclic_next_latent,True
mixed_transfer,depablo_mixed_temp,221,125,3.423684756853618e-05,9.433583181817085e-05,0.6370748324504463,8.344978414243087e-05,140,1,1,same_source_cyclic_next_latent,True
mixed_transfer,depablo_mixed_temp,221,149,6.45488835289143e-05,0.00012878440611530095,0.4987833894180981,9.987681551137939e-05,140,1,1,same_source_cyclic_next_latent,True
mixed_transfer,depablo_mixed_temp,221,175,6.257126369746402e-05,0.00016914735897444189,0.6300783879994336,0.0001339160226052627,140,1,1,same_source_cyclic_next_latent,True
mixed_transfer,depablo_mixed_temp,221,199,6.171155109768733e-05,0.00020088825840502977,0.6928065801971122,0.00016301427967846394,140,1,1,same_source_cyclic_next_latent,True
mixed_transfer,depablo_mixed_temp,140,0,8.211340229991038e-08,0.0,,4.845609851145127e-07,118,1,1,same_source_cyclic_next_latent,True
mixed_transfer,depablo_mixed_temp,140,5,5.853713901160518e-06,5.748682269768324e-06,-0.01827055774930253,5.922673608438345e-06,118,1,1,same_source_cyclic_next_latent,True
mixed_transfer,depablo_mixed_temp,140,10,5.798398433398688e-06,6.143378413980827e-06,0.056154766536446576,6.059159204596654e-06,118,1,1,same_source_cyclic_next_latent,True
mixed_transfer,depablo_mixed_temp,140,25,5.3205508265818935e-06,7.007966814853717e-06,0.24078538509846614,5.300119028106565e-06,118,1,1,same_source_cyclic_next_latent,True
mixed_transfer,depablo_mixed_temp,140,50,7.316690243897028e-06,1.9301036445540376e-05,0.6209172359970547,1.223706203745678e-05,118,1,1,same_source_cyclic_next_latent,True
mixed_transfer,depablo_mixed_temp,140,75,6.046495855116518e-06,2.7593006961978972e-05,0.7808685416762253,1.3923019650974311e-05,118,1,1,same_source_cyclic_next_latent,True
mixed_transfer,depablo_mixed_temp,140,100,5.332829459803179e-06,4.4695243559544906e-05,0.8806846314038191,1.6596473869867623e-05,118,1,1,same_source_cyclic_next_latent,True
mixed_transfer,depablo_mixed_temp,140,125,6.963698069739621e-06,7.706028554821387e-05,0.9096331136045079,2.9311391699593514e-05,118,1,1,same_source_cyclic_next_latent,True
mixed_transfer,depablo_mixed_temp,140,149,6.332653811114142e-06,0.00010311150253983214,0.9385844095456971,3.476797792245634e-05,118,1,1,same_source_cyclic_next_latent,True
mixed_transfer,depablo_mixed_temp,140,175,8.071224328887183e-06,0.0001441092899767682,0.9439923385217681,4.4869681005366147e-05,118,1,1,same_source_cyclic_next_latent,True
mixed_transfer,depablo_mixed_temp,140,199,1.1267685295024421e-05,0.00018415348313283175,0.9388136183832215,5.604721809504554e-05,118,1,1,same_source_cyclic_next_latent,True
mixed_transfer,depablo_mixed_temp,118,0,5.79150594148814e-07,0.0,,7.81724509124615e-07,158,1,1,same_source_cyclic_next_latent,True
mixed_transfer,depablo_mixed_temp,118,5,7.40028281143168e-06,7.472703146049753e-06,0.009691316944171136,9.636413778935093e-06,158,1,1,same_source_cyclic_next_latent,True
mixed_transfer,depablo_mixed_temp,118,10,6.888033567520324e-06,6.560167093994096e-06,-0.049978372323228326,2.59061562246643e-05,158,1,1,same_source_cyclic_next_latent,True
mixed_transfer,depablo_mixed_temp,118,25,7.549556812591618e-06,9.963821867131628e-06,0.2423031128752029,8.394843462156132e-06,158,1,1,same_source_cyclic_next_latent,True
mixed_transfer,depablo_mixed_temp,118,50,9.339315511169843e-06,1.8252863810630515e-05,0.48833697505973817,9.915121154335793e-06,158,1,1,same_source_cyclic_next_latent,True
mixed_transfer,depablo_mixed_temp,118,75,8.935999176173937e-06,2.543711343605537e-05,0.6487023105574641,1.3688749277207535e-05,158,1,1,same_source_cyclic_next_latent,True
mixed_transfer,depablo_mixed_temp,118,100,8.771583452471532e-06,4.048683331348002e-05,0.7833472579948344,1.349644753645407e-05,158,1,1,same_source_cyclic_next_latent,True
mixed_transfer,depablo_mixed_temp,118,125,1.3463773029798176e-05,6.137721356935799e-05,0.7806389008750987,2.5386523702763952e-05,158,1,1,same_source_cyclic_next_latent,True
mixed_transfer,depablo_mixed_temp,118,149,1.263738886336796e-05,7.702268339926377e-05,0.8359264010855176,1.610967592569068e-05,158,1,1,same_source_cyclic_next_latent,True
mixed_transfer,depablo_mixed_temp,118,175,1.6083864466054365e-05,0.0001161079853773117,0.8614749501183123,3.432844823691994e-05,158,1,1,same_source_cyclic_next_latent,True
mixed_transfer,depablo_mixed_temp,118,199,1.65482415468432e-05,0.00014814999303780496,0.8883007605500163,4.514963075052947e-05,158,1,1,same_source_cyclic_next_latent,True
mixed_transfer,depablo_mixed_temp,158,0,4.3765689383690187e-07,0.0,,8.545192713427241e-07,250,1,1,same_source_cyclic_next_latent,True
mixed_transfer,depablo_mixed_temp,158,5,1.726956725178752e-05,1.573649569763802e-05,-0.09742140712939085,1.8543976693763398e-05,250,1,1,same_source_cyclic_next_latent,True
mixed_transfer,depablo_mixed_temp,158,10,3.125419971183874e-05,2.0582121578627266e-05,-0.5185120538930978,2.06874556170078e-05,250,1,1,same_source_cyclic_next_latent,True
mixed_transfer,depablo_mixed_temp,158,25,2.051384399237577e-05,2.284510264871642e-05,0.1020463200445123,2.1531281163333915e-05,250,1,1,same_source_cyclic_next_latent,True
mixed_transfer,depablo_mixed_temp,158,50,1.9181412426405586e-05,2.7017762477044016e-05,0.2900443757064147,1.8710861695581116e-05,250,1,1,same_source_cyclic_next_latent,True
mixed_transfer,depablo_mixed_temp,158,75,2.3844568204367533e-05,4.9534719437360764e-05,0.5186291862514689,3.095805368502624e-05,250,1,1,same_source_cyclic_next_latent,True
mixed_transfer,depablo_mixed_temp,158,100,2.371803202549927e-05,5.9894391597481444e-05,0.6040024551063874,4.315161640988663e-05,250,1,1,same_source_cyclic_next_latent,True
mixed_transfer,depablo_mixed_temp,158,125,2.1139432647032663e-05,7.881387864472345e-05,0.731780328407325,6.409429624909535e-05,250,1,1,same_source_cyclic_next_latent,True
mixed_transfer,depablo_mixed_temp,158,149,2.6272027753293514e-05,0.00011068722233176231,0.7626462458823975,3.691321762744337e-05,250,1,1,same_source_cyclic_next_latent,True
mixed_transfer,depablo_mixed_temp,158,175,2.382864295213949e-05,0.00015321206592489034,0.8444728043558849,7.58614914957434e-05,250,1,1,same_source_cyclic_next_latent,True
mixed_transfer,depablo_mixed_temp,158,199,2.313389086339157e-05,0.0002061646373476833,0.8877892389256953,9.830412454903126e-05,250,1,1,same_source_cyclic_next_latent,True
mixed_transfer,depablo_mixed_temp,250,0,1.4774661849514814e-06,0.0,,3.4435697671142407e-06,136,1,1,same_source_cyclic_next_latent,True
mixed_transfer,depablo_mixed_temp,250,5,5.613029497908428e-05,4.835599611396901e-05,-0.1607721790446055,5.509184848051518e-05,136,1,1,same_source_cyclic_next_latent,True
mixed_transfer,depablo_mixed_temp,250,10,5.179089930607006e-05,5.153584061190486e-05,-0.00494915171920729,5.732139834435657e-05,136,1,1,same_source_cyclic_next_latent,True
mixed_transfer,depablo_mixed_temp,250,25,5.2473271352937445e-05,5.111822974868119e-05,-0.02650799158965822,5.728814358008094e-05,136,1,1,same_source_cyclic_next_latent,True
mixed_transfer,depablo_mixed_temp,250,50,5.959419286227785e-05,6.523817864945158e-05,0.08651354013883372,5.964549563941546e-05,136,1,1,same_source_cyclic_next_latent,True
mixed_transfer,depablo_mixed_temp,250,75,6.0280883189989254e-05,8.879067172529176e-05,0.32108990709641827,6.869703793199733e-05,136,1,1,same_source_cyclic_next_latent,True
mixed_transfer,depablo_mixed_temp,250,100,0.0001013097571558319,0.0001296159898629412,0.2183853453346376,0.00010123909305548295,136,1,1,same_source_cyclic_next_latent,True
mixed_transfer,depablo_mixed_temp,250,125,0.00010539944923948497,0.00019025067740585655,0.44599698315586433,0.00011168061610078439,136,1,1,same_source_cyclic_next_latent,True
mixed_transfer,depablo_mixed_temp,250,149,8.775677270023152e-05,0.00016449361282866448,0.46650346362300144,8.193244138965383e-05,136,1,1,same_source_cyclic_next_latent,True
mixed_transfer,depablo_mixed_temp,250,175,0.00010689222835935652,0.00018673459999263287,0.4275713854659303,0.00010309553908882663,136,1,1,same_source_cyclic_next_latent,True
mixed_transfer,depablo_mixed_temp,250,199,0.00012110467650927603,0.00025101620121859014,0.517542390007665,0.00011941957200178877,136,1,1,same_source_cyclic_next_latent,True
mixed_transfer,depablo_mixed_temp,136,0,3.238574890929158e-06,0.0,,1.5762905150040751e-06,68,1,1,same_source_cyclic_next_latent,True
mixed_transfer,depablo_mixed_temp,136,5,1.5167260244197678e-05,1.0966320587613154e-05,-0.3830764952585495,1.2251331099832896e-05,68,1,1,same_source_cyclic_next_latent,True
mixed_transfer,depablo_mixed_temp,136,10,1.2441346370906103e-05,1.2293307008803822e-05,-0.012042273246430923,1.1987347534159198e-05,68,1,1,same_source_cyclic_next_latent,True
mixed_transfer,depablo_mixed_temp,136,25,1.1124544471385889e-05,1.05185035863542e-05,-0.05761664480657824,1.1572620678634848e-05,68,1,1,same_source_cyclic_next_latent,True
mixed_transfer,depablo_mixed_temp,136,50,1.1632972928055096e-05,1.8912367522716522e-05,0.38490128673302304,1.1743220966309309e-05,68,1,1,same_source_cyclic_next_latent,True
mixed_transfer,depablo_mixed_temp,136,75,1.3610574569611344e-05,3.769572140299715e-05,0.6389358244639091,1.218740453623468e-05,68,1,1,same_source_cyclic_next_latent,True
mixed_transfer,depablo_mixed_temp,136,100,1.8650302081368864e-05,6.272367318160832e-05,0.7026592810123011,1.8272521629114635e-05,68,1,1,same_source_cyclic_next_latent,True
mixed_transfer,depablo_mixed_temp,136,125,2.7023506845580414e-05,9.743942064233124e-05,0.7226635106465276,2.562800727901049e-05,68,1,1,same_source_cyclic_next_latent,True
mixed_transfer,depablo_mixed_temp,136,149,1.8869124687626027e-05,0.00012985024659428746,0.8546854920762534,1.899543531180825e-05,68,1,1,same_source_cyclic_next_latent,True
mixed_transfer,depablo_mixed_temp,136,175,2.6971663828589953e-05,0.00018626838573254645,0.8551999915470507,2.614697405078914e-05,68,1,1,same_source_cyclic_next_latent,True
mixed_transfer,depablo_mixed_temp,136,199,3.0429186153924093e-05,0.00021623147767968476,0.8592749470130316,2.9323744456632994e-05,68,1,1,same_source_cyclic_next_latent,True
mixed_transfer,depablo_mixed_temp,68,0,1.6950236840784783e-06,0.0,,3.07845454017297e-07,96,1,1,same_source_cyclic_next_latent,True
mixed_transfer,depablo_mixed_temp,68,5,2.8634824502660194e-06,1.8872113969337079e-06,-0.5173087948274007,2.293334773639799e-06,96,1,1,same_source_cyclic_next_latent,True
mixed_transfer,depablo_mixed_temp,68,10,3.483510909063625e-06,2.4416788164671743e-06,-0.4266867884383996,2.547825033616391e-06,96,1,1,same_source_cyclic_next_latent,True
mixed_transfer,depablo_mixed_temp,68,25,3.36971925207763e-06,5.627597602142487e-06,0.40121531596453497,3.1748886613058858e-06,96,1,1,same_source_cyclic_next_latent,True
mixed_transfer,depablo_mixed_temp,68,50,2.8905674298584927e-06,1.578773844812531e-05,0.8169106082320658,6.9195857577142306e-06,96,1,1,same_source_cyclic_next_latent,True
mixed_transfer,depablo_mixed_temp,68,75,4.439038093551062e-06,3.037540773220826e-05,0.8538607898637629,1.3851659787178505e-05,96,1,1,same_source_cyclic_next_latent,True
mixed_transfer,depablo_mixed_temp,68,100,7.518553957197582e-06,5.9114165196660906e-05,0.8728129893709085,2.251298246847e-05,96,1,1,same_source_cyclic_next_latent,True
mixed_transfer,depablo_mixed_temp,68,125,7.021394594630692e-06,8.239176531787962e-05,0.9147803840888575,3.072141043958254e-05,96,1,1,same_source_cyclic_next_latent,True
mixed_transfer,depablo_mixed_temp,68,149,8.102633728412911e-06,0.00011558266123756766,0.9298974981051974,4.4776028516935185e-05,96,1,1,same_source_cyclic_next_latent,True
mixed_transfer,depablo_mixed_temp,68,175,1.3967855920782313e-05,0.00017106324958149344,0.9183468339637257,7.394486601697281e-05,96,1,1,same_source_cyclic_next_latent,True
mixed_transfer,depablo_mixed_temp,68,199,1.7520775145385414e-05,0.00021742821263615042,0.9194181153726122,0.00010050424316432327,96,1,1,same_source_cyclic_next_latent,True
mixed_transfer,depablo_mixed_temp,96,0,1.4373667056588602e-07,0.0,,4.139520015655762e-08,262,1,1,same_source_cyclic_next_latent,True
mixed_transfer,depablo_mixed_temp,96,5,1.6766196040407522e-06,1.7755693306753528e-06,0.055728449982273776,1.5952350622683298e-06,262,1,1,same_source_cyclic_next_latent,True
mixed_transfer,depablo_mixed_temp,96,10,1.4103719649938284e-06,1.988127678487217e-06,0.29060292241039964,2.799565208988497e-06,262,1,1,same_source_cyclic_next_latent,True
mixed_transfer,depablo_mixed_temp,96,25,1.6449448594357818e-06,3.6336575703899143e-06,0.5473032811786751,4.250444817444077e-06,262,1,1,same_source_cyclic_next_latent,True
mixed_transfer,depablo_mixed_temp,96,50,2.067317836917937e-06,1.0712924449762795e-05,0.8070258175895462,3.96635232391418e-06,262,1,1,same_source_cyclic_next_latent,True
mixed_transfer,depablo_mixed_temp,96,75,2.5950619146897225e-06,2.5437306248932146e-05,0.8979820469473389,5.664538093697047e-06,262,1,1,same_source_cyclic_next_latent,True
mixed_transfer,depablo_mixed_temp,96,100,2.9784903290419606e-06,4.0724535210756585e-05,0.9268625089610537,3.6290432490204694e-06,262,1,1,same_source_cyclic_next_latent,True
mixed_transfer,depablo_mixed_temp,96,125,3.876099071931094e-06,6.520055467262864e-05,0.9405511334774228,5.16540558237466e-06,262,1,1,same_source_cyclic_next_latent,True
mixed_transfer,depablo_mixed_temp,96,149,2.740937588896486e-06,9.046640479937196e-05,0.9697021497098831,1.4213229405868333e-05,262,1,1,same_source_cyclic_next_latent,True
mixed_transfer,depablo_mixed_temp,96,175,4.399649242259329e-06,0.00012494108523242176,0.9647862091635039,1.0066654795082286e-05,262,1,1,same_source_cyclic_next_latent,True
mixed_transfer,depablo_mixed_temp,96,199,5.582603535003727e-06,0.0001630225160624832,0.9657556289165354,1.1252319382037967e-05,262,1,1,same_source_cyclic_next_latent,True
mixed_transfer,depablo_mixed_temp,262,0,9.499800057710672e-08,0.0,,1.0901052860390337e-07,70,1,1,same_source_cyclic_next_latent,True
mixed_transfer,depablo_mixed_temp,262,5,2.9582137358374894e-05,3.000729702762328e-05,0.014168542700030762,2.9807602913933806e-05,70,1,1,same_source_cyclic_next_latent,True
mixed_transfer,depablo_mixed_temp,262,10,2.815647349052597e-05,2.804812538670376e-05,-0.003862935662487077,2.7639423933578655e-05,70,1,1,same_source_cyclic_next_latent,True
mixed_transfer,depablo_mixed_temp,262,25,3.383868534001522e-05,3.341671254020184e-05,-0.012627597622169473,2.9845974495401606e-05,70,1,1,same_source_cyclic_next_latent,True
mixed_transfer,depablo_mixed_temp,262,50,3.567522071534768e-05,4.543422983260825e-05,0.21479420149115225,3.395084786461666e-05,70,1,1,same_source_cyclic_next_latent,True
mixed_transfer,depablo_mixed_temp,262,75,3.161669155815616e-05,5.0519352953415364e-05,0.37416673591781,3.1646210118196905e-05,70,1,1,same_source_cyclic_next_latent,True
mixed_transfer,depablo_mixed_temp,262,100,3.6358229408506304e-05,7.402702613035217e-05,0.5088519516577082,3.7495770811801776e-05,70,1,1,same_source_cyclic_next_latent,True
mixed_transfer,depablo_mixed_temp,262,125,3.633999222074635e-05,8.881043322617188e-05,0.5908139291675341,3.808422479778528e-05,70,1,1,same_source_cyclic_next_latent,True
mixed_transfer,depablo_mixed_temp,262,149,5.743601286667399e-05,0.00013079402560833842,0.5608666940287805,4.980145240551792e-05,70,1,1,same_source_cyclic_next_latent,True
mixed_transfer,depablo_mixed_temp,262,175,4.3778883991762996e-05,0.00015667513071093708,0.7205754110871987,3.79508564947173e-05,70,1,1,same_source_cyclic_next_latent,True
mixed_transfer,depablo_mixed_temp,262,199,3.7571295251837e-05,0.00018418519175611436,0.7960134857009222,4.316959893913008e-05,70,1,1,same_source_cyclic_next_latent,True
mixed_transfer,depablo_mixed_temp,70,0,8.498323467165392e-08,0.0,,1.1758775286807577e-07,78,1,1,same_source_cyclic_next_latent,True
mixed_transfer,depablo_mixed_temp,70,5,1.2541491969386698e-06,1.34399056150869e-06,0.06684672284392323,1.2113889624743024e-06,78,1,1,same_source_cyclic_next_latent,True
mixed_transfer,depablo_mixed_temp,70,10,1.3437952475214843e-06,1.8160093304686598e-06,0.26002844535237635,1.3739721680394723e-06,78,1,1,same_source_cyclic_next_latent,True
mixed_transfer,depablo_mixed_temp,70,25,1.308531182075967e-06,3.822250619123224e-06,0.6576542690504874,1.4735863942405558e-06,78,1,1,same_source_cyclic_next_latent,True
mixed_transfer,depablo_mixed_temp,70,50,1.4241182952901e-06,1.149375930253882e-05,0.8760963878045078,1.5042935501696775e-06,78,1,1,same_source_cyclic_next_latent,True
mixed_transfer,depablo_mixed_temp,70,75,1.4461001001109253e-06,2.6700765374698676e-05,0.9458405000823972,1.3696759424419724e-06,78,1,1,same_source_cyclic_next_latent,True
mixed_transfer,depablo_mixed_temp,70,100,1.5478796058232547e-06,4.5999360736459494e-05,0.966349975716154,2.1830373952980153e-06,78,1,1,same_source_cyclic_next_latent,True
mixed_transfer,depablo_mixed_temp,70,125,2.479969225532841e-06,6.957071309443563e-05,0.9643532585016554,3.168675902998075e-06,78,1,1,same_source_cyclic_next_latent,True
mixed_transfer,depablo_mixed_temp,70,149,2.255178515042644e-06,9.833231888478622e-05,0.9770657446034097,3.180056637575035e-06,78,1,1,same_source_cyclic_next_latent,True
mixed_transfer,depablo_mixed_temp,70,175,2.8962183478142833e-06,0.00013775291154161096,0.97897526581905,3.340494913572911e-06,78,1,1,same_source_cyclic_next_latent,True
mixed_transfer,depablo_mixed_temp,70,199,4.460534455574816e-06,0.00017585520981810987,0.9746351873214991,4.449589596333681e-06,78,1,1,same_source_cyclic_next_latent,True
mixed_transfer,depablo_mixed_temp,78,0,9.735114758768759e-08,0.0,,2.9280761282279855e-06,44,1,1,same_source_cyclic_next_latent,True
mixed_transfer,depablo_mixed_temp,78,5,1.381047468385077e-06,1.4125503184914123e-06,0.02230210824629586,4.05869604946929e-06,44,1,1,same_source_cyclic_next_latent,True
mixed_transfer,depablo_mixed_temp,78,10,1.2693435564870015e-06,1.781855075932981e-06,0.28762806042327993,2.6844149942917284e-06,44,1,1,same_source_cyclic_next_latent,True
mixed_transfer,depablo_mixed_temp,78,25,1.8080110066875932e-06,3.92146057492937e-06,0.5389444896509874,3.3134692785097286e-06,44,1,1,same_source_cyclic_next_latent,True
mixed_transfer,depablo_mixed_temp,78,50,2.2477784114016686e-06,1.2238961971888784e-05,0.8163423976179919,9.184527698380407e-06,44,1,1,same_source_cyclic_next_latent,True
mixed_transfer,depablo_mixed_temp,78,75,1.3889593901694752e-06,2.4325721824425273e-05,0.9429016166428891,2.1721574739785865e-05,44,1,1,same_source_cyclic_next_latent,True
mixed_transfer,depablo_mixed_temp,78,100,1.6436409850939526e-06,4.797106157639064e-05,0.9657368227618527,3.683726754388772e-05,44,1,1,same_source_cyclic_next_latent,True
mixed_transfer,depablo_mixed_temp,78,125,1.9283609162812354e-06,6.928451330168173e-05,0.9721675043326828,5.538693585549481e-05,44,1,1,same_source_cyclic_next_latent,True
mixed_transfer,depablo_mixed_temp,78,149,2.622306510602357e-06,9.965606295736507e-05,0.9736864327890995,7.842502964194864e-05,44,1,1,same_source_cyclic_next_latent,True
mixed_transfer,depablo_mixed_temp,78,175,3.4961501569341635e-06,0.00013577769277617335,0.9742509238045641,0.00011945865844609216,44,1,1,same_source_cyclic_next_latent,True
mixed_transfer,depablo_mixed_temp,78,199,5.207465164858149e-06,0.00017324589134659618,0.9699417681748073,0.0001657224929658696,44,1,1,same_source_cyclic_next_latent,True
mixed_transfer,depablo_mixed_temp,44,0,2.356637651246274e-06,0.0,,1.3579901860794052e-06,36,1,1,same_source_cyclic_next_latent,True
mixed_transfer,depablo_mixed_temp,44,5,2.2758738396078115e-06,3.781680391057307e-07,-5.018154905395132,1.0694991487980587e-06,36,1,1,same_source_cyclic_next_latent,True
mixed_transfer,depablo_mixed_temp,44,10,1.8700084183365107e-06,6.340637810353655e-07,-1.9492433951722736,8.237116730924754e-07,36,1,1,same_source_cyclic_next_latent,True
mixed_transfer,depablo_mixed_temp,44,25,1.6722804048185935e-06,2.970265768453828e-06,0.4369930049427533,9.005751167023845e-07,36,1,1,same_source_cyclic_next_latent,True
mixed_transfer,depablo_mixed_temp,44,50,3.984305294579826e-06,1.2383442481223028e-05,0.6782554365943707,2.5140982415905455e-06,36,1,1,same_source_cyclic_next_latent,True
mixed_transfer,depablo_mixed_temp,44,75,6.4629575717845e-06,2.688998392841313e-05,0.759651861860897,5.076465185993584e-06,36,1,1,same_source_cyclic_next_latent,True
mixed_transfer,depablo_mixed_temp,44,100,9.364955076307524e-06,4.955984331900254e-05,0.8110374357717802,8.377609447052237e-06,36,1,1,same_source_cyclic_next_latent,True
mixed_transfer,depablo_mixed_temp,44,125,1.2030187463096809e-05,7.413839921355247e-05,0.8377333798583326,1.1816173355327919e-05,36,1,1,same_source_cyclic_next_latent,True
mixed_transfer,depablo_mixed_temp,44,149,1.6137131751747802e-05,0.00010949795978376642,0.8526261878886605,1.667530341364909e-05,36,1,1,same_source_cyclic_next_latent,True
mixed_transfer,depablo_mixed_temp,44,175,2.0690255041699857e-05,0.00015169796824920923,0.8636088849409642,2.2639933376922272e-05,36,1,1,same_source_cyclic_next_latent,True
mixed_transfer,depablo_mixed_temp,44,199,2.7276184482616372e-05,0.00019818956207018346,0.8623732541829965,2.818804387061391e-05,36,1,1,same_source_cyclic_next_latent,True
mixed_transfer,depablo_mixed_temp,36,0,1.8285974192622234e-06,0.0,,5.533229341381229e-07,39,1,1,same_source_cyclic_next_latent,True
mixed_transfer,depablo_mixed_temp,36,5,1.322472144238418e-06,3.3019685474755534e-07,-3.0051021844211228,4.572057719087752e-07,39,1,1,same_source_cyclic_next_latent,True
mixed_transfer,depablo_mixed_temp,36,10,1.0655012374627404e-06,8.42837948766828e-07,-0.2641827993408403,5.241274720901856e-07,39,1,1,same_source_cyclic_next_latent,True
mixed_transfer,depablo_mixed_temp,36,25,9.85156816568633e-07,3.554258228177787e-06,0.7228235110329314,1.0847736575669842e-06,39,1,1,same_source_cyclic_next_latent,True
mixed_transfer,depablo_mixed_temp,36,50,2.2834758510725806e-06,1.4621562513639219e-05,0.8438281921687563,4.596049620886333e-06,39,1,1,same_source_cyclic_next_latent,True
mixed_transfer,depablo_mixed_temp,36,75,5.455560767586576e-06,3.327914600959048e-05,0.8360666837419933,1.0747482519946061e-05,39,1,1,same_source_cyclic_next_latent,True
mixed_transfer,depablo_mixed_temp,36,100,9.087530088436324e-06,5.905385114601813e-05,0.8461145223879429,1.8485377950128168e-05,39,1,1,same_source_cyclic_next_latent,True
mixed_transfer,depablo_mixed_temp,36,125,1.2099322702852078e-05,9.289666195400059e-05,0.8697550326529142,2.930205846496392e-05,39,1,1,same_source_cyclic_next_latent,True
mixed_transfer,depablo_mixed_temp,36,149,1.4611739970860071e-05,0.0001317297574132681,0.8890779102779374,4.1827377572190017e-05,39,1,1,same_source_cyclic_next_latent,True
mixed_transfer,depablo_mixed_temp,36,175,1.879774390545208e-05,0.0001856548187788576,0.8987489577211406,5.9779922594316304e-05,39,1,1,same_source_cyclic_next_latent,True
mixed_transfer,depablo_mixed_temp,36,199,2.1311689124559052e-05,0.00023682504252064973,0.91001082952323,7.348576764343306e-05,39,1,1,same_source_cyclic_next_latent,True
mixed_transfer,depablo_mixed_temp,39,0,5.823596893606009e-07,0.0,,2.176041562051978e-06,268,1,1,same_source_cyclic_next_latent,True
mixed_transfer,depablo_mixed_temp,39,5,3.760046070055978e-07,2.2900907481471222e-07,-0.6418764510088408,1.516182328487048e-05,268,1,1,same_source_cyclic_next_latent,True
mixed_transfer,depablo_mixed_temp,39,10,3.2885208156585577e-07,5.392316211327852e-07,0.390146889243952,3.894945984939113e-05,268,1,1,same_source_cyclic_next_latent,True
mixed_transfer,depablo_mixed_temp,39,25,2.0298236336202535e-07,2.620684426801745e-06,0.9225460489305296,1.6569081708439626e-05,268,1,1,same_source_cyclic_next_latent,True
mixed_transfer,depablo_mixed_temp,39,50,5.067496999799914e-07,1.0089373063237872e-05,0.9497739159010375,6.647912960033864e-05,268,1,1,same_source_cyclic_next_latent,True
mixed_transfer,depablo_mixed_temp,39,75,1.0140297490579542e-06,2.215639869973529e-05,0.954233097047939,3.90100285585504e-05,268,1,1,same_source_cyclic_next_latent,True
mixed_transfer,depablo_mixed_temp,39,100,1.2918536640427192e-06,4.0103928768076e-05,0.9677873539145353,1.2634916856768541e-05,268,1,1,same_source_cyclic_next_latent,True
mixed_transfer,depablo_mixed_temp,39,125,2.0100371784792515e-06,6.175228190841153e-05,0.967449993484282,7.40210380172357e-05,268,1,1,same_source_cyclic_next_latent,True
mixed_transfer,depablo_mixed_temp,39,149,2.5965193799493136e-06,8.764490485191345e-05,0.9703745541815986,0.00019794059335254133,268,1,1,same_source_cyclic_next_latent,True
mixed_transfer,depablo_mixed_temp,39,175,3.5968130305263912e-06,0.00012142759078415111,0.9703789475909139,0.00011179687135154381,268,1,1,same_source_cyclic_next_latent,True
mixed_transfer,depablo_mixed_temp,39,199,4.959904799761716e-06,0.00015619987971149385,0.9682464236917288,0.00017553339421283454,268,1,1,same_source_cyclic_next_latent,True
