split,source,original_index,frame,coordinate_mse,zero_displacement_mse,explained_displacement_score,shuffled_same_source_coordinate_mse,shuffled_original_index,valid,total,control,transfer_only
train,reid,60,0,5.067399655445115e-08,0.0,,5.411270720401262e-08,45,1,1,same_source_cyclic_next_latent,False
train,reid,60,5,1.465635701691781e-08,9.641969000995232e-08,0.8479941491680278,1.7692043385864054e-08,45,1,1,same_source_cyclic_next_latent,False
train,reid,60,10,5.361970778494651e-08,3.9934545270625676e-07,0.8657310170390569,5.5845426061296166e-08,45,1,1,same_source_cyclic_next_latent,False
train,reid,60,25,5.032391641179856e-07,2.613964852571371e-06,0.8074805161886753,4.486069258291536e-07,45,1,1,same_source_cyclic_next_latent,False
train,reid,60,50,2.0680681700468995e-06,1.078044169844361e-05,0.8081648017867886,2.134009719156893e-06,45,1,1,same_source_cyclic_next_latent,False
train,reid,60,75,5.060751391283702e-06,2.4720842702663504e-05,0.795284026028027,5.31836349182413e-06,45,1,1,same_source_cyclic_next_latent,False
train,reid,60,100,9.546615729050245e-06,4.460650961846113e-05,0.7859815571604548,1.016888018057216e-05,45,1,1,same_source_cyclic_next_latent,False
train,reid,60,125,1.577358489157632e-05,7.057588663883507e-05,0.7765017820846369,1.68714759638533e-05,45,1,1,same_source_cyclic_next_latent,False
train,reid,60,149,2.346378460060805e-05,0.00010132297029485926,0.7684258117154851,2.5169279979309067e-05,45,1,1,same_source_cyclic_next_latent,False
train,reid,60,175,3.3805350540205836e-05,0.00014116728561930358,0.7605298536987439,3.62580904038623e-05,45,1,1,same_source_cyclic_next_latent,False
train,reid,60,199,4.563036054605618e-05,0.00018406144226901233,0.7520916929501955,4.8462294216733426e-05,45,1,1,same_source_cyclic_next_latent,False
train,reid,45,0,8.429936571019425e-08,0.0,,7.269219537420213e-08,43,1,1,same_source_cyclic_next_latent,False
train,reid,45,5,3.328298703308974e-08,1.0940514982848981e-07,0.6957822635838791,4.494109973052218e-08,43,1,1,same_source_cyclic_next_latent,False
train,reid,45,10,5.945464920387167e-08,4.6404014142353844e-07,0.8718760643820977,1.4806448689341778e-07,43,1,1,same_source_cyclic_next_latent,False
train,reid,45,25,3.85969030958222e-07,3.1349377422884572e-06,0.8768814366704232,1.02112994682102e-06,43,1,1,same_source_cyclic_next_latent,False
train,reid,45,50,1.5570940377074294e-06,1.3438479982141871e-05,0.8841316845523735,4.777774393005529e-06,43,1,1,same_source_cyclic_next_latent,False
train,reid,45,75,3.867347004415933e-06,3.1573268643114716e-05,0.8775119849601223,1.1686784091580193e-05,43,1,1,same_source_cyclic_next_latent,False
train,reid,45,100,7.584058494103374e-06,5.785295434179716e-05,0.8689080172242112,2.2149166397866793e-05,43,1,1,same_source_cyclic_next_latent,False
train,reid,45,125,1.2778603377228137e-05,9.246835543308407e-05,0.8618056597051135,3.6260396882425994e-05,43,1,1,same_source_cyclic_next_latent,False
train,reid,45,149,1.9102386431768537e-05,0.00013366823259275407,0.8570910525168114,5.320988566381857e-05,43,1,1,same_source_cyclic_next_latent,False
train,reid,45,175,2.7369653253117576e-05,0.00018724941764958203,0.8538331729055785,7.518324127886444e-05,43,1,1,same_source_cyclic_next_latent,False
train,reid,45,199,3.645242395577952e-05,0.00024507357738912106,0.8512592653025937,9.843205771176144e-05,43,1,1,same_source_cyclic_next_latent,False
train,reid,43,0,5.745209108454219e-08,0.0,,5.9366897176005295e-08,73,1,1,same_source_cyclic_next_latent,False
train,reid,43,5,3.053053143631246e-09,1.0691530860640341e-07,0.9714441908887836,3.0357449887219445e-09,73,1,1,same_source_cyclic_next_latent,False
train,reid,43,10,2.2515768804964864e-08,4.3156654783160775e-07,0.9478278172437261,1.918541059353629e-08,73,1,1,same_source_cyclic_next_latent,False
train,reid,43,25,6.142062147773686e-08,2.7168591714143986e-06,0.9773927842399864,7.145573732714183e-08,73,1,1,same_source_cyclic_next_latent,False
train,reid,43,50,1.2681879013598518e-07,1.0897718311753124e-05,0.988362812608286,2.1102475500356377e-07,73,1,1,same_source_cyclic_next_latent,False
train,reid,43,75,2.436626402868569e-07,2.4548364308429882e-05,0.9900741802090992,4.78315484997438e-07,73,1,1,same_source_cyclic_next_latent,False
train,reid,43,100,4.0384023236583744e-07,4.367970905150287e-05,0.9907545118514945,8.199757530746865e-07,73,1,1,same_source_cyclic_next_latent,False
train,reid,43,125,6.301122539298376e-07,6.829092308180407e-05,0.9907731185127628,1.2343371054157615e-06,73,1,1,same_source_cyclic_next_latent,False
train,reid,43,149,9.337969117950706e-07,9.707405115477741e-05,0.9903805713196598,1.6867697922862135e-06,73,1,1,same_source_cyclic_next_latent,False
train,reid,43,175,1.390054762850923e-06,0.000133975685457699,0.9896245743539054,2.264144086439046e-06,73,1,1,same_source_cyclic_next_latent,False
train,reid,43,199,1.968073775060475e-06,0.00017330388072878122,0.9886437985878661,2.9806371912854956e-06,73,1,1,same_source_cyclic_next_latent,False
train,reid,73,0,6.725879586610972e-08,0.0,,8.308769139375727e-08,85,1,1,same_source_cyclic_next_latent,False
train,reid,73,5,5.368280486806043e-09,1.0321873844532092e-07,0.9479912216748334,9.120133093176719e-09,85,1,1,same_source_cyclic_next_latent,False
train,reid,73,10,9.037091075470016e-09,4.1087471913670015e-07,0.9780052394207702,1.116485837115988e-08,85,1,1,same_source_cyclic_next_latent,False
train,reid,73,25,2.5823590377171968e-08,2.558030018917634e-06,0.9899048915821174,1.8398544909814518e-07,85,1,1,same_source_cyclic_next_latent,False
train,reid,73,50,7.198416085429926e-08,1.0220051990472712e-05,0.9929565758646429,1.137261733674677e-06,85,1,1,same_source_cyclic_next_latent,False
train,reid,73,75,1.5020664534404204e-07,2.298522122146096e-05,0.9934650772382475,3.1361378205474466e-06,85,1,1,same_source_cyclic_next_latent,False
train,reid,73,100,2.642681522502244e-07,4.0849776269169524e-05,0.9935307319553259,6.153694357635686e-06,85,1,1,same_source_cyclic_next_latent,False
train,reid,73,125,4.270181364063319e-07,6.38140772935003e-05,0.993308402244189,1.0004800060414709e-05,85,1,1,same_source_cyclic_next_latent,False
train,reid,73,149,6.442933226935565e-07,9.065200720215216e-05,0.9928926744969166,1.4290927538240794e-05,85,1,1,same_source_cyclic_next_latent,False
train,reid,73,175,9.802039357964532e-07,0.0001250171335414052,0.9921594432056642,1.9509125195327215e-05,85,1,1,same_source_cyclic_next_latent,False
train,reid,73,199,1.4215275996320997e-06,0.0001616336521692574,0.9912052497697477,2.4944511096691713e-05,85,1,1,same_source_cyclic_next_latent,False
train,reid,85,0,8.451400645981266e-08,0.0,,7.256683431933197e-08,60,1,1,same_source_cyclic_next_latent,False
train,reid,85,5,2.725107073331401e-08,9.90699291492092e-08,0.7249309556659602,2.219880812504016e-08,60,1,1,same_source_cyclic_next_latent,False
train,reid,85,10,3.8450234995934807e-08,4.059011473600549e-07,0.9052719233586509,6.070287383863615e-08,60,1,1,same_source_cyclic_next_latent,False
train,reid,85,25,1.8268949020239234e-07,2.6302745936845895e-06,0.930543567336643,5.271311920296284e-07,60,1,1,same_source_cyclic_next_latent,False
train,reid,85,50,7.275501729964162e-07,1.072301711246837e-05,0.9321506097243428,1.3944262491349946e-06,60,1,1,same_source_cyclic_next_latent,False
train,reid,85,75,1.6979023484964273e-06,2.430160930089187e-05,0.9301321024680405,3.2618002023809822e-06,60,1,1,same_source_cyclic_next_latent,False
train,reid,85,100,3.1353681606560713e-06,4.336205529398285e-05,0.9276932760820691,6.788709015381755e-06,60,1,1,same_source_cyclic_next_latent,False
train,reid,85,125,5.0481212383601815e-06,6.791073246859014e-05,0.9256653395588831,1.1816400729003362e-05,60,1,1,same_source_cyclic_next_latent,False
train,reid,85,149,7.33737988412031e-06,9.663699165685102e-05,0.9240727618035269,1.6967875126283616e-05,60,1,1,same_source_cyclic_next_latent,False
train,reid,85,175,1.035528566717403e-05,0.0001334734115516767,0.9224168653008109,2.2293645088211633e-05,60,1,1,same_source_cyclic_next_latent,False
train,reid,85,199,1.3715141903958283e-05,0.00017275374557357281,0.9206087146856261,2.755071545834653e-05,60,1,1,same_source_cyclic_next_latent,False
train,depablo_low_temp,99,0,9.082569363272341e-08,0.0,,1.0735678301898588e-07,145,1,1,same_source_cyclic_next_latent,False
train,depablo_low_temp,99,5,2.4566439549289498e-08,1.005318210900441e-07,0.7556351881133647,2.8256247119884392e-08,145,1,1,same_source_cyclic_next_latent,False
train,depablo_low_temp,99,10,1.479105726787111e-08,4.115541969440528e-07,0.9640604873484455,5.3532801302935695e-08,145,1,1,same_source_cyclic_next_latent,False
train,depablo_low_temp,99,25,7.256567613467269e-08,2.6255513603246072e-06,0.9723617380976691,4.892078777629649e-07,145,1,1,same_source_cyclic_next_latent,False
train,depablo_low_temp,99,50,3.3433224189138855e-07,1.0610699973767623e-05,0.9684910286109358,2.067265540972585e-06,145,1,1,same_source_cyclic_next_latent,False
train,depablo_low_temp,99,75,7.81440292030311e-07,2.4012397261685692e-05,0.9674567981066521,4.738585630548187e-06,145,1,1,same_source_cyclic_next_latent,False
train,depablo_low_temp,99,100,1.4054942312213825e-06,4.2894575017271563e-05,0.967233753204095,8.521701602148823e-06,145,1,1,same_source_cyclic_next_latent,False
train,depablo_low_temp,99,125,2.1921057395957178e-06,6.73249815008603e-05,0.9674399355079257,1.349174817733001e-05,145,1,1,same_source_cyclic_next_latent,False
train,depablo_low_temp,99,149,3.121536337857833e-06,9.607322863303125e-05,0.9675087807261991,1.9424713173066266e-05,145,1,1,same_source_cyclic_next_latent,False
train,depablo_low_temp,99,175,4.371339855424594e-06,0.00013315709657035768,0.9671715592483284,2.709508225962054e-05,145,1,1,same_source_cyclic_next_latent,False
train,depablo_low_temp,99,199,5.8159248510492034e-06,0.00017297302838414907,0.9663766952259584,3.5261051380075514e-05,145,1,1,same_source_cyclic_next_latent,False
train,depablo_low_temp,145,0,1.3413523447525222e-07,0.0,,1.4042674933989474e-07,7,1,1,same_source_cyclic_next_latent,False
train,depablo_low_temp,145,5,3.688875693796945e-08,1.0263002536703425e-07,0.6405656453260659,5.8663701452132955e-08,7,1,1,same_source_cyclic_next_latent,False
train,depablo_low_temp,145,10,2.7165725668965024e-08,4.3361850998735463e-07,0.9373510930846627,5.6193087516476226e-08,7,1,1,same_source_cyclic_next_latent,False
train,depablo_low_temp,145,25,1.9637619175227883e-07,2.8988624762860127e-06,0.9322574998439134,4.568292126805318e-07,7,1,1,same_source_cyclic_next_latent,False
train,depablo_low_temp,145,50,8.576990353503788e-07,1.2047797099512536e-05,0.9288086420890105,2.606544512673281e-06,7,1,1,same_source_cyclic_next_latent,False
train,depablo_low_temp,145,75,2.021666887230822e-06,2.75988695648266e-05,0.9267481995057023,6.6258162405574694e-06,7,1,1,same_source_cyclic_next_latent,False
train,depablo_low_temp,145,100,3.664853466034401e-06,4.965141852153465e-05,0.926188343149856,1.2628095646505244e-05,7,1,1,same_source_cyclic_next_latent,False
train,depablo_low_temp,145,125,5.7995025599666405e-06,7.831659604562446e-05,0.9259479745954733,2.0648336430895142e-05,7,1,1,same_source_cyclic_next_latent,False
train,depablo_low_temp,145,149,8.374076060135849e-06,0.00011215145786991343,0.9253324368743463,3.021494012500625e-05,7,1,1,same_source_cyclic_next_latent,False
train,depablo_low_temp,145,175,1.1839084436360281e-05,0.0001558988878969103,0.9240592117360773,4.253143924870528e-05,7,1,1,same_source_cyclic_next_latent,False
train,depablo_low_temp,145,199,1.5784058632561937e-05,0.00020291323016863316,0.9222127674009012,5.541854989132844e-05,7,1,1,same_source_cyclic_next_latent,False
train,depablo_low_temp,7,0,8.780362037441591e-08,0.0,,5.572397299147269e-08,133,1,1,same_source_cyclic_next_latent,False
train,depablo_low_temp,7,5,2.252348174636154e-08,1.011753809621041e-07,0.7773817945415213,2.1532432725734907e-08,133,1,1,same_source_cyclic_next_latent,False
train,depablo_low_temp,7,10,2.272527410696057e-08,4.1584544874240237e-07,0.9453516344216674,1.0716046716652272e-07,133,1,1,same_source_cyclic_next_latent,False
train,depablo_low_temp,7,25,1.3121167796725786e-07,2.653020374054904e-06,0.9505425290923369,7.703860660512873e-07,133,1,1,same_source_cyclic_next_latent,False
train,depablo_low_temp,7,50,5.066004860054818e-07,1.0714314157667104e-05,0.9527174134946416,2.9990110306243878e-06,133,1,1,same_source_cyclic_next_latent,False
train,depablo_low_temp,7,75,1.1470735898910789e-06,2.4235781893366948e-05,0.9526702462112427,6.855917035863968e-06,133,1,1,same_source_cyclic_next_latent,False
train,depablo_low_temp,7,100,2.0259651591914007e-06,4.327576607465744e-05,0.9531847649861057,1.2321454960328992e-05,133,1,1,same_source_cyclic_next_latent,False
train,depablo_low_temp,7,125,3.1388478873850545e-06,6.790105544496328e-05,0.9537732091671355,1.9469011022010818e-05,133,1,1,same_source_cyclic_next_latent,False
train,depablo_low_temp,7,149,4.444733804120915e-06,9.687045530881733e-05,0.9541167243412725,2.802856033667922e-05,133,1,1,same_source_cyclic_next_latent,False
train,depablo_low_temp,7,175,6.161738838272868e-06,0.0001342045870842412,0.9540869729407602,3.9245383959496394e-05,133,1,1,same_source_cyclic_next_latent,False
train,depablo_low_temp,7,199,8.087451533356216e-06,0.0001742498279782012,0.9535870328987185,5.144727401784621e-05,133,1,1,same_source_cyclic_next_latent,False
train,depablo_low_temp,133,0,1.1867377480712094e-07,0.0,,1.7571898069945746e-07,198,1,1,same_source_cyclic_next_latent,False
train,depablo_low_temp,133,5,2.29328644962834e-08,1.0488408719311337e-07,0.7813503925141738,9.010576462742392e-08,198,1,1,same_source_cyclic_next_latent,False
train,depablo_low_temp,133,10,4.609843617942033e-09,4.206289361263771e-07,0.9890405932116924,1.5193836588878185e-07,198,1,1,same_source_cyclic_next_latent,False
train,depablo_low_temp,133,25,3.731101472226328e-08,2.6371496915089665e-06,0.985851764561414,1.2446370192265022e-06,198,1,1,same_source_cyclic_next_latent,False
train,depablo_low_temp,133,50,9.840848491649012e-08,1.056383189279586e-05,0.9906843950268083,6.034310899849515e-06,198,1,1,same_source_cyclic_next_latent,False
train,depablo_low_temp,133,75,2.1564181906796875e-07,2.3784537916071713e-05,0.990933529176438,1.4177083357935771e-05,198,1,1,same_source_cyclic_next_latent,False
train,depablo_low_temp,133,100,3.7520240425692464e-07,4.23004494223278e-05,0.9911300610423567,2.6266094209859148e-05,198,1,1,same_source_cyclic_next_latent,False
train,depablo_low_temp,133,125,5.931855753260606e-07,6.611568096559495e-05,0.9910280652537673,4.2586700146785006e-05,198,1,1,same_source_cyclic_next_latent,False
train,depablo_low_temp,133,149,8.960339528130135e-07,9.396969107910991e-05,0.9904646493723315,6.184173980727792e-05,198,1,1,same_source_cyclic_next_latent,False
train,depablo_low_temp,133,175,1.3824732150169439e-06,0.0001296565606025979,0.9893374218119646,8.575894753448665e-05,198,1,1,same_source_cyclic_next_latent,False
train,depablo_low_temp,133,199,2.034574208664708e-06,0.00016769676585681736,0.9878675405678254,0.00010970669973175973,198,1,1,same_source_cyclic_next_latent,False
train,depablo_low_temp,198,0,1.2379740610413137e-07,0.0,,1.072152713277319e-07,99,1,1,same_source_cyclic_next_latent,False
train,depablo_low_temp,198,5,3.3569648394404794e-08,1.0731390176488276e-07,0.687182668393201,3.739400611380006e-08,99,1,1,same_source_cyclic_next_latent,False
train,depablo_low_temp,198,10,2.6684119802666828e-08,4.575125842620764e-07,0.9416756593794994,5.050772244885593e-08,99,1,1,same_source_cyclic_next_latent,False
train,depablo_low_temp,198,25,1.8317150818347727e-07,3.006710130648571e-06,0.9390790930205282,3.6223053712092224e-07,99,1,1,same_source_cyclic_next_latent,False
train,depablo_low_temp,198,50,7.462130042767967e-07,1.2325030184001662e-05,0.9394554826124963,1.6056616232162924e-06,99,1,1,same_source_cyclic_next_latent,False
train,depablo_low_temp,198,75,1.7411661019650637e-06,2.8102962460252456e-05,0.9380433253459421,3.675753305287799e-06,99,1,1,same_source_cyclic_next_latent,False
train,depablo_low_temp,198,100,3.1822339678910794e-06,5.048274033470079e-05,0.9369639217920253,6.665153250651201e-06,99,1,1,same_source_cyclic_next_latent,False
train,depablo_low_temp,198,125,5.146177045389777e-06,7.960081711644307e-05,0.9353501982540988,1.0654773177520838e-05,99,1,1,same_source_cyclic_next_latent,False
train,depablo_low_temp,198,149,7.563851340819383e-06,0.00011402370728319511,0.9336642219320811,1.5503914255532436e-05,99,1,1,same_source_cyclic_next_latent,False
train,depablo_low_temp,198,175,1.0752204616437666e-05,0.00015858883853070438,0.9322007480724696,2.1935440599918365e-05,99,1,1,same_source_cyclic_next_latent,False
train,depablo_low_temp,198,199,1.4215332157618832e-05,0.00020657408458646387,0.9311853072660291,2.9001814255025238e-05,99,1,1,same_source_cyclic_next_latent,False
train,lj_noisy,178,0,1.632644739402167e-07,0.0,,2.2900049145846424e-07,199,1,1,same_source_cyclic_next_latent,False
train,lj_noisy,178,5,5.1396877864817725e-08,8.898146575120336e-08,0.4223867023215152,1.2784333591753239e-07,199,1,1,same_source_cyclic_next_latent,False
train,lj_noisy,178,10,2.779045082945686e-08,3.5017228583456017e-07,0.9206377775921807,1.1030057578409469e-07,199,1,1,same_source_cyclic_next_latent,False
train,lj_noisy,178,25,2.958957736609591e-07,2.1434675545606297e-06,0.8619546290629008,5.663483761964017e-07,199,1,1,same_source_cyclic_next_latent,False
train,lj_noisy,178,50,1.6036581200751243e-06,8.785852514847647e-06,0.8174726792459783,3.2498451218998525e-06,199,1,1,same_source_cyclic_next_latent,False
train,lj_noisy,178,75,4.053954398841597e-06,2.023533670580946e-05,0.7996596519356296,7.619778443768155e-06,199,1,1,same_source_cyclic_next_latent,False
train,lj_noisy,178,100,7.337782335525844e-06,3.592209759517573e-05,0.7957306831516627,1.3150982340448536e-05,199,1,1,same_source_cyclic_next_latent,False
train,lj_noisy,178,125,1.1458364497229923e-05,5.6316977861570194e-05,0.7965380080338272,2.013336052186787e-05,199,1,1,same_source_cyclic_next_latent,False
train,lj_noisy,178,149,1.5460944268852472e-05,8.071761840255931e-05,0.8084563869099208,2.6403835363453254e-05,199,1,1,same_source_cyclic_next_latent,False
train,lj_noisy,178,175,1.9876082660630345e-05,0.00011241415631957352,0.8231887930188599,3.263417966081761e-05,199,1,1,same_source_cyclic_next_latent,False
train,lj_noisy,178,199,2.458567905705422e-05,0.00014669761003460735,0.8324057286873711,3.85045277653262e-05,199,1,1,same_source_cyclic_next_latent,False
train,lj_noisy,199,0,1.8130251078218862e-07,0.0,,1.2922745895593835e-07,42,1,1,same_source_cyclic_next_latent,False
train,lj_noisy,199,5,7.53093374328273e-08,9.910389309197853e-08,0.2400970831394832,2.89209793891132e-08,42,1,1,same_source_cyclic_next_latent,False
train,lj_noisy,199,10,5.0575234666894175e-08,4.1158244812322664e-07,0.8771200402312781,3.626768219078258e-08,42,1,1,same_source_cyclic_next_latent,False
train,lj_noisy,199,25,2.8612919322767993e-07,2.667711441972642e-06,0.892743574613864,4.137472160437028e-07,42,1,1,same_source_cyclic_next_latent,False
train,lj_noisy,199,50,1.7166479437946691e-06,1.0994632248184644e-05,0.8438649056153642,1.8314696035304223e-06,42,1,1,same_source_cyclic_next_latent,False
train,lj_noisy,199,75,4.736411938210949e-06,2.538395165174734e-05,0.8134091963618709,5.046648766438011e-06,42,1,1,same_source_cyclic_next_latent,False
train,lj_noisy,199,100,9.692662388260942e-06,4.609454845194705e-05,0.7897221534046392,1.0458697033755016e-05,42,1,1,same_source_cyclic_next_latent,False
train,lj_noisy,199,125,1.554701702843886e-05,7.323205500142649e-05,0.787702024364385,1.6757547200541012e-05,42,1,1,same_source_cyclic_next_latent,False
train,lj_noisy,199,149,2.1468085833475925e-05,0.00010478922195034102,0.7951307831672849,2.307335307705216e-05,42,1,1,same_source_cyclic_next_latent,False
train,lj_noisy,199,175,2.8903430575155653e-05,0.00014562370779458433,0.8015197455628131,3.084677882725373e-05,42,1,1,same_source_cyclic_next_latent,False
train,lj_noisy,199,199,3.72787872038316e-05,0.00019014337158296257,0.8039437983376335,3.96104296669364e-05,42,1,1,same_source_cyclic_next_latent,False
train,lj_noisy,42,0,1.7226881254828186e-07,0.0,,2.7098298005512333e-07,102,1,1,same_source_cyclic_next_latent,False
train,lj_noisy,42,5,5.452973539377126e-08,9.799599354209931e-08,0.4435513797781421,1.4103781609264843e-07,102,1,1,same_source_cyclic_next_latent,False
train,lj_noisy,42,10,3.023538752700006e-08,4.02869886784174e-07,0.9249499937353277,9.845215487302994e-08,102,1,1,same_source_cyclic_next_latent,False
train,lj_noisy,42,25,2.464524584411265e-07,2.6836687538889237e-06,0.9081658427166205,3.380941109298874e-07,102,1,1,same_source_cyclic_next_latent,False
train,lj_noisy,42,50,1.1170412790306727e-06,1.129412430600496e-05,0.9010953617327592,2.2797926249040756e-06,102,1,1,same_source_cyclic_next_latent,False
train,lj_noisy,42,75,2.608468776088557e-06,2.5744931917870417e-05,0.8986803000912995,6.096652668929892e-06,102,1,1,same_source_cyclic_next_latent,False
train,lj_noisy,42,100,4.8375227379438e-06,4.618121238308959e-05,0.895249117805422,1.0996301170962397e-05,102,1,1,same_source_cyclic_next_latent,False
train,lj_noisy,42,125,7.550220743723912e-06,7.250723137985915e-05,0.8958694105396335,1.5849205738049932e-05,102,1,1,same_source_cyclic_next_latent,False
train,lj_noisy,42,149,1.0516075235500466e-05,0.0001034081433317624,0.8983051537656764,2.005064561672043e-05,102,1,1,same_source_cyclic_next_latent,False
train,lj_noisy,42,175,1.4378399100678507e-05,0.00014329282566905022,0.8996572296376727,2.48316973738838e-05,102,1,1,same_source_cyclic_next_latent,False
train,lj_noisy,42,199,1.8482913219486363e-05,0.00018602452473714948,0.9006425994335827,3.0013998184585944e-05,102,1,1,same_source_cyclic_next_latent,False
train,lj_noisy,102,0,1.6838571070820763e-07,0.0,,1.6675956260314706e-07,99,1,1,same_source_cyclic_next_latent,False
train,lj_noisy,102,5,6.133747376679821e-08,1.047859115033134e-07,0.4146400705322043,5.956123061423568e-08,99,1,1,same_source_cyclic_next_latent,False
train,lj_noisy,102,10,5.755351040193091e-08,4.6877312342985533e-07,0.8772252342864044,5.000456582138213e-08,99,1,1,same_source_cyclic_next_latent,False
train,lj_noisy,102,25,4.055218312259967e-07,3.25413498103444e-06,0.8753826028762066,3.8534304280801734e-07,99,1,1,same_source_cyclic_next_latent,False
train,lj_noisy,102,50,1.8208161236543674e-06,1.3549693903769366e-05,0.8656193906234415,1.8238906704937108e-06,99,1,1,same_source_cyclic_next_latent,False
train,lj_noisy,102,75,4.5391770981950685e-06,3.12767515424639e-05,0.8548705708125632,4.592270215653116e-06,99,1,1,same_source_cyclic_next_latent,False
train,lj_noisy,102,100,8.504864126734901e-06,5.606986815109849e-05,0.8483166733366345,8.701553269929718e-06,99,1,1,same_source_cyclic_next_latent,False
train,lj_noisy,102,125,1.3831022442900576e-05,8.798276394372806e-05,0.8427985002636811,1.4402241504285485e-05,99,1,1,same_source_cyclic_next_latent,False
train,lj_noisy,102,149,2.0336274246801622e-05,0.00012481326120905578,0.8370663978346066,2.1584492060355842e-05,99,1,1,same_source_cyclic_next_latent,False
train,lj_noisy,102,175,2.8975613531656563e-05,0.0001706574548734352,0.8302118500879685,3.1240491807693616e-05,99,1,1,same_source_cyclic_next_latent,False
train,lj_noisy,102,199,3.922759788110852e-05,0.00021850221673958004,0.8204704809568976,4.239681948092766e-05,99,1,1,same_source_cyclic_next_latent,False
train,lj_noisy,99,0,1.7577151822933956e-07,0.0,,1.142979400015065e-07,178,1,1,same_source_cyclic_next_latent,False
train,lj_noisy,99,5,7.857850903292274e-08,8.34548146144698e-08,0.05843048845143062,2.94013862145448e-08,178,1,1,same_source_cyclic_next_latent,False
train,lj_noisy,99,10,5.647388690022126e-08,3.481648036540719e-07,0.837795531577246,3.729805087004934e-08,178,1,1,same_source_cyclic_next_latent,False
train,lj_noisy,99,25,2.8536882723528834e-07,2.3629713723494206e-06,0.879233057761696,5.26149221968808e-07,178,1,1,same_source_cyclic_next_latent,False
train,lj_noisy,99,50,1.4472092288997374e-06,9.879052413452882e-06,0.8535072830538901,2.42654846260848e-06,178,1,1,same_source_cyclic_next_latent,False
train,lj_noisy,99,75,3.7365846310422057e-06,2.2769198039895855e-05,0.8358930066621135,5.732724730478367e-06,178,1,1,same_source_cyclic_next_latent,False
train,lj_noisy,99,100,7.502214430132881e-06,4.133538095629774e-05,0.8185038033624348,1.0622874469845556e-05,178,1,1,same_source_cyclic_next_latent,False
train,lj_noisy,99,125,1.322736352449283e-05,6.574357394129038e-05,0.7988037045825196,1.7262078472413123e-05,178,1,1,same_source_cyclic_next_latent,False
train,lj_noisy,99,149,2.1415395167423412e-05,9.555911674397066e-05,0.7758937514585742,2.600294646981638e-05,178,1,1,same_source_cyclic_next_latent,False
train,lj_noisy,99,175,3.382151771802455e-05,0.0001350232632830739,0.7495134031302566,3.900221054209396e-05,178,1,1,same_source_cyclic_next_latent,False
train,lj_noisy,99,199,4.670047201216221e-05,0.0001759650040185079,0.7346036373957047,5.253584822639823e-05,178,1,1,same_source_cyclic_next_latent,False
validation,reid,41,0,7.945796909325509e-08,0.0,,1.0410574446950704e-07,49,1,1,same_source_cyclic_next_latent,False
validation,reid,41,5,2.706215873615747e-08,1.1149158041234841e-07,0.7572717272813888,5.286172566343339e-08,49,1,1,same_source_cyclic_next_latent,False
validation,reid,41,10,5.129000157921837e-08,4.7308003559010103e-07,0.8915828237916629,7.867348728041179e-08,49,1,1,same_source_cyclic_next_latent,False
validation,reid,41,25,3.4742572552204365e-07,3.1498402677243575e-06,0.8897005257434702,4.824375423595484e-07,49,1,1,same_source_cyclic_next_latent,False
validation,reid,41,50,1.6555135289308964e-06,1.3119908544467762e-05,0.8738166868069387,1.920569502544822e-06,49,1,1,same_source_cyclic_next_latent,False
validation,reid,41,75,4.283118414605269e-06,3.0207520467229187e-05,0.858210195727523,4.645203262043651e-06,49,1,1,same_source_cyclic_next_latent,False
validation,reid,41,100,8.452901965938509e-06,5.462400440592319e-05,0.8452529788346694,9.233267519448418e-06,49,1,1,same_source_cyclic_next_latent,False
validation,reid,41,125,1.428716495865956e-05,8.655185956740752e-05,0.834929428090074,1.565623824717477e-05,49,1,1,same_source_cyclic_next_latent,False
validation,reid,41,149,2.1469097191584297e-05,0.00012444172170944512,0.8274766943379988,2.2698732209391892e-05,49,1,1,same_source_cyclic_next_latent,False
validation,reid,41,175,3.1077412131708115e-05,0.00017371567082591355,0.8211018500291096,3.168121475027874e-05,49,1,1,same_source_cyclic_next_latent,False
validation,reid,41,199,4.201058982289396e-05,0.000227016702410765,0.8149449385143486,4.223608993925154e-05,49,1,1,same_source_cyclic_next_latent,False
validation,reid,49,0,6.669917951285242e-08,0.0,,6.429812060559925e-08,25,1,1,same_source_cyclic_next_latent,False
validation,reid,49,5,2.5392887792463625e-08,1.0523766036385496e-07,0.7587091189155218,2.7146084491391775e-08,25,1,1,same_source_cyclic_next_latent,False
validation,reid,49,10,7.174718774649591e-08,4.594179756622907e-07,0.843830255785995,1.0369711844759877e-07,25,1,1,same_source_cyclic_next_latent,False
validation,reid,49,25,6.99192241881974e-07,3.2462357921758667e-06,0.7846144622127638,9.581196991348406e-07,25,1,1,same_source_cyclic_next_latent,False
validation,reid,49,50,3.731111064553261e-06,1.4092956007516477e-05,0.7352499317699372,4.093003553862218e-06,25,1,1,same_source_cyclic_next_latent,False
validation,reid,49,75,9.492521712672897e-06,3.3031355997081846e-05,0.7126208892692292,1.0311175174138043e-05,25,1,1,same_source_cyclic_next_latent,False
validation,reid,49,100,1.7834310710895807e-05,6.0234524426050484e-05,0.7039187927383594,1.9514071027515456e-05,25,1,1,same_source_cyclic_next_latent,False
validation,reid,49,125,2.8773305530194193e-05,9.579287143424153e-05,0.6996299923011906,3.157140963594429e-05,25,1,1,same_source_cyclic_next_latent,False
validation,reid,49,149,4.191776679363102e-05,0.0001378952874802053,0.6960174088643293,4.5225475332699716e-05,25,1,1,same_source_cyclic_next_latent,False
validation,reid,49,175,5.9554447943810374e-05,0.00019256462110206485,0.6907300645208094,6.186786777107045e-05,25,1,1,same_source_cyclic_next_latent,False
validation,reid,49,199,7.977628411026672e-05,0.0002518006949685514,0.6831768708174917,8.000220987014472e-05,25,1,1,same_source_cyclic_next_latent,False
validation,reid,25,0,5.740137964949099e-08,0.0,,4.728370583961805e-08,93,1,1,same_source_cyclic_next_latent,False
validation,reid,25,5,3.201013498710381e-08,1.0530127525498756e-07,0.6960137955633385,4.5947910365384814e-08,93,1,1,same_source_cyclic_next_latent,False
validation,reid,25,10,1.240722724560328e-07,4.6677956788698793e-07,0.7341951512194896,2.2496467977362045e-07,93,1,1,same_source_cyclic_next_latent,False
validation,reid,25,25,9.974844488169765e-07,3.385780473763589e-06,0.7053900994035252,1.710458604975429e-06,93,1,1,same_source_cyclic_next_latent,False
validation,reid,25,50,3.976991592935519e-06,1.4759227269678377e-05,0.7305420182053892,7.621031272719847e-06,93,1,1,same_source_cyclic_next_latent,False
validation,reid,25,75,9.592400601832196e-06,3.434355676290579e-05,0.7206928604380058,1.8028569684247486e-05,93,1,1,same_source_cyclic_next_latent,False
validation,reid,25,100,1.780043021426536e-05,6.215853500179946e-05,0.7136285433086536,3.296704016975127e-05,93,1,1,same_source_cyclic_next_latent,False
validation,reid,25,125,2.874156052712351e-05,9.824951848713681e-05,0.7074635991128397,5.2496776334010065e-05,93,1,1,same_source_cyclic_next_latent,False
validation,reid,25,149,4.1769864765228704e-05,0.0001407447998644784,0.7032226781703591,7.561188249383122e-05,93,1,1,same_source_cyclic_next_latent,False
validation,reid,25,175,5.87151589570567e-05,0.00019554639584384859,0.6997379639564257,0.00010552997991908342,93,1,1,same_source_cyclic_next_latent,False
validation,reid,25,199,7.793604163452983e-05,0.00025431934045627713,0.6935504728240334,0.00013773544924333692,93,1,1,same_source_cyclic_next_latent,False
validation,reid,93,0,9.564821823460079e-08,0.0,,1.1151254852848069e-07,84,1,1,same_source_cyclic_next_latent,False
validation,reid,93,5,1.324305642924628e-08,1.0514619930290792e-07,0.8740510211777095,2.1320246901268547e-08,84,1,1,same_source_cyclic_next_latent,False
validation,reid,93,10,1.3022674494322928e-08,4.2241856590408133e-07,0.9691711597324063,7.39631333956936e-09,84,1,1,same_source_cyclic_next_latent,False
validation,reid,93,25,6.027180887713257e-08,2.6625341433828e-06,0.9773629911838215,7.931782874948112e-08,84,1,1,same_source_cyclic_next_latent,False
validation,reid,93,50,2.023210470269987e-07,1.0701617611630354e-05,0.9810943490629753,4.4840689383818244e-07,84,1,1,same_source_cyclic_next_latent,False
validation,reid,93,75,4.822903179046989e-07,2.4128486984409392e-05,0.980011580576257,1.1757861102523748e-06,84,1,1,same_source_cyclic_next_latent,False
validation,reid,93,100,8.94816366781015e-07,4.294652535463683e-05,0.9791644059818123,2.282284413013258e-06,84,1,1,same_source_cyclic_next_latent,False
validation,reid,93,125,1.4495961977445404e-06,6.716716598020867e-05,0.9784180830530846,3.73339344150736e-06,84,1,1,same_source_cyclic_next_latent,False
validation,reid,93,149,2.131600240318221e-06,9.55089635681361e-05,0.9776816734190866,5.440591849037446e-06,84,1,1,same_source_cyclic_next_latent,False
validation,reid,93,175,3.0703761240147287e-06,0.0001318353315582499,0.9767105214685328,7.653927241335623e-06,84,1,1,same_source_cyclic_next_latent,False
validation,reid,93,199,4.179129973636009e-06,0.00017057791410479695,0.9755001695526156,1.011816129903309e-05,84,1,1,same_source_cyclic_next_latent,False
validation,reid,84,0,9.677842172095552e-08,0.0,,8.09123861245098e-08,96,1,1,same_source_cyclic_next_latent,False
validation,reid,84,5,2.6455452939444513e-08,9.34500405946892e-08,0.7169027132456057,1.3437450263609207e-08,96,1,1,same_source_cyclic_next_latent,False
validation,reid,84,10,2.1002087180477247e-08,3.706644804424286e-07,0.9433393586690342,1.0305565290025243e-08,96,1,1,same_source_cyclic_next_latent,False
validation,reid,84,25,7.181859018601244e-08,2.3013249119685497e-06,0.9687925030435711,5.338126385368014e-08,96,1,1,same_source_cyclic_next_latent,False
validation,reid,84,50,2.5713953277772816e-07,9.18923342396738e-06,0.9720173031945128,2.59124732338023e-07,96,1,1,same_source_cyclic_next_latent,False
validation,reid,84,75,5.598282655228104e-07,2.066570050374139e-05,0.9729102690992034,6.799874086027557e-07,96,1,1,same_source_cyclic_next_latent,False
validation,reid,84,100,1.016724695546145e-06,3.673380706459284e-05,0.972321826219691,1.3405611980488175e-06,96,1,1,same_source_cyclic_next_latent,False
validation,reid,84,125,1.6241938283201307e-06,5.7396227930439636e-05,0.971702080661319,2.2301662738755113e-06,96,1,1,same_source_cyclic_next_latent,False
validation,reid,84,149,2.35593029174197e-06,8.155551040545106e-05,0.9711125553622371,3.2529101190448273e-06,96,1,1,same_source_cyclic_next_latent,False
validation,reid,84,175,3.3326405173284e-06,0.00011250645911786705,0.9703782294504801,4.49150047643343e-06,96,1,1,same_source_cyclic_next_latent,False
validation,reid,84,199,4.440130396687891e-06,0.0001454888260923326,0.9694812961521181,5.737807441619225e-06,96,1,1,same_source_cyclic_next_latent,False
validation,reid,96,0,8.721340094552943e-08,0.0,,9.242394582997804e-08,97,1,1,same_source_cyclic_next_latent,False
validation,reid,96,5,1.6792585100233737e-08,1.03322996380939e-07,0.8374748537264486,2.3095068968359556e-08,97,1,1,same_source_cyclic_next_latent,False
validation,reid,96,10,1.7363477766707547e-08,4.142063971812604e-07,0.9580801313430485,2.5734975039881647e-08,97,1,1,same_source_cyclic_next_latent,False
validation,reid,96,25,7.319449224496566e-08,2.595082605694188e-06,0.9717949278052419,1.1068071614772634e-07,97,1,1,same_source_cyclic_next_latent,False
validation,reid,96,50,2.9815578272973653e-07,1.0409034985059407e-05,0.9713560591200151,4.512569660164445e-07,97,1,1,same_source_cyclic_next_latent,False
validation,reid,96,75,7.050634280858503e-07,2.3453274479834363e-05,0.9699375271162208,1.0252040283376118e-06,97,1,1,same_source_cyclic_next_latent,False
validation,reid,96,100,1.2849916402046802e-06,4.173463457846083e-05,0.969210425509084,1.8549719698057743e-06,97,1,1,same_source_cyclic_next_latent,False
validation,reid,96,125,2.042556843662169e-06,6.525538628920913e-05,0.9686990306882922,2.9752773116342723e-06,97,1,1,same_source_cyclic_next_latent,False
validation,reid,96,149,2.952252089016838e-06,9.276856144424528e-05,0.9681761574928467,4.378773155622184e-06,97,1,1,same_source_cyclic_next_latent,False
validation,reid,96,175,4.171637556282803e-06,0.0001280317228520289,0.9674171567533765,6.327597475319635e-06,97,1,1,same_source_cyclic_next_latent,False
validation,reid,96,199,5.574799160967814e-06,0.00016562770179007202,0.9663413843172581,8.577849257562775e-06,97,1,1,same_source_cyclic_next_latent,False
validation,reid,97,0,8.731532119554686e-08,0.0,,9.402143064107804e-08,13,1,1,same_source_cyclic_next_latent,False
validation,reid,97,5,1.5320614110692077e-08,1.0388254167992272e-07,0.8525198376653401,2.4872411685805673e-08,13,1,1,same_source_cyclic_next_latent,False
validation,reid,97,10,1.2382654901443857e-08,4.131814819174906e-07,0.9700309538462893,5.016914883526624e-08,13,1,1,same_source_cyclic_next_latent,False
validation,reid,97,25,3.8128614932020355e-08,2.567076535342494e-06,0.9851470673323991,4.960429009770451e-07,13,1,1,same_source_cyclic_next_latent,False
validation,reid,97,50,1.154537727643401e-07,1.0246058991469909e-05,0.9887318848290393,1.6392790485042497e-06,13,1,1,same_source_cyclic_next_latent,False
validation,reid,97,75,2.6419940013511223e-07,2.3035410777083598e-05,0.9885307276396413,3.433852953094174e-06,13,1,1,same_source_cyclic_next_latent,False
validation,reid,97,100,4.879432822235685e-07,4.093155075679533e-05,0.988079042371915,5.990100362396333e-06,13,1,1,same_source_cyclic_next_latent,False
validation,reid,97,125,7.999713602657721e-07,6.392442446667701e-05,0.987485669727339,9.404968295712024e-06,13,1,1,same_source_cyclic_next_latent,False
validation,reid,97,149,1.2041473382851109e-06,9.079395385924727e-05,0.9867375823267722,1.3515496902982704e-05,13,1,1,same_source_cyclic_next_latent,False
validation,reid,97,175,1.7919708170666127e-06,0.0001251927751582116,0.9856863080572978,1.881607386167161e-05,13,1,1,same_source_cyclic_next_latent,False
validation,reid,97,199,2.521596798032988e-06,0.00016182287072297186,0.9844175499620832,2.4512119125574827e-05,13,1,1,same_source_cyclic_next_latent,False
validation,reid,13,0,6.863543688950813e-08,0.0,,6.436006572130282e-08,28,1,1,same_source_cyclic_next_latent,False
validation,reid,13,5,2.502998874831519e-08,9.996369954023976e-08,0.7496092195123338,2.046456337723157e-08,28,1,1,same_source_cyclic_next_latent,False
validation,reid,13,10,6.34940064969669e-08,4.0348717789129296e-07,0.8426368668546058,5.4287266237906806e-08,28,1,1,same_source_cyclic_next_latent,False
validation,reid,13,25,5.374436682359374e-07,2.6054560748889344e-06,0.793723765518155,4.921016056869121e-07,28,1,1,same_source_cyclic_next_latent,False
validation,reid,13,50,2.2657211502519203e-06,1.0772148925752845e-05,0.7896686013284416,2.52058475780359e-06,28,1,1,same_source_cyclic_next_latent,False
validation,reid,13,75,5.391385457187425e-06,2.473311178619042e-05,0.7820175033455486,7.1204644882527646e-06,28,1,1,same_source_cyclic_next_latent,False
validation,reid,13,100,1.0062903129437473e-05,4.4647022150456905e-05,0.7746119977380285,1.5381312550744042e-05,28,1,1,same_source_cyclic_next_latent,False
validation,reid,13,125,1.6404483176302165e-05,7.067642582114786e-05,0.7678931413734054,2.663895793375559e-05,28,1,1,same_source_cyclic_next_latent,False
validation,reid,13,149,2.4180573745979927e-05,0.00010157931683352217,0.7619537667731183,3.7879948649788275e-05,28,1,1,same_source_cyclic_next_latent,False
validation,reid,13,175,3.459471190581098e-05,0.00014179330901242793,0.75602013842008,4.880610140389763e-05,28,1,1,same_source_cyclic_next_latent,False
validation,reid,13,199,4.6236080379458144e-05,0.0001853152789408341,0.750500440958136,5.850032903254032e-05,28,1,1,same_source_cyclic_next_latent,False
validation,reid,28,0,7.702995930003453e-08,0.0,,8.901375991854366e-08,52,1,1,same_source_cyclic_next_latent,False
validation,reid,28,5,2.7794811785497586e-08,1.0269551609098926e-07,0.7293473674072478,6.004498942502323e-08,52,1,1,same_source_cyclic_next_latent,False
validation,reid,28,10,5.727916985165393e-08,4.423241932727251e-07,0.8705040992041393,1.5348101101153588e-07,52,1,1,same_source_cyclic_next_latent,False
validation,reid,28,25,4.719071000636177e-07,3.113214461336611e-06,0.848418056023994,1.1078458328483975e-06,52,1,1,same_source_cyclic_next_latent,False
validation,reid,28,50,2.416578581687645e-06,1.358427107334137e-05,0.8221046555504851,5.0256153372174595e-06,52,1,1,same_source_cyclic_next_latent,False
validation,reid,28,75,6.939415015949635e-06,3.200078208465129e-05,0.7831485806317833,1.1972172615060117e-05,52,1,1,same_source_cyclic_next_latent,False
validation,reid,28,100,1.4773719158256426e-05,5.867032814421691e-05,0.7481909574130674,2.22320686589228e-05,52,1,1,same_source_cyclic_next_latent,False
validation,reid,28,125,2.4588605811004527e-05,9.386183228343725e-05,0.7380340313754625,3.5991590266348794e-05,52,1,1,same_source_cyclic_next_latent,False
validation,reid,28,149,3.356496017659083e-05,0.00013590285379905254,0.7530224035896969,5.2579624025383964e-05,52,1,1,same_source_cyclic_next_latent,False
validation,reid,28,175,4.221517883706838e-05,0.00019086066458839923,0.778816767047796,7.435132283717394e-05,52,1,1,same_source_cyclic_next_latent,False
validation,reid,28,199,5.132089791004546e-05,0.000250564597081393,0.795178973774278,9.813436918193474e-05,52,1,1,same_source_cyclic_next_latent,False
validation,reid,52,0,6.202415647749149e-08,0.0,,6.064092872293259e-08,59,1,1,same_source_cyclic_next_latent,False
validation,reid,52,5,8.087255309874308e-09,1.0380210113680732e-07,0.9220896762078485,6.4418244072328434e-09,59,1,1,same_source_cyclic_next_latent,False
validation,reid,52,10,1.2196823107046839e-08,4.140581495448714e-07,0.9705432120574043,7.659804346360488e-09,59,1,1,same_source_cyclic_next_latent,False
validation,reid,52,25,3.7648291595360206e-08,2.5844267383945407e-06,0.9854326334594621,4.206620474178635e-08,59,1,1,same_source_cyclic_next_latent,False
validation,reid,52,50,1.4741422660335957e-07,1.0333380487281829e-05,0.9857341722019435,1.8086353748003603e-07,59,1,1,same_source_cyclic_next_latent,False
validation,reid,52,75,3.370777221789467e-07,2.3241327653522603e-05,0.9854966236351022,4.4374897356647125e-07,59,1,1,same_source_cyclic_next_latent,False
validation,reid,52,100,6.180494551699667e-07,4.1306804632768035e-05,0.9850375873741714,8.626560088487167e-07,59,1,1,same_source_cyclic_next_latent,False
validation,reid,52,125,1.0000030670198612e-06,6.4523694163654e-05,0.9845017697764868,1.438710569345858e-06,59,1,1,same_source_cyclic_next_latent,False
validation,reid,52,149,1.4783172446186654e-06,9.165598748950288e-05,0.9838710237583991,2.142357061529765e-06,59,1,1,same_source_cyclic_next_latent,False
validation,reid,52,175,2.1516434571822174e-06,0.0001263997401110828,0.982977469294705,3.113751063210657e-06,59,1,1,same_source_cyclic_next_latent,False
validation,reid,52,199,2.99193288810784e-06,0.00016340739966835827,0.9816903463724403,4.316340437071631e-06,59,1,1,same_source_cyclic_next_latent,False
validation,reid,59,0,6.210642311543779e-08,0.0,,6.895830750863752e-08,57,1,1,same_source_cyclic_next_latent,False
validation,reid,59,5,1.1002607713805901e-08,1.0051899579366363e-07,0.8905420052505193,1.2636494517437313e-08,57,1,1,same_source_cyclic_next_latent,False
validation,reid,59,10,1.3974142731854045e-08,4.096098109585e-07,0.9658842577545833,8.511807259026227e-09,57,1,1,same_source_cyclic_next_latent,False
validation,reid,59,25,5.8583260909017554e-08,2.5966930934373522e-06,0.9774392818862284,5.2606608846872405e-08,57,1,1,same_source_cyclic_next_latent,False
validation,reid,59,50,2.43617677142538e-07,1.0445361112942919e-05,0.9766769502261947,2.6891623861047265e-07,57,1,1,same_source_cyclic_next_latent,False
validation,reid,59,75,5.944075383013114e-07,2.3561089619761333e-05,0.9747716447798422,6.67346682803327e-07,57,1,1,same_source_cyclic_next_latent,False
validation,reid,59,100,1.14819124519272e-06,4.1953680920414627e-05,0.9726319307387874,1.2799923752027098e-06,57,1,1,same_source_cyclic_next_latent,False
validation,reid,59,125,1.909287220769329e-06,6.56422707834281e-05,0.9709137542321077,2.1223947896942263e-06,57,1,1,same_source_cyclic_next_latent,False
validation,reid,59,149,2.8329852739261696e-06,9.337658411823213e-05,0.9696606456460317,3.1812157885724446e-06,57,1,1,same_source_cyclic_next_latent,False
validation,reid,59,175,4.070985596626997e-06,0.0001289642386836931,0.9684332211923354,4.683676252170699e-06,57,1,1,same_source_cyclic_next_latent,False
validation,reid,59,199,5.52622714167228e-06,0.00016694419900886714,0.9668977588051517,6.545860742335208e-06,57,1,1,same_source_cyclic_next_latent,False
validation,reid,57,0,6.651149675462875e-08,0.0,,4.9589331752031285e-08,15,1,1,same_source_cyclic_next_latent,False
validation,reid,57,5,1.8719555683333056e-08,1.0879922029971567e-07,0.8279440272479418,5.6070144083264495e-09,15,1,1,same_source_cyclic_next_latent,False
validation,reid,57,10,3.9494256753869195e-08,4.6272842268990644e-07,0.9146491660825945,3.7629810378803086e-08,15,1,1,same_source_cyclic_next_latent,False
validation,reid,57,25,2.4340289428437245e-07,3.0676756068714894e-06,0.9206555954811003,3.8431215898526716e-07,15,1,1,same_source_cyclic_next_latent,False
validation,reid,57,50,1.0515859685256146e-06,1.2550069186545443e-05,0.9162087512909499,1.8450607512932038e-06,15,1,1,same_source_cyclic_next_latent,False
validation,reid,57,75,2.4777616545179626e-06,2.845998460543342e-05,0.9129387563321126,4.386369710118743e-06,15,1,1,same_source_cyclic_next_latent,False
validation,reid,57,100,4.542752321867738e-06,5.080093251308426e-05,0.9105773831868597,7.988322977325879e-06,15,1,1,same_source_cyclic_next_latent,False
validation,reid,57,125,7.28219765733229e-06,7.957850903039798e-05,0.9084903983995154,1.2803830941265915e-05,15,1,1,same_source_cyclic_next_latent,False
validation,reid,57,149,1.0592783837637398e-05,0.00011326819367241114,0.9064805088331033,1.8798848032020032e-05,15,1,1,same_source_cyclic_next_latent,False
validation,reid,57,175,1.505193631601287e-05,0.00015646663086954504,0.9038009815104762,2.715094706218224e-05,15,1,1,same_source_cyclic_next_latent,False
validation,reid,57,199,2.019361090788152e-05,0.0002025431749643758,0.9002997217189211,3.6951081710867584e-05,15,1,1,same_source_cyclic_next_latent,False
validation,reid,15,0,7.609040864053895e-08,0.0,,7.835635074115999e-08,53,1,1,same_source_cyclic_next_latent,False
validation,reid,15,5,2.6375300166137094e-08,9.878272066998761e-08,0.7329968238650619,3.788022695516702e-08,53,1,1,same_source_cyclic_next_latent,False
validation,reid,15,10,4.9680611624580706e-08,4.075140793702303e-07,0.8780886007635447,9.237036380227437e-08,53,1,1,same_source_cyclic_next_latent,False
validation,reid,15,25,4.0232092146652576e-07,2.657891172930249e-06,0.848631529550934,6.340184199871146e-07,53,1,1,same_source_cyclic_next_latent,False
validation,reid,15,50,2.0963666429452132e-06,1.1012571121682413e-05,0.8096387646643459,3.0256535410444485e-06,53,1,1,same_source_cyclic_next_latent,False
validation,reid,15,75,5.411241545516532e-06,2.5448980522924103e-05,0.7873690248360967,7.4153886089334264e-06,53,1,1,same_source_cyclic_next_latent,False
validation,reid,15,100,1.056427754519973e-05,4.635270670405589e-05,0.7720893061833787,1.4064218703424558e-05,53,1,1,same_source_cyclic_next_latent,False
validation,reid,15,125,1.777228135324549e-05,7.409453974105418e-05,0.7601404716817716,2.325447894691024e-05,53,1,1,same_source_cyclic_next_latent,False
validation,reid,15,149,2.6890709705185145e-05,0.00010749007924459875,0.7498307760663747,3.467378701316193e-05,53,1,1,same_source_cyclic_next_latent,False
validation,reid,15,175,3.957058652304113e-05,0.00015147423255257308,0.7387635780936727,5.0045386160491034e-05,53,1,1,same_source_cyclic_next_latent,False
validation,reid,15,199,5.425174822448753e-05,0.00019959177006967366,0.7281864467380128,6.707113061565906e-05,53,1,1,same_source_cyclic_next_latent,False
validation,reid,53,0,6.642706296133838e-08,0.0,,6.975465538516801e-08,2,1,1,same_source_cyclic_next_latent,False
validation,reid,53,5,1.1809835775977717e-08,9.364332242967066e-08,0.8738849127779793,1.8203639484681844e-08,2,1,1,same_source_cyclic_next_latent,False
validation,reid,53,10,1.550367123570595e-08,3.85355036769397e-07,0.9597678251056996,2.165821300081916e-08,2,1,1,same_source_cyclic_next_latent,False
validation,reid,53,25,6.271270791557981e-08,2.4711696369195124e-06,0.9746222570160114,1.5689947474584187e-07,2,1,1,same_source_cyclic_next_latent,False
validation,reid,53,50,2.478697069818736e-07,9.974225577025209e-06,0.9751489772245756,6.728600396854745e-07,2,1,1,same_source_cyclic_next_latent,False
validation,reid,53,75,5.634313993141404e-07,2.250624675070867e-05,0.9749655548721646,1.4491490674117813e-06,2,1,1,same_source_cyclic_next_latent,False
validation,reid,53,100,1.0167963182539097e-06,4.006221570307389e-05,0.9746195685782828,2.592408009149949e-06,2,1,1,same_source_cyclic_next_latent,False
validation,reid,53,125,1.6164472071977798e-06,6.264413968892768e-05,0.9741963539570568,4.106595952180214e-06,2,1,1,same_source_cyclic_next_latent,False
validation,reid,53,149,2.3515938210039167e-06,8.904800051823258e-05,0.9735918402735789,5.895031790714711e-06,2,1,1,same_source_cyclic_next_latent,False
validation,reid,53,175,3.3769774745451286e-06,0.0001228825276484713,0.9725186522513143,8.099327715171967e-06,2,1,1,same_source_cyclic_next_latent,False
validation,reid,53,199,4.6057934923737776e-06,0.00015894098032731563,0.9710219888987168,1.017092745314585e-05,2,1,1,same_source_cyclic_next_latent,False
validation,reid,2,0,5.107709810658889e-08,0.0,,4.694348731959508e-08,88,1,1,same_source_cyclic_next_latent,False
validation,reid,2,5,4.155160659990997e-09,9.875607531739661e-08,0.957925012242168,2.8831872445067575e-09,88,1,1,same_source_cyclic_next_latent,False
validation,reid,2,10,1.0492770208259117e-08,3.9769926729604776e-07,0.9736163199907324,3.248089441854063e-08,88,1,1,same_source_cyclic_next_latent,False
validation,reid,2,25,3.3916116137788777e-08,2.5024969545484055e-06,0.9864470899450468,1.8829656767138658e-07,88,1,1,same_source_cyclic_next_latent,False
validation,reid,2,50,1.3866299752862687e-07,1.003642591967946e-05,0.986184026202322,8.778488904681581e-07,88,1,1,same_source_cyclic_next_latent,False
validation,reid,2,75,3.5582689861257677e-07,2.2605408958042972e-05,0.9842592142759721,2.4239602680609096e-06,88,1,1,same_source_cyclic_next_latent,False
validation,reid,2,100,6.803202836636046e-07,4.020733467768878e-05,0.9830796970473868,4.822749360755552e-06,88,1,1,same_source_cyclic_next_latent,False
validation,reid,2,125,1.1201112783965073e-06,6.284512346610427e-05,0.9821766397037848,7.906667633506004e-06,88,1,1,same_source_cyclic_next_latent,False
validation,reid,2,149,1.6770642332630814e-06,8.931615593610331e-05,0.9812232824432923,1.1330707820889074e-05,88,1,1,same_source_cyclic_next_latent,False
validation,reid,2,175,2.484463038854301e-06,0.00012323314149398357,0.9798393272399406,1.5487306882278062e-05,88,1,1,same_source_cyclic_next_latent,False
validation,reid,2,199,3.5084726732748095e-06,0.00015938510478008538,0.9779874494663997,1.986290044442285e-05,88,1,1,same_source_cyclic_next_latent,False
validation,reid,88,0,8.645142202112766e-08,0.0,,8.409613627691215e-08,74,1,1,same_source_cyclic_next_latent,False
validation,reid,88,5,2.0296438307809694e-08,1.0328217570076959e-07,0.8034855659255979,2.1013466522390445e-08,74,1,1,same_source_cyclic_next_latent,False
validation,reid,88,10,2.3612168220665808e-08,4.2534415456429997e-07,0.9444869102648117,2.4163041345559577e-08,74,1,1,same_source_cyclic_next_latent,False
validation,reid,88,25,1.2105194002742792e-07,2.7586918349697953e-06,0.9561198034180743,1.901501036627451e-07,74,1,1,same_source_cyclic_next_latent,False
validation,reid,88,50,4.988892783330812e-07,1.1242896107432898e-05,0.9556262662604117,7.303925713131321e-07,74,1,1,same_source_cyclic_next_latent,False
validation,reid,88,75,1.0889694976867759e-06,2.548983866290655e-05,0.9572782899065002,1.5730091718069161e-06,74,1,1,same_source_cyclic_next_latent,False
validation,reid,88,100,1.9604935914685484e-06,4.550983430817723e-05,0.9569215396788143,2.880002512029023e-06,74,1,1,same_source_cyclic_next_latent,False
validation,reid,88,125,3.1140766623138916e-06,7.13156841811724e-05,0.9563339159110806,4.796746907231864e-06,74,1,1,same_source_cyclic_next_latent,False
validation,reid,88,149,4.46799549536081e-06,0.00010155241761822253,0.956003061274643,7.2842381086957175e-06,74,1,1,same_source_cyclic_next_latent,False
validation,reid,88,175,6.224455773917725e-06,0.00014035985805094242,0.9556535902760844,1.0594832019705791e-05,74,1,1,same_source_cyclic_next_latent,False
validation,reid,88,199,8.189609616238158e-06,0.0001818001619540155,0.9549526825047073,1.4026455573912244e-05,74,1,1,same_source_cyclic_next_latent,False
validation,reid,74,0,5.877958386690807e-08,0.0,,6.44088515855401e-08,31,1,1,same_source_cyclic_next_latent,False
validation,reid,74,5,9.307176362938208e-09,9.82452448283766e-08,0.9052658845810115,1.140127281473724e-08,31,1,1,same_source_cyclic_next_latent,False
validation,reid,74,10,1.8429329173841325e-08,3.9470123169849103e-07,0.9533081538799977,1.9489448277454358e-08,31,1,1,same_source_cyclic_next_latent,False
validation,reid,74,25,1.2317697439812036e-07,2.468499815222458e-06,0.9501004725062052,1.743717774616016e-07,31,1,1,same_source_cyclic_next_latent,False
validation,reid,74,50,5.276726255942776e-07,9.872235750663094e-06,0.9465498354251888,9.974028216674924e-07,31,1,1,same_source_cyclic_next_latent,False
validation,reid,74,75,1.2278597978365724e-06,2.2206828361959197e-05,0.9447080070227443,2.9164793886593543e-06,31,1,1,same_source_cyclic_next_latent,False
validation,reid,74,100,2.215017502749106e-06,3.9466427551815286e-05,0.9438759056709397,5.880337539565517e-06,31,1,1,same_source_cyclic_next_latent,False
validation,reid,74,125,3.483547743599047e-06,6.164090154925361e-05,0.9434864244998826,9.59153567237081e-06,31,1,1,same_source_cyclic_next_latent,False
validation,reid,74,149,4.998290478397394e-06,8.754659938858822e-05,0.9429070859027686,1.3838471204508096e-05,31,1,1,same_source_cyclic_next_latent,False
validation,reid,74,175,7.012455625954317e-06,0.00012070701632183045,0.9419051531581426,1.9530638383002952e-05,31,1,1,same_source_cyclic_next_latent,False
validation,reid,74,199,9.25656877370784e-06,0.0001560081000206992,0.9406661014878095,2.6410516511532478e-05,31,1,1,same_source_cyclic_next_latent,False
validation,reid,31,0,6.956372544664191e-08,0.0,,6.60865779877895e-08,69,1,1,same_source_cyclic_next_latent,False
validation,reid,31,5,2.571538715301358e-08,9.754089802527233e-08,0.7363630264471128,2.7278955982978914e-08,69,1,1,same_source_cyclic_next_latent,False
validation,reid,31,10,6.496517102050348e-08,4.046144965741405e-07,0.8394393389990676,7.891399178561187e-08,69,1,1,same_source_cyclic_next_latent,False
validation,reid,31,25,5.109371841172106e-07,2.6757297746371478e-06,0.8090475394935955,6.425822789424274e-07,69,1,1,same_source_cyclic_next_latent,False
validation,reid,31,50,2.2811836970504373e-06,1.1123805961688049e-05,0.7949277697842667,2.7867754397448152e-06,69,1,1,same_source_cyclic_next_latent,False
validation,reid,31,75,5.775050794909475e-06,2.5607325369492173e-05,0.7744766112204087,6.8327944973134436e-06,69,1,1,same_source_cyclic_next_latent,False
validation,reid,31,100,1.1028685548808426e-05,4.6321227273438126e-05,0.761908606529245,1.3166164535505231e-05,69,1,1,same_source_cyclic_next_latent,False
validation,reid,31,125,1.791138492990285e-05,7.339884905377403e-05,0.7559718556788203,2.168525679735467e-05,69,1,1,same_source_cyclic_next_latent,False
validation,reid,31,149,2.6072588298120536e-05,0.00010547126294113696,0.7527991267851648,3.1143772503128275e-05,69,1,1,same_source_cyclic_next_latent,False
validation,reid,31,175,3.686112177092582e-05,0.00014702796761412174,0.7492917683003775,4.218888716422953e-05,69,1,1,same_source_cyclic_next_latent,False
validation,reid,31,199,4.900674321106635e-05,0.0001917742338264361,0.744456060476719,5.315975795383565e-05,69,1,1,same_source_cyclic_next_latent,False
validation,reid,69,0,5.868459496127798e-08,0.0,,6.336932045769572e-08,19,1,1,same_source_cyclic_next_latent,False
validation,reid,69,5,1.9442119025825377e-08,1.0311431708487362e-07,0.8114508287940022,2.0411910384154908e-08,19,1,1,same_source_cyclic_next_latent,False
validation,reid,69,10,5.4254837067446715e-08,4.325807765326317e-07,0.8745787145181797,4.981135859338792e-08,19,1,1,same_source_cyclic_next_latent,False
validation,reid,69,25,4.269796249900537e-07,2.8503357043518918e-06,0.8502002327872673,4.1057802491195616e-07,19,1,1,same_source_cyclic_next_latent,False
validation,reid,69,50,1.923566287587164e-06,1.1736545275198296e-05,0.8361045569643011,1.8810134179148008e-06,19,1,1,same_source_cyclic_next_latent,False
validation,reid,69,75,4.708466349256923e-06,2.679025783436373e-05,0.8242470685288665,4.638244263333036e-06,19,1,1,same_source_cyclic_next_latent,False
validation,reid,69,100,8.970228918769863e-06,4.8090289055835456e-05,0.8134710958307001,8.672815965837799e-06,19,1,1,same_source_cyclic_next_latent,False
validation,reid,69,125,1.4757689314137679e-05,7.570085290353745e-05,0.805052535762803,1.380954563501291e-05,19,1,1,same_source_cyclic_next_latent,False
validation,reid,69,149,2.1504713004105724e-05,0.00010818660666700453,0.8012257370240232,1.9742863514693454e-05,19,1,1,same_source_cyclic_next_latent,False
validation,reid,69,175,2.9922151952632703e-05,0.0001500365324318409,0.8005675586629154,2.7429128749645315e-05,19,1,1,same_source_cyclic_next_latent,False
validation,reid,69,199,3.883614044752903e-05,0.00019486209203023463,0.8006993559244799,3.610939165810123e-05,19,1,1,same_source_cyclic_next_latent,False
validation,reid,19,0,6.378445505106356e-08,0.0,,5.7244804452238895e-08,41,1,1,same_source_cyclic_next_latent,False
validation,reid,19,5,2.3021556216917816e-08,9.762278807556868e-08,0.7641784600630634,1.61268776111001e-08,41,1,1,same_source_cyclic_next_latent,False
validation,reid,19,10,5.645265233056307e-08,3.94468059994324e-07,0.8568891678292652,4.5155353234349604e-08,41,1,1,same_source_cyclic_next_latent,False
validation,reid,19,25,4.859325599682052e-07,2.5457179617660586e-06,0.8091176763229907,4.0090441189022386e-07,41,1,1,same_source_cyclic_next_latent,False
validation,reid,19,50,2.1471239506354323e-06,1.0593883416731842e-05,0.7973241854592913,2.058956624750863e-06,41,1,1,same_source_cyclic_next_latent,False
validation,reid,19,75,5.2980926739110146e-06,2.450023021083325e-05,0.7837533513636799,5.357492227631155e-06,41,1,1,same_source_cyclic_next_latent,False
validation,reid,19,100,1.0349701369705144e-05,4.4587679440155625e-05,0.7678797932600141,1.0661180567694828e-05,41,1,1,same_source_cyclic_next_latent,False
validation,reid,19,125,1.761494786478579e-05,7.122715760488063e-05,0.7526933762750799,1.8299879229743965e-05,41,1,1,same_source_cyclic_next_latent,False
validation,reid,19,149,2.697970012377482e-05,0.0001033735170494765,0.7390076211602452,2.803941424645018e-05,41,1,1,same_source_cyclic_next_latent,False
validation,reid,19,175,3.995720180682838e-05,0.00014598786947317421,0.7262977948029397,4.1443166992394254e-05,41,1,1,same_source_cyclic_next_latent,False
validation,reid,19,199,5.4612650274066254e-05,0.00019308346963953227,0.7171552263069301,5.677371154888533e-05,41,1,1,same_source_cyclic_next_latent,False
validation,depablo_low_temp,161,0,5.977413763957884e-08,0.0,,5.6930108627284426e-08,47,1,1,same_source_cyclic_next_latent,False
validation,depablo_low_temp,161,5,1.0968069119599022e-08,1.0447118370393582e-07,0.8950134503052843,7.485279951424673e-09,47,1,1,same_source_cyclic_next_latent,False
validation,depablo_low_temp,161,10,1.2831400830748407e-08,4.179090637990157e-07,0.9692961891898104,1.520286829759243e-08,47,1,1,same_source_cyclic_next_latent,False
validation,depablo_low_temp,161,25,3.567735262777205e-08,2.613081051094923e-06,0.9863466337514396,5.7945904075040744e-08,47,1,1,same_source_cyclic_next_latent,False
validation,depablo_low_temp,161,50,1.0890678936448239e-07,1.0458379620104097e-05,0.9895866479014462,2.1450750864460133e-07,47,1,1,same_source_cyclic_next_latent,False
validation,depablo_low_temp,161,75,2.2778149855184893e-07,2.353832132939715e-05,0.9903229505892006,4.903911303699715e-07,47,1,1,same_source_cyclic_next_latent,False
validation,depablo_low_temp,161,100,4.1134177308777e-07,4.185446596238762e-05,0.9901720936194139,8.640082569399965e-07,47,1,1,same_source_cyclic_next_latent,False
validation,depablo_low_temp,161,125,6.759387929378136e-07,6.540835602208972e-05,0.9896658648214681,1.3523336974685662e-06,47,1,1,same_source_cyclic_next_latent,False
validation,depablo_low_temp,161,149,1.027341454573616e-06,9.295123163610697e-05,0.9889475218725929,1.96493942894449e-06,47,1,1,same_source_cyclic_next_latent,False
validation,depablo_low_temp,161,175,1.5849301462367293e-06,0.00012823649740312248,0.9876405689617803,2.871967126338859e-06,47,1,1,same_source_cyclic_next_latent,False
validation,depablo_low_temp,161,199,2.415755261608865e-06,0.00016584270633757114,0.9854334548985735,4.068831913173199e-06,47,1,1,same_source_cyclic_next_latent,False
validation,depablo_low_temp,47,0,6.677102959429249e-08,0.0,,5.214744192016951e-08,191,1,1,same_source_cyclic_next_latent,False
validation,depablo_low_temp,47,5,1.2310924724090455e-08,1.0193582511419663e-07,0.8792286744106032,6.14496942219489e-09,191,1,1,same_source_cyclic_next_latent,False
validation,depablo_low_temp,47,10,1.436517482744648e-08,4.097973942407407e-07,0.964945665762317,6.194862578468019e-08,191,1,1,same_source_cyclic_next_latent,False
validation,depablo_low_temp,47,25,5.310374362466064e-08,2.571714503574185e-06,0.9793508402465139,4.867100074079644e-07,191,1,1,same_source_cyclic_next_latent,False
validation,depablo_low_temp,47,50,1.848492274802993e-07,1.0300798749085516e-05,0.9820548646776824,1.6805008726805681e-06,191,1,1,same_source_cyclic_next_latent,False
validation,depablo_low_temp,47,75,4.148105574586225e-07,2.318746737728361e-05,0.9821105707359397,3.4890636015916243e-06,191,1,1,same_source_cyclic_next_latent,False
validation,depablo_low_temp,47,100,7.608911118950346e-07,4.123131657252088e-05,0.9815457963716313,5.856659299752209e-06,191,1,1,same_source_cyclic_next_latent,False
validation,depablo_low_temp,47,125,1.2284806416573701e-06,6.443101301556453e-05,0.9809333955162151,8.704617357579991e-06,191,1,1,same_source_cyclic_next_latent,False
validation,depablo_low_temp,47,149,1.789309294508712e-06,9.155587758868933e-05,0.9804566419804625,1.185095425171312e-05,191,1,1,same_source_cyclic_next_latent,False
validation,depablo_low_temp,47,175,2.5205613383150194e-06,0.00012630049604922533,0.980043139835867,1.5757725122966804e-05,191,1,1,same_source_cyclic_next_latent,False
validation,depablo_low_temp,47,199,3.331057314426289e-06,0.00016332407540176064,0.9796046155091818,1.9938246623496525e-05,191,1,1,same_source_cyclic_next_latent,False
validation,depablo_low_temp,191,0,1.1936219834751682e-07,0.0,,1.7629162130106124e-07,66,1,1,same_source_cyclic_next_latent,False
validation,depablo_low_temp,191,5,2.098960649732362e-08,1.0844533449017035e-07,0.8064498892829166,7.752276331984831e-08,66,1,1,same_source_cyclic_next_latent,False
validation,depablo_low_temp,191,10,6.502518967721471e-09,4.3661586346388503e-07,0.9851070024892503,1.3034680534929066e-07,66,1,1,same_source_cyclic_next_latent,False
validation,depablo_low_temp,191,25,6.77775915391976e-08,2.7436412892711814e-06,0.9752964821588606,1.0668602499208646e-06,66,1,1,same_source_cyclic_next_latent,False
validation,depablo_low_temp,191,50,1.8022963388375501e-07,1.0999379810527898e-05,0.9836145640037586,4.90507818540209e-06,66,1,1,same_source_cyclic_next_latent,False
validation,depablo_low_temp,191,75,3.533585015702556e-07,2.4769382434897125e-05,0.9857340608915459,1.169683673651889e-05,66,1,1,same_source_cyclic_next_latent,False
validation,depablo_low_temp,191,100,6.012339781591436e-07,4.4057222112314776e-05,0.9863533389230392,2.181620948249474e-05,66,1,1,same_source_cyclic_next_latent,False
validation,depablo_low_temp,191,125,9.347990044261678e-07,6.886258779559284e-05,0.9864251542913118,3.555820876499638e-05,66,1,1,same_source_cyclic_next_latent,False
validation,depablo_low_temp,191,149,1.3580779523181263e-06,9.78677489911206e-05,0.9861233351505679,5.241612234385684e-05,66,1,1,same_source_cyclic_next_latent,False
validation,depablo_low_temp,191,175,1.973525968423928e-06,0.00013503755326382816,0.9853853545126949,7.487204857170582e-05,66,1,1,same_source_cyclic_next_latent,False
validation,depablo_low_temp,191,199,2.740268655543332e-06,0.00017463676340412349,0.9843087526238554,9.932240936905146e-05,66,1,1,same_source_cyclic_next_latent,False
validation,depablo_low_temp,66,0,1.6138801584020257e-07,0.0,,1.524265655916679e-07,118,1,1,same_source_cyclic_next_latent,False
validation,depablo_low_temp,66,5,5.522613122366238e-08,9.862818473038715e-08,0.44005730841918944,6.209258174294519e-08,118,1,1,same_source_cyclic_next_latent,False
validation,depablo_low_temp,66,10,2.8063661616783975e-08,4.0102668208419345e-07,0.9300204628007965,6.473943869877985e-08,118,1,1,same_source_cyclic_next_latent,False
validation,depablo_low_temp,66,25,1.220347627395313e-07,2.543989467085339e-06,0.9520301619490009,3.344312915487535e-07,118,1,1,same_source_cyclic_next_latent,False
validation,depablo_low_temp,66,50,4.917437195217644e-07,1.0273105544911232e-05,0.9521329049553716,1.4315808130049845e-06,118,1,1,same_source_cyclic_next_latent,False
validation,depablo_low_temp,66,75,1.171862663795764e-06,2.325402783753816e-05,0.9496060350498047,3.374819016244146e-06,118,1,1,same_source_cyclic_next_latent,False
validation,depablo_low_temp,66,100,2.1818682398588862e-06,4.156100476393476e-05,0.9475020334024206,6.111847142165061e-06,118,1,1,same_source_cyclic_next_latent,False
validation,depablo_low_temp,66,125,3.5598527574620675e-06,6.526274955831468e-05,0.9454535277542788,9.687571036920417e-06,118,1,1,same_source_cyclic_next_latent,False
validation,depablo_low_temp,66,149,5.284834060148569e-06,9.317624062532559e-05,0.9432813126535163,1.4016135537531227e-05,118,1,1,same_source_cyclic_next_latent,False
validation,depablo_low_temp,66,175,7.646860467502847e-06,0.0001292074884986505,0.9408172037367423,1.9819859517156146e-05,118,1,1,same_source_cyclic_next_latent,False
validation,depablo_low_temp,66,199,1.0295454558217898e-05,0.00016791837697383016,0.9386877437493192,2.63293222815264e-05,118,1,1,same_source_cyclic_next_latent,False
validation,depablo_low_temp,118,0,1.4073550858029193e-07,0.0,,1.9214736823869316e-07,98,1,1,same_source_cyclic_next_latent,False
validation,depablo_low_temp,118,5,4.4726622405732996e-08,9.106263831881733e-08,0.5088367388484656,1.029279488307111e-07,98,1,1,same_source_cyclic_next_latent,False
validation,depablo_low_temp,118,10,1.9628981107189247e-08,3.5658808883454185e-07,0.9449533461105114,1.3504275386821973e-07,98,1,1,same_source_cyclic_next_latent,False
validation,depablo_low_temp,118,25,7.156406667263582e-08,2.1927392026555026e-06,0.9673631654024479,9.326333270109899e-07,98,1,1,same_source_cyclic_next_latent,False
validation,depablo_low_temp,118,50,3.2089351975628233e-07,8.724763574718963e-06,0.9632203764597004,4.110811460122932e-06,98,1,1,same_source_cyclic_next_latent,False
validation,depablo_low_temp,118,75,8.290815003419993e-07,1.959523251571227e-05,0.9576896319205599,9.350375876238104e-06,98,1,1,same_source_cyclic_next_latent,False
validation,depablo_low_temp,118,100,1.602836164238397e-06,3.4804885217454284e-05,0.9539479543108911,1.7336877135676332e-05,98,1,1,same_source_cyclic_next_latent,False
validation,depablo_low_temp,118,125,2.6357840852142544e-06,5.435306957224384e-05,0.9515062515151811,2.7734115064959042e-05,98,1,1,same_source_cyclic_next_latent,False
validation,depablo_low_temp,118,149,3.845840183203109e-06,7.720248686382547e-05,0.9501850220189585,3.8721278542652726e-05,98,1,1,same_source_cyclic_next_latent,False
validation,depablo_low_temp,118,175,5.398268513090443e-06,0.0001064735115505755,0.9492994226030929,5.0068727432517335e-05,98,1,1,same_source_cyclic_next_latent,False
validation,depablo_low_temp,118,199,7.093047315720469e-06,0.0001376654690830037,0.9484762056674952,5.90591698710341e-05,98,1,1,same_source_cyclic_next_latent,False
validation,depablo_low_temp,98,0,1.4112184487657942e-07,0.0,,1.0715500309288473e-07,2,1,1,same_source_cyclic_next_latent,False
validation,depablo_low_temp,98,5,4.1285247220912424e-08,1.139613132750128e-07,0.6377257682062476,2.542254939896793e-08,2,1,1,same_source_cyclic_next_latent,False
validation,depablo_low_temp,98,10,3.5004148912776145e-08,5.0763196668413e-07,0.9310442383259974,5.90127733346435e-08,2,1,1,same_source_cyclic_next_latent,False
validation,depablo_low_temp,98,25,2.518091264391842e-07,3.5328100693732267e-06,0.9287227103935822,5.015332362745539e-07,2,1,1,same_source_cyclic_next_latent,False
validation,depablo_low_temp,98,50,1.2045317134834477e-06,1.4838107745163143e-05,0.918821743704072,1.931147835421143e-06,2,1,1,same_source_cyclic_next_latent,False
validation,depablo_low_temp,98,75,3.026239028258715e-06,3.409271812415682e-05,0.9112350321485679,4.3470863602124155e-06,2,1,1,same_source_cyclic_next_latent,False
validation,depablo_low_temp,98,100,5.707731816073647e-06,6.142582424217835e-05,0.9070792799853974,7.597088369948324e-06,2,1,1,same_source_cyclic_next_latent,False
validation,depablo_low_temp,98,125,9.211658834828995e-06,9.695556218503043e-05,0.9049909192703207,1.175159832200734e-05,2,1,1,same_source_cyclic_next_latent,False
validation,depablo_low_temp,98,149,1.3386586942942813e-05,0.0001388805831084028,0.9036108097811344,1.6804355254862458e-05,2,1,1,same_source_cyclic_next_latent,False
validation,depablo_low_temp,98,175,1.912216430355329e-05,0.00019302488362882286,0.9009342011037071,2.38909251493169e-05,2,1,1,same_source_cyclic_next_latent,False
validation,depablo_low_temp,98,199,2.62446264969185e-05,0.00025115665630437434,0.8955049534298908,3.252810347476043e-05,2,1,1,same_source_cyclic_next_latent,False
validation,depablo_low_temp,2,0,1.3630112505325087e-07,0.0,,1.620971801230553e-07,136,1,1,same_source_cyclic_next_latent,False
validation,depablo_low_temp,2,5,4.029699240959417e-08,9.775605747108784e-08,0.5877800982152709,5.829600269180446e-08,136,1,1,same_source_cyclic_next_latent,False
validation,depablo_low_temp,2,10,3.132625892021679e-08,4.147042602653528e-07,0.9244612078492457,3.658362857095199e-08,136,1,1,same_source_cyclic_next_latent,False
validation,depablo_low_temp,2,25,2.3528075132617232e-07,2.7603841772361193e-06,0.9147652151948824,2.2842549185497774e-07,136,1,1,same_source_cyclic_next_latent,False
validation,depablo_low_temp,2,50,1.0799861911436892e-06,1.143445297202561e-05,0.9055498156504841,1.199931148221367e-06,136,1,1,same_source_cyclic_next_latent,False
validation,depablo_low_temp,2,75,2.650457872732659e-06,2.6147068638238125e-05,0.8986326953356231,2.855573939086753e-06,136,1,1,same_source_cyclic_next_latent,False
validation,depablo_low_temp,2,100,5.041787972004386e-06,4.6995002776384354e-05,0.8927165086893462,5.4167708185559604e-06,136,1,1,same_source_cyclic_next_latent,False
validation,depablo_low_temp,2,125,8.345416972588282e-06,7.407462544506416e-05,0.8873377094727602,9.0403736976441e-06,136,1,1,same_source_cyclic_next_latent,False
validation,depablo_low_temp,2,149,1.239734046976082e-05,0.00010602713882690296,0.8830738940338626,1.346844874205999e-05,136,1,1,same_source_cyclic_next_latent,False
validation,depablo_low_temp,2,175,1.7760117771103978e-05,0.0001473280426580459,0.8794518853934284,1.9113962480332702e-05,136,1,1,same_source_cyclic_next_latent,False
validation,depablo_low_temp,2,199,2.3642973246751353e-05,0.00019171855819877237,0.876678744776296,2.4973978725029156e-05,136,1,1,same_source_cyclic_next_latent,False
validation,depablo_low_temp,136,0,1.4836328432465962e-07,0.0,,1.0087251922641371e-07,131,1,1,same_source_cyclic_next_latent,False
validation,depablo_low_temp,136,5,4.671257158861408e-08,1.0771704950229832e-07,0.5663400380492469,8.153932640198036e-08,131,1,1,same_source_cyclic_next_latent,False
validation,depablo_low_temp,136,10,3.4111568680827986e-08,4.807949380847276e-07,0.9290517308341197,2.4300737777593895e-07,131,1,1,same_source_cyclic_next_latent,False
validation,depablo_low_temp,136,25,2.577466204911616e-07,3.323550799905206e-06,0.9224484185713325,1.8198840052718879e-06,131,1,1,same_source_cyclic_next_latent,False
validation,depablo_low_temp,136,50,1.169263327938097e-06,1.3947767911304254e-05,0.9161684267064378,8.235099812736735e-06,131,1,1,same_source_cyclic_next_latent,False
validation,depablo_low_temp,136,75,2.7646681246551452e-06,3.2096784707391635e-05,0.9138646394067483,1.9377004718990065e-05,131,1,1,same_source_cyclic_next_latent,False
validation,depablo_low_temp,136,100,5.044500994699774e-06,5.795686229248531e-05,0.9129611094326988,3.564909638953395e-05,131,1,1,same_source_cyclic_next_latent,False
validation,depablo_low_temp,136,125,8.081196938292123e-06,9.172131103696302e-05,0.9118940097243544,5.708756725653075e-05,131,1,1,same_source_cyclic_next_latent,False
validation,depablo_low_temp,136,149,1.181200332212029e-05,0.0001317478745477274,0.9103438794540762,8.243552292697132e-05,131,1,1,same_source_cyclic_next_latent,False
validation,depablo_low_temp,136,175,1.6926245734794065e-05,0.00018373868078924716,0.9078787021758968,0.00011491896293591708,131,1,1,same_source_cyclic_next_latent,False
validation,depablo_low_temp,136,199,2.2964353775023483e-05,0.00023986533051356673,0.9042614715271466,0.00014896647189743817,131,1,1,same_source_cyclic_next_latent,False
validation,depablo_low_temp,131,0,7.294217851949725e-08,0.0,,7.569211391000863e-08,124,1,1,same_source_cyclic_next_latent,False
validation,depablo_low_temp,131,5,9.127163025368645e-09,1.0976804531992457e-07,0.9168504549865395,1.0405906358812445e-08,124,1,1,same_source_cyclic_next_latent,False
validation,depablo_low_temp,131,10,1.2106784907928159e-08,4.4147617472845013e-07,0.9725765837411838,7.949474678525803e-08,124,1,1,same_source_cyclic_next_latent,False
validation,depablo_low_temp,131,25,3.40844010793262e-08,2.7713413146557286e-06,0.9877011175422251,8.11990048532607e-07,124,1,1,same_source_cyclic_next_latent,False
validation,depablo_low_temp,131,50,8.897997361145826e-08,1.1105170415248722e-05,0.991987518400503,3.2050825211626943e-06,124,1,1,same_source_cyclic_next_latent,False
validation,depablo_low_temp,131,75,1.903596853480849e-07,2.5009072487591766e-05,0.9923883748410689,7.2038715188682545e-06,124,1,1,same_source_cyclic_next_latent,False
validation,depablo_low_temp,131,100,3.2863604815247527e-07,4.449032712727785e-05,0.9926133146377568,1.3057832802587654e-05,124,1,1,same_source_cyclic_next_latent,False
validation,depablo_low_temp,131,125,5.112819394526014e-07,6.955634307814762e-05,0.9926493844151904,2.0829904315178283e-05,124,1,1,same_source_cyclic_next_latent,False
validation,depablo_low_temp,131,149,7.465761768798984e-07,9.887514170259237e-05,0.9924493035961907,3.0108998544164933e-05,124,1,1,same_source_cyclic_next_latent,False
validation,depablo_low_temp,131,175,1.110661060010898e-06,0.00013646083243656904,0.9918609535045364,4.224774238537066e-05,124,1,1,same_source_cyclic_next_latent,False
validation,depablo_low_temp,131,199,1.6288685174004058e-06,0.00017653404211159796,0.9907730628160052,5.551356298383325e-05,124,1,1,same_source_cyclic_next_latent,False
validation,depablo_low_temp,124,0,1.729135732375653e-07,0.0,,2.488136487954762e-07,105,1,1,same_source_cyclic_next_latent,False
validation,depablo_low_temp,124,5,5.707386563358341e-08,9.75659233404258e-08,0.4150225439424994,1.2491635459355166e-07,105,1,1,same_source_cyclic_next_latent,False
validation,depablo_low_temp,124,10,2.4323043135154876e-08,3.8968275362094573e-07,0.9375824490328496,1.2941744387262588e-07,105,1,1,same_source_cyclic_next_latent,False
validation,depablo_low_temp,124,25,9.612992357688199e-08,2.429540245429962e-06,0.9604328745911062,8.314700039591116e-07,105,1,1,same_source_cyclic_next_latent,False
validation,depablo_low_temp,124,50,3.50807397353492e-07,9.734014383866452e-06,0.9639606658137947,3.5215359730500495e-06,105,1,1,same_source_cyclic_next_latent,False
validation,depablo_low_temp,124,75,8.161185292010487e-07,2.1937737983535044e-05,0.9627984193350485,6.966666660446208e-06,105,1,1,same_source_cyclic_next_latent,False
validation,depablo_low_temp,124,100,1.4899915186106227e-06,3.905228732037358e-05,0.9618462420296366,1.1424288459238596e-05,105,1,1,same_source_cyclic_next_latent,False
validation,depablo_low_temp,124,125,2.362977738812333e-06,6.109093374107033e-05,0.9613203204778691,1.7056310753105208e-05,105,1,1,same_source_cyclic_next_latent,False
validation,depablo_low_temp,124,149,3.420629582251422e-06,8.68887800606899e-05,0.9606320910494751,2.331731957383454e-05,105,1,1,same_source_cyclic_next_latent,False
validation,depablo_low_temp,124,175,4.880479082203237e-06,0.00011998012632830068,0.9593226042382318,3.0639897886430845e-05,105,1,1,same_source_cyclic_next_latent,False
validation,depablo_low_temp,124,199,6.601196673727827e-06,0.00015528261428698897,0.9574891451690292,3.758771708817221e-05,105,1,1,same_source_cyclic_next_latent,False
validation,depablo_low_temp,105,0,1.6506997724263783e-07,0.0,,1.08110860708166e-07,96,1,1,same_source_cyclic_next_latent,False
validation,depablo_low_temp,105,5,5.070457120837091e-08,1.102623485849108e-07,0.5401460982909834,7.411661329115304e-08,96,1,1,same_source_cyclic_next_latent,False
validation,depablo_low_temp,105,10,3.010633164990395e-08,4.893034883934888e-07,0.9384710463668451,2.1421932672183175e-07,96,1,1,same_source_cyclic_next_latent,False
validation,depablo_low_temp,105,25,1.8754074915250385e-07,3.356824890943244e-06,0.944131506633399,1.5787437632752699e-06,96,1,1,same_source_cyclic_next_latent,False
validation,depablo_low_temp,105,50,8.913007718547306e-07,1.4006071069161408e-05,0.9363632550874885,7.0062369559309445e-06,96,1,1,same_source_cyclic_next_latent,False
validation,depablo_low_temp,105,75,2.2683539100398775e-06,3.212118099327199e-05,0.9293813664411965,1.6252592104137875e-05,96,1,1,same_source_cyclic_next_latent,False
validation,depablo_low_temp,105,100,4.3484196794452146e-06,5.7851128076436e-05,0.9248343148347972,2.963086444651708e-05,96,1,1,same_source_cyclic_next_latent,False
validation,depablo_low_temp,105,125,7.176225608418463e-06,9.133149433182552e-05,0.9214266046896615,4.733395326184109e-05,96,1,1,same_source_cyclic_next_latent,False
validation,depablo_low_temp,105,149,1.0799675692396704e-05,0.00013090895663481206,0.9175023927314322,6.842359289294109e-05,96,1,1,same_source_cyclic_next_latent,False
validation,depablo_low_temp,105,175,1.607360172783956e-05,0.00018214789452031255,0.9117552153420743,9.564425272401422e-05,96,1,1,same_source_cyclic_next_latent,False
validation,depablo_low_temp,105,199,2.2551319489139132e-05,0.00023727492953184992,0.9049570069048866,0.00012450128269847482,96,1,1,same_source_cyclic_next_latent,False
validation,depablo_low_temp,96,0,8.180800392665333e-08,0.0,,9.671473577554934e-08,152,1,1,same_source_cyclic_next_latent,False
validation,depablo_low_temp,96,5,1.359190449079506e-08,1.028129190672189e-07,0.8677996441098157,1.5577134249156188e-08,152,1,1,same_source_cyclic_next_latent,False
validation,depablo_low_temp,96,10,1.1298006086235546e-08,4.112499141228909e-07,0.9725276390383405,6.530814999905488e-08,152,1,1,same_source_cyclic_next_latent,False
validation,depablo_low_temp,96,25,4.261886132894688e-08,2.5721096790221054e-06,0.9834303872511571,7.243252184707671e-07,152,1,1,same_source_cyclic_next_latent,False
validation,depablo_low_temp,96,50,1.1535549759855712e-07,1.0294354979123455e-05,0.9887942957249392,2.8945937629032414e-06,152,1,1,same_source_cyclic_next_latent,False
validation,depablo_low_temp,96,75,2.4753694560786244e-07,2.3167545805335976e-05,0.9893153574535785,6.5280819399049506e-06,152,1,1,same_source_cyclic_next_latent,False
validation,depablo_low_temp,96,100,4.54326965382279e-07,4.1188621253240854e-05,0.9889696000604407,1.1851710951304995e-05,152,1,1,same_source_cyclic_next_latent,False
validation,depablo_low_temp,96,125,7.67444646498916e-07,6.43616949673742e-05,0.988076065322892,1.901665200421121e-05,152,1,1,same_source_cyclic_next_latent,False
validation,depablo_low_temp,96,149,1.2029981917294208e-06,9.145318472292274e-05,0.9868457485064718,2.7839088943437673e-05,152,1,1,same_source_cyclic_next_latent,False
validation,depablo_low_temp,96,175,1.8669346673050313e-06,0.0001261606375919655,0.9852019242852659,3.98347619920969e-05,152,1,1,same_source_cyclic_next_latent,False
validation,depablo_low_temp,96,199,2.6954203349305317e-06,0.00016314847744069993,0.9834787282283388,5.3440016927197576e-05,152,1,1,same_source_cyclic_next_latent,False
validation,depablo_low_temp,152,0,1.7614512159980222e-07,0.0,,1.3731704484598595e-07,70,1,1,same_source_cyclic_next_latent,False
validation,depablo_low_temp,152,5,5.471659747513513e-08,1.051594082923657e-07,0.47967948504416014,8.129480022489588e-08,70,1,1,same_source_cyclic_next_latent,False
validation,depablo_low_temp,152,10,3.1823027768496104e-08,4.5047485741633864e-07,0.9293567060523323,1.840393082375158e-07,70,1,1,same_source_cyclic_next_latent,False
validation,depablo_low_temp,152,25,2.234470741768746e-07,3.0113294542388758e-06,0.9257978651713644,1.242823486791167e-06,70,1,1,same_source_cyclic_next_latent,False
validation,depablo_low_temp,152,50,7.238579655677313e-07,1.2442545994417742e-05,0.9418239670649009,5.5480395531049e-06,70,1,1,same_source_cyclic_next_latent,False
validation,depablo_low_temp,152,75,1.5885475477261934e-06,2.840685374394525e-05,0.9440787226193684,1.29609006762621e-05,70,1,1,same_source_cyclic_next_latent,False
validation,depablo_low_temp,152,100,2.8654603738687e-06,5.09941964992322e-05,0.9438081081655666,2.3734264686936513e-05,70,1,1,same_source_cyclic_next_latent,False
validation,depablo_low_temp,152,125,4.501228886510944e-06,8.029223681660369e-05,0.9439394259647761,3.805891174124554e-05,70,1,1,same_source_cyclic_next_latent,False
validation,depablo_low_temp,152,149,6.418539669539314e-06,0.00011480825196485966,0.9440933943362896,5.519697879208252e-05,70,1,1,same_source_cyclic_next_latent,False
validation,depablo_low_temp,152,175,8.978987352747936e-06,0.00015935282863210887,0.9436534172011635,7.747330528218299e-05,70,1,1,same_source_cyclic_next_latent,False
validation,depablo_low_temp,152,199,1.1966430065513123e-05,0.00020716806466225535,0.9422380564059335,0.00010139992082258686,70,1,1,same_source_cyclic_next_latent,False
validation,depablo_low_temp,70,0,1.1475979277975057e-07,0.0,,1.8481073027487582e-07,169,1,1,same_source_cyclic_next_latent,False
validation,depablo_low_temp,70,5,2.0905650544023047e-08,1.0842899200724787e-07,0.8071950116199031,1.1542017830379336e-07,169,1,1,same_source_cyclic_next_latent,False
validation,depablo_low_temp,70,10,4.17369472316409e-09,4.3581886188803765e-07,0.9904233270100267,2.447815745654225e-07,169,1,1,same_source_cyclic_next_latent,False
validation,depablo_low_temp,70,25,2.8238433813498887e-08,2.733828068812727e-06,0.989670735283012,1.9008083427252132e-06,169,1,1,same_source_cyclic_next_latent,False
validation,depablo_low_temp,70,50,5.9499200233403826e-08,1.095371408155188e-05,0.9945681254969388,8.391577466682065e-06,169,1,1,same_source_cyclic_next_latent,False
validation,depablo_low_temp,70,75,1.2814302863262128e-07,2.4661450879648328e-05,0.9948039136359828,1.8993734556715935e-05,169,1,1,same_source_cyclic_next_latent,False
validation,depablo_low_temp,70,100,2.290541232241594e-07,4.38588103861548e-05,0.9947774661189519,3.462398308329284e-05,169,1,1,same_source_cyclic_next_latent,False
validation,depablo_low_temp,70,125,3.7302768873814784e-07,6.854946695966646e-05,0.9945582700306389,5.563964441535063e-05,169,1,1,same_source_cyclic_next_latent,False
validation,depablo_low_temp,70,149,5.680704475707898e-07,9.742454858496785e-05,0.9941691241496967,8.014401828404516e-05,169,1,1,same_source_cyclic_next_latent,False
validation,depablo_low_temp,70,175,8.670188549331215e-07,0.0001344185438938439,0.9935498568142663,0.00011006377462763339,169,1,1,same_source_cyclic_next_latent,False
validation,depablo_low_temp,70,199,1.2568680176627822e-06,0.00017384615784976631,0.9927702283834829,0.000139483658131212,169,1,1,same_source_cyclic_next_latent,False
validation,depablo_low_temp,169,0,1.4878629883696703e-07,0.0,,1.1934341159758333e-07,168,1,1,same_source_cyclic_next_latent,False
validation,depablo_low_temp,169,5,4.9447457683982066e-08,1.0561949181919772e-07,0.5318339746547205,2.7967747229240558e-08,168,1,1,same_source_cyclic_next_latent,False
validation,depablo_low_temp,169,10,3.440800000475974e-08,4.714396197869064e-07,0.9270150437922202,5.763901000932492e-08,168,1,1,same_source_cyclic_next_latent,False
validation,depablo_low_temp,169,25,2.3722029141026724e-07,3.285299726485391e-06,0.9277934096856224,5.473372084452421e-07,168,1,1,same_source_cyclic_next_latent,False
validation,depablo_low_temp,169,50,1.2221391898492584e-06,1.3894406947656535e-05,0.9120409244918951,2.048691840172978e-06,168,1,1,same_source_cyclic_next_latent,False
validation,depablo_low_temp,169,75,3.002062840096187e-06,3.2073730835691094e-05,0.9064011961852737,4.5895599214418326e-06,168,1,1,same_source_cyclic_next_latent,False
validation,depablo_low_temp,169,100,5.551523827307392e-06,5.797980338684283e-05,0.9042507303747225,8.262336450570729e-06,168,1,1,same_source_cyclic_next_latent,False
validation,depablo_low_temp,169,125,8.812035957816988e-06,9.178016625810415e-05,0.9039875790480071,1.2929842341691256e-05,168,1,1,same_source_cyclic_next_latent,False
validation,depablo_low_temp,169,149,1.2617737411346752e-05,0.00013181191752664745,0.9042746843524531,1.8320279195904732e-05,168,1,1,same_source_cyclic_next_latent,False
validation,depablo_low_temp,169,175,1.7606691471883096e-05,0.00018371574697084725,0.9041634059018523,2.5370354705955833e-05,168,1,1,same_source_cyclic_next_latent,False
validation,depablo_low_temp,169,199,2.3327105736825615e-05,0.00023968475579749793,0.9026758891728018,3.3398147934349254e-05,168,1,1,same_source_cyclic_next_latent,False
validation,depablo_low_temp,168,0,1.706087289221614e-07,0.0,,1.6349916620583826e-07,126,1,1,same_source_cyclic_next_latent,False
validation,depablo_low_temp,168,5,5.339484587807419e-08,1.0086985469115461e-07,0.4706560642764914,1.1507157182677474e-07,126,1,1,same_source_cyclic_next_latent,False
validation,depablo_low_temp,168,10,3.133638770691505e-08,4.353984195404337e-07,0.9280282465425785,2.0839617320689285e-07,126,1,1,same_source_cyclic_next_latent,False
validation,depablo_low_temp,168,25,1.9914712368063192e-07,2.9493130568880588e-06,0.932476776849603,1.3161698007024825e-06,126,1,1,same_source_cyclic_next_latent,False
validation,depablo_low_temp,168,50,7.990187782525027e-07,1.232679915119661e-05,0.935180352299734,5.8475266087043565e-06,126,1,1,same_source_cyclic_next_latent,False
validation,depablo_low_temp,168,75,1.9139306459692307e-06,2.83126955764601e-05,0.932400267547802,1.2972222066309769e-05,126,1,1,same_source_cyclic_next_latent,False
validation,depablo_low_temp,168,100,3.6026567613589577e-06,5.1012531912419945e-05,0.929377025089754,2.280621265526861e-05,126,1,1,same_source_cyclic_next_latent,False
validation,depablo_low_temp,168,125,5.931542546022683e-06,8.052563498495147e-05,0.9263396985676529,3.5497720091370866e-05,126,1,1,same_source_cyclic_next_latent,False
validation,depablo_low_temp,168,149,8.776191862125415e-06,0.00011536414240254089,0.9239261725579982,5.054161374573596e-05,126,1,1,same_source_cyclic_next_latent,False
validation,depablo_low_temp,168,175,1.2478190001274925e-05,0.00016040148329921067,0.9222065173923717,7.019344775471836e-05,126,1,1,same_source_cyclic_next_latent,False
validation,depablo_low_temp,168,199,1.644248732191045e-05,0.00020880624651908875,0.9212548111178882,9.158029570244253e-05,126,1,1,same_source_cyclic_next_latent,False
validation,depablo_low_temp,126,0,1.0945046113874923e-07,0.0,,1.0981437981172348e-07,196,1,1,same_source_cyclic_next_latent,False
validation,depablo_low_temp,126,5,2.9413865121341587e-08,9.771910924882832e-08,0.6989957711705782,3.873064713388885e-08,196,1,1,same_source_cyclic_next_latent,False
validation,depablo_low_temp,126,10,1.1303850300237173e-08,3.9022279452183284e-07,0.971032316771529,2.8736526047623556e-08,196,1,1,same_source_cyclic_next_latent,False
validation,depablo_low_temp,126,25,3.333741460664896e-08,2.4379485239478527e-06,0.9863256281750098,1.874288102499122e-07,196,1,1,same_source_cyclic_next_latent,False
validation,depablo_low_temp,126,50,1.4846116869193793e-07,9.75643615674926e-06,0.9847832583223295,9.043972681865853e-07,196,1,1,same_source_cyclic_next_latent,False
validation,depablo_low_temp,126,75,2.9162677606109355e-07,2.196334935433697e-05,0.9867221173166146,1.9387043721508235e-06,196,1,1,same_source_cyclic_next_latent,False
validation,depablo_low_temp,126,100,4.980687435818254e-07,3.906751953763887e-05,0.9872510784028157,3.325540092191659e-06,196,1,1,same_source_cyclic_next_latent,False
validation,depablo_low_temp,126,125,7.820966629878967e-07,6.107550143497065e-05,0.9871945928463539,4.945068667439045e-06,196,1,1,same_source_cyclic_next_latent,False
validation,depablo_low_temp,126,149,1.1362840268702712e-06,8.682875341037288e-05,0.986913505235991,6.6817142396757845e-06,196,1,1,same_source_cyclic_next_latent,False
validation,depablo_low_temp,126,175,1.621879391677794e-06,0.00011984851153101772,0.9864672546120188,8.75722889759345e-06,196,1,1,same_source_cyclic_next_latent,False
validation,depablo_low_temp,126,199,2.184636741731083e-06,0.00015506899217143655,0.9859118402000326,1.0784091500681825e-05,196,1,1,same_source_cyclic_next_latent,False
validation,depablo_low_temp,196,0,7.54746949382934e-08,0.0,,8.255594963202384e-08,138,1,1,same_source_cyclic_next_latent,False
validation,depablo_low_temp,196,5,1.422431417097414e-08,1.034447478787115e-07,0.8624936068513398,1.0761380231372186e-08,138,1,1,same_source_cyclic_next_latent,False
validation,depablo_low_temp,196,10,1.052504483567418e-08,4.144339982303791e-07,0.9746038093384813,6.06503789413182e-08,138,1,1,same_source_cyclic_next_latent,False
validation,depablo_low_temp,196,25,4.715655776976746e-08,2.5973602078011027e-06,0.9818444289597823,6.295622938523593e-07,138,1,1,same_source_cyclic_next_latent,False
validation,depablo_low_temp,196,50,2.0543473056022776e-07,1.0403631677036174e-05,0.9802535559756809,2.4047014903771924e-06,138,1,1,same_source_cyclic_next_latent,False
validation,depablo_low_temp,196,75,4.7025937988109945e-07,2.342555126233492e-05,0.9799253654859678,5.26460235050763e-06,138,1,1,same_source_cyclic_next_latent,False
validation,depablo_low_temp,196,100,8.405051517001993e-07,4.167108636465855e-05,0.9798300158449185,9.23649986361852e-06,138,1,1,same_source_cyclic_next_latent,False
validation,depablo_low_temp,196,125,1.3325116015039384e-06,6.514642882393673e-05,0.9795458995134614,1.4314216969069093e-05,138,1,1,same_source_cyclic_next_latent,False
validation,depablo_low_temp,196,149,1.946040356415324e-06,9.261621016776189e-05,0.9789881236460622,2.0290424799895845e-05,138,1,1,same_source_cyclic_next_latent,False
validation,depablo_low_temp,196,175,2.800617949105799e-06,0.0001278405252378434,0.9780928782645774,2.8105476303608157e-05,138,1,1,same_source_cyclic_next_latent,False
validation,depablo_low_temp,196,199,3.8103164570202352e-06,0.00016540929209440947,0.9769643143454997,3.677811400848441e-05,138,1,1,same_source_cyclic_next_latent,False
validation,depablo_low_temp,138,0,1.71692633443854e-07,0.0,,1.278164347695565e-07,78,1,1,same_source_cyclic_next_latent,False
validation,depablo_low_temp,138,5,5.5786248509548386e-08,1.0271765660263554e-07,0.4568971844309285,8.985281141349333e-08,78,1,1,same_source_cyclic_next_latent,False
validation,depablo_low_temp,138,10,2.7525134171924037e-08,4.321907454141183e-07,0.9363125322233592,2.1002739458708675e-07,78,1,1,same_source_cyclic_next_latent,False
validation,depablo_low_temp,138,25,1.3605402671146294e-07,2.8179315449960995e-06,0.9517184769966968,1.395407821291883e-06,78,1,1,same_source_cyclic_next_latent,False
validation,depablo_low_temp,138,50,5.45305169907806e-07,1.1502431334520224e-05,0.9525921821179425,6.055940502847079e-06,78,1,1,same_source_cyclic_next_latent,False
validation,depablo_low_temp,138,75,1.305120804317994e-06,2.6160945708397776e-05,0.9501118644996445,1.3841473446518648e-05,78,1,1,same_source_cyclic_next_latent,False
validation,depablo_low_temp,138,100,2.43651857090299e-06,4.6891502279322594e-05,0.9480392298717757,2.5126459149760194e-05,78,1,1,same_source_cyclic_next_latent,False
validation,depablo_low_temp,138,125,3.955578904424328e-06,7.379020098596811e-05,0.9463942521964872,4.0151997382054105e-05,78,1,1,same_source_cyclic_next_latent,False
validation,depablo_low_temp,138,149,5.769944891653722e-06,0.00010551540617598221,0.945316564653787,5.8117348089581355e-05,78,1,1,same_source_cyclic_next_latent,False
validation,depablo_low_temp,138,175,8.096211786323693e-06,0.0001465022942284122,0.9447366211637556,8.139769488479942e-05,78,1,1,same_source_cyclic_next_latent,False
validation,depablo_low_temp,138,199,1.0567697245278396e-05,0.0001905527024064213,0.9445418663087809,0.00010622652189340442,78,1,1,same_source_cyclic_next_latent,False
validation,depablo_low_temp,78,0,1.0155324048355396e-07,0.0,,1.2297418550133443e-07,161,1,1,same_source_cyclic_next_latent,False
validation,depablo_low_temp,78,5,1.8341768992513607e-08,1.066432204765988e-07,0.8280081104964527,5.652553980439734e-08,161,1,1,same_source_cyclic_next_latent,False
validation,depablo_low_temp,78,10,5.474957820439386e-09,4.2946098233187513e-07,0.987251559406604,6.928923568239043e-08,161,1,1,same_source_cyclic_next_latent,False
validation,depablo_low_temp,78,25,2.262776810368905e-08,2.696686124181724e-06,0.9916090464141224,5.576491730607813e-07,161,1,1,same_source_cyclic_next_latent,False
validation,depablo_low_temp,78,50,8.79787833696355e-08,1.080872243619524e-05,0.9918603901720132,2.0827023945457768e-06,161,1,1,same_source_cyclic_next_latent,False
validation,depablo_low_temp,78,75,2.0486983487444377e-07,2.434396810713224e-05,0.9915843697308155,4.055299086758168e-06,161,1,1,same_source_cyclic_next_latent,False
validation,depablo_low_temp,78,100,3.788807987348264e-07,4.330917363404296e-05,0.9912517195101361,6.185141955938889e-06,161,1,1,same_source_cyclic_next_latent,False
validation,depablo_low_temp,78,125,6.155900109661161e-07,6.771329935872927e-05,0.9909088758516276,8.466317922284361e-06,161,1,1,same_source_cyclic_next_latent,False
validation,depablo_low_temp,78,149,9.134741958405357e-07,9.626436803955585e-05,0.9905107755398636,1.07352934719529e-05,161,1,1,same_source_cyclic_next_latent,False
validation,depablo_low_temp,78,175,1.3319726122063003e-06,0.00013287020556163043,0.9899753853275369,1.2903008610010147e-05,161,1,1,same_source_cyclic_next_latent,False
validation,depablo_low_temp,78,199,1.8332083300265367e-06,0.00017190758080687374,0.9893360820888637,1.4162873412715271e-05,161,1,1,same_source_cyclic_next_latent,False
validation,lj_noisy,15,0,1.678968715168594e-07,0.0,,2.031070209795871e-07,79,1,1,same_source_cyclic_next_latent,False
validation,lj_noisy,15,5,5.441665251737504e-08,9.055690952664008e-08,0.3990888955705062,9.103691667178282e-08,79,1,1,same_source_cyclic_next_latent,False
validation,lj_noisy,15,10,2.8903970772375942e-08,3.651525162240432e-07,0.9208441144777937,5.5373376994793944e-08,79,1,1,same_source_cyclic_next_latent,False
validation,lj_noisy,15,25,2.493042359219544e-07,2.382581669735373e-06,0.8953638235831622,2.1974963715365448e-07,79,1,1,same_source_cyclic_next_latent,False
validation,lj_noisy,15,50,1.272397184948204e-06,1.0002500857808627e-05,0.8727920943935851,1.224513653141912e-06,79,1,1,same_source_cyclic_next_latent,False
validation,lj_noisy,15,75,3.527345825204975e-06,2.3497006623074412e-05,0.8498810558387864,3.5067014323431067e-06,79,1,1,same_source_cyclic_next_latent,False
validation,lj_noisy,15,100,8.022376277949661e-06,4.446260936674662e-05,0.8195702773137385,8.101242201519199e-06,79,1,1,same_source_cyclic_next_latent,False
validation,lj_noisy,15,125,1.499656355008483e-05,7.343651668634266e-05,0.7957887407141437,1.5050170077302027e-05,79,1,1,same_source_cyclic_next_latent,False
validation,lj_noisy,15,149,2.1929366994299926e-05,0.00010652769560692832,0.7941439841596114,2.1756673959316686e-05,79,1,1,same_source_cyclic_next_latent,False
validation,lj_noisy,15,175,3.0511040677083656e-05,0.00015080551384016871,0.7976795416816073,2.96474954666337e-05,79,1,1,same_source_cyclic_next_latent,False
validation,lj_noisy,15,199,4.1283525206381455e-05,0.00020307757949922234,0.7967105708656551,3.9609971281606704e-05,79,1,1,same_source_cyclic_next_latent,False
validation,lj_noisy,79,0,1.9836703302189562e-07,0.0,,2.4111318452924024e-07,75,1,1,same_source_cyclic_next_latent,False
validation,lj_noisy,79,5,7.759011566577101e-08,1.0333684485885897e-07,0.24915342855932687,1.2584122544012644e-07,75,1,1,same_source_cyclic_next_latent,False
validation,lj_noisy,79,10,4.3570388186253695e-08,4.55465340110095e-07,0.9043387402964145,8.398635742423721e-08,75,1,1,same_source_cyclic_next_latent,False
validation,lj_noisy,79,25,3.706611835241347e-07,3.182375849064556e-06,0.8835268990515094,3.44460318046913e-07,75,1,1,same_source_cyclic_next_latent,False
validation,lj_noisy,79,50,1.846346663114673e-06,1.3238345673016738e-05,0.8605304085027771,1.998582320084097e-06,75,1,1,same_source_cyclic_next_latent,False
validation,lj_noisy,79,75,4.354146767582279e-06,3.0100934964139014e-05,0.855348454366297,5.435189905256266e-06,75,1,1,same_source_cyclic_next_latent,False
validation,lj_noisy,79,100,7.550971986347577e-06,5.402554961619899e-05,0.860233314792905,1.0246206329611596e-05,75,1,1,same_source_cyclic_next_latent,False
validation,lj_noisy,79,125,1.1765560884668957e-05,8.518932736478746e-05,0.861889261852158,1.5845294910832308e-05,75,1,1,same_source_cyclic_next_latent,False
validation,lj_noisy,79,149,1.7159081835416146e-05,0.0001221718266606331,0.8595496007186635,2.184248478442896e-05,75,1,1,same_source_cyclic_next_latent,False
validation,lj_noisy,79,175,2.4841187041602097e-05,0.00017011869931593537,0.8539773279393092,2.9290034945006482e-05,75,1,1,same_source_cyclic_next_latent,False
validation,lj_noisy,79,199,3.3931119105545804e-05,0.00022137924679555,0.8467285457119558,3.743540946743451e-05,75,1,1,same_source_cyclic_next_latent,False
validation,lj_noisy,75,0,1.439411931869472e-07,0.0,,1.195560486166869e-07,181,1,1,same_source_cyclic_next_latent,False
validation,lj_noisy,75,5,5.843245887149351e-08,9.145860246917437e-08,0.3611048354780202,3.0987731491904924e-08,181,1,1,same_source_cyclic_next_latent,False
validation,lj_noisy,75,10,5.4447149011593865e-08,3.9008332919365785e-07,0.8604217485424417,4.493699279350949e-08,181,1,1,same_source_cyclic_next_latent,False
validation,lj_noisy,75,25,3.8439890204244875e-07,2.6733314371085726e-06,0.856209785024558,6.119377644608903e-07,181,1,1,same_source_cyclic_next_latent,False
validation,lj_noisy,75,50,1.8457652686265646e-06,1.1298255230940413e-05,0.8366327162116224,2.848386884579668e-06,181,1,1,same_source_cyclic_next_latent,False
validation,lj_noisy,75,75,4.700068529928103e-06,2.6090825485880487e-05,0.8198574233509159,7.022054433036828e-06,181,1,1,same_source_cyclic_next_latent,False
validation,lj_noisy,75,100,8.744270417082589e-06,4.721252480521798e-05,0.8147891803465642,1.3274020602693781e-05,181,1,1,same_source_cyclic_next_latent,False
validation,lj_noisy,75,125,1.3946150829724502e-05,7.473392179235816e-05,0.813389281664186,2.1584846763289534e-05,181,1,1,same_source_cyclic_next_latent,False
validation,lj_noisy,75,149,1.995535239984747e-05,0.00010709988418966532,0.8136753129955945,3.115268191322684e-05,181,1,1,same_source_cyclic_next_latent,False
validation,lj_noisy,75,175,2.7997855795547366e-05,0.00014858660870231688,0.8115721461034274,4.297586565371603e-05,181,1,1,same_source_cyclic_next_latent,False
validation,lj_noisy,75,199,3.6721390642924234e-05,0.00019195048662368208,0.8086934225130863,5.53015161131043e-05,181,1,1,same_source_cyclic_next_latent,False
validation,lj_noisy,181,0,2.0137235878792126e-07,0.0,,2.1293229224284005e-07,31,1,1,same_source_cyclic_next_latent,False
validation,lj_noisy,181,5,8.048539967830948e-08,8.917994165358323e-08,0.09749436716439486,9.452130456111263e-08,31,1,1,same_source_cyclic_next_latent,False
validation,lj_noisy,181,10,3.982819052339437e-08,3.5931097386310284e-07,0.8891539824259059,5.639242672828004e-08,31,1,1,same_source_cyclic_next_latent,False
validation,lj_noisy,181,25,2.0278018553199217e-07,2.322475211258279e-06,0.9126879010165498,2.0669959610586375e-07,31,1,1,same_source_cyclic_next_latent,False
validation,lj_noisy,181,50,1.0356341135775438e-06,9.647412298363633e-06,0.8926516166668647,1.284899440179288e-06,31,1,1,same_source_cyclic_next_latent,False
validation,lj_noisy,181,75,2.649090902195894e-06,2.220537317043636e-05,0.8807004556121208,3.7219756450213026e-06,31,1,1,same_source_cyclic_next_latent,False
validation,lj_noisy,181,100,5.310927463142434e-06,4.0102699131239206e-05,0.8675668327021577,7.874235052440781e-06,31,1,1,same_source_cyclic_next_latent,False
validation,lj_noisy,181,125,9.217957995133474e-06,6.356189987855032e-05,0.8549766760788065,1.4017612556926906e-05,31,1,1,same_source_cyclic_next_latent,False
validation,lj_noisy,181,149,1.422563218511641e-05,9.170166595140472e-05,0.8448705153006165,2.1400790501502343e-05,31,1,1,same_source_cyclic_next_latent,False
validation,lj_noisy,181,175,2.0613018932635896e-05,0.0001289811043534428,0.8401857463078414,3.0608811357524246e-05,31,1,1,same_source_cyclic_next_latent,False
validation,lj_noisy,181,199,2.7171996407560073e-05,0.00016955948376562446,0.8397494743194732,3.961490074289031e-05,31,1,1,same_source_cyclic_next_latent,False
validation,lj_noisy,31,0,1.984271165156315e-07,0.0,,1.5225836591525876e-07,142,1,1,same_source_cyclic_next_latent,False
validation,lj_noisy,31,5,7.427419745908992e-08,1.0181967979860929e-07,0.2705320071129864,4.157205779620199e-08,142,1,1,same_source_cyclic_next_latent,False
validation,lj_noisy,31,10,3.590436037370637e-08,4.3096116542074014e-07,0.9166877128275501,3.717328667107722e-08,142,1,1,same_source_cyclic_next_latent,False
validation,lj_noisy,31,25,1.8072763907639455e-07,2.8248798571439693e-06,0.9360228936394077,4.4273068056099874e-07,142,1,1,same_source_cyclic_next_latent,False
validation,lj_noisy,31,50,8.190133371499542e-07,1.1657663890218828e-05,0.9297446431066576,1.7792359585655504e-06,142,1,1,same_source_cyclic_next_latent,False
validation,lj_noisy,31,75,2.1602211290883133e-06,2.6905094273388386e-05,0.919709587071584,3.943736828659894e-06,142,1,1,same_source_cyclic_next_latent,False
validation,lj_noisy,31,100,4.443088982952759e-06,4.89304875372909e-05,0.9091958979651165,7.164187991293147e-06,142,1,1,same_source_cyclic_next_latent,False
validation,lj_noisy,31,125,8.396470548177604e-06,7.90988706285134e-05,0.8938484142509253,1.2229152162035462e-05,142,1,1,same_source_cyclic_next_latent,False
validation,lj_noisy,31,149,1.5549083400401287e-05,0.00011739749606931582,0.8675518309928814,2.066463821392972e-05,142,1,1,same_source_cyclic_next_latent,False
validation,lj_noisy,31,175,3.111305341008119e-05,0.00017393942107446492,0.821127072759651,3.801360435318202e-05,142,1,1,same_source_cyclic_next_latent,False
validation,lj_noisy,31,199,5.372231680667028e-05,0.00024001374549698085,0.7761698327092434,6.24123786110431e-05,142,1,1,same_source_cyclic_next_latent,False
validation,lj_noisy,142,0,1.9377360160888202e-07,0.0,,2.2368183749676973e-07,157,1,1,same_source_cyclic_next_latent,False
validation,lj_noisy,142,5,6.932925344926844e-08,9.436170955723355e-08,0.2652819265931389,9.947024182110908e-08,157,1,1,same_source_cyclic_next_latent,False
validation,lj_noisy,142,10,3.611402732417446e-08,3.835527593309962e-07,0.9058433906533078,5.1934449629698065e-08,157,1,1,same_source_cyclic_next_latent,False
validation,lj_noisy,142,25,2.933491884959949e-07,2.477869657013798e-06,0.8816123408002323,2.499794788946019e-07,157,1,1,same_source_cyclic_next_latent,False
validation,lj_noisy,142,50,1.533750264570699e-06,1.0261092029395513e-05,0.8505275793086271,1.4525845699608908e-06,157,1,1,same_source_cyclic_next_latent,False
validation,lj_noisy,142,75,3.954291059926618e-06,2.3520789909525774e-05,0.8318810263117415,4.005903065262828e-06,157,1,1,same_source_cyclic_next_latent,False
validation,lj_noisy,142,100,7.876159543229733e-06,4.234289735904895e-05,0.8139910106660061,8.26608174975263e-06,157,1,1,same_source_cyclic_next_latent,False
validation,lj_noisy,142,125,1.2837143003707752e-05,6.57610289636068e-05,0.8047910258397564,1.3848289199813735e-05,157,1,1,same_source_cyclic_next_latent,False
validation,lj_noisy,142,149,1.854944639489986e-05,9.220665378961712e-05,0.7988274638268176,2.0490897441050038e-05,157,1,1,same_source_cyclic_next_latent,False
validation,lj_noisy,142,175,2.5969819034799002e-05,0.00012604442599695176,0.7939629711556856,2.902671621995978e-05,157,1,1,same_source_cyclic_next_latent,False
validation,lj_noisy,142,199,3.354643195052631e-05,0.0001614613429410383,0.7922324233189573,3.761799234780483e-05,157,1,1,same_source_cyclic_next_latent,False
validation,lj_noisy,157,0,2.1643421632688842e-07,0.0,,3.3523627962495084e-07,12,1,1,same_source_cyclic_next_latent,False
validation,lj_noisy,157,5,9.969053138547679e-08,9.083687757538428e-08,-0.09746761498649037,2.183007126177472e-07,12,1,1,same_source_cyclic_next_latent,False
validation,lj_noisy,157,10,5.862683849500172e-08,3.649991242582473e-07,0.8393781392924068,2.004943411293425e-07,12,1,1,same_source_cyclic_next_latent,False
validation,lj_noisy,157,25,2.484599406216148e-07,2.373865527260932e-06,0.8953352926826068,7.036977649477194e-07,12,1,1,same_source_cyclic_next_latent,False
validation,lj_noisy,157,50,1.1689127177305636e-06,9.819269507715944e-06,0.8809572629805063,3.46240631188266e-06,12,1,1,same_source_cyclic_next_latent,False
validation,lj_noisy,157,75,2.9333548354770755e-06,2.2813499526819214e-05,0.8714202162614874,8.101251296466216e-06,12,1,1,same_source_cyclic_next_latent,False
validation,lj_noisy,157,100,5.806625267723575e-06,4.15882641391363e-05,0.860378272863298,1.3673477951670066e-05,12,1,1,same_source_cyclic_next_latent,False
validation,lj_noisy,157,125,1.0018247849075124e-05,6.644261884503067e-05,0.8492195517994034,2.023985143750906e-05,12,1,1,same_source_cyclic_next_latent,False
validation,lj_noisy,157,149,1.5646946849301457e-05,9.61377882049419e-05,0.8372445721764885,2.845860035449732e-05,12,1,1,same_source_cyclic_next_latent,False
validation,lj_noisy,157,175,2.2883114070282318e-05,0.00013357444549910724,0.8286864378528507,3.994374128524214e-05,12,1,1,same_source_cyclic_next_latent,False
validation,lj_noisy,157,199,3.117771848337725e-05,0.0001735624682623893,0.8203660111802328,5.309885455062613e-05,12,1,1,same_source_cyclic_next_latent,False
validation,lj_noisy,12,0,1.7256577677926543e-07,0.0,,1.1885716588722062e-07,152,1,1,same_source_cyclic_next_latent,False
validation,lj_noisy,12,5,6.990083534219593e-08,1.0223686786048347e-07,0.31628543787564567,3.172997864453464e-08,152,1,1,same_source_cyclic_next_latent,False
validation,lj_noisy,12,10,6.99942361848116e-08,4.424935866609303e-07,0.8418186425864606,6.255559270584854e-08,152,1,1,same_source_cyclic_next_latent,False
validation,lj_noisy,12,25,6.226572963896615e-07,3.1844713248574408e-06,0.8044707479293958,7.979443239491957e-07,152,1,1,same_source_cyclic_next_latent,False
validation,lj_noisy,12,50,3.508703230181709e-06,1.4166832443152089e-05,0.7523297290159077,4.041959073219914e-06,152,1,1,same_source_cyclic_next_latent,False
validation,lj_noisy,12,75,8.967531357484404e-06,3.3046842872863635e-05,0.7286418133198412,1.0046774150396232e-05,152,1,1,same_source_cyclic_next_latent,False
validation,lj_noisy,12,100,1.5031549082777929e-05,5.7156557886628434e-05,0.7370109461001236,1.6655976651236415e-05,152,1,1,same_source_cyclic_next_latent,False
validation,lj_noisy,12,125,2.2962527509662323e-05,8.803003584034741e-05,0.7391512193485016,2.4989953089971095e-05,152,1,1,same_source_cyclic_next_latent,False
validation,lj_noisy,12,149,3.2789070246508345e-05,0.00012419970880728215,0.7359972051352681,3.5214354284107685e-05,152,1,1,same_source_cyclic_next_latent,False
validation,lj_noisy,12,175,4.425661973073147e-05,0.00016892341955099255,0.7380077916468426,4.7730518417665735e-05,152,1,1,same_source_cyclic_next_latent,False
validation,lj_noisy,12,199,5.4625023039989173e-05,0.00021583693160209805,0.7469153094675565,6.048797513358295e-05,152,1,1,same_source_cyclic_next_latent,False
validation,lj_noisy,152,0,1.932025242012969e-07,0.0,,1.9853608534958767e-07,29,1,1,same_source_cyclic_next_latent,False
validation,lj_noisy,152,5,7.64901741945323e-08,9.695842351220563e-08,0.211103363444195,7.549432723408245e-08,29,1,1,same_source_cyclic_next_latent,False
validation,lj_noisy,152,10,4.1668599237709714e-08,4.1400659256396466e-07,0.8993528122833652,4.072496295748351e-08,29,1,1,same_source_cyclic_next_latent,False
validation,lj_noisy,152,25,2.3045140551403165e-07,2.7664339086186374e-06,0.9166973030528306,2.6636590177986363e-07,29,1,1,same_source_cyclic_next_latent,False
validation,lj_noisy,152,50,1.166871470559272e-06,1.1517513485159725e-05,0.8986872060481821,1.239735297531297e-06,29,1,1,same_source_cyclic_next_latent,False
validation,lj_noisy,152,75,2.9392260785243707e-06,2.6382193027529866e-05,0.8885905324300644,3.0218400297599146e-06,29,1,1,same_source_cyclic_next_latent,False
validation,lj_noisy,152,100,5.421975401986856e-06,4.726915722130798e-05,0.8852957039914657,5.576127932727104e-06,29,1,1,same_source_cyclic_next_latent,False
validation,lj_noisy,152,125,8.456158866465557e-06,7.386328070424497e-05,0.8855160671738268,8.774504749453627e-06,29,1,1,same_source_cyclic_next_latent,False
validation,lj_noisy,152,149,1.2092939869035035e-05,0.0001050939827109687,0.884932138290988,1.2737942597595975e-05,29,1,1,same_source_cyclic_next_latent,False
validation,lj_noisy,152,175,1.708343916106969e-05,0.00014509294123854488,0.8822586473522299,1.833774513215758e-05,29,1,1,same_source_cyclic_next_latent,False
validation,lj_noisy,152,199,2.3114964278647676e-05,0.00018777258810587227,0.8768991549202341,2.5271183403674513e-05,29,1,1,same_source_cyclic_next_latent,False
validation,lj_noisy,29,0,2.011653492672849e-07,0.0,,1.9921809268907964e-07,95,1,1,same_source_cyclic_next_latent,False
validation,lj_noisy,29,5,8.20037300286458e-08,9.255531097096537e-08,0.11400297650806446,8.469829992918676e-08,95,1,1,same_source_cyclic_next_latent,False
validation,lj_noisy,29,10,4.3340964595017795e-08,3.9399358797709283e-07,0.8899957615616382,4.6756369442846335e-08,95,1,1,same_source_cyclic_next_latent,False
validation,lj_noisy,29,25,2.1493764279512106e-07,2.62467051470594e-06,0.9181087143735441,2.0537991929359123e-07,95,1,1,same_source_cyclic_next_latent,False
validation,lj_noisy,29,50,1.0146951581191388e-06,1.0715701137087308e-05,0.9053076280181748,1.3316912372829393e-06,95,1,1,same_source_cyclic_next_latent,False
validation,lj_noisy,29,75,2.7548701382329455e-06,2.4163142370525748e-05,0.885988746993713,4.236027962178923e-06,95,1,1,same_source_cyclic_next_latent,False
validation,lj_noisy,29,100,5.609997970168479e-06,4.288870331947692e-05,0.8691963725650613,9.225992471328937e-06,95,1,1,same_source_cyclic_next_latent,False
validation,lj_noisy,29,125,9.535955541650765e-06,6.650677823927253e-05,0.8566167871289284,1.569881169416476e-05,95,1,1,same_source_cyclic_next_latent,False
validation,lj_noisy,29,149,1.4368339179782197e-05,9.352853521704674e-05,0.8463748080044411,2.2450922187999822e-05,95,1,1,same_source_cyclic_next_latent,False
validation,lj_noisy,29,175,2.100470919685904e-05,0.00012778700329363346,0.8356271869949585,2.9825761885149404e-05,95,1,1,same_source_cyclic_next_latent,False
validation,lj_noisy,29,199,2.8398850190569647e-05,0.0001640301925363019,0.8268681530427111,3.667533383122645e-05,95,1,1,same_source_cyclic_next_latent,False
validation,lj_noisy,95,0,1.28368981222593e-07,0.0,,1.2080539590897388e-07,183,1,1,same_source_cyclic_next_latent,False
validation,lj_noisy,95,5,3.661262581999836e-08,9.315184712477276e-08,0.6069575971912036,3.142537607914164e-08,183,1,1,same_source_cyclic_next_latent,False
validation,lj_noisy,95,10,3.0011776175342675e-08,4.062233927015768e-07,0.9261200198842557,4.105344331151173e-08,183,1,1,same_source_cyclic_next_latent,False
validation,lj_noisy,95,25,3.417916332182358e-07,2.82183304989303e-06,0.8788760259111741,5.500124302670883e-07,183,1,1,same_source_cyclic_next_latent,False
validation,lj_noisy,95,50,1.813243670767406e-06,1.2093249097233638e-05,0.8500614966095266,2.7819328352052253e-06,183,1,1,same_source_cyclic_next_latent,False
validation,lj_noisy,95,75,5.1362862905079965e-06,2.8183430913486518e-05,0.817755109153508,7.085711331455968e-06,183,1,1,same_source_cyclic_next_latent,False
validation,lj_noisy,95,100,1.091357808036264e-05,5.138449341757223e-05,0.7876095032858597,1.3867514098819811e-05,183,1,1,same_source_cyclic_next_latent,False
validation,lj_noisy,95,125,1.8537639334681444e-05,8.035653445404023e-05,0.7693076305414339,2.235922329418827e-05,183,1,1,same_source_cyclic_next_latent,False
validation,lj_noisy,95,149,2.940846206911374e-05,0.00011559575068531558,0.745592187474331,3.4394626709399745e-05,183,1,1,same_source_cyclic_next_latent,False
validation,lj_noisy,95,175,4.640119368559681e-05,0.00016214206698350608,0.7138238425792551,5.3356143325800076e-05,183,1,1,same_source_cyclic_next_latent,False
validation,lj_noisy,95,199,6.743127596564591e-05,0.00021282926900312304,0.6831672810723396,7.660482515348122e-05,183,1,1,same_source_cyclic_next_latent,False
validation,lj_noisy,183,0,2.1274955486205727e-07,0.0,,2.1148626672129467e-07,147,1,1,same_source_cyclic_next_latent,False
validation,lj_noisy,183,5,8.945837493001818e-08,9.035466774776069e-08,0.00991971793028612,1.0068742994917557e-07,147,1,1,same_source_cyclic_next_latent,False
validation,lj_noisy,183,10,4.7358810206787894e-08,3.734352276296704e-07,0.8731806570381924,7.053297679249226e-08,147,1,1,same_source_cyclic_next_latent,False
validation,lj_noisy,183,25,2.1008328587868164e-07,2.431817392789526e-06,0.9136105833844308,3.395760757030075e-07,147,1,1,same_source_cyclic_next_latent,False
validation,lj_noisy,183,50,1.1731608537957072e-06,1.0205611033597961e-05,0.8850474655624698,2.4593089165136917e-06,147,1,1,same_source_cyclic_next_latent,False
validation,lj_noisy,183,75,3.2651312267262256e-06,2.3695167328696698e-05,0.86220265164484,6.196283266035607e-06,147,1,1,same_source_cyclic_next_latent,False
validation,lj_noisy,183,100,6.807931640651077e-06,4.307867129682563e-05,0.8419651434060655,1.1595840078371111e-05,147,1,1,same_source_cyclic_next_latent,False
validation,lj_noisy,183,125,1.0874855433939956e-05,6.872970698168501e-05,0.8417735807190642,1.7453872715122998e-05,147,1,1,same_source_cyclic_next_latent,False
validation,lj_noisy,183,149,1.5124112906050868e-05,9.890592627925798e-05,0.8470858777122376,2.35183924814919e-05,147,1,1,same_source_cyclic_next_latent,False
validation,lj_noisy,183,175,2.028364542638883e-05,0.00013746204786002636,0.8524418503713616,2.9922892281319946e-05,147,1,1,same_source_cyclic_next_latent,False
validation,lj_noisy,183,199,2.6448644348420203e-05,0.00017979549011215568,0.8528959523293846,3.566148006939329e-05,147,1,1,same_source_cyclic_next_latent,False
validation,lj_noisy,147,0,1.4671743997496378e-07,0.0,,1.3859255432180362e-07,43,1,1,same_source_cyclic_next_latent,False
validation,lj_noisy,147,5,4.421081456484899e-08,1.0630814983869641e-07,0.5841258207208856,3.689457273026164e-08,43,1,1,same_source_cyclic_next_latent,False
validation,lj_noisy,147,10,4.225984895356305e-08,4.434336347003409e-07,0.9046985937768997,4.1302456565972534e-08,43,1,1,same_source_cyclic_next_latent,False
validation,lj_noisy,147,25,3.303926519038214e-07,2.912094714702107e-06,0.8865446751316882,3.919454911738285e-07,43,1,1,same_source_cyclic_next_latent,False
validation,lj_noisy,147,50,1.620667717361357e-06,1.199792586703552e-05,0.8649210092375912,1.7385108321832377e-06,43,1,1,same_source_cyclic_next_latent,False
validation,lj_noisy,147,75,3.951236067223363e-06,2.7232879801886156e-05,0.8549093560443175,4.112083843210712e-06,43,1,1,same_source_cyclic_next_latent,False
validation,lj_noisy,147,100,7.343711331486702e-06,4.869244003202766e-05,0.8491816937771789,7.540795195382088e-06,43,1,1,same_source_cyclic_next_latent,False
validation,lj_noisy,147,125,1.1879664270963985e-05,7.65042204875499e-05,0.8447188377940894,1.2232015251356643e-05,43,1,1,same_source_cyclic_next_latent,False
validation,lj_noisy,147,149,1.7162432413897477e-05,0.00010965059482259676,0.8434807176225126,1.789472298696637e-05,43,1,1,same_source_cyclic_next_latent,False
validation,lj_noisy,147,175,2.4120521629811265e-05,0.00015283728134818375,0.8421816888062704,2.5685136279207654e-05,43,1,1,same_source_cyclic_next_latent,False
validation,lj_noisy,147,199,3.219542122678831e-05,0.00019974987662862986,0.8388213210932527,3.5080356610706076e-05,43,1,1,same_source_cyclic_next_latent,False
validation,lj_noisy,43,0,1.750717615323083e-07,0.0,,1.7839832366917108e-07,13,1,1,same_source_cyclic_next_latent,False
validation,lj_noisy,43,5,6.388719953065447e-08,9.6270760252537e-08,0.3363800248064327,6.383303485790748e-08,13,1,1,same_source_cyclic_next_latent,False
validation,lj_noisy,43,10,3.493664380016526e-08,4.102923867321806e-07,0.9148493978198766,3.425561700964863e-08,13,1,1,same_source_cyclic_next_latent,False
validation,lj_noisy,43,25,2.3512230029609782e-07,2.796049102471443e-06,0.9159090946978463,2.9170109883125406e-07,13,1,1,same_source_cyclic_next_latent,False
validation,lj_noisy,43,50,1.2489743994592573e-06,1.1718565474438947e-05,0.893419173005128,1.5392334944408503e-06,13,1,1,same_source_cyclic_next_latent,False
validation,lj_noisy,43,75,3.269448825449217e-06,2.693894930416718e-05,0.8786348796111559,3.966841632063733e-06,13,1,1,same_source_cyclic_next_latent,False
validation,lj_noisy,43,100,6.1994214775040746e-06,4.813013947568834e-05,0.8711946080971664,7.579309112770716e-06,13,1,1,same_source_cyclic_next_latent,False
validation,lj_noisy,43,125,1.0202479643339757e-05,7.53487111069262e-05,0.864596494174113,1.2834978406317532e-05,13,1,1,same_source_cyclic_next_latent,False
validation,lj_noisy,43,149,1.522637285233941e-05,0.00010748124623205513,0.8583346082584005,1.9746968973777257e-05,13,1,1,same_source_cyclic_next_latent,False
validation,lj_noisy,43,175,2.182758180424571e-05,0.00014898361405357718,0.8534900502789782,2.9156941309338436e-05,13,1,1,same_source_cyclic_next_latent,False
validation,lj_noisy,43,199,2.9510218155337498e-05,0.00019355223048478365,0.8475335671336659,3.9926911995280534e-05,13,1,1,same_source_cyclic_next_latent,False
validation,lj_noisy,13,0,1.7648970640493644e-07,0.0,,2.3241086921643728e-07,40,1,1,same_source_cyclic_next_latent,False
validation,lj_noisy,13,5,6.574811806103753e-08,9.281463064780837e-08,0.29161903029573666,1.1893807538854162e-07,40,1,1,same_source_cyclic_next_latent,False
validation,lj_noisy,13,10,3.9251947470120285e-08,3.781031523431011e-07,0.8961871985809259,8.1169325483188e-08,40,1,1,same_source_cyclic_next_latent,False
validation,lj_noisy,13,25,2.3397177528750035e-07,2.410028173471801e-06,0.9029174107328177,2.333701871748417e-07,40,1,1,same_source_cyclic_next_latent,False
validation,lj_noisy,13,50,1.0613858876240556e-06,9.818084436119534e-06,0.8918948095700474,1.3429572618406382e-06,40,1,1,same_source_cyclic_next_latent,False
validation,lj_noisy,13,75,2.6223731310892617e-06,2.2434529455495067e-05,0.8831099561819897,3.97437588617322e-06,40,1,1,same_source_cyclic_next_latent,False
validation,lj_noisy,13,100,5.040777978138067e-06,4.0286795410793275e-05,0.8748776633450576,9.134260835708119e-06,40,1,1,same_source_cyclic_next_latent,False
validation,lj_noisy,13,125,8.504157449351624e-06,6.321443652268499e-05,0.865471276544562,1.6270902051473968e-05,40,1,1,same_source_cyclic_next_latent,False
validation,lj_noisy,13,149,1.3348682841751724e-05,8.989958587335423e-05,0.8515156358945118,2.4452801881125197e-05,40,1,1,same_source_cyclic_next_latent,False
validation,lj_noisy,13,175,2.1923022359260358e-05,0.00012564916687551886,0.8255219441209699,3.595087764551863e-05,40,1,1,same_source_cyclic_next_latent,False
validation,lj_noisy,13,199,3.1592684536008164e-05,0.00016380345914512873,0.8071305410710694,4.665210144594312e-05,40,1,1,same_source_cyclic_next_latent,False
validation,lj_noisy,40,0,2.2679166988837096e-07,0.0,,2.2123407461549505e-07,132,1,1,same_source_cyclic_next_latent,False
validation,lj_noisy,40,5,1.0738135358678846e-07,9.645786747114471e-08,-0.11324619133749247,1.0244933434933046e-07,132,1,1,same_source_cyclic_next_latent,False
validation,lj_noisy,40,10,6.275392649968126e-08,4.1816244333858776e-07,0.8499293097709658,6.006569464034328e-08,132,1,1,same_source_cyclic_next_latent,False
validation,lj_noisy,40,25,3.082904811435583e-07,2.9362895475060213e-06,0.8950067845300171,3.2635659863444744e-07,132,1,1,same_source_cyclic_next_latent,False
validation,lj_noisy,40,50,1.6086695495687309e-06,1.2648867595999036e-05,0.8728210618571445,2.179444663852337e-06,132,1,1,same_source_cyclic_next_latent,False
validation,lj_noisy,40,75,4.342308784544002e-06,2.9483269827323966e-05,0.852719565707067,6.424633738788543e-06,132,1,1,same_source_cyclic_next_latent,False
validation,lj_noisy,40,100,9.478925676376093e-06,5.388597855926491e-05,0.8240929100702704,1.3338034477783367e-05,132,1,1,same_source_cyclic_next_latent,False
validation,lj_noisy,40,125,1.651020829740446e-05,8.557874389225617e-05,0.8070758281029358,2.233121449535247e-05,132,1,1,same_source_cyclic_next_latent,False
validation,lj_noisy,40,149,2.3756005248287693e-05,0.00012253261229489,0.8061250404821542,3.1986779504222795e-05,132,1,1,same_source_cyclic_next_latent,False
validation,lj_noisy,40,175,3.2518713851459324e-05,0.0001704702153801918,0.8092410819160735,4.45057921751868e-05,132,1,1,same_source_cyclic_next_latent,False
validation,lj_noisy,40,199,4.147208164795302e-05,0.0002223484916612506,0.8134816146576969,5.78449726162944e-05,132,1,1,same_source_cyclic_next_latent,False
validation,lj_noisy,132,0,1.4975151430007827e-07,0.0,,1.1902540109076654e-07,61,1,1,same_source_cyclic_next_latent,False
validation,lj_noisy,132,5,5.1579444715343925e-08,1.029204241831394e-07,0.49884150668129723,3.229959233408408e-08,61,1,1,same_source_cyclic_next_latent,False
validation,lj_noisy,132,10,5.1278579604741026e-08,4.4125229692326684e-07,0.8837885265135327,5.835151384303572e-08,61,1,1,same_source_cyclic_next_latent,False
validation,lj_noisy,132,25,4.4559612888406264e-07,3.067184479732532e-06,0.8547214450814775,6.459191013163945e-07,61,1,1,same_source_cyclic_next_latent,False
validation,lj_noisy,132,50,2.3915858946566004e-06,1.3521135770133696e-05,0.8231224110670288,3.202595280527021e-06,61,1,1,same_source_cyclic_next_latent,False
validation,lj_noisy,132,75,6.5220983742619865e-06,3.2666182960383594e-05,0.8003409709003418,8.718968274479266e-06,61,1,1,same_source_cyclic_next_latent,False
validation,lj_noisy,132,100,1.3327071428648196e-05,6.118311284808442e-05,0.782177290296771,1.825103026931174e-05,61,1,1,same_source_cyclic_next_latent,False
validation,lj_noisy,132,125,2.5006665964610875e-05,0.00010149922309210524,0.7536270209485384,3.418051346670836e-05,61,1,1,same_source_cyclic_next_latent,False
validation,lj_noisy,132,149,4.089370486326516e-05,0.00015093496767804027,0.7290640764538034,5.5396900279447436e-05,61,1,1,same_source_cyclic_next_latent,False
validation,lj_noisy,132,175,6.173699512146413e-05,0.0002120805875165388,0.708898415246753,8.19822889752686e-05,61,1,1,same_source_cyclic_next_latent,False
validation,lj_noisy,132,199,7.825491047697142e-05,0.0002682431077118963,0.7082687001933325,0.0001026777463266626,61,1,1,same_source_cyclic_next_latent,False
validation,lj_noisy,61,0,2.0229704489338474e-07,0.0,,2.3637008439436613e-07,188,1,1,same_source_cyclic_next_latent,False
validation,lj_noisy,61,5,8.035951992724222e-08,9.96304834188777e-08,0.19342437003556756,1.1106646269354314e-07,188,1,1,same_source_cyclic_next_latent,False
validation,lj_noisy,61,10,4.19334362788959e-08,4.162667153195798e-07,0.8992630572283388,6.62480630353457e-08,188,1,1,same_source_cyclic_next_latent,False
validation,lj_noisy,61,25,1.7823984421738714e-07,2.741091520874761e-06,0.934974865720461,2.426627645490953e-07,188,1,1,same_source_cyclic_next_latent,False
validation,lj_noisy,61,50,9.132730838246061e-07,1.1338017429807223e-05,0.9194503722120195,1.7015225921568344e-06,188,1,1,same_source_cyclic_next_latent,False
validation,lj_noisy,61,75,2.2405902200262062e-06,2.6031604647869244e-05,0.9139280789511528,4.2067158574354835e-06,188,1,1,same_source_cyclic_next_latent,False
validation,lj_noisy,61,100,4.197594535071403e-06,4.705508763436228e-05,0.9107940342670602,7.297554020624375e-06,188,1,1,same_source_cyclic_next_latent,False
validation,lj_noisy,61,125,6.813755135226529e-06,7.433142309309915e-05,0.9083327770182418,1.04000027931761e-05,188,1,1,same_source_cyclic_next_latent,False
validation,lj_noisy,61,149,1.003048055281397e-05,0.00010632432531565428,0.9056614700066461,1.3947204934083857e-05,188,1,1,same_source_cyclic_next_latent,False
validation,lj_noisy,61,175,1.4627269592892844e-05,0.0001481663784943521,0.9012780784579248,1.9050523405894637e-05,188,1,1,same_source_cyclic_next_latent,False
validation,lj_noisy,61,199,2.0641024093492888e-05,0.00019447802333161235,0.8938644904967126,2.583579407655634e-05,188,1,1,same_source_cyclic_next_latent,False
validation,lj_noisy,188,0,1.4107617118952476e-07,0.0,,1.377229921217804e-07,67,1,1,same_source_cyclic_next_latent,False
validation,lj_noisy,188,5,4.5122561687094276e-08,9.160689984355486e-08,0.507432717795777,4.344637005715413e-08,67,1,1,same_source_cyclic_next_latent,False
validation,lj_noisy,188,10,4.029520184190005e-08,3.833892776583525e-07,0.8948974210024515,3.62681475962745e-08,67,1,1,same_source_cyclic_next_latent,False
validation,lj_noisy,188,25,3.7380655726337864e-07,2.6204288587905467e-06,0.8573490915391963,4.0276418644680234e-07,67,1,1,same_source_cyclic_next_latent,False
validation,lj_noisy,188,50,1.7589843537280103e-06,1.1088137398473918e-05,0.8413634057267272,2.0367228898976464e-06,67,1,1,same_source_cyclic_next_latent,False
validation,lj_noisy,188,75,4.2481483433221e-06,2.5567558623151854e-05,0.8338461483187789,4.985097803000826e-06,67,1,1,same_source_cyclic_next_latent,False
validation,lj_noisy,188,100,7.793405529810116e-06,4.645999797503464e-05,0.8322555774970564,9.026940460898913e-06,67,1,1,same_source_cyclic_next_latent,False
validation,lj_noisy,188,125,1.2599368346855044e-05,7.364279736066237e-05,0.8289124150845304,1.4286557416198775e-05,67,1,1,same_source_cyclic_next_latent,False
validation,lj_noisy,188,149,1.847308703872841e-05,0.00010572637256700546,0.8252745593156443,2.0642863091779873e-05,67,1,1,same_source_cyclic_next_latent,False
validation,lj_noisy,188,175,2.6300920580979437e-05,0.00014696051948703825,0.821034107168496,2.9257505957502872e-05,67,1,1,same_source_cyclic_next_latent,False
validation,lj_noisy,188,199,3.519514939398505e-05,0.00019167976279277354,0.8163856795251004,3.910122541128658e-05,67,1,1,same_source_cyclic_next_latent,False
validation,lj_noisy,67,0,1.7441682587104879e-07,0.0,,1.461486220932784e-07,15,1,1,same_source_cyclic_next_latent,False
validation,lj_noisy,67,5,7.057600015514254e-08,8.974264886774108e-08,0.21357346762569418,4.353064753104263e-08,15,1,1,same_source_cyclic_next_latent,False
validation,lj_noisy,67,10,4.323190339050598e-08,3.756259161491471e-07,0.8849070270930396,3.0907109760391904e-08,15,1,1,same_source_cyclic_next_latent,False
validation,lj_noisy,67,25,1.9262373029960145e-07,2.4605394628451904e-06,0.9217148380636556,3.106488293269649e-07,15,1,1,same_source_cyclic_next_latent,False
validation,lj_noisy,67,50,1.0113739108419395e-06,1.0304262104909867e-05,0.9018489727313874,1.391751197843405e-06,15,1,1,same_source_cyclic_next_latent,False
validation,lj_noisy,67,75,2.766581928881351e-06,2.4312985260621645e-05,0.8862096982651396,3.5257928630016977e-06,15,1,1,same_source_cyclic_next_latent,False
validation,lj_noisy,67,100,5.355288067221409e-06,4.4734984840033576e-05,0.8802885909904471,6.708388355036732e-06,15,1,1,same_source_cyclic_next_latent,False
validation,lj_noisy,67,125,8.837360837787855e-06,7.140247180359438e-05,0.8762317239927402,1.135989987233188e-05,15,1,1,same_source_cyclic_next_latent,False
validation,lj_noisy,67,149,1.3127773854648694e-05,0.0001028560582199134,0.8723675194067753,1.7075422874768265e-05,15,1,1,same_source_cyclic_next_latent,False
validation,lj_noisy,67,175,1.8902046576840803e-05,0.0001433728903066367,0.8681616410437544,2.428788684483152e-05,15,1,1,same_source_cyclic_next_latent,False
validation,lj_noisy,67,199,2.5372100935783237e-05,0.00018682236259337515,0.8641913067387632,3.3192049158969894e-05,15,1,1,same_source_cyclic_next_latent,False
mixed_transfer,depablo_mixed_temp,268,0,1.748860256611806e-07,0.0,,1.730462315663317e-07,161,1,1,same_source_cyclic_next_latent,True
mixed_transfer,depablo_mixed_temp,268,5,5.427026189863682e-05,4.713676025858149e-05,-0.15133627345032985,5.0293190724914894e-05,161,1,1,same_source_cyclic_next_latent,True
mixed_transfer,depablo_mixed_temp,268,10,7.350770465563983e-05,5.8645240642363206e-05,-0.2534300115488062,6.608278636122122e-05,161,1,1,same_source_cyclic_next_latent,True
mixed_transfer,depablo_mixed_temp,268,25,5.9252302889944986e-05,5.51444391021505e-05,-0.07449280207900943,7.561906386399642e-05,161,1,1,same_source_cyclic_next_latent,True
mixed_transfer,depablo_mixed_temp,268,50,6.324436981230974e-05,6.742466939613223e-05,0.06199955626422826,8.458549564238638e-05,161,1,1,same_source_cyclic_next_latent,True
mixed_transfer,depablo_mixed_temp,268,75,5.280835466692224e-05,7.959867070894688e-05,0.33656737987476737,7.138173532439396e-05,161,1,1,same_source_cyclic_next_latent,True
mixed_transfer,depablo_mixed_temp,268,100,6.695221964037046e-05,9.612221765564755e-05,0.3034678009591598,0.00012941409659106284,161,1,1,same_source_cyclic_next_latent,True
mixed_transfer,depablo_mixed_temp,268,125,6.382640276569873e-05,0.00013924895029049367,0.5416381765711876,0.000134839050588198,161,1,1,same_source_cyclic_next_latent,True
mixed_transfer,depablo_mixed_temp,268,149,6.486655183834955e-05,0.00013940916687715799,0.5347038269333646,0.00023469398729503155,161,1,1,same_source_cyclic_next_latent,True
mixed_transfer,depablo_mixed_temp,268,175,8.34623133414425e-05,0.00018091170932166278,0.538657206576686,0.00019000367319677025,161,1,1,same_source_cyclic_next_latent,True
mixed_transfer,depablo_mixed_temp,268,199,9.708704601507634e-05,0.00022531113063450903,0.5690978703907568,0.00024466169998049736,161,1,1,same_source_cyclic_next_latent,True
mixed_transfer,depablo_mixed_temp,161,0,5.978927930527789e-08,0.0,,5.694125349009482e-08,47,1,1,same_source_cyclic_next_latent,True
mixed_transfer,depablo_mixed_temp,161,5,1.9497429093462415e-05,2.0224346371833235e-05,0.03594268338793927,1.9602844986366108e-05,47,1,1,same_source_cyclic_next_latent,True
mixed_transfer,depablo_mixed_temp,161,10,2.1696041585528292e-05,2.2510845155920833e-05,0.036196045272792965,2.1300102162058465e-05,47,1,1,same_source_cyclic_next_latent,True
mixed_transfer,depablo_mixed_temp,161,25,2.4126000425894745e-05,2.079022306133993e-05,-0.1604493301833687,1.9417049770709127e-05,47,1,1,same_source_cyclic_next_latent,True
mixed_transfer,depablo_mixed_temp,161,50,3.68098117178306e-05,4.2505580495344475e-05,0.13400049384427815,3.197161640855484e-05,47,1,1,same_source_cyclic_next_latent,True
mixed_transfer,depablo_mixed_temp,161,75,2.177858004870359e-05,4.9270100134890527e-05,0.5579757299238544,2.1303501853253692e-05,47,1,1,same_source_cyclic_next_latent,True
mixed_transfer,depablo_mixed_temp,161,100,2.626273999339901e-05,7.182943227235228e-05,0.6343735546479079,2.656985816429369e-05,47,1,1,same_source_cyclic_next_latent,True
mixed_transfer,depablo_mixed_temp,161,125,3.2317042496288195e-05,9.014578245114535e-05,0.6415024461759764,2.9263059332151897e-05,47,1,1,same_source_cyclic_next_latent,True
mixed_transfer,depablo_mixed_temp,161,149,3.834838935290463e-05,0.0001271728688152507,0.6984546333651172,2.3552329366793856e-05,47,1,1,same_source_cyclic_next_latent,True
mixed_transfer,depablo_mixed_temp,161,175,3.209261558367871e-05,0.00017018135986290872,0.8114210885990614,2.6728595912572928e-05,47,1,1,same_source_cyclic_next_latent,True
mixed_transfer,depablo_mixed_temp,161,199,3.47456443705596e-05,0.0001962430396815762,0.8229458510888444,2.7379424864193425e-05,47,1,1,same_source_cyclic_next_latent,True
mixed_transfer,depablo_mixed_temp,47,0,6.676104646885506e-08,0.0,,5.390955948314513e-08,191,1,1,same_source_cyclic_next_latent,True
mixed_transfer,depablo_mixed_temp,47,5,2.522702970964019e-07,2.6881184567173477e-07,0.06153578736084764,5.786047836409125e-07,191,1,1,same_source_cyclic_next_latent,True
mixed_transfer,depablo_mixed_temp,47,10,1.9138997231493704e-07,5.738165782531723e-07,0.6664614101991067,8.637211408313306e-07,191,1,1,same_source_cyclic_next_latent,True
mixed_transfer,depablo_mixed_temp,47,25,2.641622529608867e-07,2.950489943032153e-06,0.9104683432035654,4.975217393621278e-07,191,1,1,same_source_cyclic_next_latent,True
mixed_transfer,depablo_mixed_temp,47,50,5.549723027797882e-07,1.030835755955195e-05,0.9461628780750296,9.313180271419697e-07,191,1,1,same_source_cyclic_next_latent,True
mixed_transfer,depablo_mixed_temp,47,75,6.628112600992608e-07,2.303583823959343e-05,0.9712269528373386,3.817249307758175e-06,191,1,1,same_source_cyclic_next_latent,True
mixed_transfer,depablo_mixed_temp,47,100,1.3811417147735483e-06,4.1095041524386033e-05,0.9663915240491004,4.3444506445666775e-06,191,1,1,same_source_cyclic_next_latent,True
mixed_transfer,depablo_mixed_temp,47,125,1.7769159512681654e-06,6.353035132633522e-05,0.9720304403458953,1.1021409591194242e-05,191,1,1,same_source_cyclic_next_latent,True
mixed_transfer,depablo_mixed_temp,47,149,2.059096686934936e-06,9.000220597954467e-05,0.9771217086900856,1.2976671314390842e-05,191,1,1,same_source_cyclic_next_latent,True
mixed_transfer,depablo_mixed_temp,47,175,2.8426397875591647e-06,0.00012707475980278105,0.9776301777633032,2.119020609825384e-05,191,1,1,same_source_cyclic_next_latent,True
mixed_transfer,depablo_mixed_temp,47,199,3.565675342542818e-06,0.00016195152420550585,0.9779830701808141,1.9088969565927982e-05,191,1,1,same_source_cyclic_next_latent,True
mixed_transfer,depablo_mixed_temp,191,0,1.2297610396672098e-07,0.0,,1.489668761678331e-07,242,1,1,same_source_cyclic_next_latent,True
mixed_transfer,depablo_mixed_temp,191,5,8.082765816652682e-06,7.1508447945234366e-06,-0.13032320640534234,9.62597277975874e-06,242,1,1,same_source_cyclic_next_latent,True
mixed_transfer,depablo_mixed_temp,191,10,1.2411444913595915e-05,1.1249665476498194e-05,-0.10327235414464608,1.2789207175956108e-05,242,1,1,same_source_cyclic_next_latent,True
mixed_transfer,depablo_mixed_temp,191,25,1.1392020496714395e-05,1.134495687438175e-05,-0.00414841791412357,1.3540549844037741e-05,242,1,1,same_source_cyclic_next_latent,True
mixed_transfer,depablo_mixed_temp,191,50,1.2026805052300915e-05,2.3212682208395563e-05,0.481886455674172,1.2536414942587726e-05,242,1,1,same_source_cyclic_next_latent,True
mixed_transfer,depablo_mixed_temp,191,75,1.1131594874314032e-05,3.4925145882880315e-05,0.6812727737303299,2.0206196495564654e-05,242,1,1,same_source_cyclic_next_latent,True
mixed_transfer,depablo_mixed_temp,191,100,1.0976359590131324e-05,5.758188126492314e-05,0.8093782393174824,3.5122739063808694e-05,242,1,1,same_source_cyclic_next_latent,True
mixed_transfer,depablo_mixed_temp,191,125,1.1404010365367867e-05,7.634270150447264e-05,0.8506208171753034,2.430889435345307e-05,242,1,1,same_source_cyclic_next_latent,True
mixed_transfer,depablo_mixed_temp,191,149,1.2431661161826923e-05,0.00011539997649379075,0.8922732782142653,3.196000034222379e-05,242,1,1,same_source_cyclic_next_latent,True
mixed_transfer,depablo_mixed_temp,191,175,1.557795621920377e-05,0.00014662892499472946,0.8937593232729237,6.0111011407570913e-05,242,1,1,same_source_cyclic_next_latent,True
mixed_transfer,depablo_mixed_temp,191,199,1.3276967365527526e-05,0.00018133649427909404,0.9267827062704046,6.061323074391112e-05,242,1,1,same_source_cyclic_next_latent,True
mixed_transfer,depablo_mixed_temp,242,0,1.6751198472775286e-07,0.0,,1.658395660797396e-07,208,1,1,same_source_cyclic_next_latent,True
mixed_transfer,depablo_mixed_temp,242,5,2.583503919595387e-05,2.3800261260475963e-05,-0.08549393274337591,2.5201274183928035e-05,208,1,1,same_source_cyclic_next_latent,True
mixed_transfer,depablo_mixed_temp,242,10,3.460578591329977e-05,3.038742215721868e-05,-0.1388194014699926,3.3219843317056075e-05,208,1,1,same_source_cyclic_next_latent,True
mixed_transfer,depablo_mixed_temp,242,25,3.5333177947904915e-05,3.699141598190181e-05,0.044827644197459104,3.823373845079914e-05,208,1,1,same_source_cyclic_next_latent,True
mixed_transfer,depablo_mixed_temp,242,50,3.0832750780973583e-05,4.2313102312618867e-05,0.2713190691343268,3.358383764862083e-05,208,1,1,same_source_cyclic_next_latent,True
mixed_transfer,depablo_mixed_temp,242,75,3.934959022444673e-05,7.29313469491899e-05,0.46045710287154085,4.554318365990184e-05,208,1,1,same_source_cyclic_next_latent,True
mixed_transfer,depablo_mixed_temp,242,100,3.8213991501834244e-05,9.204618982039392e-05,0.5848389642591433,5.993800368742086e-05,208,1,1,same_source_cyclic_next_latent,True
mixed_transfer,depablo_mixed_temp,242,125,3.2094394555315375e-05,0.00011756044841604307,0.7269966643735976,5.729039912694134e-05,208,1,1,same_source_cyclic_next_latent,True
mixed_transfer,depablo_mixed_temp,242,149,3.7371821235865355e-05,0.000145202677231282,0.7426230566235449,4.85497985209804e-05,208,1,1,same_source_cyclic_next_latent,True
mixed_transfer,depablo_mixed_temp,242,175,3.673848186735995e-05,0.00018254968745168298,0.7987480429015588,7.4979972850997e-05,208,1,1,same_source_cyclic_next_latent,True
mixed_transfer,depablo_mixed_temp,242,199,5.0329301302554086e-05,0.0002420646051177755,0.7920831867258471,6.474087422247976e-05,208,1,1,same_source_cyclic_next_latent,True
mixed_transfer,depablo_mixed_temp,208,0,1.5604362602061883e-07,0.0,,1.6220369047914573e-07,221,1,1,same_source_cyclic_next_latent,True
mixed_transfer,depablo_mixed_temp,208,5,2.5432171241845936e-05,2.257787127746269e-05,-0.12642024260420048,4.01706165575888e-05,221,1,1,same_source_cyclic_next_latent,True
mixed_transfer,depablo_mixed_temp,208,10,2.347132067370694e-05,2.1629317416227423e-05,-0.08516233878455881,3.787054447457194e-05,221,1,1,same_source_cyclic_next_latent,True
mixed_transfer,depablo_mixed_temp,208,25,2.2523912775795907e-05,2.2251089831115678e-05,-0.012261104815581403,2.156451046175789e-05,221,1,1,same_source_cyclic_next_latent,True
mixed_transfer,depablo_mixed_temp,208,50,1.992261786654126e-05,2.6678577341954224e-05,0.25323537266691776,2.150347427232191e-05,221,1,1,same_source_cyclic_next_latent,True
mixed_transfer,depablo_mixed_temp,208,75,2.784029311442282e-05,4.3110252590849996e-05,0.35420714467509684,3.022298915311694e-05,221,1,1,same_source_cyclic_next_latent,True
mixed_transfer,depablo_mixed_temp,208,100,3.0403603886952624e-05,6.287909491220489e-05,0.5164751666765601,3.1575109460391104e-05,221,1,1,same_source_cyclic_next_latent,True
mixed_transfer,depablo_mixed_temp,208,125,2.480241710145492e-05,6.771790503989905e-05,0.6337391552966463,4.305500988266431e-05,221,1,1,same_source_cyclic_next_latent,True
mixed_transfer,depablo_mixed_temp,208,149,3.363433643244207e-05,0.0001124460031860508,0.7008845536573549,4.2355120967840776e-05,221,1,1,same_source_cyclic_next_latent,True
mixed_transfer,depablo_mixed_temp,208,175,3.770781768253073e-05,0.00013137060159351677,0.7129660881115152,4.060769424540922e-05,221,1,1,same_source_cyclic_next_latent,True
mixed_transfer,depablo_mixed_temp,208,199,3.1534604204352945e-05,0.00017357629258185625,0.8183242438509761,4.230863487464376e-05,221,1,1,same_source_cyclic_next_latent,True
mixed_transfer,depablo_mixed_temp,221,0,1.3837157553098223e-07,0.0,,1.2186048081730405e-07,140,1,1,same_source_cyclic_next_latent,True
mixed_transfer,depablo_mixed_temp,221,5,4.1148265154333785e-05,2.707511703192722e-05,-0.5197816174094976,3.076092980336398e-05,140,1,1,same_source_cyclic_next_latent,True
mixed_transfer,depablo_mixed_temp,221,10,4.52664025942795e-05,3.6674908187706023e-05,-0.23426082930054815,3.8340342143783346e-05,140,1,1,same_source_cyclic_next_latent,True
mixed_transfer,depablo_mixed_temp,221,25,3.566281156963669e-05,3.482666943455115e-05,-0.024008673486762167,3.729776290128939e-05,140,1,1,same_source_cyclic_next_latent,True
mixed_transfer,depablo_mixed_temp,221,50,3.7491605326067656e-05,4.851730773225427e-05,0.22725297263056354,4.505744800553657e-05,140,1,1,same_source_cyclic_next_latent,True
mixed_transfer,depablo_mixed_temp,221,75,4.170895408606157e-05,5.7804521929938346e-05,0.2784482477579405,6.747707084286958e-05,140,1,1,same_source_cyclic_next_latent,True
mixed_transfer,depablo_mixed_temp,221,100,4.4982727558817714e-05,6.448220665333793e-05,0.30240092742717606,5.349546700017527e-05,140,1,1,same_source_cyclic_next_latent,True
mixed_transfer,depablo_mixed_temp,221,125,3.1863692129263654e-05,9.433583181817085e-05,0.6622312909618495,7.751517841825262e-05,140,1,1,same_source_cyclic_next_latent,True
mixed_transfer,depablo_mixed_temp,221,149,5.422078902483918e-05,0.00012878440611530095,0.5789801680158762,0.00010021810885518789,140,1,1,same_source_cyclic_next_latent,True
mixed_transfer,depablo_mixed_temp,221,175,6.162712088553235e-05,0.00016914735897444189,0.635660164845706,0.00012987871014047414,140,1,1,same_source_cyclic_next_latent,True
mixed_transfer,depablo_mixed_temp,221,199,6.262079841690138e-05,0.00020088825840502977,0.6882804454870345,0.00014434797049034387,140,1,1,same_source_cyclic_next_latent,True
mixed_transfer,depablo_mixed_temp,140,0,1.1386701714855008e-07,0.0,,1.3999209613757557e-07,118,1,1,same_source_cyclic_next_latent,True
mixed_transfer,depablo_mixed_temp,140,5,7.322979399759788e-06,5.748682269768324e-06,-0.27385356436735364,9.690369552117772e-06,118,1,1,same_source_cyclic_next_latent,True
mixed_transfer,depablo_mixed_temp,140,10,6.112621576903621e-06,6.143378413980827e-06,0.0050065021238494545,7.119998372218106e-06,118,1,1,same_source_cyclic_next_latent,True
mixed_transfer,depablo_mixed_temp,140,25,5.028131909057265e-06,7.007966814853717e-06,0.2825120263983125,5.636695277644321e-06,118,1,1,same_source_cyclic_next_latent,True
mixed_transfer,depablo_mixed_temp,140,50,7.80386744736461e-06,1.9301036445540376e-05,0.5956762493359395,1.1347261533956043e-05,118,1,1,same_source_cyclic_next_latent,True
mixed_transfer,depablo_mixed_temp,140,75,6.654705430264585e-06,2.7593006961978972e-05,0.7588263780227268,1.3381972166826017e-05,118,1,1,same_source_cyclic_next_latent,True
mixed_transfer,depablo_mixed_temp,140,100,5.437216259451816e-06,4.4695243559544906e-05,0.8783491077253416,1.3136113921063952e-05,118,1,1,same_source_cyclic_next_latent,True
mixed_transfer,depablo_mixed_temp,140,125,7.252508567034965e-06,7.706028554821387e-05,0.9058852622276188,2.854974263755139e-05,118,1,1,same_source_cyclic_next_latent,True
mixed_transfer,depablo_mixed_temp,140,149,6.076837053115014e-06,0.00010311150253983214,0.9410653816166871,2.7329320801072754e-05,118,1,1,same_source_cyclic_next_latent,True
mixed_transfer,depablo_mixed_temp,140,175,7.146133611968253e-06,0.0001441092899767682,0.9504117075788779,3.283111800556071e-05,118,1,1,same_source_cyclic_next_latent,True
mixed_transfer,depablo_mixed_temp,140,199,9.203800800605677e-06,0.00018415348313283175,0.9500210333031448,3.8994716305751354e-05,118,1,1,same_source_cyclic_next_latent,True
mixed_transfer,depablo_mixed_temp,118,0,1.4085294708365836e-07,0.0,,1.194651844116379e-07,158,1,1,same_source_cyclic_next_latent,True
mixed_transfer,depablo_mixed_temp,118,5,1.0923025001829956e-05,7.472703146049753e-06,-0.4617233935760079,9.918714567902498e-06,158,1,1,same_source_cyclic_next_latent,True
mixed_transfer,depablo_mixed_temp,118,10,8.186207196558826e-06,6.560167093994096e-06,-0.24786565330834143,1.2631973731913604e-05,158,1,1,same_source_cyclic_next_latent,True
mixed_transfer,depablo_mixed_temp,118,25,7.341257060033968e-06,9.963821867131628e-06,0.2632087207167867,1.0150537491426803e-05,158,1,1,same_source_cyclic_next_latent,True
mixed_transfer,depablo_mixed_temp,118,50,8.307446478283964e-06,1.8252863810630515e-05,0.5448688729356712,8.282890121336095e-06,158,1,1,same_source_cyclic_next_latent,True
mixed_transfer,depablo_mixed_temp,118,75,8.080341103777755e-06,2.543711343605537e-05,0.6823404855236277,1.1900354365934618e-05,158,1,1,same_source_cyclic_next_latent,True
mixed_transfer,depablo_mixed_temp,118,100,7.311795343412086e-06,4.048683331348002e-05,0.8194031307215712,1.3283195585245267e-05,158,1,1,same_source_cyclic_next_latent,True
mixed_transfer,depablo_mixed_temp,118,125,1.0995291631843429e-05,6.137721356935799e-05,0.8208571065315886,1.5499064829782583e-05,158,1,1,same_source_cyclic_next_latent,True
mixed_transfer,depablo_mixed_temp,118,149,1.1619301403698046e-05,7.702268339926377e-05,0.849144422254586,1.870378946478013e-05,158,1,1,same_source_cyclic_next_latent,True
mixed_transfer,depablo_mixed_temp,118,175,1.3797537576465402e-05,0.0001161079853773117,0.8811663338087551,3.31943592755124e-05,158,1,1,same_source_cyclic_next_latent,True
mixed_transfer,depablo_mixed_temp,118,199,1.432925637345761e-05,0.00014814999303780496,0.9032787239497131,4.13033485529013e-05,158,1,1,same_source_cyclic_next_latent,True
mixed_transfer,depablo_mixed_temp,158,0,7.76258133328156e-08,0.0,,1.0024555052723372e-07,250,1,1,same_source_cyclic_next_latent,True
mixed_transfer,depablo_mixed_temp,158,5,1.662332215346396e-05,1.573649569763802e-05,-0.05635476111489357,1.6286927348119207e-05,250,1,1,same_source_cyclic_next_latent,True
mixed_transfer,depablo_mixed_temp,158,10,1.9841312678181566e-05,2.0582121578627266e-05,0.03599283473356629,1.9619561498984694e-05,250,1,1,same_source_cyclic_next_latent,True
mixed_transfer,depablo_mixed_temp,158,25,1.9477136447676457e-05,2.284510264871642e-05,0.1474261793798154,2.0231133021297865e-05,250,1,1,same_source_cyclic_next_latent,True
mixed_transfer,depablo_mixed_temp,158,50,1.7781512724468485e-05,2.7017762477044016e-05,0.34185842593083826,2.251814839837607e-05,250,1,1,same_source_cyclic_next_latent,True
mixed_transfer,depablo_mixed_temp,158,75,2.129769927705638e-05,4.9534719437360764e-05,0.5700450205640424,3.0169798264978454e-05,250,1,1,same_source_cyclic_next_latent,True
mixed_transfer,depablo_mixed_temp,158,100,2.039188620983623e-05,5.9894391597481444e-05,0.6595359654560093,4.3397772969910875e-05,250,1,1,same_source_cyclic_next_latent,True
mixed_transfer,depablo_mixed_temp,158,125,1.865562444436364e-05,7.881387864472345e-05,0.763295186518363,5.7210007071262226e-05,250,1,1,same_source_cyclic_next_latent,True
mixed_transfer,depablo_mixed_temp,158,149,2.0544077415252104e-05,0.00011068722233176231,0.8143952212146455,4.444768637767993e-05,250,1,1,same_source_cyclic_next_latent,True
mixed_transfer,depablo_mixed_temp,158,175,2.1887946786591783e-05,0.00015321206592489034,0.8571395362730636,7.21718097338453e-05,250,1,1,same_source_cyclic_next_latent,True
mixed_transfer,depablo_mixed_temp,158,199,2.5972389266826212e-05,0.0002061646373476833,0.8740211240833439,0.00010339810978621244,250,1,1,same_source_cyclic_next_latent,True
mixed_transfer,depablo_mixed_temp,250,0,1.4907890033555304e-07,0.0,,1.6550055192965374e-07,136,1,1,same_source_cyclic_next_latent,True
mixed_transfer,depablo_mixed_temp,250,5,5.2011488151038066e-05,4.835599611396901e-05,-0.07559542416318998,6.544766074512154e-05,136,1,1,same_source_cyclic_next_latent,True
mixed_transfer,depablo_mixed_temp,250,10,5.7919754908652976e-05,5.153584061190486e-05,-0.1238732932450397,5.7904606364900246e-05,136,1,1,same_source_cyclic_next_latent,True
mixed_transfer,depablo_mixed_temp,250,25,5.762933869846165e-05,5.111822974868119e-05,-0.1273735217708405,5.970185884507373e-05,136,1,1,same_source_cyclic_next_latent,True
mixed_transfer,depablo_mixed_temp,250,50,6.64939871057868e-05,6.523817864945158e-05,-0.01924959406183202,6.183238292578608e-05,136,1,1,same_source_cyclic_next_latent,True
mixed_transfer,depablo_mixed_temp,250,75,6.052496610209346e-05,8.879067172529176e-05,0.31834093687959897,6.117657176218927e-05,136,1,1,same_source_cyclic_next_latent,True
mixed_transfer,depablo_mixed_temp,250,100,9.382557618664578e-05,0.0001296159898629412,0.27612653125699227,9.637783659854904e-05,136,1,1,same_source_cyclic_next_latent,True
mixed_transfer,depablo_mixed_temp,250,125,9.127186058321968e-05,0.00019025067740585655,0.5202547405993624,0.00010148568253498524,136,1,1,same_source_cyclic_next_latent,True
mixed_transfer,depablo_mixed_temp,250,149,6.722086982335895e-05,0.00016449361282866448,0.5913466263679442,7.644066499779001e-05,136,1,1,same_source_cyclic_next_latent,True
mixed_transfer,depablo_mixed_temp,250,175,8.258205343736336e-05,0.00018673459999263287,0.5577570871138964,8.3572042058222e-05,136,1,1,same_source_cyclic_next_latent,True
mixed_transfer,depablo_mixed_temp,250,199,0.00010930743883363903,0.00025101620121859014,0.5645403033629219,0.00010953465243801475,136,1,1,same_source_cyclic_next_latent,True
mixed_transfer,depablo_mixed_temp,136,0,1.476521589438562e-07,0.0,,1.4344607279781485e-07,68,1,1,same_source_cyclic_next_latent,True
mixed_transfer,depablo_mixed_temp,136,5,2.2384410840459168e-05,1.0966320587613154e-05,-1.0411961023411216,1.1038274351449218e-05,68,1,1,same_source_cyclic_next_latent,True
mixed_transfer,depablo_mixed_temp,136,10,1.1445136806287337e-05,1.2293307008803822e-05,0.06899447007294868,1.0472798749106005e-05,68,1,1,same_source_cyclic_next_latent,True
mixed_transfer,depablo_mixed_temp,136,25,1.1568740774237085e-05,1.05185035863542e-05,-0.0998466349572169,1.071832866728073e-05,68,1,1,same_source_cyclic_next_latent,True
mixed_transfer,depablo_mixed_temp,136,50,1.081725895346608e-05,1.8912367522716522e-05,0.42803253265499586,1.1951354281336535e-05,68,1,1,same_source_cyclic_next_latent,True
mixed_transfer,depablo_mixed_temp,136,75,1.1724708201654721e-05,3.769572140299715e-05,0.6889644828306032,1.1612832167884335e-05,68,1,1,same_source_cyclic_next_latent,True
mixed_transfer,depablo_mixed_temp,136,100,1.6963656889856793e-05,6.272367318160832e-05,0.7295493706062031,1.5635228919563815e-05,68,1,1,same_source_cyclic_next_latent,True
mixed_transfer,depablo_mixed_temp,136,125,2.3442442397936247e-05,9.743942064233124e-05,0.7594152115909442,2.2409691155189648e-05,68,1,1,same_source_cyclic_next_latent,True
mixed_transfer,depablo_mixed_temp,136,149,1.7205189578817226e-05,0.00012985024659428746,0.8674997542933112,1.794975651137065e-05,68,1,1,same_source_cyclic_next_latent,True
mixed_transfer,depablo_mixed_temp,136,175,2.808791396091692e-05,0.00018626838573254645,0.8492072938171753,2.5402905521332286e-05,68,1,1,same_source_cyclic_next_latent,True
mixed_transfer,depablo_mixed_temp,136,199,2.969234083138872e-05,0.00021623147767968476,0.8626826161019278,2.8025047868140973e-05,68,1,1,same_source_cyclic_next_latent,True
mixed_transfer,depablo_mixed_temp,68,0,1.5859652080507658e-07,0.0,,1.0918968484929792e-07,96,1,1,same_source_cyclic_next_latent,True
mixed_transfer,depablo_mixed_temp,68,5,1.9216638520447304e-06,1.8872113969337079e-06,-0.01825574769578009,2.9104214718245203e-06,96,1,1,same_source_cyclic_next_latent,True
mixed_transfer,depablo_mixed_temp,68,10,2.3767922812112374e-06,2.4416788164671743e-06,0.02657455797147812,3.064447582801222e-06,96,1,1,same_source_cyclic_next_latent,True
mixed_transfer,depablo_mixed_temp,68,25,2.9264626846270403e-06,5.627597602142487e-06,0.47998011024937093,3.357231207701261e-06,96,1,1,same_source_cyclic_next_latent,True
mixed_transfer,depablo_mixed_temp,68,50,2.5651254418335157e-06,1.578773844812531e-05,0.8375241995386549,8.079186955001205e-06,96,1,1,same_source_cyclic_next_latent,True
mixed_transfer,depablo_mixed_temp,68,75,3.2529060263186693e-06,3.037540773220826e-05,0.8929098810789136,1.7977527022594586e-05,96,1,1,same_source_cyclic_next_latent,True
mixed_transfer,depablo_mixed_temp,68,100,6.131360350991599e-06,5.9114165196660906e-05,0.8962793379455871,2.375251096964348e-05,96,1,1,same_source_cyclic_next_latent,True
mixed_transfer,depablo_mixed_temp,68,125,6.4098971961357165e-06,8.239176531787962e-05,0.9222022107257275,3.4730892366496846e-05,96,1,1,same_source_cyclic_next_latent,True
mixed_transfer,depablo_mixed_temp,68,149,8.91767649591202e-06,0.00011558266123756766,0.922845897469148,4.719618664239533e-05,96,1,1,same_source_cyclic_next_latent,True
mixed_transfer,depablo_mixed_temp,68,175,1.3464162293530535e-05,0.00017106324958149344,0.9212913216224371,7.982590614119545e-05,96,1,1,same_source_cyclic_next_latent,True
mixed_transfer,depablo_mixed_temp,68,199,1.6218222299357876e-05,0.00021742821263615042,0.9254088413701039,0.00010720116551965475,96,1,1,same_source_cyclic_next_latent,True
mixed_transfer,depablo_mixed_temp,96,0,8.184478161865627e-08,0.0,,7.695433623666759e-08,262,1,1,same_source_cyclic_next_latent,True
mixed_transfer,depablo_mixed_temp,96,5,2.1594210011244286e-06,1.7755693306753528e-06,-0.21618512091728603,4.517264642345253e-06,262,1,1,same_source_cyclic_next_latent,True
mixed_transfer,depablo_mixed_temp,96,10,1.6455387594760396e-06,1.988127678487217e-06,0.172317363073913,2.2932069896342e-06,262,1,1,same_source_cyclic_next_latent,True
mixed_transfer,depablo_mixed_temp,96,25,1.6973223182503716e-06,3.6336575703899143e-06,0.5328887531721272,2.3076793240761617e-06,262,1,1,same_source_cyclic_next_latent,True
mixed_transfer,depablo_mixed_temp,96,50,1.8109096799889812e-06,1.0712924449762795e-05,0.8309602864762966,2.910823013735353e-06,262,1,1,same_source_cyclic_next_latent,True
mixed_transfer,depablo_mixed_temp,96,75,2.0568911622831365e-06,2.5437306248932146e-05,0.9191387978682104,7.9736619227333e-06,262,1,1,same_source_cyclic_next_latent,True
mixed_transfer,depablo_mixed_temp,96,100,1.8027578789769905e-06,4.0724535210756585e-05,0.9557328801999236,8.097519639704842e-06,262,1,1,same_source_cyclic_next_latent,True
mixed_transfer,depablo_mixed_temp,96,125,2.4553269213356543e-06,6.520055467262864e-05,0.962341932002514,1.811993024602998e-05,262,1,1,same_source_cyclic_next_latent,True
mixed_transfer,depablo_mixed_temp,96,149,2.327913762201206e-06,9.046640479937196e-05,0.9742676436919999,1.6329575373674743e-05,262,1,1,same_source_cyclic_next_latent,True
mixed_transfer,depablo_mixed_temp,96,175,3.975239906139905e-06,0.00012494108523242176,0.9681830848615973,1.966579475265462e-05,262,1,1,same_source_cyclic_next_latent,True
mixed_transfer,depablo_mixed_temp,96,199,4.1265811887569726e-06,0.0001630225160624832,0.9746870476028272,3.095902138738893e-05,262,1,1,same_source_cyclic_next_latent,True
mixed_transfer,depablo_mixed_temp,262,0,1.2654692227442865e-07,0.0,,1.2529216064649518e-07,70,1,1,same_source_cyclic_next_latent,True
mixed_transfer,depablo_mixed_temp,262,5,3.3576674468349665e-05,3.000729702762328e-05,-0.11895031523301114,2.9673710741917603e-05,70,1,1,same_source_cyclic_next_latent,True
mixed_transfer,depablo_mixed_temp,262,10,2.961555219371803e-05,2.804812538670376e-05,-0.05588347832177454,2.7972066163783893e-05,70,1,1,same_source_cyclic_next_latent,True
mixed_transfer,depablo_mixed_temp,262,25,3.0281584258773364e-05,3.341671254020184e-05,0.09381917139984297,2.9135622753528878e-05,70,1,1,same_source_cyclic_next_latent,True
mixed_transfer,depablo_mixed_temp,262,50,3.355406079208478e-05,4.543422983260825e-05,0.26148058598755086,3.336616646265611e-05,70,1,1,same_source_cyclic_next_latent,True
mixed_transfer,depablo_mixed_temp,262,75,3.0007715395186096e-05,5.0519352953415364e-05,0.4060154447572468,3.193768498022109e-05,70,1,1,same_source_cyclic_next_latent,True
mixed_transfer,depablo_mixed_temp,262,100,3.583977013477124e-05,7.402702613035217e-05,0.5158556002011756,3.6672969145001844e-05,70,1,1,same_source_cyclic_next_latent,True
mixed_transfer,depablo_mixed_temp,262,125,3.70366069546435e-05,8.881043322617188e-05,0.5829700902333956,3.6270779673941433e-05,70,1,1,same_source_cyclic_next_latent,True
mixed_transfer,depablo_mixed_temp,262,149,4.3835912947542965e-05,0.00013079402560833842,0.6648477425199127,4.728497515316121e-05,70,1,1,same_source_cyclic_next_latent,True
mixed_transfer,depablo_mixed_temp,262,175,3.863707752316259e-05,0.00015667513071093708,0.7533936793424648,3.611867214203812e-05,70,1,1,same_source_cyclic_next_latent,True
mixed_transfer,depablo_mixed_temp,262,199,4.5023894926998764e-05,0.00018418519175611436,0.7555509512045009,3.7322774005588144e-05,70,1,1,same_source_cyclic_next_latent,True
mixed_transfer,depablo_mixed_temp,70,0,1.1672348421143397e-07,0.0,,1.1645427377970918e-07,78,1,1,same_source_cyclic_next_latent,True
mixed_transfer,depablo_mixed_temp,70,5,1.3169670864954242e-06,1.34399056150869e-06,0.02010689344643224,1.9134924968966516e-06,78,1,1,same_source_cyclic_next_latent,True
mixed_transfer,depablo_mixed_temp,70,10,1.3594565189123387e-06,1.8160093304686598e-06,0.2514044415391291,1.3981266420159955e-06,78,1,1,same_source_cyclic_next_latent,True
mixed_transfer,depablo_mixed_temp,70,25,1.0971183428409859e-06,3.822250619123224e-06,0.7129653567581471,1.5292196167138172e-06,78,1,1,same_source_cyclic_next_latent,True
mixed_transfer,depablo_mixed_temp,70,50,1.1058280051656766e-06,1.149375930253882e-05,0.9037888321777007,1.458466385884094e-06,78,1,1,same_source_cyclic_next_latent,True
mixed_transfer,depablo_mixed_temp,70,75,1.3977754633742734e-06,2.6700765374698676e-05,0.9476503596897343,1.5037280718388502e-06,78,1,1,same_source_cyclic_next_latent,True
mixed_transfer,depablo_mixed_temp,70,100,1.5845381540202652e-06,4.5999360736459494e-05,0.9655530396803026,2.108618673446472e-06,78,1,1,same_source_cyclic_next_latent,True
mixed_transfer,depablo_mixed_temp,70,125,1.9557105588319246e-06,6.957071309443563e-05,0.971888881515743,2.2589138097828254e-06,78,1,1,same_source_cyclic_next_latent,True
mixed_transfer,depablo_mixed_temp,70,149,1.8176230014432804e-06,9.833231888478622e-05,0.9815155075965111,2.652876219144673e-06,78,1,1,same_source_cyclic_next_latent,True
mixed_transfer,depablo_mixed_temp,70,175,1.9789588350249687e-06,0.00013775291154161096,0.9856339963135575,2.696716819627909e-06,78,1,1,same_source_cyclic_next_latent,True
mixed_transfer,depablo_mixed_temp,70,199,2.09575455301092e-06,0.00017585520981810987,0.9880824994881949,2.7629585019894876e-06,78,1,1,same_source_cyclic_next_latent,True
mixed_transfer,depablo_mixed_temp,78,0,1.0161645747075454e-07,0.0,,1.5959196275616705e-07,44,1,1,same_source_cyclic_next_latent,True
mixed_transfer,depablo_mixed_temp,78,5,1.965205683518434e-06,1.4125503184914123e-06,-0.3912464977652983,1.4996123809396522e-06,44,1,1,same_source_cyclic_next_latent,True
mixed_transfer,depablo_mixed_temp,78,10,1.0981030982293305e-06,1.781855075932981e-06,0.3837304093575833,1.3646398429045803e-06,44,1,1,same_source_cyclic_next_latent,True
mixed_transfer,depablo_mixed_temp,78,25,1.678572516539134e-06,3.92146057492937e-06,0.5719522141136488,3.2324419407814275e-06,44,1,1,same_source_cyclic_next_latent,True
mixed_transfer,depablo_mixed_temp,78,50,1.4567934840670205e-06,1.2238961971888784e-05,0.8809708300905685,1.0076379112433642e-05,44,1,1,same_source_cyclic_next_latent,True
mixed_transfer,depablo_mixed_temp,78,75,1.473962015552388e-06,2.4325721824425273e-05,0.9394072650262574,2.2637950678472407e-05,44,1,1,same_source_cyclic_next_latent,True
mixed_transfer,depablo_mixed_temp,78,100,1.8178496929976973e-06,4.797106157639064e-05,0.9621052852853195,3.907692735083401e-05,44,1,1,same_source_cyclic_next_latent,True
mixed_transfer,depablo_mixed_temp,78,125,1.7921853441293933e-06,6.928451330168173e-05,0.9741329590304578,5.638751099468209e-05,44,1,1,same_source_cyclic_next_latent,True
mixed_transfer,depablo_mixed_temp,78,149,2.4432822556264e-06,9.965606295736507e-05,0.9754828538964891,8.300762419821694e-05,44,1,1,same_source_cyclic_next_latent,True
mixed_transfer,depablo_mixed_temp,78,175,2.6054299269162584e-06,0.00013577769277617335,0.9808110605384107,0.00011527650349307805,44,1,1,same_source_cyclic_next_latent,True
mixed_transfer,depablo_mixed_temp,78,199,2.9887464734201785e-06,0.00017324589134659618,0.9827485289827689,0.00014596783148590475,44,1,1,same_source_cyclic_next_latent,True
mixed_transfer,depablo_mixed_temp,44,0,1.2413531180754944e-07,0.0,,1.1015492162869123e-07,36,1,1,same_source_cyclic_next_latent,True
mixed_transfer,depablo_mixed_temp,44,5,3.110214379375975e-07,3.781680391057307e-07,0.17755757817851947,2.967107377571665e-07,36,1,1,same_source_cyclic_next_latent,True
mixed_transfer,depablo_mixed_temp,44,10,2.290864671294912e-07,6.340637810353655e-07,0.6387012253634565,2.23391367626391e-07,36,1,1,same_source_cyclic_next_latent,True
mixed_transfer,depablo_mixed_temp,44,25,4.571766965000279e-07,2.970265768453828e-06,0.8460822255854865,4.51517507826793e-07,36,1,1,same_source_cyclic_next_latent,True
mixed_transfer,depablo_mixed_temp,44,50,1.485165171288827e-06,1.2383442481223028e-05,0.8800684725963093,1.6995040823530871e-06,36,1,1,same_source_cyclic_next_latent,True
mixed_transfer,depablo_mixed_temp,44,75,2.9932550660305424e-06,2.688998392841313e-05,0.8886851299725866,3.4416937069181586e-06,36,1,1,same_source_cyclic_next_latent,True
mixed_transfer,depablo_mixed_temp,44,100,5.242793577053817e-06,4.955984331900254e-05,0.8942128702202012,5.757564849773189e-06,36,1,1,same_source_cyclic_next_latent,True
mixed_transfer,depablo_mixed_temp,44,125,7.78445064497646e-06,7.413839921355247e-05,0.8950010962260774,8.957596037362237e-06,36,1,1,same_source_cyclic_next_latent,True
mixed_transfer,depablo_mixed_temp,44,149,1.1592779628699645e-05,0.00010949795978376642,0.8941278937836582,1.3690510968444869e-05,36,1,1,same_source_cyclic_next_latent,True
mixed_transfer,depablo_mixed_temp,44,175,1.6081237845355645e-05,0.00015169796824920923,0.8939917387757138,1.9536841136869043e-05,36,1,1,same_source_cyclic_next_latent,True
mixed_transfer,depablo_mixed_temp,44,199,2.2077174435253255e-05,0.00019818956207018346,0.8886057660925896,2.6205196263617836e-05,36,1,1,same_source_cyclic_next_latent,True
mixed_transfer,depablo_mixed_temp,36,0,1.4218471733329352e-07,0.0,,1.0381707227224979e-07,39,1,1,same_source_cyclic_next_latent,True
mixed_transfer,depablo_mixed_temp,36,5,2.6072925152220705e-07,3.3019685474755534e-07,0.21038238925218777,2.3012621852558368e-07,39,1,1,same_source_cyclic_next_latent,True
mixed_transfer,depablo_mixed_temp,36,10,2.5744492404555785e-07,8.42837948766828e-07,0.6945499138686977,3.7953773812660074e-07,39,1,1,same_source_cyclic_next_latent,True
mixed_transfer,depablo_mixed_temp,36,25,4.212286341953586e-07,3.554258228177787e-06,0.8814862041097908,1.1203022722838796e-06,39,1,1,same_source_cyclic_next_latent,True
mixed_transfer,depablo_mixed_temp,36,50,1.4178692708810559e-06,1.4621562513639219e-05,0.9030288815194378,4.099923899048008e-06,39,1,1,same_source_cyclic_next_latent,True
mixed_transfer,depablo_mixed_temp,36,75,3.05189882965351e-06,3.327914600959048e-05,0.9082939559574634,9.361364391224924e-06,39,1,1,same_source_cyclic_next_latent,True
mixed_transfer,depablo_mixed_temp,36,100,5.348032118490664e-06,5.905385114601813e-05,0.9094380465506479,1.5830883057788014e-05,39,1,1,same_source_cyclic_next_latent,True
mixed_transfer,depablo_mixed_temp,36,125,8.929223440645728e-06,9.289666195400059e-05,0.903880039897804,2.4883649530238472e-05,39,1,1,same_source_cyclic_next_latent,True
mixed_transfer,depablo_mixed_temp,36,149,1.262431305804057e-05,0.0001317297574132681,0.9041650625800892,3.535588984959759e-05,39,1,1,same_source_cyclic_next_latent,True
mixed_transfer,depablo_mixed_temp,36,175,1.739746039675083e-05,0.0001856548187788576,0.9062913609720318,4.9674868932925165e-05,39,1,1,same_source_cyclic_next_latent,True
mixed_transfer,depablo_mixed_temp,36,199,2.184026197937783e-05,0.00023682504252064973,0.9077789166765441,6.127390952315181e-05,39,1,1,same_source_cyclic_next_latent,True
mixed_transfer,depablo_mixed_temp,39,0,1.2075739164174593e-07,0.0,,1.4521945956857962e-07,268,1,1,same_source_cyclic_next_latent,True
mixed_transfer,depablo_mixed_temp,39,5,1.36068294409597e-07,2.2900907481471222e-07,0.4058388536799784,7.5421567089506425e-06,268,1,1,same_source_cyclic_next_latent,True
mixed_transfer,depablo_mixed_temp,39,10,1.6996075657971232e-07,5.392316211327852e-07,0.6848093659220706,1.0722475053626113e-05,268,1,1,same_source_cyclic_next_latent,True
mixed_transfer,depablo_mixed_temp,39,25,1.7319868561571639e-07,2.620684426801745e-06,0.9339108960070075,2.409070020803483e-06,268,1,1,same_source_cyclic_next_latent,True
mixed_transfer,depablo_mixed_temp,39,50,3.208187990821898e-07,1.0089373063237872e-05,0.968202305825013,5.557521944865584e-06,268,1,1,same_source_cyclic_next_latent,True
mixed_transfer,depablo_mixed_temp,39,75,6.051220680092229e-07,2.215639869973529e-05,0.9726886090014054,8.02845988800982e-06,268,1,1,same_source_cyclic_next_latent,True
mixed_transfer,depablo_mixed_temp,39,100,1.0122739695361815e-06,4.0103928768076e-05,0.97475873310592,7.037032901280327e-06,268,1,1,same_source_cyclic_next_latent,True
mixed_transfer,depablo_mixed_temp,39,125,1.760985583132424e-06,6.175228190841153e-05,0.9714830686622359,1.6756213881308213e-05,268,1,1,same_source_cyclic_next_latent,True
mixed_transfer,depablo_mixed_temp,39,149,2.413111815258162e-06,8.764490485191345e-05,0.9724671751388697,2.3733029593131505e-05,268,1,1,same_source_cyclic_next_latent,True
mixed_transfer,depablo_mixed_temp,39,175,3.476183337625116e-06,0.00012142759078415111,0.9713723766141061,2.5891962650348432e-05,268,1,1,same_source_cyclic_next_latent,True
mixed_transfer,depablo_mixed_temp,39,199,4.7534736040688585e-06,0.00015619987971149385,0.9695680072683239,3.6456236557569355e-05,268,1,1,same_source_cyclic_next_latent,True
