split,source,sim_idx,frame,z0,z1
train,reid,0,0,-1.096493124961853,-2.2528960704803467
train,reid,0,10,-1.4853887557983398,-2.576946496963501
train,reid,0,20,-1.8886123895645142,-2.960357904434204
train,reid,0,30,-2.317924737930298,-3.364694118499756
train,reid,0,40,-2.773620843887329,-3.787773609161377
train,reid,0,50,-3.255678653717041,-4.229205131530762
train,reid,0,60,-3.7641959190368652,-4.688815593719482
train,reid,0,70,-4.298834323883057,-5.166831016540527
train,reid,0,80,-4.8591084480285645,-5.663729190826416
train,reid,0,90,-5.443854808807373,-6.179209232330322
train,reid,0,100,-6.052422046661377,-6.713943958282471
train,reid,1,0,-0.4421257972717285,-1.8631315231323242
train,reid,1,10,-0.7438251972198486,-2.215724229812622
train,reid,1,20,-1.0568571090698242,-2.610929489135742
train,reid,1,30,-1.4009475708007812,-3.0206217765808105
train,reid,1,40,-1.7769372463226318,-3.442561626434326
train,reid,1,50,-2.183457612991333,-3.8753936290740967
train,reid,1,60,-2.6185991764068604,-4.317591667175293
train,reid,1,70,-3.0802247524261475,-4.766973972320557
train,reid,1,80,-3.5659706592559814,-5.221709728240967
train,reid,1,90,-4.073760032653809,-5.680159568786621
train,reid,1,100,-4.6005754470825195,-6.140417575836182
train,reid,2,0,-0.4319715201854706,-1.9376171827316284
train,reid,2,10,-0.8946019411087036,-1.9956051111221313
train,reid,2,20,-1.3863255977630615,-2.0707311630249023
train,reid,2,30,-1.905743956565857,-2.1637773513793945
train,reid,2,40,-2.451416015625,-2.274390697479248
train,reid,2,50,-3.0220510959625244,-2.4023890495300293
train,reid,2,60,-3.6166880130767822,-2.5468366146087646
train,reid,2,70,-4.233911991119385,-2.7074201107025146
train,reid,2,80,-4.871763706207275,-2.8833391666412354
train,reid,2,90,-5.528873920440674,-3.0740537643432617
train,reid,2,100,-6.2038655281066895,-3.2778191566467285
train,reid,3,0,-0.5544682145118713,-1.9943606853485107
train,reid,3,10,-1.0207158327102661,-2.062706470489502
train,reid,3,20,-1.5114492177963257,-2.1456515789031982
train,reid,3,30,-2.0267508029937744,-2.2446980476379395
train,reid,3,40,-2.565274477005005,-2.359745740890503
train,reid,3,50,-3.126537561416626,-2.4900031089782715
train,reid,3,60,-3.7093851566314697,-2.6354315280914307
train,reid,3,70,-4.312766075134277,-2.7951884269714355
train,reid,3,80,-4.935842037200928,-2.9683351516723633
train,reid,3,90,-5.577241897583008,-3.15472149848938
train,reid,3,100,-6.235527992248535,-3.3537981510162354
train,reid,4,0,-0.4998832941055298,-1.9186772108078003
train,reid,4,10,-0.848129153251648,-2.1614291667938232
train,reid,4,20,-1.2255427837371826,-2.4388790130615234
train,reid,4,30,-1.636930227279663,-2.739439010620117
train,reid,4,40,-2.0810532569885254,-3.0616695880889893
train,reid,4,50,-2.5570783615112305,-3.404815196990967
train,reid,4,60,-3.0641672611236572,-3.767786979675293
train,reid,4,70,-3.600144863128662,-4.15008544921875
train,reid,4,80,-4.164370536804199,-4.550111770629883
train,reid,4,90,-4.754961013793945,-4.96708869934082
train,reid,4,100,-5.3701558113098145,-5.400143146514893
train,reid,5,0,-1.089624285697937,-2.2858572006225586
train,reid,5,10,-1.4816951751708984,-2.666673421859741
train,reid,5,20,-1.8910326957702637,-3.1082680225372314
train,reid,5,30,-2.324359178543091,-3.5710501670837402
train,reid,5,40,-2.7796945571899414,-4.05557918548584
train,reid,5,50,-3.254974842071533,-4.562681198120117
train,reid,5,60,-3.7491369247436523,-5.093031406402588
train,reid,5,70,-4.261270046234131,-5.647425651550293
train,reid,5,80,-4.789689064025879,-6.226916313171387
train,reid,5,90,-5.3331522941589355,-6.831827163696289
train,reid,5,100,-5.890340328216553,-7.46334981918335
train,reid,6,0,-0.5922931432723999,-1.9874629974365234
train,reid,6,10,-0.9453940987586975,-2.278397560119629
train,reid,6,20,-1.3260626792907715,-2.6100046634674072
train,reid,6,30,-1.7356972694396973,-2.9670112133026123
train,reid,6,40,-2.1702678203582764,-3.346543550491333
train,reid,6,50,-2.6271722316741943,-3.7455148696899414
train,reid,6,60,-3.102729082107544,-4.161839008331299
train,reid,6,70,-3.594090700149536,-4.59358024597168
train,reid,6,80,-4.0985517501831055,-5.038547992706299
train,reid,6,90,-4.61347770690918,-5.495582580566406
train,reid,6,100,-5.1362080574035645,-5.9632110595703125
train,reid,7,0,-0.9675562381744385,-2.1837544441223145
train,reid,7,10,-1.3659329414367676,-2.4779796600341797
train,reid,7,20,-1.7789472341537476,-2.805537462234497
train,reid,7,30,-2.2144525051116943,-3.152940511703491
train,reid,7,40,-2.6739649772644043,-3.520061731338501
train,reid,7,50,-3.157815933227539,-3.9064149856567383
train,reid,7,60,-3.665785312652588,-4.311787128448486
train,reid,7,70,-4.197607517242432,-4.735832691192627
train,reid,7,80,-4.752676010131836,-5.178070068359375
train,reid,7,90,-5.330348491668701,-5.638210296630859
train,reid,7,100,-5.929960250854492,-6.115774631500244
train,reid,8,0,-0.4632788598537445,-1.920790672302246
train,reid,8,10,-0.9051274657249451,-2.028998374938965
train,reid,8,20,-1.3721356391906738,-2.1475794315338135
train,reid,8,30,-1.8650298118591309,-2.278731107711792
train,reid,8,40,-2.3834636211395264,-2.422619581222534
train,reid,8,50,-2.926644802093506,-2.579219341278076
train,reid,8,60,-3.4937009811401367,-2.7480263710021973
train,reid,8,70,-4.083493232727051,-2.9286715984344482
train,reid,8,80,-4.695150375366211,-3.120520830154419
train,reid,8,90,-5.327391624450684,-3.3231964111328125
train,reid,8,100,-5.978664875030518,-3.535975933074951
train,reid,9,0,-0.45718395709991455,-1.9132969379425049
train,reid,9,10,-0.8958127498626709,-1.9904422760009766
train,reid,9,20,-1.360976219177246,-2.0770504474639893
train,reid,9,30,-1.8520413637161255,-2.1762564182281494
train,reid,9,40,-2.3682658672332764,-2.287672996520996
train,reid,9,50,-2.9085960388183594,-2.410409450531006
train,reid,9,60,-3.4721193313598633,-2.543928861618042
train,reid,9,70,-4.057486057281494,-2.6877188682556152
train,reid,9,80,-4.663089275360107,-2.840435028076172
train,reid,9,90,-5.288095474243164,-3.0019805431365967
train,reid,9,100,-5.930866718292236,-3.171142578125
train,reid,10,0,-0.5054104328155518,-1.9932940006256104
train,reid,10,10,-0.9528839588165283,-2.0529937744140625
train,reid,10,20,-1.4254142045974731,-2.1266443729400635
train,reid,10,30,-1.922749400138855,-2.214987277984619
train,reid,10,40,-2.443729877471924,-2.3177385330200195
train,reid,10,50,-2.9872841835021973,-2.43450665473938
train,reid,10,60,-3.552011489868164,-2.565164566040039
train,reid,10,70,-4.136416912078857,-2.708824872970581
train,reid,10,80,-4.739648818969727,-2.8651297092437744
train,reid,10,90,-5.359809875488281,-3.0337905883789062
train,reid,10,100,-5.995340824127197,-3.214388370513916
train,reid,11,0,-0.3246999680995941,-1.8203089237213135
train,reid,11,10,-0.6462216973304749,-2.1433773040771484
train,reid,11,20,-0.9796685576438904,-2.4962375164031982
train,reid,11,30,-1.3386205434799194,-2.8622827529907227
train,reid,11,40,-1.7220749855041504,-3.243224620819092
train,reid,11,50,-2.1287689208984375,-3.6397876739501953
train,reid,11,60,-2.5569870471954346,-4.052319049835205
train,reid,11,70,-3.004936933517456,-4.481039047241211
train,reid,11,80,-3.4706268310546875,-4.926257133483887
train,reid,11,90,-3.9525678157806396,-5.387449264526367
train,reid,11,100,-4.448436260223389,-5.864854335784912
train,reid,12,0,-0.5334703326225281,-1.9894176721572876
train,reid,12,10,-1.0015584230422974,-2.0315024852752686
train,reid,12,20,-1.4976685047149658,-2.085346221923828
train,reid,12,30,-2.0198562145233154,-2.155921459197998
train,reid,12,40,-2.5670623779296875,-2.2425150871276855
train,reid,12,50,-3.1376864910125732,-2.344829797744751
train,reid,12,60,-3.730106830596924,-2.4621379375457764
train,reid,12,70,-4.343114376068115,-2.594423294067383
train,reid,12,80,-4.975003242492676,-2.740468740463257
train,reid,12,90,-5.62408971786499,-2.900111436843872
train,reid,12,100,-6.288642406463623,-3.072948455810547
train,reid,13,0,-1.0902963876724243,-2.2750093936920166
train,reid,13,10,-1.501053810119629,-2.5486316680908203
train,reid,13,20,-1.9391883611679077,-2.848680019378662
train,reid,13,30,-2.4075121879577637,-3.1617283821105957
train,reid,13,40,-2.9054880142211914,-3.4852652549743652
train,reid,13,50,-3.431377410888672,-3.8171603679656982
train,reid,13,60,-3.9833264350891113,-4.155621528625488
train,reid,13,70,-4.559874534606934,-4.498581886291504
train,reid,13,80,-5.159336090087891,-4.845041751861572
train,reid,13,90,-5.77948522567749,-5.194016933441162
train,reid,13,100,-6.418600559234619,-5.544381141662598
train,reid,14,0,-0.7544040679931641,-2.072793483734131
train,reid,14,10,-1.1005349159240723,-2.3421878814697266
train,reid,14,20,-1.4644713401794434,-2.6482486724853516
train,reid,14,30,-1.8610496520996094,-2.9780752658843994
train,reid,14,40,-2.292750835418701,-3.332183599472046
train,reid,14,50,-2.760169267654419,-3.7108471393585205
train,reid,14,60,-3.264112710952759,-4.113742828369141
train,reid,14,70,-3.8048648834228516,-4.540280342102051
train,reid,14,80,-4.382460117340088,-4.989969253540039
train,reid,14,90,-4.9968085289001465,-5.461888313293457
train,reid,14,100,-5.6476731300354,-5.9543657302856445
train,reid,15,0,-0.6642608642578125,-2.0021796226501465
train,reid,15,10,-1.0468195676803589,-2.2304723262786865
train,reid,15,20,-1.4383125305175781,-2.4770402908325195
train,reid,15,30,-1.849060297012329,-2.7340052127838135
train,reid,15,40,-2.278968572616577,-3.0013132095336914
train,reid,15,50,-2.7275285720825195,-3.2777113914489746
train,reid,15,60,-3.193519353866577,-3.563558578491211
train,reid,15,70,-3.67631196975708,-3.857550859451294
train,reid,15,80,-4.174482345581055,-4.160261154174805
train,reid,15,90,-4.687168121337891,-4.47062873840332
train,reid,15,100,-5.213150978088379,-4.788222789764404
train,reid,16,0,-0.4956359267234802,-1.9759633541107178
train,reid,16,10,-0.8936894536018372,-2.0893545150756836
train,reid,16,20,-1.3162697553634644,-2.2130308151245117
train,reid,16,30,-1.765439748764038,-2.350511312484741
train,reid,16,40,-2.2413525581359863,-2.501800298690796
train,reid,16,50,-2.7432031631469727,-2.6661930084228516
train,reid,16,60,-3.2703113555908203,-2.8431026935577393
train,reid,16,70,-3.821244716644287,-3.032226324081421
train,reid,16,80,-4.395182132720947,-3.2329535484313965
train,reid,16,90,-4.990687847137451,-3.4444363117218018
train,reid,16,100,-5.606586456298828,-3.6661577224731445
train,reid,17,0,-0.6544392704963684,-1.9914233684539795
train,reid,17,10,-0.9973777532577515,-2.3050878047943115
train,reid,17,20,-1.3549054861068726,-2.6563451290130615
train,reid,17,30,-1.7357277870178223,-3.0315587520599365
train,reid,17,40,-2.1388423442840576,-3.4303762912750244
train,reid,17,50,-2.5638580322265625,-3.8516592979431152
train,reid,17,60,-3.010453224182129,-4.295292377471924
train,reid,17,70,-3.478851556777954,-4.760244846343994
train,reid,17,80,-3.9691500663757324,-5.246545314788818
train,reid,17,90,-4.481437683105469,-5.7530436515808105
train,reid,17,100,-5.015974044799805,-6.279068470001221
train,reid,18,0,-0.6386136412620544,-1.9824163913726807
train,reid,18,10,-0.9796351194381714,-2.2379350662231445
train,reid,18,20,-1.3194609880447388,-2.5125839710235596
train,reid,18,30,-1.6731715202331543,-2.7953693866729736
train,reid,18,40,-2.041592836380005,-3.0861713886260986
train,reid,18,50,-2.4244823455810547,-3.384659767150879
train,reid,18,60,-2.8213908672332764,-3.6903021335601807
train,reid,18,70,-3.2320308685302734,-4.003190994262695
train,reid,18,80,-3.6557724475860596,-4.323093414306641
train,reid,18,90,-4.092278957366943,-4.649619102478027
train,reid,18,100,-4.540848731994629,-4.982011795043945
train,reid,19,0,-1.0830141305923462,-2.1905922889709473
train,reid,19,10,-1.4660615921020508,-2.4764106273651123
train,reid,19,20,-1.8691242933273315,-2.7994468212127686
train,reid,19,30,-2.301440954208374,-3.1441473960876465
train,reid,19,40,-2.7630398273468018,-3.5111024379730225
train,reid,19,50,-3.252885103225708,-3.9006423950195312
train,reid,19,60,-3.7703185081481934,-4.312119960784912
train,reid,19,70,-4.314925670623779,-4.743766784667969
train,reid,19,80,-4.886142730712891,-5.194835662841797
train,reid,19,90,-5.482895374298096,-5.663604736328125
train,reid,19,100,-6.104574203491211,-6.148519515991211
train,reid,20,0,-0.7231175899505615,-2.092273235321045
train,reid,20,10,-1.1969081163406372,-2.1611547470092773
train,reid,20,20,-1.6976330280303955,-2.2419939041137695
train,reid,20,30,-2.2234082221984863,-2.337221384048462
train,reid,20,40,-2.773041009902954,-2.4453113079071045
train,reid,20,50,-3.345322608947754,-2.5664541721343994
train,reid,20,60,-3.938868522644043,-2.6996946334838867
train,reid,20,70,-4.55242919921875,-2.843968391418457
train,reid,20,80,-5.184423446655273,-2.9987881183624268
train,reid,20,90,-5.833363056182861,-3.1641781330108643
train,reid,20,100,-6.49798059463501,-3.338510751724243
train,reid,21,0,-0.497362345457077,-1.9744279384613037
train,reid,21,10,-0.8978971242904663,-2.113766670227051
train,reid,21,20,-1.3209598064422607,-2.267955780029297
train,reid,21,30,-1.768625020980835,-2.436511278152466
train,reid,21,40,-2.2398297786712646,-2.6189470291137695
train,reid,21,50,-2.734070062637329,-2.81501841545105
train,reid,21,60,-3.2504727840423584,-3.024230480194092
train,reid,21,70,-3.7878875732421875,-3.2463812828063965
train,reid,21,80,-4.345477104187012,-3.4806110858917236
train,reid,21,90,-4.9221882820129395,-3.7267189025878906
train,reid,21,100,-5.516767501831055,-3.9842147827148438
train,reid,22,0,-0.16690415143966675,-1.756432294845581
train,reid,22,10,-0.5426173806190491,-1.920324683189392
train,reid,22,20,-0.9412962198257446,-2.1008541584014893
train,reid,22,30,-1.3645721673965454,-2.2971794605255127
train,reid,22,40,-1.811827301979065,-2.508787155151367
train,reid,22,50,-2.281939744949341,-2.7352192401885986
train,reid,22,60,-2.7737045288085938,-2.9762890338897705
train,reid,22,70,-3.286195755004883,-3.231231451034546
train,reid,22,80,-3.8178443908691406,-3.49957013130188
train,reid,22,90,-4.3677215576171875,-3.7811801433563232
train,reid,22,100,-4.934390544891357,-4.07471227645874
train,reid,23,0,-0.7288596630096436,-2.0140745639801025
train,reid,23,10,-1.0981504917144775,-2.25034236907959
train,reid,23,20,-1.5003924369812012,-2.5107598304748535
train,reid,23,30,-1.9354019165039062,-2.7879881858825684
train,reid,23,40,-2.4020631313323975,-3.0814409255981445
train,reid,23,50,-2.89913272857666,-3.3901383876800537
train,reid,23,60,-3.4258921146392822,-3.7129905223846436
train,reid,23,70,-3.981318473815918,-4.048603534698486
train,reid,23,80,-4.564093112945557,-4.3952155113220215
train,reid,23,90,-5.173282146453857,-4.75184965133667
train,reid,23,100,-5.8072357177734375,-5.117187976837158
train,reid,24,0,-0.7266152501106262,-2.1331586837768555
train,reid,24,10,-1.1460137367248535,-2.233506679534912
train,reid,24,20,-1.5934590101242065,-2.349360942840576
train,reid,24,30,-2.0691463947296143,-2.480605125427246
train,reid,24,40,-2.5725982189178467,-2.627391815185547
train,reid,24,50,-3.103029489517212,-2.78867769241333
train,reid,24,60,-3.659708261489868,-2.9646706581115723
train,reid,24,70,-4.241525650024414,-3.1544055938720703
train,reid,24,80,-4.847750663757324,-3.3568453788757324
train,reid,24,90,-5.477027416229248,-3.5721943378448486
train,reid,24,100,-6.128166198730469,-3.7990493774414062
train,reid,25,0,-0.23764611780643463,-1.7772163152694702
train,reid,25,10,-0.578261137008667,-2.0535459518432617
train,reid,25,20,-0.9385007619857788,-2.3694522380828857
train,reid,25,30,-1.329658031463623,-2.7086737155914307
train,reid,25,40,-1.7518222332000732,-3.0701355934143066
train,reid,25,50,-2.2034413814544678,-3.453853130340576
train,reid,25,60,-2.6842188835144043,-3.858194351196289
train,reid,25,70,-3.192143678665161,-4.283547878265381
train,reid,25,80,-3.726790189743042,-4.727773666381836
train,reid,25,90,-4.285594463348389,-5.191375732421875
train,reid,25,100,-4.868143558502197,-5.671191692352295
train,reid,26,0,-0.12050464004278183,-1.7293953895568848
train,reid,26,10,-0.550176739692688,-1.8440344333648682
train,reid,26,20,-1.0108662843704224,-1.974642038345337
train,reid,26,30,-1.4998812675476074,-2.1214377880096436
train,reid,26,40,-2.0165293216705322,-2.283682107925415
train,reid,26,50,-2.559576988220215,-2.461104154586792
train,reid,26,60,-3.127514362335205,-2.6532366275787354
train,reid,26,70,-3.7190890312194824,-2.8595995903015137
train,reid,26,80,-4.332767486572266,-3.0791525840759277
train,reid,26,90,-4.9668402671813965,-3.3117291927337646
train,reid,26,100,-5.620002269744873,-3.5557708740234375
train,reid,27,0,-0.7646017670631409,-2.0658371448516846
train,reid,27,10,-1.0969061851501465,-2.4332549571990967
train,reid,27,20,-1.449307918548584,-2.8723044395446777
train,reid,27,30,-1.8377225399017334,-3.3386335372924805
train,reid,27,40,-2.261521816253662,-3.829833745956421
train,reid,27,50,-2.720045566558838,-4.343867301940918
train,reid,27,60,-3.2119526863098145,-4.879904270172119
train,reid,27,70,-3.7361297607421875,-5.436511039733887
train,reid,27,80,-4.290268421173096,-6.01274299621582
train,reid,27,90,-4.872875213623047,-6.607032299041748
train,reid,27,100,-5.481767177581787,-7.217410087585449
train,reid,28,0,0.305450439453125,-1.4181183576583862
train,reid,28,10,-0.08976559340953827,-1.559428095817566
train,reid,28,20,-0.5087614059448242,-1.7160271406173706
train,reid,28,30,-0.952995777130127,-1.886351227760315
train,reid,28,40,-1.421369194984436,-2.0699262619018555
train,reid,28,50,-1.9132983684539795,-2.265885829925537
train,reid,28,60,-2.427520990371704,-2.473539113998413
train,reid,28,70,-2.9628982543945312,-2.692066192626953
train,reid,28,80,-3.5184266567230225,-2.920606851577759
train,reid,28,90,-4.092630863189697,-3.1584296226501465
train,reid,28,100,-4.684223651885986,-3.404695510864258
train,reid,29,0,-0.5919658541679382,-1.9958244562149048
train,reid,29,10,-0.991906464099884,-2.183422565460205
train,reid,29,20,-1.4214311838150024,-2.3920676708221436
train,reid,29,30,-1.88212251663208,-2.6175692081451416
train,reid,29,40,-2.3733267784118652,-2.858894109725952
train,reid,29,50,-2.894325017929077,-3.1157901287078857
train,reid,29,60,-3.4443373680114746,-3.3868794441223145
train,reid,29,70,-4.0222578048706055,-3.6711783409118652
train,reid,29,80,-4.626880645751953,-3.9679980278015137
train,reid,29,90,-5.257053375244141,-4.275893688201904
train,reid,29,100,-5.911229610443115,-4.594302177429199
train,depablo_low_temp,30,0,-1.012294888496399,-2.262343406677246
train,depablo_low_temp,30,10,-1.3365669250488281,-2.4621164798736572
train,depablo_low_temp,30,20,-1.664034128189087,-2.696337938308716
train,depablo_low_temp,30,30,-2.018367052078247,-2.946855306625366
train,depablo_low_temp,30,40,-2.39898681640625,-3.213005781173706
train,depablo_low_temp,30,50,-2.80461049079895,-3.4943509101867676
train,depablo_low_temp,30,60,-3.234053611755371,-3.790168285369873
train,depablo_low_temp,30,70,-3.6861329078674316,-4.099766731262207
train,depablo_low_temp,30,80,-4.159247398376465,-4.422219276428223
train,depablo_low_temp,30,90,-4.651957988739014,-4.756743431091309
train,depablo_low_temp,30,100,-5.1627068519592285,-5.102667808532715
train,depablo_low_temp,31,0,-0.6165604591369629,-2.266477108001709
train,depablo_low_temp,31,10,-0.7053583264350891,-2.548780679702759
train,depablo_low_temp,31,20,-0.7430410385131836,-2.895583152770996
train,depablo_low_temp,31,30,-0.7970362901687622,-3.2639360427856445
train,depablo_low_temp,31,40,-0.871170699596405,-3.650925397872925
train,depablo_low_temp,31,50,-0.963793933391571,-4.055891036987305
train,depablo_low_temp,31,60,-1.0737227201461792,-4.479459285736084
train,depablo_low_temp,31,70,-1.1993913650512695,-4.920476913452148
train,depablo_low_temp,31,80,-1.3386915922164917,-5.378909111022949
train,depablo_low_temp,31,90,-1.489938497543335,-5.854991912841797
train,depablo_low_temp,31,100,-1.6512786149978638,-6.347909450531006
train,depablo_low_temp,32,0,-0.9681698083877563,-2.4416286945343018
train,depablo_low_temp,32,10,-1.1975431442260742,-2.6326701641082764
train,depablo_low_temp,32,20,-1.4350800514221191,-2.851222515106201
train,depablo_low_temp,32,30,-1.6995182037353516,-3.087759256362915
train,depablo_low_temp,32,40,-1.9905519485473633,-3.341155529022217
train,depablo_low_temp,32,50,-2.306674003601074,-3.6106011867523193
train,depablo_low_temp,32,60,-2.646794080734253,-3.8954524993896484
train,depablo_low_temp,32,70,-3.009505033493042,-4.194684028625488
train,depablo_low_temp,32,80,-3.3934152126312256,-4.50706672668457
train,depablo_low_temp,32,90,-3.796260118484497,-4.832413673400879
train,depablo_low_temp,32,100,-4.216923713684082,-5.170061111450195
train,depablo_low_temp,33,0,-0.17080898582935333,-1.5937626361846924
train,depablo_low_temp,33,10,-0.6536505222320557,-1.6441905498504639
train,depablo_low_temp,33,20,-1.1661758422851562,-1.7095403671264648
train,depablo_low_temp,33,30,-1.704729676246643,-1.7914639711380005
train,depablo_low_temp,33,40,-2.268864154815674,-1.8887262344360352
train,depablo_low_temp,33,50,-2.857259750366211,-2.0011773109436035
train,depablo_low_temp,33,60,-3.4693222045898438,-2.127664089202881
train,depablo_low_temp,33,70,-4.103944778442383,-2.2677676677703857
train,depablo_low_temp,33,80,-4.760228157043457,-2.420328140258789
train,depablo_low_temp,33,90,-5.436760902404785,-2.585099458694458
train,depablo_low_temp,33,100,-6.132608890533447,-2.760584592819214
train,depablo_low_temp,34,0,-0.7547265291213989,-2.2719106674194336
train,depablo_low_temp,34,10,-0.8913678526878357,-2.5182058811187744
train,depablo_low_temp,34,20,-1.0106121301651,-2.8076791763305664
train,depablo_low_temp,34,30,-1.15635347366333,-3.115074634552002
train,depablo_low_temp,34,40,-1.3271082639694214,-3.4404821395874023
train,depablo_low_temp,34,50,-1.5230132341384888,-3.7841250896453857
train,depablo_low_temp,34,60,-1.742632269859314,-4.1452484130859375
train,depablo_low_temp,34,70,-1.985349178314209,-4.524174690246582
train,depablo_low_temp,34,80,-2.2497119903564453,-4.920200824737549
train,depablo_low_temp,34,90,-2.5345964431762695,-5.3326568603515625
train,depablo_low_temp,34,100,-2.839078187942505,-5.76084566116333
train,depablo_low_temp,35,0,-1.1718480587005615,-2.2579243183135986
train,depablo_low_temp,35,10,-1.5978859663009644,-2.325817584991455
train,depablo_low_temp,35,20,-2.0512752532958984,-2.4059510231018066
train,depablo_low_temp,35,30,-2.53283953666687,-2.4986865520477295
train,depablo_low_temp,35,40,-3.0426511764526367,-2.6032140254974365
train,depablo_low_temp,35,50,-3.5798935890197754,-2.7197608947753906
train,depablo_low_temp,35,60,-4.144486904144287,-2.847444772720337
train,depablo_low_temp,35,70,-4.735258102416992,-2.9858269691467285
train,depablo_low_temp,35,80,-5.351713180541992,-3.134925127029419
train,depablo_low_temp,35,90,-5.992889881134033,-3.2941315174102783
train,depablo_low_temp,35,100,-6.657869338989258,-3.4624593257904053
train,depablo_low_temp,36,0,-0.19245508313179016,-1.8190958499908447
train,depablo_low_temp,36,10,-0.4364725947380066,-2.035074234008789
train,depablo_low_temp,36,20,-0.6876248121261597,-2.280802011489868
train,depablo_low_temp,36,30,-0.9620351791381836,-2.544403076171875
train,depablo_low_temp,36,40,-1.2584041357040405,-2.8247973918914795
train,depablo_low_temp,36,50,-1.5750861167907715,-3.1220219135284424
train,depablo_low_temp,36,60,-1.9103089570999146,-3.4352829456329346
train,depablo_low_temp,36,70,-2.2626729011535645,-3.764070510864258
train,depablo_low_temp,36,80,-2.6305952072143555,-4.107300758361816
train,depablo_low_temp,36,90,-3.0120840072631836,-4.464807033538818
train,depablo_low_temp,36,100,-3.405764102935791,-4.835424423217773
train,depablo_low_temp,37,0,-0.4184359908103943,-2.020310640335083
train,depablo_low_temp,37,10,-0.508709192276001,-2.337617874145508
train,depablo_low_temp,37,20,-0.559986412525177,-2.713552713394165
train,depablo_low_temp,37,30,-0.6359583139419556,-3.1061980724334717
train,depablo_low_temp,37,40,-0.7371653318405151,-3.5140295028686523
train,depablo_low_temp,37,50,-0.8626378178596497,-3.9362192153930664
train,depablo_low_temp,37,60,-1.0106968879699707,-4.37295389175415
train,depablo_low_temp,37,70,-1.179782509803772,-4.823360919952393
train,depablo_low_temp,37,80,-1.3677659034729004,-5.2867560386657715
train,depablo_low_temp,37,90,-1.5733366012573242,-5.762824058532715
train,depablo_low_temp,37,100,-1.7940367460250854,-6.250916481018066
train,depablo_low_temp,38,0,-0.0891726091504097,-1.6530108451843262
train,depablo_low_temp,38,10,-0.39651745557785034,-1.8419872522354126
train,depablo_low_temp,38,20,-0.7066310048103333,-2.0545639991760254
train,depablo_low_temp,38,30,-1.0420362949371338,-2.2794511318206787
train,depablo_low_temp,38,40,-1.4022421836853027,-2.515866279602051
train,depablo_low_temp,38,50,-1.785783290863037,-2.764159679412842
train,depablo_low_temp,38,60,-2.191333055496216,-3.023221969604492
train,depablo_low_temp,38,70,-2.6173312664031982,-3.2926342487335205
train,depablo_low_temp,38,80,-3.061643362045288,-3.5722243785858154
train,depablo_low_temp,38,90,-3.5228447914123535,-3.861241340637207
train,depablo_low_temp,38,100,-3.9992799758911133,-4.158721446990967
train,depablo_low_temp,39,0,-0.22738751769065857,-1.7400981187820435
train,depablo_low_temp,39,10,-0.6119363903999329,-1.8710899353027344
train,depablo_low_temp,39,20,-1.020824670791626,-2.0198893547058105
train,depablo_low_temp,39,30,-1.455552577972412,-2.1840131282806396
train,depablo_low_temp,39,40,-1.91524076461792,-2.362926959991455
train,depablo_low_temp,39,50,-2.3988795280456543,-2.555959463119507
train,depablo_low_temp,39,60,-2.9048426151275635,-2.7628300189971924
train,depablo_low_temp,39,70,-3.4320788383483887,-2.982835531234741
train,depablo_low_temp,39,80,-3.979433536529541,-3.2152724266052246
train,depablo_low_temp,39,90,-4.545167446136475,-3.4596574306488037
train,depablo_low_temp,39,100,-5.128150463104248,-3.715247631072998
train,depablo_low_temp,40,0,-0.7318558096885681,-2.041471004486084
train,depablo_low_temp,40,10,-1.0929508209228516,-2.184905767440796
train,depablo_low_temp,40,20,-1.474157452583313,-2.346409320831299
train,depablo_low_temp,40,30,-1.8822181224822998,-2.523236036300659
train,depablo_low_temp,40,40,-2.3160924911499023,-2.7154645919799805
train,depablo_low_temp,40,50,-2.7750024795532227,-2.92266583442688
train,depablo_low_temp,40,60,-3.257523536682129,-3.1447625160217285
train,depablo_low_temp,40,70,-3.7624857425689697,-3.3811516761779785
train,depablo_low_temp,40,80,-4.288394451141357,-3.6318519115448
train,depablo_low_temp,40,90,-4.833702564239502,-3.8959388732910156
train,depablo_low_temp,40,100,-5.397509574890137,-4.172738075256348
train,depablo_low_temp,41,0,-0.7549295425415039,-1.9928185939788818
train,depablo_low_temp,41,10,-1.1993672847747803,-2.0294902324676514
train,depablo_low_temp,41,20,-1.669116735458374,-2.078509569168091
train,depablo_low_temp,41,30,-2.1638987064361572,-2.142364740371704
train,depablo_low_temp,41,40,-2.6829471588134766,-2.220773935317993
train,depablo_low_temp,41,50,-3.224783420562744,-2.313528060913086
train,depablo_low_temp,41,60,-3.788745880126953,-2.4203779697418213
train,depablo_low_temp,41,70,-4.373610496520996,-2.5405571460723877
train,depablo_low_temp,41,80,-4.977996826171875,-2.6737334728240967
train,depablo_low_temp,41,90,-5.600576400756836,-2.8196024894714355
train,depablo_low_temp,41,100,-6.240220069885254,-2.9770803451538086
train,depablo_low_temp,42,0,0.18316730856895447,-1.7554023265838623
train,depablo_low_temp,42,10,0.11376859992742538,-2.1001687049865723
train,depablo_low_temp,42,20,0.10897232592105865,-2.534806489944458
train,depablo_low_temp,42,30,0.08569588512182236,-2.9935505390167236
train,depablo_low_temp,42,40,0.04050157964229584,-3.471243381500244
train,depablo_low_temp,42,50,-0.025727394968271255,-3.966214418411255
train,depablo_low_temp,42,60,-0.11095580458641052,-4.4775896072387695
train,depablo_low_temp,42,70,-0.21356873214244843,-5.003835678100586
train,depablo_low_temp,42,80,-0.332034707069397,-5.543785572052002
train,depablo_low_temp,42,90,-0.4642062783241272,-6.096668243408203
train,depablo_low_temp,42,100,-0.6082875728607178,-6.660976409912109
train,depablo_low_temp,43,0,-0.6301571726799011,-2.05924129486084
train,depablo_low_temp,43,10,-0.8414703607559204,-2.3040201663970947
train,depablo_low_temp,43,20,-1.0543007850646973,-2.5784878730773926
train,depablo_low_temp,43,30,-1.2923308610916138,-2.8696632385253906
train,depablo_low_temp,43,40,-1.554111123085022,-3.1777164936065674
train,depablo_low_temp,43,50,-1.8391644954681396,-3.5018348693847656
train,depablo_low_temp,43,60,-2.146291494369507,-3.842268466949463
train,depablo_low_temp,43,70,-2.4739465713500977,-4.198086738586426
train,depablo_low_temp,43,80,-2.821322441101074,-4.569337844848633
train,depablo_low_temp,43,90,-3.187072515487671,-4.955780506134033
train,depablo_low_temp,43,100,-3.569568395614624,-5.356717109680176
train,depablo_low_temp,44,0,-0.07245250791311264,-1.538307547569275
train,depablo_low_temp,44,10,-0.5346876978874207,-1.6470587253570557
train,depablo_low_temp,44,20,-1.0224007368087769,-1.7705392837524414
train,depablo_low_temp,44,30,-1.5355069637298584,-1.907490849494934
train,depablo_low_temp,44,40,-2.0730409622192383,-2.0576930046081543
train,depablo_low_temp,44,50,-2.63376784324646,-2.220332622528076
train,depablo_low_temp,44,60,-3.2160024642944336,-2.3950436115264893
train,depablo_low_temp,44,70,-3.8184499740600586,-2.5812363624572754
train,depablo_low_temp,44,80,-4.4397735595703125,-2.777592420578003
train,depablo_low_temp,44,90,-5.077829837799072,-2.9844627380371094
train,depablo_low_temp,44,100,-5.731439113616943,-3.2003209590911865
train,depablo_low_temp,45,0,-0.634025514125824,-2.114454746246338
train,depablo_low_temp,45,10,-0.763626754283905,-2.4283287525177
train,depablo_low_temp,45,20,-0.8479595184326172,-2.809222459793091
train,depablo_low_temp,45,30,-0.9506582617759705,-3.2130367755889893
train,depablo_low_temp,45,40,-1.0742164850234985,-3.6379432678222656
train,depablo_low_temp,45,50,-1.21776282787323,-4.0836381912231445
train,depablo_low_temp,45,60,-1.3798940181732178,-4.550331115722656
train,depablo_low_temp,45,70,-1.5599417686462402,-5.037941932678223
train,depablo_low_temp,45,80,-1.7564488649368286,-5.545722961425781
train,depablo_low_temp,45,90,-1.9680397510528564,-6.0739569664001465
train,depablo_low_temp,45,100,-2.193419933319092,-6.622200012207031
train,depablo_low_temp,46,0,-0.055734895169734955,-1.7929707765579224
train,depablo_low_temp,46,10,-0.1468883603811264,-2.1171376705169678
train,depablo_low_temp,46,20,-0.19673225283622742,-2.503229856491089
train,depablo_low_temp,46,30,-0.2705010771751404,-2.9065396785736084
train,depablo_low_temp,46,40,-0.3705180287361145,-3.3252222537994385
train,depablo_low_temp,46,50,-0.4954471290111542,-3.759784698486328
train,depablo_low_temp,46,60,-0.6444778442382812,-4.209588050842285
train,depablo_low_temp,46,70,-0.8166431784629822,-4.674524784088135
train,depablo_low_temp,46,80,-1.0101916790008545,-5.154594898223877
train,depablo_low_temp,46,90,-1.223402976989746,-5.6494550704956055
train,depablo_low_temp,46,100,-1.4554892778396606,-6.157784938812256
train,depablo_low_temp,47,0,0.24320127069950104,-1.3788115978240967
train,depablo_low_temp,47,10,-0.1615818440914154,-1.5137673616409302
train,depablo_low_temp,47,20,-0.586313009262085,-1.6668535470962524
train,depablo_low_temp,47,30,-1.0372097492218018,-1.832916498184204
train,depablo_low_temp,47,40,-1.513494610786438,-2.01172137260437
train,depablo_low_temp,47,50,-2.0142760276794434,-2.202511787414551
train,depablo_low_temp,47,60,-2.5384066104888916,-2.4050662517547607
train,depablo_low_temp,47,70,-3.084580183029175,-2.6186230182647705
train,depablo_low_temp,47,80,-3.6516666412353516,-2.842388153076172
train,depablo_low_temp,47,90,-4.2381415367126465,-3.075929641723633
train,depablo_low_temp,47,100,-4.842519760131836,-3.318171501159668
train,depablo_low_temp,48,0,-0.10935314744710922,-1.9074203968048096
train,depablo_low_temp,48,10,-0.16062471270561218,-2.2509207725524902
train,depablo_low_temp,48,20,-0.16023613512516022,-2.6630258560180664
train,depablo_low_temp,48,30,-0.17580725252628326,-3.098583459854126
train,depablo_low_temp,48,40,-0.2085183560848236,-3.554821014404297
train,depablo_low_temp,48,50,-0.25777214765548706,-4.0311198234558105
train,depablo_low_temp,48,60,-0.32385164499282837,-4.525815963745117
train,depablo_low_temp,48,70,-0.405388206243515,-5.038620471954346
train,depablo_low_temp,48,80,-0.501905083656311,-5.568105220794678
train,depablo_low_temp,48,90,-0.6125633120536804,-6.114043712615967
train,depablo_low_temp,48,100,-0.7363559603691101,-6.675349235534668
train,depablo_low_temp,49,0,-0.46175330877304077,-1.8973422050476074
train,depablo_low_temp,49,10,-0.7713449001312256,-2.0796170234680176
train,depablo_low_temp,49,20,-1.0919005870819092,-2.2824742794036865
train,depablo_low_temp,49,30,-1.4405100345611572,-2.49755597114563
train,depablo_low_temp,49,40,-1.8175201416015625,-2.7243733406066895
train,depablo_low_temp,49,50,-2.2215521335601807,-2.963099479675293
train,depablo_low_temp,49,60,-2.6519174575805664,-3.2128524780273438
train,depablo_low_temp,49,70,-3.107191562652588,-3.473367214202881
train,depablo_low_temp,49,80,-3.5862278938293457,-3.743831157684326
train,depablo_low_temp,49,90,-4.087275981903076,-4.024260997772217
train,depablo_low_temp,49,100,-4.609165668487549,-4.3132853507995605
train,depablo_low_temp,50,0,-0.27806416153907776,-1.973006248474121
train,depablo_low_temp,50,10,-0.39136332273483276,-2.2866463661193848
train,depablo_low_temp,50,20,-0.4456627368927002,-2.673513889312744
train,depablo_low_temp,50,30,-0.5150011777877808,-3.083207130432129
train,depablo_low_temp,50,40,-0.6021430492401123,-3.51315975189209
train,depablo_low_temp,50,50,-0.7070986032485962,-3.9624383449554443
train,depablo_low_temp,50,60,-0.8285348415374756,-4.431324005126953
train,depablo_low_temp,50,70,-0.9664073586463928,-4.918447494506836
train,depablo_low_temp,50,80,-1.118868350982666,-5.424385070800781
train,depablo_low_temp,50,90,-1.2854628562927246,-5.9473700523376465
train,depablo_low_temp,50,100,-1.4646204710006714,-6.4880852699279785
train,depablo_low_temp,51,0,-0.5574561357498169,-1.9114364385604858
train,depablo_low_temp,51,10,-0.959291398525238,-2.053192615509033
train,depablo_low_temp,51,20,-1.385722041130066,-2.2140326499938965
train,depablo_low_temp,51,30,-1.8381754159927368,-2.391817808151245
train,depablo_low_temp,51,40,-2.315937042236328,-2.58548641204834
train,depablo_low_temp,51,50,-2.8171005249023438,-2.794487237930298
train,depablo_low_temp,51,60,-3.3405356407165527,-3.0181612968444824
train,depablo_low_temp,51,70,-3.8844704627990723,-3.2555179595947266
train,depablo_low_temp,51,80,-4.447255611419678,-3.505937337875366
train,depablo_low_temp,51,90,-5.027308464050293,-3.768402576446533
train,depablo_low_temp,51,100,-5.622636795043945,-4.042022705078125
train,depablo_low_temp,52,0,-0.5880264043807983,-1.932194471359253
train,depablo_low_temp,52,10,-0.9738563299179077,-2.0762696266174316
train,depablo_low_temp,52,20,-1.3760710954666138,-2.241049289703369
train,depablo_low_temp,52,30,-1.8026853799819946,-2.4216396808624268
train,depablo_low_temp,52,40,-2.253159761428833,-2.617201805114746
train,depablo_low_temp,52,50,-2.72597074508667,-2.827451229095459
train,depablo_low_temp,52,60,-3.22002911567688,-3.0515074729919434
train,depablo_low_temp,52,70,-3.7341091632843018,-3.289022445678711
train,depablo_low_temp,52,80,-4.266454696655273,-3.539267063140869
train,depablo_low_temp,52,90,-4.8159966468811035,-3.8014936447143555
train,depablo_low_temp,52,100,-5.381214141845703,-4.074475288391113
train,depablo_low_temp,53,0,0.19388973712921143,-1.3674778938293457
train,depablo_low_temp,53,10,-0.23590275645256042,-1.4859579801559448
train,depablo_low_temp,53,20,-0.6902121901512146,-1.6212211847305298
train,depablo_low_temp,53,30,-1.170967698097229,-1.7713178396224976
train,depablo_low_temp,53,40,-1.6769731044769287,-1.9362372159957886
train,depablo_low_temp,53,50,-2.20694637298584,-2.1151223182678223
train,depablo_low_temp,53,60,-2.759885787963867,-2.3076627254486084
train,depablo_low_temp,53,70,-3.33451247215271,-2.512827157974243
train,depablo_low_temp,53,80,-3.929331064224243,-2.7301156520843506
train,depablo_low_temp,53,90,-4.543020248413086,-2.958791494369507
train,depablo_low_temp,53,100,-5.174245357513428,-3.198089599609375
train,depablo_low_temp,54,0,-0.5814724564552307,-1.886322259902954
train,depablo_low_temp,54,10,-1.0323030948638916,-1.9418047666549683
train,depablo_low_temp,54,20,-1.5080256462097168,-2.0093657970428467
train,depablo_low_temp,54,30,-2.0082828998565674,-2.091000556945801
train,depablo_low_temp,54,40,-2.5321340560913086,-2.1867120265960693
train,depablo_low_temp,54,50,-3.07826828956604,-2.2960174083709717
train,depablo_low_temp,54,60,-3.6455013751983643,-2.4189629554748535
train,depablo_low_temp,54,70,-4.232484340667725,-2.555023193359375
train,depablo_low_temp,54,80,-4.837863922119141,-2.703808069229126
train,depablo_low_temp,54,90,-5.4603095054626465,-2.8647851943969727
train,depablo_low_temp,54,100,-6.0983476638793945,-3.037827253341675
train,depablo_low_temp,55,0,-0.7553076148033142,-2.141219139099121
train,depablo_low_temp,55,10,-1.1160968542099,-2.278278112411499
train,depablo_low_temp,55,20,-1.4990900754928589,-2.434918165206909
train,depablo_low_temp,55,30,-1.911158561706543,-2.6076149940490723
train,depablo_low_temp,55,40,-2.351311683654785,-2.79555344581604
train,depablo_low_temp,55,50,-2.8185455799102783,-2.9978179931640625
train,depablo_low_temp,55,60,-3.311103105545044,-3.2143194675445557
train,depablo_low_temp,55,70,-3.8271188735961914,-3.443901300430298
train,depablo_low_temp,55,80,-4.3648505210876465,-3.685896635055542
train,depablo_low_temp,55,90,-4.9227423667907715,-3.939328193664551
train,depablo_low_temp,55,100,-5.498371601104736,-4.203867435455322
train,depablo_low_temp,56,0,0.18179982900619507,-1.5297927856445312
train,depablo_low_temp,56,10,-0.11744372546672821,-1.7350478172302246
train,depablo_low_temp,56,20,-0.42000722885131836,-1.9760737419128418
train,depablo_low_temp,56,30,-0.7448738217353821,-2.2376344203948975
train,depablo_low_temp,56,40,-1.090266227722168,-2.5189754962921143
train,depablo_low_temp,56,50,-1.4551421403884888,-2.819378137588501
train,depablo_low_temp,56,60,-1.8380200862884521,-3.138087511062622
train,depablo_low_temp,56,70,-2.238097906112671,-3.474270820617676
train,depablo_low_temp,56,80,-2.6534252166748047,-3.8279128074645996
train,depablo_low_temp,56,90,-3.083482503890991,-4.197531223297119
train,depablo_low_temp,56,100,-3.5263705253601074,-4.582871913909912
train,depablo_low_temp,57,0,-0.9369394183158875,-2.2801642417907715
train,depablo_low_temp,57,10,-1.12880277633667,-2.498514413833618
train,depablo_low_temp,57,20,-1.307030200958252,-2.758016347885132
train,depablo_low_temp,57,30,-1.5149478912353516,-3.0379011631011963
train,depablo_low_temp,57,40,-1.7539384365081787,-3.3361270427703857
train,depablo_low_temp,57,50,-2.023571014404297,-3.651632070541382
train,depablo_low_temp,57,60,-2.324202060699463,-3.9839413166046143
train,depablo_low_temp,57,70,-2.6550943851470947,-4.3316874504089355
train,depablo_low_temp,57,80,-3.0152804851531982,-4.693551540374756
train,depablo_low_temp,57,90,-3.404062032699585,-5.069046497344971
train,depablo_low_temp,57,100,-3.8199377059936523,-5.456638336181641
train,depablo_low_temp,58,0,-0.03885610029101372,-1.7408370971679688
train,depablo_low_temp,58,10,-0.18351176381111145,-2.044423818588257
train,depablo_low_temp,58,20,-0.28447070717811584,-2.4170961380004883
train,depablo_low_temp,58,30,-0.4073408246040344,-2.814939498901367
train,depablo_low_temp,58,40,-0.5540295243263245,-3.2350637912750244
train,depablo_low_temp,58,50,-0.7242900133132935,-3.6763834953308105
train,depablo_low_temp,58,60,-0.9172981977462769,-4.1378493309021
train,depablo_low_temp,58,70,-1.1324710845947266,-4.618516445159912
train,depablo_low_temp,58,80,-1.3684272766113281,-5.117373466491699
train,depablo_low_temp,58,90,-1.6243839263916016,-5.633597373962402
train,depablo_low_temp,58,100,-1.89862859249115,-6.166507244110107
train,depablo_low_temp,59,0,-0.44384342432022095,-1.8374195098876953
train,depablo_low_temp,59,10,-0.8799293041229248,-1.8965173959732056
train,depablo_low_temp,59,20,-1.343788504600525,-1.9705581665039062
train,depablo_low_temp,59,30,-1.8339946269989014,-2.0588507652282715
train,depablo_low_temp,59,40,-2.3498940467834473,-2.1608517169952393
train,depablo_low_temp,59,50,-2.8898355960845947,-2.276874542236328
train,depablo_low_temp,59,60,-3.453310966491699,-2.4056265354156494
train,depablo_low_temp,59,70,-4.03878927230835,-2.546534538269043
train,depablo_low_temp,59,80,-4.64463996887207,-2.699751138687134
train,depablo_low_temp,59,90,-5.270018100738525,-2.8638505935668945
train,depablo_low_temp,59,100,-5.913329601287842,-3.0385825634002686
train,depablo_mixed_temp,60,0,-1.0151941776275635,-2.145102024078369
train,depablo_mixed_temp,60,10,-1.4552282094955444,-2.1613597869873047
train,depablo_mixed_temp,60,20,-1.5288565158843994,-2.3098325729370117
train,depablo_mixed_temp,60,30,-1.9045748710632324,-2.6694679260253906
train,depablo_mixed_temp,60,40,-2.307729482650757,-2.788421869277954
train,depablo_mixed_temp,60,50,-3.4233601093292236,-2.5963664054870605
train,depablo_mixed_temp,60,60,-3.529968023300171,-2.6395750045776367
train,depablo_mixed_temp,60,70,-4.6067986488342285,-2.9418513774871826
train,depablo_mixed_temp,60,80,-4.78410530090332,-3.0203652381896973
train,depablo_mixed_temp,60,90,-5.434417247772217,-3.7141427993774414
train,depablo_mixed_temp,60,100,-6.17733097076416,-4.336996078491211
train,depablo_mixed_temp,61,0,-0.7880954146385193,-2.143666982650757
train,depablo_mixed_temp,61,10,-0.017103059217333794,-3.1223225593566895
train,depablo_mixed_temp,61,20,-2.27846360206604,-2.139516830444336
train,depablo_mixed_temp,61,30,-1.5915204286575317,-2.5594522953033447
train,depablo_mixed_temp,61,40,-1.3109480142593384,-3.325164318084717
train,depablo_mixed_temp,61,50,-0.5738112926483154,-4.25622034072876
train,depablo_mixed_temp,61,60,-1.844930648803711,-4.08526611328125
train,depablo_mixed_temp,61,70,-1.6975581645965576,-5.103804111480713
train,depablo_mixed_temp,61,80,-2.674417734146118,-4.981678009033203
train,depablo_mixed_temp,61,90,-3.9181437492370605,-4.237218379974365
train,depablo_mixed_temp,61,100,-3.273310661315918,-5.474186420440674
train,depablo_mixed_temp,62,0,-0.6128132343292236,-2.2594056129455566
train,depablo_mixed_temp,62,10,1.28387451171875,-3.3173015117645264
train,depablo_mixed_temp,62,20,0.941552996635437,-3.4173154830932617
train,depablo_mixed_temp,62,30,2.1003968715667725,-4.543470859527588
train,depablo_mixed_temp,62,40,0.772372841835022,-4.382572650909424
train,depablo_mixed_temp,62,50,0.7607234120368958,-4.324892520904541
train,depablo_mixed_temp,62,60,1.5094852447509766,-6.4505438804626465
train,depablo_mixed_temp,62,70,0.17510567605495453,-6.060113906860352
train,depablo_mixed_temp,62,80,0.8161361217498779,-6.6114373207092285
train,depablo_mixed_temp,62,90,-0.35119104385375977,-6.568077087402344
train,depablo_mixed_temp,62,100,0.2598365843296051,-7.885965824127197
train,depablo_mixed_temp,63,0,-0.932759165763855,-2.5049662590026855
train,depablo_mixed_temp,63,10,3.561222791671753,-6.15873384475708
train,depablo_mixed_temp,63,20,0.8618499040603638,-3.9188454151153564
train,depablo_mixed_temp,63,30,1.278023600578308,-5.389496803283691
train,depablo_mixed_temp,63,40,1.990949034690857,-5.127712726593018
train,depablo_mixed_temp,63,50,2.9327681064605713,-8.034424781799316
train,depablo_mixed_temp,63,60,3.8667917251586914,-8.098747253417969
train,depablo_mixed_temp,63,70,5.035848617553711,-10.900269508361816
train,depablo_mixed_temp,63,80,0.5131862163543701,-7.234391212463379
train,depablo_mixed_temp,63,90,1.3361269235610962,-9.326717376708984
train,depablo_mixed_temp,63,100,3.146016836166382,-11.223132133483887
train,depablo_mixed_temp,64,0,-0.2207702100276947,-1.690218210220337
train,depablo_mixed_temp,64,10,-1.0410821437835693,-1.5323783159255981
train,depablo_mixed_temp,64,20,-1.5926300287246704,-1.8274412155151367
train,depablo_mixed_temp,64,30,-1.411988615989685,-2.3010990619659424
train,depablo_mixed_temp,64,40,-2.2981789112091064,-2.457033634185791
train,depablo_mixed_temp,64,50,-2.802011728286743,-2.408053159713745
train,depablo_mixed_temp,64,60,-3.5922188758850098,-2.77089524269104
train,depablo_mixed_temp,64,70,-4.76923942565918,-2.3650805950164795
train,depablo_mixed_temp,64,80,-4.524360656738281,-3.0469703674316406
train,depablo_mixed_temp,64,90,-4.703429222106934,-2.994042158126831
train,depablo_mixed_temp,64,100,-5.2193779945373535,-3.7865633964538574
train,depablo_mixed_temp,65,0,-1.0014350414276123,-2.3591718673706055
train,depablo_mixed_temp,65,10,-1.9196447134017944,-3.0004706382751465
train,depablo_mixed_temp,65,20,-1.9849646091461182,-2.5816519260406494
train,depablo_mixed_temp,65,30,-1.1548490524291992,-3.1252028942108154
train,depablo_mixed_temp,65,40,-0.8140361905097961,-4.088540554046631
train,depablo_mixed_temp,65,50,-2.946762800216675,-3.3038666248321533
train,depablo_mixed_temp,65,60,-0.9407316446304321,-4.822908401489258
train,depablo_mixed_temp,65,70,-2.676029920578003,-4.3962836265563965
train,depablo_mixed_temp,65,80,-3.533020257949829,-4.0851263999938965
train,depablo_mixed_temp,65,90,-3.8366010189056396,-3.4812209606170654
train,depablo_mixed_temp,65,100,-3.9104678630828857,-6.722170829772949
train,depablo_mixed_temp,66,0,-0.8401215076446533,-2.069227695465088
train,depablo_mixed_temp,66,10,-2.6337647438049316,-2.859842538833618
train,depablo_mixed_temp,66,20,-1.5885961055755615,-2.322627067565918
train,depablo_mixed_temp,66,30,-2.356422185897827,-2.8422913551330566
train,depablo_mixed_temp,66,40,-2.552227735519409,-2.9201860427856445
train,depablo_mixed_temp,66,50,-2.1545422077178955,-3.369502544403076
train,depablo_mixed_temp,66,60,-3.8102664947509766,-4.119565486907959
train,depablo_mixed_temp,66,70,-4.61122989654541,-4.047114849090576
train,depablo_mixed_temp,66,80,-5.390486717224121,-3.2169532775878906
train,depablo_mixed_temp,66,90,-5.973403453826904,-4.2854790687561035
train,depablo_mixed_temp,66,100,-5.969880104064941,-4.636961936950684
train,depablo_mixed_temp,67,0,-0.21571046113967896,-1.6183744668960571
train,depablo_mixed_temp,67,10,-0.6763408184051514,-1.5587352514266968
train,depablo_mixed_temp,67,20,-1.1603904962539673,-1.6022367477416992
train,depablo_mixed_temp,67,30,-1.2277814149856567,-1.8641566038131714
train,depablo_mixed_temp,67,40,-2.347116708755493,-2.1550004482269287
train,depablo_mixed_temp,67,50,-2.8070194721221924,-1.993895173072815
train,depablo_mixed_temp,67,60,-3.0358359813690186,-2.36405348777771
train,depablo_mixed_temp,67,70,-3.985767126083374,-2.7335119247436523
train,depablo_mixed_temp,67,80,-4.453338146209717,-2.3559184074401855
train,depablo_mixed_temp,67,90,-5.212759971618652,-2.4521374702453613
train,depablo_mixed_temp,67,100,-5.732660293579102,-2.734203338623047
train,depablo_mixed_temp,68,0,-0.7357075214385986,-2.265730142593384
train,depablo_mixed_temp,68,10,-1.1349605321884155,-2.4448201656341553
train,depablo_mixed_temp,68,20,0.3798079788684845,-3.755589485168457
train,depablo_mixed_temp,68,30,-1.3471685647964478,-4.023232936859131
train,depablo_mixed_temp,68,40,-0.687716007232666,-4.108736991882324
train,depablo_mixed_temp,68,50,-1.7013394832611084,-3.9841809272766113
train,depablo_mixed_temp,68,60,-2.8948256969451904,-3.730752468109131
train,depablo_mixed_temp,68,70,-3.5407309532165527,-4.652558326721191
train,depablo_mixed_temp,68,80,-4.803479194641113,-4.3936591148376465
train,depablo_mixed_temp,68,90,-3.3067843914031982,-5.890016555786133
train,depablo_mixed_temp,68,100,-4.241104602813721,-5.428159713745117
train,depablo_mixed_temp,69,0,-1.1715500354766846,-2.2577426433563232
train,depablo_mixed_temp,69,10,-1.5604373216629028,-2.3423123359680176
train,depablo_mixed_temp,69,20,-2.007570743560791,-2.390071153640747
train,depablo_mixed_temp,69,30,-2.4539287090301514,-2.4759414196014404
train,depablo_mixed_temp,69,40,-2.9821112155914307,-2.5795817375183105
train,depablo_mixed_temp,69,50,-3.5698654651641846,-2.701643943786621
train,depablo_mixed_temp,69,60,-4.121699333190918,-2.8771932125091553
train,depablo_mixed_temp,69,70,-4.681728363037109,-3.0229976177215576
train,depablo_mixed_temp,69,80,-5.296956539154053,-3.1153087615966797
train,depablo_mixed_temp,69,90,-6.029567241668701,-3.2813003063201904
train,depablo_mixed_temp,69,100,-6.653327465057373,-3.4873058795928955
train,depablo_mixed_temp,70,0,-0.1920020580291748,-1.8186967372894287
train,depablo_mixed_temp,70,10,-0.36919254064559937,-2.11755633354187
train,depablo_mixed_temp,70,20,-0.7071953415870667,-2.3136022090911865
train,depablo_mixed_temp,70,30,-0.9806458950042725,-2.5723702907562256
train,depablo_mixed_temp,70,40,-1.2284804582595825,-2.8866355419158936
train,depablo_mixed_temp,70,50,-1.5583041906356812,-3.17282772064209
train,depablo_mixed_temp,70,60,-1.8947269916534424,-3.4713101387023926
train,depablo_mixed_temp,70,70,-2.226855754852295,-3.8583734035491943
train,depablo_mixed_temp,70,80,-2.7324273586273193,-4.138134002685547
train,depablo_mixed_temp,70,90,-3.111372232437134,-4.496762275695801
train,depablo_mixed_temp,70,100,-3.5059080123901367,-4.831190586090088
train,depablo_mixed_temp,71,0,-0.4094850718975067,-2.0139715671539307
train,depablo_mixed_temp,71,10,-0.21433597803115845,-3.1175835132598877
train,depablo_mixed_temp,71,20,1.425897240638733,-4.213013648986816
train,depablo_mixed_temp,71,30,1.2121187448501587,-4.620246887207031
train,depablo_mixed_temp,71,40,0.9419944286346436,-4.836128234863281
train,depablo_mixed_temp,71,50,0.11755628138780594,-4.993159294128418
train,depablo_mixed_temp,71,60,0.6871891617774963,-5.558409690856934
train,depablo_mixed_temp,71,70,-0.8218083381652832,-5.620833396911621
train,depablo_mixed_temp,71,80,0.052204180508852005,-6.899820804595947
train,depablo_mixed_temp,71,90,-0.2736812233924866,-7.3249101638793945
train,depablo_mixed_temp,71,100,-0.8566633462905884,-7.046852111816406
train,depablo_mixed_temp,72,0,-0.09048622101545334,-1.6538941860198975
train,depablo_mixed_temp,72,10,-0.5291953086853027,-1.7994887828826904
train,depablo_mixed_temp,72,20,-0.7715907096862793,-2.0897653102874756
train,depablo_mixed_temp,72,30,-1.123605728149414,-2.3270609378814697
train,depablo_mixed_temp,72,40,-1.4932368993759155,-2.5277326107025146
train,depablo_mixed_temp,72,50,-1.8249201774597168,-2.81294846534729
train,depablo_mixed_temp,72,60,-2.258317470550537,-3.027954339981079
train,depablo_mixed_temp,72,70,-2.752764940261841,-3.286762237548828
train,depablo_mixed_temp,72,80,-3.1243085861206055,-3.5792784690856934
train,depablo_mixed_temp,72,90,-3.548475503921509,-3.939849853515625
train,depablo_mixed_temp,72,100,-3.9780285358428955,-4.235487461090088
train,depablo_mixed_temp,73,0,-0.22672060132026672,-1.7403314113616943
train,depablo_mixed_temp,73,10,-0.7373536229133606,-1.750364065170288
train,depablo_mixed_temp,73,20,-1.1999313831329346,-1.939164400100708
train,depablo_mixed_temp,73,30,-1.3682292699813843,-2.2429118156433105
train,depablo_mixed_temp,73,40,-1.776110053062439,-2.5597951412200928
train,depablo_mixed_temp,73,50,-2.519636869430542,-2.6238155364990234
train,depablo_mixed_temp,73,60,-2.9454665184020996,-2.815802812576294
train,depablo_mixed_temp,73,70,-3.2139902114868164,-3.1920268535614014
train,depablo_mixed_temp,73,80,-3.9655914306640625,-3.361982822418213
train,depablo_mixed_temp,73,90,-4.4225239753723145,-3.4377644062042236
train,depablo_mixed_temp,73,100,-5.248217582702637,-3.6177830696105957
train,depablo_mixed_temp,74,0,-0.7348961234092712,-2.0428571701049805
train,depablo_mixed_temp,74,10,-1.5909900665283203,-2.1231722831726074
train,depablo_mixed_temp,74,20,-1.6645349264144897,-2.328232765197754
train,depablo_mixed_temp,74,30,-1.602532982826233,-2.539048194885254
train,depablo_mixed_temp,74,40,-1.8849565982818604,-2.941134214401245
train,depablo_mixed_temp,74,50,-3.104926824569702,-2.982189655303955
train,depablo_mixed_temp,74,60,-2.6130008697509766,-3.789060354232788
train,depablo_mixed_temp,74,70,-3.768549919128418,-3.322918653488159
train,depablo_mixed_temp,74,80,-4.459505081176758,-4.182207107543945
train,depablo_mixed_temp,74,90,-4.5524139404296875,-4.084652423858643
train,depablo_mixed_temp,74,100,-5.456709861755371,-4.227351665496826
train,depablo_mixed_temp,75,0,-0.7547779083251953,-1.9926561117172241
train,depablo_mixed_temp,75,10,-1.1092733144760132,-2.108257293701172
train,depablo_mixed_temp,75,20,-1.5051679611206055,-2.2219910621643066
train,depablo_mixed_temp,75,30,-1.857724666595459,-2.2065577507019043
train,depablo_mixed_temp,75,40,-2.536580801010132,-2.347156524658203
train,depablo_mixed_temp,75,50,-2.986950635910034,-2.3665478229522705
train,depablo_mixed_temp,75,60,-3.5372729301452637,-2.389126777648926
train,depablo_mixed_temp,75,70,-4.128189563751221,-2.7658534049987793
train,depablo_mixed_temp,75,80,-4.535591125488281,-2.9267807006835938
train,depablo_mixed_temp,75,90,-5.430147171020508,-3.1044881343841553
train,depablo_mixed_temp,75,100,-5.884537696838379,-3.0556640625
train,depablo_mixed_temp,76,0,-0.10382542014122009,-1.583627700805664
train,depablo_mixed_temp,76,10,0.24078369140625,-2.443603515625
train,depablo_mixed_temp,76,20,-1.1047117710113525,-1.9183173179626465
train,depablo_mixed_temp,76,30,-1.7644429206848145,-1.42795991897583
train,depablo_mixed_temp,76,40,-1.9714629650115967,-2.042243242263794
train,depablo_mixed_temp,76,50,-2.366058111190796,-2.514167070388794
train,depablo_mixed_temp,76,60,-2.6717517375946045,-3.8649725914001465
train,depablo_mixed_temp,76,70,-2.7191860675811768,-3.351480722427368
train,depablo_mixed_temp,76,80,-3.2513983249664307,-3.2979702949523926
train,depablo_mixed_temp,76,90,-4.998795509338379,-3.3975579738616943
train,depablo_mixed_temp,76,100,-5.889660835266113,-4.590898036956787
train,depablo_mixed_temp,77,0,0.17989221215248108,-1.7573561668395996
train,depablo_mixed_temp,77,10,-0.23152874410152435,-2.0218567848205566
train,depablo_mixed_temp,77,20,0.13566772639751434,-2.7823758125305176
train,depablo_mixed_temp,77,30,0.09278225153684616,-3.344092845916748
train,depablo_mixed_temp,77,40,0.24548009037971497,-3.7613577842712402
train,depablo_mixed_temp,77,50,-0.4485282599925995,-3.9184675216674805
train,depablo_mixed_temp,77,60,-0.10474486649036407,-4.679955005645752
train,depablo_mixed_temp,77,70,0.1271396279335022,-5.342178821563721
train,depablo_mixed_temp,77,80,-0.6613218784332275,-5.468792915344238
train,depablo_mixed_temp,77,90,-0.7590815424919128,-6.312053680419922
train,depablo_mixed_temp,77,100,-0.5986230373382568,-6.974297523498535
train,depablo_mixed_temp,78,0,-0.4055115282535553,-2.1045877933502197
train,depablo_mixed_temp,78,10,-1.851875901222229,-0.05549481511116028
train,depablo_mixed_temp,78,20,-1.7324857711791992,-2.4245100021362305
train,depablo_mixed_temp,78,30,-1.799135684967041,-1.5940090417861938
train,depablo_mixed_temp,78,40,-0.09888844192028046,-3.741600513458252
train,depablo_mixed_temp,78,50,0.04154665023088455,-4.896172046661377
train,depablo_mixed_temp,78,60,-2.4214746952056885,-3.8089656829833984
train,depablo_mixed_temp,78,70,1.2823822498321533,-6.690897464752197
train,depablo_mixed_temp,78,80,0.5070337057113647,-6.4226531982421875
train,depablo_mixed_temp,78,90,-0.5484941601753235,-6.634979248046875
train,depablo_mixed_temp,78,100,1.9307218790054321,-8.636363983154297
train,depablo_mixed_temp,79,0,-0.07264567166566849,-1.538640022277832
train,depablo_mixed_temp,79,10,-0.49280911684036255,-1.7553091049194336
train,depablo_mixed_temp,79,20,-0.8729922771453857,-1.9444420337677002
train,depablo_mixed_temp,79,30,-1.3396220207214355,-2.043560743331909
train,depablo_mixed_temp,79,40,-2.031291961669922,-2.029127836227417
train,depablo_mixed_temp,79,50,-2.6122400760650635,-2.28912091255188
train,depablo_mixed_temp,79,60,-3.2915687561035156,-2.5871031284332275
train,depablo_mixed_temp,79,70,-3.7412807941436768,-2.8494668006896973
train,depablo_mixed_temp,79,80,-4.453262805938721,-2.8860599994659424
train,depablo_mixed_temp,79,90,-5.217930316925049,-3.173687696456909
train,depablo_mixed_temp,79,100,-5.8129072189331055,-3.1819565296173096
train,depablo_mixed_temp,80,0,-0.8495415449142456,-2.3145768642425537
train,depablo_mixed_temp,80,10,0.8288031816482544,-4.075875282287598
train,depablo_mixed_temp,80,20,0.5516181588172913,-4.961575508117676
train,depablo_mixed_temp,80,30,0.3801354169845581,-4.420328617095947
train,depablo_mixed_temp,80,40,-0.6502866744995117,-5.3226094245910645
train,depablo_mixed_temp,80,50,-4.163896083831787,-4.200785160064697
train,depablo_mixed_temp,80,60,-1.6140131950378418,-4.824432849884033
train,depablo_mixed_temp,80,70,-1.8133546113967896,-6.21242094039917
train,depablo_mixed_temp,80,80,-1.650617003440857,-5.7530837059021
train,depablo_mixed_temp,80,90,-2.868443012237549,-5.692540168762207
train,depablo_mixed_temp,80,100,-1.1164391040802002,-8.062570571899414
train,depablo_mixed_temp,81,0,-0.6334008574485779,-2.1136274337768555
train,depablo_mixed_temp,81,10,-0.3416843116283417,-2.810807228088379
train,depablo_mixed_temp,81,20,-0.9199250340461731,-2.9106976985931396
train,depablo_mixed_temp,81,30,-0.7276731729507446,-3.526210308074951
train,depablo_mixed_temp,81,40,-0.7362205386161804,-4.222162246704102
train,depablo_mixed_temp,81,50,-0.9235388040542603,-4.56294584274292
train,depablo_mixed_temp,81,60,-0.9632037878036499,-4.7643141746521
train,depablo_mixed_temp,81,70,-0.8955199122428894,-5.711208820343018
train,depablo_mixed_temp,81,80,-1.3036110401153564,-6.310100078582764
train,depablo_mixed_temp,81,90,-1.3958513736724854,-6.6545891761779785
train,depablo_mixed_temp,81,100,-2.238377094268799,-6.626916885375977
train,depablo_mixed_temp,82,0,-0.017918502911925316,-1.5121448040008545
train,depablo_mixed_temp,82,10,-0.5372828245162964,-1.377528190612793
train,depablo_mixed_temp,82,20,-0.6519495844841003,-1.600160837173462
train,depablo_mixed_temp,82,30,-1.3239346742630005,-0.7474874258041382
train,depablo_mixed_temp,82,40,-2.194746494293213,-2.3003716468811035
train,depablo_mixed_temp,82,50,-2.8657188415527344,-2.023820638656616
train,depablo_mixed_temp,82,60,-2.885100841522217,-3.4247612953186035
train,depablo_mixed_temp,82,70,-4.897989749908447,-2.575072765350342
train,depablo_mixed_temp,82,80,-5.054073333740234,-2.8749804496765137
train,depablo_mixed_temp,82,90,-5.460943698883057,-2.8068549633026123
train,depablo_mixed_temp,82,100,-8.58469009399414,-2.1003427505493164
train,depablo_mixed_temp,83,0,-0.08444754779338837,-1.6270970106124878
train,depablo_mixed_temp,83,10,0.06987544894218445,-1.9451797008514404
train,depablo_mixed_temp,83,20,-1.1154102087020874,-2.365200996398926
train,depablo_mixed_temp,83,30,-1.4087729454040527,-1.8176709413528442
train,depablo_mixed_temp,83,40,-2.7978436946868896,-2.009777069091797
train,depablo_mixed_temp,83,50,-1.9217019081115723,-2.1808407306671143
train,depablo_mixed_temp,83,60,-2.6732561588287354,-2.075289011001587
train,depablo_mixed_temp,83,70,-3.365180253982544,-3.3869123458862305
train,depablo_mixed_temp,83,80,-4.803340911865234,-2.662672996520996
train,depablo_mixed_temp,83,90,-4.918915271759033,-2.702789545059204
train,depablo_mixed_temp,83,100,-6.408072471618652,-3.6232781410217285
train,depablo_mixed_temp,84,0,-0.10793477296829224,-1.9064332246780396
train,depablo_mixed_temp,84,10,0.014392121694982052,-2.379340887069702
train,depablo_mixed_temp,84,20,-0.04455747455358505,-2.8169920444488525
train,depablo_mixed_temp,84,30,-0.08445455133914948,-3.19514536857605
train,depablo_mixed_temp,84,40,-0.06599273532629013,-3.6831135749816895
train,depablo_mixed_temp,84,50,0.012560434639453888,-4.259171962738037
train,depablo_mixed_temp,84,60,-0.08184774219989777,-4.834577560424805
train,depablo_mixed_temp,84,70,-0.27681469917297363,-5.257444381713867
train,depablo_mixed_temp,84,80,-0.2949666380882263,-5.7776970863342285
train,depablo_mixed_temp,84,90,-0.48334476351737976,-6.242236614227295
train,depablo_mixed_temp,84,100,-0.5682708024978638,-6.869744300842285
train,depablo_mixed_temp,85,0,-0.27838456630706787,-1.9691405296325684
train,depablo_mixed_temp,85,10,-0.761917769908905,-1.4374009370803833
train,depablo_mixed_temp,85,20,0.16096945106983185,-3.7523961067199707
train,depablo_mixed_temp,85,30,-0.8475468158721924,-3.4996724128723145
train,depablo_mixed_temp,85,40,-1.284173607826233,-3.881564140319824
train,depablo_mixed_temp,85,50,-1.1956168413162231,-4.286451816558838
train,depablo_mixed_temp,85,60,-0.4098850190639496,-5.71395206451416
train,depablo_mixed_temp,85,70,-0.343843936920166,-5.923634052276611
train,depablo_mixed_temp,85,80,-1.5443891286849976,-5.790565490722656
train,depablo_mixed_temp,85,90,-1.0570255517959595,-6.10785436630249
train,depablo_mixed_temp,85,100,-0.3992156386375427,-6.63051700592041
train,depablo_mixed_temp,86,0,-0.5859153866767883,-1.9319605827331543
train,depablo_mixed_temp,86,10,-0.47568821907043457,-1.9680601358413696
train,depablo_mixed_temp,86,20,-1.2193058729171753,-2.332343816757202
train,depablo_mixed_temp,86,30,-1.3992855548858643,-2.697836399078369
train,depablo_mixed_temp,86,40,-2.8134942054748535,-2.1292691230773926
train,depablo_mixed_temp,86,50,-2.6772427558898926,-3.018012046813965
train,depablo_mixed_temp,86,60,-3.343663454055786,-3.0528268814086914
train,depablo_mixed_temp,86,70,-4.016927719116211,-2.9095075130462646
train,depablo_mixed_temp,86,80,-3.8674168586730957,-3.8867952823638916
train,depablo_mixed_temp,86,90,-4.795949935913086,-3.7912275791168213
train,depablo_mixed_temp,86,100,-5.324646472930908,-4.487150192260742
train,depablo_mixed_temp,87,0,0.30871573090553284,-1.5762698650360107
train,depablo_mixed_temp,87,10,0.060008421540260315,-1.8541531562805176
train,depablo_mixed_temp,87,20,0.24201862514019012,-2.3642523288726807
train,depablo_mixed_temp,87,30,-0.04272688180208206,-2.5971531867980957
train,depablo_mixed_temp,87,40,-0.1471644937992096,-3.1082189083099365
train,depablo_mixed_temp,87,50,-0.19281001389026642,-3.535186767578125
train,depablo_mixed_temp,87,60,-0.301735520362854,-4.0157623291015625
train,depablo_mixed_temp,87,70,-0.536949634552002,-4.457468509674072
train,depablo_mixed_temp,87,80,-0.8315724730491638,-4.8415141105651855
train,depablo_mixed_temp,87,90,-0.7949680089950562,-5.390430927276611
train,depablo_mixed_temp,87,100,-1.1180121898651123,-5.911287307739258
train,depablo_mixed_temp,88,0,-0.57861328125,-1.884993314743042
train,depablo_mixed_temp,88,10,-0.24300514161586761,-2.422802209854126
train,depablo_mixed_temp,88,20,-1.7853165864944458,-2.5298120975494385
train,depablo_mixed_temp,88,30,-1.6673665046691895,-2.5226187705993652
train,depablo_mixed_temp,88,40,-2.548870801925659,-2.780921459197998
train,depablo_mixed_temp,88,50,-3.13840389251709,-2.7161357402801514
train,depablo_mixed_temp,88,60,-3.696725606918335,-2.969655990600586
train,depablo_mixed_temp,88,70,-4.073681831359863,-3.363346576690674
train,depablo_mixed_temp,88,80,-4.908627510070801,-3.1636810302734375
train,depablo_mixed_temp,88,90,-5.470977306365967,-3.13603138923645
train,depablo_mixed_temp,88,100,-6.408206462860107,-3.3773880004882812
train,depablo_mixed_temp,89,0,-0.7511231899261475,-2.14103102684021
train,depablo_mixed_temp,89,10,-0.31091609597206116,-2.3570363521575928
train,depablo_mixed_temp,89,20,-0.7508820295333862,-2.4702236652374268
train,depablo_mixed_temp,89,30,-1.5607856512069702,-2.833721876144409
train,depablo_mixed_temp,89,40,-2.082642078399658,-3.1513609886169434
train,depablo_mixed_temp,89,50,-3.1931862831115723,-2.3394551277160645
train,depablo_mixed_temp,89,60,-3.8242411613464355,-2.7983412742614746
train,depablo_mixed_temp,89,70,-2.8502352237701416,-4.395904541015625
train,depablo_mixed_temp,89,80,-3.21697735786438,-4.264647006988525
train,depablo_mixed_temp,89,90,-4.705905437469482,-4.507008075714111
train,depablo_mixed_temp,89,100,-4.938418388366699,-3.8827710151672363
train,lj_noisy,90,0,0.7412304878234863,-2.1217868328094482
train,lj_noisy,90,10,0.1921817660331726,-2.1205849647521973
train,lj_noisy,90,20,-0.3370779752731323,-2.1350789070129395
train,lj_noisy,90,30,-0.882534921169281,-2.1685729026794434
train,lj_noisy,90,40,-1.4579330682754517,-2.225395679473877
train,lj_noisy,90,50,-2.062823534011841,-2.2995567321777344
train,lj_noisy,90,60,-2.692863702774048,-2.397226333618164
train,lj_noisy,90,70,-3.348242998123169,-2.5140135288238525
train,lj_noisy,90,80,-4.0325422286987305,-2.6486899852752686
train,lj_noisy,90,90,-4.740611553192139,-2.8017995357513428
train,lj_noisy,90,100,-5.4753522872924805,-2.9685518741607666
train,lj_noisy,91,0,0.18532760441303253,-2.6224446296691895
train,lj_noisy,91,10,-0.35507526993751526,-2.654993772506714
train,lj_noisy,91,20,-0.9021342396736145,-2.682837724685669
train,lj_noisy,91,30,-1.4710009098052979,-2.713888645172119
train,lj_noisy,91,40,-2.0602657794952393,-2.7421092987060547
train,lj_noisy,91,50,-2.668928861618042,-2.7748055458068848
train,lj_noisy,91,60,-3.296463966369629,-2.8148741722106934
train,lj_noisy,91,70,-3.943181037902832,-2.8612470626831055
train,lj_noisy,91,80,-4.609153747558594,-2.9159154891967773
train,lj_noisy,91,90,-5.295010089874268,-2.9761099815368652
train,lj_noisy,91,100,-6.007518291473389,-3.0385873317718506
train,lj_noisy,92,0,0.6840771436691284,-2.2417190074920654
train,lj_noisy,92,10,0.07421546429395676,-2.2457613945007324
train,lj_noisy,92,20,-0.5604677796363831,-2.2343757152557373
train,lj_noisy,92,30,-1.226797103881836,-2.2222700119018555
train,lj_noisy,92,40,-1.908139944076538,-2.2273383140563965
train,lj_noisy,92,50,-2.609574794769287,-2.2529990673065186
train,lj_noisy,92,60,-3.3293628692626953,-2.2963128089904785
train,lj_noisy,92,70,-4.077080249786377,-2.3533787727355957
train,lj_noisy,92,80,-4.848278045654297,-2.423757791519165
train,lj_noisy,92,90,-5.639109134674072,-2.5032098293304443
train,lj_noisy,92,100,-6.446565628051758,-2.5970122814178467
train,lj_noisy,93,0,0.22129200398921967,-2.485077142715454
train,lj_noisy,93,10,-0.3754808306694031,-2.4799070358276367
train,lj_noisy,93,20,-0.998150646686554,-2.468386650085449
train,lj_noisy,93,30,-1.6455490589141846,-2.4747416973114014
train,lj_noisy,93,40,-2.315948247909546,-2.5027389526367188
train,lj_noisy,93,50,-3.0082271099090576,-2.5533714294433594
train,lj_noisy,93,60,-3.732874870300293,-2.599602699279785
train,lj_noisy,93,70,-4.481930732727051,-2.642596483230591
train,lj_noisy,93,80,-5.246742248535156,-2.67476487159729
train,lj_noisy,93,90,-6.022647857666016,-2.7188923358917236
train,lj_noisy,93,100,-6.808004379272461,-2.781398296356201
train,lj_noisy,94,0,0.1209082379937172,-2.483336925506592
train,lj_noisy,94,10,-0.3684629201889038,-2.494900703430176
train,lj_noisy,94,20,-0.8744298815727234,-2.4993746280670166
train,lj_noisy,94,30,-1.4075934886932373,-2.5112416744232178
train,lj_noisy,94,40,-1.9669525623321533,-2.520357847213745
train,lj_noisy,94,50,-2.5481579303741455,-2.5325088500976562
train,lj_noisy,94,60,-3.1530280113220215,-2.545137405395508
train,lj_noisy,94,70,-3.7829980850219727,-2.5603621006011963
train,lj_noisy,94,80,-4.437572956085205,-2.5749754905700684
train,lj_noisy,94,90,-5.116558074951172,-2.5847413539886475
train,lj_noisy,94,100,-5.81990909576416,-2.5914058685302734
train,lj_noisy,95,0,0.164780855178833,-2.5611088275909424
train,lj_noisy,95,10,-0.32057255506515503,-2.615880250930786
train,lj_noisy,95,20,-0.803945004940033,-2.700153350830078
train,lj_noisy,95,30,-1.289898157119751,-2.798178195953369
train,lj_noisy,95,40,-1.7800401449203491,-2.906768560409546
train,lj_noisy,95,50,-2.274582624435425,-3.024639368057251
train,lj_noisy,95,60,-2.7729954719543457,-3.151571750640869
train,lj_noisy,95,70,-3.2749826908111572,-3.2866501808166504
train,lj_noisy,95,80,-3.7889721393585205,-3.420297145843506
train,lj_noisy,95,90,-4.30893087387085,-3.565531015396118
train,lj_noisy,95,100,-4.8329620361328125,-3.72078275680542
train,lj_noisy,96,0,-0.1618623286485672,-2.6937272548675537
train,lj_noisy,96,10,-0.6773220896720886,-2.7158687114715576
train,lj_noisy,96,20,-1.1787159442901611,-2.73111629486084
train,lj_noisy,96,30,-1.685727834701538,-2.7591841220855713
train,lj_noisy,96,40,-2.197282314300537,-2.801018714904785
train,lj_noisy,96,50,-2.7122678756713867,-2.854437828063965
train,lj_noisy,96,60,-3.2293105125427246,-2.92069935798645
train,lj_noisy,96,70,-3.745594024658203,-2.9992480278015137
train,lj_noisy,96,80,-4.258992671966553,-3.0898165702819824
train,lj_noisy,96,90,-4.767562389373779,-3.1930296421051025
train,lj_noisy,96,100,-5.269983291625977,-3.308278799057007
train,lj_noisy,97,0,0.7202220559120178,-2.14581036567688
train,lj_noisy,97,10,0.18971358239650726,-2.1349034309387207
train,lj_noisy,97,20,-0.3608245253562927,-2.1118834018707275
train,lj_noisy,97,30,-0.9413545727729797,-2.100970506668091
train,lj_noisy,97,40,-1.5563441514968872,-2.1028659343719482
train,lj_noisy,97,50,-2.1993887424468994,-2.1284828186035156
train,lj_noisy,97,60,-2.87056827545166,-2.175727128982544
train,lj_noisy,97,70,-3.5687711238861084,-2.2453973293304443
train,lj_noisy,97,80,-4.292708873748779,-2.3367927074432373
train,lj_noisy,97,90,-5.043743133544922,-2.4396889209747314
train,lj_noisy,97,100,-5.827827453613281,-2.55011248588562
train,lj_noisy,98,0,0.23383468389511108,-2.451201915740967
train,lj_noisy,98,10,-0.36132654547691345,-2.4603841304779053
train,lj_noisy,98,20,-0.9652292132377625,-2.5022847652435303
train,lj_noisy,98,30,-1.588292121887207,-2.5640413761138916
train,lj_noisy,98,40,-2.2340681552886963,-2.640235424041748
train,lj_noisy,98,50,-2.906822919845581,-2.719285726547241
train,lj_noisy,98,60,-3.602905750274658,-2.8037827014923096
train,lj_noisy,98,70,-4.310703277587891,-2.9075541496276855
train,lj_noisy,98,80,-5.035223484039307,-3.016481399536133
train,lj_noisy,98,90,-5.774388790130615,-3.1367626190185547
train,lj_noisy,98,100,-6.526713848114014,-3.2670984268188477
train,lj_noisy,99,0,0.7505742311477661,-2.1708824634552
train,lj_noisy,99,10,0.1492518037557602,-2.1446967124938965
train,lj_noisy,99,20,-0.5042382478713989,-2.0789825916290283
train,lj_noisy,99,30,-1.1978400945663452,-2.0061328411102295
train,lj_noisy,99,40,-1.9228425025939941,-1.9404349327087402
train,lj_noisy,99,50,-2.682448148727417,-1.8724654912948608
train,lj_noisy,99,60,-3.4721014499664307,-1.8144745826721191
train,lj_noisy,99,70,-4.2873101234436035,-1.771737813949585
train,lj_noisy,99,80,-5.124725818634033,-1.750028133392334
train,lj_noisy,99,90,-5.9813971519470215,-1.754130482673645
train,lj_noisy,99,100,-6.8533854484558105,-1.7852798700332642
train,lj_noisy,100,0,0.5605343580245972,-2.270381212234497
train,lj_noisy,100,10,-0.07709024846553802,-2.2921087741851807
train,lj_noisy,100,20,-0.7536202073097229,-2.3229334354400635
train,lj_noisy,100,30,-1.4687869548797607,-2.3648335933685303
train,lj_noisy,100,40,-2.218674659729004,-2.4205102920532227
train,lj_noisy,100,50,-2.9995319843292236,-2.492074966430664
train,lj_noisy,100,60,-3.8065199851989746,-2.5852179527282715
train,lj_noisy,100,70,-4.637465953826904,-2.699542284011841
train,lj_noisy,100,80,-5.489731311798096,-2.8385398387908936
train,lj_noisy,100,90,-6.360605239868164,-2.9894604682922363
train,lj_noisy,100,100,-7.244604110717773,-3.1615545749664307
train,lj_noisy,101,0,0.2799258232116699,-2.514302968978882
train,lj_noisy,101,10,-0.28619205951690674,-2.558259963989258
train,lj_noisy,101,20,-0.8731585741043091,-2.627493381500244
train,lj_noisy,101,30,-1.4920158386230469,-2.7223262786865234
train,lj_noisy,101,40,-2.143808364868164,-2.8414394855499268
train,lj_noisy,101,50,-2.8287675380706787,-2.984154224395752
train,lj_noisy,101,60,-3.5465574264526367,-3.1510376930236816
train,lj_noisy,101,70,-4.295879364013672,-3.3402700424194336
train,lj_noisy,101,80,-5.073032855987549,-3.55407977104187
train,lj_noisy,101,90,-5.879120349884033,-3.793466091156006
train,lj_noisy,101,100,-6.708969593048096,-4.051292419433594
train,lj_noisy,102,0,0.6142891645431519,-2.2527430057525635
train,lj_noisy,102,10,0.048783548176288605,-2.285568952560425
train,lj_noisy,102,20,-0.5383220911026001,-2.3363823890686035
train,lj_noisy,102,30,-1.1497418880462646,-2.406968593597412
train,lj_noisy,102,40,-1.7861449718475342,-2.4967823028564453
train,lj_noisy,102,50,-2.4438586235046387,-2.608487844467163
train,lj_noisy,102,60,-3.1148931980133057,-2.7367918491363525
train,lj_noisy,102,70,-3.8003060817718506,-2.884791851043701
train,lj_noisy,102,80,-4.503819465637207,-3.0483052730560303
train,lj_noisy,102,90,-5.228609085083008,-3.2074296474456787
train,lj_noisy,102,100,-5.97072172164917,-3.384638786315918
train,lj_noisy,103,0,0.19570466876029968,-2.557776927947998
train,lj_noisy,103,10,-0.3663545250892639,-2.5834615230560303
train,lj_noisy,103,20,-0.9530161619186401,-2.634761095046997
train,lj_noisy,103,30,-1.56886625289917,-2.7114007472991943
train,lj_noisy,103,40,-2.213858127593994,-2.810718297958374
train,lj_noisy,103,50,-2.8864591121673584,-2.9322338104248047
train,lj_noisy,103,60,-3.5860180854797363,-3.070685863494873
train,lj_noisy,103,70,-4.304854869842529,-3.220216989517212
train,lj_noisy,103,80,-5.043625354766846,-3.382132053375244
train,lj_noisy,103,90,-5.808959007263184,-3.550887107849121
train,lj_noisy,103,100,-6.595351219177246,-3.7319846153259277
train,lj_noisy,104,0,0.41793352365493774,-2.345179557800293
train,lj_noisy,104,10,-0.1531292051076889,-2.3707363605499268
train,lj_noisy,104,20,-0.7657533884048462,-2.3882882595062256
train,lj_noisy,104,30,-1.4216537475585938,-2.4081993103027344
train,lj_noisy,104,40,-2.1206979751586914,-2.4328858852386475
train,lj_noisy,104,50,-2.864288330078125,-2.467665910720825
train,lj_noisy,104,60,-3.6408355236053467,-2.5219297409057617
train,lj_noisy,104,70,-4.45078182220459,-2.5882787704467773
train,lj_noisy,104,80,-5.295719623565674,-2.6692631244659424
train,lj_noisy,104,90,-6.172544479370117,-2.7625460624694824
train,lj_noisy,104,100,-7.078415870666504,-2.8675577640533447
train,lj_noisy,105,0,0.07555235177278519,-2.6267526149749756
train,lj_noisy,105,10,-0.4691469967365265,-2.6595394611358643
train,lj_noisy,105,20,-1.0277177095413208,-2.7074527740478516
train,lj_noisy,105,30,-1.6013752222061157,-2.7718472480773926
train,lj_noisy,105,40,-2.1909584999084473,-2.8504252433776855
train,lj_noisy,105,50,-2.8003034591674805,-2.9347589015960693
train,lj_noisy,105,60,-3.427154779434204,-3.0285656452178955
train,lj_noisy,105,70,-4.070821285247803,-3.1313467025756836
train,lj_noisy,105,80,-4.730804443359375,-3.2432219982147217
train,lj_noisy,105,90,-5.405273914337158,-3.3584113121032715
train,lj_noisy,105,100,-6.097399711608887,-3.477142810821533
train,lj_noisy,106,0,0.7303445935249329,-2.2026686668395996
train,lj_noisy,106,10,0.18538632988929749,-2.260835886001587
train,lj_noisy,106,20,-0.38110989332199097,-2.344881534576416
train,lj_noisy,106,30,-0.9797489643096924,-2.437588930130005
train,lj_noisy,106,40,-1.6095173358917236,-2.5434634685516357
train,lj_noisy,106,50,-2.2671942710876465,-2.662566900253296
train,lj_noisy,106,60,-2.946004629135132,-2.791898250579834
train,lj_noisy,106,70,-3.6426825523376465,-2.9337539672851562
train,lj_noisy,106,80,-4.359814167022705,-3.0869131088256836
train,lj_noisy,106,90,-5.099393367767334,-3.2440903186798096
train,lj_noisy,106,100,-5.857627868652344,-3.409151077270508
train,lj_noisy,107,0,0.5691401362419128,-2.3227710723876953
train,lj_noisy,107,10,0.06282879412174225,-2.2959694862365723
train,lj_noisy,107,20,-0.4367482662200928,-2.270735740661621
train,lj_noisy,107,30,-0.9525249004364014,-2.2568511962890625
train,lj_noisy,107,40,-1.4893913269042969,-2.2633705139160156
train,lj_noisy,107,50,-2.0467984676361084,-2.29433274269104
train,lj_noisy,107,60,-2.6258256435394287,-2.346608877182007
train,lj_noisy,107,70,-3.228287696838379,-2.427736282348633
train,lj_noisy,107,80,-3.8562562465667725,-2.5400614738464355
train,lj_noisy,107,90,-4.513972282409668,-2.6870083808898926
train,lj_noisy,107,100,-5.217208385467529,-2.833585739135742
train,lj_noisy,108,0,0.6590909361839294,-2.15008282661438
train,lj_noisy,108,10,0.07792647182941437,-2.1582984924316406
train,lj_noisy,108,20,-0.49483680725097656,-2.174335241317749
train,lj_noisy,108,30,-1.0761195421218872,-2.207014799118042
train,lj_noisy,108,40,-1.6704262495040894,-2.2570595741271973
train,lj_noisy,108,50,-2.291698694229126,-2.3323111534118652
train,lj_noisy,108,60,-2.9292736053466797,-2.4364466667175293
train,lj_noisy,108,70,-3.5788259506225586,-2.5574588775634766
train,lj_noisy,108,80,-4.243404865264893,-2.693969964981079
train,lj_noisy,108,90,-4.923878192901611,-2.846038818359375
train,lj_noisy,108,100,-5.6180806159973145,-3.012120485305786
train,lj_noisy,109,0,0.5436811447143555,-2.1917080879211426
train,lj_noisy,109,10,-0.06975244730710983,-2.1816494464874268
train,lj_noisy,109,20,-0.6971689462661743,-2.1847593784332275
train,lj_noisy,109,30,-1.3285506963729858,-2.2074220180511475
train,lj_noisy,109,40,-1.9682321548461914,-2.24277400970459
train,lj_noisy,109,50,-2.6139822006225586,-2.2902538776397705
train,lj_noisy,109,60,-3.2703604698181152,-2.3455049991607666
train,lj_noisy,109,70,-3.9429757595062256,-2.3912534713745117
train,lj_noisy,109,80,-4.62337064743042,-2.438596725463867
train,lj_noisy,109,90,-5.30824613571167,-2.493624687194824
train,lj_noisy,109,100,-5.996600151062012,-2.554492473602295
train,lj_noisy,110,0,-0.020246747881174088,-2.6268012523651123
train,lj_noisy,110,10,-0.5897501707077026,-2.634551763534546
train,lj_noisy,110,20,-1.1960430145263672,-2.668376922607422
train,lj_noisy,110,30,-1.8351781368255615,-2.7245259284973145
train,lj_noisy,110,40,-2.5045347213745117,-2.7948713302612305
train,lj_noisy,110,50,-3.208289623260498,-2.8851842880249023
train,lj_noisy,110,60,-3.945427894592285,-2.9984498023986816
train,lj_noisy,110,70,-4.715173721313477,-3.1342437267303467
train,lj_noisy,110,80,-5.515522480010986,-3.2902090549468994
train,lj_noisy,110,90,-6.351757526397705,-3.4521913528442383
train,lj_noisy,110,100,-7.222361087799072,-3.6209983825683594
train,lj_noisy,111,0,0.4285880923271179,-2.3219194412231445
train,lj_noisy,111,10,-0.1109318658709526,-2.3747968673706055
train,lj_noisy,111,20,-0.6484347581863403,-2.4665985107421875
train,lj_noisy,111,30,-1.1996347904205322,-2.587165355682373
train,lj_noisy,111,40,-1.768146276473999,-2.7335023880004883
train,lj_noisy,111,50,-2.365305185317993,-2.9014430046081543
train,lj_noisy,111,60,-2.979015827178955,-3.0925872325897217
train,lj_noisy,111,70,-3.6144158840179443,-3.2936081886291504
train,lj_noisy,111,80,-4.28807258605957,-3.48989200592041
train,lj_noisy,111,90,-4.983905792236328,-3.6946780681610107
train,lj_noisy,111,100,-5.699306011199951,-3.9046714305877686
train,lj_noisy,112,0,0.17340192198753357,-2.479175090789795
train,lj_noisy,112,10,-0.39388298988342285,-2.5167157649993896
train,lj_noisy,112,20,-0.9507113695144653,-2.5812528133392334
train,lj_noisy,112,30,-1.5143375396728516,-2.6603331565856934
train,lj_noisy,112,40,-2.0875253677368164,-2.749454975128174
train,lj_noisy,112,50,-2.668287754058838,-2.8534438610076904
train,lj_noisy,112,60,-3.257148265838623,-2.9718544483184814
train,lj_noisy,112,70,-3.854832887649536,-3.1035757064819336
train,lj_noisy,112,80,-4.461197376251221,-3.2485969066619873
train,lj_noisy,112,90,-5.07660436630249,-3.4067673683166504
train,lj_noisy,112,100,-5.709929466247559,-3.5729169845581055
train,lj_noisy,113,0,0.30289289355278015,-2.3582170009613037
train,lj_noisy,113,10,-0.18485771119594574,-2.387810707092285
train,lj_noisy,113,20,-0.6429745554924011,-2.4144067764282227
train,lj_noisy,113,30,-1.0873429775238037,-2.4490699768066406
train,lj_noisy,113,40,-1.5463138818740845,-2.486039876937866
train,lj_noisy,113,50,-2.0157415866851807,-2.533550262451172
train,lj_noisy,113,60,-2.494943380355835,-2.580003499984741
train,lj_noisy,113,70,-2.9818150997161865,-2.630491256713867
train,lj_noisy,113,80,-3.4748077392578125,-2.6862001419067383
train,lj_noisy,113,90,-3.97538161277771,-2.74214243888855
train,lj_noisy,113,100,-4.472736835479736,-2.8046584129333496
train,lj_noisy,114,0,0.3799402117729187,-2.403095006942749
train,lj_noisy,114,10,-0.22474801540374756,-2.43070125579834
train,lj_noisy,114,20,-0.8442803621292114,-2.4517157077789307
train,lj_noisy,114,30,-1.4774551391601562,-2.480628490447998
train,lj_noisy,114,40,-2.1242311000823975,-2.520933151245117
train,lj_noisy,114,50,-2.7856311798095703,-2.570791244506836
train,lj_noisy,114,60,-3.4615588188171387,-2.622575521469116
train,lj_noisy,114,70,-4.148254871368408,-2.682197332382202
train,lj_noisy,114,80,-4.844171047210693,-2.75314998626709
train,lj_noisy,114,90,-5.545563220977783,-2.8380258083343506
train,lj_noisy,114,100,-6.251236438751221,-2.9375476837158203
train,lj_noisy,115,0,0.38184139132499695,-2.402351140975952
train,lj_noisy,115,10,-0.24163740873336792,-2.3464479446411133
train,lj_noisy,115,20,-0.8778477907180786,-2.2923426628112793
train,lj_noisy,115,30,-1.5265449285507202,-2.259566068649292
train,lj_noisy,115,40,-2.188694477081299,-2.2455198764801025
train,lj_noisy,115,50,-2.8650691509246826,-2.2491815090179443
train,lj_noisy,115,60,-3.5596365928649902,-2.282137155532837
train,lj_noisy,115,70,-4.270272254943848,-2.3379321098327637
train,lj_noisy,115,80,-4.995474338531494,-2.4135422706604004
train,lj_noisy,115,90,-5.735793113708496,-2.5027737617492676
train,lj_noisy,115,100,-6.489181995391846,-2.6085546016693115
train,lj_noisy,116,0,0.241750568151474,-2.5451366901397705
train,lj_noisy,116,10,-0.37977683544158936,-2.5417020320892334
train,lj_noisy,116,20,-1.018692970275879,-2.5502126216888428
train,lj_noisy,116,30,-1.6772233247756958,-2.573831081390381
train,lj_noisy,116,40,-2.3576834201812744,-2.617928981781006
train,lj_noisy,116,50,-3.0622520446777344,-2.676858901977539
train,lj_noisy,116,60,-3.793389320373535,-2.7524375915527344
train,lj_noisy,116,70,-4.547576427459717,-2.8423237800598145
train,lj_noisy,116,80,-5.3244404792785645,-2.9527385234832764
train,lj_noisy,116,90,-6.133371829986572,-3.0681777000427246
train,lj_noisy,116,100,-6.966590404510498,-3.19644832611084
train,lj_noisy,117,0,0.7954716682434082,-2.0670125484466553
train,lj_noisy,117,10,0.2521279752254486,-2.0793700218200684
train,lj_noisy,117,20,-0.27543607354164124,-2.1069095134735107
train,lj_noisy,117,30,-0.8168786764144897,-2.131965160369873
train,lj_noisy,117,40,-1.3857941627502441,-2.149301767349243
train,lj_noisy,117,50,-1.972199559211731,-2.1779558658599854
train,lj_noisy,117,60,-2.5759432315826416,-2.2139086723327637
train,lj_noisy,117,70,-3.195547103881836,-2.2538390159606934
train,lj_noisy,117,80,-3.8249776363372803,-2.3092246055603027
train,lj_noisy,117,90,-4.46380615234375,-2.389727830886841
train,lj_noisy,117,100,-5.108824253082275,-2.490777015686035
train,lj_noisy,118,0,0.6910529732704163,-2.139085292816162
train,lj_noisy,118,10,0.14076633751392365,-2.148900032043457
train,lj_noisy,118,20,-0.4122612178325653,-2.168715000152588
train,lj_noisy,118,30,-0.9812659025192261,-2.203409433364868
train,lj_noisy,118,40,-1.568398356437683,-2.2507784366607666
train,lj_noisy,118,50,-2.1765546798706055,-2.308072566986084
train,lj_noisy,118,60,-2.8056983947753906,-2.3756673336029053
train,lj_noisy,118,70,-3.4586904048919678,-2.4475648403167725
train,lj_noisy,118,80,-4.131005764007568,-2.5285651683807373
train,lj_noisy,118,90,-4.821866035461426,-2.619473934173584
train,lj_noisy,118,100,-5.531291484832764,-2.7188944816589355
train,lj_noisy,119,0,0.39989709854125977,-2.384803056716919
train,lj_noisy,119,10,-0.16609323024749756,-2.409632444381714
train,lj_noisy,119,20,-0.7633984088897705,-2.445747137069702
train,lj_noisy,119,30,-1.390607476234436,-2.49381160736084
train,lj_noisy,119,40,-2.039456605911255,-2.5536534786224365
train,lj_noisy,119,50,-2.7123286724090576,-2.624661922454834
train,lj_noisy,119,60,-3.4090850353240967,-2.7077460289001465
train,lj_noisy,119,70,-4.1283769607543945,-2.800703525543213
train,lj_noisy,119,80,-4.868658065795898,-2.903115749359131
train,lj_noisy,119,90,-5.628194808959961,-3.014085531234741
train,lj_noisy,119,100,-6.405020713806152,-3.133089780807495
val,reid,0,0,-0.41843435168266296,-1.840064525604248
val,reid,0,10,-0.7433986067771912,-2.1908276081085205
val,reid,0,50,-2.4051191806793213,-3.77699613571167
val,reid,0,100,-5.187271595001221,-6.058435916900635
val,reid,1,0,-0.7406949400901794,-2.096738576889038
val,reid,1,10,-1.1108965873718262,-2.383528709411621
val,reid,1,50,-2.965071439743042,-3.9216995239257812
val,reid,1,100,-6.20656156539917,-6.346437454223633
val,reid,2,0,-0.8185220956802368,-2.1403472423553467
val,reid,2,10,-1.1641907691955566,-2.4657130241394043
val,reid,2,50,-2.510308265686035,-3.971891403198242
val,reid,2,100,-4.189245223999023,-5.935523986816406
val,reid,3,0,-0.03605970740318298,-1.6940022706985474
val,reid,3,10,-0.4914889633655548,-1.7263314723968506
val,reid,3,50,-2.585010528564453,-1.9745447635650635
val,reid,3,100,-5.724536895751953,-2.5891566276550293
val,reid,4,0,-0.41541698575019836,-1.8847452402114868
val,reid,4,10,-0.8007038235664368,-2.0471417903900146
val,reid,4,50,-2.5935163497924805,-2.8480703830718994
val,reid,4,100,-5.392726898193359,-4.132845878601074
val,reid,5,0,-0.2409428060054779,-1.7428767681121826
val,reid,5,10,-0.626539945602417,-1.9407238960266113
val,reid,5,50,-2.444040060043335,-2.925156593322754
val,reid,5,100,-5.2530975341796875,-4.511950492858887
val,reid,6,0,-0.43298065662384033,-1.86183762550354
val,reid,6,10,-0.8451513051986694,-2.003882646560669
val,reid,6,50,-2.7426671981811523,-2.723341703414917
val,reid,6,100,-5.621344566345215,-3.912079334259033
val,reid,7,0,-0.7119875550270081,-2.072070598602295
val,reid,7,10,-1.076524257659912,-2.352185010910034
val,reid,7,50,-2.7553322315216064,-3.7624144554138184
val,reid,7,100,-5.35825777053833,-6.031800270080566
val,reid,8,0,-0.6690943241119385,-2.0035006999969482
val,reid,8,10,-1.0186491012573242,-2.3370132446289062
val,reid,8,50,-2.7408154010772705,-4.054440498352051
val,reid,8,100,-5.570058345794678,-6.494755268096924
val,reid,9,0,-0.7386468648910522,-2.1333343982696533
val,reid,9,10,-1.1626558303833008,-2.2279272079467773
val,reid,9,50,-3.120208740234375,-2.7360353469848633
val,reid,9,100,-6.0847625732421875,-3.6504480838775635
val,reid,10,0,-0.7842603921890259,-2.156667947769165
val,reid,10,10,-1.1939139366149902,-2.2971646785736084
val,reid,10,50,-3.137022018432617,-3.0083107948303223
val,reid,10,100,-6.194191932678223,-4.2054643630981445
val,reid,11,0,-0.8240699172019958,-2.149832010269165
val,reid,11,10,-1.2164306640625,-2.3598954677581787
val,reid,11,50,-3.1374623775482178,-3.423490524291992
val,reid,11,100,-6.208978652954102,-5.134207248687744
val,reid,12,0,-0.45064204931259155,-1.8456673622131348
val,reid,12,10,-0.7652976512908936,-2.1902201175689697
val,reid,12,50,-2.330747604370117,-3.9622902870178223
val,reid,12,100,-5.026972770690918,-6.972327709197998
val,reid,13,0,-0.6173573136329651,-1.9778598546981812
val,reid,13,10,-1.006900668144226,-2.163490056991577
val,reid,13,50,-2.816110610961914,-3.0896477699279785
val,reid,13,100,-5.548471927642822,-4.539551258087158
val,reid,14,0,-0.6755419373512268,-2.098040819168091
val,reid,14,10,-1.0893926620483398,-2.217135429382324
val,reid,14,50,-3.003878355026245,-2.848944664001465
val,reid,14,100,-5.929127216339111,-3.9759774208068848
val,reid,15,0,-0.15653279423713684,-1.7148114442825317
val,reid,15,10,-0.5146294236183167,-1.9515825510025024
val,reid,15,50,-2.221759796142578,-3.0701823234558105
val,reid,15,100,-4.905021667480469,-4.707808494567871
val,reid,16,0,-0.5753824710845947,-1.9493913650512695
val,reid,16,10,-0.9524893164634705,-2.1474363803863525
val,reid,16,50,-2.6803605556488037,-3.0916194915771484
val,reid,16,100,-5.33319616317749,-4.528506278991699
val,reid,17,0,-0.5518739819526672,-1.9434107542037964
val,reid,17,10,-0.8728495836257935,-2.2476601600646973
val,reid,17,50,-2.2963767051696777,-3.7459301948547363
val,reid,17,100,-4.738103866577148,-6.090068340301514
val,reid,18,0,-0.7694219946861267,-2.0351948738098145
val,reid,18,10,-1.1136733293533325,-2.313877582550049
val,reid,18,50,-2.6904258728027344,-3.643810749053955
val,reid,18,100,-5.213472366333008,-5.542740821838379
val,reid,19,0,-0.6782053709030151,-2.0012130737304688
val,reid,19,10,-1.030829906463623,-2.308225154876709
val,reid,19,50,-2.577316999435425,-3.888174057006836
val,reid,19,100,-4.8539252281188965,-6.267256259918213
val,depablo_low_temp,20,0,-1.3138079643249512,-2.378993272781372
val,depablo_low_temp,20,10,-1.746596097946167,-2.4748992919921875
val,depablo_low_temp,20,50,-3.753173351287842,-2.996575117111206
val,depablo_low_temp,20,100,-6.821341514587402,-3.9088706970214844
val,depablo_low_temp,21,0,-1.0062469244003296,-2.2239325046539307
val,depablo_low_temp,21,10,-1.3859580755233765,-2.33385968208313
val,depablo_low_temp,21,50,-3.1464996337890625,-2.9265739917755127
val,depablo_low_temp,21,100,-5.8269195556640625,-3.930422306060791
val,depablo_low_temp,22,0,-0.05452307313680649,-1.5184545516967773
val,depablo_low_temp,22,10,-0.5524058938026428,-1.5646268129348755
val,depablo_low_temp,22,50,-2.808185338973999,-1.8872190713882446
val,depablo_low_temp,22,100,-6.119819164276123,-2.5704643726348877
val,depablo_low_temp,23,0,-0.49092602729797363,-2.1420023441314697
val,depablo_low_temp,23,10,-0.6059519648551941,-2.436030387878418
val,depablo_low_temp,23,50,-1.0398941040039062,-3.901648759841919
val,depablo_low_temp,23,100,-1.9236562252044678,-6.099868297576904
val,depablo_low_temp,24,0,-0.43209969997406006,-1.9500887393951416
val,depablo_low_temp,24,10,-0.7014367580413818,-2.145321846008301
val,depablo_low_temp,24,50,-1.9133269786834717,-3.1268908977508545
val,depablo_low_temp,24,100,-3.8581323623657227,-4.657436370849609
val,depablo_low_temp,25,0,-1.097178339958191,-2.512517213821411
val,depablo_low_temp,25,10,-1.1910220384597778,-2.8094778060913086
val,depablo_low_temp,25,50,-1.487754464149475,-4.384205341339111
val,depablo_low_temp,25,100,-2.3419275283813477,-6.649269104003906
val,depablo_low_temp,26,0,-0.41081342101097107,-2.018592119216919
val,depablo_low_temp,26,10,-0.48157748579978943,-2.2924067974090576
val,depablo_low_temp,26,50,-0.5845993161201477,-3.7369437217712402
val,depablo_low_temp,26,100,-1.1033399105072021,-5.810005187988281
val,depablo_low_temp,27,0,-0.633358895778656,-2.1454415321350098
val,depablo_low_temp,27,10,-0.7258980870246887,-2.4501419067382812
val,depablo_low_temp,27,50,-1.0297530889511108,-4.130239009857178
val,depablo_low_temp,27,100,-1.8374037742614746,-6.864315032958984
val,depablo_low_temp,28,0,-0.7785680294036865,-2.045048475265503
val,depablo_low_temp,28,10,-1.223797082901001,-2.1097657680511475
val,depablo_low_temp,28,50,-3.302415132522583,-2.532809019088745
val,depablo_low_temp,28,100,-6.488385200500488,-3.3869309425354004
val,depablo_low_temp,29,0,0.21205411851406097,-1.5216822624206543
val,depablo_low_temp,29,10,0.007192105520516634,-1.7690706253051758
val,depablo_low_temp,29,50,-0.871198832988739,-2.965698480606079
val,depablo_low_temp,29,100,-2.4350759983062744,-4.720485687255859
val,depablo_low_temp,30,0,-0.4629415273666382,-2.232311725616455
val,depablo_low_temp,30,10,-0.49554309248924255,-2.5505945682525635
val,depablo_low_temp,30,50,-0.5570056438446045,-4.182854175567627
val,depablo_low_temp,30,100,-1.066866397857666,-6.530770778656006
val,depablo_low_temp,31,0,-0.8038138151168823,-2.0956265926361084
val,depablo_low_temp,31,10,-1.2045012712478638,-2.226775646209717
val,depablo_low_temp,31,50,-3.0601797103881836,-2.9374096393585205
val,depablo_low_temp,31,100,-5.892157554626465,-4.176862716674805
val,depablo_low_temp,32,0,-0.06663910299539566,-1.8484950065612793
val,depablo_low_temp,32,10,-0.1466999351978302,-2.14969801902771
val,depablo_low_temp,32,50,-0.5121762752532959,-3.701174259185791
val,depablo_low_temp,32,100,-1.4438666105270386,-6.06168794631958
val,depablo_low_temp,33,0,-0.37342068552970886,-1.7226197719573975
val,depablo_low_temp,33,10,-0.8594057559967041,-1.7909883260726929
val,depablo_low_temp,33,50,-3.0792720317840576,-2.203286647796631
val,depablo_low_temp,33,100,-6.368568420410156,-2.9897143840789795
val,depablo_low_temp,34,0,-0.49638912081718445,-2.1933512687683105
val,depablo_low_temp,34,10,-0.5326396226882935,-2.490551471710205
val,depablo_low_temp,34,50,-0.6474372744560242,-4.018735885620117
val,depablo_low_temp,34,100,-1.420741081237793,-6.198647975921631
val,depablo_low_temp,35,0,0.05443766713142395,-1.7919528484344482
val,depablo_low_temp,35,10,-0.04108186438679695,-2.110788345336914
val,depablo_low_temp,35,50,-0.2822570204734802,-3.7996461391448975
val,depablo_low_temp,35,100,-0.9182471036911011,-6.286187648773193
val,depablo_low_temp,36,0,-0.49910926818847656,-1.892093300819397
val,depablo_low_temp,36,10,-0.8768660426139832,-2.021470308303833
val,depablo_low_temp,36,50,-2.644665002822876,-2.6845083236694336
val,depablo_low_temp,36,100,-5.427312850952148,-3.7960002422332764
val,depablo_low_temp,37,0,-1.0480396747589111,-2.291388750076294
val,depablo_low_temp,37,10,-1.4037795066833496,-2.446213722229004
val,depablo_low_temp,37,50,-3.07358980178833,-3.236258029937744
val,depablo_low_temp,37,100,-5.703582286834717,-4.552703380584717
val,depablo_low_temp,38,0,-0.4638895094394684,-2.0169880390167236
val,depablo_low_temp,38,10,-0.5950458645820618,-2.32853627204895
val,depablo_low_temp,38,50,-1.114607334136963,-3.840515613555908
val,depablo_low_temp,38,100,-2.1458563804626465,-6.005498886108398
val,depablo_low_temp,39,0,-0.4925079941749573,-1.7770757675170898
val,depablo_low_temp,39,10,-0.9794294238090515,-1.8255126476287842
val,depablo_low_temp,39,50,-3.201465606689453,-2.1436429023742676
val,depablo_low_temp,39,100,-6.51569938659668,-2.803586483001709
val,depablo_mixed_temp,40,0,-0.011649774387478828,-1.7569942474365234
val,depablo_mixed_temp,40,10,-1.7222689390182495,-2.1373372077941895
val,depablo_mixed_temp,40,50,-3.8949851989746094,-2.6563191413879395
val,depablo_mixed_temp,40,100,-1.16616952419281,-6.073427200317383
val,depablo_mixed_temp,41,0,-1.3174012899398804,-2.3802144527435303
val,depablo_mixed_temp,41,10,-1.7761688232421875,-2.5740654468536377
val,depablo_mixed_temp,41,50,-3.8177106380462646,-3.5886099338531494
val,depablo_mixed_temp,41,100,-5.944666862487793,-5.028010845184326
val,depablo_mixed_temp,42,0,-1.0072643756866455,-2.224290370941162
val,depablo_mixed_temp,42,10,-1.359426498413086,-2.359937906265259
val,depablo_mixed_temp,42,50,-3.072023391723633,-3.012676477432251
val,depablo_mixed_temp,42,100,-5.777578830718994,-3.933419942855835
val,depablo_mixed_temp,43,0,-0.07718957215547562,-1.541687250137329
val,depablo_mixed_temp,43,10,-0.9766347408294678,-2.1316001415252686
val,depablo_mixed_temp,43,50,-3.2382378578186035,-2.316620111465454
val,depablo_mixed_temp,43,100,-6.431547164916992,-2.7479121685028076
val,depablo_mixed_temp,44,0,0.10379578173160553,-1.6651725769042969
val,depablo_mixed_temp,44,10,-0.9418604373931885,-0.9542607069015503
val,depablo_mixed_temp,44,50,-2.052602767944336,-2.5991299152374268
val,depablo_mixed_temp,44,100,-2.8191235065460205,-6.6639556884765625
val,depablo_mixed_temp,45,0,-0.16862379014492035,-1.7617299556732178
val,depablo_mixed_temp,45,10,-0.2413792908191681,-2.0493030548095703
val,depablo_mixed_temp,45,50,-1.088759422302246,-3.6126909255981445
val,depablo_mixed_temp,45,100,-1.448121428489685,-5.852496147155762
val,depablo_mixed_temp,46,0,-0.22134262323379517,-1.842186689376831
val,depablo_mixed_temp,46,10,0.8731210827827454,-3.3316380977630615
val,depablo_mixed_temp,46,50,2.2747204303741455,-4.748470306396484
val,depablo_mixed_temp,46,100,-1.3094686269760132,-6.4676995277404785
val,depablo_mixed_temp,47,0,-0.23636651039123535,-1.6820036172866821
val,depablo_mixed_temp,47,10,-0.77919602394104,-1.582118272781372
val,depablo_mixed_temp,47,50,-3.2238521575927734,-2.337057113647461
val,depablo_mixed_temp,47,100,-5.6214518547058105,-3.036968469619751
val,depablo_mixed_temp,48,0,-0.4282054305076599,-1.9477152824401855
val,depablo_mixed_temp,48,10,-0.8446676135063171,-2.0425031185150146
val,depablo_mixed_temp,48,50,-1.218721866607666,-3.236506223678589
val,depablo_mixed_temp,48,100,-3.2520864009857178,-4.771516799926758
val,depablo_mixed_temp,49,0,-0.9895098209381104,-2.1495156288146973
val,depablo_mixed_temp,49,10,-0.9215449094772339,-2.754329204559326
val,depablo_mixed_temp,49,50,-2.6092424392700195,-3.345339298248291
val,depablo_mixed_temp,49,100,-5.33213472366333,-4.663923263549805
val,depablo_mixed_temp,50,0,-0.4139765799045563,-2.06972599029541
val,depablo_mixed_temp,50,10,1.4982616901397705,-2.3154923915863037
val,depablo_mixed_temp,50,50,-0.08125148713588715,-4.6863274574279785
val,depablo_mixed_temp,50,100,1.8952832221984863,-8.915749549865723
val,depablo_mixed_temp,51,0,-0.6307620406150818,-2.144395351409912
val,depablo_mixed_temp,51,10,0.4912503659725189,-3.3899974822998047
val,depablo_mixed_temp,51,50,-0.6572438478469849,-4.538002014160156
val,depablo_mixed_temp,51,100,-1.4832292795181274,-6.975574493408203
val,depablo_mixed_temp,52,0,-0.35784435272216797,-2.1318724155426025
val,depablo_mixed_temp,52,10,-0.4800395369529724,-2.587970495223999
val,depablo_mixed_temp,52,50,-0.5438849329948425,-4.297924995422363
val,depablo_mixed_temp,52,100,-1.5867040157318115,-6.1330461502075195
val,depablo_mixed_temp,53,0,-0.8036304116249084,-2.095019578933716
val,depablo_mixed_temp,53,10,-1.241730809211731,-2.1525261402130127
val,depablo_mixed_temp,53,50,-2.830812931060791,-2.780771255493164
val,depablo_mixed_temp,53,100,-5.657073974609375,-4.170148849487305
val,depablo_mixed_temp,54,0,-0.4325067400932312,-1.7991173267364502
val,depablo_mixed_temp,54,10,-1.1553374528884888,-1.368837833404541
val,depablo_mixed_temp,54,50,-3.1444404125213623,-2.7309608459472656
val,depablo_mixed_temp,54,100,-5.399643898010254,-3.756704330444336
val,depablo_mixed_temp,55,0,-0.23874880373477936,-1.6609734296798706
val,depablo_mixed_temp,55,10,-0.6732175350189209,-1.6501117944717407
val,depablo_mixed_temp,55,50,-2.987179756164551,-2.0453898906707764
val,depablo_mixed_temp,55,100,-6.183452606201172,-3.009450912475586
val,depablo_mixed_temp,56,0,-0.494005024433136,-1.7782182693481445
val,depablo_mixed_temp,56,10,-1.0981459617614746,-2.0215747356414795
val,depablo_mixed_temp,56,50,-3.1158857345581055,-2.5217556953430176
val,depablo_mixed_temp,56,100,-6.6127448081970215,-2.9673759937286377
val,depablo_mixed_temp,57,0,-0.997276782989502,-2.4294464588165283
val,depablo_mixed_temp,57,10,-1.021837830543518,-2.741647481918335
val,depablo_mixed_temp,57,50,-1.003674864768982,-4.287110805511475
val,depablo_mixed_temp,57,100,-1.4168037176132202,-6.381579399108887
val,depablo_mixed_temp,58,0,-0.6826770901679993,-2.2107319831848145
val,depablo_mixed_temp,58,10,-0.6714896559715271,-2.5733349323272705
val,depablo_mixed_temp,58,50,-1.1792207956314087,-4.136762619018555
val,depablo_mixed_temp,58,100,-2.1058499813079834,-6.444424629211426
val,depablo_mixed_temp,59,0,-0.26401403546333313,-1.7762482166290283
val,depablo_mixed_temp,59,10,-0.5794686675071716,-1.9965789318084717
val,depablo_mixed_temp,59,50,-2.183424472808838,-2.7909302711486816
val,depablo_mixed_temp,59,100,-4.654253005981445,-4.144470691680908
val,lj_noisy,60,0,0.34020930528640747,-2.3192434310913086
val,lj_noisy,60,10,-0.21553483605384827,-2.3426589965820312
val,lj_noisy,60,50,-2.5684473514556885,-2.5292229652404785
val,lj_noisy,60,100,-5.91975212097168,-2.970360517501831
val,lj_noisy,61,0,0.46641600131988525,-2.3345754146575928
val,lj_noisy,61,10,-0.10226033627986908,-2.382622003555298
val,lj_noisy,61,50,-2.577388048171997,-2.9564669132232666
val,lj_noisy,61,100,-6.26279878616333,-4.08799409866333
val,lj_noisy,62,0,0.4079464375972748,-2.4531004428863525
val,lj_noisy,62,10,-0.0693344697356224,-2.4808082580566406
val,lj_noisy,62,50,-2.126159906387329,-2.7343599796295166
val,lj_noisy,62,100,-5.1287360191345215,-3.4172561168670654
val,lj_noisy,63,0,0.0838020071387291,-2.4854209423065186
val,lj_noisy,63,10,-0.4737713634967804,-2.5219058990478516
val,lj_noisy,63,50,-2.8858377933502197,-2.715474843978882
val,lj_noisy,63,100,-6.336389064788818,-3.0818581581115723
val,lj_noisy,64,0,0.4796876013278961,-2.275702714920044
val,lj_noisy,64,10,-0.08698000013828278,-2.3110594749450684
val,lj_noisy,64,50,-2.62017822265625,-2.6682140827178955
val,lj_noisy,64,100,-6.276884078979492,-3.363736391067505
val,lj_noisy,65,0,0.7264906764030457,-2.1916818618774414
val,lj_noisy,65,10,0.17144979536533356,-2.1913158893585205
val,lj_noisy,65,50,-2.1003057956695557,-2.3037168979644775
val,lj_noisy,65,100,-5.254449367523193,-2.9321367740631104
val,lj_noisy,66,0,0.6487085819244385,-2.282254457473755
val,lj_noisy,66,10,0.08555135875940323,-2.3403427600860596
val,lj_noisy,66,50,-2.332853317260742,-2.725280523300171
val,lj_noisy,66,100,-6.062134742736816,-3.526780605316162
val,lj_noisy,67,0,-0.016858097165822983,-2.6100592613220215
val,lj_noisy,67,10,-0.5643649101257324,-2.5906944274902344
val,lj_noisy,67,50,-2.844160556793213,-2.6512084007263184
val,lj_noisy,67,100,-6.005531311035156,-3.211578845977783
val,lj_noisy,68,0,0.5376270413398743,-2.308339834213257
val,lj_noisy,68,10,-0.017964979633688927,-2.3189187049865723
val,lj_noisy,68,50,-2.4905738830566406,-2.5330586433410645
val,lj_noisy,68,100,-6.173920154571533,-3.305516004562378
val,lj_noisy,69,0,0.5732671022415161,-2.330205202102661
val,lj_noisy,69,10,0.06648429483175278,-2.335756301879883
val,lj_noisy,69,50,-2.209247350692749,-2.4311916828155518
val,lj_noisy,69,100,-5.619899749755859,-2.879394769668579
val,lj_noisy,70,0,0.4609730839729309,-2.3239943981170654
val,lj_noisy,70,10,-0.061284732073545456,-2.3457469940185547
val,lj_noisy,70,50,-2.2845771312713623,-2.515425205230713
val,lj_noisy,70,100,-5.518226146697998,-2.9227616786956787
val,lj_noisy,71,0,0.6689186096191406,-2.2342896461486816
val,lj_noisy,71,10,0.09356539696455002,-2.2369987964630127
val,lj_noisy,71,50,-2.377755880355835,-2.2862982749938965
val,lj_noisy,71,100,-5.811807632446289,-2.6515846252441406
val,lj_noisy,72,0,0.42155522108078003,-2.402520179748535
val,lj_noisy,72,10,-0.17684483528137207,-2.3808071613311768
val,lj_noisy,72,50,-2.7773356437683105,-2.3119688034057617
val,lj_noisy,72,100,-6.39811897277832,-2.5922961235046387
val,lj_noisy,73,0,0.5878924131393433,-2.179407835006714
val,lj_noisy,73,10,0.0006530367536470294,-2.168292999267578
val,lj_noisy,73,50,-2.6514503955841064,-2.167677164077759
val,lj_noisy,73,100,-6.385383129119873,-2.4399170875549316
val,lj_noisy,74,0,0.38496071100234985,-2.315260410308838
val,lj_noisy,74,10,-0.17755651473999023,-2.368279457092285
val,lj_noisy,74,50,-2.5830585956573486,-2.715578079223633
val,lj_noisy,74,100,-5.9988298416137695,-3.375894784927368
val,lj_noisy,75,0,0.06582228094339371,-2.561065196990967
val,lj_noisy,75,10,-0.47864821553230286,-2.607570171356201
val,lj_noisy,75,50,-2.914720296859741,-2.948608875274658
val,lj_noisy,75,100,-6.826043128967285,-3.623042106628418
val,lj_noisy,76,0,0.12772469222545624,-2.642895221710205
val,lj_noisy,76,10,-0.46627670526504517,-2.6249125003814697
val,lj_noisy,76,50,-2.788874387741089,-2.5822243690490723
val,lj_noisy,76,100,-5.634388446807861,-2.5776267051696777
val,lj_noisy,77,0,0.5823065638542175,-2.2117185592651367
val,lj_noisy,77,10,-0.03867568075656891,-2.204151153564453
val,lj_noisy,77,50,-2.7867486476898193,-2.206411838531494
val,lj_noisy,77,100,-6.648383140563965,-2.4005236625671387
val,lj_noisy,78,0,0.26673558354377747,-2.430018424987793
val,lj_noisy,78,10,-0.2955700159072876,-2.3977978229522705
val,lj_noisy,78,50,-2.724508285522461,-2.08862042427063
val,lj_noisy,78,100,-6.138217926025391,-1.9478309154510498
val,lj_noisy,79,0,0.7698664665222168,-2.223508358001709
val,lj_noisy,79,10,0.21630166471004486,-2.2390010356903076
val,lj_noisy,79,50,-2.211052179336548,-2.4161739349365234
val,lj_noisy,79,100,-5.821103096008301,-2.9172375202178955
