split,source,original_index,frame,coordinate_mse,zero_displacement_mse,explained_displacement_score,shuffled_same_source_coordinate_mse,shuffled_original_index,valid,total,control,transfer_only
train,reid,60,0,4.1712974052643403e-07,0.0,,6.709122857273542e-08,45,1,1,same_source_cyclic_next_latent,False
train,reid,60,5,2.6437751898811257e-07,9.641969000995232e-08,-1.741945332543839,1.300048158014988e-08,45,1,1,same_source_cyclic_next_latent,False
train,reid,60,10,2.1007990369525942e-07,3.9934545270625676e-07,0.4739394119261797,6.249983641737344e-08,45,1,1,same_source_cyclic_next_latent,False
train,reid,60,25,4.790314847014088e-07,2.613964852571371e-06,0.8167414208992967,7.555274805781664e-07,45,1,1,same_source_cyclic_next_latent,False
train,reid,60,50,2.2017845822119853e-06,1.078044169844361e-05,0.7957611901440124,3.0459341360256076e-06,45,1,1,same_source_cyclic_next_latent,False
train,reid,60,75,5.614114797936054e-06,2.4720842702663504e-05,0.7728995380351185,6.367360128933797e-06,45,1,1,same_source_cyclic_next_latent,False
train,reid,60,100,1.0422525519970804e-05,4.460650961846113e-05,0.7663451902173204,1.1391676707717124e-05,45,1,1,same_source_cyclic_next_latent,False
train,reid,60,125,1.655461710470263e-05,7.057588663883507e-05,0.7654352230894498,1.85427470569266e-05,45,1,1,same_source_cyclic_next_latent,False
train,reid,60,149,2.423916885163635e-05,0.00010132297029485926,0.7607732108415484,2.7657604732667096e-05,45,1,1,same_source_cyclic_next_latent,False
train,reid,60,175,3.516364813549444e-05,0.00014116728561930358,0.7509079530627025,4.026722308481112e-05,45,1,1,same_source_cyclic_next_latent,False
train,reid,60,199,4.770268787979148e-05,0.00018406144226901233,0.740832804025993,5.439477172330953e-05,45,1,1,same_source_cyclic_next_latent,False
train,reid,45,0,1.3883645522128063e-07,0.0,,2.935802854153735e-07,43,1,1,same_source_cyclic_next_latent,False
train,reid,45,5,4.3756479328749265e-08,1.0940514982848981e-07,0.6000510085919668,1.9412490814829653e-07,43,1,1,same_source_cyclic_next_latent,False
train,reid,45,10,4.1197043998408844e-08,4.6404014142353844e-07,0.9112209476705432,2.1130206562247622e-07,43,1,1,same_source_cyclic_next_latent,False
train,reid,45,25,5.346716420717712e-07,3.1349377422884572e-06,0.8294474448856298,9.553901918479824e-07,43,1,1,same_source_cyclic_next_latent,False
train,reid,45,50,2.293974375788821e-06,1.3438479982141871e-05,0.8292980769523608,4.594305210048333e-06,43,1,1,same_source_cyclic_next_latent,False
train,reid,45,75,4.7529329094686545e-06,3.1573268643114716e-05,0.8494633874245661,1.1702605661412235e-05,43,1,1,same_source_cyclic_next_latent,False
train,reid,45,100,8.60286490933504e-06,5.785295434179716e-05,0.8512977425749249,2.2730784621671773e-05,43,1,1,same_source_cyclic_next_latent,False
train,reid,45,125,1.450732997909654e-05,9.246835543308407e-05,0.8431103277315778,3.793438008869998e-05,43,1,1,same_source_cyclic_next_latent,False
train,reid,45,149,2.2664189600618556e-05,0.00013366823259275407,0.8304444581857429,5.677656008629128e-05,43,1,1,same_source_cyclic_next_latent,False
train,reid,45,175,3.447373819653876e-05,0.00018724941764958203,0.8158940164980764,8.248788071796298e-05,43,1,1,same_source_cyclic_next_latent,False
train,reid,45,199,4.7828252718318254e-05,0.00024507357738912106,0.8048412512362446,0.0001117210922529921,43,1,1,same_source_cyclic_next_latent,False
train,reid,43,0,2.1196628097186476e-07,0.0,,3.8036318983358797e-08,73,1,1,same_source_cyclic_next_latent,False
train,reid,43,5,9.091824892948352e-08,1.0691530860640341e-07,0.14962365900108143,1.9107464055423407e-08,73,1,1,same_source_cyclic_next_latent,False
train,reid,43,10,3.18677066957207e-08,4.3156654783160775e-07,0.9261580702771358,8.611675639258465e-08,73,1,1,same_source_cyclic_next_latent,False
train,reid,43,25,7.111469813025906e-08,2.7168591714143986e-06,0.9738246653052551,6.03646924446366e-07,73,1,1,same_source_cyclic_next_latent,False
train,reid,43,50,2.397704861323291e-07,1.0897718311753124e-05,0.9779981020546532,1.5513269318034872e-06,73,1,1,same_source_cyclic_next_latent,False
train,reid,43,75,2.971992500988563e-07,2.4548364308429882e-05,0.9878933176009288,1.9222836726839887e-06,73,1,1,same_source_cyclic_next_latent,False
train,reid,43,100,3.9095306192393764e-07,4.367970905150287e-05,0.9910495497700554,1.9782810340984724e-06,73,1,1,same_source_cyclic_next_latent,False
train,reid,43,125,5.782382004326792e-07,6.829092308180407e-05,0.9915327224418973,2.0684615265054163e-06,73,1,1,same_source_cyclic_next_latent,False
train,reid,43,149,8.325506541950745e-07,9.707405115477741e-05,0.9914235509459924,2.2884291865921114e-06,73,1,1,same_source_cyclic_next_latent,False
train,reid,43,175,1.19778837870399e-06,0.000133975685457699,0.9910596585148118,2.65543962996162e-06,73,1,1,same_source_cyclic_next_latent,False
train,reid,43,199,1.6771721220720792e-06,0.00017330388072878122,0.9903223625748068,3.06915853798273e-06,73,1,1,same_source_cyclic_next_latent,False
train,reid,73,0,4.468405379043361e-08,0.0,,4.083326814452448e-07,85,1,1,same_source_cyclic_next_latent,False
train,reid,73,5,2.103205609671477e-08,1.0321873844532092e-07,0.7962380047121358,2.495627313692239e-07,85,1,1,same_source_cyclic_next_latent,False
train,reid,73,10,6.862266133111916e-08,4.1087471913670015e-07,0.8329839775119188,1.689851814035137e-07,85,1,1,same_source_cyclic_next_latent,False
train,reid,73,25,4.363457719591679e-07,2.558030018917634e-06,0.8294211683474314,2.8329191081866156e-07,85,1,1,same_source_cyclic_next_latent,False
train,reid,73,50,9.615513363314676e-07,1.0220051990472712e-05,0.9059152206634721,1.2704040273092687e-06,85,1,1,same_source_cyclic_next_latent,False
train,reid,73,75,9.56640406002407e-07,2.298522122146096e-05,0.9583801958316935,3.1295028293243377e-06,85,1,1,same_source_cyclic_next_latent,False
train,reid,73,100,7.996732165338472e-07,4.0849776269169524e-05,0.9804240490507317,5.944742042629514e-06,85,1,1,same_source_cyclic_next_latent,False
train,reid,73,125,7.879598911131325e-07,6.38140772935003e-05,0.9876522559828129,9.58846794674173e-06,85,1,1,same_source_cyclic_next_latent,False
train,reid,73,149,9.544157819618704e-07,9.065200720215216e-05,0.9894716530673884,1.373417762806639e-05,85,1,1,same_source_cyclic_next_latent,False
train,reid,73,175,1.2984415889150114e-06,0.0001250171335414052,0.989613890895323,1.906735633383505e-05,85,1,1,same_source_cyclic_next_latent,False
train,reid,73,199,1.760738882694568e-06,0.0001616336521692574,0.9891066070767813,2.508580291760154e-05,85,1,1,same_source_cyclic_next_latent,False
train,reid,85,0,4.164618871982384e-07,0.0,,6.776305099265301e-07,60,1,1,same_source_cyclic_next_latent,False
train,reid,85,5,2.506806708879594e-07,9.90699291492092e-08,-1.5303406698758137,5.072719773124845e-07,60,1,1,same_source_cyclic_next_latent,False
train,reid,85,10,1.5247420037667325e-07,4.059011473600549e-07,0.6243563208225649,4.192097549093887e-07,60,1,1,same_source_cyclic_next_latent,False
train,reid,85,25,1.7972801913401781e-07,2.6302745936845895e-06,0.9316694844083758,5.094776724945405e-07,60,1,1,same_source_cyclic_next_latent,False
train,reid,85,50,7.87677890912164e-07,1.072301711246837e-05,0.9265432589866636,1.7657450825936394e-06,60,1,1,same_source_cyclic_next_latent,False
train,reid,85,75,1.7588573655302753e-06,2.430160930089187e-05,0.9276238316667479,4.239492682245327e-06,60,1,1,same_source_cyclic_next_latent,False
train,reid,85,100,3.1678928280598484e-06,4.336205529398285e-05,0.9269432039929287,7.065254521876341e-06,60,1,1,same_source_cyclic_next_latent,False
train,reid,85,125,5.0375629143672995e-06,6.791073246859014e-05,0.9258208131285102,1.0288352314091753e-05,60,1,1,same_source_cyclic_next_latent,False
train,reid,85,149,7.278613338712603e-06,9.663699165685102e-05,0.9246808782649373,1.4512486814055592e-05,60,1,1,same_source_cyclic_next_latent,False
train,reid,85,175,1.0379532795923296e-05,0.0001334734115516767,0.9222352026875056,2.104364102706313e-05,60,1,1,same_source_cyclic_next_latent,False
train,reid,85,199,1.4109726180322468e-05,0.00017275374557357281,0.9183246294690995,2.914088145189453e-05,60,1,1,same_source_cyclic_next_latent,False
train,depablo_low_temp,99,0,1.0770119160952163e-06,0.0,,1.6092773194031906e-06,145,1,1,same_source_cyclic_next_latent,False
train,depablo_low_temp,99,5,8.049512985053298e-07,1.005318210900441e-07,-7.006930440306586,1.24146311009099e-06,145,1,1,same_source_cyclic_next_latent,False
train,depablo_low_temp,99,10,5.725039500248386e-07,4.115541969440528e-07,-0.3910779048686641,9.257294095732505e-07,145,1,1,same_source_cyclic_next_latent,False
train,depablo_low_temp,99,25,2.3477598176668835e-07,2.6255513603246072e-06,0.9105803126480595,6.711010200888268e-07,145,1,1,same_source_cyclic_next_latent,False
train,depablo_low_temp,99,50,3.9502478443864675e-07,1.0610699973767623e-05,0.9627710909350703,1.7247452888113912e-06,145,1,1,same_source_cyclic_next_latent,False
train,depablo_low_temp,99,75,9.106978495765361e-07,2.4012397261685692e-05,0.962073847119394,3.692202426464064e-06,145,1,1,same_source_cyclic_next_latent,False
train,depablo_low_temp,99,100,1.611311290616868e-06,4.2894575017271563e-05,0.9624355459876203,6.244264113774989e-06,145,1,1,same_source_cyclic_next_latent,False
train,depablo_low_temp,99,125,2.5712361093610525e-06,6.73249815008603e-05,0.9618085879558957,9.645853424444795e-06,145,1,1,same_source_cyclic_next_latent,False
train,depablo_low_temp,99,149,3.918359652743675e-06,9.607322863303125e-05,0.9592148644477168,1.413323207088979e-05,145,1,1,same_source_cyclic_next_latent,False
train,depablo_low_temp,99,175,6.17243586020777e-06,0.00013315709657035768,0.9536454607438337,2.0381119611556642e-05,145,1,1,same_source_cyclic_next_latent,False
train,depablo_low_temp,99,199,9.348069397674408e-06,0.00017297302838414907,0.9459564911073093,2.7226367819821462e-05,145,1,1,same_source_cyclic_next_latent,False
train,depablo_low_temp,145,0,2.037725607806351e-06,0.0,,2.4519326871086378e-06,7,1,1,same_source_cyclic_next_latent,False
train,depablo_low_temp,145,5,1.618858163965342e-06,1.0263002536703425e-07,-14.773728576757566,2.1171213120396715e-06,7,1,1,same_source_cyclic_next_latent,False
train,depablo_low_temp,145,10,1.238631853084371e-06,4.3361850998735463e-07,-1.8565013359796207,1.8439670839143218e-06,7,1,1,same_source_cyclic_next_latent,False
train,depablo_low_temp,145,25,7.403903055092087e-07,2.8988624762860127e-06,0.7445928147451176,1.5967743820510805e-06,7,1,1,same_source_cyclic_next_latent,False
train,depablo_low_temp,145,50,1.2741014643324888e-06,1.2047797099512536e-05,0.894246105424199,2.724211981330882e-06,7,1,1,same_source_cyclic_next_latent,False
train,depablo_low_temp,145,75,2.714578158702352e-06,2.75988695648266e-05,0.9016416903480008,5.339610197552247e-06,7,1,1,same_source_cyclic_next_latent,False
train,depablo_low_temp,145,100,4.763439392263535e-06,4.965141852153465e-05,0.9040623705403794,9.230132491211407e-06,7,1,1,same_source_cyclic_next_latent,False
train,depablo_low_temp,145,125,7.45090483178501e-06,7.831659604562446e-05,0.9048617380223678,1.4440062841458712e-05,7,1,1,same_source_cyclic_next_latent,False
train,depablo_low_temp,145,149,1.075827003660379e-05,0.00011215145786991343,0.9040737388444606,2.089009285555221e-05,7,1,1,same_source_cyclic_next_latent,False
train,depablo_low_temp,145,175,1.5246602742990945e-05,0.0001558988878969103,0.9022019788038969,2.9842482035746798e-05,7,1,1,same_source_cyclic_next_latent,False
train,depablo_low_temp,145,199,2.0346633391454816e-05,0.00020291323016863316,0.8997274185889923,4.0227929275715724e-05,7,1,1,same_source_cyclic_next_latent,False
train,depablo_low_temp,7,0,1.4270942756411387e-06,0.0,,4.8117296813643406e-08,133,1,1,same_source_cyclic_next_latent,False
train,depablo_low_temp,7,5,1.0883934464800404e-06,1.011753809621041e-07,-9.757492940774844,2.8622794800980955e-08,133,1,1,same_source_cyclic_next_latent,False
train,depablo_low_temp,7,10,8.005030736057961e-07,4.1584544874240237e-07,-0.9250014062355938,1.1093838736542239e-07,133,1,1,same_source_cyclic_next_latent,False
train,depablo_low_temp,7,25,3.4990762287634425e-07,2.653020374054904e-06,0.8681097113696334,8.661775723339815e-07,133,1,1,same_source_cyclic_next_latent,False
train,depablo_low_temp,7,50,5.294846801007225e-07,1.0714314157667104e-05,0.9505815610491666,3.2425718927697744e-06,133,1,1,same_source_cyclic_next_latent,False
train,depablo_low_temp,7,75,1.4336386584545835e-06,2.4235781893366948e-05,0.9408461973802894,6.688111625408055e-06,133,1,1,same_source_cyclic_next_latent,False
train,depablo_low_temp,7,100,3.00174133371911e-06,4.327576607465744e-05,0.9306368989854359,1.1413781066949014e-05,133,1,1,same_source_cyclic_next_latent,False
train,depablo_low_temp,7,125,5.4764941523899324e-06,6.790105544496328e-05,0.9193459642637092,1.7803968148655258e-05,133,1,1,same_source_cyclic_next_latent,False
train,depablo_low_temp,7,149,9.08306992641883e-06,9.687045530881733e-05,0.9062348793813084,2.6007048290921375e-05,133,1,1,same_source_cyclic_next_latent,False
train,depablo_low_temp,7,175,1.4824244317424018e-05,0.0001342045870842412,0.8895399580632909,3.793795622186735e-05,133,1,1,same_source_cyclic_next_latent,False
train,depablo_low_temp,7,199,2.2220539904083125e-05,0.0001742498279782012,0.8724788416613936,5.26361727679614e-05,133,1,1,same_source_cyclic_next_latent,False
train,depablo_low_temp,133,0,1.2412047567522677e-07,0.0,,3.0873293326294515e-06,198,1,1,same_source_cyclic_next_latent,False
train,depablo_low_temp,133,5,6.384158268701867e-08,1.0488408719311337e-07,0.39131297801664544,2.7716750992112793e-06,198,1,1,same_source_cyclic_next_latent,False
train,depablo_low_temp,133,10,5.342826625565067e-08,4.206289361263771e-07,0.8729800504271579,2.529307039367268e-06,198,1,1,same_source_cyclic_next_latent,False
train,depablo_low_temp,133,25,1.4944608039968443e-07,2.6371496915089665e-06,0.943330452237555,2.793905878206715e-06,198,1,1,same_source_cyclic_next_latent,False
train,depablo_low_temp,133,50,2.671642107543448e-07,1.056383189279586e-05,0.9747095359462753,6.644999757554615e-06,198,1,1,same_source_cyclic_next_latent,False
train,depablo_low_temp,133,75,3.6394050084709306e-07,2.3784537916071713e-05,0.9846984413936766,1.4995610399637371e-05,198,1,1,same_source_cyclic_next_latent,False
train,depablo_low_temp,133,100,6.058963322175259e-07,4.23004494223278e-05,0.9856763618237656,2.7166550353285857e-05,198,1,1,same_source_cyclic_next_latent,False
train,depablo_low_temp,133,125,9.515173928775766e-07,6.611568096559495e-05,0.9856082947497323,4.126600833842531e-05,198,1,1,same_source_cyclic_next_latent,False
train,depablo_low_temp,133,149,1.3115943602315383e-06,9.396969107910991e-05,0.9860423680745385,5.6287793995579705e-05,198,1,1,same_source_cyclic_next_latent,False
train,depablo_low_temp,133,175,1.732583427838108e-06,0.0001296565606025979,0.9866371325925531,7.641412230441347e-05,198,1,1,same_source_cyclic_next_latent,False
train,depablo_low_temp,133,199,2.282105924678035e-06,0.00016769676585681736,0.9863914732462609,0.00010137999197468162,198,1,1,same_source_cyclic_next_latent,False
train,depablo_low_temp,198,0,1.995629645534791e-06,0.0,,1.3167649512979551e-06,99,1,1,same_source_cyclic_next_latent,False
train,depablo_low_temp,198,5,1.5670159427827457e-06,1.0731390176488276e-07,-13.602170986345905,1.0359555062677828e-06,99,1,1,same_source_cyclic_next_latent,False
train,depablo_low_temp,198,10,1.1706769100783276e-06,4.575125842620764e-07,-1.5587862505826289,8.152058512678195e-07,99,1,1,same_source_cyclic_next_latent,False
train,depablo_low_temp,198,25,5.840112180521828e-07,3.006710130648571e-06,0.8057640435307919,6.68005384341086e-07,99,1,1,same_source_cyclic_next_latent,False
train,depablo_low_temp,198,50,8.614620128355455e-07,1.2325030184001662e-05,0.9301046731752629,1.668475306360051e-06,99,1,1,same_source_cyclic_next_latent,False
train,depablo_low_temp,198,75,1.883168351923814e-06,2.8102962460252456e-05,0.9329903972014594,3.689093091452378e-06,99,1,1,same_source_cyclic_next_latent,False
train,depablo_low_temp,198,100,3.564064627425978e-06,5.048274033470079e-05,0.9294003335833948,6.568161097675329e-06,99,1,1,same_source_cyclic_next_latent,False
train,depablo_low_temp,198,125,5.812175913888495e-06,7.960081711644307e-05,0.926983464184969,1.0386307621956803e-05,99,1,1,same_source_cyclic_next_latent,False
train,depablo_low_temp,198,149,8.493993846059311e-06,0.00011402370728319511,0.9255067735610175,1.5139189599722158e-05,99,1,1,same_source_cyclic_next_latent,False
train,depablo_low_temp,198,175,1.22785731946351e-05,0.00015858883853070438,0.922576057001276,2.1837628082721494e-05,99,1,1,same_source_cyclic_next_latent,False
train,depablo_low_temp,198,199,1.7018988728523254e-05,0.00020657408458646387,0.9176131470576612,2.9820170311722904e-05,99,1,1,same_source_cyclic_next_latent,False
train,lj_noisy,178,0,9.250319266129736e-08,0.0,,5.040201926931331e-07,199,1,1,same_source_cyclic_next_latent,False
train,lj_noisy,178,5,3.924785474396231e-08,8.898146575120336e-08,0.5589210133523617,3.8151540593389655e-07,199,1,1,same_source_cyclic_next_latent,False
train,lj_noisy,178,10,4.5719701802227064e-08,3.5017228583456017e-07,0.8694365498021523,3.198040872121055e-07,199,1,1,same_source_cyclic_next_latent,False
train,lj_noisy,178,25,3.3470644211774925e-07,2.1434675545606297e-06,0.8438481415752721,5.145749355506268e-07,199,1,1,same_source_cyclic_next_latent,False
train,lj_noisy,178,50,1.5857013977438328e-06,8.785852514847647e-06,0.8195165016640016,2.185337052651448e-06,199,1,1,same_source_cyclic_next_latent,False
train,lj_noisy,178,75,4.01249099013512e-06,2.023533670580946e-05,0.8017087114254365,5.849634362675715e-06,199,1,1,same_source_cyclic_next_latent,False
train,lj_noisy,178,100,7.363873919530306e-06,3.592209759517573e-05,0.7950043451661002,1.1039443961635698e-05,199,1,1,same_source_cyclic_next_latent,False
train,lj_noisy,178,125,1.1526618436619174e-05,5.6316977861570194e-05,0.7953260477692509,1.7048552763299085e-05,199,1,1,same_source_cyclic_next_latent,False
train,lj_noisy,178,149,1.5332785551436245e-05,8.071761840255931e-05,0.8100441284705931,2.153508467017673e-05,199,1,1,same_source_cyclic_next_latent,False
train,lj_noisy,178,175,1.9366165361134335e-05,0.00011241415631957352,0.8277248524991838,2.5130108042503707e-05,199,1,1,same_source_cyclic_next_latent,False
train,lj_noisy,178,199,2.3939590391819365e-05,0.00014669761003460735,0.8368099494860769,2.8578499041032046e-05,199,1,1,same_source_cyclic_next_latent,False
train,lj_noisy,199,0,3.6449509366320854e-07,0.0,,1.7250094686005468e-07,42,1,1,same_source_cyclic_next_latent,False
train,lj_noisy,199,5,2.189038497135698e-07,9.910389309197853e-08,-1.2088319932134723,8.000968421129073e-08,42,1,1,same_source_cyclic_next_latent,False
train,lj_noisy,199,10,1.3935405718257243e-07,4.1158244812322664e-07,0.6614188534569136,5.412191583786807e-08,42,1,1,same_source_cyclic_next_latent,False
train,lj_noisy,199,25,3.037965541352605e-07,2.667711441972642e-06,0.886120908972592,3.2312539133272367e-07,42,1,1,same_source_cyclic_next_latent,False
train,lj_noisy,199,50,1.714847030598321e-06,1.0994632248184644e-05,0.8440287049272189,1.7225510191565263e-06,42,1,1,same_source_cyclic_next_latent,False
train,lj_noisy,199,75,4.813259693037253e-06,2.538395165174734e-05,0.8103817814077059,4.699845248978818e-06,42,1,1,same_source_cyclic_next_latent,False
train,lj_noisy,199,100,1.0063517947855871e-05,4.609454845194705e-05,0.7816766128353128,9.768299605639186e-06,42,1,1,same_source_cyclic_next_latent,False
train,lj_noisy,199,125,1.6119780411827378e-05,7.323205500142649e-05,0.7798808129648501,1.569350206409581e-05,42,1,1,same_source_cyclic_next_latent,False
train,lj_noisy,199,149,2.2168662326293997e-05,0.00010478922195034102,0.7884452053971773,2.1748523067799397e-05,42,1,1,same_source_cyclic_next_latent,False
train,lj_noisy,199,175,2.9873182938899845e-05,0.00014562370779458433,0.7948604427718684,2.9597691536764614e-05,42,1,1,same_source_cyclic_next_latent,False
train,lj_noisy,199,199,3.908797589247115e-05,0.00019014337158296257,0.7944289324047437,3.921428287867457e-05,42,1,1,same_source_cyclic_next_latent,False
train,lj_noisy,42,0,2.729951233959582e-07,0.0,,1.043238512465905e-06,102,1,1,same_source_cyclic_next_latent,False
train,lj_noisy,42,5,1.758437093712928e-07,9.799599354209931e-08,-0.7943969239492419,9.035326797857124e-07,102,1,1,same_source_cyclic_next_latent,False
train,lj_noisy,42,10,1.2714508557110094e-07,4.02869886784174e-07,0.684401615156669,8.143637160173967e-07,102,1,1,same_source_cyclic_next_latent,False
train,lj_noisy,42,25,2.4651316721246985e-07,2.6836687538889237e-06,0.9081432211575121,8.949978678174375e-07,102,1,1,same_source_cyclic_next_latent,False
train,lj_noisy,42,50,1.1843136462630355e-06,1.129412430600496e-05,0.8951389577292549,2.1217290395725286e-06,102,1,1,same_source_cyclic_next_latent,False
train,lj_noisy,42,75,3.0009252895979444e-06,2.5744931917870417e-05,0.8834362701299318,4.445671947905794e-06,102,1,1,same_source_cyclic_next_latent,False
train,lj_noisy,42,100,5.7506981647748034e-06,4.618121238308959e-05,0.875475374767758,7.623611054441426e-06,102,1,1,same_source_cyclic_next_latent,False
train,lj_noisy,42,125,8.878254448063672e-06,7.250723137985915e-05,0.8775535311567578,1.1033218470402062e-05,102,1,1,same_source_cyclic_next_latent,False
train,lj_noisy,42,149,1.1979728697042447e-05,0.0001034081433317624,0.884151012569599,1.4430333976633847e-05,102,1,1,same_source_cyclic_next_latent,False
train,lj_noisy,42,175,1.589288149261847e-05,0.00014329282566905022,0.8890880864522502,1.877916838566307e-05,102,1,1,same_source_cyclic_next_latent,False
train,lj_noisy,42,199,2.0378267436171882e-05,0.00018602452473714948,0.8904538664191394,2.3802025680197403e-05,102,1,1,same_source_cyclic_next_latent,False
train,lj_noisy,102,0,6.10796064393071e-07,0.0,,2.373060681293282e-07,99,1,1,same_source_cyclic_next_latent,False
train,lj_noisy,102,5,4.2963404212059686e-07,1.047859115033134e-07,-3.1001126578644262,1.339338524530831e-07,99,1,1,same_source_cyclic_next_latent,False
train,lj_noisy,102,10,3.056815387481038e-07,4.6877312342985533e-07,0.34791155151657427,1.317060451810903e-07,99,1,1,same_source_cyclic_next_latent,False
train,lj_noisy,102,25,4.476045205592527e-07,3.25413498103444e-06,0.8624505365733274,8.073208164205425e-07,99,1,1,same_source_cyclic_next_latent,False
train,lj_noisy,102,50,1.962481292139273e-06,1.3549693903769366e-05,0.8551641604543307,3.4098293326678686e-06,99,1,1,same_source_cyclic_next_latent,False
train,lj_noisy,102,75,4.71493331133388e-06,3.12767515424639e-05,0.8492511824659125,7.259495305333985e-06,99,1,1,same_source_cyclic_next_latent,False
train,lj_noisy,102,100,8.59386182128219e-06,5.606986815109849e-05,0.8467294091342745,1.2189309927634895e-05,99,1,1,same_source_cyclic_next_latent,False
train,lj_noisy,102,125,1.3777707863482647e-05,8.798276394372806e-05,0.8434044664441938,1.8686328985495493e-05,99,1,1,same_source_cyclic_next_latent,False
train,lj_noisy,102,149,2.0072486222488806e-05,0.00012481326120905578,0.8391798593510955,2.6544328648014925e-05,99,1,1,same_source_cyclic_next_latent,False
train,lj_noisy,102,175,2.8610596928047016e-05,0.0001706574548734352,0.8323507346967907,3.660033689811826e-05,99,1,1,same_source_cyclic_next_latent,False
train,lj_noisy,102,199,3.9166548958746716e-05,0.00021850221673958004,0.8207498782246817,4.778633592650294e-05,99,1,1,same_source_cyclic_next_latent,False
train,lj_noisy,99,0,2.3153931749675394e-07,0.0,,5.8725042606511124e-08,178,1,1,same_source_cyclic_next_latent,False
train,lj_noisy,99,5,1.4365650713443756e-07,8.34548146144698e-08,-0.7213687166891112,2.582923919192126e-08,178,1,1,same_source_cyclic_next_latent,False
train,lj_noisy,99,10,1.2320276709942846e-07,3.481648036540719e-07,0.6461366404461728,6.39146122694001e-08,178,1,1,same_source_cyclic_next_latent,False
train,lj_noisy,99,25,4.758130955906381e-07,2.3629713723494206e-06,0.7986378078217877,6.01274223299697e-07,178,1,1,same_source_cyclic_next_latent,False
train,lj_noisy,99,50,1.9450878880888922e-06,9.879052413452882e-06,0.8031098726189414,2.3469449388358044e-06,178,1,1,same_source_cyclic_next_latent,False
train,lj_noisy,99,75,4.3484396883286536e-06,2.2769198039895855e-05,0.8090209553841387,5.03179717270541e-06,178,1,1,same_source_cyclic_next_latent,False
train,lj_noisy,99,100,8.151588190230541e-06,4.133538095629774e-05,0.8027939261319765,9.37225286179455e-06,178,1,1,same_source_cyclic_next_latent,False
train,lj_noisy,99,125,1.4031566024641506e-05,6.574357394129038e-05,0.786571292318671,1.5996411093510687e-05,178,1,1,same_source_cyclic_next_latent,False
train,lj_noisy,99,149,2.266300180053804e-05,9.555911674397066e-05,0.7628378895416279,2.5353607270517386e-05,178,1,1,same_source_cyclic_next_latent,False
train,lj_noisy,99,175,3.5990538890473545e-05,0.0001350232632830739,0.7334493477985344,3.93435730074998e-05,178,1,1,same_source_cyclic_next_latent,False
train,lj_noisy,99,199,4.9934304115595296e-05,0.0001759650040185079,0.7162259371167733,5.369180871639401e-05,178,1,1,same_source_cyclic_next_latent,False
validation,reid,41,0,1.4347750720844488e-07,0.0,,1.3558404816649272e-06,49,1,1,same_source_cyclic_next_latent,False
validation,reid,41,5,5.135429503866362e-08,1.1149158041234841e-07,0.539388581193923,1.1844251730508404e-06,49,1,1,same_source_cyclic_next_latent,False
validation,reid,41,10,4.8367958527251176e-08,4.7308003559010103e-07,0.8977594595237591,1.1247058182561886e-06,49,1,1,same_source_cyclic_next_latent,False
validation,reid,41,25,4.85358839341643e-07,3.1498402677243575e-06,0.8459100150839405,1.4689169347548159e-06,49,1,1,same_source_cyclic_next_latent,False
validation,reid,41,50,2.0861671146121807e-06,1.3119908544467762e-05,0.8409922517720713,3.6872249893349363e-06,49,1,1,same_source_cyclic_next_latent,False
validation,reid,41,75,4.655870270653395e-06,3.0207520467229187e-05,0.8458704918960712,7.587864729430294e-06,49,1,1,same_source_cyclic_next_latent,False
validation,reid,41,100,8.890952813089825e-06,5.462400440592319e-05,0.8372335951971012,1.2228697414684575e-05,49,1,1,same_source_cyclic_next_latent,False
validation,reid,41,125,1.5073767826834228e-05,8.655185956740752e-05,0.8258412020010429,1.772848736436572e-05,49,1,1,same_source_cyclic_next_latent,False
validation,reid,41,149,2.3036778657115065e-05,0.00012444172170944512,0.8148789783630375,2.4967272111098282e-05,49,1,1,same_source_cyclic_next_latent,False
validation,reid,41,175,3.4400942240608856e-05,0.00017371567082591355,0.8019698391224404,3.625583849498071e-05,49,1,1,same_source_cyclic_next_latent,False
validation,reid,41,199,4.795042332261801e-05,0.000227016702410765,0.7887801962876886,5.0632021157070994e-05,49,1,1,same_source_cyclic_next_latent,False
validation,reid,49,0,7.666694727959111e-07,0.0,,8.004795404303877e-07,25,1,1,same_source_cyclic_next_latent,False
validation,reid,49,5,5.711302719646483e-07,1.0523766036385496e-07,-4.427052159749547,5.857128257957811e-07,25,1,1,same_source_cyclic_next_latent,False
validation,reid,49,10,4.930317913931503e-07,4.594179756622907e-07,-0.07316608733561725,4.655246357287979e-07,25,1,1,same_source_cyclic_next_latent,False
validation,reid,49,25,9.507328968538786e-07,3.2462357921758667e-06,0.7071275909330581,8.593179927629535e-07,25,1,1,same_source_cyclic_next_latent,False
validation,reid,49,50,3.948047833546298e-06,1.4092956007516477e-05,0.7198566552368001,4.04346019422519e-06,25,1,1,same_source_cyclic_next_latent,False
validation,reid,49,75,9.6415469670319e-06,3.3031355997081846e-05,0.7081092593388028,1.0671004929463379e-05,25,1,1,same_source_cyclic_next_latent,False
validation,reid,49,100,1.7949110770132393e-05,6.0234524426050484e-05,0.7020129080263862,2.0474453776841983e-05,25,1,1,same_source_cyclic_next_latent,False
validation,reid,49,125,2.925925946328789e-05,9.579287143424153e-05,0.6945570267890617,3.3326832635793835e-05,25,1,1,same_source_cyclic_next_latent,False
validation,reid,49,149,4.361444734968245e-05,0.0001378952874802053,0.6837132860255051,4.9512400437379256e-05,25,1,1,same_source_cyclic_next_latent,False
validation,reid,49,175,6.368242611642927e-05,0.00019256462110206485,0.6692932182870927,7.360762538155541e-05,25,1,1,same_source_cyclic_next_latent,False
validation,reid,49,199,8.675902063259855e-05,0.0002518006949685514,0.6554456664885921,0.00010333539103157818,25,1,1,same_source_cyclic_next_latent,False
validation,reid,25,0,7.379234148174874e-07,0.0,,2.657482056633853e-08,93,1,1,same_source_cyclic_next_latent,False
validation,reid,25,5,5.334402430889895e-07,1.0530127525498756e-07,-4.065847890229832,2.8330839896284488e-08,93,1,1,same_source_cyclic_next_latent,False
validation,reid,25,10,4.2776116515597096e-07,4.6677956788698793e-07,0.08359063981237436,1.928372910242615e-07,93,1,1,same_source_cyclic_next_latent,False
validation,reid,25,25,8.807738254290598e-07,3.385780473763589e-06,0.739860917666052,1.8493863080948358e-06,93,1,1,same_source_cyclic_next_latent,False
validation,reid,25,50,4.0909503695729654e-06,1.4759227269678377e-05,0.7228208296529529,8.320457709487528e-06,93,1,1,same_source_cyclic_next_latent,False
validation,reid,25,75,1.0306608601240441e-05,3.434355676290579e-05,0.6998968781133197,1.917397094075568e-05,93,1,1,same_source_cyclic_next_latent,False
validation,reid,25,100,1.9046688976231962e-05,6.215853500179946e-05,0.6935788628917885,3.466609268798493e-05,93,1,1,same_source_cyclic_next_latent,False
validation,reid,25,125,3.05983739963267e-05,9.824951848713681e-05,0.6885646416645518,5.510741539183073e-05,93,1,1,same_source_cyclic_next_latent,False
validation,reid,25,149,4.531971717369743e-05,0.0001407447998644784,0.6780007700651443,7.967271085362881e-05,93,1,1,same_source_cyclic_next_latent,False
validation,reid,25,175,6.715083873132244e-05,0.00019554639584384859,0.6565989445034569,0.00011228593939449638,93,1,1,same_source_cyclic_next_latent,False
validation,reid,25,199,9.44988350966014e-05,0.00025431934045627713,0.6284245039049724,0.00014868103608023375,93,1,1,same_source_cyclic_next_latent,False
validation,reid,93,0,6.519282891304101e-08,0.0,,2.932818858880637e-07,84,1,1,same_source_cyclic_next_latent,False
validation,reid,93,5,2.4377955654131256e-08,1.0514619930290792e-07,0.7681518132300473,1.8275038371484698e-07,84,1,1,same_source_cyclic_next_latent,False
validation,reid,93,10,4.439803191758074e-08,4.2241856590408133e-07,0.8948956426132506,1.442788430949804e-07,84,1,1,same_source_cyclic_next_latent,False
validation,reid,93,25,2.7953157655247196e-07,2.6625341433828e-06,0.895012960773783,3.441470539655711e-07,84,1,1,same_source_cyclic_next_latent,False
validation,reid,93,50,6.056445727153914e-07,1.0701617611630354e-05,0.9434062592502664,1.1939515616177232e-06,84,1,1,same_source_cyclic_next_latent,False
validation,reid,93,75,7.158593575695704e-07,2.4128486984409392e-05,0.9703313615133795,2.3434765807905933e-06,84,1,1,same_source_cyclic_next_latent,False
validation,reid,93,100,9.20526815662015e-07,4.294652535463683e-05,0.9785657440721772,3.869590273097856e-06,84,1,1,same_source_cyclic_next_latent,False
validation,reid,93,125,1.342317432317941e-06,6.716716598020867e-05,0.9800152736425791,5.8244918363925535e-06,84,1,1,same_source_cyclic_next_latent,False
validation,reid,93,149,1.943518554980983e-06,9.55089635681361e-05,0.9796509303171897,8.07614196673967e-06,84,1,1,same_source_cyclic_next_latent,False
validation,reid,93,175,2.8248380203876877e-06,0.0001318353315582499,0.9785729820147677,1.0964826287818141e-05,84,1,1,same_source_cyclic_next_latent,False
validation,reid,93,199,3.931463197659468e-06,0.00017057791410479695,0.9769520971205914,1.4187798115017358e-05,84,1,1,same_source_cyclic_next_latent,False
validation,reid,84,0,2.41186796756665e-07,0.0,,1.9680254581544432e-07,96,1,1,same_source_cyclic_next_latent,False
validation,reid,84,5,1.23463706813709e-07,9.34500405946892e-08,-0.32117338877566515,8.858760480734418e-08,96,1,1,same_source_cyclic_next_latent,False
validation,reid,84,10,6.364190596741537e-08,3.706644804424286e-07,0.8283031978368907,3.6615180221133414e-08,96,1,1,same_source_cyclic_next_latent,False
validation,reid,84,25,1.10359714255992e-07,2.3013249119685497e-06,0.9520451398748426,7.956666081554431e-08,96,1,1,same_source_cyclic_next_latent,False
validation,reid,84,50,4.322183428939752e-07,9.18923342396738e-06,0.9529647008675759,3.0744081414013635e-07,96,1,1,same_source_cyclic_next_latent,False
validation,reid,84,75,7.298615969375533e-07,2.066570050374139e-05,0.9646824651888565,5.761760917266656e-07,96,1,1,same_source_cyclic_next_latent,False
validation,reid,84,100,1.1109053730251617e-06,3.673380706459284e-05,0.969757956993901,1.107652906284784e-06,96,1,1,same_source_cyclic_next_latent,False
validation,reid,84,125,1.67818700447242e-06,5.7396227930439636e-05,0.9707613711739687,1.8969348047903623e-06,96,1,1,same_source_cyclic_next_latent,False
validation,reid,84,149,2.3967425022419775e-06,8.155551040545106e-05,0.970612132885606,2.758205937425373e-06,96,1,1,same_source_cyclic_next_latent,False
validation,reid,84,175,3.389867515579681e-06,0.00011250645911786705,0.9698695742257047,3.7517033888434526e-06,96,1,1,same_source_cyclic_next_latent,False
validation,reid,84,199,4.5988804231456015e-06,0.0001454888260923326,0.9683901468816101,4.80918015455245e-06,96,1,1,same_source_cyclic_next_latent,False
validation,reid,96,0,2.1609950806578127e-07,0.0,,2.470745528171392e-07,97,1,1,same_source_cyclic_next_latent,False
validation,reid,96,5,9.711018122970927e-08,1.03322996380939e-07,0.06013003270176043,1.2597610066222842e-07,97,1,1,same_source_cyclic_next_latent,False
validation,reid,96,10,4.046857426942552e-08,4.142063971812604e-07,0.9022985290791727,6.785307959944475e-08,97,1,1,same_source_cyclic_next_latent,False
validation,reid,96,25,1.0444949793964042e-07,2.595082605694188e-06,0.9597509930086792,1.366092590160406e-07,97,1,1,same_source_cyclic_next_latent,False
validation,reid,96,50,4.051611881550343e-07,1.0409034985059407e-05,0.9610760086082348,5.365393462852808e-07,97,1,1,same_source_cyclic_next_latent,False
validation,reid,96,75,7.27570295566693e-07,2.3453274479834363e-05,0.9689778799889,1.0391356681793695e-06,97,1,1,same_source_cyclic_next_latent,False
validation,reid,96,100,1.3058729564363603e-06,4.173463457846083e-05,0.9687100900816245,1.796459173419862e-06,97,1,1,same_source_cyclic_next_latent,False
validation,reid,96,125,2.185892981287907e-06,6.525538628920913e-05,0.9665024895937306,2.886974698412814e-06,97,1,1,same_source_cyclic_next_latent,False
validation,reid,96,149,3.2373579870181857e-06,9.276856144424528e-05,0.9651028544949048,4.236268068780191e-06,97,1,1,same_source_cyclic_next_latent,False
validation,reid,96,175,4.608400104189059e-06,0.0001280317228520289,0.9640057948020027,6.045115242159227e-06,97,1,1,same_source_cyclic_next_latent,False
validation,reid,96,199,6.213529104570625e-06,0.00016562770179007202,0.9624849645475001,8.115775017358828e-06,97,1,1,same_source_cyclic_next_latent,False
validation,reid,97,0,2.182802489869573e-07,0.0,,8.869718612913857e-07,13,1,1,same_source_cyclic_next_latent,False
validation,reid,97,5,9.593303218480287e-08,1.0388254167992272e-07,0.07652401805505926,7.083488640091673e-07,13,1,1,same_source_cyclic_next_latent,False
validation,reid,97,10,3.582844954053144e-08,4.131814819174906e-07,0.9132864101889103,6.017006626279908e-07,13,1,1,same_source_cyclic_next_latent,False
validation,reid,97,25,7.803264878702976e-08,2.567076535342494e-06,0.9696025234492595,6.416381665985682e-07,13,1,1,same_source_cyclic_next_latent,False
validation,reid,97,50,3.0935220252104045e-07,1.0246058991469909e-05,0.9698076887144039,1.7494882058599615e-06,13,1,1,same_source_cyclic_next_latent,False
validation,reid,97,75,4.152669248469465e-07,2.3035410777083598e-05,0.9819726711685095,4.248246114002541e-06,13,1,1,same_source_cyclic_next_latent,False
validation,reid,97,100,5.377666525419045e-07,4.093155075679533e-05,0.9868618060493927,7.67085475672502e-06,13,1,1,same_source_cyclic_next_latent,False
validation,reid,97,125,7.950238796183839e-07,6.392442446667701e-05,0.9875630655066309,1.1285354048595764e-05,13,1,1,same_source_cyclic_next_latent,False
validation,reid,97,149,1.1838385489681968e-06,9.079395385924727e-05,0.9869612623016348,1.4985756024543662e-05,13,1,1,same_source_cyclic_next_latent,False
validation,reid,97,175,1.7838817711890442e-06,0.0001251927751582116,0.985750920778498,1.9728360712178983e-05,13,1,1,same_source_cyclic_next_latent,False
validation,reid,97,199,2.5672547963040415e-06,0.00016182287072297186,0.9841354019686193,2.5191582608385943e-05,13,1,1,same_source_cyclic_next_latent,False
validation,reid,13,0,5.989015789964469e-07,0.0,,2.0528085542537156e-07,28,1,1,same_source_cyclic_next_latent,False
validation,reid,13,5,4.20916052235043e-07,9.996369954023976e-08,-3.210689021824426,9.255439437083623e-08,28,1,1,same_source_cyclic_next_latent,False
validation,reid,13,10,3.3779230079744593e-07,4.0348717789129296e-07,0.1628177565323934,7.32910478973281e-08,28,1,1,same_source_cyclic_next_latent,False
validation,reid,13,25,5.68480004403682e-07,2.6054560748889344e-06,0.7818117104783986,4.952181029693747e-07,28,1,1,same_source_cyclic_next_latent,False
validation,reid,13,50,2.3460918328055413e-06,1.0772148925752845e-05,0.7822076310886523,2.365517048019683e-06,28,1,1,same_source_cyclic_next_latent,False
validation,reid,13,75,5.900580163142877e-06,2.473311178619042e-05,0.7614299319005452,5.7566139730624855e-06,28,1,1,same_source_cyclic_next_latent,False
validation,reid,13,100,1.1254318451392464e-05,4.4647022150456905e-05,0.7479267841544659,1.1471925063233357e-05,28,1,1,same_source_cyclic_next_latent,False
validation,reid,13,125,1.8298826034879312e-05,7.067642582114786e-05,0.7410901043413556,1.9717121176654473e-05,28,1,1,same_source_cyclic_next_latent,False
validation,reid,13,149,2.684844184841495e-05,0.00010157931683352217,0.7356898758000437,3.008826206496451e-05,28,1,1,same_source_cyclic_next_latent,False
validation,reid,13,175,3.85630592063535e-05,0.00014179330901242793,0.7280332938490524,4.492185325943865e-05,28,1,1,same_source_cyclic_next_latent,False
validation,reid,13,199,5.209996743360534e-05,0.0001853152789408341,0.7188576801039737,6.352383206831291e-05,28,1,1,same_source_cyclic_next_latent,False
validation,reid,28,0,2.599808794911951e-07,0.0,,7.064438136694662e-07,52,1,1,same_source_cyclic_next_latent,False
validation,reid,28,5,1.331870578269445e-07,1.0269551609098926e-07,-0.2969121038248588,5.319161004990747e-07,52,1,1,same_source_cyclic_next_latent,False
validation,reid,28,10,8.30649113936488e-08,4.423241932727251e-07,0.8122080757576079,4.501834212078393e-07,52,1,1,same_source_cyclic_next_latent,False
validation,reid,28,25,4.4724868075718405e-07,3.113214461336611e-06,0.8563386216042551,8.67834160089842e-07,52,1,1,same_source_cyclic_next_latent,False
validation,reid,28,50,2.3364475509879412e-06,1.358427107334137e-05,0.8280034653038444,3.8427842810051516e-06,52,1,1,same_source_cyclic_next_latent,False
validation,reid,28,75,5.729972144763451e-06,3.200078208465129e-05,0.8209427466614403,9.823063919611741e-06,52,1,1,same_source_cyclic_next_latent,False
validation,reid,28,100,1.1376034308341332e-05,5.867032814421691e-05,0.8061024257376229,1.9143250028719194e-05,52,1,1,same_source_cyclic_next_latent,False
validation,reid,28,125,1.942874223459512e-05,9.386183228343725e-05,0.7930070001624772,3.207762711099349e-05,52,1,1,same_source_cyclic_next_latent,False
validation,reid,28,149,2.947452594526112e-05,0.00013590285379905254,0.7831206253487327,4.813548730453476e-05,52,1,1,same_source_cyclic_next_latent,False
validation,reid,28,175,4.3814910895889625e-05,0.00019086066458839923,0.7704350920584987,6.991616101004183e-05,52,1,1,same_source_cyclic_next_latent,False
validation,reid,28,199,6.190979183884338e-05,0.000250564597081393,0.7529188378566798,9.446514013689011e-05,52,1,1,same_source_cyclic_next_latent,False
validation,reid,52,0,4.927102281726548e-07,0.0,,4.4940836119167216e-07,59,1,1,same_source_cyclic_next_latent,False
validation,reid,52,5,2.9784075650240993e-07,1.0380210113680732e-07,-1.8693133688100096,2.586838547813386e-07,59,1,1,same_source_cyclic_next_latent,False
validation,reid,52,10,1.7139441865765548e-07,4.140581495448714e-07,0.5860619605095311,1.4124816516414285e-07,59,1,1,same_source_cyclic_next_latent,False
validation,reid,52,25,7.735742713066429e-08,2.5844267383945407e-06,0.9700678583836665,9.106962295390986e-08,59,1,1,same_source_cyclic_next_latent,False
validation,reid,52,50,2.974449273551727e-07,1.0333380487281829e-05,0.9712151383836816,4.846648380407714e-07,59,1,1,same_source_cyclic_next_latent,False
validation,reid,52,75,5.740292863265495e-07,2.3241327653522603e-05,0.9753013556332034,1.0609370519887307e-06,59,1,1,same_source_cyclic_next_latent,False
validation,reid,52,100,8.951934660217375e-07,4.1306804632768035e-05,0.978328184085399,1.789685370567895e-06,59,1,1,same_source_cyclic_next_latent,False
validation,reid,52,125,1.305136379414762e-06,6.4523694163654e-05,0.9797727579561007,2.7442251848697197e-06,59,1,1,same_source_cyclic_next_latent,False
validation,reid,52,149,1.7987764522331418e-06,9.165598748950288e-05,0.9803746978075039,3.947029654227663e-06,59,1,1,same_source_cyclic_next_latent,False
validation,reid,52,175,2.471165316819679e-06,0.0001263997401110828,0.9804496012836105,5.67258348382893e-06,59,1,1,same_source_cyclic_next_latent,False
validation,reid,52,199,3.25893915942288e-06,0.00016340739966835827,0.9800563550608049,7.754088983347174e-06,59,1,1,same_source_cyclic_next_latent,False
validation,reid,59,0,4.5606358867189556e-07,0.0,,7.790918061800767e-07,57,1,1,same_source_cyclic_next_latent,False
validation,reid,59,5,2.6643985506780155e-07,1.0051899579366363e-07,-1.650641831069675,5.617936267299228e-07,57,1,1,same_source_cyclic_next_latent,False
validation,reid,59,10,1.4215736143796676e-07,4.096098109585e-07,0.652944442162374,4.0781941379464115e-07,57,1,1,same_source_cyclic_next_latent,False
validation,reid,59,25,6.850410017023023e-08,2.5966930934373522e-06,0.9736187151483703,2.421809881525405e-07,57,1,1,same_source_cyclic_next_latent,False
validation,reid,59,50,4.0921460708887025e-07,1.0445361112942919e-05,0.9608233164306967,4.939315090268792e-07,57,1,1,same_source_cyclic_next_latent,False
validation,reid,59,75,9.026175007420534e-07,2.3561089619761333e-05,0.9616903328619826,1.0809993682414643e-06,57,1,1,same_source_cyclic_next_latent,False
validation,reid,59,100,1.5334508134401403e-06,4.1953680920414627e-05,0.9634489565683386,1.9614483335317345e-06,57,1,1,same_source_cyclic_next_latent,False
validation,reid,59,125,2.4168168692995096e-06,6.56422707834281e-05,0.963182003906092,3.2159539387066616e-06,57,1,1,same_source_cyclic_next_latent,False
validation,reid,59,149,3.609224677347811e-06,9.337658411823213e-05,0.9613476471491197,4.948181413055863e-06,57,1,1,same_source_cyclic_next_latent,False
validation,reid,59,175,5.401999715104466e-06,0.0001289642386836931,0.9581124211623209,7.645628102181945e-06,57,1,1,same_source_cyclic_next_latent,False
validation,reid,59,199,7.611955879838206e-06,0.00016694419900886714,0.9544041905916485,1.1102971257059835e-05,57,1,1,same_source_cyclic_next_latent,False
validation,reid,57,0,7.281694252014859e-07,0.0,,5.432349894363142e-07,15,1,1,same_source_cyclic_next_latent,False
validation,reid,57,5,4.947989395986951e-07,1.0879922029971567e-07,-3.5478169626183274,3.32908030031831e-07,15,1,1,same_source_cyclic_next_latent,False
validation,reid,57,10,3.334951941269537e-07,4.6272842268990644e-07,0.2792852615616337,2.0418099211383378e-07,15,1,1,same_source_cyclic_next_latent,False
validation,reid,57,25,2.856808123397059e-07,3.0676756068714894e-06,0.9068738520788213,2.6183576551375154e-07,15,1,1,same_source_cyclic_next_latent,False
validation,reid,57,50,1.1171805454068817e-06,1.2550069186545443e-05,0.9109821205922451,1.2466122143450775e-06,15,1,1,same_source_cyclic_next_latent,False
validation,reid,57,75,2.654466925378074e-06,2.845998460543342e-05,0.9067298537866637,3.155572585455957e-06,15,1,1,same_source_cyclic_next_latent,False
validation,reid,57,100,4.926721885567531e-06,5.080093251308426e-05,0.9030190659531967,6.183346158650238e-06,15,1,1,same_source_cyclic_next_latent,False
validation,reid,57,125,8.157909178407863e-06,7.957850903039798e-05,0.897486026342971,1.088470708054956e-05,15,1,1,same_source_cyclic_next_latent,False
validation,reid,57,149,1.2426838111423422e-05,0.00011326819367241114,0.8902883703843312,1.789585076039657e-05,15,1,1,same_source_cyclic_next_latent,False
validation,reid,57,175,1.866190905275289e-05,0.00015646663086954504,0.8807291436580342,2.9050135708530433e-05,15,1,1,same_source_cyclic_next_latent,False
validation,reid,57,199,2.615477205836214e-05,0.0002025431749643758,0.8708681639706578,4.3004125473089516e-05,15,1,1,same_source_cyclic_next_latent,False
validation,reid,15,0,8.359684784409183e-07,0.0,,5.194536925046123e-07,53,1,1,same_source_cyclic_next_latent,False
validation,reid,15,5,6.713420361847966e-07,9.878272066998761e-08,-5.79614847243993,3.7148865317249147e-07,53,1,1,same_source_cyclic_next_latent,False
validation,reid,15,10,6.065948809919064e-07,4.075140793702303e-07,-0.4885249656388173,3.2908997127378825e-07,53,1,1,same_source_cyclic_next_latent,False
validation,reid,15,25,9.148483286480769e-07,2.657891172930249e-06,0.6557991771952488,7.612475201312918e-07,53,1,1,same_source_cyclic_next_latent,False
validation,reid,15,50,3.100973117398098e-06,1.1012571121682413e-05,0.7184151563577501,3.1447082164959284e-06,53,1,1,same_source_cyclic_next_latent,False
validation,reid,15,75,7.505017492803745e-06,2.5448980522924103e-05,0.7050955543762027,7.633803761564195e-06,53,1,1,same_source_cyclic_next_latent,False
validation,reid,15,100,1.354238065687241e-05,4.635270670405589e-05,0.7078405638027726,1.4520423064823262e-05,53,1,1,same_source_cyclic_next_latent,False
validation,reid,15,125,2.0748126189573668e-05,7.409453974105418e-05,0.7199776628333979,2.3993950890144333e-05,53,1,1,same_source_cyclic_next_latent,False
validation,reid,15,149,2.9290647944435477e-05,0.00010749007924459875,0.7275037087117293,3.557934905984439e-05,53,1,1,same_source_cyclic_next_latent,False
validation,reid,15,175,4.145091224927455e-05,0.00015147423255257308,0.7263500758461481,5.1020273531321436e-05,53,1,1,same_source_cyclic_next_latent,False
validation,reid,15,199,5.6236731325043365e-05,0.00019959177006967366,0.7182412315627433,6.821627903264016e-05,53,1,1,same_source_cyclic_next_latent,False
validation,reid,53,0,4.6848410306665755e-07,0.0,,6.519753696920816e-07,2,1,1,same_source_cyclic_next_latent,False
validation,reid,53,5,2.9120104727553553e-07,9.364332242967066e-08,-2.1096829941530264,4.736325536214281e-07,2,1,1,same_source_cyclic_next_latent,False
validation,reid,53,10,1.689074053956574e-07,3.85355036769397e-07,0.5616836701767713,3.387766298601491e-07,2,1,1,same_source_cyclic_next_latent,False
validation,reid,53,25,8.990878086478915e-08,2.4711696369195124e-06,0.9636169126062641,1.799504900645843e-07,2,1,1,same_source_cyclic_next_latent,False
validation,reid,53,50,3.889901449838362e-07,9.974225577025209e-06,0.9610004664542736,3.426332284561795e-07,2,1,1,same_source_cyclic_next_latent,False
validation,reid,53,75,7.646094672963955e-07,2.250624675070867e-05,0.9660267891059037,7.977156997185375e-07,2,1,1,same_source_cyclic_next_latent,False
validation,reid,53,100,1.2033772236463847e-06,4.006221570307389e-05,0.9699622898402483,1.5298802509278175e-06,2,1,1,same_source_cyclic_next_latent,False
validation,reid,53,125,1.7801942249207059e-06,6.264413968892768e-05,0.9715824299964749,2.4994781142595457e-06,2,1,1,same_source_cyclic_next_latent,False
validation,reid,53,149,2.4870214474503882e-06,8.904800051823258e-05,0.9720710017858158,3.62742503057234e-06,2,1,1,same_source_cyclic_next_latent,False
validation,reid,53,175,3.491495590424165e-06,0.0001228825276484713,0.9715867206083826,5.107189736008877e-06,2,1,1,same_source_cyclic_next_latent,False
validation,reid,53,199,4.749893378175329e-06,0.00015894098032731563,0.9701153637759524,6.7852438405680005e-06,2,1,1,same_source_cyclic_next_latent,False
validation,reid,2,0,4.4483454075816553e-07,0.0,,3.4326070874612924e-08,88,1,1,same_source_cyclic_next_latent,False
validation,reid,2,5,2.6727201429821434e-07,9.875607531739661e-08,-1.7063855407296895,2.4586510605217882e-08,88,1,1,same_source_cyclic_next_latent,False
validation,reid,2,10,1.52091445215774e-07,3.9769926729604776e-07,0.6175717238559633,1.1656139520255238e-07,88,1,1,same_source_cyclic_next_latent,False
validation,reid,2,25,8.036952436896172e-08,2.5024969545484055e-06,0.9678842668627883,8.758821081755741e-07,88,1,1,same_source_cyclic_next_latent,False
validation,reid,2,50,3.390680660686485e-07,1.003642591967946e-05,0.9662162537957061,2.9770026230835356e-06,88,1,1,same_source_cyclic_next_latent,False
validation,reid,2,75,6.618348606934887e-07,2.2605408958042972e-05,0.9707222788173443,5.230820534052327e-06,88,1,1,same_source_cyclic_next_latent,False
validation,reid,2,100,1.030364273901796e-06,4.020733467768878e-05,0.9743737235466754,7.5687398748414125e-06,88,1,1,same_source_cyclic_next_latent,False
validation,reid,2,125,1.5185748907242669e-06,6.284512346610427e-05,0.9758362334741324,1.044406326400349e-05,88,1,1,same_source_cyclic_next_latent,False
validation,reid,2,149,2.164744955734932e-06,8.931615593610331e-05,0.9757631199748051,1.4080918845138513e-05,88,1,1,same_source_cyclic_next_latent,False
validation,reid,2,175,3.13749137603736e-06,0.00012323314149398357,0.974540198050615,1.9299455743748695e-05,88,1,1,same_source_cyclic_next_latent,False
validation,reid,2,199,4.347459707787493e-06,0.00015938510478008538,0.9727235508375391,2.5522615032969043e-05,88,1,1,same_source_cyclic_next_latent,False
validation,reid,88,0,8.83343460600372e-08,0.0,,7.890152460277022e-07,74,1,1,same_source_cyclic_next_latent,False
validation,reid,88,5,2.717391467399466e-08,1.0328217570076959e-07,0.7368963764597363,5.983317805657862e-07,74,1,1,same_source_cyclic_next_latent,False
validation,reid,88,10,4.1103625392224785e-08,4.2534415456429997e-07,0.9033638409011894,4.5518513047682063e-07,74,1,1,same_source_cyclic_next_latent,False
validation,reid,88,25,4.3451740339151e-07,2.7586918349697953e-06,0.8424915034425121,3.114858486696903e-07,74,1,1,same_source_cyclic_next_latent,False
validation,reid,88,50,1.447402155463351e-06,1.1242896107432898e-05,0.8712607373018021,6.720608780597104e-07,74,1,1,same_source_cyclic_next_latent,False
validation,reid,88,75,2.2022973098501097e-06,2.548983866290655e-05,0.9136009709996734,1.5241863593473681e-06,74,1,1,same_source_cyclic_next_latent,False
validation,reid,88,100,2.907894895542995e-06,4.550983430817723e-05,0.9361040324635833,2.8455299343477236e-06,74,1,1,same_source_cyclic_next_latent,False
validation,reid,88,125,3.978646418545395e-06,7.13156841811724e-05,0.9442107796591009,4.480035840970231e-06,74,1,1,same_source_cyclic_next_latent,False
validation,reid,88,149,5.509471975528868e-06,0.00010155241761822253,0.9457475055272317,6.174586360430112e-06,74,1,1,same_source_cyclic_next_latent,False
validation,reid,88,175,7.84995972935576e-06,0.00014035985805094242,0.944072615644092,8.152365808200557e-06,74,1,1,same_source_cyclic_next_latent,False
validation,reid,88,199,1.0825954632309731e-05,0.0001818001619540155,0.940451347699855,1.024926586978836e-05,74,1,1,same_source_cyclic_next_latent,False
validation,reid,74,0,4.821486072614789e-07,0.0,,3.633925587109843e-07,31,1,1,same_source_cyclic_next_latent,False
validation,reid,74,5,3.0272073558990087e-07,9.82452448283766e-08,-2.0812762095378763,2.0205328610245488e-07,31,1,1,same_source_cyclic_next_latent,False
validation,reid,74,10,1.883307874095408e-07,3.9470123169849103e-07,0.5228522936219132,1.1289608181641597e-07,31,1,1,same_source_cyclic_next_latent,False
validation,reid,74,25,1.4398257519587787e-07,2.468499815222458e-06,0.9416720332292582,2.062409407699306e-07,31,1,1,same_source_cyclic_next_latent,False
validation,reid,74,50,5.798669917567167e-07,9.872235750663094e-06,0.9412628500370073,1.0927913081104634e-06,31,1,1,same_source_cyclic_next_latent,False
validation,reid,74,75,1.288674525312672e-06,2.2206828361959197e-05,0.9419694472210088,2.7430053251009667e-06,31,1,1,same_source_cyclic_next_latent,False
validation,reid,74,100,2.2952606286708033e-06,3.9466427551815286e-05,0.9418427060402828,5.231710019870661e-06,31,1,1,same_source_cyclic_next_latent,False
validation,reid,74,125,3.6567384995578323e-06,6.164090154925361e-05,0.9406767518376423,8.579366294725332e-06,31,1,1,same_source_cyclic_next_latent,False
validation,reid,74,149,5.296995823300676e-06,8.754659938858822e-05,0.939495127620101,1.28935453176382e-05,31,1,1,same_source_cyclic_next_latent,False
validation,reid,74,175,7.468961030099308e-06,0.00012070701632183045,0.9381232238382442,1.914623862830922e-05,31,1,1,same_source_cyclic_next_latent,False
validation,reid,74,199,9.893495189317036e-06,0.0001560081000206992,0.9365834518335627,2.6579436962492764e-05,31,1,1,same_source_cyclic_next_latent,False
validation,reid,31,0,4.013398609004071e-07,0.0,,6.123806883806537e-07,69,1,1,same_source_cyclic_next_latent,False
validation,reid,31,5,2.421202793811972e-07,9.754089802527233e-08,-1.482243697597136,4.385795477901411e-07,69,1,1,same_source_cyclic_next_latent,False
validation,reid,31,10,1.667131499516472e-07,4.046144965741405e-07,0.5879703980870613,3.453547208209784e-07,69,1,1,same_source_cyclic_next_latent,False
validation,reid,31,25,4.348488857885968e-07,2.6757297746371478e-06,0.8374840053317544,5.567273433371156e-07,69,1,1,same_source_cyclic_next_latent,False
validation,reid,31,50,2.181084255425958e-06,1.1123805961688049e-05,0.8039264382228601,2.3200068426376674e-06,69,1,1,same_source_cyclic_next_latent,False
validation,reid,31,75,5.4831666602694895e-06,2.5607325369492173e-05,0.7858750735911695,5.746132501371903e-06,69,1,1,same_source_cyclic_next_latent,False
validation,reid,31,100,1.0438649951538537e-05,4.6321227273438126e-05,0.7746465159500567,1.0971218216582201e-05,69,1,1,same_source_cyclic_next_latent,False
validation,reid,31,125,1.6990878066280857e-05,7.339884905377403e-05,0.7685130177745312,1.7819411368691362e-05,69,1,1,same_source_cyclic_next_latent,False
validation,reid,31,149,2.494435648259241e-05,0.00010547126294113696,0.7634961809785691,2.580291584308725e-05,69,1,1,same_source_cyclic_next_latent,False
validation,reid,31,175,3.5681940062204376e-05,0.00014702796761412174,0.7573118867027229,3.615366222220473e-05,69,1,1,same_source_cyclic_next_latent,False
validation,reid,31,199,4.772200554725714e-05,0.0001917742338264361,0.7511552798565859,4.751515734824352e-05,69,1,1,same_source_cyclic_next_latent,False
validation,reid,69,0,5.025983682571677e-07,0.0,,4.2371485164949263e-07,19,1,1,same_source_cyclic_next_latent,False
validation,reid,69,5,3.2133459626493277e-07,1.0311431708487362e-07,-2.116294665467663,2.526006426251115e-07,19,1,1,same_source_cyclic_next_latent,False
validation,reid,69,10,2.15038738815565e-07,4.325807765326317e-07,0.5028934467702968,1.6430774962827854e-07,19,1,1,same_source_cyclic_next_latent,False
validation,reid,69,25,3.8720469319741824e-07,2.8503357043518918e-06,0.8641547054944321,3.648282245194423e-07,19,1,1,same_source_cyclic_next_latent,False
validation,reid,69,50,1.8967931509905611e-06,1.1736545275198296e-05,0.8383857339178957,1.8208868368674302e-06,19,1,1,same_source_cyclic_next_latent,False
validation,reid,69,75,4.551535312202759e-06,2.679025783436373e-05,0.8301048336173709,4.756418093165848e-06,19,1,1,same_source_cyclic_next_latent,False
validation,reid,69,100,8.419816367677413e-06,4.8090289055835456e-05,0.8249164949309923,9.106546713155694e-06,19,1,1,same_source_cyclic_next_latent,False
validation,reid,69,125,1.3576180208474398e-05,7.570085290353745e-05,0.8206601420227857,1.4695147001475561e-05,19,1,1,same_source_cyclic_next_latent,False
validation,reid,69,149,1.9920698832720518e-05,0.00010818660666700453,0.8158672367455253,2.148881321772933e-05,19,1,1,same_source_cyclic_next_latent,False
validation,reid,69,175,2.8631427994696423e-05,0.0001500365324318409,0.8091702898578838,3.081006798311137e-05,19,1,1,same_source_cyclic_next_latent,False
validation,reid,69,199,3.8612324715359136e-05,0.00019486209203023463,0.8018479412128652,4.151999019086361e-05,19,1,1,same_source_cyclic_next_latent,False
validation,reid,19,0,4.502189767663367e-07,0.0,,9.296356040522369e-08,41,1,1,same_source_cyclic_next_latent,False
validation,reid,19,5,2.849046722985804e-07,9.762278807556868e-08,-1.918423842576991,2.327460535411774e-08,41,1,1,same_source_cyclic_next_latent,False
validation,reid,19,10,2.0863500083123654e-07,3.94468059994324e-07,0.47109786066268944,4.0253222977071346e-08,41,1,1,same_source_cyclic_next_latent,False
validation,reid,19,25,4.2352118612143386e-07,2.5457179617660586e-06,0.8336338932740132,5.186941507417941e-07,41,1,1,same_source_cyclic_next_latent,False
validation,reid,19,50,2.1124360500834882e-06,1.0593883416731842e-05,0.8005985183160376,2.320439079994685e-06,41,1,1,same_source_cyclic_next_latent,False
validation,reid,19,75,5.850933121109847e-06,2.450023021083325e-05,0.7611886471775786,5.3325265980674885e-06,41,1,1,same_source_cyclic_next_latent,False
validation,reid,19,100,1.162504941021325e-05,4.4587679440155625e-05,0.7392766442170179,1.0193071830144618e-05,41,1,1,same_source_cyclic_next_latent,False
validation,reid,19,125,1.911127401399426e-05,7.122715760488063e-05,0.7316855725170097,1.731309930619318e-05,41,1,1,same_source_cyclic_next_latent,False
validation,reid,19,149,2.8286842280067503e-05,0.0001033735170494765,0.7263627756175801,2.651310569490306e-05,41,1,1,same_source_cyclic_next_latent,False
validation,reid,19,175,4.135333438171074e-05,0.00014598786947317421,0.7167344483418907,3.942540570278652e-05,41,1,1,same_source_cyclic_next_latent,False
validation,reid,19,199,5.727669849875383e-05,0.00019308346963953227,0.7033578347971281,5.443241752800532e-05,41,1,1,same_source_cyclic_next_latent,False
validation,depablo_low_temp,161,0,8.995776283882151e-07,0.0,,1.4284294138633413e-06,47,1,1,same_source_cyclic_next_latent,False
validation,depablo_low_temp,161,5,6.573955033672974e-07,1.0447118370393582e-07,-5.292601271086496,1.1127214065709268e-06,47,1,1,same_source_cyclic_next_latent,False
validation,depablo_low_temp,161,10,4.887420459454006e-07,4.179090637990157e-07,-0.16949376857844478,8.611516477685655e-07,47,1,1,same_source_cyclic_next_latent,False
validation,depablo_low_temp,161,25,3.1229936325871677e-07,2.613081051094923e-06,0.880486155173848,4.4779591235055705e-07,47,1,1,same_source_cyclic_next_latent,False
validation,depablo_low_temp,161,50,5.690498596777616e-07,1.0458379620104097e-05,0.9455890988519982,4.695575626101345e-07,47,1,1,same_source_cyclic_next_latent,False
validation,depablo_low_temp,161,75,1.0208027561020572e-06,2.353832132939715e-05,0.9566323043254928,9.498745043856616e-07,47,1,1,same_source_cyclic_next_latent,False
validation,depablo_low_temp,161,100,1.5396017261082307e-06,4.185446596238762e-05,0.9632153537094037,1.7335401025775354e-06,47,1,1,same_source_cyclic_next_latent,False
validation,depablo_low_temp,161,125,2.1440378077386413e-06,6.540835602208972e-05,0.9672207354207992,2.8232266231498215e-06,47,1,1,same_source_cyclic_next_latent,False
validation,depablo_low_temp,161,149,2.84217048829305e-06,9.295123163610697e-05,0.9694229926998729,4.211128270981135e-06,47,1,1,same_source_cyclic_next_latent,False
validation,depablo_low_temp,161,175,3.7721979424532037e-06,0.00012823649740312248,0.970584053535126,6.1875380197307095e-06,47,1,1,same_source_cyclic_next_latent,False
validation,depablo_low_temp,161,199,4.824248662771424e-06,0.00016584270633757114,0.9709106974354862,8.546710887458175e-06,47,1,1,same_source_cyclic_next_latent,False
validation,depablo_low_temp,47,0,1.6108779163914733e-06,0.0,,3.359545885928128e-08,191,1,1,same_source_cyclic_next_latent,False
validation,depablo_low_temp,47,5,1.2889888694189722e-06,1.0193582511419663e-07,-11.645101640909308,8.284878560971265e-08,191,1,1,same_source_cyclic_next_latent,False
validation,depablo_low_temp,47,10,1.0215552492809366e-06,4.097973942407407e-07,-1.4928300268322618,2.3182248298780905e-07,191,1,1,same_source_cyclic_next_latent,False
validation,depablo_low_temp,47,25,5.350754577193584e-07,2.571714503574185e-06,0.7919382353773301,1.1104439181508496e-06,191,1,1,same_source_cyclic_next_latent,False
validation,depablo_low_temp,47,50,3.54501395349871e-07,1.0300798749085516e-05,0.9655850576265901,3.1888305329630384e-06,191,1,1,same_source_cyclic_next_latent,False
validation,depablo_low_temp,47,75,5.372625651034468e-07,2.318746737728361e-05,0.9768296141893532,5.326086920831585e-06,191,1,1,same_source_cyclic_next_latent,False
validation,depablo_low_temp,47,100,9.182837743537675e-07,4.123131657252088e-05,0.9777284876960304,7.520878170907963e-06,191,1,1,same_source_cyclic_next_latent,False
validation,depablo_low_temp,47,125,1.4843179769741255e-06,6.443101301556453e-05,0.9769626782584412,1.0038623258878943e-05,191,1,1,same_source_cyclic_next_latent,False
validation,depablo_low_temp,47,149,2.2504884782392764e-06,9.155587758868933e-05,0.9754195084192246,1.299011546507245e-05,191,1,1,same_source_cyclic_next_latent,False
validation,depablo_low_temp,47,175,3.419378344915458e-06,0.00012630049604922533,0.9729266435851308,1.705821523501072e-05,191,1,1,same_source_cyclic_next_latent,False
validation,depablo_low_temp,47,199,4.907204129267484e-06,0.00016332407540176064,0.9699541900531428,2.194872467953246e-05,191,1,1,same_source_cyclic_next_latent,False
validation,depablo_low_temp,191,0,6.913386840778912e-08,0.0,,1.2096236332581611e-06,66,1,1,same_source_cyclic_next_latent,False
validation,depablo_low_temp,191,5,8.228768422213761e-08,1.0844533449017035e-07,0.2412058609160702,1.0353439847676782e-06,66,1,1,same_source_cyclic_next_latent,False
validation,depablo_low_temp,191,10,1.5000270536802418e-07,4.3661586346388503e-07,0.6564423835222566,9.891638228509692e-07,66,1,1,same_source_cyclic_next_latent,False
validation,depablo_low_temp,191,25,4.7628660126974864e-07,2.7436412892711814e-06,0.8264034722278621,1.8329626527702203e-06,66,1,1,same_source_cyclic_next_latent,False
validation,depablo_low_temp,191,50,7.663479664188344e-07,1.0999379810527898e-05,0.930328074889701,6.235044565983117e-06,66,1,1,same_source_cyclic_next_latent,False
validation,depablo_low_temp,191,75,7.146218763409706e-07,2.4769382434897125e-05,0.9711489828937296,1.4174881471262779e-05,66,1,1,same_source_cyclic_next_latent,False
validation,depablo_low_temp,191,100,7.156005494834972e-07,4.4057222112314776e-05,0.9837574745938539,2.5518280381220393e-05,66,1,1,same_source_cyclic_next_latent,False
validation,depablo_low_temp,191,125,9.005143510876223e-07,6.886258779559284e-05,0.9869230248250233,3.9710215787636116e-05,66,1,1,same_source_cyclic_next_latent,False
validation,depablo_low_temp,191,149,1.2500263437686954e-06,9.78677489911206e-05,0.9872273925102527,5.5698605137877166e-05,66,1,1,same_source_cyclic_next_latent,False
validation,depablo_low_temp,191,175,1.8838239839169546e-06,0.00013503755326382816,0.9860496288744476,7.561805978184566e-05,66,1,1,same_source_cyclic_next_latent,False
validation,depablo_low_temp,191,199,2.901125526477699e-06,0.00017463676340412349,0.9833876586468551,9.741211397340521e-05,66,1,1,same_source_cyclic_next_latent,False
validation,depablo_low_temp,66,0,1.125339508689649e-06,0.0,,4.71209659735905e-07,118,1,1,same_source_cyclic_next_latent,False
validation,depablo_low_temp,66,5,8.188605420400563e-07,9.862818473038715e-08,-7.302500388489529,2.722754857131804e-07,118,1,1,same_source_cyclic_next_latent,False
validation,depablo_low_temp,66,10,5.606096920018899e-07,4.0102668208419345e-07,-0.39793614003018596,1.3417545119409624e-07,118,1,1,same_source_cyclic_next_latent,False
validation,depablo_low_temp,66,25,2.4736812065384584e-07,2.543989467085339e-06,0.9027637009294474,1.5677343867537274e-07,118,1,1,same_source_cyclic_next_latent,False
validation,depablo_low_temp,66,50,5.683333483830211e-07,1.0273105544911232e-05,0.9446775518952452,1.1167293223479646e-06,118,1,1,same_source_cyclic_next_latent,False
validation,depablo_low_temp,66,75,1.3932125284554786e-06,2.325402783753816e-05,0.940087259799076,2.5652291242295178e-06,118,1,1,same_source_cyclic_next_latent,False
validation,depablo_low_temp,66,100,2.8241565814823844e-06,4.156100476393476e-05,0.9320479233472938,4.339364295447012e-06,118,1,1,same_source_cyclic_next_latent,False
validation,depablo_low_temp,66,125,4.738531970360782e-06,6.526274955831468e-05,0.9273930074593819,6.70745384923066e-06,118,1,1,same_source_cyclic_next_latent,False
validation,depablo_low_temp,66,149,6.7764080995402765e-06,9.317624062532559e-05,0.9272732184292652,9.823118489293847e-06,118,1,1,same_source_cyclic_next_latent,False
validation,depablo_low_temp,66,175,9.208986739395186e-06,0.0001292074884986505,0.9287271438644876,1.4313782230601646e-05,118,1,1,same_source_cyclic_next_latent,False
validation,depablo_low_temp,66,199,1.196719767904142e-05,0.00016791837697383016,0.9287320548548031,1.960204099304974e-05,118,1,1,same_source_cyclic_next_latent,False
validation,depablo_low_temp,118,0,4.0890847685659537e-07,0.0,,1.8649368485057494e-06,98,1,1,same_source_cyclic_next_latent,False
validation,depablo_low_temp,118,5,2.6078046744260064e-07,9.106263831881733e-08,-1.8637482095520674,1.5406591273858794e-06,98,1,1,same_source_cyclic_next_latent,False
validation,depablo_low_temp,118,10,1.6926063040045847e-07,3.5658808883454185e-07,0.5253329101550669,1.27376608816121e-06,98,1,1,same_source_cyclic_next_latent,False
validation,depablo_low_temp,118,25,2.198183608470572e-07,2.1927392026555026e-06,0.8997517075533435,1.2537636848719558e-06,98,1,1,same_source_cyclic_next_latent,False
validation,depablo_low_temp,118,50,8.780644407124782e-07,8.724763574718963e-06,0.8993595146512882,3.576051085474319e-06,98,1,1,same_source_cyclic_next_latent,False
validation,depablo_low_temp,118,75,1.622315153326781e-06,1.959523251571227e-05,0.9172086806305594,8.825049008009955e-06,98,1,1,same_source_cyclic_next_latent,False
validation,depablo_low_temp,118,100,2.2812823772255797e-06,3.4804885217454284e-05,0.9344551098797608,1.6010644685593434e-05,98,1,1,same_source_cyclic_next_latent,False
validation,depablo_low_temp,118,125,3.069588728976669e-06,5.435306957224384e-05,0.9435250161005774,2.4423536160611548e-05,98,1,1,same_source_cyclic_next_latent,False
validation,depablo_low_temp,118,149,4.1402272472623736e-06,7.720248686382547e-05,0.946371840915369,3.4721600968623534e-05,98,1,1,same_source_cyclic_next_latent,False
validation,depablo_low_temp,118,175,5.76112051930977e-06,0.0001064735115505755,0.9458915139041582,5.168094503460452e-05,98,1,1,same_source_cyclic_next_latent,False
validation,depablo_low_temp,118,199,7.795349119987804e-06,0.0001376654690830037,0.9433746953981053,7.638111128471792e-05,98,1,1,same_source_cyclic_next_latent,False
validation,depablo_low_temp,98,0,1.280515448343067e-06,0.0,,1.1637488341875724e-06,2,1,1,same_source_cyclic_next_latent,False
validation,depablo_low_temp,98,5,8.958960506788571e-07,1.139613132750128e-07,-6.861405111372051,7.927395131446247e-07,2,1,1,same_source_cyclic_next_latent,False
validation,depablo_low_temp,98,10,5.580956212725141e-07,5.0763196668413e-07,-0.09940992273992211,4.728716476165573e-07,2,1,1,same_source_cyclic_next_latent,False
validation,depablo_low_temp,98,25,3.155936383336666e-07,3.5328100693732267e-06,0.9106678162322897,3.0938659278945124e-07,2,1,1,same_source_cyclic_next_latent,False
validation,depablo_low_temp,98,50,1.2135640190535923e-06,1.4838107745163143e-05,0.9182130201575612,1.5284283563232748e-06,2,1,1,same_source_cyclic_next_latent,False
validation,depablo_low_temp,98,75,3.1196711915981723e-06,3.409271812415682e-05,0.9084945007835064,3.826020474662073e-06,2,1,1,same_source_cyclic_next_latent,False
validation,depablo_low_temp,98,100,6.342084361676825e-06,6.142582424217835e-05,0.8967521487921362,7.803458174748812e-06,2,1,1,same_source_cyclic_next_latent,False
validation,depablo_low_temp,98,125,1.0688077054510359e-05,9.695556218503043e-05,0.8897631367026351,1.4083622772886883e-05,2,1,1,same_source_cyclic_next_latent,False
validation,depablo_low_temp,98,149,1.5895047908998094e-05,0.0001388805831084028,0.8855488106887393,2.2385393094737083e-05,2,1,1,same_source_cyclic_next_latent,False
validation,depablo_low_temp,98,175,2.3435894036083482e-05,0.00019302488362882286,0.8785861511972233,3.34228461724706e-05,2,1,1,same_source_cyclic_next_latent,False
validation,depablo_low_temp,98,199,3.39645630447194e-05,0.00025115665630437434,0.8647674182938713,4.4869397243019193e-05,2,1,1,same_source_cyclic_next_latent,False
validation,depablo_low_temp,2,0,1.5088106692928704e-06,0.0,,1.3637160236612544e-06,136,1,1,same_source_cyclic_next_latent,False
validation,depablo_low_temp,2,5,1.1454733339633094e-06,9.775605747108784e-08,-10.717671145873416,9.870141184364911e-07,136,1,1,same_source_cyclic_next_latent,False
validation,depablo_low_temp,2,10,8.083115403678676e-07,4.147042602653528e-07,-0.9491276502697636,6.727257755301252e-07,136,1,1,same_source_cyclic_next_latent,False
validation,depablo_low_temp,2,25,4.307690346649906e-07,2.7603841772361193e-06,0.8439459846867021,3.8588450479437597e-07,136,1,1,same_source_cyclic_next_latent,False
validation,depablo_low_temp,2,50,1.0453762797624222e-06,1.143445297202561e-05,0.9085766251940574,1.0934196552625508e-06,136,1,1,same_source_cyclic_next_latent,False
validation,depablo_low_temp,2,75,2.4921180283854483e-06,2.6147068638238125e-05,0.9046884351410271,2.773719188553514e-06,136,1,1,same_source_cyclic_next_latent,False
validation,depablo_low_temp,2,100,4.672932391258655e-06,4.6995002776384354e-05,0.9005653342868432,5.545056410483085e-06,136,1,1,same_source_cyclic_next_latent,False
validation,depablo_low_temp,2,125,7.683945113967638e-06,7.407462544506416e-05,0.896267513095071,9.158630746242125e-06,136,1,1,same_source_cyclic_next_latent,False
validation,depablo_low_temp,2,149,1.1555271157703828e-05,0.00010602713882690296,0.891015910779516,1.3405875506578013e-05,136,1,1,same_source_cyclic_next_latent,False
validation,depablo_low_temp,2,175,1.6905771190067753e-05,0.0001473280426580459,0.8852508260813137,1.924825119203888e-05,136,1,1,same_source_cyclic_next_latent,False
validation,depablo_low_temp,2,199,2.284325637447182e-05,0.00019171855819877237,0.8808500512986953,2.6420681024319492e-05,136,1,1,same_source_cyclic_next_latent,False
validation,depablo_low_temp,136,0,1.2807681741833221e-06,0.0,,1.6275450889224885e-06,131,1,1,same_source_cyclic_next_latent,False
validation,depablo_low_temp,136,5,8.991780191536236e-07,1.0771704950229832e-07,-7.347592357089564,1.4594693311664741e-06,131,1,1,same_source_cyclic_next_latent,False
validation,depablo_low_temp,136,10,5.789267447653401e-07,4.807949380847276e-07,-0.20410324424696702,1.4332269984151935e-06,131,1,1,same_source_cyclic_next_latent,False
validation,depablo_low_temp,136,25,4.016314392174536e-07,3.323550799905206e-06,0.8791559198586918,2.4728226435399847e-06,131,1,1,same_source_cyclic_next_latent,False
validation,depablo_low_temp,136,50,1.3806284187012352e-06,1.3947767911304254e-05,0.9010143825534782,8.09603625384625e-06,131,1,1,same_source_cyclic_next_latent,False
validation,depablo_low_temp,136,75,2.9447569431795273e-06,3.2096784707391635e-05,0.9082538338333506,1.8683576854527928e-05,131,1,1,same_source_cyclic_next_latent,False
validation,depablo_low_temp,136,100,5.367454832594376e-06,5.795686229248531e-05,0.9073887953853168,3.419001222937368e-05,131,1,1,same_source_cyclic_next_latent,False
validation,depablo_low_temp,136,125,8.700045327714179e-06,9.172131103696302e-05,0.9051469584401369,5.4673342674504966e-05,131,1,1,same_source_cyclic_next_latent,False
validation,depablo_low_temp,136,149,1.2938297913933638e-05,0.0001317478745477274,0.9017950159852745,7.925467798486352e-05,131,1,1,same_source_cyclic_next_latent,False
validation,depablo_low_temp,136,175,1.90308055607602e-05,0.00018373868078924716,0.8964246097826891,0.00011183809692738578,131,1,1,same_source_cyclic_next_latent,False
validation,depablo_low_temp,136,199,2.6366529709775932e-05,0.00023986533051356673,0.890077779671937,0.00014799300697632134,131,1,1,same_source_cyclic_next_latent,False
validation,depablo_low_temp,131,0,1.027268353936961e-06,0.0,,9.98032803067872e-08,124,1,1,same_source_cyclic_next_latent,False
validation,depablo_low_temp,131,5,8.003407856449485e-07,1.0976804531992457e-07,-6.29120012397337,3.421416394644439e-08,124,1,1,same_source_cyclic_next_latent,False
validation,depablo_low_temp,131,10,6.371805625349225e-07,4.4147617472845013e-07,-0.4432954687234236,1.1612372929903358e-07,124,1,1,same_source_cyclic_next_latent,False
validation,depablo_low_temp,131,25,4.122653933791298e-07,2.7713413146557286e-06,0.8512397620607248,1.236150524164259e-06,124,1,1,same_source_cyclic_next_latent,False
validation,depablo_low_temp,131,50,4.3253930925857276e-07,1.1105170415248722e-05,0.9610506373981759,5.562987553275889e-06,124,1,1,same_source_cyclic_next_latent,False
validation,depablo_low_temp,131,75,5.819631496706279e-07,2.5009072487591766e-05,0.976729918714124,1.2168959074188024e-05,124,1,1,same_source_cyclic_next_latent,False
validation,depablo_low_temp,131,100,7.446018912560248e-07,4.449032712727785e-05,0.9832637353030498,2.058085192402359e-05,124,1,1,same_source_cyclic_next_latent,False
validation,depablo_low_temp,131,125,9.056232670445752e-07,6.955634307814762e-05,0.9869800045981846,3.112592457910068e-05,124,1,1,same_source_cyclic_next_latent,False
validation,depablo_low_temp,131,149,1.08129597720108e-06,9.887514170259237e-05,0.9890640260172419,4.387771332403645e-05,124,1,1,same_source_cyclic_next_latent,False
validation,depablo_low_temp,131,175,1.3408450740826083e-06,0.00013646083243656904,0.9901741397136363,6.115787255112082e-05,124,1,1,same_source_cyclic_next_latent,False
validation,depablo_low_temp,131,199,1.7075778941944009e-06,0.00017653404211159796,0.9903272033327434,8.062602137215436e-05,124,1,1,same_source_cyclic_next_latent,False
validation,depablo_low_temp,124,0,3.782690782827558e-07,0.0,,2.7651910841086647e-06,105,1,1,same_source_cyclic_next_latent,False
validation,depablo_low_temp,124,5,2.0227385277848953e-07,9.75659233404258e-08,-1.0732018501246396,2.3620884803676745e-06,105,1,1,same_source_cyclic_next_latent,False
validation,depablo_low_temp,124,10,9.243890275456579e-08,3.8968275362094573e-07,0.7627842087040797,2.010433490795549e-06,105,1,1,same_source_cyclic_next_latent,False
validation,depablo_low_temp,124,25,1.7437970711853268e-07,2.429540245429962e-06,0.9282252239095252,1.8773112060443964e-06,105,1,1,same_source_cyclic_next_latent,False
validation,depablo_low_temp,124,50,1.0701694463932654e-06,9.734014383866452e-06,0.8900587769659548,4.659627393266419e-06,105,1,1,same_source_cyclic_next_latent,False
validation,depablo_low_temp,124,75,2.0517663870123215e-06,2.1937737983535044e-05,0.9064732020889192,1.1180743967997842e-05,105,1,1,same_source_cyclic_next_latent,False
validation,depablo_low_temp,124,100,2.8369258870952763e-06,3.905228732037358e-05,0.927355704831782,1.9918923499062657e-05,105,1,1,same_source_cyclic_next_latent,False
validation,depablo_low_temp,124,125,3.796646751652588e-06,6.109093374107033e-05,0.9378525336059781,3.0355127819348127e-05,105,1,1,same_source_cyclic_next_latent,False
validation,depablo_low_temp,124,149,5.253006293060025e-06,8.68887800606899e-05,0.9395433301124619,4.386008367873728e-05,105,1,1,same_source_cyclic_next_latent,False
validation,depablo_low_temp,124,175,7.689555786782876e-06,0.00011998012632830068,0.9359097542059424,6.68817592668347e-05,105,1,1,same_source_cyclic_next_latent,False
validation,depablo_low_temp,124,199,1.0944308087346144e-05,0.00015528261428698897,0.9295200680539859,9.955099812941626e-05,105,1,1,same_source_cyclic_next_latent,False
validation,depablo_low_temp,105,0,1.764366515999427e-06,0.0,,8.706282415005262e-07,96,1,1,same_source_cyclic_next_latent,False
validation,depablo_low_temp,105,5,1.3290365359353018e-06,1.102623485849108e-07,-11.053403115314905,6.532497991429409e-07,96,1,1,same_source_cyclic_next_latent,False
validation,depablo_low_temp,105,10,9.273323939851252e-07,4.893034883934888e-07,-0.8952090389336886,5.24746837982093e-07,96,1,1,same_source_cyclic_next_latent,False
validation,depablo_low_temp,105,25,4.623548193194438e-07,3.356824890943244e-06,0.8622642424492016,9.992861578211887e-07,96,1,1,same_source_cyclic_next_latent,False
validation,depablo_low_temp,105,50,1.1230694099140237e-06,1.4006071069161408e-05,0.9198155282542583,4.6886839299986605e-06,96,1,1,same_source_cyclic_next_latent,False
validation,depablo_low_temp,105,75,3.112166496066493e-06,3.212118099327199e-05,0.9031117038717114,1.2280466762604192e-05,96,1,1,same_source_cyclic_next_latent,False
validation,depablo_low_temp,105,100,6.003564067214029e-06,5.7851128076436e-05,0.8962239066577613,2.3953200070536695e-05,96,1,1,same_source_cyclic_next_latent,False
validation,depablo_low_temp,105,125,9.494836376688909e-06,9.133149433182552e-05,0.8960398442382616,3.96896357415244e-05,96,1,1,same_source_cyclic_next_latent,False
validation,depablo_low_temp,105,149,1.4268470295064617e-05,0.00013090895663481206,0.8910046290043514,5.869291999260895e-05,96,1,1,same_source_cyclic_next_latent,False
validation,depablo_low_temp,105,175,2.3107826564228162e-05,0.00018214789452031255,0.873137009762958,8.375994366360828e-05,96,1,1,same_source_cyclic_next_latent,False
validation,depablo_low_temp,105,199,3.727150760823861e-05,0.00023727492953184992,0.8429184757033694,0.00011130392522318289,96,1,1,same_source_cyclic_next_latent,False
validation,depablo_low_temp,96,0,5.318611329130363e-07,0.0,,2.9637715215358185e-07,152,1,1,same_source_cyclic_next_latent,False
validation,depablo_low_temp,96,5,3.717189258622966e-07,1.028129190672189e-07,-2.615488493418492,1.7422094344965444e-07,152,1,1,same_source_cyclic_next_latent,False
validation,depablo_low_temp,96,10,2.688136646611383e-07,4.112499141228909e-07,0.34634961508876905,2.0182663718060212e-07,152,1,1,same_source_cyclic_next_latent,False
validation,depablo_low_temp,96,25,2.0201028405608668e-07,2.5721096790221054e-06,0.921461248054986,1.1025242656614864e-06,152,1,1,same_source_cyclic_next_latent,False
validation,depablo_low_temp,96,50,3.7979808098498324e-07,1.0294354979123455e-05,0.9631061798670049,4.382621682452736e-06,152,1,1,same_source_cyclic_next_latent,False
validation,depablo_low_temp,96,75,6.00875239342713e-07,2.3167545805335976e-05,0.9740639235423755,9.106603101827204e-06,152,1,1,same_source_cyclic_next_latent,False
validation,depablo_low_temp,96,100,8.836706228976254e-07,4.1188621253240854e-05,0.9785457586097739,1.557545328978449e-05,152,1,1,same_source_cyclic_next_latent,False
validation,depablo_low_temp,96,125,1.249297952199413e-06,6.43616949673742e-05,0.9805894180873779,2.4227401809184812e-05,152,1,1,same_source_cyclic_next_latent,False
validation,depablo_low_temp,96,149,1.7009814428092795e-06,9.145318472292274e-05,0.9814005225956562,3.53961149812676e-05,152,1,1,same_source_cyclic_next_latent,False
validation,depablo_low_temp,96,175,2.3913366931083146e-06,0.0001261606375919655,0.9810453027287125,5.0853843276854604e-05,152,1,1,same_source_cyclic_next_latent,False
validation,depablo_low_temp,96,199,3.3407038699806435e-06,0.00016314847744069993,0.9795235363370467,6.798291724408045e-05,152,1,1,same_source_cyclic_next_latent,False
validation,depablo_low_temp,152,0,6.996109505053028e-07,0.0,,1.7838792132351955e-07,70,1,1,same_source_cyclic_next_latent,False
validation,depablo_low_temp,152,5,4.279639824744663e-07,1.051594082923657e-07,-3.0696689856283204,9.555041913245077e-08,70,1,1,same_source_cyclic_next_latent,False
validation,depablo_low_temp,152,10,2.2851057224215765e-07,4.5047485741633864e-07,0.49273401505078185,1.2155349793374626e-07,70,1,1,same_source_cyclic_next_latent,False
validation,depablo_low_temp,152,25,2.0146228507655906e-07,3.0113294542388758e-06,0.9330985572525211,9.002446859085467e-07,70,1,1,same_source_cyclic_next_latent,False
validation,depablo_low_temp,152,50,8.428645514868549e-07,1.2442545994417742e-05,0.9322594787381135,4.543588147498667e-06,70,1,1,same_source_cyclic_next_latent,False
validation,depablo_low_temp,152,75,1.5759017060190672e-06,2.840685374394525e-05,0.9445238913036977,1.1558826372493058e-05,70,1,1,same_source_cyclic_next_latent,False
validation,depablo_low_temp,152,100,2.7933540422964143e-06,5.09941964992322e-05,0.9452221187103425,2.2229081878322177e-05,70,1,1,same_source_cyclic_next_latent,False
validation,depablo_low_temp,152,125,4.490446826821426e-06,8.029223681660369e-05,0.9440737111723753,3.66668427886907e-05,70,1,1,same_source_cyclic_next_latent,False
validation,depablo_low_temp,152,149,6.575800853170222e-06,0.00011480825196485966,0.9427236218596645,5.44884787814226e-05,70,1,1,same_source_cyclic_next_latent,False
validation,depablo_low_temp,152,175,9.410930942976847e-06,0.00015935282863210887,0.940942805824279,7.902999641373754e-05,70,1,1,same_source_cyclic_next_latent,False
validation,depablo_low_temp,152,199,1.2563997188408393e-05,0.00020716806466225535,0.9393536006194227,0.00010735060641309246,70,1,1,same_source_cyclic_next_latent,False
validation,depablo_low_temp,70,0,1.1249024822745923e-07,0.0,,2.8071401629858883e-06,169,1,1,same_source_cyclic_next_latent,False
validation,depablo_low_temp,70,5,5.864952612455454e-08,1.0842899200724787e-07,0.4590973775663787,2.5177503175655147e-06,169,1,1,same_source_cyclic_next_latent,False
validation,depablo_low_temp,70,10,5.741246056345517e-08,4.3581886188803765e-07,0.8682653148265884,2.352726141907624e-06,169,1,1,same_source_cyclic_next_latent,False
validation,depablo_low_temp,70,25,1.8939356039027189e-07,2.733828068812727e-06,0.9307222123619049,3.4006600344582694e-06,169,1,1,same_source_cyclic_next_latent,False
validation,depablo_low_temp,70,50,3.2032068020271254e-07,1.095371408155188e-05,0.9707568886847071,9.73812257143436e-06,169,1,1,same_source_cyclic_next_latent,False
validation,depablo_low_temp,70,75,3.2978388730953156e-07,2.4661450879648328e-05,0.9866275553324527,2.003320332732983e-05,169,1,1,same_source_cyclic_next_latent,False
validation,depablo_low_temp,70,100,4.4212859506842506e-07,4.38588103861548e-05,0.9899192752567681,3.343707066960633e-05,169,1,1,same_source_cyclic_next_latent,False
validation,depablo_low_temp,70,125,6.489862016678671e-07,6.854946695966646e-05,0.9905325857303935,5.172553574084304e-05,169,1,1,same_source_cyclic_next_latent,False
validation,depablo_low_temp,70,149,8.752788858146232e-07,9.742454858496785e-05,0.9910158281610999,7.507267582695931e-05,169,1,1,same_source_cyclic_next_latent,False
validation,depablo_low_temp,70,175,1.1649523230516934e-06,0.0001344185438938439,0.9913333957554866,0.00010708401532610878,169,1,1,same_source_cyclic_next_latent,False
validation,depablo_low_temp,70,199,1.5961785493345815e-06,0.00017384615784976631,0.990818442184302,0.0001435953308828175,169,1,1,same_source_cyclic_next_latent,False
validation,depablo_low_temp,169,0,2.022323997152853e-06,0.0,,4.181797805813403e-07,168,1,1,same_source_cyclic_next_latent,False
validation,depablo_low_temp,169,5,1.6033902738854522e-06,1.0561949181919772e-07,-14.180817917872382,1.9625088043540018e-07,168,1,1,same_source_cyclic_next_latent,False
validation,depablo_low_temp,169,10,1.1883028037118493e-06,4.714396197869064e-07,-1.5205832387379097,7.182116945614325e-08,168,1,1,same_source_cyclic_next_latent,False
validation,depablo_low_temp,169,25,6.409730417544779e-07,3.285299726485391e-06,0.8048966319306915,4.948472565047268e-07,168,1,1,same_source_cyclic_next_latent,False
validation,depablo_low_temp,169,50,1.1259203347435687e-06,1.3894406947656535e-05,0.9189659307529157,2.441459173496696e-06,168,1,1,same_source_cyclic_next_latent,False
validation,depablo_low_temp,169,75,2.5821875624387758e-06,3.2073730835691094e-05,0.9194921359268451,4.6216819100664e-06,168,1,1,same_source_cyclic_next_latent,False
validation,depablo_low_temp,169,100,5.043084001954412e-06,5.797980338684283e-05,0.9130199878687615,7.812969670339953e-06,168,1,1,same_source_cyclic_next_latent,False
validation,depablo_low_temp,169,125,8.458893717033789e-06,9.178016625810415e-05,0.9078352757256324,1.2759468518197536e-05,168,1,1,same_source_cyclic_next_latent,False
validation,depablo_low_temp,169,149,1.2341960427875165e-05,0.00013181191752664745,0.9063668850323789,1.9037568563362584e-05,168,1,1,same_source_cyclic_next_latent,False
validation,depablo_low_temp,169,175,1.7257225408684462e-05,0.00018371574697084725,0.9060656166211876,2.6771771445055492e-05,168,1,1,same_source_cyclic_next_latent,False
validation,depablo_low_temp,169,199,2.3003418391454034e-05,0.00023968475579749793,0.904026360312673,3.4248972951900214e-05,168,1,1,same_source_cyclic_next_latent,False
validation,depablo_low_temp,168,0,7.741916761005996e-07,0.0,,2.2633198568655644e-06,126,1,1,same_source_cyclic_next_latent,False
validation,depablo_low_temp,168,5,4.949750973537448e-07,1.0086985469115461e-07,-3.9070666243078236,2.1932762592768995e-06,126,1,1,same_source_cyclic_next_latent,False
validation,depablo_low_temp,168,10,2.6126235752599314e-07,4.353984195404337e-07,0.3999464724705305,2.2327601527649676e-06,126,1,1,same_source_cyclic_next_latent,False
validation,depablo_low_temp,168,25,1.809037968314442e-07,2.9493130568880588e-06,0.9386623958386014,3.18773618346313e-06,126,1,1,same_source_cyclic_next_latent,False
validation,depablo_low_temp,168,50,9.255847999156686e-07,1.232679915119661e-05,0.9249128027022474,7.579189514217433e-06,126,1,1,same_source_cyclic_next_latent,False
validation,depablo_low_temp,168,75,1.9139556570735294e-06,2.83126955764601e-05,0.932399384159492,1.5166736375249457e-05,126,1,1,same_source_cyclic_next_latent,False
validation,depablo_low_temp,168,100,3.4844601941586006e-06,5.1012531912419945e-05,0.931694035494242,2.5475499569438398e-05,126,1,1,same_source_cyclic_next_latent,False
validation,depablo_low_temp,168,125,5.727038114855532e-06,8.052563498495147e-05,0.9288793175499231,3.825755266007036e-05,126,1,1,same_source_cyclic_next_latent,False
validation,depablo_low_temp,168,149,8.47247883939417e-06,0.00011536414240254089,0.9265588192054417,5.2956907893531024e-05,126,1,1,same_source_cyclic_next_latent,False
validation,depablo_low_temp,168,175,1.1887364053109195e-05,0.00016040148329921067,0.9258899368721256,7.186424045357853e-05,126,1,1,same_source_cyclic_next_latent,False
validation,depablo_low_temp,168,199,1.52781794895418e-05,0.00020880624651908875,0.9268308312407451,9.246926492778584e-05,126,1,1,same_source_cyclic_next_latent,False
validation,depablo_low_temp,126,0,1.2189680091978516e-06,0.0,,2.4184982976294123e-06,196,1,1,same_source_cyclic_next_latent,False
validation,depablo_low_temp,126,5,1.0152058393941843e-06,9.771910924882832e-08,-9.389020604036634,2.257571168229333e-06,196,1,1,same_source_cyclic_next_latent,False
validation,depablo_low_temp,126,10,8.555070962756872e-07,3.9022279452183284e-07,-1.1923555166068645,2.148289922843105e-06,196,1,1,same_source_cyclic_next_latent,False
validation,depablo_low_temp,126,25,5.983525852570892e-07,2.4379485239478527e-06,0.7545671783552851,2.123178546753479e-06,196,1,1,same_source_cyclic_next_latent,False
validation,depablo_low_temp,126,50,5.839632422066643e-07,9.75643615674926e-06,0.9401458449761194,2.7553662675927626e-06,196,1,1,same_source_cyclic_next_latent,False
validation,depablo_low_temp,126,75,7.817760092621029e-07,2.196334935433697e-05,0.9644054284868109,3.7762761166959535e-06,196,1,1,same_source_cyclic_next_latent,False
validation,depablo_low_temp,126,100,1.0239722314508981e-06,3.906751953763887e-05,0.9737896789054045,4.715656359621789e-06,196,1,1,same_source_cyclic_next_latent,False
validation,depablo_low_temp,126,125,1.242987650584837e-06,6.107550143497065e-05,0.9796483430936986,5.291502475301968e-06,196,1,1,same_source_cyclic_next_latent,False
validation,depablo_low_temp,126,149,1.4669625443275436e-06,8.682875341037288e-05,0.9831051064686563,5.501559826370794e-06,196,1,1,same_source_cyclic_next_latent,False
validation,depablo_low_temp,126,175,1.8665660945771378e-06,0.00011984851153101772,0.9844256213887641,5.590882210526615e-06,196,1,1,same_source_cyclic_next_latent,False
validation,depablo_low_temp,126,199,2.561978362791706e-06,0.00015506899217143655,0.9834784612518839,5.833228897245135e-06,196,1,1,same_source_cyclic_next_latent,False
validation,depablo_low_temp,196,0,1.4792929050599923e-06,0.0,,1.0175195086503663e-07,138,1,1,same_source_cyclic_next_latent,False
validation,depablo_low_temp,196,5,1.2150167094659992e-06,1.034447478787115e-07,-10.745562093598032,8.409480045656892e-08,138,1,1,same_source_cyclic_next_latent,False
validation,depablo_low_temp,196,10,1.0030842076957924e-06,4.144339982303791e-07,-1.4203714270038952,2.1732044785949256e-07,138,1,1,same_source_cyclic_next_latent,False
validation,depablo_low_temp,196,25,6.436101216422685e-07,2.5973602078011027e-06,0.7522060591714609,1.4303020634542918e-06,138,1,1,same_source_cyclic_next_latent,False
validation,depablo_low_temp,196,50,5.522902029042598e-07,1.0403631677036174e-05,0.9469137105148269,5.0740554797812365e-06,138,1,1,same_source_cyclic_next_latent,False
validation,depablo_low_temp,196,75,7.362239671238058e-07,2.342555126233492e-05,0.968571754880853,9.125491487793624e-06,138,1,1,same_source_cyclic_next_latent,False
validation,depablo_low_temp,196,100,1.0783934385472094e-06,4.167108636465855e-05,0.974121302499524,1.385844916512724e-05,138,1,1,same_source_cyclic_next_latent,False
validation,depablo_low_temp,196,125,1.6313863397954265e-06,6.514642882393673e-05,0.9749581616483634,2.0243563994881697e-05,138,1,1,same_source_cyclic_next_latent,False
validation,depablo_low_temp,196,149,2.5204481062246487e-06,9.261621016776189e-05,0.9727861018966422,2.869653508241754e-05,138,1,1,same_source_cyclic_next_latent,False
validation,depablo_low_temp,196,175,4.1308790059702005e-06,0.0001278405252378434,0.9676872494204414,4.003222056780942e-05,138,1,1,same_source_cyclic_next_latent,False
validation,depablo_low_temp,196,199,6.450364253396401e-06,0.00016540929209440947,0.9610036161105461,5.175391197553836e-05,138,1,1,same_source_cyclic_next_latent,False
validation,depablo_low_temp,138,0,2.733160329171369e-07,0.0,,4.5795570713380584e-07,78,1,1,same_source_cyclic_next_latent,False
validation,depablo_low_temp,138,5,1.3669736631527485e-07,1.0271765660263554e-07,-0.3308069015251216,3.611123986502207e-07,78,1,1,same_source_cyclic_next_latent,False
validation,depablo_low_temp,138,10,8.645432814091691e-08,4.321907454141183e-07,0.799962565005695,3.908417625098082e-07,78,1,1,same_source_cyclic_next_latent,False
validation,depablo_low_temp,138,25,4.915555678053352e-07,2.8179315449960995e-06,0.8255615652984163,1.292457341151021e-06,78,1,1,same_source_cyclic_next_latent,False
validation,depablo_low_temp,138,50,1.7660761386650847e-06,1.1502431334520224e-05,0.8464606232106014,5.763557510363171e-06,78,1,1,same_source_cyclic_next_latent,False
validation,depablo_low_temp,138,75,2.5890860797517234e-06,2.6160945708397776e-05,0.9010323973524926,1.4287927115219645e-05,78,1,1,same_source_cyclic_next_latent,False
validation,depablo_low_temp,138,100,3.5170651244698092e-06,4.6891502279322594e-05,0.9249956825115261,2.672765367606189e-05,78,1,1,same_source_cyclic_next_latent,False
validation,depablo_low_temp,138,125,5.030491138313664e-06,7.379020098596811e-05,0.9318271115798932,4.298350904718973e-05,78,1,1,same_source_cyclic_next_latent,False
validation,depablo_low_temp,138,149,7.055429250613088e-06,0.00010551540617598221,0.9331336578580212,6.256337655941024e-05,78,1,1,same_source_cyclic_next_latent,False
validation,depablo_low_temp,138,175,9.579775905876886e-06,0.0001465022942284122,0.9346100622087117,8.899110980564728e-05,78,1,1,same_source_cyclic_next_latent,False
validation,depablo_low_temp,138,199,1.1886808351846412e-05,0.0001905527024064213,0.9376193137030743,0.0001189817558042705,78,1,1,same_source_cyclic_next_latent,False
validation,depablo_low_temp,78,0,2.9790143685204384e-07,0.0,,2.1923881377006182e-06,161,1,1,same_source_cyclic_next_latent,False
validation,depablo_low_temp,78,5,1.7870397073238564e-07,1.066432204765988e-07,-0.6757180619052991,2.0071222479600692e-06,161,1,1,same_source_cyclic_next_latent,False
validation,depablo_low_temp,78,10,1.0896858526621145e-07,4.2946098233187513e-07,0.7462666231643749,1.8847686078515835e-06,161,1,1,same_source_cyclic_next_latent,False
validation,depablo_low_temp,78,25,6.66368080715074e-08,2.696686124181724e-06,0.9752893718427362,1.874230520115816e-06,161,1,1,same_source_cyclic_next_latent,False
validation,depablo_low_temp,78,50,1.4318855789952067e-07,1.080872243619524e-05,0.98675249931296,2.7128050987812458e-06,161,1,1,same_source_cyclic_next_latent,False
validation,depablo_low_temp,78,75,2.7656349743665487e-07,2.434396810713224e-05,0.9886393419421369,4.251888640283141e-06,161,1,1,same_source_cyclic_next_latent,False
validation,depablo_low_temp,78,100,4.6534196940228867e-07,4.330917363404296e-05,0.989255348685838,6.070188192097703e-06,161,1,1,same_source_cyclic_next_latent,False
validation,depablo_low_temp,78,125,6.65472612126905e-07,6.771329935872927e-05,0.9901722022345805,7.776277016091626e-06,161,1,1,same_source_cyclic_next_latent,False
validation,depablo_low_temp,78,149,8.698291935615998e-07,9.626436803955585e-05,0.9909641624281564,9.135966138273943e-06,161,1,1,same_source_cyclic_next_latent,False
validation,depablo_low_temp,78,175,1.2023889439660707e-06,0.00013287020556163043,0.9909506503818243,1.034425076795742e-05,161,1,1,same_source_cyclic_next_latent,False
validation,depablo_low_temp,78,199,1.806582986318972e-06,0.00017190758080687374,0.989490963819981,1.1369222193025053e-05,161,1,1,same_source_cyclic_next_latent,False
validation,lj_noisy,15,0,8.109223870178539e-08,0.0,,2.2225775353490462e-07,79,1,1,same_source_cyclic_next_latent,False
validation,lj_noisy,15,5,4.2005648737131196e-08,9.055690952664008e-08,0.5361408758679651,1.3859582281838811e-07,79,1,1,same_source_cyclic_next_latent,False
validation,lj_noisy,15,10,6.589646517340952e-08,3.651525162240432e-07,0.8195371461360051,1.0755212542790105e-07,79,1,1,same_source_cyclic_next_latent,False
validation,lj_noisy,15,25,4.4797036480304087e-07,2.382581669735373e-06,0.8119811083526065,2.7836370009026723e-07,79,1,1,same_source_cyclic_next_latent,False
validation,lj_noisy,15,50,1.7266900158574572e-06,1.0002500857808627e-05,0.8273741696798269,1.6025928744056728e-06,79,1,1,same_source_cyclic_next_latent,False
validation,lj_noisy,15,75,3.900010597135406e-06,2.3497006623074412e-05,0.8340209602143306,4.9388922889193054e-06,79,1,1,same_source_cyclic_next_latent,False
validation,lj_noisy,15,100,8.164276550814975e-06,4.446260936674662e-05,0.8163788255549167,1.0444010513310786e-05,79,1,1,same_source_cyclic_next_latent,False
validation,lj_noisy,15,125,1.4810795619268902e-05,7.343651668634266e-05,0.7983183804519511,1.7546301023685373e-05,79,1,1,same_source_cyclic_next_latent,False
validation,lj_noisy,15,149,2.122798832715489e-05,0.00010652769560692832,0.8007279871566633,2.3881995730334893e-05,79,1,1,same_source_cyclic_next_latent,False
validation,lj_noisy,15,175,2.8860231395810843e-05,0.00015080551384016871,0.8086261525795511,3.0866885936120525e-05,79,1,1,same_source_cyclic_next_latent,False
validation,lj_noisy,15,199,3.8589962059631944e-05,0.00020307757949922234,0.8099742859118542,3.972198101109825e-05,79,1,1,same_source_cyclic_next_latent,False
validation,lj_noisy,79,0,1.9651513127882936e-07,0.0,,1.033500211633509e-06,75,1,1,same_source_cyclic_next_latent,False
validation,lj_noisy,79,5,1.0059340382895243e-07,1.0333684485885897e-07,0.026548527136217692,8.537386975149275e-07,75,1,1,same_source_cyclic_next_latent,False
validation,lj_noisy,79,10,6.453372947134994e-08,4.55465340110095e-07,0.8583125349214259,6.956464062568557e-07,75,1,1,same_source_cyclic_next_latent,False
validation,lj_noisy,79,25,3.548498739291972e-07,3.182375849064556e-06,0.888495296985897,6.948386044314248e-07,75,1,1,same_source_cyclic_next_latent,False
validation,lj_noisy,79,50,1.6761941878939979e-06,1.3238345673016738e-05,0.8733834098840215,2.049199565590243e-06,75,1,1,same_source_cyclic_next_latent,False
validation,lj_noisy,79,75,4.052185431646649e-06,3.0100934964139014e-05,0.8653800808355537,4.716954208561219e-06,75,1,1,same_source_cyclic_next_latent,False
validation,lj_noisy,79,100,7.407128578051925e-06,5.402554961619899e-05,0.8628958218718246,8.230063031078316e-06,75,1,1,same_source_cyclic_next_latent,False
validation,lj_noisy,79,125,1.1860028280352708e-05,8.518932736478746e-05,0.8607803506938477,1.2669114767049905e-05,75,1,1,same_source_cyclic_next_latent,False
validation,lj_noisy,79,149,1.7463326003053226e-05,0.0001221718266606331,0.8570593034385696,1.797762161004357e-05,75,1,1,same_source_cyclic_next_latent,False
validation,lj_noisy,79,175,2.5370909497723915e-05,0.00017011869931593537,0.8508634876721788,2.528727964090649e-05,75,1,1,same_source_cyclic_next_latent,False
validation,lj_noisy,79,199,3.477183781797066e-05,0.00022137924679555,0.8429309055781392,3.398389890207909e-05,75,1,1,same_source_cyclic_next_latent,False
validation,lj_noisy,75,0,5.966860499029281e-07,0.0,,9.231590070157836e-08,181,1,1,same_source_cyclic_next_latent,False
validation,lj_noisy,75,5,4.2902800601041235e-07,9.145860246917437e-08,-3.6909530041749106,3.153440530923035e-08,181,1,1,same_source_cyclic_next_latent,False
validation,lj_noisy,75,10,3.156789603053767e-07,3.9008332919365785e-07,0.19073967872988218,5.9259146922840955e-08,181,1,1,same_source_cyclic_next_latent,False
validation,lj_noisy,75,25,4.4159344270156e-07,2.6733314371085726e-06,0.8348153032685017,6.991319878579816e-07,181,1,1,same_source_cyclic_next_latent,False
validation,lj_noisy,75,50,1.939861022037803e-06,1.1298255230940413e-05,0.828304372455185,2.9869495392631507e-06,181,1,1,same_source_cyclic_next_latent,False
validation,lj_noisy,75,75,4.833097136724973e-06,2.6090825485880487e-05,0.8147587496094943,6.317733095784206e-06,181,1,1,same_source_cyclic_next_latent,False
validation,lj_noisy,75,100,8.924051144276746e-06,4.721252480521798e-05,0.8109812770849644,1.076830903912196e-05,181,1,1,same_source_cyclic_next_latent,False
validation,lj_noisy,75,125,1.4388304407475516e-05,7.473392179235816e-05,0.8074729110637042,1.6661926565575413e-05,181,1,1,same_source_cyclic_next_latent,False
validation,lj_noisy,75,149,2.0988485630368814e-05,0.00010709988418966532,0.8040288671722569,2.374342511757277e-05,181,1,1,same_source_cyclic_next_latent,False
validation,lj_noisy,75,175,3.0184368370100856e-05,0.00014858660870231688,0.7968567380754131,3.3244847145397216e-05,181,1,1,same_source_cyclic_next_latent,False
validation,lj_noisy,75,199,4.093728421139531e-05,0.00019195048662368208,0.7867299795303325,4.3716427171602845e-05,181,1,1,same_source_cyclic_next_latent,False
validation,lj_noisy,181,0,1.6585524065249047e-07,0.0,,2.0891629048946925e-07,31,1,1,same_source_cyclic_next_latent,False
validation,lj_noisy,181,5,8.113953242627758e-08,8.917994165358323e-08,0.09015939098209291,1.1759976814573747e-07,31,1,1,same_source_cyclic_next_latent,False
validation,lj_noisy,181,10,5.175737527451929e-08,3.5931097386310284e-07,0.8559538142738752,8.011033969523851e-08,31,1,1,same_source_cyclic_next_latent,False
validation,lj_noisy,181,25,2.4403863108091173e-07,2.322475211258279e-06,0.894923041633372,2.250763486699725e-07,31,1,1,same_source_cyclic_next_latent,False
validation,lj_noisy,181,50,1.204708837576618e-06,9.647412298363633e-06,0.8751262203460551,1.2193630709589343e-06,31,1,1,same_source_cyclic_next_latent,False
validation,lj_noisy,181,75,3.1156150726019405e-06,2.220537317043636e-05,0.8596909383738713,3.4833433346648235e-06,31,1,1,same_source_cyclic_next_latent,False
validation,lj_noisy,181,100,6.335548278002534e-06,4.0102699131239206e-05,0.8420169111991949,7.32742819309351e-06,31,1,1,same_source_cyclic_next_latent,False
validation,lj_noisy,181,125,1.1042674486816395e-05,6.356189987855032e-05,0.8262689676061292,1.2950987184012774e-05,31,1,1,same_source_cyclic_next_latent,False
validation,lj_noisy,181,149,1.6992789824143983e-05,9.170166595140472e-05,0.8146948624341357,2.1209834812907502e-05,31,1,1,same_source_cyclic_next_latent,False
validation,lj_noisy,181,175,2.4613365894765593e-05,0.0001289811043534428,0.8091707617317465,4.3723095586756244e-05,31,1,1,same_source_cyclic_next_latent,False
validation,lj_noisy,181,199,3.267320425948128e-05,0.00016955948376562446,0.807305356598961,0.00012843584408983588,31,1,1,same_source_cyclic_next_latent,False
validation,lj_noisy,31,0,1.807269427445135e-07,0.0,,4.083549853817203e-08,142,1,1,same_source_cyclic_next_latent,False
validation,lj_noisy,31,5,8.418371777452194e-08,1.0181967979860929e-07,0.1732077930216417,5.920017187577287e-08,142,1,1,same_source_cyclic_next_latent,False
validation,lj_noisy,31,10,4.803175102097157e-08,4.3096116542074014e-07,0.8885473799615355,1.698551841400331e-07,142,1,1,same_source_cyclic_next_latent,False
validation,lj_noisy,31,25,2.389105588918028e-07,2.8248798571439693e-06,0.9154262938695921,8.637854307380621e-07,142,1,1,same_source_cyclic_next_latent,False
validation,lj_noisy,31,50,9.929298130373354e-07,1.1657663890218828e-05,0.9148260043875139,2.4580331228207797e-06,142,1,1,same_source_cyclic_next_latent,False
validation,lj_noisy,31,75,2.2745191472495208e-06,2.6905094273388386e-05,0.9154613946289261,4.453335805010283e-06,142,1,1,same_source_cyclic_next_latent,False
validation,lj_noisy,31,100,4.515302862273529e-06,4.89304875372909e-05,0.9077200516583382,7.2294255915039685e-06,142,1,1,same_source_cyclic_next_latent,False
validation,lj_noisy,31,125,8.436228199570905e-06,7.90988706285134e-05,0.8933457818988148,1.1951256055908743e-05,142,1,1,same_source_cyclic_next_latent,False
validation,lj_noisy,31,149,1.5690262443968095e-05,0.00011739749606931582,0.8663492581246879,2.0395817045937292e-05,142,1,1,same_source_cyclic_next_latent,False
validation,lj_noisy,31,175,3.644346725195646e-05,0.00017393942107446492,0.7904818411672492,3.833891241811216e-05,142,1,1,same_source_cyclic_next_latent,False
validation,lj_noisy,31,199,0.00011817900667665526,0.00024001374549698085,0.5076156724609682,6.410441710613668e-05,142,1,1,same_source_cyclic_next_latent,False
validation,lj_noisy,142,0,6.160218646300564e-08,0.0,,9.545940571342726e-08,157,1,1,same_source_cyclic_next_latent,False
validation,lj_noisy,142,5,5.757683751994591e-08,9.436170955723355e-08,0.3898283764663715,5.219454735083673e-08,157,1,1,same_source_cyclic_next_latent,False
validation,lj_noisy,142,10,1.1812485212203683e-07,3.835527593309962e-07,0.6920245018493059,5.8938496749760816e-08,157,1,1,same_source_cyclic_next_latent,False
validation,lj_noisy,142,25,5.468894528348756e-07,2.477869657013798e-06,0.7792904678069472,3.070714171826694e-07,157,1,1,same_source_cyclic_next_latent,False
validation,lj_noisy,142,50,1.7863792436401127e-06,1.0261092029395513e-05,0.8259074922510612,1.5175063481365214e-06,157,1,1,same_source_cyclic_next_latent,False
validation,lj_noisy,142,75,4.024860572826583e-06,2.3520789909525774e-05,0.8288807226156746,4.444559181138175e-06,157,1,1,same_source_cyclic_next_latent,False
validation,lj_noisy,142,100,7.80186655902071e-06,4.234289735904895e-05,0.8157455666563308,9.289077752328012e-06,157,1,1,same_source_cyclic_next_latent,False
validation,lj_noisy,142,125,1.2724086445814464e-05,6.57610289636068e-05,0.8065102288339165,1.5091461136762518e-05,157,1,1,same_source_cyclic_next_latent,False
validation,lj_noisy,142,149,1.8431308490107767e-05,9.220665378961712e-05,0.8001086935422093,2.1341531464713626e-05,157,1,1,same_source_cyclic_next_latent,False
validation,lj_noisy,142,175,2.5834006009972654e-05,0.00012604442599695176,0.7950404723918738,2.868267984013073e-05,157,1,1,same_source_cyclic_next_latent,False
validation,lj_noisy,142,199,3.344569995533675e-05,0.0001614613429410383,0.7928563001761338,3.593249130062759e-05,157,1,1,same_source_cyclic_next_latent,False
validation,lj_noisy,157,0,7.145789027163119e-08,0.0,,1.0367809863964794e-06,12,1,1,same_source_cyclic_next_latent,False
validation,lj_noisy,157,5,3.808355586443213e-08,9.083687757538428e-08,0.5807478539448132,9.084554335458961e-07,12,1,1,same_source_cyclic_next_latent,False
validation,lj_noisy,157,10,5.2896723445883254e-08,3.649991242582473e-07,0.8550771222989091,8.347214475179499e-07,12,1,1,same_source_cyclic_next_latent,False
validation,lj_noisy,157,25,2.955773084067914e-07,2.373865527260932e-06,0.8754869199571548,1.056081259775965e-06,12,1,1,same_source_cyclic_next_latent,False
validation,lj_noisy,157,50,1.1822446595033398e-06,9.819269507715944e-06,0.8795995304361148,2.987474545079749e-06,12,1,1,same_source_cyclic_next_latent,False
validation,lj_noisy,157,75,3.1064387258084025e-06,2.2813499526819214e-05,0.863833309652624,6.81883921060944e-06,12,1,1,same_source_cyclic_next_latent,False
validation,lj_noisy,157,100,6.312748610071139e-06,4.15882641391363e-05,0.8482084131005945,1.187562975246692e-05,12,1,1,same_source_cyclic_next_latent,False
validation,lj_noisy,157,125,1.0742529411800206e-05,6.644261884503067e-05,0.8383186936557114,1.804744897526689e-05,12,1,1,same_source_cyclic_next_latent,False
validation,lj_noisy,157,149,1.638931098568719e-05,9.61377882049419e-05,0.8295226955840793,2.5271549020544626e-05,12,1,1,same_source_cyclic_next_latent,False
validation,lj_noisy,157,175,2.3480981326429173e-05,0.00013357444549910724,0.8242105274052131,3.426932744332589e-05,12,1,1,same_source_cyclic_next_latent,False
validation,lj_noisy,157,199,3.1819985451875255e-05,0.0001735624682623893,0.8166655166267269,4.488813647185452e-05,12,1,1,same_source_cyclic_next_latent,False
validation,lj_noisy,12,0,4.79391587759892e-07,0.0,,9.60427612994863e-08,152,1,1,same_source_cyclic_next_latent,False
validation,lj_noisy,12,5,2.9882005492254393e-07,1.0223686786048347e-07,-1.922820907721134,2.8788235795218498e-08,152,1,1,same_source_cyclic_next_latent,False
validation,lj_noisy,12,10,1.9795758987584122e-07,4.424935866609303e-07,0.5526317310729065,6.268677310572457e-08,152,1,1,same_source_cyclic_next_latent,False
validation,lj_noisy,12,25,6.098661060605082e-07,3.1844713248574408e-06,0.8084874869809637,8.879515576154517e-07,152,1,1,same_source_cyclic_next_latent,False
validation,lj_noisy,12,50,3.54379494638124e-06,1.4166832443152089e-05,0.7498526956818616,4.445804734132253e-06,152,1,1,same_source_cyclic_next_latent,False
validation,lj_noisy,12,75,9.0054909378523e-06,3.3046842872863635e-05,0.7274931535064384,1.0428861060063355e-05,152,1,1,same_source_cyclic_next_latent,False
validation,lj_noisy,12,100,1.509104640717851e-05,5.7156557886628434e-05,0.7359699925052869,1.7058482626453042e-05,152,1,1,same_source_cyclic_next_latent,False
validation,lj_noisy,12,125,2.2765201720176265e-05,8.803003584034741e-05,0.7413927927796875,2.5753399313543923e-05,152,1,1,same_source_cyclic_next_latent,False
validation,lj_noisy,12,149,3.1755924283061177e-05,0.00012419970880728215,0.7443156301410004,3.618585833464749e-05,152,1,1,same_source_cyclic_next_latent,False
validation,lj_noisy,12,175,4.165750215179287e-05,0.00016892341955099255,0.7533941577637918,4.803449337487109e-05,152,1,1,same_source_cyclic_next_latent,False
validation,lj_noisy,12,199,5.032034823670983e-05,0.00021583693160209805,0.7668594162120645,5.8830835769185796e-05,152,1,1,same_source_cyclic_next_latent,False
validation,lj_noisy,152,0,1.7990406320222974e-07,0.0,,1.9142450469189498e-07,29,1,1,same_source_cyclic_next_latent,False
validation,lj_noisy,152,5,8.505829640625961e-08,9.695842351220563e-08,0.12273432957011687,8.13540879107677e-08,29,1,1,same_source_cyclic_next_latent,False
validation,lj_noisy,152,10,5.1568544989777365e-08,4.1400659256396466e-07,0.8754402806235266,4.647690232673085e-08,29,1,1,same_source_cyclic_next_latent,False
validation,lj_noisy,152,25,2.6896651661445503e-07,2.7664339086186374e-06,0.9027750072841039,3.6199321584717836e-07,29,1,1,same_source_cyclic_next_latent,False
validation,lj_noisy,152,50,1.2622319900401635e-06,1.1517513485159725e-05,0.8904075960782208,1.724031108096824e-06,29,1,1,same_source_cyclic_next_latent,False
validation,lj_noisy,152,75,3.0654616693936987e-06,2.6382193027529866e-05,0.8838056538288958,3.846696017717477e-06,29,1,1,same_source_cyclic_next_latent,False
validation,lj_noisy,152,100,5.715084171242779e-06,4.726915722130798e-05,0.8790948578904103,6.84614587953547e-06,29,1,1,same_source_cyclic_next_latent,False
validation,lj_noisy,152,125,8.934716788644437e-06,7.386328070424497e-05,0.8790370979537204,1.0753214155556634e-05,29,1,1,same_source_cyclic_next_latent,False
validation,lj_noisy,152,149,1.2628984222828876e-05,0.0001050939827109687,0.8798315193976297,1.5800005712662823e-05,29,1,1,same_source_cyclic_next_latent,False
validation,lj_noisy,152,175,1.739423896651715e-05,0.00014509294123854488,0.8801165734319247,2.300281630596146e-05,29,1,1,same_source_cyclic_next_latent,False
validation,lj_noisy,152,199,2.295055310241878e-05,0.00018777258810587227,0.8777747415960496,3.1699761166237295e-05,29,1,1,same_source_cyclic_next_latent,False
validation,lj_noisy,29,0,2.2920637832157809e-07,0.0,,8.796879455985618e-07,95,1,1,same_source_cyclic_next_latent,False
validation,lj_noisy,29,5,1.1267191979413838e-07,9.255531097096537e-08,-0.21734688817029202,7.294357828868669e-07,95,1,1,same_source_cyclic_next_latent,False
validation,lj_noisy,29,10,6.077876690824269e-08,3.9399358797709283e-07,0.8457366597758529,6.100528935348848e-07,95,1,1,same_source_cyclic_next_latent,False
validation,lj_noisy,29,25,2.7558596116250555e-07,2.62467051470594e-06,0.8950016927388003,5.83265432396729e-07,95,1,1,same_source_cyclic_next_latent,False
validation,lj_noisy,29,50,1.2823750239476794e-06,1.0715701137087308e-05,0.880327473905618,1.5062975080581964e-06,95,1,1,same_source_cyclic_next_latent,False
validation,lj_noisy,29,75,3.013386731254286e-06,2.4163142370525748e-05,0.8752899484245054,3.877103154081851e-06,95,1,1,same_source_cyclic_next_latent,False
validation,lj_noisy,29,100,5.850716206623474e-06,4.288870331947692e-05,0.8635837469125232,7.874531547713559e-06,95,1,1,same_source_cyclic_next_latent,False
validation,lj_noisy,29,125,9.884410246741027e-06,6.650677823927253e-05,0.8513774007939503,1.3195659448683728e-05,95,1,1,same_source_cyclic_next_latent,False
validation,lj_noisy,29,149,1.5000802704889793e-05,9.352853521704674e-05,0.8396125559961115,1.9372504539205693e-05,95,1,1,same_source_cyclic_next_latent,False
validation,lj_noisy,29,175,2.2234236894291826e-05,0.00012778700329363346,0.8260054910028587,2.741156094998587e-05,95,1,1,same_source_cyclic_next_latent,False
validation,lj_noisy,29,199,3.065195051021874e-05,0.0001640301925363019,0.813132265247844,3.6392015317687765e-05,95,1,1,same_source_cyclic_next_latent,False
validation,lj_noisy,95,0,5.161742251402757e-07,0.0,,6.141170416640307e-08,183,1,1,same_source_cyclic_next_latent,False
validation,lj_noisy,95,5,3.50535600546209e-07,9.315184712477276e-08,-2.763055820854332,2.6826054266848587e-08,183,1,1,same_source_cyclic_next_latent,False
validation,lj_noisy,95,10,2.2541121325048152e-07,4.062233927015768e-07,0.44510528615451994,7.574271876364946e-08,183,1,1,same_source_cyclic_next_latent,False
validation,lj_noisy,95,25,2.833954226844071e-07,2.82183304989303e-06,0.8995704502450454,7.34360412479873e-07,183,1,1,same_source_cyclic_next_latent,False
validation,lj_noisy,95,50,1.8162021433454356e-06,1.2093249097233638e-05,0.8498168582535113,3.262728569097817e-06,183,1,1,same_source_cyclic_next_latent,False
validation,lj_noisy,95,75,5.2183868319843896e-06,2.8183430913486518e-05,0.8148420308370883,7.588470907649025e-06,183,1,1,same_source_cyclic_next_latent,False
validation,lj_noisy,95,100,1.0956329788314179e-05,5.138449341757223e-05,0.7867775069946027,1.4222793652152177e-05,183,1,1,same_source_cyclic_next_latent,False
validation,lj_noisy,95,125,1.86858706001658e-05,8.035653445404023e-05,0.7674629608267496,2.27312084462028e-05,183,1,1,same_source_cyclic_next_latent,False
validation,lj_noisy,95,149,2.9992499548825435e-05,0.00011559575068531558,0.7405397744206573,3.504604319459759e-05,183,1,1,same_source_cyclic_next_latent,False
validation,lj_noisy,95,175,4.771052044816315e-05,0.00016214206698350608,0.7057486601979948,5.4399883083533496e-05,183,1,1,same_source_cyclic_next_latent,False
validation,lj_noisy,95,199,6.91623572492972e-05,0.00021282926900312304,0.6750336193266617,7.80108748585917e-05,183,1,1,same_source_cyclic_next_latent,False
validation,lj_noisy,183,0,1.254881993872914e-07,0.0,,5.309253765517497e-07,147,1,1,same_source_cyclic_next_latent,False
validation,lj_noisy,183,5,6.478720138147764e-08,9.035466774776069e-08,0.2829678532785783,4.3754900502790406e-07,147,1,1,same_source_cyclic_next_latent,False
validation,lj_noisy,183,10,5.191139607063633e-08,3.734352276296704e-07,0.8609895579478752,3.9114331684686476e-07,147,1,1,same_source_cyclic_next_latent,False
validation,lj_noisy,183,25,2.48110694656134e-07,2.431817392789526e-06,0.8979731391872613,6.131679128884571e-07,147,1,1,same_source_cyclic_next_latent,False
validation,lj_noisy,183,50,1.2115339131923974e-06,1.0205611033597961e-05,0.881287469294695,2.3868085463618627e-06,147,1,1,same_source_cyclic_next_latent,False
validation,lj_noisy,183,75,3.3008789159794105e-06,2.3695167328696698e-05,0.8606940026972594,6.04072056376026e-06,147,1,1,same_source_cyclic_next_latent,False
validation,lj_noisy,183,100,6.918659437360475e-06,4.307867129682563e-05,0.8393947810114957,1.111452638724586e-05,147,1,1,same_source_cyclic_next_latent,False
validation,lj_noisy,183,125,1.1099318726337515e-05,6.872970698168501e-05,0.8385076961073725,1.5844399968045764e-05,147,1,1,same_source_cyclic_next_latent,False
validation,lj_noisy,183,149,1.5564912246190943e-05,9.890592627925798e-05,0.842629124141218,2.0065423086634837e-05,147,1,1,same_source_cyclic_next_latent,False
validation,lj_noisy,183,175,2.1237055989331566e-05,0.00013746204786002636,0.8455060409768036,2.4823160856612958e-05,147,1,1,same_source_cyclic_next_latent,False
validation,lj_noisy,183,199,2.816101368807722e-05,0.00017979549011215568,0.8433719685042684,3.0348021027748473e-05,147,1,1,same_source_cyclic_next_latent,False
validation,lj_noisy,147,0,3.1557385682390304e-07,0.0,,4.724849134163378e-08,43,1,1,same_source_cyclic_next_latent,False
validation,lj_noisy,147,5,1.9328334133206226e-07,1.0630814983869641e-07,-0.8181422743725213,3.305199669512149e-08,43,1,1,same_source_cyclic_next_latent,False
validation,lj_noisy,147,10,1.3901633622026566e-07,4.434336347003409e-07,0.6865002441364001,1.0643626779938131e-07,43,1,1,same_source_cyclic_next_latent,False
validation,lj_noisy,147,25,3.472989931196935e-07,2.912094714702107e-06,0.8807391149174142,6.965202601350029e-07,43,1,1,same_source_cyclic_next_latent,False
validation,lj_noisy,147,50,1.5901666756690247e-06,1.199792586703552e-05,0.8674632021157898,2.3007630716165295e-06,43,1,1,same_source_cyclic_next_latent,False
validation,lj_noisy,147,75,3.807591383520048e-06,2.7232879801886156e-05,0.8601840344752547,4.499469469010364e-06,43,1,1,same_source_cyclic_next_latent,False
validation,lj_noisy,147,100,6.976984423090471e-06,4.869244003202766e-05,0.8567131895936755,7.634877874806989e-06,43,1,1,same_source_cyclic_next_latent,False
validation,lj_noisy,147,125,1.1134973647131119e-05,7.65042204875499e-05,0.8544528187311811,1.1898873708560131e-05,43,1,1,same_source_cyclic_next_latent,False
validation,lj_noisy,147,149,1.6148689610417932e-05,0.00010965059482259676,0.8527259278753131,1.7140228010248393e-05,43,1,1,same_source_cyclic_next_latent,False
validation,lj_noisy,147,175,2.345810571569018e-05,0.00015283728134818375,0.8465158140162838,2.4844690415193327e-05,43,1,1,same_source_cyclic_next_latent,False
validation,lj_noisy,147,199,3.279845986980945e-05,0.00019974987662862986,0.8358023523048901,3.483660475467332e-05,43,1,1,same_source_cyclic_next_latent,False
validation,lj_noisy,43,0,6.626968485079487e-08,0.0,,2.3502435908540065e-07,13,1,1,same_source_cyclic_next_latent,False
validation,lj_noisy,43,5,3.2595320220707436e-08,9.6270760252537e-08,0.6614203509434895,1.4056844577226002e-07,13,1,1,same_source_cyclic_next_latent,False
validation,lj_noisy,43,10,6.010727560123996e-08,4.102923867321806e-07,0.8535013625771342,1.1164689084353085e-07,13,1,1,same_source_cyclic_next_latent,False
validation,lj_noisy,43,25,3.9892123027129855e-07,2.796049102471443e-06,0.8573268152126907,3.898773286437063e-07,13,1,1,same_source_cyclic_next_latent,False
validation,lj_noisy,43,50,1.4223980997485342e-06,1.1718565474438947e-05,0.8786201175518341,1.7353033854305977e-06,13,1,1,same_source_cyclic_next_latent,False
validation,lj_noisy,43,75,3.2933280635916162e-06,2.693894930416718e-05,0.8777484590654703,4.096582870261045e-06,13,1,1,same_source_cyclic_next_latent,False
validation,lj_noisy,43,100,6.1327209550654516e-06,4.813013947568834e-05,0.8725804449795282,7.4707700150611345e-06,13,1,1,same_source_cyclic_next_latent,False
validation,lj_noisy,43,125,1.0143462532141712e-05,7.53487111069262e-05,0.865379747269369,1.2140766557422467e-05,13,1,1,same_source_cyclic_next_latent,False
validation,lj_noisy,43,149,1.5240129869198427e-05,0.00010748124623205513,0.858206613679427,1.8224531231680885e-05,13,1,1,same_source_cyclic_next_latent,False
validation,lj_noisy,43,175,2.2092262952355668e-05,0.00014898361405357718,0.8517134713592671,2.688202766876202e-05,13,1,1,same_source_cyclic_next_latent,False
validation,lj_noisy,43,199,3.0320175937958993e-05,0.00019355223048478365,0.8433488683544639,3.7218222132651135e-05,13,1,1,same_source_cyclic_next_latent,False
validation,lj_noisy,13,0,2.3620121680778539e-07,0.0,,1.4360284694703296e-07,40,1,1,same_source_cyclic_next_latent,False
validation,lj_noisy,13,5,1.396926165853074e-07,9.281463064780837e-08,-0.5050710821161466,6.460235368876965e-08,40,1,1,same_source_cyclic_next_latent,False
validation,lj_noisy,13,10,9.796583810839365e-08,3.781031523431011e-07,0.7409018213646186,5.3731099569631624e-08,40,1,1,same_source_cyclic_next_latent,False
validation,lj_noisy,13,25,2.2314802095024788e-07,2.410028173471801e-06,0.9074085426027245,3.6826526184086106e-07,40,1,1,same_source_cyclic_next_latent,False
validation,lj_noisy,13,50,1.0085382200486492e-06,9.818084436119534e-06,0.8972774957670602,1.5289608654711628e-06,40,1,1,same_source_cyclic_next_latent,False
validation,lj_noisy,13,75,2.6178295229328796e-06,2.2434529455495067e-05,0.8833124836370627,3.184251909260638e-06,40,1,1,same_source_cyclic_next_latent,False
validation,lj_noisy,13,100,5.20406456416822e-06,4.0286795410793275e-05,0.8708245589875339,5.604178568319185e-06,40,1,1,same_source_cyclic_next_latent,False
validation,lj_noisy,13,125,8.808387974568177e-06,6.321443652268499e-05,0.8606586017514019,9.084436896955594e-06,40,1,1,same_source_cyclic_next_latent,False
validation,lj_noisy,13,149,1.3736826986132655e-05,8.989958587335423e-05,0.8471981060570806,1.3911228961660527e-05,40,1,1,same_source_cyclic_next_latent,False
validation,lj_noisy,13,175,2.2623329641646706e-05,0.00012564916687551886,0.8199484309827558,2.2666376025881618e-05,40,1,1,same_source_cyclic_next_latent,False
validation,lj_noisy,13,199,3.303762059658766e-05,0.00016380345914512873,0.7983093838859865,3.291931716375984e-05,40,1,1,same_source_cyclic_next_latent,False
validation,lj_noisy,40,0,1.2506583857430087e-07,0.0,,2.002556584557169e-06,132,1,1,same_source_cyclic_next_latent,False
validation,lj_noisy,40,5,4.9391630341233395e-08,9.645786747114471e-08,0.4879460676858851,1.935060254254495e-06,132,1,1,same_source_cyclic_next_latent,False
validation,lj_noisy,40,10,5.243691703071818e-08,4.1816244333858776e-07,0.874601562464423,1.8842903273252887e-06,132,1,1,same_source_cyclic_next_latent,False
validation,lj_noisy,40,25,6.265190108933893e-07,2.9362895475060213e-06,0.7866290089049521,2.2398510282073403e-06,132,1,1,same_source_cyclic_next_latent,False
validation,lj_noisy,40,50,2.9338145850488218e-06,1.2648867595999036e-05,0.7680571353298997,4.3002119127777405e-06,132,1,1,same_source_cyclic_next_latent,False
validation,lj_noisy,40,75,6.384405878634425e-06,2.9483269827323966e-05,0.7834566547053203,8.223215445468668e-06,132,1,1,same_source_cyclic_next_latent,False
validation,lj_noisy,40,100,1.154062101704767e-05,5.388597855926491e-05,0.7858325797247041,1.457629150536377e-05,132,1,1,same_source_cyclic_next_latent,False
validation,lj_noisy,40,125,1.8538839867687784e-05,8.557874389225617e-05,0.7833709747945328,2.3209237042465247e-05,132,1,1,same_source_cyclic_next_latent,False
validation,lj_noisy,40,149,2.673349081305787e-05,0.00012253261229489,0.781825504962545,3.2884086976991966e-05,132,1,1,same_source_cyclic_next_latent,False
validation,lj_noisy,40,175,3.8196201785467565e-05,0.0001704702153801918,0.7759362144273687,4.7757686843397096e-05,132,1,1,same_source_cyclic_next_latent,False
validation,lj_noisy,40,199,5.1808179705403745e-05,0.0002223484916612506,0.766995587339833,6.70342706143856e-05,132,1,1,same_source_cyclic_next_latent,False
validation,lj_noisy,132,0,1.3038296629019896e-06,0.0,,4.822896926270914e-08,61,1,1,same_source_cyclic_next_latent,False
validation,lj_noisy,132,5,1.117357669500052e-06,1.029204241831394e-07,-9.856520252110458,3.6929222346770985e-08,61,1,1,same_source_cyclic_next_latent,False
validation,lj_noisy,132,10,9.63794832387066e-07,4.4125229692326684e-07,-1.1842262105089247,1.3423368727671914e-07,61,1,1,same_source_cyclic_next_latent,False
validation,lj_noisy,132,25,9.590365834810655e-07,3.067184479732532e-06,0.6873234753832946,1.0361675322201336e-06,61,1,1,same_source_cyclic_next_latent,False
validation,lj_noisy,132,50,2.614739514683606e-06,1.3521135770133696e-05,0.8066183522497273,4.110572717763716e-06,61,1,1,same_source_cyclic_next_latent,False
validation,lj_noisy,132,75,6.687926997983595e-06,3.2666182960383594e-05,0.7952645092910158,9.253769349015784e-06,61,1,1,same_source_cyclic_next_latent,False
validation,lj_noisy,132,100,1.3853468772140332e-05,6.118311284808442e-05,0.7735736524792711,1.7313434000243433e-05,61,1,1,same_source_cyclic_next_latent,False
validation,lj_noisy,132,125,2.6146772142965347e-05,0.00010149922309210524,0.7423943617850304,3.0760198569623753e-05,61,1,1,same_source_cyclic_next_latent,False
validation,lj_noisy,132,149,4.253872248227708e-05,0.00015093496767804027,0.7181652261454978,4.8484322178410366e-05,61,1,1,same_source_cyclic_next_latent,False
validation,lj_noisy,132,175,6.402574945241213e-05,0.0002120805875165388,0.6981065065777452,7.07040453562513e-05,61,1,1,same_source_cyclic_next_latent,False
validation,lj_noisy,132,199,8.217849972425029e-05,0.0002682431077118963,0.6936417102186527,8.86279231053777e-05,61,1,1,same_source_cyclic_next_latent,False
validation,lj_noisy,61,0,8.671219831057897e-08,0.0,,7.517746780649759e-07,188,1,1,same_source_cyclic_next_latent,False
validation,lj_noisy,61,5,4.152167676352292e-08,9.96304834188777e-08,0.5832432470597095,5.946840815340693e-07,188,1,1,same_source_cyclic_next_latent,False
validation,lj_noisy,61,10,5.908989919589658e-08,4.162667153195798e-07,0.8580479845703455,4.934574917569989e-07,188,1,1,same_source_cyclic_next_latent,False
validation,lj_noisy,61,25,3.37875576406077e-07,2.741091520874761e-06,0.8767368495969623,5.703826104763721e-07,188,1,1,same_source_cyclic_next_latent,False
validation,lj_noisy,61,50,1.0493700983715826e-06,1.1338017429807223e-05,0.9074467732239653,1.986658389796503e-06,188,1,1,same_source_cyclic_next_latent,False
validation,lj_noisy,61,75,2.3228838017530506e-06,2.6031604647869244e-05,0.9107667839468673,4.837945652980125e-06,188,1,1,same_source_cyclic_next_latent,False
validation,lj_noisy,61,100,4.582097517413786e-06,4.705508763436228e-05,0.9026226971880575,8.483088095090352e-06,188,1,1,same_source_cyclic_next_latent,False
validation,lj_noisy,61,125,7.678856491111219e-06,7.433142309309915e-05,0.8966943430977562,1.2401631465763785e-05,188,1,1,same_source_cyclic_next_latent,False
validation,lj_noisy,61,149,1.12506941150059e-05,0.00010632432531565428,0.8941851351362449,1.6299236449413e-05,188,1,1,same_source_cyclic_next_latent,False
validation,lj_noisy,61,175,1.5793444617884234e-05,0.0001481663784943521,0.8934073655685236,2.0785762899322435e-05,188,1,1,same_source_cyclic_next_latent,False
validation,lj_noisy,61,199,2.1448198822326958e-05,0.00019447802333161235,0.8897140229271316,2.6544985303189605e-05,188,1,1,same_source_cyclic_next_latent,False
validation,lj_noisy,188,0,3.7649002138095966e-07,0.0,,7.430018058585119e-07,67,1,1,same_source_cyclic_next_latent,False
validation,lj_noisy,188,5,2.3403298143875872e-07,9.160689984355486e-08,-1.554752773409398,5.72841088342102e-07,67,1,1,same_source_cyclic_next_latent,False
validation,lj_noisy,188,10,1.640367059962955e-07,3.833892776583525e-07,0.5721406008060752,4.6013315113668796e-07,67,1,1,same_source_cyclic_next_latent,False
validation,lj_noisy,188,25,3.8757937659283925e-07,2.6204288587905467e-06,0.8520931505953091,5.472655857374775e-07,67,1,1,same_source_cyclic_next_latent,False
validation,lj_noisy,188,50,1.7938898508873535e-06,1.1088137398473918e-05,0.8382154020625456,1.9120489014312625e-06,67,1,1,same_source_cyclic_next_latent,False
validation,lj_noisy,188,75,4.513019121077377e-06,2.5567558623151854e-05,0.8234865053955225,4.689987235906301e-06,67,1,1,same_source_cyclic_next_latent,False
validation,lj_noisy,188,100,8.474045898765326e-06,4.645999797503464e-05,0.8176055473932894,8.773382432991639e-06,67,1,1,same_source_cyclic_next_latent,False
validation,lj_noisy,188,125,1.370502923236927e-05,7.364279736066237e-05,0.8138985790389046,1.426316794095328e-05,67,1,1,same_source_cyclic_next_latent,False
validation,lj_noisy,188,149,1.9846647774102166e-05,0.00010572637256700546,0.8122829026265505,2.0847777705057524e-05,67,1,1,same_source_cyclic_next_latent,False
validation,lj_noisy,188,175,2.822377427946776e-05,0.00014696051948703825,0.8079499556889014,2.980965655297041e-05,67,1,1,same_source_cyclic_next_latent,False
validation,lj_noisy,188,199,3.834102244582027e-05,0.00019167976279277354,0.7999735502215168,4.0290971810463816e-05,67,1,1,same_source_cyclic_next_latent,False
validation,lj_noisy,67,0,9.688910722616129e-07,0.0,,7.794627521207076e-08,15,1,1,same_source_cyclic_next_latent,False
validation,lj_noisy,67,5,8.068696502050443e-07,8.974264886774108e-08,-7.990927506432028,3.774527002065042e-08,15,1,1,same_source_cyclic_next_latent,False
validation,lj_noisy,67,10,6.898205811012303e-07,3.756259161491471e-07,-0.8364563025180836,7.222929099270914e-08,15,1,1,same_source_cyclic_next_latent,False
validation,lj_noisy,67,25,6.448532872127544e-07,2.4605394628451904e-06,0.7379219894863656,5.441970074571145e-07,15,1,1,same_source_cyclic_next_latent,False
validation,lj_noisy,67,50,1.469922722208139e-06,1.0304262104909867e-05,0.8573480849727476,2.0239981495251413e-06,15,1,1,same_source_cyclic_next_latent,False
validation,lj_noisy,67,75,3.383899866093998e-06,2.4312985260621645e-05,0.8608192359012898,4.178390554443467e-06,15,1,1,same_source_cyclic_next_latent,False
validation,lj_noisy,67,100,6.158724772831192e-06,4.4734984840033576e-05,0.8623286719587817,6.907532224431634e-06,15,1,1,same_source_cyclic_next_latent,False
validation,lj_noisy,67,125,9.755219252838288e-06,7.140247180359438e-05,0.8633770091367171,1.0409053174953442e-05,15,1,1,same_source_cyclic_next_latent,False
validation,lj_noisy,67,149,1.4032853869139217e-05,0.0001028560582199134,0.8635680375857298,1.4856988855171949e-05,15,1,1,same_source_cyclic_next_latent,False
validation,lj_noisy,67,175,1.9755118046305142e-05,0.0001433728903066367,0.8622116217085798,2.1068051864858717e-05,15,1,1,same_source_cyclic_next_latent,False
validation,lj_noisy,67,199,2.631570168887265e-05,0.00018682236259337515,0.8591405154951947,2.8485043003456667e-05,15,1,1,same_source_cyclic_next_latent,False
mixed_transfer,depablo_mixed_temp,268,0,2.869444131192722e-07,0.0,,3.3672752124402905e-06,161,1,1,same_source_cyclic_next_latent,True
mixed_transfer,depablo_mixed_temp,268,5,8.511112537235022e-05,4.713676025858149e-05,-0.8056210249802922,8.435011113760993e-05,161,1,1,same_source_cyclic_next_latent,True
mixed_transfer,depablo_mixed_temp,268,10,0.00010329157521482557,5.8645240642363206e-05,-0.7612951039749245,0.00011949153849855065,161,1,1,same_source_cyclic_next_latent,True
mixed_transfer,depablo_mixed_temp,268,25,0.00011133311636513099,5.51444391021505e-05,-1.0189364182106493,6.351210322463885e-05,161,1,1,same_source_cyclic_next_latent,True
mixed_transfer,depablo_mixed_temp,268,50,0.00013318343553692102,6.742466939613223e-05,-0.9752923778453262,0.00012569142563734204,161,1,1,same_source_cyclic_next_latent,True
mixed_transfer,depablo_mixed_temp,268,75,9.81242919806391e-05,7.959867070894688e-05,-0.2327378222110177,0.00010891496640397236,161,1,1,same_source_cyclic_next_latent,True
mixed_transfer,depablo_mixed_temp,268,100,8.8478896941524e-05,9.612221765564755e-05,0.07951669135959094,0.00013888625835534185,161,1,1,same_source_cyclic_next_latent,True
mixed_transfer,depablo_mixed_temp,268,125,8.795170288067311e-05,0.00013924895029049367,0.36838516414527367,0.00013641253462992609,161,1,1,same_source_cyclic_next_latent,True
mixed_transfer,depablo_mixed_temp,268,149,0.0001180204126285389,0.00013940916687715799,0.15342430291880327,0.00017021926760207862,161,1,1,same_source_cyclic_next_latent,True
mixed_transfer,depablo_mixed_temp,268,175,0.00010091025615110993,0.00018091170932166278,0.442212687451366,0.00018951893434859812,161,1,1,same_source_cyclic_next_latent,True
mixed_transfer,depablo_mixed_temp,268,199,0.00015708299179095775,0.00022531113063450903,0.3028174358337774,0.0002382892998866737,161,1,1,same_source_cyclic_next_latent,True
mixed_transfer,depablo_mixed_temp,161,0,9.006138839140476e-07,0.0,,1.4303764146461617e-06,47,1,1,same_source_cyclic_next_latent,True
mixed_transfer,depablo_mixed_temp,161,5,2.636068529682234e-05,2.0224346371833235e-05,-0.3034134607947221,1.964637340279296e-05,47,1,1,same_source_cyclic_next_latent,True
mixed_transfer,depablo_mixed_temp,161,10,3.103470226051286e-05,2.2510845155920833e-05,-0.37865557892436885,2.0910481907776557e-05,47,1,1,same_source_cyclic_next_latent,True
mixed_transfer,depablo_mixed_temp,161,25,2.0248184227966703e-05,2.079022306133993e-05,0.02607181422604188,2.039997161773499e-05,47,1,1,same_source_cyclic_next_latent,True
mixed_transfer,depablo_mixed_temp,161,50,4.669103509513661e-05,4.2505580495344475e-05,-0.09846835523750963,3.2518386433366686e-05,47,1,1,same_source_cyclic_next_latent,True
mixed_transfer,depablo_mixed_temp,161,75,2.5609742806409486e-05,4.9270100134890527e-05,0.48021735827011247,2.1772530089947395e-05,47,1,1,same_source_cyclic_next_latent,True
mixed_transfer,depablo_mixed_temp,161,100,2.9688548238482326e-05,7.182943227235228e-05,0.5866798984862688,2.7766905986936763e-05,47,1,1,same_source_cyclic_next_latent,True
mixed_transfer,depablo_mixed_temp,161,125,3.447389099164866e-05,9.014578245114535e-05,0.6175762187173666,3.076379289268516e-05,47,1,1,same_source_cyclic_next_latent,True
mixed_transfer,depablo_mixed_temp,161,149,2.4380300601478666e-05,0.0001271728688152507,0.8082900792550576,2.7344300178810954e-05,47,1,1,same_source_cyclic_next_latent,True
mixed_transfer,depablo_mixed_temp,161,175,2.7363994377083145e-05,0.00017018135986290872,0.8392068649637864,3.070766615564935e-05,47,1,1,same_source_cyclic_next_latent,True
mixed_transfer,depablo_mixed_temp,161,199,2.776732071652077e-05,0.0001962430396815762,0.8585054493572052,3.2139716495294124e-05,47,1,1,same_source_cyclic_next_latent,True
mixed_transfer,depablo_mixed_temp,47,0,1.6111282548081363e-06,0.0,,3.874475140719369e-08,191,1,1,same_source_cyclic_next_latent,True
mixed_transfer,depablo_mixed_temp,47,5,1.6183906836886308e-06,2.6881184567173477e-07,-5.0205333572426065,2.266886980351046e-07,191,1,1,same_source_cyclic_next_latent,True
mixed_transfer,depablo_mixed_temp,47,10,1.311172241003078e-06,5.738165782531723e-07,-1.285002369563081,3.2943100336524367e-07,191,1,1,same_source_cyclic_next_latent,True
mixed_transfer,depablo_mixed_temp,47,25,7.920950224615808e-07,2.950489943032153e-06,0.7315377995670908,2.370680249441648e-06,191,1,1,same_source_cyclic_next_latent,True
mixed_transfer,depablo_mixed_temp,47,50,8.219426490541082e-07,1.030835755955195e-05,0.9202644413229072,2.9319435270735994e-06,191,1,1,same_source_cyclic_next_latent,True
mixed_transfer,depablo_mixed_temp,47,75,8.861593414621893e-07,2.303583823959343e-05,0.9615312743454206,5.2466925808403175e-06,191,1,1,same_source_cyclic_next_latent,True
mixed_transfer,depablo_mixed_temp,47,100,1.536673039481684e-06,4.1095041524386033e-05,0.9626068503040734,6.87904912410886e-06,191,1,1,same_source_cyclic_next_latent,True
mixed_transfer,depablo_mixed_temp,47,125,2.0083305116713746e-06,6.353035132633522e-05,0.9683878576185543,6.919144652783871e-06,191,1,1,same_source_cyclic_next_latent,True
mixed_transfer,depablo_mixed_temp,47,149,2.458427161400323e-06,9.000220597954467e-05,0.9726848121705032,8.819851245789323e-06,191,1,1,same_source_cyclic_next_latent,True
mixed_transfer,depablo_mixed_temp,47,175,3.586807451938512e-06,0.00012707475980278105,0.9717740371297557,1.3340025361685548e-05,191,1,1,same_source_cyclic_next_latent,True
mixed_transfer,depablo_mixed_temp,47,199,4.9689720071910415e-06,0.00016195152420550585,0.9693181522584144,1.7759022739483044e-05,191,1,1,same_source_cyclic_next_latent,True
mixed_transfer,depablo_mixed_temp,191,0,7.561625636753888e-08,0.0,,3.320337782497518e-07,242,1,1,same_source_cyclic_next_latent,True
mixed_transfer,depablo_mixed_temp,191,5,7.4353829404572025e-06,7.1508447945234366e-06,-0.039790843475121074,8.581420843256637e-06,242,1,1,same_source_cyclic_next_latent,True
mixed_transfer,depablo_mixed_temp,191,10,1.0861886039492674e-05,1.1249665476498194e-05,0.034470308278555906,1.4339591871248558e-05,242,1,1,same_source_cyclic_next_latent,True
mixed_transfer,depablo_mixed_temp,191,25,1.048322519636713e-05,1.134495687438175e-05,0.07595724581029595,2.9309765523066744e-05,242,1,1,same_source_cyclic_next_latent,True
mixed_transfer,depablo_mixed_temp,191,50,1.1498079402372241e-05,2.3212682208395563e-05,0.504663903156628,1.6309426428051665e-05,242,1,1,same_source_cyclic_next_latent,True
mixed_transfer,depablo_mixed_temp,191,75,1.1533347787917592e-05,3.4925145882880315e-05,0.6697695171669695,6.666778062935919e-05,242,1,1,same_source_cyclic_next_latent,True
mixed_transfer,depablo_mixed_temp,191,100,1.1132244253531098e-05,5.758188126492314e-05,0.8066710567806253,4.968628491042182e-05,242,1,1,same_source_cyclic_next_latent,True
mixed_transfer,depablo_mixed_temp,191,125,1.1796077160397545e-05,7.634270150447264e-05,0.8454852012316272,3.363488212926313e-05,242,1,1,same_source_cyclic_next_latent,True
mixed_transfer,depablo_mixed_temp,191,149,1.189305567095289e-05,0.00011539997649379075,0.8969405711136101,5.812029121443629e-05,242,1,1,same_source_cyclic_next_latent,True
mixed_transfer,depablo_mixed_temp,191,175,1.3896839845983777e-05,0.00014662892499472946,0.9052244306743482,5.0979309889953583e-05,242,1,1,same_source_cyclic_next_latent,True
mixed_transfer,depablo_mixed_temp,191,199,1.2708745089184958e-05,0.00018133649427909404,0.929916230377626,9.474502439843491e-05,242,1,1,same_source_cyclic_next_latent,True
mixed_transfer,depablo_mixed_temp,242,0,4.09132837830839e-07,0.0,,1.4108061918705062e-07,208,1,1,same_source_cyclic_next_latent,True
mixed_transfer,depablo_mixed_temp,242,5,2.5239050955860876e-05,2.3800261260475963e-05,-0.060452684936456835,2.743229561019689e-05,208,1,1,same_source_cyclic_next_latent,True
mixed_transfer,depablo_mixed_temp,242,10,3.4686199796851724e-05,3.038742215721868e-05,-0.14146568989603647,3.4477034205337986e-05,208,1,1,same_source_cyclic_next_latent,True
mixed_transfer,depablo_mixed_temp,242,25,4.84955744468607e-05,3.699141598190181e-05,-0.31099535282962254,3.882369492202997e-05,208,1,1,same_source_cyclic_next_latent,True
mixed_transfer,depablo_mixed_temp,242,50,3.530046888045035e-05,4.2313102312618867e-05,0.16573196123407774,3.400042623979971e-05,208,1,1,same_source_cyclic_next_latent,True
mixed_transfer,depablo_mixed_temp,242,75,7.23977354937233e-05,7.29313469491899e-05,0.0073166269071974765,4.1022889490704983e-05,208,1,1,same_source_cyclic_next_latent,True
mixed_transfer,depablo_mixed_temp,242,100,5.4420012020273134e-05,9.204618982039392e-05,0.4087749625871452,5.090244667371735e-05,208,1,1,same_source_cyclic_next_latent,True
mixed_transfer,depablo_mixed_temp,242,125,3.709830707521178e-05,0.00011756044841604307,0.6844320723929027,4.2113933886867017e-05,208,1,1,same_source_cyclic_next_latent,True
mixed_transfer,depablo_mixed_temp,242,149,4.066704786964692e-05,0.000145202677231282,0.7199290767561293,3.608653787523508e-05,208,1,1,same_source_cyclic_next_latent,True
mixed_transfer,depablo_mixed_temp,242,175,4.592650293488987e-05,0.00018254968745168298,0.7484164252702672,5.3136260248720646e-05,208,1,1,same_source_cyclic_next_latent,True
mixed_transfer,depablo_mixed_temp,242,199,5.291649722494185e-05,0.0002420646051177755,0.7813951477986815,5.339408016880043e-05,208,1,1,same_source_cyclic_next_latent,True
mixed_transfer,depablo_mixed_temp,208,0,1.2380066038986115e-07,0.0,,1.245409748662496e-06,221,1,1,same_source_cyclic_next_latent,True
mixed_transfer,depablo_mixed_temp,208,5,2.8688622478512116e-05,2.257787127746269e-05,-0.27065222960807644,4.842886119149625e-05,221,1,1,same_source_cyclic_next_latent,True
mixed_transfer,depablo_mixed_temp,208,10,2.4082395611912943e-05,2.1629317416227423e-05,-0.1134144988711061,6.344466237351298e-05,221,1,1,same_source_cyclic_next_latent,True
mixed_transfer,depablo_mixed_temp,208,25,2.1602812921628356e-05,2.2251089831115678e-05,0.029134613828252998,3.423564703552984e-05,221,1,1,same_source_cyclic_next_latent,True
mixed_transfer,depablo_mixed_temp,208,50,1.9814078768831678e-05,2.6678577341954224e-05,0.25730377167929286,6.90483720973134e-05,221,1,1,same_source_cyclic_next_latent,True
mixed_transfer,depablo_mixed_temp,208,75,3.544916762621142e-05,4.3110252590849996e-05,0.17770911799910483,5.224712731433101e-05,221,1,1,same_source_cyclic_next_latent,True
mixed_transfer,depablo_mixed_temp,208,100,5.459191743284464e-05,6.287909491220489e-05,0.13179543202603738,5.175189653527923e-05,221,1,1,same_source_cyclic_next_latent,True
mixed_transfer,depablo_mixed_temp,208,125,2.4982276954688132e-05,6.771790503989905e-05,0.6310831390904857,4.038002225570381e-05,221,1,1,same_source_cyclic_next_latent,True
mixed_transfer,depablo_mixed_temp,208,149,3.705325798364356e-05,0.0001124460031860508,0.670479546326462,5.483560744323768e-05,221,1,1,same_source_cyclic_next_latent,True
mixed_transfer,depablo_mixed_temp,208,175,3.456748527241871e-05,0.00013137060159351677,0.7368704652858602,6.283372931648046e-05,221,1,1,same_source_cyclic_next_latent,True
mixed_transfer,depablo_mixed_temp,208,199,3.1660219974583015e-05,0.00017357629258185625,0.817600551874603,4.5453154598362744e-05,221,1,1,same_source_cyclic_next_latent,True
mixed_transfer,depablo_mixed_temp,221,0,9.886257430480327e-07,0.0,,3.5868100667357794e-07,140,1,1,same_source_cyclic_next_latent,True
mixed_transfer,depablo_mixed_temp,221,5,4.909032941213809e-05,2.707511703192722e-05,-0.8131160561282278,3.0368912121048197e-05,140,1,1,same_source_cyclic_next_latent,True
mixed_transfer,depablo_mixed_temp,221,10,7.09776213625446e-05,3.6674908187706023e-05,-0.9353183107991352,3.9510574424639344e-05,140,1,1,same_source_cyclic_next_latent,True
mixed_transfer,depablo_mixed_temp,221,25,4.7445599193451926e-05,3.482666943455115e-05,-0.3623352437595333,3.891562300850637e-05,140,1,1,same_source_cyclic_next_latent,True
mixed_transfer,depablo_mixed_temp,221,50,7.73006904637441e-05,4.851730773225427e-05,-0.5932600978259697,5.464938658406027e-05,140,1,1,same_source_cyclic_next_latent,True
mixed_transfer,depablo_mixed_temp,221,75,6.898349238326773e-05,5.7804521929938346e-05,-0.19339266341271344,7.329414802370593e-05,140,1,1,same_source_cyclic_next_latent,True
mixed_transfer,depablo_mixed_temp,221,100,6.33753152214922e-05,6.448220665333793e-05,0.017165842940153553,6.0681570175802335e-05,140,1,1,same_source_cyclic_next_latent,True
mixed_transfer,depablo_mixed_temp,221,125,4.017141691292636e-05,9.433583181817085e-05,0.5741658695462035,8.334591257153079e-05,140,1,1,same_source_cyclic_next_latent,True
mixed_transfer,depablo_mixed_temp,221,149,7.580838428111747e-05,0.00012878440611530095,0.4113543202331029,0.00010071881115436554,140,1,1,same_source_cyclic_next_latent,True
mixed_transfer,depablo_mixed_temp,221,175,8.659785089548677e-05,0.00016914735897444189,0.4880330888963411,0.00013114584726281464,140,1,1,same_source_cyclic_next_latent,True
mixed_transfer,depablo_mixed_temp,221,199,7.617744995513931e-05,0.00020088825840502977,0.6207969019197191,0.00015379759133793414,140,1,1,same_source_cyclic_next_latent,True
mixed_transfer,depablo_mixed_temp,140,0,3.0077680435169896e-07,0.0,,3.8740483887522714e-07,118,1,1,same_source_cyclic_next_latent,True
mixed_transfer,depablo_mixed_temp,140,5,7.13072176949936e-06,5.748682269768324e-06,-0.2404097904312832,6.105735337769147e-06,118,1,1,same_source_cyclic_next_latent,True
mixed_transfer,depablo_mixed_temp,140,10,6.304133421508595e-06,6.143378413980827e-06,-0.02616719933154843,6.1465675571525935e-06,118,1,1,same_source_cyclic_next_latent,True
mixed_transfer,depablo_mixed_temp,140,25,5.761708052887116e-06,7.007966814853717e-06,0.17783456955376797,5.596205937763443e-06,118,1,1,same_source_cyclic_next_latent,True
mixed_transfer,depablo_mixed_temp,140,50,9.179751032206696e-06,1.9301036445540376e-05,0.5243907725832135,1.3281288374855649e-05,118,1,1,same_source_cyclic_next_latent,True
mixed_transfer,depablo_mixed_temp,140,75,7.178013675002148e-06,2.7593006961978972e-05,0.7398611291298227,1.4913226550561376e-05,118,1,1,same_source_cyclic_next_latent,True
mixed_transfer,depablo_mixed_temp,140,100,6.573330665560206e-06,4.4695243559544906e-05,0.8529299732576032,1.8620112314238213e-05,118,1,1,same_source_cyclic_next_latent,True
mixed_transfer,depablo_mixed_temp,140,125,8.961877938418183e-06,7.706028554821387e-05,0.883703027121395,3.271374953328632e-05,118,1,1,same_source_cyclic_next_latent,True
mixed_transfer,depablo_mixed_temp,140,149,7.339620879065478e-06,0.00010311150253983214,0.9288186022094851,3.69687877537217e-05,118,1,1,same_source_cyclic_next_latent,True
mixed_transfer,depablo_mixed_temp,140,175,7.72358453104971e-06,0.0001441092899767682,0.9464046729236205,4.600959800882265e-05,118,1,1,same_source_cyclic_next_latent,True
mixed_transfer,depablo_mixed_temp,140,199,9.136871994996909e-06,0.00018415348313283175,0.9503844736490463,5.803887688671239e-05,118,1,1,same_source_cyclic_next_latent,True
mixed_transfer,depablo_mixed_temp,118,0,4.130909019295359e-07,0.0,,1.2924461998409242e-06,158,1,1,same_source_cyclic_next_latent,True
mixed_transfer,depablo_mixed_temp,118,5,7.41510302759707e-06,7.472703146049753e-06,0.007708069934924677,2.5327599360025488e-05,158,1,1,same_source_cyclic_next_latent,True
mixed_transfer,depablo_mixed_temp,118,10,6.748625310137868e-06,6.560167093994096e-06,-0.028727654866643082,5.546744796447456e-05,158,1,1,same_source_cyclic_next_latent,True
mixed_transfer,depablo_mixed_temp,118,25,7.486521099053789e-06,9.963821867131628e-06,0.24862957217750836,1.9909452021238394e-05,158,1,1,same_source_cyclic_next_latent,True
mixed_transfer,depablo_mixed_temp,118,50,9.007397238747217e-06,1.8252863810630515e-05,0.5065214241339331,2.3905429770820774e-05,158,1,1,same_source_cyclic_next_latent,True
mixed_transfer,depablo_mixed_temp,118,75,8.582336704421323e-06,2.543711343605537e-05,0.6626057148349055,1.764330590958707e-05,158,1,1,same_source_cyclic_next_latent,True
mixed_transfer,depablo_mixed_temp,118,100,7.875966730352957e-06,4.048683331348002e-05,0.805468442805314,2.5168330466840416e-05,158,1,1,same_source_cyclic_next_latent,True
mixed_transfer,depablo_mixed_temp,118,125,1.222816626977874e-05,6.137721356935799e-05,0.8007702605143427,3.468784052529372e-05,158,1,1,same_source_cyclic_next_latent,True
mixed_transfer,depablo_mixed_temp,118,149,1.2295199667278212e-05,7.702268339926377e-05,0.8403691078439401,3.231651135138236e-05,158,1,1,same_source_cyclic_next_latent,True
mixed_transfer,depablo_mixed_temp,118,175,1.5046584849187639e-05,0.0001161079853773117,0.8704086992785955,3.569870023056865e-05,158,1,1,same_source_cyclic_next_latent,True
mixed_transfer,depablo_mixed_temp,118,199,1.6755040633142926e-05,0.00014814999303780496,0.8869048841003497,4.6847471821820363e-05,158,1,1,same_source_cyclic_next_latent,True
mixed_transfer,depablo_mixed_temp,158,0,7.240907962113852e-07,0.0,,1.2989814877073513e-06,250,1,1,same_source_cyclic_next_latent,True
mixed_transfer,depablo_mixed_temp,158,5,2.7208569008507766e-05,1.573649569763802e-05,-0.7290106724708509,4.105423067812808e-05,250,1,1,same_source_cyclic_next_latent,True
mixed_transfer,depablo_mixed_temp,158,10,5.0292052037548274e-05,2.0582121578627266e-05,-1.4434824099849926,6.644297536695376e-05,250,1,1,same_source_cyclic_next_latent,True
mixed_transfer,depablo_mixed_temp,158,25,2.6413476007292047e-05,2.284510264871642e-05,-0.15619861348165665,7.094661850715056e-05,250,1,1,same_source_cyclic_next_latent,True
mixed_transfer,depablo_mixed_temp,158,50,2.4313805624842644e-05,2.7017762477044016e-05,0.10008071003284691,3.67760076187551e-05,250,1,1,same_source_cyclic_next_latent,True
mixed_transfer,depablo_mixed_temp,158,75,2.392781971138902e-05,4.9534719437360764e-05,0.5169485164512339,4.498326234170236e-05,250,1,1,same_source_cyclic_next_latent,True
mixed_transfer,depablo_mixed_temp,158,100,2.1357387595344335e-05,5.9894391597481444e-05,0.6434159021285991,8.059880929067731e-05,250,1,1,same_source_cyclic_next_latent,True
mixed_transfer,depablo_mixed_temp,158,125,2.379215948167257e-05,7.881387864472345e-05,0.6981222103162481,8.699011959834024e-05,250,1,1,same_source_cyclic_next_latent,True
mixed_transfer,depablo_mixed_temp,158,149,1.873921246442478e-05,0.00011068722233176231,0.8307012131151161,3.450820440775715e-05,250,1,1,same_source_cyclic_next_latent,True
mixed_transfer,depablo_mixed_temp,158,175,2.2226895453059115e-05,0.00015321206592489034,0.854927251852635,7.097067282302305e-05,250,1,1,same_source_cyclic_next_latent,True
mixed_transfer,depablo_mixed_temp,158,199,2.2753840312361717e-05,0.0002061646373476833,0.8896326712229079,0.00010568244033493102,250,1,1,same_source_cyclic_next_latent,True
mixed_transfer,depablo_mixed_temp,250,0,1.9991673525510123e-06,0.0,,1.4029143358129659e-06,136,1,1,same_source_cyclic_next_latent,True
mixed_transfer,depablo_mixed_temp,250,5,9.070035594049841e-05,4.835599611396901e-05,-0.8756796101713851,5.350812716642395e-05,136,1,1,same_source_cyclic_next_latent,True
mixed_transfer,depablo_mixed_temp,250,10,0.00012447903282009065,5.153584061190486e-05,-1.4153876475498062,5.450975368148647e-05,136,1,1,same_source_cyclic_next_latent,True
mixed_transfer,depablo_mixed_temp,250,25,0.0001548475556774065,5.111822974868119e-05,-2.0292041887737993,6.240596121642739e-05,136,1,1,same_source_cyclic_next_latent,True
mixed_transfer,depablo_mixed_temp,250,50,9.27516957744956e-05,6.523817864945158e-05,-0.4217395042998384,6.129100074758753e-05,136,1,1,same_source_cyclic_next_latent,True
mixed_transfer,depablo_mixed_temp,250,75,0.00010015253064921126,8.879067172529176e-05,-0.1279623039576927,6.306302384473383e-05,136,1,1,same_source_cyclic_next_latent,True
mixed_transfer,depablo_mixed_temp,250,100,0.00018872119835577905,0.0001296159898629412,-0.4560024465757426,9.990578837459907e-05,136,1,1,same_source_cyclic_next_latent,True
mixed_transfer,depablo_mixed_temp,250,125,0.00019370664085727185,0.00019025067740585655,-0.018165314828513246,0.0001107690914068371,136,1,1,same_source_cyclic_next_latent,True
mixed_transfer,depablo_mixed_temp,250,149,9.248398419003934e-05,0.00016449361282866448,0.43776549982904156,7.764068868709728e-05,136,1,1,same_source_cyclic_next_latent,True
mixed_transfer,depablo_mixed_temp,250,175,0.0001001943601295352,0.00018673459999263287,0.46343976888328087,9.816324018174782e-05,136,1,1,same_source_cyclic_next_latent,True
mixed_transfer,depablo_mixed_temp,250,199,0.00012600558693520725,0.00025101620121859014,0.49801811068968027,0.00012251059524714947,136,1,1,same_source_cyclic_next_latent,True
mixed_transfer,depablo_mixed_temp,136,0,1.2877737844974035e-06,0.0,,1.3837516235071234e-06,68,1,1,same_source_cyclic_next_latent,True
mixed_transfer,depablo_mixed_temp,136,5,1.3824096640746575e-05,1.0966320587613154e-05,-0.2605957057612722,1.2558480193547439e-05,68,1,1,same_source_cyclic_next_latent,True
mixed_transfer,depablo_mixed_temp,136,10,1.0329878023185302e-05,1.2293307008803822e-05,0.15971528118612965,1.0919759915850591e-05,68,1,1,same_source_cyclic_next_latent,True
mixed_transfer,depablo_mixed_temp,136,25,1.3862299056199845e-05,1.05185035863542e-05,-0.31789649947770116,1.1307088243484031e-05,68,1,1,same_source_cyclic_next_latent,True
mixed_transfer,depablo_mixed_temp,136,50,1.2746539141517133e-05,1.8912367522716522e-05,0.3260209687546166,1.1751078091037925e-05,68,1,1,same_source_cyclic_next_latent,True
mixed_transfer,depablo_mixed_temp,136,75,1.1229865776840597e-05,3.769572140299715e-05,0.702091766416023,1.1077839189965744e-05,68,1,1,same_source_cyclic_next_latent,True
mixed_transfer,depablo_mixed_temp,136,100,1.6633312043268234e-05,6.272367318160832e-05,0.7348160399486072,1.5529203665209934e-05,68,1,1,same_source_cyclic_next_latent,True
mixed_transfer,depablo_mixed_temp,136,125,2.4615637812530622e-05,9.743942064233124e-05,0.7473749571758364,2.3341090127360076e-05,68,1,1,same_source_cyclic_next_latent,True
mixed_transfer,depablo_mixed_temp,136,149,1.9180866729584523e-05,0.00012985024659428746,0.8522847107906197,1.8651795471669175e-05,68,1,1,same_source_cyclic_next_latent,True
mixed_transfer,depablo_mixed_temp,136,175,2.7242964279139414e-05,0.00018626838573254645,0.8537434886118773,2.5616154744056985e-05,68,1,1,same_source_cyclic_next_latent,True
mixed_transfer,depablo_mixed_temp,136,199,3.091890175710432e-05,0.00021623147767968476,0.8570101722057963,3.2096533686853945e-05,68,1,1,same_source_cyclic_next_latent,True
mixed_transfer,depablo_mixed_temp,68,0,1.5189069699772517e-06,0.0,,8.380757776649261e-07,96,1,1,same_source_cyclic_next_latent,True
mixed_transfer,depablo_mixed_temp,68,5,3.3344135772495065e-06,1.8872113969337079e-06,-0.766846884597653,2.674249344636337e-06,96,1,1,same_source_cyclic_next_latent,True
mixed_transfer,depablo_mixed_temp,68,10,2.979689270432573e-06,2.4416788164671743e-06,-0.2203444819756586,2.7279011192149483e-06,96,1,1,same_source_cyclic_next_latent,True
mixed_transfer,depablo_mixed_temp,68,25,3.2180068956222385e-06,5.627597602142487e-06,0.42817395216795373,3.0893504572304664e-06,96,1,1,same_source_cyclic_next_latent,True
mixed_transfer,depablo_mixed_temp,68,50,2.343498408663436e-06,1.578773844812531e-05,0.8515621210495978,6.213856067915913e-06,96,1,1,same_source_cyclic_next_latent,True
mixed_transfer,depablo_mixed_temp,68,75,3.6570929751178483e-06,3.037540773220826e-05,0.8796034934787036,1.4197947166394442e-05,96,1,1,same_source_cyclic_next_latent,True
mixed_transfer,depablo_mixed_temp,68,100,5.7759511946642306e-06,5.9114165196660906e-05,0.9022915882268013,2.0302302800701e-05,96,1,1,same_source_cyclic_next_latent,True
mixed_transfer,depablo_mixed_temp,68,125,6.708885393891251e-06,8.239176531787962e-05,0.9185733505283279,2.8885122446808964e-05,96,1,1,same_source_cyclic_next_latent,True
mixed_transfer,depablo_mixed_temp,68,149,9.543812666379381e-06,0.00011558266123756766,0.9174286820861209,4.116769923712127e-05,96,1,1,same_source_cyclic_next_latent,True
mixed_transfer,depablo_mixed_temp,68,175,1.3093358575133607e-05,0.00017106324958149344,0.9234589626517296,6.708689033985138e-05,96,1,1,same_source_cyclic_next_latent,True
mixed_transfer,depablo_mixed_temp,68,199,1.9631679606391117e-05,0.00021742821263615042,0.909709603145001,9.187162504531443e-05,96,1,1,same_source_cyclic_next_latent,True
mixed_transfer,depablo_mixed_temp,96,0,5.317230602486234e-07,0.0,,5.4589822440220814e-08,262,1,1,same_source_cyclic_next_latent,True
mixed_transfer,depablo_mixed_temp,96,5,2.0206800854793983e-06,1.7755693306753528e-06,-0.1380462877846711,6.089526777941501e-06,262,1,1,same_source_cyclic_next_latent,True
mixed_transfer,depablo_mixed_temp,96,10,1.6274050267384155e-06,1.988127678487217e-06,0.18143837322524403,1.6114994423332973e-06,262,1,1,same_source_cyclic_next_latent,True
mixed_transfer,depablo_mixed_temp,96,25,1.789412976904714e-06,3.6336575703899143e-06,0.5075449620001758,1.7847397657533293e-06,262,1,1,same_source_cyclic_next_latent,True
mixed_transfer,depablo_mixed_temp,96,50,1.9869562493113335e-06,1.0712924449762795e-05,0.814527185491789,3.57226076630468e-06,262,1,1,same_source_cyclic_next_latent,True
mixed_transfer,depablo_mixed_temp,96,75,2.354443040530896e-06,2.5437306248932146e-05,0.9074413376365379,2.097290462188539e-06,262,1,1,same_source_cyclic_next_latent,True
mixed_transfer,depablo_mixed_temp,96,100,2.1848281903658062e-06,4.0724535210756585e-05,0.9463510589118098,2.524450565033476e-06,262,1,1,same_source_cyclic_next_latent,True
mixed_transfer,depablo_mixed_temp,96,125,3.3171431823575404e-06,6.520055467262864e-05,0.9491240036375015,3.0117689675535075e-06,262,1,1,same_source_cyclic_next_latent,True
mixed_transfer,depablo_mixed_temp,96,149,2.6874156446865527e-06,9.046640479937196e-05,0.970293772029004,1.9779459762503393e-05,262,1,1,same_source_cyclic_next_latent,True
mixed_transfer,depablo_mixed_temp,96,175,3.913051841664128e-06,0.00012494108523242176,0.968680823970875,4.920238097838592e-06,262,1,1,same_source_cyclic_next_latent,True
mixed_transfer,depablo_mixed_temp,96,199,4.21789218307822e-06,0.0001630225160624832,0.9741269348249932,4.60271166957682e-06,262,1,1,same_source_cyclic_next_latent,True
mixed_transfer,depablo_mixed_temp,262,0,1.1616995010399478e-07,0.0,,1.494336174800992e-07,70,1,1,same_source_cyclic_next_latent,True
mixed_transfer,depablo_mixed_temp,262,5,3.775435106945224e-05,3.000729702762328e-05,-0.25817233837147646,2.9846742108929902e-05,70,1,1,same_source_cyclic_next_latent,True
mixed_transfer,depablo_mixed_temp,262,10,2.8285374355618842e-05,2.804812538670376e-05,-0.008458639058550155,2.7788053557742387e-05,70,1,1,same_source_cyclic_next_latent,True
mixed_transfer,depablo_mixed_temp,262,25,2.8773669328074902e-05,3.341671254020184e-05,0.1389437457841236,2.9478351279976778e-05,70,1,1,same_source_cyclic_next_latent,True
mixed_transfer,depablo_mixed_temp,262,50,3.93606569559779e-05,4.543422983260825e-05,0.13367834997989414,3.384802403161302e-05,70,1,1,same_source_cyclic_next_latent,True
mixed_transfer,depablo_mixed_temp,262,75,3.4481403417885303e-05,5.0519352953415364e-05,0.31746149936478574,3.153146099066362e-05,70,1,1,same_source_cyclic_next_latent,True
mixed_transfer,depablo_mixed_temp,262,100,4.3377334804972634e-05,7.402702613035217e-05,0.41403380532144207,3.7095422158017755e-05,70,1,1,same_source_cyclic_next_latent,True
mixed_transfer,depablo_mixed_temp,262,125,4.1063052776735276e-05,8.881043322617188e-05,0.5376325586413844,3.685339106596075e-05,70,1,1,same_source_cyclic_next_latent,True
mixed_transfer,depablo_mixed_temp,262,149,8.363342931261286e-05,0.00013079402560833842,0.36057148693433105,4.735009133582935e-05,70,1,1,same_source_cyclic_next_latent,True
mixed_transfer,depablo_mixed_temp,262,175,3.82848120352719e-05,0.00015667513071093708,0.7556420609860112,3.758956881938502e-05,70,1,1,same_source_cyclic_next_latent,True
mixed_transfer,depablo_mixed_temp,262,199,3.8466307159978896e-05,0.00018418519175611436,0.7911541813257529,3.886207559844479e-05,70,1,1,same_source_cyclic_next_latent,True
mixed_transfer,depablo_mixed_temp,70,0,1.3767684947652015e-07,0.0,,3.7203250258244225e-07,78,1,1,same_source_cyclic_next_latent,True
mixed_transfer,depablo_mixed_temp,70,5,1.2444809271983104e-06,1.34399056150869e-06,0.07404042644367648,1.3755054624198237e-06,78,1,1,same_source_cyclic_next_latent,True
mixed_transfer,depablo_mixed_temp,70,10,1.394914079355658e-06,1.8160093304686598e-06,0.23187945350717398,1.5473382291020243e-06,78,1,1,same_source_cyclic_next_latent,True
mixed_transfer,depablo_mixed_temp,70,25,1.1739660976672894e-06,3.822250619123224e-06,0.6928599888783372,1.1285027312624152e-06,78,1,1,same_source_cyclic_next_latent,True
mixed_transfer,depablo_mixed_temp,70,50,1.1745054280254408e-06,1.149375930253882e-05,0.897813639810083,1.331315615971107e-06,78,1,1,same_source_cyclic_next_latent,True
mixed_transfer,depablo_mixed_temp,70,75,1.5543741938017774e-06,2.6700765374698676e-05,0.9417854068230312,1.5301225175790023e-06,78,1,1,same_source_cyclic_next_latent,True
mixed_transfer,depablo_mixed_temp,70,100,1.902450094348751e-06,4.5999360736459494e-05,0.958641814497199,2.112213223881554e-06,78,1,1,same_source_cyclic_next_latent,True
mixed_transfer,depablo_mixed_temp,70,125,2.465533725626301e-06,6.957071309443563e-05,0.9645607524206403,3.306442977191182e-06,78,1,1,same_source_cyclic_next_latent,True
mixed_transfer,depablo_mixed_temp,70,149,2.643940888447105e-06,9.833231888478622e-05,0.9731121881550973,3.577474217308918e-06,78,1,1,same_source_cyclic_next_latent,True
mixed_transfer,depablo_mixed_temp,70,175,2.861020902855671e-06,0.00013775291154161096,0.9792307772602582,2.965484100059257e-06,78,1,1,same_source_cyclic_next_latent,True
mixed_transfer,depablo_mixed_temp,70,199,2.596539616206428e-06,0.00017585520981810987,0.9852347870791427,3.1093602501641726e-06,78,1,1,same_source_cyclic_next_latent,True
mixed_transfer,depablo_mixed_temp,78,0,2.9822433589288266e-07,0.0,,2.7215273803449236e-06,44,1,1,same_source_cyclic_next_latent,True
mixed_transfer,depablo_mixed_temp,78,5,1.5423092918354087e-06,1.4125503184914123e-06,-0.09186148744249856,3.6806650314247236e-06,44,1,1,same_source_cyclic_next_latent,True
mixed_transfer,depablo_mixed_temp,78,10,1.2047923974023433e-06,1.781855075932981e-06,0.32385500163557746,2.878924760807422e-06,44,1,1,same_source_cyclic_next_latent,True
mixed_transfer,depablo_mixed_temp,78,25,1.4301526789495256e-06,3.92146057492937e-06,0.6353010181734942,3.865331564156804e-06,44,1,1,same_source_cyclic_next_latent,True
mixed_transfer,depablo_mixed_temp,78,50,1.5680639080528636e-06,1.2238961971888784e-05,0.8718793381616439,1.0722548722696956e-05,44,1,1,same_source_cyclic_next_latent,True
mixed_transfer,depablo_mixed_temp,78,75,1.53153973769804e-06,2.4325721824425273e-05,0.9370403168813584,2.3126627638703212e-05,44,1,1,same_source_cyclic_next_latent,True
mixed_transfer,depablo_mixed_temp,78,100,1.711496224743314e-06,4.797106157639064e-05,0.9643223191544787,3.736415965249762e-05,44,1,1,same_source_cyclic_next_latent,True
mixed_transfer,depablo_mixed_temp,78,125,2.0926536308252253e-06,6.928451330168173e-05,0.9697962281742054,5.592142042587511e-05,44,1,1,same_source_cyclic_next_latent,True
mixed_transfer,depablo_mixed_temp,78,149,2.4611149456177372e-06,9.965606295736507e-05,0.9753039115475528,7.749897486064583e-05,44,1,1,same_source_cyclic_next_latent,True
mixed_transfer,depablo_mixed_temp,78,175,2.332844815100543e-06,0.00013577769277617335,0.9828186444518086,0.00011481605179142207,44,1,1,same_source_cyclic_next_latent,True
mixed_transfer,depablo_mixed_temp,78,199,2.7251473966316553e-06,0.00017324589134659618,0.984270060458867,0.0001526288251625374,44,1,1,same_source_cyclic_next_latent,True
mixed_transfer,depablo_mixed_temp,44,0,1.9501439965097234e-06,0.0,,6.439672119995521e-07,36,1,1,same_source_cyclic_next_latent,True
mixed_transfer,depablo_mixed_temp,44,5,1.6618887457298115e-06,3.781680391057307e-07,-3.394577473177657,5.828248959005577e-07,36,1,1,same_source_cyclic_next_latent,True
mixed_transfer,depablo_mixed_temp,44,10,1.377130274704541e-06,6.340637810353655e-07,-1.1719112743765603,4.1881511947394756e-07,36,1,1,same_source_cyclic_next_latent,True
mixed_transfer,depablo_mixed_temp,44,25,9.848356512520695e-07,2.970265768453828e-06,0.6684351744844954,4.846006049774587e-07,36,1,1,same_source_cyclic_next_latent,True
mixed_transfer,depablo_mixed_temp,44,50,2.491290388206835e-06,1.2383442481223028e-05,0.7988208535724722,1.732942450871633e-06,36,1,1,same_source_cyclic_next_latent,True
mixed_transfer,depablo_mixed_temp,44,75,4.669323971029371e-06,2.688998392841313e-05,0.8263545272671003,3.2680120511940913e-06,36,1,1,same_source_cyclic_next_latent,True
mixed_transfer,depablo_mixed_temp,44,100,8.250005521404091e-06,4.955984331900254e-05,0.8335344712794759,6.058221970306477e-06,36,1,1,same_source_cyclic_next_latent,True
mixed_transfer,depablo_mixed_temp,44,125,1.2366958799248096e-05,7.413839921355247e-05,0.833190911451627,9.517546459392179e-06,36,1,1,same_source_cyclic_next_latent,True
mixed_transfer,depablo_mixed_temp,44,149,1.9757208065129817e-05,0.00010949795978376642,0.8195655142420387,1.5180694390437566e-05,36,1,1,same_source_cyclic_next_latent,True
mixed_transfer,depablo_mixed_temp,44,175,3.119938264717348e-05,0.00015169796824920923,0.7943322312931761,2.1200734408921562e-05,36,1,1,same_source_cyclic_next_latent,True
mixed_transfer,depablo_mixed_temp,44,199,4.806771539733745e-05,0.00019818956207018346,0.7574659588767063,2.9698167054448277e-05,36,1,1,same_source_cyclic_next_latent,True
mixed_transfer,depablo_mixed_temp,36,0,9.067518362826377e-07,0.0,,1.3732963566326362e-07,39,1,1,same_source_cyclic_next_latent,True
mixed_transfer,depablo_mixed_temp,36,5,7.046990049275337e-07,3.3019685474755534e-07,-1.134178429610711,2.3503756096943107e-07,39,1,1,same_source_cyclic_next_latent,True
mixed_transfer,depablo_mixed_temp,36,10,5.078223921373137e-07,8.42837948766828e-07,0.3974851359264042,3.5625606642497587e-07,39,1,1,same_source_cyclic_next_latent,True
mixed_transfer,depablo_mixed_temp,36,25,4.4768441398446157e-07,3.554258228177787e-06,0.8740428001445515,1.147382249655493e-06,39,1,1,same_source_cyclic_next_latent,True
mixed_transfer,depablo_mixed_temp,36,50,1.3979580444356543e-06,1.4621562513639219e-05,0.904390652973537,4.9988075261353515e-06,39,1,1,same_source_cyclic_next_latent,True
mixed_transfer,depablo_mixed_temp,36,75,2.952342356365989e-06,3.327914600959048e-05,0.9112855132906603,1.0524853678361978e-05,39,1,1,same_source_cyclic_next_latent,True
mixed_transfer,depablo_mixed_temp,36,100,5.0327525968896225e-06,5.905385114601813e-05,0.9147768943223448,1.7988571926252916e-05,39,1,1,same_source_cyclic_next_latent,True
mixed_transfer,depablo_mixed_temp,36,125,8.678581252752338e-06,9.289666195400059e-05,0.9065781151851324,2.7439844416221604e-05,39,1,1,same_source_cyclic_next_latent,True
mixed_transfer,depablo_mixed_temp,36,149,1.2234401765454095e-05,0.0001317297574132681,0.9071249958574522,3.881196607835591e-05,39,1,1,same_source_cyclic_next_latent,True
mixed_transfer,depablo_mixed_temp,36,175,1.6879424947546795e-05,0.0001856548187788576,0.9090816760988429,5.610098014585674e-05,39,1,1,same_source_cyclic_next_latent,True
mixed_transfer,depablo_mixed_temp,36,199,2.1493340682354756e-05,0.00023682504252064973,0.9092438010204066,7.095398905221373e-05,39,1,1,same_source_cyclic_next_latent,True
mixed_transfer,depablo_mixed_temp,39,0,1.5416330256812216e-07,0.0,,2.047110427838561e-07,268,1,1,same_source_cyclic_next_latent,True
mixed_transfer,depablo_mixed_temp,39,5,2.1793948690174147e-07,2.2900907481471222e-07,0.04833689635193272,3.248350549256429e-05,268,1,1,same_source_cyclic_next_latent,True
mixed_transfer,depablo_mixed_temp,39,10,2.117945001600674e-07,5.392316211327852e-07,0.6072290795648403,3.1252115149982274e-05,268,1,1,same_source_cyclic_next_latent,True
mixed_transfer,depablo_mixed_temp,39,25,4.524252972260001e-07,2.620684426801745e-06,0.827363686905968,3.995013685198501e-05,268,1,1,same_source_cyclic_next_latent,True
mixed_transfer,depablo_mixed_temp,39,50,1.1462740303613828e-06,1.0089373063237872e-05,0.8863879823675068,5.976410466246307e-05,268,1,1,same_source_cyclic_next_latent,True
mixed_transfer,depablo_mixed_temp,39,75,1.3190693834985723e-06,2.215639869973529e-05,0.9404655331683334,3.986207229900174e-05,268,1,1,same_source_cyclic_next_latent,True
mixed_transfer,depablo_mixed_temp,39,100,1.6561995153097087e-06,4.0103928768076e-05,0.9587023125617534,1.8611859559314325e-05,268,1,1,same_source_cyclic_next_latent,True
mixed_transfer,depablo_mixed_temp,39,125,1.945873691511224e-06,6.175228190841153e-05,0.968489039896578,4.6165452658897266e-05,268,1,1,same_source_cyclic_next_latent,True
mixed_transfer,depablo_mixed_temp,39,149,2.618985945446184e-06,8.764490485191345e-05,0.9701182179400928,9.142092312686145e-05,268,1,1,same_source_cyclic_next_latent,True
mixed_transfer,depablo_mixed_temp,39,175,3.791850758716464e-06,0.00012142759078415111,0.9687727415636794,6.299827509792522e-05,268,1,1,same_source_cyclic_next_latent,True
mixed_transfer,depablo_mixed_temp,39,199,5.732958925364073e-06,0.00015619987971149385,0.9632972897549407,0.00011764803639380261,268,1,1,same_source_cyclic_next_latent,True
