split,source,sim_idx,frame,z0,z1,z2,z3,z4,z5
train,reid,0,0,-0.38383549451828003,1.1613622903823853,1.077646017074585,0.45358896255493164,-0.8022422194480896,2.4359867572784424
train,reid,0,10,-0.6028417348861694,1.569566249847412,1.3651807308197021,0.5682308077812195,-0.8221607804298401,2.4471685886383057
train,reid,0,20,-0.7893800139427185,1.9768452644348145,1.6940425634384155,0.7386898994445801,-0.8604941368103027,2.5265090465545654
train,reid,0,30,-0.9785897135734558,2.3951783180236816,2.0378031730651855,0.9213035106658936,-0.9060814380645752,2.6276700496673584
train,reid,0,40,-1.1754565238952637,2.8273251056671143,2.393925428390503,1.1115498542785645,-0.9609394073486328,2.753326892852783
train,reid,0,50,-1.3831820487976074,3.2759039402008057,2.7621984481811523,1.3077776432037354,-1.0267947912216187,2.90669584274292
train,reid,0,60,-1.6048870086669922,3.74330997467041,3.14211368560791,1.5079957246780396,-1.1046576499938965,3.0890774726867676
train,reid,0,70,-1.8424248695373535,4.230893611907959,3.5333609580993652,1.7111326456069946,-1.1956239938735962,3.3025336265563965
train,reid,0,80,-2.0979678630828857,4.740474224090576,3.935980796813965,1.9161664247512817,-1.3005735874176025,3.548598527908325
train,reid,0,90,-2.373049020767212,5.273421287536621,4.350090503692627,2.122542142868042,-1.420577883720398,3.829484462738037
train,reid,0,100,-2.669490337371826,5.831093788146973,4.7754435539245605,2.3291311264038086,-1.5561203956604004,4.1457438468933105
train,reid,1,0,0.5989688634872437,0.5396921038627625,1.5307722091674805,1.2229775190353394,0.11540381610393524,0.581764817237854
train,reid,1,10,0.32944393157958984,1.0701042413711548,1.9259307384490967,1.4006398916244507,0.07328995317220688,0.6542867422103882
train,reid,1,20,0.07914607226848602,1.6119385957717896,2.362905263900757,1.627274751663208,0.010288427583873272,0.7968862056732178
train,reid,1,30,-0.1798631250858307,2.1664693355560303,2.809293270111084,1.8580975532531738,-0.06029454246163368,0.9589142799377441
train,reid,1,40,-0.4495566785335541,2.7342989444732666,3.2633211612701416,2.090531349182129,-0.13836736977100372,1.138939380645752
train,reid,1,50,-0.7301506996154785,3.3154633045196533,3.7247061729431152,2.324323892593384,-0.22443823516368866,1.3380852937698364
train,reid,1,60,-1.0220623016357422,3.9102892875671387,4.19335412979126,2.5592544078826904,-0.3190002739429474,1.5574274063110352
train,reid,1,70,-1.3257240056991577,4.519291877746582,4.6694560050964355,2.795271873474121,-0.4222638010978699,1.7973887920379639
train,reid,1,80,-1.64154851436615,5.142508029937744,5.152523040771484,3.0318291187286377,-0.5346755981445312,2.058847427368164
train,reid,1,90,-1.9699145555496216,5.7799482345581055,5.642131805419922,3.2683656215667725,-0.6562471389770508,2.3416285514831543
train,reid,1,100,-2.311002731323242,6.431797981262207,6.138360023498535,3.504884958267212,-0.7872015237808228,2.646289110183716
train,reid,2,0,0.45602595806121826,0.7494482398033142,1.6069190502166748,1.2304714918136597,-0.5457988977432251,2.226750135421753
train,reid,2,10,0.03631744533777237,1.1787160634994507,1.679351568222046,1.037743091583252,-0.47265109419822693,1.8874489068984985
train,reid,2,20,-0.3867516815662384,1.6101548671722412,1.7525315284729004,0.844634473323822,-0.4049318730831146,1.5623770952224731
train,reid,2,30,-0.8122859001159668,2.0428309440612793,1.826289176940918,0.6515872478485107,-0.34290647506713867,1.2524921894073486
train,reid,2,40,-1.2392992973327637,2.476083517074585,1.900864839553833,0.45940956473350525,-0.28685322403907776,0.9588874578475952
train,reid,2,50,-1.6672923564910889,2.909383535385132,1.9761345386505127,0.2682873010635376,-0.23676633834838867,0.6817058324813843
train,reid,2,60,-2.096079111099243,3.3422677516937256,2.0516679286956787,0.07795457541942596,-0.1925373673439026,0.4206481873989105
train,reid,2,70,-2.5247802734375,3.774264097213745,2.127849578857422,-0.11075331270694733,-0.15424029529094696,0.17626571655273438
train,reid,2,80,-2.95263671875,4.2046613693237305,2.2045586109161377,-0.29749053716659546,-0.12194819748401642,-0.051034312695264816
train,reid,2,90,-3.3789467811584473,4.63292121887207,2.2818472385406494,-0.48181718587875366,-0.0956273078918457,-0.26111194491386414
train,reid,2,100,-3.8042736053466797,5.058836936950684,2.3588368892669678,-0.6648110151290894,-0.07506933808326721,-0.4548131227493286
train,reid,3,0,0.3441680371761322,0.7368360757827759,1.4774913787841797,0.9948412179946899,-0.18937355279922485,1.260563850402832
train,reid,3,10,-0.09158627688884735,1.1775569915771484,1.549074649810791,0.7916762828826904,-0.11131741106510162,0.9042388200759888
train,reid,3,20,-0.5320650339126587,1.620875597000122,1.6203864812850952,0.5866202116012573,-0.03902098163962364,0.5622506737709045
train,reid,3,30,-0.9775899052619934,2.0692501068115234,1.6945958137512207,0.3821260929107666,0.027199245989322662,0.2360091507434845
train,reid,3,40,-1.4271782636642456,2.5225307941436768,1.7726287841796875,0.1795821487903595,0.08697644621133804,-0.07306375354528427
train,reid,3,50,-1.8809432983398438,2.9803178310394287,1.8538322448730469,-0.021649833768606186,0.14053894579410553,-0.3656889796257019
train,reid,3,60,-2.338229179382324,3.442321300506592,1.9385128021240234,-0.22093439102172852,0.1877811998128891,-0.6413465142250061
train,reid,3,70,-2.7984793186187744,3.9080958366394043,2.02671480178833,-0.41791442036628723,0.22873437404632568,-0.8999287486076355
train,reid,3,80,-3.261737823486328,4.377485275268555,2.1181070804595947,-0.6128997206687927,0.26345860958099365,-1.1417031288146973
train,reid,3,90,-3.72711181640625,4.850032806396484,2.21308970451355,-0.8050649762153625,0.2920069098472595,-1.3664379119873047
train,reid,3,100,-4.1939544677734375,5.325207710266113,2.3116166591644287,-0.994074285030365,0.3143707513809204,-1.5739552974700928
train,reid,4,0,0.276032418012619,0.6794086694717407,1.2969489097595215,0.8562752604484558,-0.031555820256471634,0.7741742134094238
train,reid,4,10,-0.0485411137342453,1.1671100854873657,1.5654643774032593,0.8909244537353516,-0.028583772480487823,0.6861856579780579
train,reid,4,20,-0.36173149943351746,1.651604175567627,1.8429484367370605,0.9407256841659546,-0.03318629041314125,0.6233473420143127
train,reid,4,30,-0.6729838848114014,2.134774684906006,2.12083101272583,0.9923022389411926,-0.03974972665309906,0.5662668347358704
train,reid,4,40,-0.9818100929260254,2.6156673431396484,2.398456335067749,1.0453420877456665,-0.047911420464515686,0.5140962600708008
train,reid,4,50,-1.2883591651916504,3.0939745903015137,2.6752328872680664,1.0992612838745117,-0.05755031481385231,0.46635690331459045
train,reid,4,60,-1.5923165082931519,3.5692403316497803,2.950948715209961,1.1540412902832031,-0.06850133091211319,0.42272478342056274
train,reid,4,70,-1.8934643268585205,4.041538238525391,3.226029634475708,1.2101836204528809,-0.08092428743839264,0.38379859924316406
train,reid,4,80,-2.191910982131958,4.5104546546936035,3.499734401702881,1.2669868469238281,-0.09462867677211761,0.3488922119140625
train,reid,4,90,-2.4873790740966797,4.975814342498779,3.7721848487854004,1.324737548828125,-0.10976170003414154,0.31852009892463684
train,reid,4,100,-2.7796683311462402,5.437402248382568,4.0433197021484375,1.383515477180481,-0.12640172243118286,0.29294446110725403
train,reid,5,0,-0.31306660175323486,1.1513615846633911,1.1553601026535034,0.5759446620941162,-0.8451278805732727,2.594149589538574
train,reid,5,10,-0.5278957486152649,1.6090388298034668,1.5133655071258545,0.7503126859664917,-0.8694827556610107,2.630884885787964
train,reid,5,20,-0.7112593650817871,2.066696882247925,1.911170482635498,0.9784250855445862,-0.9126210808753967,2.735767364501953
train,reid,5,30,-0.8949326872825623,2.526703119277954,2.314399003982544,1.2123454809188843,-0.9636796116828918,2.8633174896240234
train,reid,5,40,-1.0818647146224976,2.9920456409454346,2.7239990234375,1.4514063596725464,-1.0238255262374878,3.0158445835113525
train,reid,5,50,-1.2739837169647217,3.4644224643707275,3.1404600143432617,1.6952036619186401,-1.0945760011672974,3.196913480758667
train,reid,5,60,-1.4734410047531128,3.945164442062378,3.5632083415985107,1.9423102140426636,-1.1772196292877197,3.4090182781219482
train,reid,5,70,-1.6815099716186523,4.434750080108643,3.991610527038574,2.191699266433716,-1.2728271484375,3.6544559001922607
train,reid,5,80,-1.8995164632797241,4.933506965637207,4.424834728240967,2.442225456237793,-1.38283371925354,3.936443328857422
train,reid,5,90,-2.127962350845337,5.440478324890137,4.861062526702881,2.692317008972168,-1.5081995725631714,4.256970405578613
train,reid,5,100,-2.3673558235168457,5.954718112945557,5.298566818237305,2.940488576889038,-1.649924635887146,4.618185043334961
train,reid,6,0,0.06499949097633362,0.8618403077125549,1.2557530403137207,0.7961620092391968,-0.42482611536979675,1.683336615562439
train,reid,6,10,-0.21973906457424164,1.3518239259719849,1.5752519369125366,0.8979665040969849,-0.4400619864463806,1.6655802726745605
train,reid,6,20,-0.49189475178718567,1.85703706741333,1.9320262670516968,1.038965106010437,-0.46546995639801025,1.6863514184951782
train,reid,6,30,-0.7630298137664795,2.368438243865967,2.299838066101074,1.19052255153656,-0.4959701895713806,1.723333477973938
train,reid,6,40,-1.035198450088501,2.8850581645965576,2.6751112937927246,1.3488138914108276,-0.5325981378555298,1.7778276205062866
train,reid,6,50,-1.310206651687622,3.4067511558532715,3.0554864406585693,1.51092529296875,-0.5755038261413574,1.8491147756576538
train,reid,6,60,-1.589295744895935,3.9342827796936035,3.44063663482666,1.6759454011917114,-0.6249307990074158,1.937364101409912
train,reid,6,70,-1.8738832473754883,4.468624114990234,3.8302717208862305,1.8428661823272705,-0.6810613870620728,2.0425117015838623
train,reid,6,80,-2.1648058891296387,5.010239124298096,4.2239990234375,2.0108773708343506,-0.7438380122184753,2.1640231609344482
train,reid,6,90,-2.463150978088379,5.560330867767334,4.622228622436523,2.179743766784668,-0.8135277032852173,2.302297592163086
train,reid,6,100,-2.7694716453552246,6.119284629821777,5.024804592132568,2.3490214347839355,-0.8901357650756836,2.457109212875366
train,reid,7,0,-0.3557944893836975,1.1272379159927368,1.0552310943603516,0.4704940915107727,-0.8725981712341309,2.6149344444274902
train,reid,7,10,-0.6181261539459229,1.5721845626831055,1.3363547325134277,0.5521296262741089,-0.8772117495536804,2.5673983097076416
train,reid,7,20,-0.8665479421615601,2.0175342559814453,1.6338753700256348,0.6573295593261719,-0.894170343875885,2.558912515640259
train,reid,7,30,-1.1082602739334106,2.45741868019104,1.9319428205490112,0.7679989337921143,-0.9174705743789673,2.569105386734009
train,reid,7,40,-1.343675971031189,2.890810966491699,2.2287871837615967,0.8823292851448059,-0.9465070962905884,2.5960922241210938
train,reid,7,50,-1.572351336479187,3.316648006439209,2.5236001014709473,0.9998526573181152,-0.9809116125106812,2.639035940170288
train,reid,7,60,-1.7944772243499756,3.734473943710327,2.8156135082244873,1.1198139190673828,-1.0205827951431274,2.697532892227173
train,reid,7,70,-2.0099878311157227,4.143918037414551,3.104508638381958,1.2419672012329102,-1.0653971433639526,2.7713146209716797
train,reid,7,80,-2.2189431190490723,4.544819355010986,3.390048027038574,1.3660632371902466,-1.1152284145355225,2.860030174255371
train,reid,7,90,-2.4214186668395996,4.937272071838379,3.672344446182251,1.4921869039535522,-1.1702845096588135,2.9642534255981445
train,reid,7,100,-2.6175084114074707,5.321312427520752,3.951387643814087,1.6202486753463745,-1.2303738594055176,3.083493709564209
train,reid,8,0,0.4797931909561157,0.5402631759643555,1.3950252532958984,0.970693826675415,0.27770182490348816,0.09989877045154572
train,reid,8,10,0.029253611341118813,1.0257344245910645,1.5112340450286865,0.79718416929245,0.34818294644355774,-0.23350758850574493
train,reid,8,20,-0.4229625463485718,1.510464072227478,1.6269502639770508,0.6225947141647339,0.4173952341079712,-0.5627190470695496
train,reid,8,30,-0.8795874714851379,1.99995756149292,1.745795488357544,0.4486057758331299,0.4835847020149231,-0.8839374780654907
train,reid,8,40,-1.341200351715088,2.4950735569000244,1.867987871170044,0.2751672863960266,0.546093225479126,-1.195789098739624
train,reid,8,50,-1.807990312576294,2.9961297512054443,1.9936368465423584,0.10230859369039536,0.6046578884124756,-1.4977149963378906
train,reid,8,60,-2.2800395488739014,3.5031697750091553,2.1226680278778076,-0.07007936388254166,0.6592660546302795,-1.7897441387176514
train,reid,8,70,-2.757413148880005,4.016613960266113,2.2555313110351562,-0.24166402220726013,0.709875762462616,-2.0717358589172363
train,reid,8,80,-3.2400104999542236,4.5361785888671875,2.391955614089966,-0.41258007287979126,0.7563779354095459,-2.3434410095214844
train,reid,8,90,-3.7277915477752686,5.062129020690918,2.532322406768799,-0.5825161933898926,0.7988706231117249,-2.6050422191619873
train,reid,8,100,-4.220681190490723,5.594681262969971,2.6770212650299072,-0.7510960698127747,0.8372814059257507,-2.856255054473877
train,reid,9,0,0.39640697836875916,0.8098077774047852,1.611801266670227,1.2321406602859497,-0.6011427044868469,2.347360372543335
train,reid,9,10,0.0064790621399879456,1.2336761951446533,1.7132151126861572,1.0823081731796265,-0.5392230749130249,2.052945137023926
train,reid,9,20,-0.3847685158252716,1.6564966440200806,1.813045620918274,0.9311438798904419,-0.4810624122619629,1.7683687210083008
train,reid,9,30,-0.7767413258552551,2.0791122913360596,1.9130851030349731,0.7804875373840332,-0.4270058572292328,1.495048999786377
train,reid,9,40,-1.1690099239349365,2.5012943744659424,2.013490676879883,0.6307076215744019,-0.37707921862602234,1.2332226037979126
train,reid,9,50,-1.561826229095459,2.923283100128174,2.114274024963379,0.48165810108184814,-0.3312034010887146,0.9825807809829712
train,reid,9,60,-1.9549072980880737,3.344881534576416,2.2154581546783447,0.3335142135620117,-0.2893895208835602,0.7432425618171692
train,reid,9,70,-2.347743272781372,3.765824794769287,2.3173413276672363,0.18683579564094543,-0.251695841550827,0.5156025886535645
train,reid,9,80,-2.7403905391693115,4.186115264892578,2.4197962284088135,0.04146358370780945,-0.2180473357439041,0.2993994951248169
train,reid,9,90,-3.1322827339172363,4.605316638946533,2.5228466987609863,-0.10224050283432007,-0.18852120637893677,0.09499484300613403
train,reid,9,100,-3.5237910747528076,5.0237908363342285,2.626607656478882,-0.24444285035133362,-0.1628742218017578,-0.09830142557621002
train,reid,10,0,0.5179887413978577,0.6789088249206543,1.614511489868164,1.2149076461791992,-0.2314349114894867,1.4603856801986694
train,reid,10,10,0.06182475760579109,1.1560022830963135,1.7119932174682617,1.0212701559066772,-0.15306924283504486,1.1003739833831787
train,reid,10,20,-0.3998786509037018,1.6386486291885376,1.8128743171691895,0.8280730247497559,-0.07933690398931503,0.7525750398635864
train,reid,10,30,-0.867774486541748,2.1278977394104004,1.9175283908843994,0.6353734135627747,-0.011066682636737823,0.41879746317863464
train,reid,10,40,-1.3412595987319946,2.6234076023101807,2.0260586738586426,0.4436749815940857,0.051315248012542725,0.10027863830327988
train,reid,10,50,-1.8202521800994873,3.124971389770508,2.1382687091827393,0.2528485059738159,0.10789167881011963,-0.203209787607193
train,reid,10,60,-2.304377555847168,3.632338523864746,2.2542214393615723,0.06316656619310379,0.15860575437545776,-0.4913947284221649
train,reid,10,70,-2.7933237552642822,4.145402908325195,2.3741438388824463,-0.12501691281795502,0.20353734493255615,-0.7643395662307739
train,reid,10,80,-3.2864835262298584,4.663462162017822,2.4976775646209717,-0.3116545081138611,0.24268020689487457,-1.0219453573226929
train,reid,10,90,-3.783388376235962,5.186424255371094,2.625251054763794,-0.49612733721733093,0.27607202529907227,-1.2640786170959473
train,reid,10,100,-4.283548355102539,5.713844299316406,2.7567739486694336,-0.6782366633415222,0.30373597145080566,-1.4906822443008423
train,reid,11,0,0.3431217670440674,0.6280577182769775,1.313858151435852,0.9142807722091675,0.07236022502183914,0.5364948511123657
train,reid,11,10,0.0944075956940651,1.10737943649292,1.6633092164993286,1.065143346786499,0.04073171317577362,0.5806267261505127
train,reid,11,20,-0.1271219104528427,1.587586522102356,2.0493338108062744,1.2633473873138428,-0.0003911217791028321,0.6671721339225769
train,reid,11,30,-0.3507077693939209,2.0752193927764893,2.4453864097595215,1.4688892364501953,-0.04256211966276169,0.7588184475898743
train,reid,11,40,-0.5804035663604736,2.573714017868042,2.8511602878570557,1.6795132160186768,-0.08757141977548599,0.8585595488548279
train,reid,11,50,-0.8189105987548828,3.085362434387207,3.2664730548858643,1.8937362432479858,-0.13664668798446655,0.9684973359107971
train,reid,11,60,-1.0683741569519043,3.6118197441101074,3.6910924911499023,2.1103081703186035,-0.19067896902561188,1.090151071548462
train,reid,11,70,-1.3307139873504639,4.154506206512451,4.1247076988220215,2.3279969692230225,-0.2503573000431061,1.2245720624923706
train,reid,11,80,-1.606937289237976,4.714182376861572,4.56720495223999,2.546261787414551,-0.31635430455207825,1.373136043548584
train,reid,11,90,-1.8985087871551514,5.291695594787598,5.017977714538574,2.763801336288452,-0.3888651728630066,1.535693883895874
train,reid,11,100,-2.206242084503174,5.887585163116455,5.476879596710205,2.9800806045532227,-0.46818023920059204,1.712735891342163
train,reid,12,0,0.28269636631011963,0.8038210868835449,1.458650827407837,1.0102529525756836,-0.5453986525535583,2.1259114742279053
train,reid,12,10,-0.14515770971775055,1.2269960641860962,1.515805721282959,0.7989729046821594,-0.4645318388938904,1.7630105018615723
train,reid,12,20,-0.5841872692108154,1.6580276489257812,1.5734504461288452,0.5827572345733643,-0.38944894075393677,1.4131591320037842
train,reid,12,30,-1.0299148559570312,2.095325231552124,1.6343680620193481,0.3668048679828644,-0.3221869468688965,1.0834451913833618
train,reid,12,40,-1.4817827939987183,2.5380825996398926,1.6979691982269287,0.1509883999824524,-0.26298460364341736,0.7744901776313782
train,reid,12,50,-1.939231038093567,2.985929012298584,1.7643957138061523,-0.06424468755722046,-0.21188107132911682,0.48660334944725037
train,reid,12,60,-2.4013543128967285,3.438096284866333,1.8336076736450195,-0.2783915400505066,-0.16900737583637238,0.22040243446826935
train,reid,12,70,-2.867255210876465,3.894221305847168,1.9060988426208496,-0.4905531406402588,-0.13422204554080963,-0.024136897176504135
train,reid,12,80,-3.3363823890686035,4.353287220001221,1.981105089187622,-0.7010524868965149,-0.10749839246273041,-0.24702394008636475
train,reid,12,90,-3.8079135417938232,4.815226078033447,2.059408664703369,-0.9088009595870972,-0.0886726900935173,-0.44833236932754517
train,reid,12,100,-4.280787944793701,5.2789740562438965,2.1407203674316406,-1.1134456396102905,-0.07768413424491882,-0.6279499530792236
train,reid,13,0,-0.5377857685089111,1.2636159658432007,0.9971628189086914,0.36469918489456177,-1.0248428583145142,2.914707899093628
train,reid,13,10,-0.7963020205497742,1.6844202280044556,1.254260540008545,0.42650073766708374,-1.018439531326294,2.8393657207489014
train,reid,13,20,-1.0491549968719482,2.1189332008361816,1.54006826877594,0.515579342842102,-1.015053391456604,2.7807068824768066
train,reid,13,30,-1.3140130043029785,2.574263095855713,1.843112826347351,0.6119632124900818,-1.011024832725525,2.7207446098327637
train,reid,13,40,-1.596914529800415,3.0555057525634766,2.1633098125457764,0.7125407457351685,-1.0084799528121948,2.66282320022583
train,reid,13,50,-1.903312087059021,3.567643642425537,2.5012149810791016,0.8150840997695923,-1.0096596479415894,2.610964775085449
train,reid,13,60,-2.238070011138916,4.115591526031494,2.857910633087158,0.9180992841720581,-1.0166747570037842,2.569117546081543
train,reid,13,70,-2.606323480606079,4.704449653625488,3.2344629764556885,1.0198240280151367,-1.0310195684432983,2.539548873901367
train,reid,13,80,-3.012194871902466,5.3384108543396,3.631840229034424,1.1190474033355713,-1.0545313358306885,2.525742769241333
train,reid,13,90,-3.459892749786377,6.022429466247559,4.052060604095459,1.2153664827346802,-1.0890710353851318,2.531454563140869
train,reid,13,100,-3.952925205230713,6.759593963623047,4.495235919952393,1.3071746826171875,-1.1361123323440552,2.5592174530029297
train,reid,14,0,0.09151655435562134,0.8401858806610107,1.2688016891479492,0.7954448461532593,-0.29717501997947693,1.3754390478134155
train,reid,14,10,-0.189569890499115,1.2877086400985718,1.5348817110061646,0.8545119166374207,-0.30390504002571106,1.3280267715454102
train,reid,14,20,-0.447380006313324,1.7126871347427368,1.7973105907440186,0.9260337948799133,-0.32306987047195435,1.320181965827942
train,reid,14,30,-0.7011009454727173,2.1299827098846436,2.053431272506714,0.995604395866394,-0.3473539352416992,1.3255186080932617
train,reid,14,40,-0.9515832662582397,2.541867971420288,2.3054442405700684,1.0644710063934326,-0.3763369023799896,1.3430546522140503
train,reid,14,50,-1.198262095451355,2.948354721069336,2.5542044639587402,1.1336160898208618,-0.4097645878791809,1.3725780248641968
train,reid,14,60,-1.4402291774749756,3.3487606048583984,2.800004005432129,1.2038017511367798,-0.4476453959941864,1.4145766496658325
train,reid,14,70,-1.6767560243606567,3.7425780296325684,3.0431747436523438,1.2757282257080078,-0.4899783134460449,1.4694502353668213
train,reid,14,80,-1.9073114395141602,4.128990173339844,3.283308982849121,1.3493993282318115,-0.5369570255279541,1.5378696918487549
train,reid,14,90,-2.1310694217681885,4.507484436035156,3.520831823348999,1.425646424293518,-0.5886032581329346,1.6203422546386719
train,reid,14,100,-2.347872257232666,4.877402305603027,3.7551040649414062,1.5040409564971924,-0.6449148654937744,1.7168502807617188
train,reid,15,0,0.23741644620895386,0.8375619649887085,1.451884388923645,1.0242092609405518,-0.47041890025138855,1.9176162481307983
train,reid,15,10,-0.06093010678887367,1.2767524719238281,1.685929298400879,1.0436877012252808,-0.45720118284225464,1.8067489862442017
train,reid,15,20,-0.34799420833587646,1.720290184020996,1.9401873350143433,1.0870658159255981,-0.44884568452835083,1.7163264751434326
train,reid,15,30,-0.6348217129707336,2.166123628616333,2.1984622478485107,1.1339545249938965,-0.4406985938549042,1.627506136894226
train,reid,15,40,-0.922812819480896,2.6148154735565186,2.4596729278564453,1.182723045349121,-0.43313682079315186,1.540482521057129
train,reid,15,50,-1.2128570079803467,3.06684947013855,2.72336483001709,1.2324796915054321,-0.4261058568954468,1.4546809196472168
train,reid,15,60,-1.5051137208938599,3.522493839263916,2.98966383934021,1.2833058834075928,-0.4200070798397064,1.3710697889328003
train,reid,15,70,-1.8002952337265015,3.9822616577148438,3.2583792209625244,1.3346112966537476,-0.4146939516067505,1.2889540195465088
train,reid,15,80,-2.0981836318969727,4.446160316467285,3.5297839641571045,1.3868062496185303,-0.4105145335197449,1.2093567848205566
train,reid,15,90,-2.3990859985351562,4.914356231689453,3.803739547729492,1.4395724534988403,-0.4072953760623932,1.131697416305542
train,reid,15,100,-2.7033448219299316,5.3875732421875,4.080838203430176,1.49322509765625,-0.4051819443702698,1.056333065032959
train,reid,16,0,0.19435714185237885,0.8118563890457153,1.3626970052719116,0.8779774904251099,-0.3829767405986786,1.6562904119491577
train,reid,16,10,-0.1901356428861618,1.2641348838806152,1.5131590366363525,0.7724553346633911,-0.3277599513530731,1.3920971155166626
train,reid,16,20,-0.5741173624992371,1.71682608127594,1.6667797565460205,0.6699264645576477,-0.27273738384246826,1.1303520202636719
train,reid,16,30,-0.9618260860443115,2.174999713897705,1.8247019052505493,0.5691308379173279,-0.21953323483467102,0.8735133409500122
train,reid,16,40,-1.3541251420974731,2.639465093612671,1.986719012260437,0.46949583292007446,-0.1686573624610901,0.622359037399292
train,reid,16,50,-1.751490831375122,3.110520601272583,2.15266489982605,0.3705829083919525,-0.11998511105775833,0.37637758255004883
train,reid,16,60,-2.1539652347564697,3.58825421333313,2.322556734085083,0.27240389585494995,-0.07361780852079391,0.13577595353126526
train,reid,16,70,-2.5620131492614746,4.073476791381836,2.496931791305542,0.17512106895446777,-0.02951924316585064,-0.09961789846420288
train,reid,16,80,-2.9753925800323486,4.565801620483398,2.675513505935669,0.07865339517593384,0.012273711152374744,-0.3296935558319092
train,reid,16,90,-3.3945748805999756,5.065946102142334,2.8586933612823486,-0.016959255561232567,0.05183715745806694,-0.5547728538513184
train,reid,16,100,-3.8198094367980957,5.573674201965332,3.045872688293457,-0.11235268414020538,0.08917829394340515,-0.7750517725944519
train,reid,17,0,0.2919471561908722,0.7813870906829834,1.4463139772415161,1.0581631660461426,-0.3202390968799591,1.552607536315918
train,reid,17,10,0.009770680218935013,1.2631927728652954,1.7570925951004028,1.155104637145996,-0.3386206030845642,1.542060375213623
train,reid,17,20,-0.25967687368392944,1.7350590229034424,2.066659927368164,1.2606242895126343,-0.37057051062583923,1.5691285133361816
train,reid,17,30,-0.524497389793396,2.1973118782043457,2.366812229156494,1.3625916242599487,-0.41106680035591125,1.6170388460159302
train,reid,17,40,-0.7802361845970154,2.6457693576812744,2.6580023765563965,1.4640358686447144,-0.46033522486686707,1.688518762588501
train,reid,17,50,-1.02455735206604,3.0781216621398926,2.940420150756836,1.5664886236190796,-0.51828932762146,1.7845046520233154
train,reid,17,60,-1.255514144897461,3.4922077655792236,3.2138445377349854,1.6709609031677246,-0.585192084312439,1.9065546989440918
train,reid,17,70,-1.4719886779785156,3.88688325881958,3.4782984256744385,1.7781295776367188,-0.6610510349273682,2.0552399158477783
train,reid,17,80,-1.6728127002716064,4.260895252227783,3.733682155609131,1.8887038230895996,-0.7464480996131897,2.232581853866577
train,reid,17,90,-1.857997179031372,4.614314079284668,3.980292797088623,2.002920389175415,-0.8412725329399109,2.4384560585021973
train,reid,17,100,-2.0267105102539062,4.946073532104492,4.217791557312012,2.121026039123535,-0.9458101987838745,2.673938274383545
train,reid,18,0,0.11894094944000244,0.8619481921195984,1.340125322341919,0.8596575856208801,-0.35945266485214233,1.567851185798645
train,reid,18,10,-0.1507212519645691,1.3051354885101318,1.6126705408096313,0.9311929941177368,-0.36737558245658875,1.5273200273513794
train,reid,18,20,-0.3970204293727875,1.7385293245315552,1.898590326309204,1.0295045375823975,-0.3879035711288452,1.528985619544983
train,reid,18,30,-0.6411464214324951,2.168571710586548,2.182159662246704,1.1280266046524048,-0.41284847259521484,1.542037844657898
train,reid,18,40,-0.8826906085014343,2.5938868522644043,2.4623122215270996,1.2259435653686523,-0.44134920835494995,1.5644551515579224
train,reid,18,50,-1.1210001707077026,3.0133421421051025,2.738452911376953,1.3230656385421753,-0.4730108678340912,1.595471978187561
train,reid,18,60,-1.355557918548584,3.4261269569396973,3.010131359100342,1.419272541999817,-0.5076121687889099,1.634656310081482
train,reid,18,70,-1.5858960151672363,3.831796169281006,3.277412176132202,1.5148744583129883,-0.5450952649116516,1.68211829662323
train,reid,18,80,-1.812066912651062,4.230255126953125,3.5401461124420166,1.6097264289855957,-0.5854488015174866,1.7377878427505493
train,reid,18,90,-2.033700466156006,4.6210784912109375,3.798203706741333,1.7038936614990234,-0.6285083293914795,1.8013843297958374
train,reid,18,100,-2.250990390777588,5.004239082336426,4.051364421844482,1.7970572710037231,-0.6741151213645935,1.872413992881775
train,reid,19,0,-0.4107585549354553,1.217629075050354,1.1093908548355103,0.5148056149482727,-0.9847217798233032,2.897034168243408
train,reid,19,10,-0.6744226217269897,1.6516388654708862,1.3749390840530396,0.583071768283844,-0.9908981323242188,2.8512909412384033
train,reid,19,20,-0.9225069284439087,2.077059745788574,1.6469013690948486,0.6680691242218018,-1.0115875005722046,2.84938645362854
train,reid,19,30,-1.1636745929718018,2.491955518722534,1.912244439125061,0.7529707551002502,-1.0395225286483765,2.866964101791382
train,reid,19,40,-1.3958802223205566,2.8941643238067627,2.1706461906433105,0.8387113809585571,-1.0747506618499756,2.9049298763275146
train,reid,19,50,-1.6172261238098145,3.282423496246338,2.422908067703247,0.9271320104598999,-1.1177313327789307,2.9654386043548584
train,reid,19,60,-1.8265819549560547,3.655364513397217,2.668717861175537,1.0186614990234375,-1.1685975790023804,3.049307107925415
train,reid,19,70,-2.02360463142395,4.012029647827148,2.9073476791381836,1.1129246950149536,-1.2273502349853516,3.1566126346588135
train,reid,19,80,-2.2078301906585693,4.352143287658691,3.1392011642456055,1.2105308771133423,-1.2940312623977661,3.287846803665161
train,reid,19,90,-2.3787624835968018,4.674897193908691,3.363924026489258,1.3115742206573486,-1.369109034538269,3.4444124698638916
train,reid,19,100,-2.5366392135620117,4.980308532714844,3.5813746452331543,1.4157871007919312,-1.4524115324020386,3.6258151531219482
train,reid,20,0,0.2475561797618866,0.8008103966712952,1.4263982772827148,0.9335148334503174,-0.3874378800392151,1.7122561931610107
train,reid,20,10,-0.1814708411693573,1.23813796043396,1.5011942386627197,0.736611545085907,-0.30873537063598633,1.3570188283920288
train,reid,20,20,-0.6182063221931458,1.6815185546875,1.5771511793136597,0.5370953679084778,-0.2347739040851593,1.0128796100616455
train,reid,20,30,-1.060328483581543,2.1300694942474365,1.6559139490127563,0.33787214756011963,-0.16674239933490753,0.6840413212776184
train,reid,20,40,-1.5078972578048706,2.584073543548584,1.7377903461456299,0.13916444778442383,-0.10467113554477692,0.37060919404029846
train,reid,20,50,-1.9603160619735718,3.043391704559326,1.8232728242874146,-0.05824762582778931,-0.04874441400170326,0.07332930713891983
train,reid,20,60,-2.418029546737671,3.508327007293701,1.9122401475906372,-0.2547493875026703,0.001199238351546228,-0.20838992297649384
train,reid,20,70,-2.880388021469116,3.9786059856414795,2.005038261413574,-0.4496779441833496,0.04511071741580963,-0.4741661250591278
train,reid,20,80,-3.3476758003234863,4.454585552215576,2.1018075942993164,-0.6430774927139282,0.08297824114561081,-0.7240567207336426
train,reid,20,90,-3.818798542022705,4.935825347900391,2.203158378601074,-0.8338144421577454,0.11473643034696579,-0.957452654838562
train,reid,20,100,-4.29413366317749,5.4224443435668945,2.3087682723999023,-1.0224127769470215,0.14064396917819977,-1.175237774848938
train,reid,21,0,0.2777692973613739,0.7309622168540955,1.3770297765731812,0.8881092071533203,-0.1547546237707138,1.1179418563842773
train,reid,21,10,-0.09936506301164627,1.1812806129455566,1.5323729515075684,0.7920871376991272,-0.10646006464958191,0.8749473690986633
train,reid,21,20,-0.4745810925960541,1.6307662725448608,1.6895499229431152,0.6989564895629883,-0.06011926382780075,0.638573944568634
train,reid,21,30,-0.8512171506881714,2.08160138130188,1.847434163093567,0.6058650612831116,-0.015339815989136696,0.4062350392341614
train,reid,21,40,-1.2291206121444702,2.533862829208374,2.0063021183013916,0.5131452679634094,0.027769064530730247,0.17830994725227356
train,reid,21,50,-1.6084693670272827,2.9874374866485596,2.1658029556274414,0.42040327191352844,0.06924279034137726,-0.04540856182575226
train,reid,21,60,-1.9890527725219727,3.4422662258148193,2.326078414916992,0.3278818726539612,0.10906185209751129,-0.26479631662368774
train,reid,21,70,-2.370526075363159,3.898132085800171,2.4872851371765137,0.2359096258878708,0.14719462394714355,-0.47958672046661377
train,reid,21,80,-2.753394603729248,4.35549783706665,2.649437665939331,0.1441906839609146,0.18375173211097717,-0.6902565956115723
train,reid,21,90,-3.1374025344848633,4.813666343688965,2.811866044998169,0.05235246568918228,0.21857500076293945,-0.8964346647262573
train,reid,21,100,-3.5221457481384277,5.272909641265869,2.97541880607605,-0.03869336470961571,0.25171738862991333,-1.0979701280593872
train,reid,22,0,0.6310132741928101,0.5644193291664124,1.590335488319397,1.3008599281311035,-0.1201343908905983,1.2015477418899536
train,reid,22,10,0.26113227009773254,1.0278400182724,1.770803451538086,1.2322484254837036,-0.08581876754760742,1.0006190538406372
train,reid,22,20,-0.10609418153762817,1.4899166822433472,1.952659010887146,1.1665749549865723,-0.05282752588391304,0.8042495846748352
train,reid,22,30,-0.4727318286895752,1.9514892101287842,2.1348166465759277,1.1016684770584106,-0.020785124972462654,0.6107560992240906
train,reid,22,40,-0.8392100930213928,2.4127860069274902,2.3170855045318604,1.0371344089508057,0.010254199616611004,0.4201028048992157
train,reid,22,50,-1.2055504322052002,2.873828649520874,2.4994678497314453,0.9729709625244141,0.04024523124098778,0.23239195346832275
train,reid,22,60,-1.5714828968048096,3.3345322608947754,2.682173252105713,0.9095370769500732,0.06901642680168152,0.04819866269826889
train,reid,22,70,-1.9374574422836304,3.7951674461364746,2.865072250366211,0.8464276194572449,0.09677992016077042,-0.13316942751407623
train,reid,22,80,-2.303288221359253,4.255893707275391,3.0485947132110596,0.784126877784729,0.12340354174375534,-0.3112500011920929
train,reid,22,90,-2.6689178943634033,4.716464519500732,3.232440948486328,0.7224332094192505,0.14883390069007874,-0.48595792055130005
train,reid,22,100,-3.0347211360931396,5.177146911621094,3.416550397872925,0.6610590815544128,0.1732037514448166,-0.6577675938606262
train,reid,23,0,-0.04823966324329376,0.9286582469940186,1.1967556476593018,0.7060324549674988,-0.5122101902961731,1.8484448194503784
train,reid,23,10,-0.35392484068870544,1.3869084119796753,1.4482475519180298,0.7372778058052063,-0.5087947249412537,1.762803316116333
train,reid,23,20,-0.6549700498580933,1.8459093570709229,1.7061609029769897,0.7780611515045166,-0.5148098468780518,1.7040513753890991
train,reid,23,30,-0.9542346000671387,2.3015570640563965,1.9610881805419922,0.8181500434875488,-0.5249967575073242,1.6557731628417969
train,reid,23,40,-1.2501182556152344,2.7529265880584717,2.2138583660125732,0.8590662479400635,-0.5388813614845276,1.6175793409347534
train,reid,23,50,-1.5423588752746582,3.199702262878418,2.464470624923706,0.9009349942207336,-0.5562800168991089,1.5891599655151367
train,reid,23,60,-1.830091953277588,3.6414337158203125,2.713446617126465,0.9446581602096558,-0.5769971609115601,1.5704607963562012
train,reid,23,70,-2.1131041049957275,4.077627182006836,2.960439682006836,0.9900665879249573,-0.6009380221366882,1.5612925291061401
train,reid,23,80,-2.3912971019744873,4.50798225402832,3.2052087783813477,1.0369898080825806,-0.6279416680335999,1.5612726211547852
train,reid,23,90,-2.664048671722412,4.9319047927856445,3.4477243423461914,1.0857725143432617,-0.6580591201782227,1.5707712173461914
train,reid,23,100,-2.9314396381378174,5.3493971824646,3.6879539489746094,1.1363613605499268,-0.6913352608680725,1.5898911952972412
train,reid,24,0,-0.009113290347158909,0.9166955947875977,1.236592411994934,0.6851483583450317,-0.5148810148239136,1.882378101348877
train,reid,24,10,-0.4204455018043518,1.3824000358581543,1.3720793724060059,0.551565945148468,-0.45719683170318604,1.598149061203003
train,reid,24,20,-0.8354377150535583,1.8506748676300049,1.507460594177246,0.41671016812324524,-0.40484023094177246,1.3269234895706177
train,reid,24,30,-1.2533124685287476,2.321044445037842,1.6433717012405396,0.28131362795829773,-0.3563649654388428,1.0655503273010254
train,reid,24,40,-1.6730949878692627,2.7930352687835693,1.7804218530654907,0.14640985429286957,-0.31160780787467957,0.8141143918037415
train,reid,24,50,-2.095026969909668,3.2665462493896484,1.9181833267211914,0.01152028888463974,-0.27062007784843445,0.5725842714309692
train,reid,24,60,-2.518430709838867,3.741326093673706,2.0571017265319824,-0.12261667102575302,-0.23336058855056763,0.34117674827575684
train,reid,24,70,-2.9432849884033203,4.217153072357178,2.1968863010406494,-0.2562115490436554,-0.1998758316040039,0.11994631588459015
train,reid,24,80,-3.36970591545105,4.6941118240356445,2.337535858154297,-0.38937753438949585,-0.1699434369802475,-0.09169544279575348
train,reid,24,90,-3.796630859375,5.171356201171875,2.4790892601013184,-0.5214087963104248,-0.14389461278915405,-0.2925672233104706
train,reid,24,100,-4.22463846206665,5.6493916511535645,2.621605396270752,-0.6526476144790649,-0.12143278121948242,-0.48358142375946045
train,reid,25,0,0.593041181564331,0.49622687697410583,1.4613080024719238,1.136539340019226,0.17510421574115753,0.4064980149269104
train,reid,25,10,0.2758943736553192,0.9913654923439026,1.7491447925567627,1.1926486492156982,0.16941994428634644,0.34810370206832886
train,reid,25,20,-0.02274368144571781,1.4768660068511963,2.045910120010376,1.2683603763580322,0.15326248109340668,0.32516568899154663
train,reid,25,30,-0.3164714574813843,1.9566569328308105,2.340651512145996,1.3456772565841675,0.13449221849441528,0.3103373646736145
train,reid,25,40,-0.6059592366218567,2.4317188262939453,2.633882522583008,1.4245762825012207,0.11357047408819199,0.3022227883338928
train,reid,25,50,-0.8907769918441772,2.9020462036132812,2.926192283630371,1.505813479423523,0.0903678610920906,0.30146172642707825
train,reid,25,60,-1.1712677478790283,3.36751651763916,3.217024803161621,1.5886616706848145,0.06533273309469223,0.3066851794719696
train,reid,25,70,-1.4467417001724243,3.8280584812164307,3.5071375370025635,1.6742253303527832,0.03796008974313736,0.3195963203907013
train,reid,25,80,-1.7177437543869019,4.283201694488525,3.7952322959899902,1.76103937625885,0.008780754171311855,0.33839288353919983
train,reid,25,90,-1.9829893112182617,4.732947826385498,4.082932472229004,1.8513128757476807,-0.023003356531262398,0.3659350275993347
train,reid,25,100,-2.2439146041870117,5.177011489868164,4.368081092834473,1.94228196144104,-0.05641216039657593,0.3987717032432556
train,reid,26,0,0.8881216049194336,0.4365271031856537,1.7544755935668945,1.53748619556427,-0.019394714385271072,1.0842097997665405
train,reid,26,10,0.4539976716041565,0.9243417382240295,1.891444444656372,1.391750693321228,0.041151270270347595,0.7850832343101501
train,reid,26,20,0.014441870152950287,1.4169974327087402,2.030254364013672,1.2445716857910156,0.10093677043914795,0.487396776676178
train,reid,26,30,-0.42761436104774475,1.9121646881103516,2.170785903930664,1.0978304147720337,0.15821272134780884,0.19642750918865204
train,reid,26,40,-0.8727884292602539,2.410153388977051,2.312598943710327,0.9508523941040039,0.2127363234758377,-0.0875760018825531
train,reid,26,50,-1.3210511207580566,2.910996437072754,2.4557321071624756,0.8037164807319641,0.26432138681411743,-0.3641396164894104
train,reid,26,60,-1.7723274230957031,3.41463565826416,2.6001548767089844,0.656481146812439,0.3127361536026001,-0.632670521736145
train,reid,26,70,-2.2262914180755615,3.9209561347961426,2.746076822280884,0.5094944834709167,0.35802173614501953,-0.8931320905685425
train,reid,26,80,-2.6830339431762695,4.429812431335449,2.8931620121002197,0.3624621331691742,0.4000128209590912,-1.1452155113220215
train,reid,26,90,-3.1421289443969727,4.94141149520874,3.042275905609131,0.21631121635437012,0.43884724378585815,-1.388917088508606
train,reid,26,100,-3.6038925647735596,5.455657005310059,3.1928369998931885,0.07038439810276031,0.47452837228775024,-1.624513864517212
train,reid,27,0,0.052462443709373474,0.8760415315628052,1.2631202936172485,0.7814872860908508,-0.35779812932014465,1.5111945867538452
train,reid,27,10,-0.18186211585998535,1.348252296447754,1.6201574802398682,0.9482129216194153,-0.3995874524116516,1.5874990224838257
train,reid,27,20,-0.39555758237838745,1.8317927122116089,2.0197572708129883,1.1656618118286133,-0.46489956974983215,1.7409943342208862
train,reid,27,30,-0.6142961978912354,2.3226478099823,2.425534248352051,1.3868260383605957,-0.5388710498809814,1.9174386262893677
train,reid,27,40,-0.8380582332611084,2.819805145263672,2.8363282680511475,1.610808253288269,-0.6215035915374756,2.1167256832122803
train,reid,27,50,-1.0682802200317383,3.323856830596924,3.2514052391052246,1.8361999988555908,-0.7126730680465698,2.337947130203247
train,reid,27,60,-1.305283784866333,3.8348147869110107,3.6704111099243164,2.062699556350708,-0.8132078051567078,2.5830438137054443
train,reid,27,70,-1.5503071546554565,4.353689670562744,4.0934038162231445,2.289757013320923,-0.9235197305679321,2.852682590484619
train,reid,27,80,-1.8035447597503662,4.880312442779541,4.51992130279541,2.517061233520508,-1.0444867610931396,3.148940324783325
train,reid,27,90,-2.0657296180725098,5.414748191833496,4.949277400970459,2.743739604949951,-1.176526665687561,3.4725356101989746
train,reid,27,100,-2.337895393371582,5.957459449768066,5.380893707275391,2.9688143730163574,-1.3199665546417236,3.8237881660461426
train,reid,28,0,1.2955762147903442,0.1609659641981125,1.9281017780303955,1.8422791957855225,0.5406829714775085,-0.1418122947216034
train,reid,28,10,0.8506012558937073,0.6965503692626953,2.117304563522339,1.7358458042144775,0.586327075958252,-0.3969384729862213
train,reid,28,20,0.4048019349575043,1.2341511249542236,2.3083200454711914,1.6310136318206787,0.628783643245697,-0.6438406109809875
train,reid,28,30,-0.040878381580114365,1.7705000638961792,2.4980177879333496,1.5255488157272339,0.6691124439239502,-0.8852647542953491
train,reid,28,40,-0.485781192779541,2.3053836822509766,2.687037229537964,1.4203178882598877,0.7074935436248779,-1.1212249994277954
train,reid,28,50,-0.9297657608985901,2.838449478149414,2.8751158714294434,1.3151360750198364,0.7442430853843689,-1.352506160736084
train,reid,28,60,-1.3724552392959595,3.3696694374084473,3.0627024173736572,1.2105939388275146,0.7792919874191284,-1.578685998916626
train,reid,28,70,-1.813907504081726,3.8991527557373047,3.2499046325683594,1.1067308187484741,0.8127408623695374,-1.8000147342681885
train,reid,28,80,-2.254074811935425,4.426753044128418,3.4365553855895996,1.003432035446167,0.844619870185852,-2.016591787338257
train,reid,28,90,-2.6928181648254395,4.952544689178467,3.6229255199432373,0.9010136723518372,0.874846339225769,-2.228105306625366
train,reid,28,100,-3.1299374103546143,5.476406097412109,3.809072971343994,0.7996314167976379,0.9034454822540283,-2.43455171585083
train,reid,29,0,0.1340208798646927,0.7530063986778259,1.2151284217834473,0.7246613502502441,-0.13903991878032684,0.9792293310165405
train,reid,29,10,-0.22772517800331116,1.2148832082748413,1.4036612510681152,0.6679219007492065,-0.10975721478462219,0.7960110306739807
train,reid,29,20,-0.586163341999054,1.6734611988067627,1.591333031654358,0.6131964325904846,-0.08528244495391846,0.6260724067687988
train,reid,29,30,-0.9423661828041077,2.1289477348327637,1.7774488925933838,0.5588090419769287,-0.06269592046737671,0.4615468382835388
train,reid,29,40,-1.2962489128112793,2.5810348987579346,1.9618902206420898,0.5046055316925049,-0.041345588862895966,0.30088138580322266
train,reid,29,50,-1.6473288536071777,3.0297350883483887,2.1452488899230957,0.45137208700180054,-0.02135830745100975,0.14467647671699524
train,reid,29,60,-1.995929479598999,3.475055456161499,2.3272178173065186,0.3986088037490845,-0.0024073608219623566,-0.008024703711271286
train,reid,29,70,-2.3418378829956055,3.917067289352417,2.508152961730957,0.34674233198165894,0.015490069054067135,-0.15705356001853943
train,reid,29,80,-2.6851589679718018,4.355698108673096,2.687798500061035,0.2955266535282135,0.03217819333076477,-0.3021046221256256
train,reid,29,90,-3.0258731842041016,4.791123867034912,2.8664298057556152,0.24517373740673065,0.047795698046684265,-0.4434759318828583
train,reid,29,100,-3.36362361907959,5.223061561584473,3.0440876483917236,0.19595137238502502,0.06215595453977585,-0.5805404186248779
train,depablo_low_temp,30,0,-0.40452662110328674,1.1126689910888672,1.045756220817566,0.5310418605804443,-0.5941801071166992,1.9456802606582642
train,depablo_low_temp,30,10,-0.7012826204299927,1.535508155822754,1.2632124423980713,0.5361208915710449,-0.57705157995224,1.8275187015533447
train,depablo_low_temp,30,20,-0.9766984581947327,1.9543875455856323,1.5015803575515747,0.5727952122688293,-0.5729900598526001,1.755146861076355
train,depablo_low_temp,30,30,-1.2505532503128052,2.3718061447143555,1.7400850057601929,0.6109172701835632,-0.5711250305175781,1.6891162395477295
train,depablo_low_temp,30,40,-1.5234054327011108,2.7883265018463135,1.9788243770599365,0.650242805480957,-0.5714283585548401,1.6291661262512207
train,depablo_low_temp,30,50,-1.795082449913025,3.20369029045105,2.217650890350342,0.6907892227172852,-0.5741006731987,1.5758432149887085
train,depablo_low_temp,30,60,-2.0652413368225098,3.6174683570861816,2.456345558166504,0.7325998544692993,-0.5792750716209412,1.5295429229736328
train,depablo_low_temp,30,70,-2.334627151489258,4.030389785766602,2.6950979232788086,0.775378942489624,-0.5868244767189026,1.4897583723068237
train,depablo_low_temp,30,80,-2.60250186920166,4.441610336303711,2.9335813522338867,0.8193666934967041,-0.5971356630325317,1.4576363563537598
train,depablo_low_temp,30,90,-2.8692939281463623,4.85142707824707,3.1717896461486816,0.864266037940979,-0.610021710395813,1.4326239824295044
train,depablo_low_temp,30,100,-3.134870767593384,5.259866714477539,3.409862756729126,0.9103387594223022,-0.6258304715156555,1.4156426191329956
train,depablo_low_temp,31,0,0.5277374386787415,0.7883339524269104,1.8682551383972168,1.6887688636779785,-0.4537648856639862,2.2002675533294678
train,depablo_low_temp,31,10,0.3855770528316498,1.1754180192947388,2.231248378753662,1.9126405715942383,-0.5103975534439087,2.364466428756714
train,depablo_low_temp,31,20,0.31402918696403503,1.5425312519073486,2.6605823040008545,2.2381224632263184,-0.607004702091217,2.6757383346557617
train,depablo_low_temp,31,30,0.2306760996580124,1.9282329082489014,3.1077489852905273,2.5744645595550537,-0.7195360660552979,3.0310487747192383
train,depablo_low_temp,31,40,0.12529993057250977,2.3375701904296875,3.5666868686676025,2.910681962966919,-0.8471118211746216,3.4228708744049072
train,depablo_low_temp,31,50,-0.005119577050209045,2.7722890377044678,4.036017417907715,3.2439157962799072,-0.9897035360336304,3.8496944904327393
train,depablo_low_temp,31,60,-0.16246329247951508,3.233194351196289,4.514486312866211,3.5720343589782715,-1.1471858024597168,4.310218811035156
train,depablo_low_temp,31,70,-0.348560094833374,3.720665216445923,5.000224590301514,3.8922905921936035,-1.3185300827026367,4.800642013549805
train,depablo_low_temp,31,80,-0.5641568899154663,4.234879970550537,5.49252986907959,4.203620433807373,-1.5034005641937256,5.319666862487793
train,depablo_low_temp,31,90,-0.8100384473800659,4.775779724121094,5.990175247192383,4.504417896270752,-1.7008819580078125,5.864282131195068
train,depablo_low_temp,31,100,-1.0867652893066406,5.34297513961792,6.491727352142334,4.7930498123168945,-1.910169005393982,6.4317803382873535
train,depablo_low_temp,32,0,0.027092119678854942,1.1329902410507202,1.6215609312057495,1.325670599937439,-1.1641944646835327,3.717245578765869
train,depablo_low_temp,32,10,-0.23598529398441315,1.5409278869628906,1.8619633913040161,1.3680148124694824,-1.149436116218567,3.6254069805145264
train,depablo_low_temp,32,20,-0.4859897196292877,1.946717381477356,2.1179356575012207,1.431366205215454,-1.139700174331665,3.556161403656006
train,depablo_low_temp,32,30,-0.7373636960983276,2.3551464080810547,2.3770711421966553,1.4972187280654907,-1.1331987380981445,3.4959089756011963
train,depablo_low_temp,32,40,-0.9915494918823242,2.7672157287597656,2.6388213634490967,1.5643609762191772,-1.1302714347839355,3.444776773452759
train,depablo_low_temp,32,50,-1.2492552995681763,3.183464765548706,2.9030253887176514,1.6322762966156006,-1.1310653686523438,3.4028472900390625
train,depablo_low_temp,32,60,-1.5106521844863892,3.60441255569458,3.1702849864959717,1.7014381885528564,-1.1359837055206299,3.371248245239258
train,depablo_low_temp,32,70,-1.7768096923828125,4.030747890472412,3.4401581287384033,1.7708520889282227,-1.1449240446090698,3.349191427230835
train,depablo_low_temp,32,80,-2.0478250980377197,4.462251663208008,3.712275505065918,1.8402115106582642,-1.1581246852874756,3.3372161388397217
train,depablo_low_temp,32,90,-2.323582410812378,4.899184226989746,3.9871826171875,1.9101076126098633,-1.1760413646697998,3.336670398712158
train,depablo_low_temp,32,100,-2.6045467853546143,5.341610908508301,4.264390468597412,1.9799001216888428,-1.1987487077713013,3.347463369369507
train,depablo_low_temp,33,0,0.6802874207496643,0.44705232977867126,1.482903242111206,1.361557960510254,0.2549763023853302,0.22160018980503082
train,depablo_low_temp,33,10,0.14824217557907104,0.9677202701568604,1.5459580421447754,1.0933440923690796,0.35058748722076416,-0.2170364260673523
train,depablo_low_temp,33,20,-0.39471742510795593,1.4935683012008667,1.6039979457855225,0.8159393072128296,0.43955788016319275,-0.6426595449447632
train,depablo_low_temp,33,30,-0.9421902298927307,2.0236051082611084,1.664405345916748,0.5391228199005127,0.5215543508529663,-1.0501015186309814
train,depablo_low_temp,33,40,-1.4932515621185303,2.5571789741516113,1.7275822162628174,0.26367199420928955,0.5970346927642822,-1.4400185346603394
train,depablo_low_temp,33,50,-2.04717755317688,3.0942230224609375,1.7943146228790283,-0.009320744313299656,0.6658279299736023,-1.8115687370300293
train,depablo_low_temp,33,60,-2.603883743286133,3.6345889568328857,1.8644965887069702,-0.2799234092235565,0.7280665040016174,-2.165076971054077
train,depablo_low_temp,33,70,-3.1625285148620605,4.177865982055664,1.9384876489639282,-0.5473306775093079,0.7835899591445923,-2.4998226165771484
train,depablo_low_temp,33,80,-3.723099946975708,4.724121570587158,2.01641583442688,-0.8114699721336365,0.8326091766357422,-2.8163087368011475
train,depablo_low_temp,33,90,-4.284661293029785,5.272827625274658,2.098564386367798,-1.071535348892212,0.874897301197052,-3.1136367321014404
train,depablo_low_temp,33,100,-4.847355842590332,5.824031829833984,2.184852123260498,-1.327729344367981,0.9107583165168762,-3.392637014389038
train,depablo_low_temp,34,0,0.2882722020149231,0.8727562427520752,1.67755126953125,1.388013482093811,-0.4246264100074768,1.984870195388794
train,depablo_low_temp,34,10,0.09340323507785797,1.2869991064071655,2.0098159313201904,1.555031418800354,-0.4710748791694641,2.0936691761016846
train,depablo_low_temp,34,20,-0.0654587522149086,1.6889690160751343,2.3705174922943115,1.7717185020446777,-0.551798403263092,2.3108718395233154
train,depablo_low_temp,34,30,-0.226210355758667,2.089252471923828,2.7286131381988525,1.9873528480529785,-0.6439840197563171,2.557644844055176
train,depablo_low_temp,34,40,-0.3882399797439575,2.4878201484680176,3.0852200984954834,2.203056573867798,-0.7468085289001465,2.8325603008270264
train,depablo_low_temp,34,50,-0.5523386001586914,2.8852035999298096,3.4402332305908203,2.418236017227173,-0.8598842620849609,3.1343557834625244
train,depablo_low_temp,34,60,-0.7192474603652954,3.2816412448883057,3.7931628227233887,2.632011890411377,-0.9829176068305969,3.4619760513305664
train,depablo_low_temp,34,70,-0.8894354701042175,3.67783784866333,4.144498825073242,2.8445444107055664,-1.1160345077514648,3.815706253051758
train,depablo_low_temp,34,80,-1.0635900497436523,4.074061393737793,4.493806838989258,3.0550429821014404,-1.258985996246338,4.194596290588379
train,depablo_low_temp,34,90,-1.2422584295272827,4.47075080871582,4.841099262237549,3.263152599334717,-1.4115052223205566,4.597805976867676
train,depablo_low_temp,34,100,-1.4261748790740967,4.868135929107666,5.1857099533081055,3.4678268432617188,-1.5731251239776611,5.023674964904785
train,depablo_low_temp,35,0,-0.7836699485778809,1.3083794116973877,0.7368266582489014,0.10897908359766006,-0.8968932032585144,2.4307057857513428
train,depablo_low_temp,35,10,-1.1957173347473145,1.736212968826294,0.8237193822860718,-0.06922662258148193,-0.8129590153694153,2.072918653488159
train,depablo_low_temp,35,20,-1.6198691129684448,2.1762278079986572,0.9162457585334778,-0.24891552329063416,-0.7333779335021973,1.725211262702942
train,depablo_low_temp,35,30,-2.0580408573150635,2.63171648979187,1.0161247253417969,-0.4295479655265808,-0.6595653295516968,1.3905454874038696
train,depablo_low_temp,35,40,-2.5108814239501953,3.1036217212677,1.1237804889678955,-0.6110965013504028,-0.5918135046958923,1.0694564580917358
train,depablo_low_temp,35,50,-2.978980779647827,3.593261241912842,1.240324854850769,-0.7929413914680481,-0.5304360389709473,0.7627559304237366
train,depablo_low_temp,35,60,-3.462876796722412,4.101049423217773,1.365598440170288,-0.9755003452301025,-0.475539892911911,0.4704427123069763
train,depablo_low_temp,35,70,-3.9624457359313965,4.627065658569336,1.4998846054077148,-1.1584254503250122,-0.42737501859664917,0.19326922297477722
train,depablo_low_temp,35,80,-4.477788925170898,5.171985626220703,1.64388108253479,-1.3411905765533447,-0.38603121042251587,-0.06851273030042648
train,depablo_low_temp,35,90,-5.008793354034424,5.735458850860596,1.7972257137298584,-1.5239949226379395,-0.35169321298599243,-0.31445741653442383
train,depablo_low_temp,35,100,-5.555971145629883,6.318183422088623,1.9602417945861816,-1.7069039344787598,-0.3241726756095886,-0.5451863408088684
train,depablo_low_temp,36,0,0.8398955464363098,0.4393663704395294,1.7746679782867432,1.6505334377288818,0.41675621271133423,0.023130998015403748
train,depablo_low_temp,36,10,0.5083765983581543,0.947045624256134,2.0704686641693115,1.703391671180725,0.4123818576335907,-0.03432910144329071
train,depablo_low_temp,36,20,0.19470757246017456,1.4520024061203003,2.38565731048584,1.783419132232666,0.40105265378952026,-0.06265316158533096
train,depablo_low_temp,36,30,-0.11767561733722687,1.9578206539154053,2.7041683197021484,1.8672504425048828,0.38790813088417053,-0.08492576330900192
train,depablo_low_temp,36,40,-0.43025702238082886,2.464937448501587,3.024658203125,1.9530105590820312,0.3725537657737732,-0.10100699961185455
train,depablo_low_temp,36,50,-0.7427290081977844,2.9734420776367188,3.347614049911499,2.041395664215088,0.354351669549942,-0.1090623289346695
train,depablo_low_temp,36,60,-1.055489420890808,3.483368396759033,3.6725926399230957,2.1318423748016357,0.3331664800643921,-0.10897905379533768
train,depablo_low_temp,36,70,-1.3683695793151855,3.9946489334106445,3.9997453689575195,2.2245876789093018,0.3088863492012024,-0.10035229474306107
train,depablo_low_temp,36,80,-1.6817500591278076,4.507470607757568,4.328908443450928,2.319284439086914,0.28153157234191895,-0.08338093757629395
train,depablo_low_temp,36,90,-1.9954334497451782,5.021921634674072,4.660463333129883,2.416400194168091,0.2508508861064911,-0.0572647750377655
train,depablo_low_temp,36,100,-2.3096225261688232,5.537939548492432,4.994119167327881,2.515587329864502,0.2168157398700714,-0.022029519081115723
train,depablo_low_temp,37,0,0.7638830542564392,0.5681114792823792,1.929115891456604,1.7466411590576172,0.2818393409252167,0.4495857357978821
train,depablo_low_temp,37,10,0.6279855966567993,0.9743351340293884,2.3286120891571045,2.0089335441589355,0.20119300484657288,0.68467116355896
train,depablo_low_temp,37,20,0.5431907176971436,1.3761396408081055,2.7920827865600586,2.359191417694092,0.08438113331794739,1.0486115217208862
train,depablo_low_temp,37,30,0.4490843415260315,1.7945513725280762,3.2728288173675537,2.720916986465454,-0.046410463750362396,1.4517642259597778
train,depablo_low_temp,37,40,0.34064048528671265,2.232835054397583,3.7689566612243652,3.090043067932129,-0.19332070648670197,1.8973000049591064
train,depablo_low_temp,37,50,0.21463268995285034,2.69317626953125,4.279577732086182,3.4642066955566406,-0.3575561046600342,2.3869993686676025
train,depablo_low_temp,37,60,0.06905350834131241,3.177368640899658,4.804866790771484,3.8425958156585693,-0.540155291557312,2.9229025840759277
train,depablo_low_temp,37,70,-0.09828712046146393,3.686647415161133,5.344067096710205,4.223409175872803,-0.7414450645446777,3.5050251483917236
train,depablo_low_temp,37,80,-0.2893126308917999,4.222690582275391,5.897403240203857,4.605808734893799,-0.9617653489112854,4.133708953857422
train,depablo_low_temp,37,90,-0.506217360496521,4.786828517913818,6.464180946350098,4.987987995147705,-1.2011367082595825,4.808135032653809
train,depablo_low_temp,37,100,-0.7510810494422913,5.380980968475342,7.044737815856934,5.369095325469971,-1.4597809314727783,5.528285980224609
train,depablo_low_temp,38,0,0.9359197616577148,0.28832513093948364,1.6834913492202759,1.5932189226150513,0.652611494064331,-0.5785086154937744
train,depablo_low_temp,38,10,0.5780591368675232,0.7770930528640747,1.9207383394241333,1.5805354118347168,0.6658884286880493,-0.7027124762535095
train,depablo_low_temp,38,20,0.24460650980472565,1.2612907886505127,2.1832194328308105,1.60428786277771,0.6682295203208923,-0.783729612827301
train,depablo_low_temp,38,30,-0.08748755604028702,1.7460577487945557,2.4486613273620605,1.631582260131836,0.668863832950592,-0.8590357899665833
train,depablo_low_temp,38,40,-0.4190272092819214,2.231295347213745,2.7157180309295654,1.6608655452728271,0.6677364110946655,-0.9291795492172241
train,depablo_low_temp,38,50,-0.749713122844696,2.716942071914673,2.9845826625823975,1.6925458908081055,0.664405882358551,-0.9929382801055908
train,depablo_low_temp,38,60,-1.0799435377120972,3.203110456466675,3.2548980712890625,1.7260727882385254,0.6590613722801208,-1.0510283708572388
train,depablo_low_temp,38,70,-1.409744143486023,3.6896438598632812,3.5264437198638916,1.761252760887146,0.6516711711883545,-1.1034048795700073
train,depablo_low_temp,38,80,-1.7383732795715332,4.176356315612793,3.7998135089874268,1.7990877628326416,0.6417545676231384,-1.1484801769256592
train,depablo_low_temp,38,90,-2.0662152767181396,4.663242816925049,4.074575901031494,1.8389627933502197,0.6295464038848877,-1.187061071395874
train,depablo_low_temp,38,100,-2.3934409618377686,5.150325775146484,4.350566387176514,1.8806496858596802,0.6150404810905457,-1.21921706199646
train,depablo_low_temp,39,0,0.4829258322715759,0.6126784682273865,1.4676438570022583,1.2831223011016846,-0.01687224954366684,0.8588638305664062
train,depablo_low_temp,39,10,0.058639004826545715,1.1064298152923584,1.626749873161316,1.1617885828018188,0.03871094807982445,0.5825744867324829
train,depablo_low_temp,39,20,-0.36355626583099365,1.6007957458496094,1.790290355682373,1.0455375909805298,0.09270911663770676,0.3126838803291321
train,depablo_low_temp,39,30,-0.7869827747344971,2.0970680713653564,1.9557015895843506,0.9303787350654602,0.1452360451221466,0.04696375131607056
train,depablo_low_temp,39,40,-1.212057113647461,2.5956151485443115,2.1229336261749268,0.8160622119903564,0.19611066579818726,-0.21431322395801544
train,depablo_low_temp,39,50,-1.6392138004302979,3.0965065956115723,2.2915258407592773,0.701958417892456,0.24534925818443298,-0.47144514322280884
train,depablo_low_temp,39,60,-2.0679571628570557,3.599841356277466,2.4622299671173096,0.5889869332313538,0.29283639788627625,-0.7238138914108276
train,depablo_low_temp,39,70,-2.498676300048828,4.105612754821777,2.634550094604492,0.4765169024467468,0.3385947048664093,-0.9717161059379578
train,depablo_low_temp,39,80,-2.931225061416626,4.6138386726379395,2.8086585998535156,0.36477184295654297,0.3826155960559845,-1.2150685787200928
train,depablo_low_temp,39,90,-3.365419864654541,5.124631881713867,2.9849491119384766,0.2541789710521698,0.42491257190704346,-1.4537535905838013
train,depablo_low_temp,39,100,-3.8015565872192383,5.637996673583984,3.1630465984344482,0.14426875114440918,0.46544426679611206,-1.687861680984497
train,depablo_low_temp,40,0,-0.1402803212404251,1.0347634553909302,1.21757173538208,0.852623701095581,-0.7647681832313538,2.4710867404937744
train,depablo_low_temp,40,10,-0.48238253593444824,1.4624930620193481,1.3862873315811157,0.7875836491584778,-0.7203199863433838,2.255702257156372
train,depablo_low_temp,40,20,-0.8182123899459839,1.8882620334625244,1.561201810836792,0.7314713597297668,-0.6771193742752075,2.047792434692383
train,depablo_low_temp,40,30,-1.1564433574676514,2.317216396331787,1.7380871772766113,0.6757563352584839,-0.6347339749336243,1.8417738676071167
train,depablo_low_temp,40,40,-1.4975677728652954,2.7497570514678955,1.9167842864990234,0.620101273059845,-0.593609094619751,1.6385103464126587
train,depablo_low_temp,40,50,-1.8415639400482178,3.18570876121521,2.0971121788024902,0.5643314123153687,-0.5535441637039185,1.4374908208847046
train,depablo_low_temp,40,60,-2.1879944801330566,3.624854326248169,2.279250383377075,0.5088882446289062,-0.5147649645805359,1.2394500970840454
train,depablo_low_temp,40,70,-2.5372958183288574,4.0674567222595215,2.4630489349365234,0.4533759653568268,-0.47713130712509155,1.0438472032546997
train,depablo_low_temp,40,80,-2.8888938426971436,4.513131141662598,2.6486592292785645,0.39828062057495117,-0.4408201575279236,0.8513646721839905
train,depablo_low_temp,40,90,-3.2431867122650146,4.962397575378418,2.8363466262817383,0.34354329109191895,-0.40559253096580505,0.6613180637359619
train,depablo_low_temp,40,100,-3.6003830432891846,5.415043830871582,3.0255367755889893,0.28857284784317017,-0.37142181396484375,0.4734310507774353
train,depablo_low_temp,41,0,-0.13461561501026154,1.0373544692993164,1.196568489074707,0.8457262516021729,-0.822898805141449,2.5885531902313232
train,depablo_low_temp,41,10,-0.5779433250427246,1.4801908731460571,1.2610278129577637,0.6317585110664368,-0.7417886853218079,2.2198846340179443
train,depablo_low_temp,41,20,-1.0274964570999146,1.9278703927993774,1.3270474672317505,0.4166297912597656,-0.6668745875358582,1.8668010234832764
train,depablo_low_temp,41,30,-1.4827394485473633,2.380838632583618,1.3956570625305176,0.20161005854606628,-0.5989279747009277,1.5315461158752441
train,depablo_low_temp,41,40,-1.9431827068328857,2.838505268096924,1.4666235446929932,-0.013198724016547203,-0.538020133972168,1.214443564414978
train,depablo_low_temp,41,50,-2.407907724380493,3.3003957271575928,1.5403470993041992,-0.22694183886051178,-0.48416584730148315,0.9158952236175537
train,depablo_low_temp,41,60,-2.876380681991577,3.766036033630371,1.6168421506881714,-0.43929940462112427,-0.4373587965965271,0.6360942721366882
train,depablo_low_temp,41,70,-3.348351001739502,4.235071659088135,1.6958527565002441,-0.6503556966781616,-0.39749306440353394,0.3747645318508148
train,depablo_low_temp,41,80,-3.822749614715576,4.707033157348633,1.7779960632324219,-0.8590220808982849,-0.36445412039756775,0.13210666179656982
train,depablo_low_temp,41,90,-4.2994232177734375,5.181527614593506,1.8628599643707275,-1.065518856048584,-0.3383626937866211,-0.09163779765367508
train,depablo_low_temp,41,100,-4.777993679046631,5.658518314361572,1.9508347511291504,-1.269378662109375,-0.3188541531562805,-0.29720503091812134
train,depablo_low_temp,42,0,1.6423226594924927,-0.004126095212996006,2.2971749305725098,2.440762758255005,0.8760326504707336,-0.638779878616333
train,depablo_low_temp,42,10,1.476130485534668,0.46606433391571045,2.7480125427246094,2.7306017875671387,0.7748385667800903,-0.350848913192749
train,depablo_low_temp,42,20,1.3824427127838135,0.9316962957382202,3.2874016761779785,3.1452698707580566,0.6095254421234131,0.15042318403720856
train,depablo_low_temp,42,30,1.277613639831543,1.4116144180297852,3.8388562202453613,3.5673668384552,0.4228290617465973,0.708711564540863
train,depablo_low_temp,42,40,1.1555368900299072,1.9064021110534668,4.395627498626709,3.9873740673065186,0.2178557962179184,1.3123782873153687
train,depablo_low_temp,42,50,1.014309287071228,2.4160096645355225,4.955291271209717,4.402050971984863,-0.004377605859190226,1.9576079845428467
train,depablo_low_temp,42,60,0.8532442450523376,2.9398193359375,5.516067028045654,4.809534549713135,-0.24373464286327362,2.643397808074951
train,depablo_low_temp,42,70,0.6713465452194214,3.477496385574341,6.076192378997803,5.207634449005127,-0.4991556704044342,3.3662428855895996
train,depablo_low_temp,42,80,0.4681257903575897,4.028236389160156,6.633777141571045,5.594401836395264,-0.7698875665664673,4.123539924621582
train,depablo_low_temp,42,90,0.24393387138843536,4.590714454650879,7.18726110458374,5.968705177307129,-1.0555684566497803,4.914083003997803
train,depablo_low_temp,42,100,-0.0013324490282684565,5.163891315460205,7.734913349151611,6.328913688659668,-1.3552615642547607,5.734959125518799
train,depablo_low_temp,43,0,0.3092750012874603,0.7164906859397888,1.4779841899871826,1.1637258529663086,0.06791563332080841,0.65761798620224
train,depablo_low_temp,43,10,0.08940397948026657,1.1315728425979614,1.78268563747406,1.2905011177062988,0.04645390808582306,0.6880658864974976
train,depablo_low_temp,43,20,-0.10201646387577057,1.5344606637954712,2.1067428588867188,1.4515362977981567,0.012435326352715492,0.766116738319397
train,depablo_low_temp,43,30,-0.29411160945892334,1.9394760131835938,2.4338338375091553,1.6153302192687988,-0.025251632556319237,0.8545246124267578
train,depablo_low_temp,43,40,-0.4865947365760803,2.3465278148651123,2.7643251419067383,1.78244948387146,-0.06712442636489868,0.9548804759979248
train,depablo_low_temp,43,50,-0.6800453662872314,2.7558445930480957,3.0978784561157227,1.9522801637649536,-0.11314499378204346,1.0668423175811768
train,depablo_low_temp,43,60,-0.8747443556785583,3.167665481567383,3.4345808029174805,2.1248068809509277,-0.16366656124591827,1.191273808479309
train,depablo_low_temp,43,70,-1.071017861366272,3.582456111907959,3.7747433185577393,2.30010724067688,-0.21874560415744781,1.328310489654541
train,depablo_low_temp,43,80,-1.2689653635025024,4.000094413757324,4.118160724639893,2.478003740310669,-0.2786291241645813,1.4785540103912354
train,depablo_low_temp,43,90,-1.469266414642334,4.421380996704102,4.465175628662109,2.658416748046875,-0.3434354066848755,1.6421641111373901
train,depablo_low_temp,43,100,-1.6721367835998535,4.846403121948242,4.81569766998291,2.8411917686462402,-0.4134327173233032,1.819769024848938
train,depablo_low_temp,44,0,0.9433366060256958,0.257073312997818,1.598041296005249,1.5343217849731445,0.6740684509277344,-0.6987508535385132
train,depablo_low_temp,44,10,0.43802738189697266,0.7959494590759277,1.72073233127594,1.3335363864898682,0.7525670528411865,-1.0710195302963257
train,depablo_low_temp,44,20,-0.07164137810468674,1.3415577411651611,1.8490281105041504,1.1355764865875244,0.8267191648483276,-1.4315210580825806
train,depablo_low_temp,44,30,-0.5838149189949036,1.8902459144592285,1.979833722114563,0.9388453960418701,0.8974215984344482,-1.7826998233795166
train,depablo_low_temp,44,40,-1.09846830368042,2.4420382976531982,2.1130754947662354,0.7433022260665894,0.9646320343017578,-2.1245336532592773
train,depablo_low_temp,44,50,-1.6154499053955078,2.996690034866333,2.2485592365264893,0.5488619804382324,1.028409481048584,-2.4571800231933594
train,depablo_low_temp,44,60,-2.1346402168273926,3.554265022277832,2.3865201473236084,0.35579627752304077,1.0886986255645752,-2.780411958694458
train,depablo_low_temp,44,70,-2.6555471420288086,4.114490985870361,2.52714467048645,0.16454294323921204,1.1454664468765259,-3.0939507484436035
train,depablo_low_temp,44,80,-3.1786766052246094,4.677499771118164,2.6699910163879395,-0.02557295374572277,1.198857069015503,-3.398442029953003
train,depablo_low_temp,44,90,-3.7028098106384277,5.242847919464111,2.815868616104126,-0.21314473450183868,1.24858820438385,-3.692598581314087
train,depablo_low_temp,44,100,-4.2284746170043945,5.810641765594482,2.964303493499756,-0.39890533685684204,1.2949185371398926,-3.977360725402832
train,depablo_low_temp,45,0,0.6345100402832031,0.6048290729522705,1.797471523284912,1.5717644691467285,0.24002483487129211,0.4594188928604126
train,depablo_low_temp,45,10,0.44352078437805176,1.0526031255722046,2.183884382247925,1.788040280342102,0.1771153211593628,0.6249797344207764
train,depablo_low_temp,45,20,0.3180447220802307,1.4824073314666748,2.630953788757324,2.098473072052002,0.07249774038791656,0.9377037286758423
train,depablo_low_temp,45,30,0.18842965364456177,1.9171879291534424,3.0844273567199707,2.414421319961548,-0.045895375311374664,1.288361668586731
train,depablo_low_temp,45,40,0.049269899725914,2.3591299057006836,3.5404253005981445,2.729480028152466,-0.17711807787418365,1.6715799570083618
train,depablo_low_temp,45,50,-0.10075759142637253,2.808422088623047,3.997490406036377,3.0416831970214844,-0.3211044371128082,2.086376428604126
train,depablo_low_temp,45,60,-0.26234492659568787,3.265131711959839,4.454801082611084,3.3499574661254883,-0.4777655005455017,2.532060384750366
train,depablo_low_temp,45,70,-0.43620026111602783,3.7289481163024902,4.910941123962402,3.6526293754577637,-0.6465015411376953,3.0064961910247803
train,depablo_low_temp,45,80,-0.6225982904434204,4.199256896972656,5.3646345138549805,3.948385715484619,-0.8266746997833252,3.5076308250427246
train,depablo_low_temp,45,90,-0.8218814134597778,4.676027297973633,5.815329074859619,4.236469268798828,-1.0176886320114136,4.033656120300293
train,depablo_low_temp,45,100,-1.0339925289154053,5.158476829528809,6.261861324310303,4.515838623046875,-1.218836784362793,4.582448482513428
train,depablo_low_temp,46,0,1.3536959886550903,0.19517448544502258,2.1635866165161133,2.233682155609131,0.525825560092926,0.08543704450130463
train,depablo_low_temp,46,10,1.2142515182495117,0.6256157755851746,2.593344211578369,2.5191078186035156,0.4405461251735687,0.3383554220199585
train,depablo_low_temp,46,20,1.1417287588119507,1.0478436946868896,3.1010210514068604,2.9140243530273438,0.31121447682380676,0.749332070350647
train,depablo_low_temp,46,30,1.0613088607788086,1.4829288721084595,3.622148036956787,3.3179686069488525,0.1682775765657425,1.198251724243164
train,depablo_low_temp,46,40,0.9661422967910767,1.9340683221817017,4.152367115020752,3.7233853340148926,0.012193333357572556,1.6803271770477295
train,depablo_low_temp,46,50,0.8542680740356445,2.4026288986206055,4.691079139709473,4.1288161277771,-0.15792492032051086,2.1969618797302246
train,depablo_low_temp,46,60,0.7234145402908325,2.889265775680542,5.236358165740967,4.531303882598877,-0.3416151702404022,2.7457282543182373
train,depablo_low_temp,46,70,0.5721104741096497,3.3946683406829834,5.787286758422852,4.929205417633057,-0.5385411977767944,3.3249950408935547
train,depablo_low_temp,46,80,0.39915576577186584,3.919213056564331,6.3428826332092285,5.320962429046631,-0.7483242750167847,3.933138608932495
train,depablo_low_temp,46,90,0.20373381674289703,4.462919235229492,6.902135372161865,5.70522403717041,-0.9706164598464966,4.568748950958252
train,depablo_low_temp,46,100,-0.015813183039426804,5.025887489318848,7.462920665740967,6.079018592834473,-1.2037957906723022,5.226478576660156
train,depablo_low_temp,47,0,1.3461871147155762,0.08246530592441559,1.897598385810852,1.9839967489242554,0.8012670278549194,-0.7874585390090942
train,depablo_low_temp,47,10,0.8790086507797241,0.6297848224639893,2.078949213027954,1.8567036390304565,0.8544935584068298,-1.0685768127441406
train,depablo_low_temp,47,20,0.4185354709625244,1.1765241622924805,2.2687270641326904,1.7411022186279297,0.9020506143569946,-1.3302862644195557
train,depablo_low_temp,47,30,-0.04154902324080467,1.7235506772994995,2.460059881210327,1.6273125410079956,0.9478133320808411,-1.58648681640625
train,depablo_low_temp,47,40,-0.5014656782150269,2.270923614501953,2.6526429653167725,1.5149524211883545,0.99183189868927,-1.837524652481079
train,depablo_low_temp,47,50,-0.9611862897872925,2.8186583518981934,2.8464605808258057,1.4040241241455078,1.0341029167175293,-2.083427906036377
train,depablo_low_temp,47,60,-1.420731544494629,3.3667728900909424,3.041454315185547,1.2944929599761963,1.0745002031326294,-2.323930263519287
train,depablo_low_temp,47,70,-1.8799442052841187,3.915151834487915,3.2376480102539062,1.1864439249038696,1.113126516342163,-2.5592331886291504
train,depablo_low_temp,47,80,-2.339019536972046,4.463742256164551,3.434736967086792,1.0795068740844727,1.15007483959198,-2.7897098064422607
train,depablo_low_temp,47,90,-2.7975378036499023,5.0124640464782715,3.6330888271331787,0.9742423295974731,1.1852173805236816,-3.0148277282714844
train,depablo_low_temp,47,100,-3.2555413246154785,5.561118125915527,3.8323612213134766,0.8703429102897644,1.2185715436935425,-3.2347195148468018
train,depablo_low_temp,48,0,1.4979232549667358,0.21600061655044556,2.3601343631744385,2.5352118015289307,0.17015500366687775,1.1081026792526245
train,depablo_low_temp,48,10,1.3700752258300781,0.6333268880844116,2.787494421005249,2.826809883117676,0.07576733082532883,1.3893985748291016
train,depablo_low_temp,48,20,1.301647424697876,1.0354877710342407,3.27101469039917,3.2065343856811523,-0.06706937402486801,1.8314979076385498
train,depablo_low_temp,48,30,1.2292157411575317,1.4412938356399536,3.7586278915405273,3.5907130241394043,-0.2287231683731079,2.323909044265747
train,depablo_low_temp,48,40,1.150101900100708,1.8514882326126099,4.248620986938477,3.9761013984680176,-0.40725594758987427,2.860643148422241
train,depablo_low_temp,48,50,1.0631142854690552,2.2667016983032227,4.740748882293701,4.361746311187744,-0.6021812558174133,3.4401562213897705
train,depablo_low_temp,48,60,0.9661427736282349,2.6876041889190674,5.233348846435547,4.7449164390563965,-0.8124802112579346,4.058701992034912
train,depablo_low_temp,48,70,0.8582367897033691,3.114757537841797,5.726180553436279,5.12485933303833,-1.0380480289459229,4.715714454650879
train,depablo_low_temp,48,80,0.7376182079315186,3.548689842224121,6.217727184295654,5.4991455078125,-1.2778929471969604,5.407620906829834
train,depablo_low_temp,48,90,0.6033359169960022,3.9898459911346436,6.7074151039123535,5.86674690246582,-1.53184974193573,6.1335129737854
train,depablo_low_temp,48,100,0.4542255401611328,4.4386372566223145,7.194318771362305,6.226100921630859,-1.7991160154342651,6.890659332275391
train,depablo_low_temp,49,0,0.39961692690849304,0.5418030023574829,1.3252551555633545,1.0373408794403076,0.4298965334892273,-0.30212119221687317
train,depablo_low_temp,49,10,0.04481565207242966,1.0317884683609009,1.5672848224639893,1.0299147367477417,0.44648587703704834,-0.43372392654418945
train,depablo_low_temp,49,20,-0.291915625333786,1.5182149410247803,1.8283100128173828,1.0496437549591064,0.45580926537513733,-0.5351569652557373
train,depablo_low_temp,49,30,-0.6289213299751282,2.006800413131714,2.0927517414093018,1.0722060203552246,0.4643166661262512,-0.6335448622703552
train,depablo_low_temp,49,40,-0.9677271246910095,2.4986276626586914,2.359937906265259,1.0962458848953247,0.47159910202026367,-0.7287145853042603
train,depablo_low_temp,49,50,-1.3083863258361816,2.9938178062438965,2.6299116611480713,1.1218292713165283,0.4772888422012329,-0.8197630643844604
train,depablo_low_temp,49,60,-1.6513690948486328,3.4926631450653076,2.9024529457092285,1.1485124826431274,0.48136866092681885,-0.9068940877914429
train,depablo_low_temp,49,70,-1.9967247247695923,3.995234966278076,3.1776070594787598,1.176316738128662,0.48374509811401367,-0.9898690581321716
train,depablo_low_temp,49,80,-2.344676971435547,4.501769065856934,3.4554288387298584,1.2051498889923096,0.4844990074634552,-1.068975806236267
train,depablo_low_temp,49,90,-2.694995641708374,5.012217044830322,3.7361648082733154,1.2354098558425903,0.4832655191421509,-1.14311945438385
train,depablo_low_temp,49,100,-3.048557996749878,5.52710485458374,4.01945161819458,1.2662373781204224,0.48036593198776245,-1.2135289907455444
train,depablo_low_temp,50,0,1.198596715927124,0.32891806960105896,2.1553518772125244,2.128204584121704,0.5718616247177124,-0.08839035779237747
train,depablo_low_temp,50,10,1.0305708646774292,0.7526757717132568,2.5390241146087646,2.3581817150115967,0.4964181184768677,0.11822386085987091
train,depablo_low_temp,50,20,0.9374474287033081,1.1499710083007812,2.982642412185669,2.6874732971191406,0.3768261969089508,0.4813418686389923
train,depablo_low_temp,50,30,0.8419173955917358,1.5534555912017822,3.4358880519866943,3.025808095932007,0.24330906569957733,0.8838224411010742
train,depablo_low_temp,50,40,0.7381710410118103,1.9659843444824219,3.895440101623535,3.3670570850372314,0.09655711054801941,1.3209830522537231
train,depablo_low_temp,50,50,0.6244615316390991,2.3881232738494873,4.3599443435668945,3.709075927734375,-0.06319957971572876,1.7913423776626587
train,depablo_low_temp,50,60,0.5002498030662537,2.8202223777770996,4.82933235168457,4.0515899658203125,-0.2363951951265335,2.2958621978759766
train,depablo_low_temp,50,70,0.36415162682533264,3.2621912956237793,5.30174446105957,4.392173767089844,-0.4223394989967346,2.8318750858306885
train,depablo_low_temp,50,80,0.21596568822860718,3.714327573776245,5.777503967285156,4.731029987335205,-0.6213119626045227,3.4001851081848145
train,depablo_low_temp,50,90,0.05468666926026344,4.176225185394287,6.254761695861816,5.065912246704102,-0.8323918581008911,3.99766206741333
train,depablo_low_temp,50,100,-0.12003100663423538,4.648456573486328,6.734038352966309,5.397102355957031,-1.0558085441589355,4.624946594238281
train,depablo_low_temp,51,0,0.3745511472225189,0.6473199129104614,1.3896996974945068,1.1449209451675415,0.012424148619174957,0.7363953590393066
train,depablo_low_temp,51,10,-0.0537475049495697,1.1460480690002441,1.5507416725158691,1.023803949356079,0.0621689110994339,0.47377610206604004
train,depablo_low_temp,51,20,-0.4783385992050171,1.6448591947555542,1.7174220085144043,0.9096724987030029,0.11033929884433746,0.2183178961277008
train,depablo_low_temp,51,30,-0.9026342630386353,2.1443023681640625,1.885993242263794,0.7975555658340454,0.15687255561351776,-0.032036785036325455
train,depablo_low_temp,51,40,-1.3276560306549072,2.6448752880096436,2.0558032989501953,0.6863515377044678,0.20167967677116394,-0.27761152386665344
train,depablo_low_temp,51,50,-1.7532755136489868,3.146522045135498,2.226949453353882,0.576238751411438,0.24459373950958252,-0.51789790391922
train,depablo_low_temp,51,60,-2.179490566253662,3.649254322052002,2.399425506591797,0.4672195315361023,0.2856113314628601,-0.752909243106842
train,depablo_low_temp,51,70,-2.606454372406006,4.153206825256348,2.573237180709839,0.3592110872268677,0.32472288608551025,-0.9826714396476746
train,depablo_low_temp,51,80,-3.0339410305023193,4.658241271972656,2.7484400272369385,0.2523823380470276,0.3619748055934906,-1.2072341442108154
train,depablo_low_temp,51,90,-3.4621949195861816,5.164475917816162,2.924910068511963,0.1464916169643402,0.3973647952079773,-1.4266955852508545
train,depablo_low_temp,51,100,-3.8910956382751465,5.671961784362793,3.102839469909668,0.04174850136041641,0.4309581220149994,-1.6411529779434204
train,depablo_low_temp,52,0,0.2363419383764267,0.7852269411087036,1.3761224746704102,1.13683021068573,-0.4360058903694153,1.8195604085922241
train,depablo_low_temp,52,10,-0.1524067223072052,1.25553560256958,1.5453003644943237,1.0452038049697876,-0.38987916707992554,1.5822659730911255
train,depablo_low_temp,52,20,-0.5337530970573425,1.7222133874893188,1.718888282775879,0.9620780348777771,-0.347901314496994,1.3596285581588745
train,depablo_low_temp,52,30,-0.9136772155761719,2.1873526573181152,1.892331600189209,0.8799463510513306,-0.3076441287994385,1.142106533050537
train,depablo_low_temp,52,40,-1.2922370433807373,2.6508982181549072,2.0655250549316406,0.7986456155776978,-0.26884111762046814,0.928990364074707
train,depablo_low_temp,52,50,-1.6690385341644287,3.1125924587249756,2.2386186122894287,0.7185340523719788,-0.23156435787677765,0.7206600904464722
train,depablo_low_temp,52,60,-2.0442004203796387,3.572434902191162,2.411412239074707,0.6393784284591675,-0.19578777253627777,0.516927182674408
train,depablo_low_temp,52,70,-2.417424201965332,4.030208587646484,2.5839877128601074,0.5613993406295776,-0.1614123284816742,0.3176734149456024
train,depablo_low_temp,52,80,-2.7886083126068115,4.485898494720459,2.7564597129821777,0.4847651422023773,-0.12851591408252716,0.12315663695335388
train,depablo_low_temp,52,90,-3.1573991775512695,4.9392242431640625,2.9288132190704346,0.40965765714645386,-0.0970822125673294,-0.06656242161989212
train,depablo_low_temp,52,100,-3.5245108604431152,5.390443801879883,3.100593328475952,0.3352653384208679,-0.06692109256982803,-0.2522886395454407
train,depablo_low_temp,53,0,1.1757971048355103,0.1118064671754837,1.7101444005966187,1.723869800567627,0.8658887147903442,-1.0697238445281982
train,depablo_low_temp,53,10,0.6832573413848877,0.6495808959007263,1.8464601039886475,1.5436064004898071,0.9285276532173157,-1.3934181928634644
train,depablo_low_temp,53,20,0.193270742893219,1.1862449645996094,1.9847819805145264,1.3673832416534424,0.9857415556907654,-1.7014694213867188
train,depablo_low_temp,53,30,-0.2968392074108124,1.7223527431488037,2.12277889251709,1.1913127899169922,1.0401809215545654,-2.0020570755004883
train,depablo_low_temp,53,40,-0.7862178087234497,2.257467746734619,2.260965347290039,1.0162699222564697,1.0920418500900269,-2.2952256202697754
train,depablo_low_temp,53,50,-1.274703025817871,2.7913355827331543,2.3992302417755127,0.8422500491142273,1.1413947343826294,-2.5811002254486084
train,depablo_low_temp,53,60,-1.762021780014038,3.3238604068756104,2.5377213954925537,0.6695384383201599,1.1881530284881592,-2.859354019165039
train,depablo_low_temp,53,70,-2.2481679916381836,3.8550398349761963,2.6764745712280273,0.4981444776058197,1.2324774265289307,-3.1303765773773193
train,depablo_low_temp,53,80,-2.7328543663024902,4.384648323059082,2.8155040740966797,0.3282548487186432,1.2743006944656372,-3.3939032554626465
train,depablo_low_temp,53,90,-3.2158443927764893,4.912419319152832,2.9547224044799805,0.15993544459342957,1.3136231899261475,-3.649873733520508
train,depablo_low_temp,53,100,-3.6971116065979004,5.438523292541504,3.0943782329559326,-0.006599090527743101,1.3504512310028076,-3.898253917694092
train,depablo_low_temp,54,0,0.10247521847486496,0.816601574420929,1.2180014848709106,0.9165918827056885,-0.33435019850730896,1.437713623046875
train,depablo_low_temp,54,10,-0.3711581230163574,1.2878776788711548,1.2857131958007812,0.6868767142295837,-0.2457999736070633,1.04019296169281
train,depablo_low_temp,54,20,-0.8493567109107971,1.7648484706878662,1.3585110902786255,0.4595598876476288,-0.16196830570697784,0.6559282541275024
train,depablo_low_temp,54,30,-1.334394931793213,2.249427080154419,1.435704231262207,0.23300206661224365,-0.08423912525177002,0.2871941328048706
train,depablo_low_temp,54,40,-1.8259891271591187,2.7415754795074463,1.517484188079834,0.007544633001089096,-0.012762747704982758,-0.06554585695266724
train,depablo_low_temp,54,50,-2.3237576484680176,3.2408487796783447,1.6036747694015503,-0.21672488749027252,0.05238012969493866,-0.40199095010757446
train,depablo_low_temp,54,60,-2.827136516571045,3.747040271759033,1.6946111917495728,-0.4392099380493164,0.11117905378341675,-0.7218849658966064
train,depablo_low_temp,54,70,-3.335759401321411,4.259727478027344,1.7901266813278198,-0.659846842288971,0.16369448602199554,-1.0253015756607056
train,depablo_low_temp,54,80,-3.8489537239074707,4.7785563468933105,1.8904362916946411,-0.8780699968338013,0.2098805010318756,-1.3119089603424072
train,depablo_low_temp,54,90,-4.366548538208008,5.30312967300415,1.9952392578125,-1.0940675735473633,0.24997028708457947,-1.5822768211364746
train,depablo_low_temp,54,100,-4.887776851654053,5.833107948303223,2.104856252670288,-1.3071378469467163,0.2839412987232208,-1.8360978364944458
train,depablo_low_temp,55,0,0.03247922658920288,0.9618573784828186,1.3586087226867676,1.0496467351913452,-0.6889676451683044,2.390049457550049
train,depablo_low_temp,55,10,-0.34773585200309753,1.4294006824493408,1.5354715585708618,0.9689159393310547,-0.6406688094139099,2.1516683101654053
train,depablo_low_temp,55,20,-0.719881534576416,1.896430253982544,1.7234442234039307,0.9021443128585815,-0.5935054421424866,1.9224629402160645
train,depablo_low_temp,55,30,-1.0942145586013794,2.3678061962127686,1.9158971309661865,0.8381730914115906,-0.5480778813362122,1.6983652114868164
train,depablo_low_temp,55,40,-1.471909523010254,2.844456672668457,2.1125104427337646,0.7761455178260803,-0.5048960447311401,1.4801084995269775
train,depablo_low_temp,55,50,-1.8537344932556152,3.327195405960083,2.3133652210235596,0.7156922817230225,-0.4639896750450134,1.2674249410629272
train,depablo_low_temp,55,60,-2.2399885654449463,3.816537857055664,2.518828868865967,0.6569743156433105,-0.4255392849445343,1.060758113861084
train,depablo_low_temp,55,70,-2.6312742233276367,4.312981128692627,2.7287697792053223,0.5995481610298157,-0.3895888328552246,0.8599138259887695
train,depablo_low_temp,55,80,-3.027992010116577,4.81724214553833,2.9437503814697266,0.5436210632324219,-0.35603612661361694,0.6646366715431213
train,depablo_low_temp,55,90,-3.4305806159973145,5.329385280609131,3.1632766723632812,0.48857352137565613,-0.3250030279159546,0.47492310404777527
train,depablo_low_temp,55,100,-3.839204788208008,5.850239276885986,3.3882548809051514,0.4350460171699524,-0.29652124643325806,0.29096490144729614
train,depablo_low_temp,56,0,1.1906441450119019,0.06741930544376373,1.7375494241714478,1.6935466527938843,1.1924166679382324,-1.839911699295044
train,depablo_low_temp,56,10,0.8105881810188293,0.5958541631698608,2.0007143020629883,1.6901016235351562,1.2017216682434082,-1.9583569765090942
train,depablo_low_temp,56,20,0.4600902497768402,1.113183856010437,2.284264326095581,1.722401738166809,1.1976900100708008,-2.02768874168396
train,depablo_low_temp,56,30,0.1133260652422905,1.6276170015335083,2.5681636333465576,1.757507085800171,1.1914093494415283,-2.0899198055267334
train,depablo_low_temp,56,40,-0.22987571358680725,2.1390128135681152,2.852222442626953,1.7951850891113281,1.1828886270523071,-2.1450421810150146
train,depablo_low_temp,56,50,-0.5694422721862793,2.6470136642456055,3.136120080947876,1.8352309465408325,1.172101378440857,-2.192981481552124
train,depablo_low_temp,56,60,-0.9051597118377686,3.151442527770996,3.419952392578125,1.8778693675994873,1.1589168310165405,-2.233247995376587
train,depablo_low_temp,56,70,-1.237309455871582,3.6520729064941406,3.703071117401123,1.9223785400390625,1.143547773361206,-2.266615390777588
train,depablo_low_temp,56,80,-1.565073847770691,4.148875713348389,3.9864659309387207,1.970130205154419,1.1254453659057617,-2.2911581993103027
train,depablo_low_temp,56,90,-1.8891761302947998,4.641571044921875,4.268881797790527,2.019613027572632,1.105044960975647,-2.3085012435913086
train,depablo_low_temp,56,100,-2.209019660949707,5.130014419555664,4.550850868225098,2.071659564971924,1.082007646560669,-2.317437171936035
train,depablo_low_temp,57,0,-0.25726011395454407,1.344897747039795,1.5436137914657593,1.0928374528884888,-1.0711044073104858,3.3378753662109375
train,depablo_low_temp,57,10,-0.4604967534542084,1.708225131034851,1.797012209892273,1.1874619722366333,-1.0930837392807007,3.364689350128174
train,depablo_low_temp,57,20,-0.6332414746284485,2.0568017959594727,2.068769931793213,1.3194907903671265,-1.142885446548462,3.479003667831421
train,depablo_low_temp,57,30,-0.8039562702178955,2.401215076446533,2.3384501934051514,1.4528329372406006,-1.2022987604141235,3.619070053100586
train,depablo_low_temp,57,40,-0.973901629447937,2.7416627407073975,2.605105400085449,1.5857677459716797,-1.269953727722168,3.7808868885040283
train,depablo_low_temp,57,50,-1.1431719064712524,3.077995538711548,2.868537664413452,1.7180917263031006,-1.3458417654037476,3.964418411254883
train,depablo_low_temp,57,60,-1.311794638633728,3.4104056358337402,3.1290078163146973,1.850036859512329,-1.4301514625549316,4.170210838317871
train,depablo_low_temp,57,70,-1.4802924394607544,3.7388033866882324,3.385770082473755,1.9806766510009766,-1.5227925777435303,4.397716045379639
train,depablo_low_temp,57,80,-1.648408055305481,4.062880992889404,3.638801097869873,2.110203742980957,-1.6240668296813965,4.647846221923828
train,depablo_low_temp,57,90,-1.8164401054382324,4.38288688659668,3.888065814971924,2.2384533882141113,-1.7341935634613037,4.921045780181885
train,depablo_low_temp,57,100,-1.98456871509552,4.698771953582764,4.13334846496582,2.3651328086853027,-1.8530690670013428,5.216989517211914
train,depablo_low_temp,58,0,1.24700129032135,0.1909760683774948,2.0105016231536865,2.0227622985839844,0.7280861139297485,-0.5152626037597656
train,depablo_low_temp,58,10,1.0291606187820435,0.6671476364135742,2.4016878604888916,2.2304811477661133,0.6526529788970947,-0.3283790647983551
train,depablo_low_temp,58,20,0.8701538443565369,1.128792405128479,2.8453967571258545,2.523287773132324,0.5267900228500366,0.021243728697299957
train,depablo_low_temp,58,30,0.7152944803237915,1.584945797920227,3.288726806640625,2.8209590911865234,0.3856702744960785,0.41303184628486633
train,depablo_low_temp,58,40,0.5637750625610352,2.0349206924438477,3.7303590774536133,3.121680974960327,0.23109422624111176,0.842134952545166
train,depablo_low_temp,58,50,0.4152703583240509,2.4784746170043945,4.169943809509277,3.4249067306518555,0.06358803808689117,1.307234287261963
train,depablo_low_temp,58,60,0.2692738473415375,2.915520191192627,4.606952667236328,3.729889154434204,-0.1166447252035141,1.8076485395431519
train,depablo_low_temp,58,70,0.12501907348632812,3.3462166786193848,5.04081916809082,4.035701751708984,-0.30944111943244934,2.342658758163452
train,depablo_low_temp,58,80,-0.017888275906443596,3.7703990936279297,5.47092866897583,4.341650009155273,-0.514922022819519,2.9123733043670654
train,depablo_low_temp,58,90,-0.16024985909461975,4.188077926635742,5.896380424499512,4.6464738845825195,-0.7327122092247009,3.5153985023498535
train,depablo_low_temp,58,100,-0.3022972047328949,4.599284648895264,6.317058563232422,4.950028896331787,-0.9632434844970703,4.1528191566467285
train,depablo_low_temp,59,0,0.2217845767736435,0.7842255234718323,1.3390240669250488,1.0626399517059326,-0.24428102374076843,1.2891333103179932
train,depablo_low_temp,59,10,-0.2758837640285492,1.2949217557907104,1.4315403699874878,0.8397454023361206,-0.15688881278038025,0.889824628829956
train,depablo_low_temp,59,20,-0.7803415656089783,1.8122352361679077,1.5273905992507935,0.6165004968643188,-0.07400742173194885,0.5018944144248962
train,depablo_low_temp,59,30,-1.2913532257080078,2.3361525535583496,1.626570463180542,0.39319902658462524,0.003465421264991164,0.1275767982006073
train,depablo_low_temp,59,40,-1.8093440532684326,2.866985559463501,1.7289726734161377,0.1695243865251541,0.07546216249465942,-0.23314575850963593
train,depablo_low_temp,59,50,-2.3331847190856934,3.4044911861419678,1.8356002569198608,-0.052982211112976074,0.14156116545200348,-0.578612208366394
train,depablo_low_temp,59,60,-2.863696575164795,3.9489457607269287,1.9458187818527222,-0.275341659784317,0.20196294784545898,-0.9097760915756226
train,depablo_low_temp,59,70,-3.40024471282959,4.500101089477539,2.0600905418395996,-0.4967859387397766,0.2565322518348694,-1.2259515523910522
train,depablo_low_temp,59,80,-3.942296266555786,5.058061599731445,2.179098129272461,-0.7164180278778076,0.3050788640975952,-1.5264034271240234
train,depablo_low_temp,59,90,-4.490356922149658,5.62290096282959,2.3023438453674316,-0.9349533915519714,0.34771713614463806,-1.8116952180862427
train,depablo_low_temp,59,100,-5.043817520141602,6.194309234619141,2.4301092624664307,-1.151788353919983,0.38434767723083496,-2.081329345703125
train,depablo_mixed_temp,60,0,-0.5243680477142334,1.1478924751281738,0.874484658241272,0.32763364911079407,-0.6238465905189514,1.876603603363037
train,depablo_mixed_temp,60,10,-0.6032208800315857,1.4186036586761475,1.209810495376587,0.5844521522521973,-0.7233179211616516,2.183561086654663
train,depablo_mixed_temp,60,20,-0.9007233381271362,1.6953160762786865,1.2980672121047974,0.4855141043663025,-0.7297235727310181,2.1516871452331543
train,depablo_mixed_temp,60,30,-1.3225877285003662,2.2308874130249023,1.4335370063781738,0.36924970149993896,-0.7583441734313965,2.0199058055877686
train,depablo_mixed_temp,60,40,-1.7136380672454834,2.819277286529541,1.8031318187713623,0.4197879433631897,-0.6259840726852417,1.6307185888290405
train,depablo_mixed_temp,60,50,-2.690308094024658,3.546795606613159,1.720651388168335,-0.2232372760772705,-0.5018561482429504,0.9910890460014343
train,depablo_mixed_temp,60,60,-2.5415525436401367,3.4854719638824463,1.716380000114441,-0.13604995608329773,-0.5364876985549927,1.0711686611175537
train,depablo_mixed_temp,60,70,-3.4130725860595703,4.068827152252197,1.5119826793670654,-0.824597179889679,-0.39422717690467834,0.37200236320495605
train,depablo_mixed_temp,60,80,-3.780973434448242,4.4816060066223145,1.579050898551941,-0.9860001802444458,-0.34526142477989197,0.08065249025821686
train,depablo_mixed_temp,60,90,-3.9216842651367188,5.000322341918945,2.180295944213867,-0.5975586771965027,-0.24934251606464386,-0.06193077564239502
train,depablo_mixed_temp,60,100,-4.573169231414795,5.627354621887207,2.2022953033447266,-0.9316211342811584,-0.37890031933784485,0.0069336434826254845
train,depablo_mixed_temp,61,0,0.49799805879592896,0.6425132155418396,1.5998386144638062,1.4030957221984863,-0.13463208079338074,1.2708853483200073
train,depablo_mixed_temp,61,10,0.5924486517906189,1.3801169395446777,3.311777353286743,3.2169268131256104,-1.8800318241119385,6.3959784507751465
train,depablo_mixed_temp,61,20,-1.7600514888763428,1.7968438863754272,0.5326391458511353,-0.6414861679077148,-0.6070483922958374,1.4392017126083374
train,depablo_mixed_temp,61,30,-0.7200213670730591,1.4543585777282715,1.5133895874023438,0.8120478987693787,-0.7555120587348938,2.4633536338806152
train,depablo_mixed_temp,61,40,-0.6930508613586426,2.315521001815796,2.728736400604248,1.8981211185455322,-1.2282887697219849,3.9084620475769043
train,depablo_mixed_temp,61,50,-0.2923130691051483,2.8112435340881348,4.042825698852539,3.4595251083374023,-2.7812659740448,8.438669204711914
train,depablo_mixed_temp,61,60,-1.3421440124511719,3.290886640548706,3.281118869781494,1.934108853340149,-1.1365987062454224,3.5917255878448486
train,depablo_mixed_temp,61,70,-0.34315812587738037,2.6156187057495117,3.3817076683044434,2.6739726066589355,-1.6749167442321777,5.2688889503479
train,depablo_mixed_temp,61,80,-1.4840421676635742,4.625368118286133,4.92896032333374,3.3260953426361084,-1.7903172969818115,5.499828815460205
train,depablo_mixed_temp,61,90,-3.0629992485046387,5.828396797180176,4.8116631507873535,2.2118425369262695,-1.1276555061340332,3.2526299953460693
train,depablo_mixed_temp,61,100,-1.5719069242477417,4.251773357391357,4.242771148681641,2.5794506072998047,-1.1069048643112183,3.5558853149414062
train,depablo_mixed_temp,62,0,0.5052928328514099,0.7957356572151184,1.8489598035812378,1.6595863103866577,-0.45050981640815735,2.1781671047210693
train,depablo_mixed_temp,62,10,1.4538134336471558,0.4999053478240967,2.740940809249878,3.193234920501709,-1.8656991720199585,6.413640022277832
train,depablo_mixed_temp,62,20,1.126915693283081,1.1788971424102783,3.3110475540161133,3.4490466117858887,-1.7550288438796997,6.146289348602295
train,depablo_mixed_temp,62,30,1.6031008958816528,1.5379260778427124,4.574143409729004,4.87115478515625,-2.475141763687134,8.564571380615234
train,depablo_mixed_temp,62,40,0.708500862121582,1.8050111532211304,3.7267653942108154,3.642564058303833,-2.3405075073242188,7.636670112609863
train,depablo_mixed_temp,62,50,0.708005964756012,1.909029483795166,3.86289119720459,3.722123861312866,-2.07724928855896,6.954575538635254
train,depablo_mixed_temp,62,60,0.6262632012367249,3.1525235176086426,5.823102951049805,5.46088981628418,-3.1356849670410156,10.253814697265625
train,depablo_mixed_temp,62,70,0.18958592414855957,2.9679224491119385,4.7641448974609375,4.187760353088379,-2.2455663681030273,7.417342185974121
train,depablo_mixed_temp,62,80,0.01966317929327488,4.027079105377197,6.232724189758301,5.455508232116699,-3.2480862140655518,10.377689361572266
train,depablo_mixed_temp,62,90,-0.03889534994959831,3.54185152053833,5.284905910491943,4.486963272094727,-2.354222297668457,7.737743377685547
train,depablo_mixed_temp,62,100,-0.23228737711906433,4.399692535400391,6.504156112670898,5.613203525543213,-3.675879955291748,11.475008964538574
train,depablo_mixed_temp,63,0,0.19012479484081268,1.0267895460128784,1.7206346988677979,1.4744757413864136,-1.0449742078781128,3.5329413414001465
train,depablo_mixed_temp,63,10,0.9907633066177368,-0.45951735973358154,1.3590816259384155,2.995774507522583,-7.933502197265625,21.744136810302734
train,depablo_mixed_temp,63,20,0.6810763478279114,-0.8068537712097168,-0.07600010186433792,1.2165353298187256,-5.56007194519043,14.897199630737305
train,depablo_mixed_temp,63,30,0.4132922291755676,-0.11917559802532196,1.056002140045166,2.2405741214752197,-7.141162872314453,19.455337524414062
train,depablo_mixed_temp,63,40,0.3427490293979645,-0.09065957367420197,0.6260823011398315,1.4593918323516846,-4.969876289367676,13.510828971862793
train,depablo_mixed_temp,63,50,1.2786439657211304,-0.5723643898963928,1.497056484222412,3.4976696968078613,-8.926056861877441,24.27156639099121
train,depablo_mixed_temp,63,60,2.500263214111328,-1.7085800170898438,1.7827646732330322,4.272796630859375,-8.097224235534668,22.947446823120117
train,depablo_mixed_temp,63,70,1.6391589641571045,-0.6736680269241333,2.1443467140197754,4.149947166442871,-8.763994216918945,24.496002197265625
train,depablo_mixed_temp,63,80,0.0049761212430894375,1.6290806531906128,2.7956316471099854,3.1518027782440186,-5.639187812805176,15.640944480895996
train,depablo_mixed_temp,63,90,-0.8940792679786682,2.971219062805176,4.170706272125244,4.217941761016846,-7.940151214599609,21.80348014831543
train,depablo_mixed_temp,63,100,2.0932600498199463,-1.2881081104278564,1.5506004095077515,3.798377513885498,-8.246030807495117,23.09668731689453
train,depablo_mixed_temp,64,0,0.5916885733604431,0.6031123399734497,1.5945602655410767,1.46343994140625,-0.10469327867031097,1.1536356210708618
train,depablo_mixed_temp,64,10,-1.1313931941986084,1.4231001138687134,0.6451911330223083,-0.13761556148529053,-0.9121143817901611,2.4009594917297363
train,depablo_mixed_temp,64,20,-1.9930340051651,2.272559881210327,0.7529376745223999,-0.5540723204612732,-0.784066379070282,1.7354435920715332
train,depablo_mixed_temp,64,30,-2.164778470993042,2.3009912967681885,0.621222198009491,-0.6578746438026428,-1.306158423423767,3.007002830505371
train,depablo_mixed_temp,64,40,-1.8494398593902588,2.196976900100708,0.8898892998695374,-0.41396766901016235,-0.4676359295845032,1.0412869453430176
train,depablo_mixed_temp,64,50,-2.467416763305664,2.8207502365112305,0.95430588722229,-0.6641709804534912,-0.702953577041626,1.3835926055908203
train,depablo_mixed_temp,64,60,-3.1082937717437744,3.3526997566223145,0.9616374969482422,-1.0294867753982544,-0.6775487065315247,1.1242479085922241
train,depablo_mixed_temp,64,70,-4.77180290222168,4.679291248321533,0.6709824800491333,-2.1287097930908203,-1.1666197776794434,1.6434191465377808
train,depablo_mixed_temp,64,80,-3.606349229812622,4.1776299476623535,1.5255736112594604,-0.7428845763206482,-1.3067781925201416,2.6829211711883545
train,depablo_mixed_temp,64,90,-4.3478922843933105,4.309711456298828,0.7827571630477905,-1.8420435190200806,-0.9121984839439392,1.2467504739761353
train,depablo_mixed_temp,64,100,-4.851808547973633,5.1401143074035645,1.2661285400390625,-1.644665002822876,-1.4612805843353271,2.5400631427764893
train,depablo_mixed_temp,65,0,0.036383822560310364,0.9940817952156067,1.5026741027832031,1.1209070682525635,-0.5541587471961975,2.1664085388183594
train,depablo_mixed_temp,65,10,-0.7373056411743164,0.7458019852638245,0.25190097093582153,-0.14176981151103973,-1.4035676717758179,3.7627358436584473
train,depablo_mixed_temp,65,20,-2.091909170150757,2.46809458732605,1.0793238878250122,-0.2874071002006531,-1.2013130187988281,2.982736825942993
train,depablo_mixed_temp,65,30,-1.320192813873291,2.373016595840454,1.9848487377166748,0.9268010258674622,-1.4555703401565552,4.1817522048950195
train,depablo_mixed_temp,65,40,-1.3347172737121582,2.4718210697174072,1.9166935682296753,1.1452611684799194,-2.8600192070007324,7.607026100158691
train,depablo_mixed_temp,65,50,-3.008587121963501,3.7790608406066895,1.8840925693511963,-0.01819373294711113,-1.969136118888855,4.853381633758545
train,depablo_mixed_temp,65,60,-1.3734163045883179,3.168973922729492,3.1211137771606445,2.0163440704345703,-2.4616918563842773,7.00585412979126
train,depablo_mixed_temp,65,70,-1.9089879989624023,3.284372329711914,2.3233025074005127,0.8644745349884033,-1.443343162536621,3.8489294052124023
train,depablo_mixed_temp,65,80,-3.376789093017578,4.8842244148254395,3.062141180038452,0.9789855480194092,-3.1726253032684326,8.045661926269531
train,depablo_mixed_temp,65,90,-2.6688995361328125,3.904717206954956,2.4767565727233887,0.631210207939148,-1.7135953903198242,4.393828392028809
train,depablo_mixed_temp,65,100,-1.7814229726791382,3.863748073577881,3.524479389190674,2.13209867477417,-2.4929871559143066,6.946573734283447
train,depablo_mixed_temp,66,0,-0.2687973976135254,1.06125009059906,1.07783842086792,0.647121012210846,-0.667795717716217,2.1288392543792725
train,depablo_mixed_temp,66,10,-2.5251078605651855,2.393176555633545,0.3394858241081238,-0.6891906261444092,-3.457599639892578,8.347692489624023
train,depablo_mixed_temp,66,20,-1.7861149311065674,1.9546972513198853,0.6424099206924438,-0.28087568283081055,-2.0547080039978027,5.08908748626709
train,depablo_mixed_temp,66,30,-2.2647650241851807,2.1943275928497314,0.4401528239250183,-0.49069052934646606,-3.1501331329345703,7.671775817871094
train,depablo_mixed_temp,66,40,-3.5514018535614014,3.582186698913574,0.677207350730896,-1.1735618114471436,-2.4899566173553467,5.511829376220703
train,depablo_mixed_temp,66,50,-2.8005530834198,2.9126899242401123,0.645015299320221,-0.9398725032806396,-1.5500952005386353,3.333752393722534
train,depablo_mixed_temp,66,60,-2.9265403747558594,3.3821773529052734,1.1396123170852661,-0.5745640993118286,-1.7437360286712646,3.865344762802124
train,depablo_mixed_temp,66,70,-4.547123908996582,4.895790100097656,1.4514577388763428,-1.1520894765853882,-2.1332263946533203,4.433191299438477
train,depablo_mixed_temp,66,80,-4.949496746063232,4.605944633483887,0.3940693140029907,-2.2631642818450928,-2.1779022216796875,4.133270263671875
train,depablo_mixed_temp,66,90,-5.036372661590576,4.589452266693115,0.3381493091583252,-2.3104259967803955,-2.3754661083221436,4.633382320404053
train,depablo_mixed_temp,66,100,-4.246030807495117,5.117879390716553,1.959606409072876,-0.5280362367630005,-2.4592432975769043,5.405331134796143
train,depablo_mixed_temp,67,0,0.5866242051124573,0.47133103013038635,1.3994531631469727,1.2310707569122314,0.30488499999046326,0.04083866626024246
train,depablo_mixed_temp,67,10,-0.33170703053474426,1.2629282474517822,1.3553117513656616,0.7173908948898315,0.07788637280464172,0.2553149163722992
train,depablo_mixed_temp,67,20,-0.7160613536834717,1.7372623682022095,1.6117358207702637,0.6558328866958618,0.36538225412368774,-0.53554767370224
train,depablo_mixed_temp,67,30,-0.856751561164856,2.1719131469726562,1.9887455701828003,0.896292507648468,0.29426315426826477,-0.36777979135513306
train,depablo_mixed_temp,67,40,-1.4781379699707031,2.5048327445983887,1.6967374086380005,0.2732943296432495,0.4495146870613098,-1.046188473701477
train,depablo_mixed_temp,67,50,-2.472476005554199,3.3542304039001465,1.7005531787872314,-0.3249075710773468,0.6802818775177002,-1.9928760528564453
train,depablo_mixed_temp,67,60,-2.589118480682373,3.757429361343384,2.14729905128479,-0.025036945939064026,0.6899314522743225,-1.959913969039917
train,depablo_mixed_temp,67,70,-3.2787132263183594,4.2867560386657715,1.9318883419036865,-0.5809783339500427,0.5734521746635437,-2.0145809650421143
train,depablo_mixed_temp,67,80,-3.9559717178344727,5.214643478393555,2.513150930404663,-0.5391383171081543,0.8749706149101257,-2.86501407623291
train,depablo_mixed_temp,67,90,-4.304287910461426,5.244056701660156,2.026827335357666,-1.1038203239440918,0.686830997467041,-2.6602628231048584
train,depablo_mixed_temp,67,100,-5.019226551055908,6.126564025878906,2.4486114978790283,-1.1997156143188477,0.8848499655723572,-3.31312894821167
train,depablo_mixed_temp,68,0,0.35137805342674255,0.7955892086029053,1.6629550457000732,1.3851838111877441,-0.26823678612709045,1.6099456548690796
train,depablo_mixed_temp,68,10,-0.4925222396850586,1.6477946043014526,2.12089204788208,1.4560269117355347,-0.9893179535865784,3.3393287658691406
train,depablo_mixed_temp,68,20,0.06704015284776688,1.919156789779663,3.0681798458099365,2.556367874145508,-1.2533882856369019,4.412668228149414
train,depablo_mixed_temp,68,30,-0.3017994165420532,2.0620384216308594,2.710716485977173,2.1514642238616943,-1.6769074201583862,5.185790538787842
train,depablo_mixed_temp,68,40,-0.9785271286964417,2.8563005924224854,3.05216646194458,2.1536409854888916,-2.337658643722534,6.7652668952941895
train,depablo_mixed_temp,68,50,-1.4659667015075684,3.8159775733947754,3.8062937259674072,2.355388641357422,-1.6325068473815918,4.941195964813232
train,depablo_mixed_temp,68,60,-2.236806869506836,3.565531015396118,2.395496129989624,0.6611353158950806,-0.9600939154624939,2.5333313941955566
train,depablo_mixed_temp,68,70,-2.4074151515960693,4.0188140869140625,2.911233425140381,0.9908216595649719,-0.9779329895973206,2.6799726486206055
train,depablo_mixed_temp,68,80,-3.103043556213379,4.192419052124023,2.254384994506836,0.08205107599496841,-1.117030382156372,2.615281581878662
train,depablo_mixed_temp,68,90,-2.4885787963867188,5.488838195800781,4.952686309814453,2.7474255561828613,-1.824864149093628,5.311331272125244
train,depablo_mixed_temp,68,100,-3.5706944465637207,6.4996137619018555,4.963841438293457,2.086000680923462,-1.4741952419281006,3.9408156871795654
train,depablo_mixed_temp,69,0,-0.783787727355957,1.3083491325378418,0.7366665601730347,0.10874414443969727,-0.896655261516571,2.430051803588867
train,depablo_mixed_temp,69,10,-1.1179660558700562,1.6918301582336426,0.8626620769500732,0.013053162954747677,-0.8411367535591125,2.1828818321228027
train,depablo_mixed_temp,69,20,-1.590886116027832,2.197819709777832,0.981208086013794,-0.17333322763442993,-0.7620173692703247,1.8198273181915283
train,depablo_mixed_temp,69,30,-2.0177931785583496,2.63535737991333,1.0740430355072021,-0.35504209995269775,-0.6776323318481445,1.4633523225784302
train,depablo_mixed_temp,69,40,-2.476072311401367,3.0860097408294678,1.14332914352417,-0.5680670142173767,-0.626179575920105,1.174017071723938
train,depablo_mixed_temp,69,50,-2.946514844894409,3.5706088542938232,1.2616705894470215,-0.7537102699279785,-0.5428174138069153,0.8175875544548035
train,depablo_mixed_temp,69,60,-3.448627471923828,4.116206169128418,1.3998386859893799,-0.937140941619873,-0.49054649472236633,0.5189327001571655
train,depablo_mixed_temp,69,70,-3.901350498199463,4.605183124542236,1.534438133239746,-1.0892789363861084,-0.4567141532897949,0.2893587350845337
train,depablo_mixed_temp,69,80,-4.3991522789001465,5.130553245544434,1.6874170303344727,-1.25785493850708,-0.3999899923801422,0.0073964037001132965
train,depablo_mixed_temp,69,90,-4.965878963470459,5.738741874694824,1.8578577041625977,-1.4463374614715576,-0.3681079149246216,-0.24403460323810577
train,depablo_mixed_temp,69,100,-5.529255390167236,6.323528289794922,2.000617265701294,-1.6589659452438354,-0.32393842935562134,-0.5275532603263855
train,depablo_mixed_temp,70,0,0.8379076719284058,0.44001305103302,1.7729136943817139,1.6479812860488892,0.41671428084373474,0.021996907889842987
train,depablo_mixed_temp,70,10,0.5881962180137634,0.9132631421089172,2.1114518642425537,1.801893949508667,0.3008442521095276,0.28509488701820374
train,depablo_mixed_temp,70,20,0.19510895013809204,1.413425087928772,2.3178553581237793,1.7386224269866943,0.34214043617248535,0.06776069849729538
train,depablo_mixed_temp,70,30,-0.06904123723506927,1.9313931465148926,2.7262327671051025,1.9245792627334595,0.3251135051250458,0.09827558696269989
train,depablo_mixed_temp,70,40,-0.3588241934776306,2.407266616821289,3.031564712524414,2.0139827728271484,0.2943137288093567,0.12713056802749634
train,depablo_mixed_temp,70,50,-0.6347935795783997,2.9183788299560547,3.406505584716797,2.163473606109619,0.28602179884910583,0.1204783022403717
train,depablo_mixed_temp,70,60,-1.016523003578186,3.4455347061157227,3.665476083755493,2.157127857208252,0.2835879921913147,0.030906911939382553
train,depablo_mixed_temp,70,70,-1.251147985458374,3.9222571849823,4.03224515914917,2.3384287357330322,0.1937721073627472,0.24026894569396973
train,depablo_mixed_temp,70,80,-1.6183422803878784,4.40420389175415,4.25246524810791,2.3065338134765625,0.20398662984371185,0.12060505151748657
train,depablo_mixed_temp,70,90,-1.9236245155334473,4.930588722229004,4.612280368804932,2.4264614582061768,0.20193642377853394,0.08156201243400574
train,depablo_mixed_temp,70,100,-2.2575411796569824,5.4698638916015625,4.962194442749023,2.526768684387207,0.1765434294939041,0.09410376101732254
train,depablo_mixed_temp,71,0,0.7686806321144104,0.5639781951904297,1.929097294807434,1.74922513961792,0.28274860978126526,0.4488424062728882
train,depablo_mixed_temp,71,10,0.3708019554615021,1.4250450134277344,2.6134040355682373,2.2231719493865967,-0.5232126116752625,2.483738899230957
train,depablo_mixed_temp,71,20,1.9226559400558472,1.115803599357605,4.275917053222656,4.656222820281982,-1.5541574954986572,6.146947860717773
train,depablo_mixed_temp,71,30,1.775277853012085,1.7333614826202393,4.997056007385254,5.187417984008789,-1.7227411270141602,6.705818176269531
train,depablo_mixed_temp,71,40,1.486305594444275,2.1496710777282715,5.345689296722412,5.33856201171875,-1.835625171661377,7.008651256561279
train,depablo_mixed_temp,71,50,0.8136975765228271,3.0087435245513916,5.7302680015563965,5.22699499130249,-1.5939052104949951,6.215341091156006
train,depablo_mixed_temp,71,60,0.6377254128456116,3.9286751747131348,6.819684028625488,6.053999900817871,-1.8839126825332642,7.149088382720947
train,depablo_mixed_temp,71,70,0.10877254605293274,3.865100860595703,5.962972164154053,4.986789703369141,-1.47654128074646,5.642890930175781
train,depablo_mixed_temp,71,80,0.05051421746611595,5.193821430206299,8.112870216369629,7.017264366149902,-3.155776023864746,10.585860252380371
train,depablo_mixed_temp,71,90,-0.3494262993335724,5.849788188934326,8.614958763122559,7.227758884429932,-3.3411264419555664,11.067887306213379
train,depablo_mixed_temp,71,100,-1.2581539154052734,6.871311187744141,8.844138145446777,6.757260322570801,-2.610382080078125,8.85914421081543
train,depablo_mixed_temp,72,0,0.9364491701126099,0.28804975748062134,1.6837809085845947,1.5937663316726685,0.6525999307632446,-0.5782510042190552
train,depablo_mixed_temp,72,10,0.4006824195384979,0.8576189279556274,1.8074473142623901,1.3781437873840332,0.7169151902198792,-0.9270907044410706
train,depablo_mixed_temp,72,20,0.19448751211166382,1.2614719867706299,2.117649793624878,1.5207271575927734,0.6745766997337341,-0.8330901861190796
train,depablo_mixed_temp,72,30,-0.15262474119663239,1.760647177696228,2.385631799697876,1.5383009910583496,0.693058431148529,-0.9593682289123535
train,depablo_mixed_temp,72,40,-0.48453885316848755,2.2401645183563232,2.6421358585357666,1.558524250984192,0.6906247735023499,-1.0285283327102661
train,depablo_mixed_temp,72,50,-0.7692801356315613,2.7146267890930176,2.948603391647339,1.6577887535095215,0.6286863684654236,-0.9197752475738525
train,depablo_mixed_temp,72,60,-1.1208394765853882,3.1949076652526855,3.1870322227478027,1.649932861328125,0.6455345749855042,-1.0486118793487549
train,depablo_mixed_temp,72,70,-1.5350091457366943,3.751718759536743,3.462453842163086,1.6247432231903076,0.7241867780685425,-1.3468842506408691
train,depablo_mixed_temp,72,80,-1.8148552179336548,4.222073078155518,3.766291379928589,1.7224228382110596,0.6697643399238586,-1.2564480304718018
train,depablo_mixed_temp,72,90,-2.0830440521240234,4.661722183227539,4.048395156860352,1.8042337894439697,0.645401656627655,-1.2394663095474243
train,depablo_mixed_temp,72,100,-2.336742877960205,5.062828063964844,4.288523197174072,1.8666770458221436,0.5919111371040344,-1.1568530797958374
train,depablo_mixed_temp,73,0,0.484116792678833,0.6121206283569336,1.4686192274093628,1.2843303680419922,-0.015445499680936337,0.8560703992843628
train,depablo_mixed_temp,73,10,0.09786149859428406,1.1437426805496216,1.7615760564804077,1.2834726572036743,0.1182670146226883,0.43472820520401
train,depablo_mixed_temp,73,20,-0.5111258029937744,1.7084133625030518,1.7952992916107178,0.9577732682228088,0.15069393813610077,0.1281263828277588
train,depablo_mixed_temp,73,30,-0.774383544921875,2.1507368087768555,2.077890396118164,1.0342342853546143,0.1735924482345581,0.018911177292466164
train,depablo_mixed_temp,73,40,-1.0289205312728882,2.597951889038086,2.387782096862793,1.1513543128967285,0.12751272320747375,0.10219954699277878
train,depablo_mixed_temp,73,50,-1.7981315851211548,3.218047618865967,2.2617077827453613,0.5898076891899109,0.22999294102191925,-0.50014328956604
train,depablo_mixed_temp,73,60,-2.2503137588500977,3.8861324787139893,2.6727778911590576,0.6471837759017944,0.36288923025131226,-0.9128832817077637
train,depablo_mixed_temp,73,70,-2.516486883163452,4.361806392669678,3.010864496231079,0.7804936170578003,0.3191910982131958,-0.834280252456665
train,depablo_mixed_temp,73,80,-3.089282989501953,4.8657660484313965,2.9846999645233154,0.4290476441383362,0.3281673491001129,-1.0897371768951416
train,depablo_mixed_temp,73,90,-3.4462382793426514,5.35435676574707,3.2571401596069336,0.43163228034973145,0.43474137783050537,-1.4275895357131958
train,depablo_mixed_temp,73,100,-4.028625011444092,5.9463114738464355,3.351142168045044,0.1738739311695099,0.44770777225494385,-1.670850396156311
train,depablo_mixed_temp,74,0,-0.13803605735301971,1.030749797821045,1.2164733409881592,0.8507687449455261,-0.7519721388816833,2.440077304840088
train,depablo_mixed_temp,74,10,-1.5022287368774414,1.9350172281265259,0.8169283866882324,-0.22092056274414062,-0.833026647567749,2.0331335067749023
train,depablo_mixed_temp,74,20,-1.5548253059387207,2.3749756813049316,1.2909746170043945,0.16235069930553436,-1.0477334260940552,2.630760908126831
train,depablo_mixed_temp,74,30,-1.441715955734253,2.4539592266082764,1.6100035905838013,0.4651959538459778,-0.8673423528671265,2.298995018005371
train,depablo_mixed_temp,74,40,-1.6240770816802979,2.717961311340332,1.6730536222457886,0.4613621234893799,-1.1579378843307495,2.942652702331543
train,depablo_mixed_temp,74,50,-2.639753580093384,3.6413917541503906,1.795764446258545,-0.11516334861516953,-0.5897386074066162,1.1698691844940186
train,depablo_mixed_temp,74,60,-1.9835113286972046,3.328995704650879,2.144235372543335,0.6255817413330078,-1.0209922790527344,2.5697038173675537
train,depablo_mixed_temp,74,70,-3.3668370246887207,4.4801764488220215,2.0988593101501465,-0.2810445725917816,-0.5885229110717773,0.9679145216941833
train,depablo_mixed_temp,74,80,-2.9602432250976562,4.140074253082275,1.9749507904052734,-0.07481589913368225,-0.9877285957336426,2.0207581520080566
train,depablo_mixed_temp,74,90,-3.3370749950408936,4.760955333709717,2.4510955810546875,0.07130058854818344,-0.8526610136032104,1.6759980916976929
train,depablo_mixed_temp,74,100,-4.260895729064941,5.788608074188232,2.7650997638702393,-0.2116197794675827,-0.8072115182876587,1.2909982204437256
train,depablo_mixed_temp,75,0,-0.13103042542934418,1.0357592105865479,1.1991177797317505,0.8496944904327393,-0.821918785572052,2.5880887508392334
train,depablo_mixed_temp,75,10,-0.7245617508888245,1.5633701086044312,1.1769614219665527,0.4935172200202942,-0.8280363082885742,2.359525442123413
train,depablo_mixed_temp,75,20,-1.0381622314453125,1.9691182374954224,1.3642191886901855,0.47735366225242615,-0.8573824763298035,2.352536678314209
train,depablo_mixed_temp,75,30,-1.357896327972412,2.329084634780884,1.4903913736343384,0.3631332814693451,-0.6568127870559692,1.7480604648590088
train,depablo_mixed_temp,75,40,-1.9341495037078857,2.9298386573791504,1.6189361810684204,0.1386522650718689,-0.6485045552253723,1.5345908403396606
train,depablo_mixed_temp,75,50,-2.274989128112793,3.225207805633545,1.5956616401672363,-0.084955133497715,-0.5916995406150818,1.247261881828308
train,depablo_mixed_temp,75,60,-2.847654342651367,3.7738490104675293,1.6867239475250244,-0.3602660000324249,-0.4518085718154907,0.7085067629814148
train,depablo_mixed_temp,75,70,-3.4246726036071777,4.271986484527588,1.6773319244384766,-0.6800306439399719,-0.5378141403198242,0.7121312618255615
train,depablo_mixed_temp,75,80,-3.661555290222168,4.702396392822266,1.974661946296692,-0.5952317118644714,-0.4094471335411072,0.3428605794906616
train,depablo_mixed_temp,75,90,-4.303343296051025,5.000112533569336,1.6215838193893433,-1.2390564680099487,-0.4809778332710266,0.23864707350730896
train,depablo_mixed_temp,75,100,-4.858437538146973,5.672569274902344,1.899221658706665,-1.3309677839279175,-0.4422900974750519,-0.009910188615322113
train,depablo_mixed_temp,76,0,0.781623363494873,0.33303260803222656,1.5377963781356812,1.398395299911499,0.6110306978225708,-0.5685908198356628
train,depablo_mixed_temp,76,10,0.4800584614276886,0.8418977856636047,1.9947704076766968,1.7889869213104248,-0.3781248927116394,2.0111608505249023
train,depablo_mixed_temp,76,20,-0.6720495820045471,1.2569442987442017,1.029714822769165,0.4409286379814148,-0.8552566170692444,2.5182504653930664
train,depablo_mixed_temp,76,30,-0.9644169807434082,1.5590718984603882,1.106788992881775,0.2310037463903427,-0.26941242814064026,0.9219290018081665
train,depablo_mixed_temp,76,40,-1.9298336505889893,2.366039752960205,1.0752053260803223,-0.3111262023448944,-0.40561699867248535,0.910908043384552
train,depablo_mixed_temp,76,50,-1.6680872440338135,2.754855155944824,1.9442038536071777,0.6017026901245117,-0.770779550075531,2.140228748321533
train,depablo_mixed_temp,76,60,-0.9380191564559937,2.4431512355804443,2.2454867362976074,1.231338620185852,-0.6491264700889587,2.075061082839966
train,depablo_mixed_temp,76,70,-1.6706262826919556,3.041651725769043,2.290656805038452,0.74212247133255,-0.010882308706641197,0.22880256175994873
train,depablo_mixed_temp,76,80,-2.038001775741577,4.171194076538086,3.508962631225586,1.6265993118286133,-0.4464489221572876,1.469191312789917
train,depablo_mixed_temp,76,90,-3.052971363067627,4.180219650268555,2.1917738914489746,-0.03254558518528938,-0.4252851605415344,0.7378832101821899
train,depablo_mixed_temp,76,100,-3.8503360748291016,4.696044921875,1.9486483335494995,-0.6541872620582581,-0.5980332493782043,0.8511031270027161
train,depablo_mixed_temp,77,0,1.6399288177490234,-0.002399040851742029,2.296278238296509,2.4386181831359863,0.8760595917701721,-0.6401400566101074
train,depablo_mixed_temp,77,10,1.0541863441467285,0.5742322206497192,2.3930788040161133,2.1786999702453613,0.9059156179428101,-0.9103394150733948
train,depablo_mixed_temp,77,20,1.1731575727462769,1.1045825481414795,3.2599759101867676,3.0227468013763428,0.49556970596313477,0.35428711771965027
train,depablo_mixed_temp,77,30,1.2505954504013062,1.4715126752853394,3.9190080165863037,3.6201837062835693,0.3879272937774658,0.8262784481048584
train,depablo_mixed_temp,77,40,1.2322543859481812,1.9200398921966553,4.533273696899414,4.156426906585693,0.1273803412914276,1.620513677597046
train,depablo_mixed_temp,77,50,0.7011768221855164,2.6296181678771973,4.875086307525635,4.120297431945801,0.20636294782161713,1.2864936590194702
train,depablo_mixed_temp,77,60,0.8761732578277588,2.9053046703338623,5.47881555557251,4.86366081237793,-0.6560332775115967,3.7007572650909424
train,depablo_mixed_temp,77,70,0.8547073602676392,3.289546489715576,6.030659198760986,5.368642807006836,-1.0554507970809937,4.864266395568848
train,depablo_mixed_temp,77,80,0.4132882058620453,3.822472095489502,6.231533527374268,5.237565517425537,-0.8064801096916199,4.094221115112305
train,depablo_mixed_temp,77,90,0.3733130991458893,4.132425308227539,6.63698673248291,5.602088451385498,-1.1338486671447754,5.021800994873047
train,depablo_mixed_temp,77,100,0.12426388263702393,4.942846775054932,7.555203914642334,6.299743175506592,-1.6411962509155273,6.476917266845703
train,depablo_mixed_temp,78,0,0.6453248262405396,0.6083136796951294,1.8530853986740112,1.619093894958496,0.20383457839488983,0.6106486916542053
train,depablo_mixed_temp,78,10,-3.1460978984832764,2.240389347076416,-0.3302164673805237,-1.835754632949829,-2.1316490173339844,4.802034854888916
train,depablo_mixed_temp,78,20,-0.2315126657485962,0.018137294799089432,0.28479892015457153,0.21219700574874878,-1.2750436067581177,3.8036463260650635
train,depablo_mixed_temp,78,30,-1.5076897144317627,1.9876537322998047,1.2551618814468384,0.3770340085029602,-1.9509576559066772,5.162583827972412
train,depablo_mixed_temp,78,40,-0.0417817123234272,0.7865378260612488,1.3654876947402954,1.3640857934951782,-2.324298858642578,6.689462661743164
train,depablo_mixed_temp,78,50,-0.030827704817056656,1.582175612449646,2.5799036026000977,2.5762035846710205,-3.614485502243042,10.342403411865234
train,depablo_mixed_temp,78,60,-1.2066351175308228,2.2080535888671875,1.8223034143447876,0.9907764196395874,-1.964197039604187,5.39189338684082
train,depablo_mixed_temp,78,70,0.16519859433174133,2.5745975971221924,4.396157264709473,4.380290508270264,-4.632551670074463,13.473026275634766
train,depablo_mixed_temp,78,80,-0.0012295254273340106,3.0658695697784424,4.989996910095215,4.5498127937316895,-3.484508514404297,10.654682159423828
train,depablo_mixed_temp,78,90,0.24808382987976074,2.654676675796509,4.828134059906006,4.562960147857666,-3.310802936553955,10.284920692443848
train,depablo_mixed_temp,78,100,-0.17368723452091217,4.240171432495117,7.074585914611816,6.80720329284668,-6.879487037658691,20.07755470275879
train,depablo_mixed_temp,79,0,0.9414058923721313,0.25884002447128296,1.5978643894195557,1.5334669351577759,0.6714828014373779,-0.6929757595062256
train,depablo_mixed_temp,79,10,0.45874807238578796,0.7833541035652161,1.7473067045211792,1.386378288269043,0.6383647918701172,-0.7519317865371704
train,depablo_mixed_temp,79,20,-0.07160549610853195,1.3216499090194702,1.8219268321990967,1.1333814859390259,0.7058824300765991,-1.1238353252410889
train,depablo_mixed_temp,79,30,-0.3734305799007416,1.7353806495666504,2.035001754760742,1.1272685527801514,0.7674927711486816,-1.351743221282959
train,depablo_mixed_temp,79,40,-1.043519377708435,2.3595831394195557,2.088611125946045,0.7637476921081543,0.9168053269386292,-1.9730721712112427
train,depablo_mixed_temp,79,50,-1.5101979970932007,2.8765945434570312,2.2191643714904785,0.6085113883018494,0.8923678994178772,-2.0677878856658936
train,depablo_mixed_temp,79,60,-2.175246238708496,3.5303869247436523,2.297727108001709,0.2725117802619934,1.012976050376892,-2.620892286300659
train,depablo_mixed_temp,79,70,-2.5265910625457764,4.028487205505371,2.5843331813812256,0.29553356766700745,1.086334228515625,-2.8732337951660156
train,depablo_mixed_temp,79,80,-3.0809402465820312,4.485464096069336,2.5225534439086914,-0.06834332644939423,1.0744291543960571,-3.071746587753296
train,depablo_mixed_temp,79,90,-3.5883028507232666,4.99839973449707,2.5955705642700195,-0.30411872267723083,1.1112234592437744,-3.35191011428833
train,depablo_mixed_temp,79,100,-3.9871764183044434,5.498995304107666,2.8107762336730957,-0.36299997568130493,1.165018081665039,-3.5948944091796875
train,depablo_mixed_temp,80,0,0.32779839634895325,0.8344553709030151,1.6430755853652954,1.4062129259109497,-0.5082868933677673,2.178210973739624
train,depablo_mixed_temp,80,10,0.6314211487770081,1.5442614555358887,3.3426668643951416,3.345548152923584,-2.517693281173706,7.984520435333252
train,depablo_mixed_temp,80,20,0.16283747553825378,2.72586727142334,4.469499588012695,4.1942524909973145,-3.6094279289245605,10.87488842010498
train,depablo_mixed_temp,80,30,1.0995453596115112,1.6312384605407715,4.0988874435424805,4.329786777496338,-3.0716097354888916,9.763778686523438
train,depablo_mixed_temp,80,40,-0.12795796990394592,2.406749963760376,3.494601249694824,3.1701807975769043,-3.2362470626831055,9.489511489868164
train,depablo_mixed_temp,80,50,-4.252657890319824,4.9464850425720215,1.8809089660644531,-0.7115305066108704,-1.9346250295639038,4.2072601318359375
train,depablo_mixed_temp,80,60,-0.6469977498054504,2.9717259407043457,3.653143882751465,2.841571807861328,-2.364258050918579,7.0955657958984375
train,depablo_mixed_temp,80,70,-0.7584781050682068,3.2260022163391113,3.7949447631835938,2.985982894897461,-2.9134180545806885,8.458471298217773
train,depablo_mixed_temp,80,80,-1.5400289297103882,4.350790500640869,4.712071895599365,3.5450525283813477,-4.284923076629639,12.089248657226562
train,depablo_mixed_temp,80,90,-2.6400046348571777,5.340127944946289,4.65484094619751,2.6021206378936768,-2.7343881130218506,7.584496021270752
train,depablo_mixed_temp,80,100,-2.0724034309387207,6.471519947052002,7.501502990722656,5.3765435218811035,-3.5338637828826904,10.810136795043945
train,depablo_mixed_temp,81,0,0.6331729888916016,0.6052967309951782,1.7961992025375366,1.569948434829712,0.2402029037475586,0.45796629786491394
train,depablo_mixed_temp,81,10,0.7374667525291443,0.9183997511863708,2.361985206604004,2.1504483222961426,-0.09051104635000229,1.4579243659973145
train,depablo_mixed_temp,81,20,0.21482712030410767,1.5304875373840332,2.5956225395202637,2.018224000930786,0.05179262161254883,0.9542832374572754
train,depablo_mixed_temp,81,30,0.26183393597602844,1.8648005723953247,3.0840883255004883,2.493048667907715,-0.24420446157455444,1.8155157566070557
train,depablo_mixed_temp,81,40,0.2497178018093109,2.2796692848205566,3.6632230281829834,2.985975503921509,-0.43448159098625183,2.436864137649536
train,depablo_mixed_temp,81,50,0.2156372368335724,2.5413756370544434,4.003846645355225,3.274777412414551,-0.5939937829971313,2.9067418575286865
train,depablo_mixed_temp,81,60,-0.04732513055205345,3.2421445846557617,4.743413925170898,3.748826742172241,-0.698363184928894,3.274139881134033
train,depablo_mixed_temp,81,70,-0.1910007894039154,3.654005765914917,5.171489715576172,4.093806266784668,-1.110247254371643,4.374842643737793
train,depablo_mixed_temp,81,80,-0.35501304268836975,4.176802158355713,5.713715553283691,4.46970272064209,-1.2805919647216797,4.873452186584473
train,depablo_mixed_temp,81,90,-0.6067476868629456,4.677347660064697,6.156932830810547,4.711616516113281,-1.421584963798523,5.269175052642822
train,depablo_mixed_temp,81,100,-1.277904748916626,5.394370079040527,6.334104061126709,4.404775619506836,-1.029510498046875,4.041361331939697
train,depablo_mixed_temp,82,0,0.7351691126823425,0.2707715928554535,1.3365869522094727,1.1866717338562012,0.760646641254425,-1.0758215188980103
train,depablo_mixed_temp,82,10,-0.674283504486084,1.7070207595825195,1.7585278749465942,0.9805864691734314,-0.4626062512397766,1.6714520454406738
train,depablo_mixed_temp,82,20,-0.6115210652351379,1.950073003768921,2.1357595920562744,1.3237427473068237,-0.42720893025398254,1.6447066068649292
train,depablo_mixed_temp,82,30,-1.75950026512146,2.2147486209869385,1.0077153444290161,-0.29105639457702637,-0.29293060302734375,0.6213258504867554
train,depablo_mixed_temp,82,40,-1.2178926467895508,2.293368339538574,1.7091596126556396,0.6479659676551819,-0.6162157654762268,1.7400754690170288
train,depablo_mixed_temp,82,50,-2.606976270675659,3.5454962253570557,1.8338429927825928,0.07484497129917145,-1.242210030555725,2.919769287109375
train,depablo_mixed_temp,82,60,-2.7167551517486572,3.5901713371276855,1.7829502820968628,-0.018942762166261673,-1.338337779045105,3.1400418281555176
train,depablo_mixed_temp,82,70,-3.0576586723327637,4.127802848815918,2.0173428058624268,-0.13064008951187134,-0.6336343288421631,1.1460888385772705
train,depablo_mixed_temp,82,80,-3.501612901687622,4.509916305541992,2.0895836353302,-0.4899085462093353,0.2543891966342926,-1.232177495956421
train,depablo_mixed_temp,82,90,-2.767404079437256,4.199591636657715,2.5005295276641846,0.47008463740348816,-0.8321117758750916,1.8702517747879028
train,depablo_mixed_temp,82,100,-5.568113803863525,6.782655715942383,2.937516689300537,-1.064576268196106,0.7632622718811035,-3.002872943878174
train,depablo_mixed_temp,83,0,0.8354025483131409,0.39099517464637756,1.6156668663024902,1.5767817497253418,0.19327127933502197,0.4824456572532654
train,depablo_mixed_temp,83,10,-0.2925969362258911,1.1806882619857788,1.3792788982391357,0.9935463666915894,-1.0713953971862793,3.259277105331421
train,depablo_mixed_temp,83,20,-2.155642509460449,2.1458628177642822,0.41081488132476807,-0.8005297183990479,-1.337873935699463,3.037031650543213
train,depablo_mixed_temp,83,30,-1.1013017892837524,1.845541000366211,1.2524724006652832,0.3781479597091675,-0.7346081137657166,2.016984462738037
train,depablo_mixed_temp,83,40,-1.827797532081604,2.5958752632141113,1.4901766777038574,0.11570312082767487,-0.46430569887161255,1.1359537839889526
train,depablo_mixed_temp,83,50,-1.9704374074935913,2.3319361209869385,0.9049758911132812,-0.432743102312088,-0.5670130848884583,1.2266780138015747
train,depablo_mixed_temp,83,60,-2.4666008949279785,2.9886255264282227,1.345834732055664,-0.36700722575187683,-0.5006127953529358,1.038512945175171
train,depablo_mixed_temp,83,70,-2.4000558853149414,3.520270347595215,2.0739004611968994,0.4205184578895569,-1.3222349882125854,3.246626853942871
train,depablo_mixed_temp,83,80,-3.940415859222412,4.233694553375244,1.2207434177398682,-1.3219619989395142,-0.34381815791130066,0.01784905605018139
train,depablo_mixed_temp,83,90,-3.1142234802246094,5.241665840148926,3.667938470840454,1.2758195400238037,-1.028740406036377,2.5588033199310303
train,depablo_mixed_temp,83,100,-4.835402488708496,5.742497444152832,2.1191701889038086,-1.1188828945159912,-0.30144840478897095,-0.3021083474159241
train,depablo_mixed_temp,84,0,1.4966182708740234,0.21627943217754364,2.3588035106658936,2.533468246459961,0.16969431936740875,1.1084747314453125
train,depablo_mixed_temp,84,10,1.508641242980957,0.5890904664993286,2.905099391937256,3.016541004180908,-0.006435259710997343,1.681214690208435
train,depablo_mixed_temp,84,20,1.4458831548690796,1.0161948204040527,3.4287142753601074,3.4397051334381104,-0.1905653476715088,2.238062858581543
train,depablo_mixed_temp,84,30,1.3120598793029785,1.4232805967330933,3.8389110565185547,3.714893102645874,-0.293829083442688,2.5413873195648193
train,depablo_mixed_temp,84,40,1.291509747505188,1.8042343854904175,4.3626580238342285,4.169451713562012,-0.5187966227531433,3.2275986671447754
train,depablo_mixed_temp,84,50,1.269364356994629,2.2265641689300537,4.9646992683410645,4.687821865081787,-0.750200629234314,3.960070848464966
train,depablo_mixed_temp,84,60,1.1667147874832153,2.655682325363159,5.463013172149658,5.077004432678223,-0.9804556369781494,4.628110408782959
train,depablo_mixed_temp,84,70,0.9808314442634583,3.1029117107391357,5.876283168792725,5.3405585289001465,-1.1671276092529297,5.133081912994385
train,depablo_mixed_temp,84,80,0.8939695358276367,3.5407156944274902,6.421737194061279,5.779094696044922,-1.4103689193725586,5.861506462097168
train,depablo_mixed_temp,84,90,0.6845088005065918,3.9590229988098145,6.774367809295654,5.985626697540283,-1.628310203552246,6.431494235992432
train,depablo_mixed_temp,84,100,0.5713145732879639,4.388644218444824,7.2874908447265625,6.392629623413086,-1.9266321659088135,7.292128562927246
train,depablo_mixed_temp,85,0,1.1976286172866821,0.32643967866897583,2.149639368057251,2.1237642765045166,0.5675969123840332,-0.07958090305328369
train,depablo_mixed_temp,85,10,0.08422675728797913,0.7278359532356262,1.3558472394943237,0.9127015471458435,0.22081950306892395,0.2311413288116455
train,depablo_mixed_temp,85,20,1.03217613697052,0.9114646315574646,2.7513012886047363,2.7775659561157227,-0.838463544845581,3.5760111808776855
train,depablo_mixed_temp,85,30,0.4424118995666504,1.8429805040359497,3.458418846130371,2.916379928588867,-0.2849400043487549,2.1473917961120605
train,depablo_mixed_temp,85,40,0.20949161052703857,2.1282944679260254,3.5114147663116455,2.8445348739624023,-0.30590614676475525,2.0668857097625732
train,depablo_mixed_temp,85,50,0.2566660940647125,2.4613711833953857,4.015145301818848,3.3164334297180176,-0.5601418614387512,2.84572172164917
train,depablo_mixed_temp,85,60,0.6477218270301819,3.0891919136047363,5.638186454772949,5.034440994262695,-1.4670218229293823,5.798272609710693
train,depablo_mixed_temp,85,70,0.5270351767539978,3.891453504562378,6.645732402801514,5.845519542694092,-1.8497077226638794,6.982293605804443
train,depablo_mixed_temp,85,80,-0.2836557626724243,4.156708717346191,5.881333827972412,4.680070400238037,-1.3379216194152832,5.097718715667725
train,depablo_mixed_temp,85,90,-0.17844144999980927,4.527385234832764,6.580109119415283,5.453058242797852,-2.1575822830200195,7.443995952606201
train,depablo_mixed_temp,85,100,-0.6543881297111511,6.046886920928955,8.379374504089355,6.619612693786621,-2.0164382457733154,7.414412498474121
train,depablo_mixed_temp,86,0,0.2346097081899643,0.7879155278205872,1.3762662410736084,1.1385202407836914,-0.45033425092697144,1.8547223806381226
train,depablo_mixed_temp,86,10,0.43728142976760864,0.5571252107620239,1.4256072044372559,1.3734186887741089,-0.7648781538009644,2.7972660064697266
train,depablo_mixed_temp,86,20,-0.23992183804512024,1.1316694021224976,1.528571367263794,1.043662428855896,-0.6334890127182007,2.313930034637451
train,depablo_mixed_temp,86,30,-0.4767206311225891,1.5849409103393555,1.7407610416412354,1.0690683126449585,-0.5903162956237793,2.080714464187622
train,depablo_mixed_temp,86,40,-1.840048909187317,2.443049430847168,1.3928029537200928,-0.04730881005525589,-0.21678656339645386,0.6196268796920776
train,depablo_mixed_temp,86,50,-1.2473158836364746,2.6705727577209473,2.4849841594696045,1.2502671480178833,-0.5757739543914795,1.9898818731307983
train,depablo_mixed_temp,86,60,-2.3490562438964844,3.797302484512329,2.624217987060547,0.7245992422103882,-0.5700757503509521,1.5586780309677124
train,depablo_mixed_temp,86,70,-2.7093703746795654,3.6140613555908203,1.8955503702163696,-0.12188516557216644,-0.32046112418174744,0.62568199634552
train,depablo_mixed_temp,86,80,-2.9528234004974365,4.24730920791626,2.4999635219573975,0.2560214102268219,-0.3726274371147156,0.772095799446106
train,depablo_mixed_temp,86,90,-3.765594005584717,5.358752727508545,3.0179128646850586,0.19222413003444672,-0.2877770662307739,0.3424627184867859
train,depablo_mixed_temp,86,100,-3.6294007301330566,5.3339667320251465,3.018953323364258,0.28221291303634644,-0.38603121042251587,0.5718231797218323
train,depablo_mixed_temp,87,0,1.3663146495819092,0.1260722130537033,2.1008660793304443,2.088853597640991,1.1061714887619019,-1.409302830696106
train,depablo_mixed_temp,87,10,1.0271145105361938,0.6887164115905762,2.4623634815216064,2.1977670192718506,1.065754771232605,-1.3656973838806152
train,depablo_mixed_temp,87,20,1.1597846746444702,1.0156404972076416,3.0791471004486084,2.823082447052002,0.8001284599304199,-0.5111213326454163
train,depablo_mixed_temp,87,30,0.8061486482620239,1.5271992683410645,3.3472774028778076,2.850933790206909,0.7388161420822144,-0.4384509325027466
train,depablo_mixed_temp,87,40,0.66628497838974,2.026711940765381,3.8741726875305176,3.2311103343963623,0.5638811588287354,0.06594548374414444
train,depablo_mixed_temp,87,50,0.5605120062828064,2.425163745880127,4.315577983856201,3.5536577701568604,0.4360072612762451,0.4516804814338684
train,depablo_mixed_temp,87,60,0.42407622933387756,2.878723382949829,4.782587051391602,3.8930740356445312,0.22819142043590546,1.0304454565048218
train,depablo_mixed_temp,87,70,0.26475995779037476,3.3183882236480713,5.2106099128723145,4.183208465576172,0.050282519310712814,1.5198827981948853
train,depablo_mixed_temp,87,80,-0.003756464459002018,3.8091132640838623,5.569263935089111,4.341031074523926,-0.05269328132271767,1.7590880393981934
train,depablo_mixed_temp,87,90,-0.023415999487042427,4.186158180236816,6.099864482879639,4.81751012802124,-0.35699623823165894,2.657897710800171
train,depablo_mixed_temp,87,100,-0.24422012269496918,4.724542617797852,6.611065864562988,5.152231216430664,-0.6076819896697998,3.3434340953826904
train,depablo_mixed_temp,88,0,0.1010218933224678,0.818304717540741,1.2180490493774414,0.9167564511299133,-0.340076208114624,1.4515459537506104
train,depablo_mixed_temp,88,10,0.265951544046402,0.9327590465545654,1.7302722930908203,1.568551778793335,-1.0299211740493774,3.453061103820801
train,depablo_mixed_temp,88,20,-1.447277545928955,2.134307384490967,1.2403815984725952,0.16111323237419128,-0.8738546967506409,2.288081645965576
train,depablo_mixed_temp,88,30,-0.8709184527397156,1.9272096157073975,1.6505460739135742,0.8566837310791016,-1.0303815603256226,2.971062421798706
train,depablo_mixed_temp,88,40,-1.9441583156585693,3.0669071674346924,1.9148147106170654,0.39916765689849854,-0.7048814296722412,1.7878949642181396
train,depablo_mixed_temp,88,50,-2.246358871459961,3.1673502922058105,1.6833102703094482,0.053968220949172974,-0.7835279703140259,1.8276402950286865
train,depablo_mixed_temp,88,60,-2.84097957611084,3.4489200115203857,1.328490138053894,-0.633618175983429,-0.4519599676132202,0.6767142415046692
train,depablo_mixed_temp,88,70,-3.302915334701538,4.175329685211182,1.8919837474822998,-0.40839776396751404,-0.6046301126480103,1.0796171426773071
train,depablo_mixed_temp,88,80,-3.720541000366211,4.482944488525391,1.6972911357879639,-0.7651323676109314,-0.8105947971343994,1.3381993770599365
train,depablo_mixed_temp,88,90,-4.129498481750488,5.274715423583984,2.3108532428741455,-0.5650839805603027,-0.4577969014644623,0.41344568133354187
train,depablo_mixed_temp,88,100,-4.677227020263672,5.901132583618164,2.574169397354126,-0.7006914019584656,-0.22997204959392548,-0.29626086354255676
train,depablo_mixed_temp,89,0,0.03216472640633583,0.9629631638526917,1.3592098951339722,1.0524928569793701,-0.7029259204864502,2.42584228515625
train,depablo_mixed_temp,89,10,0.3165734112262726,0.9829562902450562,1.9668101072311401,1.896550178527832,-1.6024097204208374,5.067102909088135
train,depablo_mixed_temp,89,20,-0.2100926786661148,1.7934290170669556,2.5091073513031006,2.039670705795288,-1.5450609922409058,4.85001277923584
train,depablo_mixed_temp,89,30,-0.7351179122924805,1.9690983295440674,1.8874465227127075,1.2292778491973877,-1.5194201469421387,4.317460536956787
train,depablo_mixed_temp,89,40,-0.7162672877311707,2.0742952823638916,2.087895393371582,1.4219939708709717,-1.6802170276641846,4.811555862426758
train,depablo_mixed_temp,89,50,-2.3255434036254883,3.45048189163208,2.1344289779663086,0.5429649949073792,-1.643960952758789,4.186375141143799
train,depablo_mixed_temp,89,60,-2.395556926727295,3.858633041381836,2.6348037719726562,0.8682999610900879,-1.3772573471069336,3.5733141899108887
train,depablo_mixed_temp,89,70,-1.391430377960205,3.1098291873931885,2.7000322341918945,1.6322851181030273,-2.112548828125,5.755555152893066
train,depablo_mixed_temp,89,80,-2.114382028579712,4.846047878265381,4.308743000030518,2.3584680557250977,-1.2999275922775269,3.8103532791137695
train,depablo_mixed_temp,89,90,-2.6420552730560303,4.149546146392822,2.741279363632202,0.7554963827133179,-1.081315279006958,2.754993438720703
train,depablo_mixed_temp,89,100,-3.5620620250701904,5.646781921386719,3.5413613319396973,0.8729777336120605,-1.0542454719543457,2.406280279159546
val,reid,0,0,0.41750848293304443,0.6571158766746521,1.4405385255813599,1.1004929542541504,-0.13138341903686523,1.1140278577804565
val,reid,0,10,0.16690149903297424,1.1489675045013428,1.8046376705169678,1.2639048099517822,-0.17345856130123138,1.1868094205856323
val,reid,0,50,-0.8673801422119141,3.1298115253448486,3.2417125701904297,1.8981764316558838,-0.43335476517677307,1.7002928256988525
val,reid,0,100,-2.0963361263275146,5.467176914215088,4.93567419052124,2.680668592453003,-0.964582622051239,2.883009672164917
val,reid,1,0,-0.29165738821029663,1.077406883239746,1.076727032661438,0.5018874406814575,-0.696764349937439,2.195453643798828
val,reid,1,10,-0.5565593242645264,1.5341678857803345,1.3731645345687866,0.5951067209243774,-0.7044553160667419,2.159268617630005
val,reid,1,50,-1.4855014085769653,3.3025221824645996,2.6399753093719482,1.1327264308929443,-0.8538004159927368,2.3799679279327393
val,reid,1,100,-2.665318489074707,5.541729927062988,4.260831356048584,1.8684395551681519,-1.2584924697875977,3.2207629680633545
val,reid,2,0,-0.2463206946849823,1.0536105632781982,1.1016477346420288,0.5530664324760437,-0.7166182994842529,2.2694835662841797
val,reid,2,10,-0.5145753026008606,1.5742565393447876,1.4797749519348145,0.7127588987350464,-0.7339543104171753,2.2692394256591797
val,reid,2,50,-1.522603154182434,3.7703542709350586,3.2404685020446777,1.6296770572662354,-0.9961329698562622,2.833437919616699
val,reid,2,100,-2.9619479179382324,6.602549076080322,5.395902633666992,2.6986594200134277,-1.6186866760253906,4.238536834716797
val,reid,3,0,0.8924508690834045,0.34749069809913635,1.6569225788116455,1.369232177734375,0.33343344926834106,0.16731658577919006
val,reid,3,10,0.3962951898574829,0.8344199657440186,1.7189146280288696,1.1223931312561035,0.419481098651886,-0.23293645679950714
val,reid,3,50,-1.6296124458312988,2.8009278774261475,1.9657243490219116,0.1243094950914383,0.6853753924369812,-1.6314232349395752
val,reid,3,100,-4.195749282836914,5.286540985107422,2.318500518798828,-1.076281189918518,0.847869873046875,-2.9131927490234375
val,reid,4,0,0.26105567812919617,0.6051129698753357,1.1878328323364258,0.7086353898048401,0.20702475309371948,0.13755187392234802
val,reid,4,10,-0.13036996126174927,1.0857349634170532,1.3678275346755981,0.6264424324035645,0.24594876170158386,-0.08169636130332947
val,reid,4,50,-1.6814721822738647,2.9974493980407715,2.0935630798339844,0.31439197063446045,0.38158953189849854,-0.8988487124443054
val,reid,4,100,-3.626148223876953,5.398845195770264,3.01997447013855,-0.05798705667257309,0.5228451490402222,-1.8395984172821045
val,reid,5,0,0.5316103100776672,0.541337251663208,1.439694881439209,1.0973358154296875,0.07156096398830414,0.6414764523506165
val,reid,5,10,0.1601240038871765,1.0312796831130981,1.655773639678955,1.0576767921447754,0.10067328065633774,0.4607156217098236
val,reid,5,50,-1.3146411180496216,3.0079078674316406,2.5636956691741943,0.9402639865875244,0.2247428297996521,-0.26622098684310913
val,reid,5,100,-3.220078468322754,5.5660529136657715,3.75285267829895,0.8053860664367676,0.36593344807624817,-1.1468493938446045
val,reid,6,0,0.4088701605796814,0.6220759153366089,1.3922011852264404,0.9816619157791138,0.032283857464790344,0.6835866570472717
val,reid,6,10,0.0068914443254470825,1.1004562377929688,1.556470513343811,0.8792698383331299,0.07878900319337845,0.4377955198287964
val,reid,6,50,-1.6043474674224854,3.012079954147339,2.210913896560669,0.4704933166503906,0.23803135752677917,-0.47546204924583435
val,reid,6,100,-3.638579845428467,5.42056131362915,3.0429751873016357,-0.03290765732526779,0.39479684829711914,-1.5047334432601929
val,reid,7,0,-0.02195233479142189,0.9400801658630371,1.2387622594833374,0.7605058550834656,-0.5792677402496338,2.0349574089050293
val,reid,7,10,-0.299044132232666,1.4047772884368896,1.5311990976333618,0.8431482315063477,-0.5857914090156555,1.9912340641021729
val,reid,7,50,-1.3004099130630493,3.173787832260132,2.6972434520721436,1.248831868171692,-0.7063501477241516,2.092182159423828
val,reid,7,100,-2.3963735103607178,5.153561115264893,4.02949857711792,1.768266201019287,-0.9862879514694214,2.584350109100342
val,reid,8,0,0.025849834084510803,0.8684861660003662,1.221610426902771,0.7369786500930786,-0.31043946743011475,1.371759295463562
val,reid,8,10,-0.23269231617450714,1.3420344591140747,1.5484212636947632,0.8637881278991699,-0.3445255160331726,1.4123101234436035
val,reid,8,50,-1.2032784223556519,3.249943256378174,2.944827079772949,1.5215774774551392,-0.7082763910293579,2.1929476261138916
val,reid,8,100,-2.241544246673584,5.364847183227539,4.574753761291504,2.4326937198638916,-1.5922746658325195,4.333283424377441
val,reid,9,0,-0.026725519448518753,0.9196805357933044,1.2180358171463013,0.6624215841293335,-0.5474918484687805,1.9557735919952393
val,reid,9,10,-0.4226199686527252,1.358830451965332,1.3365832567214966,0.5236282348632812,-0.48838111758232117,1.6710270643234253
val,reid,9,50,-2.050759792327881,3.1406054496765137,1.8080594539642334,-0.05160504952073097,-0.2918013334274292,0.6281516551971436
val,reid,9,100,-4.203029155731201,5.489156723022461,2.4601826667785645,-0.7682176828384399,-0.14298143982887268,-0.433557391166687
val,reid,10,0,-0.10294540226459503,0.9512096643447876,1.1696040630340576,0.5568296909332275,-0.4647323787212372,1.7068207263946533
val,reid,10,10,-0.4711190462112427,1.4002153873443604,1.33445143699646,0.47418296337127686,-0.41941016912460327,1.4756523370742798
val,reid,10,50,-1.960315465927124,3.207040786743164,1.9948015213012695,0.1385525017976761,-0.2586759924888611,0.6024199724197388
val,reid,10,100,-3.852271795272827,5.495279312133789,2.8366761207580566,-0.27756842970848083,-0.09858594834804535,-0.3837670683860779
val,reid,11,0,-0.27522769570350647,1.0524530410766602,1.0720901489257812,0.4651835560798645,-0.6154143810272217,1.9959759712219238
val,reid,11,10,-0.6186738014221191,1.5237834453582764,1.2955511808395386,0.4484993517398834,-0.5933084487915039,1.8427501916885376
val,reid,11,50,-1.970832109451294,3.3874800205230713,2.185223340988159,0.39505505561828613,-0.5303109884262085,1.3020848035812378
val,reid,11,100,-3.5906600952148438,5.645294189453125,3.2820560932159424,0.3599291145801544,-0.47314679622650146,0.7030850052833557
val,reid,12,0,0.20606394112110138,0.7899806499481201,1.3178789615631104,0.9617714881896973,-0.5049658417701721,1.941446304321289
val,reid,12,10,-0.027243660762906075,1.2346956729888916,1.6371917724609375,1.0963282585144043,-0.5380821228027344,1.9892011880874634
val,reid,12,50,-0.8610092997550964,2.8968355655670166,2.87148380279541,1.6733075380325317,-0.7665401697158813,2.4538938999176025
val,reid,12,100,-1.7356430292129517,4.6668243408203125,4.1945648193359375,2.3389244079589844,-1.197651743888855,3.4269933700561523
val,reid,13,0,0.2429068684577942,0.7608883380889893,1.3728119134902954,0.9133285284042358,-0.19218885898590088,1.2009440660476685
val,reid,13,10,-0.1299232691526413,1.2469229698181152,1.5817011594772339,0.8664197325706482,-0.1606179028749466,1.011438250541687
val,reid,13,50,-1.6102873086929321,3.2000160217285156,2.442051410675049,0.7099276185035706,-0.0600837841629982,0.32760709524154663
val,reid,13,100,-3.4059715270996094,5.573655605316162,3.4905247688293457,0.5282709002494812,0.03929012641310692,-0.44436636567115784
val,reid,14,0,-0.04030779004096985,1.0127218961715698,1.3173460960388184,0.7834017276763916,-0.7595949769020081,2.5124566555023193
val,reid,14,10,-0.4130607545375824,1.4417076110839844,1.4480113983154297,0.6687856912612915,-0.7061457633972168,2.251629590988159
val,reid,14,50,-1.9199997186660767,3.1665728092193604,1.9750115871429443,0.20907124876976013,-0.5161281228065491,1.272395133972168
val,reid,14,100,-3.8385205268859863,5.351866245269775,2.6525487899780273,-0.35886406898498535,-0.34181687235832214,0.21635210514068604
val,reid,15,0,0.8914816379547119,0.38313597440719604,1.6997205018997192,1.4819347858428955,0.23683902621269226,0.42486709356307983
val,reid,15,10,0.5288333892822266,0.910981297492981,1.9791650772094727,1.5026328563690186,0.24746385216712952,0.30667224526405334
val,reid,15,50,-0.9260929226875305,3.0941829681396484,3.2031633853912354,1.6713402271270752,0.28406426310539246,-0.12594835460186005
val,reid,15,100,-2.8384313583374023,5.964428901672363,4.824375629425049,1.9069132804870605,0.31225717067718506,-0.6338061094284058
val,reid,16,0,0.30656564235687256,0.8229743242263794,1.515582799911499,1.1378217935562134,-0.5328786969184875,2.1170129776000977
val,reid,16,10,-0.03534039109945297,1.292709469795227,1.7374786138534546,1.1205371618270874,-0.5100209712982178,1.962129831314087
val,reid,16,50,-1.3631080389022827,3.139613628387451,2.626847267150879,1.0798968076705933,-0.44319602847099304,1.4192677736282349
val,reid,16,100,-2.950284242630005,5.357641696929932,3.703866481781006,1.0492173433303833,-0.3934485912322998,0.8475936651229858
val,reid,17,0,0.2020011991262436,0.7996875047683716,1.3479458093643188,0.9473331570625305,-0.3923208713531494,1.6754924058914185
val,reid,17,10,-0.04935189336538315,1.2660229206085205,1.6754733324050903,1.0770734548568726,-0.41587650775909424,1.6923115253448486
val,reid,17,50,-0.9331309199333191,3.106417179107666,3.113726854324341,1.7921875715255737,-0.6231120824813843,2.1253232955932617
val,reid,17,100,-2.106990337371826,5.472945690155029,4.95339822769165,2.7075979709625244,-1.023529052734375,3.032546281814575
val,reid,18,0,-0.22543278336524963,1.0307954549789429,1.1045045852661133,0.5409201383590698,-0.649503231048584,2.111210823059082
val,reid,18,10,-0.499738484621048,1.4917136430740356,1.396031379699707,0.6242501735687256,-0.6532057523727417,2.06109356880188
val,reid,18,50,-1.5911058187484741,3.4143757820129395,2.6760313510894775,1.0651655197143555,-0.7302618026733398,2.040870428085327
val,reid,18,100,-2.904650926589966,5.740685939788818,4.244015216827393,1.642459750175476,-0.9461036324501038,2.34083890914917
val,reid,19,0,0.13908809423446655,0.845335841178894,1.32941472530365,0.8923107385635376,-0.4244380593299866,1.7299126386642456
val,reid,19,10,-0.143665611743927,1.3328287601470947,1.6461997032165527,0.9924699068069458,-0.4336417317390442,1.694941520690918
val,reid,19,50,-1.1327446699142456,3.2151355743408203,2.9858615398406982,1.5586291551589966,-0.5972262024879456,1.9375216960906982
val,reid,19,100,-2.2372913360595703,5.351348400115967,4.544351577758789,2.308474540710449,-1.0933799743652344,3.017671585083008
val,depablo_low_temp,20,0,-0.882002055644989,1.3760513067245483,0.6941643953323364,0.04257585480809212,-1.0216015577316284,2.694248914718628
val,depablo_low_temp,20,10,-1.2929962873458862,1.8057202100753784,0.7804529666900635,-0.13205261528491974,-0.9544743299484253,2.3766443729400635
val,depablo_low_temp,20,50,-2.986455202102661,3.566298484802246,1.1436727046966553,-0.8341670036315918,-0.7405878901481628,1.2460330724716187
val,depablo_low_temp,20,100,-5.207077503204346,5.874624729156494,1.6655769348144531,-1.6932079792022705,-0.5972986817359924,0.15778416395187378
val,depablo_low_temp,21,0,-0.5041232109069824,1.196302890777588,0.9466090202331543,0.45076286792755127,-0.915256679058075,2.6374101638793945
val,depablo_low_temp,21,10,-0.8978724479675293,1.6555334329605103,1.0951720476150513,0.337369441986084,-0.855599582195282,2.3584225177764893
val,depablo_low_temp,21,50,-2.499357223510742,3.5274345874786377,1.7129565477371216,-0.1073901355266571,-0.6455821394920349,1.3165249824523926
val,depablo_low_temp,21,100,-4.567827224731445,5.938300132751465,2.521493673324585,-0.6635981798171997,-0.4304027855396271,0.13198500871658325
val,depablo_low_temp,22,0,0.8972770571708679,0.3377363681793213,1.6269750595092773,1.5651686191558838,0.44215744733810425,-0.13291418552398682
val,depablo_low_temp,22,10,0.33647388219833374,0.8790391683578491,1.6842998266220093,1.273751139640808,0.5487412810325623,-0.6108414530754089
val,depablo_low_temp,22,50,-1.9864394664764404,3.109792709350586,1.9303010702133179,0.08725879341363907,0.9118693470954895,-2.3700103759765625
val,depablo_low_temp,22,100,-4.9934000968933105,6.0106964111328125,2.320526599884033,-1.3598865270614624,1.2108664512634277,-4.156294345855713
val,depablo_low_temp,23,0,0.6818353533744812,0.42144036293029785,1.621559739112854,1.4134372472763062,0.5066900849342346,-0.23523730039596558
val,depablo_low_temp,23,10,0.4979885220527649,0.8596969842910767,2.000072956085205,1.627885103225708,0.44128596782684326,-0.06394940614700317
val,depablo_low_temp,23,50,-0.03200750797986984,2.5169198513031006,3.659508228302002,2.754269599914551,-0.004341665655374527,1.2180458307266235
val,depablo_low_temp,23,100,-0.7677626013755798,4.595238208770752,5.724749565124512,4.148136615753174,-0.7467228770256042,3.313995361328125
val,depablo_low_temp,24,0,0.5180197358131409,0.5139907598495483,1.4673490524291992,1.2159336805343628,0.3937423825263977,-0.09972552955150604
val,depablo_low_temp,24,10,0.19334624707698822,0.9928034543991089,1.728578805923462,1.2423455715179443,0.3994124233722687,-0.18802091479301453
val,depablo_low_temp,24,50,-0.9518364667892456,2.8071017265319824,2.818601131439209,1.4843147993087769,0.353376179933548,-0.2993191182613373
val,depablo_low_temp,24,100,-2.2627456188201904,4.935366630554199,4.140686988830566,1.8335845470428467,0.24081648886203766,-0.25792914628982544
val,depablo_low_temp,25,0,-0.19812430441379547,1.206227421760559,1.547850251197815,1.021178960800171,-0.6087770462036133,2.2871031761169434
val,depablo_low_temp,25,10,-0.31307244300842285,1.567130208015442,1.903231143951416,1.2563680410385132,-0.6763230562210083,2.4841549396514893
val,depablo_low_temp,25,50,-0.6255857348442078,3.0307388305664062,3.593411445617676,2.567469835281372,-1.3082993030548096,4.347500324249268
val,depablo_low_temp,25,100,-1.4273178577423096,5.109372615814209,5.696329116821289,4.040157794952393,-2.489664316177368,7.619296073913574
val,depablo_low_temp,26,0,0.5731499791145325,0.7911762595176697,1.9290876388549805,1.723710298538208,-0.20098437368869781,1.5713261365890503
val,depablo_low_temp,26,10,0.403500497341156,1.1991533041000366,2.289334774017334,1.928192138671875,-0.24537424743175507,1.6928921937942505
val,depablo_low_temp,26,50,-0.1056712195277214,2.8904080390930176,4.079735279083252,3.17291259765625,-0.6699561476707458,2.9836339950561523
val,depablo_low_temp,26,100,-1.1225080490112305,5.432854175567627,6.57603645324707,4.815372943878174,-1.6903893947601318,5.846410274505615
val,depablo_low_temp,27,0,0.6426610946655273,0.7347463369369507,1.974312424659729,1.797876238822937,-0.24553659558296204,1.7632044553756714
val,depablo_low_temp,27,10,0.4865569472312927,1.1382461786270142,2.3428306579589844,2.0198655128479004,-0.30428028106689453,1.9267950057983398
val,depablo_low_temp,27,50,-0.01708986423909664,2.8450276851654053,4.150068283081055,3.2960920333862305,-0.7947009205818176,3.3832526206970215
val,depablo_low_temp,27,100,-1.1326687335968018,5.428867816925049,6.55081844329834,4.793203830718994,-1.7387889623641968,5.9717841148376465
val,depablo_low_temp,28,0,-0.3657222092151642,1.0985405445098877,0.9769433736801147,0.5378191471099854,-0.814892053604126,2.4219295978546143
val,depablo_low_temp,28,10,-0.8051215410232544,1.5453791618347168,1.0520612001419067,0.3355329632759094,-0.7370388507843018,2.0649750232696533
val,depablo_low_temp,28,50,-2.619828224182129,3.3865857124328613,1.381478190422058,-0.4724910855293274,-0.48178398609161377,0.7824388742446899
val,depablo_low_temp,28,100,-5.008783340454102,5.825715065002441,1.8870447874069214,-1.450716257095337,-0.29749342799186707,-0.4662674069404602
val,depablo_low_temp,29,0,1.1273027658462524,0.1289481520652771,1.740725040435791,1.707127332687378,0.9485787153244019,-1.226056456565857
val,depablo_low_temp,29,10,0.8482188582420349,0.602918803691864,2.0545804500579834,1.8100394010543823,0.9155911803245544,-1.1863441467285156
val,depablo_low_temp,29,50,-0.0913219302892685,2.424747943878174,3.4377360343933105,2.4457857608795166,0.6803780794143677,-0.6627227067947388
val,depablo_low_temp,29,100,-1.277374267578125,4.734294891357422,5.218812465667725,3.2936789989471436,0.29634925723075867,0.24185383319854736
val,depablo_low_temp,30,0,0.7290456295013428,0.5388466119766235,1.8570923805236816,1.6793606281280518,0.15213103592395782,0.7773879766464233
val,depablo_low_temp,30,10,0.6125020980834961,0.9687276482582092,2.31044602394104,1.9980463981628418,0.054114606231451035,1.0748826265335083
val,depablo_low_temp,30,50,0.27532124519348145,2.760530471801758,4.456890106201172,3.6839637756347656,-0.7084595561027527,3.381638288497925
val,depablo_low_temp,30,100,-0.7382314205169678,5.382809638977051,7.108075141906738,5.49407958984375,-1.9993531703948975,7.010107040405273
val,depablo_low_temp,31,0,-0.33010053634643555,1.0584791898727417,0.9954655170440674,0.5426027178764343,-0.6429111361503601,2.022059202194214
val,depablo_low_temp,31,10,-0.7171353101730347,1.5006916522979736,1.1266182661056519,0.42107999324798584,-0.5941885113716125,1.769732117652893
val,depablo_low_temp,31,50,-2.248389482498169,3.2515711784362793,1.6491676568984985,-0.05030165985226631,-0.4397643208503723,0.8729183673858643
val,depablo_low_temp,31,100,-4.102643013000488,5.364394664764404,2.282639503479004,-0.6111673712730408,-0.3047010898590088,-0.07181296497583389
val,depablo_low_temp,32,0,1.3300150632858276,0.2395886480808258,2.2074248790740967,2.244680643081665,0.5797239542007446,-0.03623083233833313
val,depablo_low_temp,32,10,1.1628159284591675,0.6908988356590271,2.6312708854675293,2.5069353580474854,0.5081942081451416,0.16932842135429382
val,depablo_low_temp,32,50,0.6292305588722229,2.5504376888275146,4.615666389465332,3.9050981998443604,0.022076042369008064,1.642500877380371
val,depablo_low_temp,32,100,-0.36557886004447937,5.2063140869140625,7.248711585998535,5.640068054199219,-0.8527438044548035,4.138543605804443
val,depablo_low_temp,33,0,0.6012954711914062,0.49372100830078125,1.4409745931625366,1.301032543182373,0.14347974956035614,0.4659172296524048
val,depablo_low_temp,33,10,0.08860640972852707,1.0107572078704834,1.5232471227645874,1.0605568885803223,0.23362872004508972,0.05222588777542114
val,depablo_low_temp,33,50,-2.0146713256835938,3.1259379386901855,1.8721617460250854,0.09435981512069702,0.5402144193649292,-1.4662134647369385
val,depablo_low_temp,33,100,-4.721846580505371,5.8531622886657715,2.3701255321502686,-1.0852991342544556,0.7982438802719116,-3.0304670333862305
val,depablo_low_temp,34,0,0.4228374660015106,0.9747920036315918,1.9968483448028564,1.7597324848175049,-0.6295857429504395,2.6500701904296875
val,depablo_low_temp,34,10,0.31493011116981506,1.3419537544250488,2.3777475357055664,2.022418260574341,-0.7079551219940186,2.8861477375030518
val,depablo_low_temp,34,50,-0.09810448437929153,3.012742519378662,4.286839962005615,3.453192710876465,-1.317598819732666,4.72391414642334
val,depablo_low_temp,34,100,-1.3539788722991943,5.77296257019043,6.844769477844238,5.05067777633667,-2.5530481338500977,8.083649635314941
val,depablo_low_temp,35,0,2.114001750946045,-0.2018965184688568,2.6334381103515625,2.9785773754119873,0.9475147724151611,-0.566543698310852
val,depablo_low_temp,35,10,1.87455415725708,0.32447385787963867,3.074634313583374,3.212411642074585,0.8817076683044434,-0.39759182929992676
val,depablo_low_temp,35,50,1.0933351516723633,2.5216081142425537,5.243547439575195,4.619741916656494,0.38076260685920715,1.074791669845581
val,depablo_low_temp,35,100,-0.2958386540412903,5.6709370613098145,8.102649688720703,6.311488151550293,-0.5062282085418701,3.525282382965088
val,depablo_low_temp,36,0,0.08950905501842499,0.6876510977745056,1.0583776235580444,0.740818440914154,-0.07701604068279266,0.7675155401229858
val,depablo_low_temp,36,10,-0.32148483395576477,1.1818253993988037,1.235897421836853,0.6426551342010498,-0.02494785748422146,0.5096144080162048
val,depablo_low_temp,36,50,-1.9592266082763672,3.174605131149292,1.982806921005249,0.28863370418548584,0.1545180231332779,-0.433614581823349
val,depablo_low_temp,36,100,-4.03879451751709,5.715432643890381,2.957641839981079,-0.13111446797847748,0.3370945453643799,-1.5016400814056396
val,depablo_low_temp,37,0,-0.23487596213817596,1.0629189014434814,1.1272207498550415,0.7734133005142212,-1.0182143449783325,3.0687599182128906
val,depablo_low_temp,37,10,-0.569862961769104,1.5038793087005615,1.3221843242645264,0.7342044711112976,-0.9771856069564819,2.869277000427246
val,depablo_low_temp,37,50,-1.8827486038208008,3.272135019302368,2.1477720737457275,0.6327957510948181,-0.8259891271591187,2.1272852420806885
val,depablo_low_temp,37,100,-3.5599002838134766,5.529428958892822,3.207428455352783,0.514517605304718,-0.6691634654998779,1.2777436971664429
val,depablo_low_temp,38,0,1.2551249265670776,0.17594514787197113,2.010084867477417,2.043797016143799,0.5615164041519165,-0.07058022171258926
val,depablo_low_temp,38,10,1.073398470878601,0.6353855729103088,2.4260902404785156,2.289364814758301,0.497986376285553,0.10754074156284332
val,depablo_low_temp,38,50,0.4571608901023865,2.5211336612701416,4.331026077270508,3.5630486011505127,0.0628628060221672,1.3996495008468628
val,depablo_low_temp,38,100,-0.577592134475708,5.101761817932129,6.772555828094482,5.095521450042725,-0.7042782306671143,3.5491013526916504
val,depablo_low_temp,39,0,0.2389279007911682,0.6947929263114929,1.2418503761291504,0.9662353992462158,-0.06843812018632889,0.8220928907394409
val,depablo_low_temp,39,10,-0.26329490542411804,1.193477988243103,1.312411904335022,0.7221549153327942,0.02208717353641987,0.4095861613750458
val,depablo_low_temp,39,50,-2.3232803344726562,3.2430315017700195,1.6306650638580322,-0.24209082126617432,0.31801414489746094,-1.0666965246200562
val,depablo_low_temp,39,100,-4.97573184967041,5.901405334472656,2.111995220184326,-1.3968801498413086,0.5392729043960571,-2.5113439559936523
val,depablo_mixed_temp,40,0,1.2249149084091187,0.5335381031036377,2.453331708908081,2.4361159801483154,0.25753122568130493,0.7844312191009521
val,depablo_mixed_temp,40,10,0.2684164345264435,2.1087982654571533,3.636035919189453,3.2708020210266113,-1.7184580564498901,5.736953258514404
val,depablo_mixed_temp,40,50,-1.3163936138153076,3.5489397048950195,3.9168193340301514,2.4724783897399902,-0.9758632779121399,3.421926498413086
val,depablo_mixed_temp,40,100,-0.7408370971679688,4.299835681915283,5.666752815246582,4.557528018951416,-2.834961414337158,8.764482498168945
val,depablo_mixed_temp,41,0,-0.8773975968360901,1.3753033876419067,0.6989368796348572,0.04956671595573425,-1.0240740776062012,2.7034547328948975
val,depablo_mixed_temp,41,10,-1.8191407918930054,2.001358985900879,0.5283141136169434,-0.4797726273536682,-1.6848005056381226,4.036707878112793
val,depablo_mixed_temp,41,50,-3.6189231872558594,3.2855889797210693,0.04109084978699684,-1.8257570266723633,-2.1253576278686523,4.37040376663208
val,depablo_mixed_temp,41,100,-4.65916633605957,4.592875957489014,0.5675216913223267,-2.006638288497925,-1.977640151977539,3.6652560234069824
val,depablo_mixed_temp,42,0,-0.5047116279602051,1.1965386867523193,0.9460944533348083,0.4500811696052551,-0.9155816435813904,2.6378273963928223
val,depablo_mixed_temp,42,10,-0.8646367788314819,1.6242151260375977,1.0874640941619873,0.35163235664367676,-0.8641802072525024,2.389068841934204
val,depablo_mixed_temp,42,50,-2.4619569778442383,3.4741692543029785,1.6761516332626343,-0.11399645358324051,-0.6615239977836609,1.361065149307251
val,depablo_mixed_temp,42,100,-4.561135292053223,5.88254976272583,2.45780086517334,-0.7106220722198486,-0.4308452606201172,0.1257312297821045
val,depablo_mixed_temp,43,0,0.8174042701721191,0.36031264066696167,1.5580005645751953,1.456568717956543,0.48015689849853516,-0.27516791224479675
val,depablo_mixed_temp,43,10,0.04987562447786331,1.0438745021820068,1.5589337348937988,1.0327208042144775,0.42018043994903564,-0.42003628611564636
val,depablo_mixed_temp,43,50,-2.600550413131714,3.270425796508789,1.4068771600723267,-0.6312034130096436,0.6061810851097107,-1.9141647815704346
val,depablo_mixed_temp,43,100,-5.123470306396484,5.526160717010498,1.4380948543548584,-2.0262560844421387,0.5219534039497375,-2.636648178100586
val,depablo_mixed_temp,44,0,1.4135429859161377,0.20894917845726013,2.2095930576324463,2.3480963706970215,0.3925170600414276,0.4256517291069031
val,depablo_mixed_temp,44,10,-0.5353900194168091,0.9792399406433105,0.904281735420227,0.32095178961753845,-0.2555234432220459,1.0645179748535156
val,depablo_mixed_temp,44,50,-1.9995139837265015,3.3372602462768555,2.361590623855591,0.6391050815582275,-0.12820488214492798,0.48747020959854126
val,depablo_mixed_temp,44,100,-1.4573731422424316,3.386625289916992,3.0538036823272705,1.8631091117858887,-2.103827953338623,5.8927459716796875
val,depablo_mixed_temp,45,0,0.9856454730033875,0.35549867153167725,1.855778455734253,1.7628998756408691,0.5946547389030457,-0.3546639382839203
val,depablo_mixed_temp,45,10,0.43932464718818665,0.3201753497123718,1.2721291780471802,1.1027814149856567,0.06324159353971481,0.7281440496444702
val,depablo_mixed_temp,45,50,-0.14754663407802582,1.9392073154449463,2.784677505493164,2.0644047260284424,-0.36666619777679443,1.9194962978363037
val,depablo_mixed_temp,45,100,-1.4230583906173706,4.799875736236572,5.6399245262146,3.7833666801452637,-0.8972929120063782,3.6138463020324707
val,depablo_mixed_temp,46,0,1.492547869682312,0.2000793218612671,2.292029619216919,2.4952621459960938,0.12711948156356812,1.1552209854125977
val,depablo_mixed_temp,46,10,0.6778564453125,0.7651798725128174,2.1471786499023438,2.3452489376068115,-2.0541038513183594,6.410240650177002
val,depablo_mixed_temp,46,50,2.115196943283081,0.6852216124534607,4.015913486480713,4.802890300750732,-2.6070168018341064,8.849973678588867
val,depablo_mixed_temp,46,100,-0.0908152237534523,2.7303762435913086,4.047860622406006,3.3616867065429688,-1.5162445306777954,5.175366401672363
val,depablo_mixed_temp,47,0,0.460068017244339,0.5758378505706787,1.3640345335006714,1.1717846393585205,0.06702609360218048,0.5845302939414978
val,depablo_mixed_temp,47,10,-0.19088590145111084,1.0799723863601685,1.2694616317749023,0.7653979063034058,-0.1295517534017563,0.8169130086898804
val,depablo_mixed_temp,47,50,-2.6396918296813965,3.35770845413208,1.458727240562439,-0.5407034754753113,0.20063506066799164,-0.8804434537887573
val,depablo_mixed_temp,47,100,-4.666677951812744,5.76532506942749,2.309873104095459,-1.0475882291793823,0.49995627999305725,-2.263331174850464
val,depablo_mixed_temp,48,0,0.5127030611038208,0.5211752653121948,1.4688348770141602,1.2159618139266968,0.3829595148563385,-0.07490110397338867
val,depablo_mixed_temp,48,10,-0.23829656839370728,1.1464941501617432,1.4444189071655273,0.7919790744781494,0.26797524094581604,-0.06024356558918953
val,depablo_mixed_temp,48,50,-1.076097846031189,3.0277953147888184,3.130284070968628,1.7180808782577515,0.1158379465341568,0.4067040681838989
val,depablo_mixed_temp,48,100,-1.7723582983016968,4.334261417388916,3.9057741165161133,2.02435040473938,-0.32581019401550293,1.3323665857315063
val,depablo_mixed_temp,49,0,-0.26326048374176025,1.0585026741027832,1.0897995233535767,0.6482630968093872,-0.6249397397041321,2.0303962230682373
val,depablo_mixed_temp,49,10,0.21239562332630157,0.8586336374282837,1.6528081893920898,1.595595359802246,-1.6289262771606445,4.997804641723633
val,depablo_mixed_temp,49,50,-1.2196539640426636,2.316094398498535,1.7585278749465942,0.8016002178192139,-1.2918974161148071,3.5206148624420166
val,depablo_mixed_temp,49,100,-4.056337356567383,4.967851161956787,1.9112627506256104,-0.7828039526939392,-0.848034143447876,1.3320964574813843
val,depablo_mixed_temp,50,0,0.4250774383544922,0.8116423487663269,1.7867075204849243,1.5041942596435547,-0.11384817212820053,1.2769571542739868
val,depablo_mixed_temp,50,10,1.0669881105422974,-0.0895984023809433,1.6357237100601196,2.247685432434082,-2.58590030670166,7.937709808349609
val,depablo_mixed_temp,50,50,-0.13257388770580292,1.198870062828064,1.8711439371109009,1.8528003692626953,-3.0121631622314453,8.564014434814453
val,depablo_mixed_temp,50,100,1.9045767784118652,0.043277814984321594,3.4385111331939697,4.96218729019165,-6.599655628204346,19.275588989257812
val,depablo_mixed_temp,51,0,0.6541157364845276,0.7313796877861023,1.9838119745254517,1.8139874935150146,-0.2559058368206024,1.7963064908981323
val,depablo_mixed_temp,51,10,1.3044105768203735,1.0568267107009888,3.3027749061584473,3.481454610824585,-1.4169795513153076,5.312504768371582
val,depablo_mixed_temp,51,50,0.6343424320220947,2.1255548000335693,4.022411823272705,3.6018779277801514,-0.9580696821212769,4.059110641479492
val,depablo_mixed_temp,51,100,-0.8882819414138794,5.261921405792236,6.78339958190918,5.2905120849609375,-2.517087459564209,8.162408828735352
val,depablo_mixed_temp,52,0,0.9230286478996277,0.5875592827796936,2.1212172508239746,2.0826079845428467,-0.24331888556480408,1.884619116783142
val,depablo_mixed_temp,52,10,0.8963488936424255,0.9199200868606567,2.5715155601501465,2.488737106323242,-0.5239065885543823,2.6900742053985596
val,depablo_mixed_temp,52,50,0.4053539037704468,2.795452117919922,4.6939263343811035,4.040939807891846,-1.1541366577148438,4.632897853851318
val,depablo_mixed_temp,52,100,-1.050013542175293,5.735549449920654,7.220640182495117,5.442461967468262,-2.1144323348999023,7.199270248413086
val,depablo_mixed_temp,53,0,-0.33037275075912476,1.059765100479126,0.996936023235321,0.543598473072052,-0.6426113247871399,2.0214900970458984
val,depablo_mixed_temp,53,10,-0.8362633585929871,1.626042127609253,1.1636875867843628,0.37856173515319824,-0.5635215640068054,1.6597061157226562
val,depablo_mixed_temp,53,50,-2.322244882583618,3.3133935928344727,1.687774658203125,-0.06521159410476685,-0.4011571407318115,0.7787165641784668
val,depablo_mixed_temp,53,100,-4.07738733291626,5.476865768432617,2.4983713626861572,-0.4124439060688019,-0.33471232652664185,0.0717158168554306
val,depablo_mixed_temp,54,0,0.6392974853515625,0.48409417271614075,1.518187403678894,1.3647533655166626,0.27141237258911133,0.20899738371372223
val,depablo_mixed_temp,54,10,-0.41514891386032104,1.0834883451461792,1.2516045570373535,0.6400167942047119,0.02409612014889717,0.43925735354423523
val,depablo_mixed_temp,54,50,-3.3289284706115723,3.397308826446533,1.3378229141235352,-0.8967885971069336,-0.1658109724521637,0.11060050129890442
val,depablo_mixed_temp,54,100,-4.132091522216797,6.171732425689697,3.932574510574341,0.6347984075546265,0.33933496475219727,-1.0955488681793213
val,depablo_mixed_temp,55,0,0.7492803931236267,0.43413132429122925,1.5498316287994385,1.471334457397461,0.160783588886261,0.5030751824378967
val,depablo_mixed_temp,55,10,0.07778721302747726,1.0457046031951904,1.540378212928772,1.097996711730957,0.07194724678993225,0.4536619782447815
val,depablo_mixed_temp,55,50,-1.8748681545257568,3.0343008041381836,1.9288252592086792,0.22878096997737885,0.5015488266944885,-1.2978763580322266
val,depablo_mixed_temp,55,100,-4.522922515869141,5.680436611175537,2.357219934463501,-0.9631497859954834,0.6994414925575256,-2.7178773880004883
val,depablo_mixed_temp,56,0,0.24089039862155914,0.6948032379150391,1.2442655563354492,0.9696826934814453,-0.07050684839487076,0.8286423087120056
val,depablo_mixed_temp,56,10,-0.39639556407928467,1.2593128681182861,1.2158596515655518,0.5909592509269714,-0.10893970727920532,0.6622403860092163
val,depablo_mixed_temp,56,50,-2.2806143760681152,3.1255104541778564,1.4789347648620605,-0.2986018657684326,0.0814724788069725,-0.4983367919921875
val,depablo_mixed_temp,56,100,-5.2029218673706055,6.040200710296631,2.05206561088562,-1.5618728399276733,0.46781450510025024,-2.407947540283203
val,depablo_mixed_temp,57,0,-0.3644431233406067,1.2327293157577515,1.3362969160079956,0.7811301946640015,-0.7006800770759583,2.3801913261413574
val,depablo_mixed_temp,57,10,-0.43398335576057434,1.5614409446716309,1.6895246505737305,1.0429803133010864,-0.786552369594574,2.635359525680542
val,depablo_mixed_temp,57,50,-0.4616309702396393,2.7379515171051025,3.3375444412231445,2.50626540184021,-1.5378347635269165,4.906343936920166
val,depablo_mixed_temp,57,100,-1.0460983514785767,4.462893486022949,5.218119144439697,3.925597906112671,-2.7268240451812744,8.235184669494629
val,depablo_mixed_temp,58,0,0.5971832871437073,0.759132444858551,1.9209229946136475,1.7539527416229248,-0.32451632618904114,1.9040422439575195
val,depablo_mixed_temp,58,10,0.5604426860809326,1.1192281246185303,2.3948659896850586,2.142935037612915,-0.45496100187301636,2.3279168605804443
val,depablo_mixed_temp,58,50,-0.033911995589733124,2.9245707988739014,4.258630275726318,3.4124398231506348,-0.9607712030410767,3.826587200164795
val,depablo_mixed_temp,58,100,-1.2293165922164917,5.621653079986572,6.7424774169921875,4.933147430419922,-1.957843542098999,6.561264991760254
val,depablo_mixed_temp,59,0,0.7816556096076965,0.511879563331604,1.738610029220581,1.6807258129119873,-0.04682912677526474,1.139257788658142
val,depablo_mixed_temp,59,10,0.48038867115974426,0.9466907978057861,1.9760472774505615,1.6985304355621338,-0.015072619542479515,0.9901953935623169
val,depablo_mixed_temp,59,50,-0.9205161929130554,2.790618658065796,2.807659149169922,1.555811882019043,0.11228445917367935,0.29090768098831177
val,depablo_mixed_temp,59,100,-2.5928637981414795,5.127488613128662,3.9935874938964844,1.5535603761672974,0.20806580781936646,-0.3601643741130829
