split,source,original_index,frame,coordinate_mse_shared,zero_displacement_mse_shared,explained_displacement_score_shared,shuffled_same_source_coordinate_mse_shared,shuffled_original_index_shared,valid_shared,total_shared,control_shared,transfer_only_shared,variant_shared,seed,coordinate_mse_ljonly,zero_displacement_mse_ljonly,explained_displacement_score_ljonly,shuffled_same_source_coordinate_mse_ljonly,shuffled_original_index_ljonly,valid_ljonly,total_ljonly,control_ljonly,transfer_only_ljonly,variant_ljonly,latent_dim,shared_minus_ljonly_mse
train,lj_noisy,178,0,6.513982242495332e-08,0.0,,3.999384716735221e-07,199,1,1,same_source_cyclic_next_latent,False,r16_d4,3456456,5.861176077814889e-07,0.0,,8.227154353335209e-07,199,1,1,same_source_cyclic_next_latent,False,ljonly_r16_d4,4,-5.209777853565356e-07
train,lj_noisy,178,5,3.348026567095985e-08,8.898146575120337e-08,0.6237388832796669,3.2296208019033656e-07,199,1,1,same_source_cyclic_next_latent,False,r16_d4,3456456,3.934509607006476e-07,8.898146575120337e-08,-3.4217181339848475,6.264398848543351e-07,199,1,1,same_source_cyclic_next_latent,False,ljonly_r16_d4,4,-3.5997069502968776e-07
train,lj_noisy,178,10,3.7103905725643926e-08,3.5017228583456017e-07,0.8940409985981193,2.886769721044402e-07,199,1,1,same_source_cyclic_next_latent,False,r16_d4,3456456,2.7557052817428485e-07,3.5017228583456017e-07,0.2130430096216156,5.146175112713536e-07,199,1,1,same_source_cyclic_next_latent,False,ljonly_r16_d4,4,-2.384666224486409e-07
train,lj_noisy,178,25,2.6582821988085925e-07,2.1434675545606297e-06,0.8759821582952073,5.206022137826949e-07,199,1,1,same_source_cyclic_next_latent,False,r16_d4,3456456,3.449302425906353e-07,2.1434675545606297e-06,0.8390783933926448,6.931078928573697e-07,199,1,1,same_source_cyclic_next_latent,False,ljonly_r16_d4,4,-7.910202270977607e-08
train,lj_noisy,178,50,1.5084315236890689e-06,8.785852514847647e-06,0.8283113083061779,2.3055281417327933e-06,199,1,1,same_source_cyclic_next_latent,False,r16_d4,3456456,1.6635322026559152e-06,8.785852514847647e-06,0.8106578502376827,2.698495791264577e-06,199,1,1,same_source_cyclic_next_latent,False,ljonly_r16_d4,4,-1.5510067896684632e-07
train,lj_noisy,178,75,4.013436864624964e-06,2.023533670580946e-05,0.8016619677263523,6.251824743230827e-06,199,1,1,same_source_cyclic_next_latent,False,r16_d4,3456456,4.3667564568750095e-06,2.023533670580946e-05,0.7842014432296875,6.913765446370235e-06,199,1,1,same_source_cyclic_next_latent,False,ljonly_r16_d4,4,-3.533195922500454e-07
train,lj_noisy,178,100,7.380505394394277e-06,3.592209759517573e-05,0.7945413578692169,1.1874956726387609e-05,199,1,1,same_source_cyclic_next_latent,False,r16_d4,3456456,7.96681888459716e-06,3.592209759517573e-05,0.778219552366366,1.218767647515051e-05,199,1,1,same_source_cyclic_next_latent,False,ljonly_r16_d4,4,-5.863134902028833e-07
train,lj_noisy,178,125,1.152777076640632e-05,5.6316977861570194e-05,0.7953055862702341,1.8405564333079383e-05,199,1,1,same_source_cyclic_next_latent,False,r16_d4,3456456,1.23302825159044e-05,5.6316977861570194e-05,0.7810556783389049,1.7460411982028745e-05,199,1,1,same_source_cyclic_next_latent,False,ljonly_r16_d4,4,-8.025117494980805e-07
train,lj_noisy,178,149,1.537355092295911e-05,8.071761840255931e-05,0.8095390916232525,2.3300446628127247e-05,199,1,1,same_source_cyclic_next_latent,False,r16_d4,3456456,1.6498170225531794e-05,8.071761840255931e-05,0.7956063304141208,2.173081156797707e-05,199,1,1,same_source_cyclic_next_latent,False,ljonly_r16_d4,4,-1.1246193025726825e-06
train,lj_noisy,178,175,1.9440934920567088e-05,0.0001124141563195,0.8270597266655637,2.720651718846057e-05,199,1,1,same_source_cyclic_next_latent,False,r16_d4,3456456,2.1393303541117348e-05,0.0001124141563195,0.809692086463737,2.626844616315793e-05,199,1,1,same_source_cyclic_next_latent,False,ljonly_r16_d4,4,-1.95236862055026e-06
train,lj_noisy,178,199,2.412584217381664e-05,0.0001466976100346,0.8355403188359707,3.0854491342324764e-05,199,1,1,same_source_cyclic_next_latent,False,r16_d4,3456456,2.72534725809237e-05,0.0001466976100346,0.8142200641544579,3.1677984225098044e-05,199,1,1,same_source_cyclic_next_latent,False,ljonly_r16_d4,4,-3.1276304071070592e-06
train,lj_noisy,199,0,2.9702619031013455e-07,0.0,,1.2279549821414548e-07,42,1,1,same_source_cyclic_next_latent,False,r16_d4,3456456,6.447659188779653e-07,0.0,,5.360831210055039e-07,42,1,1,same_source_cyclic_next_latent,False,ljonly_r16_d4,4,-3.4773972856783075e-07
train,lj_noisy,199,5,1.9984310029030894e-07,9.910389309197853e-08,-1.0165010077337135,6.841712263394585e-08,42,1,1,same_source_cyclic_next_latent,False,r16_d4,3456456,4.321314861499559e-07,9.910389309197853e-08,-3.3603886050055944,3.505461165786983e-07,42,1,1,same_source_cyclic_next_latent,False,ljonly_r16_d4,4,-2.3228838585964695e-07
train,lj_noisy,199,10,1.5385900553610554e-07,4.115824481232266e-07,0.6261769513309261,6.14540809351638e-08,42,1,1,same_source_cyclic_next_latent,False,r16_d4,3456456,2.9508021270885365e-07,4.115824481232266e-07,0.2830592896893712,2.500968605545495e-07,42,1,1,same_source_cyclic_next_latent,False,ljonly_r16_d4,4,-1.412212071727481e-07
train,lj_noisy,199,25,3.459212223333452e-07,2.667711441972642e-06,0.8703303449950519,3.125503837964061e-07,42,1,1,same_source_cyclic_next_latent,False,r16_d4,3456456,3.687173659727705e-07,2.667711441972642e-06,0.8617851390628208,4.068127168466162e-07,42,1,1,same_source_cyclic_next_latent,False,ljonly_r16_d4,4,-2.279614363942528e-08
train,lj_noisy,199,50,1.7568271459822429e-06,1.0994632248184644e-05,0.8402104675877342,1.7194543033838272e-06,42,1,1,same_source_cyclic_next_latent,False,r16_d4,3456456,1.8299540442967557e-06,1.0994632248184644e-05,0.8335593221320428,1.9982226149295457e-06,42,1,1,same_source_cyclic_next_latent,False,ljonly_r16_d4,4,-7.31268983145128e-08
train,lj_noisy,199,75,4.9241043598158285e-06,2.538395165174734e-05,0.8060150591455735,4.795610493601998e-06,42,1,1,same_source_cyclic_next_latent,False,r16_d4,3456456,5.1920883379352745e-06,2.538395165174734e-05,0.7954578385127884,5.353766482585343e-06,42,1,1,same_source_cyclic_next_latent,False,ljonly_r16_d4,4,-2.6798397811944596e-07
train,lj_noisy,199,100,1.0263883268635254e-05,4.609454845194705e-05,0.7773297794784731,9.9594981293194e-06,42,1,1,same_source_cyclic_next_latent,False,r16_d4,3456456,1.0604620001686271e-05,4.609454845194705e-05,0.7699376529799083,1.054799577104859e-05,42,1,1,same_source_cyclic_next_latent,False,ljonly_r16_d4,4,-3.4073673305101693e-07
train,lj_noisy,199,125,1.637379318708554e-05,7.323205500142649e-05,0.7764122120188135,1.592737498867791e-05,42,1,1,same_source_cyclic_next_latent,False,r16_d4,3456456,1.6607869838480838e-05,7.323205500142649e-05,0.7732158432785023,1.65458295668941e-05,42,1,1,same_source_cyclic_next_latent,False,ljonly_r16_d4,4,-2.3407665139529854e-07
train,lj_noisy,199,149,2.2428757802117616e-05,0.0001047892219503,0.7859631230705533,2.2101598005974665e-05,42,1,1,same_source_cyclic_next_latent,False,r16_d4,3456456,2.3014059479464777e-05,0.0001047892219503,0.7803776089646796,2.3256250642589293e-05,42,1,1,same_source_cyclic_next_latent,False,ljonly_r16_d4,4,-5.853016773471609e-07
train,lj_noisy,199,175,3.0149187296046875e-05,0.0001456237077945,0.79296511706339,3.063661279156804e-05,42,1,1,same_source_cyclic_next_latent,False,r16_d4,3456456,3.169194678775966e-05,0.0001456237077945,0.782370966460598,3.273392576375045e-05,42,1,1,same_source_cyclic_next_latent,False,ljonly_r16_d4,4,-1.5427594917127863e-06
train,lj_noisy,199,199,3.959167224820703e-05,0.0001901433715829,0.7917798978812545,4.171211912762374e-05,42,1,1,same_source_cyclic_next_latent,False,r16_d4,3456456,4.214478758512996e-05,0.0001901433715829,0.7783525808221954,4.443887883098796e-05,42,1,1,same_source_cyclic_next_latent,False,ljonly_r16_d4,4,-2.5531153369229287e-06
train,lj_noisy,42,0,1.611741424767388e-07,0.0,,7.662118832740816e-07,102,1,1,same_source_cyclic_next_latent,False,r16_d4,3456456,7.029660196167242e-07,0.0,,1.1683844149956712e-06,102,1,1,same_source_cyclic_next_latent,False,ljonly_r16_d4,4,-5.417918771399854e-07
train,lj_noisy,42,5,1.116164867198677e-07,9.799599354209933e-08,-0.1389903064957136,6.771578568987024e-07,102,1,1,same_source_cyclic_next_latent,False,r16_d4,3456456,5.11254313551035e-07,9.799599354209933e-08,-4.21709403692508,1.01390071449714e-06,102,1,1,same_source_cyclic_next_latent,False,ljonly_r16_d4,4,-3.9963782683116733e-07
train,lj_noisy,42,10,9.57590913230888e-08,4.02869886784174e-07,0.7623076470483658,6.358820883178851e-07,102,1,1,same_source_cyclic_next_latent,False,r16_d4,3456456,3.957509306928842e-07,4.02869886784174e-07,0.0176706086129084,9.356824079986836e-07,102,1,1,same_source_cyclic_next_latent,False,ljonly_r16_d4,4,-2.999918393697954e-07
train,lj_noisy,42,25,2.615562948449224e-07,2.683668753888924e-06,0.9025377873234544,8.319847779603151e-07,102,1,1,same_source_cyclic_next_latent,False,r16_d4,3456456,4.781747975357575e-07,2.683668753888924e-06,0.8218204847961095,1.2333423455856971e-06,102,1,1,same_source_cyclic_next_latent,False,ljonly_r16_d4,4,-2.1661850269083516e-07
train,lj_noisy,42,50,1.2228231298649916e-06,1.129412430600496e-05,0.8917292658789996,2.2114336388767697e-06,102,1,1,same_source_cyclic_next_latent,False,r16_d4,3456456,1.8851002323572173e-06,1.129412430600496e-05,0.8330901820024301,3.555912826413987e-06,102,1,1,same_source_cyclic_next_latent,False,ljonly_r16_d4,4,-6.622771024922256e-07
train,lj_noisy,42,75,2.949914915006957e-06,2.5744931917870417e-05,0.8854176455227165,4.9389923333365005e-06,102,1,1,same_source_cyclic_next_latent,False,r16_d4,3456456,4.17941282648826e-06,2.5744931917870417e-05,0.8376607543643497,7.332497261813842e-06,102,1,1,same_source_cyclic_next_latent,False,ljonly_r16_d4,4,-1.2294979114813032e-06
train,lj_noisy,42,100,5.641904863296077e-06,4.618121238308959e-05,0.877831166135387,8.685165084898472e-06,102,1,1,same_source_cyclic_next_latent,False,r16_d4,3456456,6.648099770245608e-06,4.618121238308959e-05,0.8560431953345604,1.0530576219025534e-05,102,1,1,same_source_cyclic_next_latent,False,ljonly_r16_d4,4,-1.0061949069495313e-06
train,lj_noisy,42,125,8.790940228209365e-06,7.250723137985915e-05,0.878757745111596,1.243956012331182e-05,102,1,1,same_source_cyclic_next_latent,False,r16_d4,3456456,9.216126272804104e-06,7.250723137985915e-05,0.8728936949126962,1.403917576681124e-05,102,1,1,same_source_cyclic_next_latent,False,ljonly_r16_d4,4,-4.2518604459473863e-07
train,lj_noisy,42,149,1.1914794413314668e-05,0.0001034081433317,0.8847789542542249,1.6072101061581634e-05,102,1,1,same_source_cyclic_next_latent,False,r16_d4,3456456,1.233044622495072e-05,0.0001034081433317,0.8807594273751616,1.8853517758543603e-05,102,1,1,same_source_cyclic_next_latent,False,ljonly_r16_d4,4,-4.1565181163605133e-07
train,lj_noisy,42,175,1.6069881894509308e-05,0.000143292825669,0.8878528508355025,2.1060688595753163e-05,102,1,1,same_source_cyclic_next_latent,False,r16_d4,3456456,1.7224594557774253e-05,0.000143292825669,0.8797944385746411,2.634434713399969e-05,102,1,1,same_source_cyclic_next_latent,False,ljonly_r16_d4,4,-1.1547126632649451e-06
train,lj_noisy,42,199,2.1256673790048808e-05,0.0001860245247371,0.8857318742241957,2.733218570938334e-05,102,1,1,same_source_cyclic_next_latent,False,r16_d4,3456456,2.3361246348940767e-05,0.0001860245247371,0.8744184597060525,3.566599480109289e-05,102,1,1,same_source_cyclic_next_latent,False,ljonly_r16_d4,4,-2.1045725588919595e-06
train,lj_noisy,102,0,4.977923140359053e-07,0.0,,2.533029430651368e-07,99,1,1,same_source_cyclic_next_latent,False,r16_d4,3456456,7.573356128887099e-07,0.0,,9.247908678844396e-07,99,1,1,same_source_cyclic_next_latent,False,ljonly_r16_d4,4,-2.595432988528046e-07
train,lj_noisy,102,5,3.589605626075354e-07,1.047859115033134e-07,-2.425656726726902,1.7368417104535186e-07,99,1,1,same_source_cyclic_next_latent,False,r16_d4,3456456,5.673379632753495e-07,1.047859115033134e-07,-4.414258034653923,6.364617206600087e-07,99,1,1,same_source_cyclic_next_latent,False,ljonly_r16_d4,4,-2.0837740066781407e-07
train,lj_noisy,102,10,2.6454765134076297e-07,4.6877312342985533e-07,0.4356595160465755,1.714537916086556e-07,99,1,1,same_source_cyclic_next_latent,False,r16_d4,3456456,4.3402141614024004e-07,4.6877312342985533e-07,0.0741333185557839,4.129197179736366e-07,99,1,1,same_source_cyclic_next_latent,False,ljonly_r16_d4,4,-1.6947376479947707e-07
train,lj_noisy,102,25,4.0943183421404683e-07,3.25413498103444e-06,0.8741810537668924,7.063799216666666e-07,99,1,1,same_source_cyclic_next_latent,False,r16_d4,3456456,5.403834961725806e-07,3.25413498103444e-06,0.8339394341900345,3.8583175410167314e-07,99,1,1,same_source_cyclic_next_latent,False,ljonly_r16_d4,4,-1.309516619585338e-07
train,lj_noisy,102,50,1.7800276737034435e-06,1.3549693903769366e-05,0.8686296763347354,2.7957960355706746e-06,99,1,1,same_source_cyclic_next_latent,False,r16_d4,3456456,1.979804437723942e-06,1.3549693903769366e-05,0.8538856706443247,1.8229120541946031e-06,99,1,1,same_source_cyclic_next_latent,False,ljonly_r16_d4,4,-1.997767640204986e-07
train,lj_noisy,102,75,4.344107310316758e-06,3.12767515424639e-05,0.8611074649354541,6.074300472391769e-06,99,1,1,same_source_cyclic_next_latent,False,r16_d4,3456456,4.6606983232777566e-06,3.12767515424639e-05,0.8509852176639889,4.709821951109916e-06,99,1,1,same_source_cyclic_next_latent,False,ljonly_r16_d4,4,-3.1659101296099834e-07
train,lj_noisy,102,100,8.039422937144991e-06,5.606986815109849e-05,0.8566177663289638,1.0523216587898789e-05,99,1,1,same_source_cyclic_next_latent,False,r16_d4,3456456,8.356872967851814e-06,5.606986815109849e-05,0.850956079558962,9.428356861462817e-06,99,1,1,same_source_cyclic_next_latent,False,ljonly_r16_d4,4,-3.1745003070682287e-07
train,lj_noisy,102,125,1.3095072972646449e-05,8.798276394372806e-05,0.8511632007716672,1.657200846238993e-05,99,1,1,same_source_cyclic_next_latent,False,r16_d4,3456456,1.382341179123614e-05,8.798276394372806e-05,0.8428850018842633,1.6782032616902143e-05,99,1,1,same_source_cyclic_next_latent,False,ljonly_r16_d4,4,-7.283388185896911e-07
train,lj_noisy,102,149,1.9371134840184823e-05,0.000124813261209,0.8447990649988772,2.4036738977883942e-05,99,1,1,same_source_cyclic_next_latent,False,r16_d4,3456456,2.127188963640947e-05,0.000124813261209,0.8295702761841937,2.65741182374768e-05,99,1,1,same_source_cyclic_next_latent,False,ljonly_r16_d4,4,-1.9007547962246463e-06
train,lj_noisy,102,175,2.7940235668211244e-05,0.0001706574548734,0.8362788447247582,3.372351420694031e-05,99,1,1,same_source_cyclic_next_latent,False,r16_d4,3456456,3.230330185033381e-05,0.0001706574548734,0.8107126238681402,3.9670074329478666e-05,99,1,1,same_source_cyclic_next_latent,False,ljonly_r16_d4,4,-4.363066182122566e-06
train,lj_noisy,102,199,3.868390922434628e-05,0.0002185022167395,0.8229587333182465,4.4721236918121576e-05,99,1,1,same_source_cyclic_next_latent,False,r16_d4,3456456,4.6436998673016205e-05,0.0002185022167395,0.787475846396736,5.3724226745544e-05,99,1,1,same_source_cyclic_next_latent,False,ljonly_r16_d4,4,-7.753089448669925e-06
train,lj_noisy,99,0,2.5081305921048624e-07,0.0,,4.258142993762704e-08,178,1,1,same_source_cyclic_next_latent,False,r16_d4,3456456,8.999506349027797e-07,0.0,,3.568805198028713e-07,178,1,1,same_source_cyclic_next_latent,False,ljonly_r16_d4,4,-6.491375756922935e-07
train,lj_noisy,99,5,1.8483935093627227e-07,8.34548146144698e-08,-1.2148434669726522,2.5048612073419463e-08,178,1,1,same_source_cyclic_next_latent,False,r16_d4,3456456,6.659978453171789e-07,8.34548146144698e-08,-6.9803405998065085,2.055175656323627e-07,178,1,1,same_source_cyclic_next_latent,False,ljonly_r16_d4,4,-4.811584943809066e-07
train,lj_noisy,99,10,1.7170293631352254e-07,3.481648036540719e-07,0.5068343080303936,5.406018388498524e-08,178,1,1,same_source_cyclic_next_latent,False,r16_d4,3456456,4.95664778554783e-07,3.481648036540719e-07,-0.4236498731424429,1.2142498917455669e-07,178,1,1,same_source_cyclic_next_latent,False,ljonly_r16_d4,4,-3.2396184224126046e-07
train,lj_noisy,99,25,4.60784917777346e-07,2.362971372349421e-06,0.804997672350468,4.495234975365747e-07,178,1,1,same_source_cyclic_next_latent,False,r16_d4,3456456,4.368221482309309e-07,2.362971372349421e-06,0.8151386202378686,3.104497636741144e-07,178,1,1,same_source_cyclic_next_latent,False,ljonly_r16_d4,4,2.3962769546415075e-08
train,lj_noisy,99,50,1.6899550701054975e-06,9.879052413452882e-06,0.8289355092595534,1.9380481717234943e-06,178,1,1,same_source_cyclic_next_latent,False,r16_d4,3456456,1.4777323258385875e-06,9.879052413452882e-06,0.8504176044428843,1.7187179537359043e-06,178,1,1,same_source_cyclic_next_latent,False,ljonly_r16_d4,4,2.1222274426691e-07
train,lj_noisy,99,75,3.929440026695374e-06,2.276919803989585e-05,0.8274229940022364,4.691306457971223e-06,178,1,1,same_source_cyclic_next_latent,False,r16_d4,3456456,3.82550615540822e-06,2.276919803989585e-05,0.8319876638296516,4.430119588505477e-06,178,1,1,same_source_cyclic_next_latent,False,ljonly_r16_d4,4,1.0393387128715403e-07
train,lj_noisy,99,100,7.679974260099698e-06,4.133538095629774e-05,0.8142033753548944,9.275951924792024e-06,178,1,1,same_source_cyclic_next_latent,False,r16_d4,3456456,7.709006240474992e-06,4.133538095629774e-05,0.813501023526905,8.937857273849659e-06,178,1,1,same_source_cyclic_next_latent,False,ljonly_r16_d4,4,-2.9031980375293642e-08
train,lj_noisy,99,125,1.3483480870490894e-05,6.574357394129038e-05,0.7949080029854816,1.6116178812808357e-05,178,1,1,same_source_cyclic_next_latent,False,r16_d4,3456456,1.3819936611980664e-05,6.574357394129038e-05,0.7897903052194577,1.5890016584307887e-05,178,1,1,same_source_cyclic_next_latent,False,ljonly_r16_d4,4,-3.3645574148977006e-07
train,lj_noisy,99,149,2.176130328734871e-05,9.555911674397066e-05,0.7722739176665554,2.5137263946817257e-05,178,1,1,same_source_cyclic_next_latent,False,r16_d4,3456456,2.2943841031519696e-05,9.555911674397066e-05,0.7598989838615545,2.569887510617264e-05,178,1,1,same_source_cyclic_next_latent,False,ljonly_r16_d4,4,-1.1825377441709861e-06
train,lj_noisy,99,175,3.4266660804860294e-05,0.000135023263283,0.7462166150360265,3.787796958931722e-05,178,1,1,same_source_cyclic_next_latent,False,r16_d4,3456456,3.691581514431164e-05,0.000135023263283,0.7265966304864202,4.03130725317169e-05,178,1,1,same_source_cyclic_next_latent,False,ljonly_r16_d4,4,-2.649154339451343e-06
train,lj_noisy,99,199,4.741662633023225e-05,0.0001759650040185,0.7305337695145053,5.1051083573838696e-05,178,1,1,same_source_cyclic_next_latent,False,r16_d4,3456456,5.117681575939059e-05,0.0001759650040185,0.7091648078273118,5.531142960535362e-05,178,1,1,same_source_cyclic_next_latent,False,ljonly_r16_d4,4,-3.760189429158345e-06
train,lj_noisy,178,0,1.982782720233445e-07,0.0,,8.9520432311474e-07,199,1,1,same_source_cyclic_next_latent,False,r16_d4,123,6.997127570684825e-07,0.0,,1.4444610769714927e-06,199,1,1,same_source_cyclic_next_latent,False,ljonly_r16_d4,4,-5.01434485045138e-07
train,lj_noisy,178,5,8.165572040752522e-08,8.898146575120337e-08,0.0823288904249036,6.761467261640064e-07,199,1,1,same_source_cyclic_next_latent,False,r16_d4,123,5.013404233977781e-07,8.898146575120337e-08,-4.634211789672594,1.2408557950038812e-06,199,1,1,same_source_cyclic_next_latent,False,ljonly_r16_d4,4,-4.1968470299025284e-07
train,lj_noisy,178,10,5.2354366175677576e-08,3.5017228583456017e-07,0.8504896923784182,5.308149297889031e-07,199,1,1,same_source_cyclic_next_latent,False,r16_d4,123,4.089588685474155e-07,3.5017228583456017e-07,-0.1678790272415482,1.131031922341208e-06,199,1,1,same_source_cyclic_next_latent,False,ljonly_r16_d4,4,-3.566045023717379e-07
train,lj_noisy,178,25,3.434606981045363e-07,2.1434675545606297e-06,0.839763985522543,5.481088010128587e-07,199,1,1,same_source_cyclic_next_latent,False,r16_d4,123,5.745729936279531e-07,2.1434675545606297e-06,0.7319422949018093,1.3607324262920883e-06,199,1,1,same_source_cyclic_next_latent,False,ljonly_r16_d4,4,-2.3111229552341683e-07
train,lj_noisy,178,50,1.7080333236663137e-06,8.785852514847647e-06,0.8055927616836472,1.903186330309836e-06,199,1,1,same_source_cyclic_next_latent,False,r16_d4,123,2.0717459392471937e-06,8.785852514847647e-06,0.7641952291202194,3.3147312024084385e-06,199,1,1,same_source_cyclic_next_latent,False,ljonly_r16_d4,4,-3.637126155808801e-07
train,lj_noisy,178,75,4.046567482873797e-06,2.023533670580946e-05,0.8000247022471314,5.18712022312684e-06,199,1,1,same_source_cyclic_next_latent,False,r16_d4,123,4.984772203897592e-06,2.023533670580946e-05,0.753660031638293,7.139544322853908e-06,199,1,1,same_source_cyclic_next_latent,False,ljonly_r16_d4,4,-9.382047210237943e-07
train,lj_noisy,178,100,7.4270601544412784e-06,3.592209759517573e-05,0.7932453656203329,1.0166250831389334e-05,199,1,1,same_source_cyclic_next_latent,False,r16_d4,123,9.039418728207238e-06,3.592209759517573e-05,0.7483604985967964,1.2559930837596768e-05,199,1,1,same_source_cyclic_next_latent,False,ljonly_r16_d4,4,-1.6123585737659596e-06
train,lj_noisy,178,125,1.1967976206506137e-05,5.6316977861570194e-05,0.7874890191031914,1.6114756363094784e-05,199,1,1,same_source_cyclic_next_latent,False,r16_d4,123,1.419950604031328e-05,5.6316977861570194e-05,0.747864559152724,1.8379776520305317e-05,199,1,1,same_source_cyclic_next_latent,False,ljonly_r16_d4,4,-2.2315298338071426e-06
train,lj_noisy,178,149,1.6117723134811968e-05,8.071761840255931e-05,0.8003196395806826,2.076162854791619e-05,199,1,1,same_source_cyclic_next_latent,False,r16_d4,123,1.892148247861769e-05,8.071761840255931e-05,0.765584232375992,2.293763100169599e-05,199,1,1,same_source_cyclic_next_latent,False,ljonly_r16_d4,4,-2.803759343805723e-06
train,lj_noisy,178,175,2.018196573772002e-05,0.0001124141563195,0.8204677560329122,2.471937841619365e-05,199,1,1,same_source_cyclic_next_latent,False,r16_d4,123,2.3628219423699196e-05,0.0001124141563195,0.7898109971440932,2.7506190235726532e-05,199,1,1,same_source_cyclic_next_latent,False,ljonly_r16_d4,4,-3.446253685979176e-06
train,lj_noisy,178,199,2.471775587764569e-05,0.0001466976100346,0.8315053948607988,2.860592940123752e-05,199,1,1,same_source_cyclic_next_latent,False,r16_d4,123,2.8027074222336523e-05,0.0001466976100346,0.808946620086553,3.262756217736751e-05,199,1,1,same_source_cyclic_next_latent,False,ljonly_r16_d4,4,-3.3093183446908336e-06
train,lj_noisy,199,0,6.722931971125945e-07,0.0,,1.6713478601104725e-07,42,1,1,same_source_cyclic_next_latent,False,r16_d4,123,1.0859871508728247e-06,0.0,,6.092880084906938e-07,42,1,1,same_source_cyclic_next_latent,False,ljonly_r16_d4,4,-4.136939537602302e-07
train,lj_noisy,199,5,4.321278197494394e-07,9.910389309197853e-08,-3.360351609480978,5.351212450932508e-08,42,1,1,same_source_cyclic_next_latent,False,r16_d4,123,8.47628712108417e-07,9.910389309197853e-08,-7.552930522333073,4.277019911569369e-07,42,1,1,same_source_cyclic_next_latent,False,ljonly_r16_d4,4,-4.1550089235897753e-07
train,lj_noisy,199,10,2.6643090222933097e-07,4.115824481232266e-07,0.3526669967482133,3.7945369513181504e-08,42,1,1,same_source_cyclic_next_latent,False,r16_d4,123,6.78706214785052e-07,4.115824481232266e-07,-0.649016419140034,3.392531198187499e-07,42,1,1,same_source_cyclic_next_latent,False,ljonly_r16_d4,4,-4.1227531255572103e-07
train,lj_noisy,199,25,3.033790108020185e-07,2.667711441972642e-06,0.8862774264004789,5.269264420348918e-07,42,1,1,same_source_cyclic_next_latent,False,r16_d4,123,6.762386988157232e-07,2.667711441972642e-06,0.7465098030558817,5.616548719444836e-07,42,1,1,same_source_cyclic_next_latent,False,ljonly_r16_d4,4,-3.728596880137047e-07
train,lj_noisy,199,50,1.7877775917440886e-06,1.0994632248184644e-05,0.83739541701913,2.4299185952258995e-06,42,1,1,same_source_cyclic_next_latent,False,r16_d4,123,2.1006562747061253e-06,1.0994632248184644e-05,0.808938013815517,2.146201495634159e-06,42,1,1,same_source_cyclic_next_latent,False,ljonly_r16_d4,4,-3.128786829620367e-07
train,lj_noisy,199,75,4.99326142744394e-06,2.538395165174734e-05,0.8032906185786789,5.27006068296032e-06,42,1,1,same_source_cyclic_next_latent,False,r16_d4,123,5.384868927649222e-06,2.538395165174734e-05,0.787863253069246,5.4634724619972985e-06,42,1,1,same_source_cyclic_next_latent,False,ljonly_r16_d4,4,-3.916075002052821e-07
train,lj_noisy,199,100,1.0352580829930956e-05,4.609454845194705e-05,0.7754055267354797,1.0039047083409969e-05,42,1,1,same_source_cyclic_next_latent,False,r16_d4,123,1.0850515536731107e-05,4.609454845194705e-05,0.7646030625933428,1.0960464351228438e-05,42,1,1,same_source_cyclic_next_latent,False,ljonly_r16_d4,4,-4.979347068001516e-07
train,lj_noisy,199,125,1.6624853742541745e-05,7.323205500142649e-05,0.7729839242908326,1.589651765243616e-05,42,1,1,same_source_cyclic_next_latent,False,r16_d4,123,1.690293356659822e-05,7.323205500142649e-05,0.7691866824402378,1.7182084775413387e-05,42,1,1,same_source_cyclic_next_latent,False,ljonly_r16_d4,4,-2.7807982405647635e-07
train,lj_noisy,199,149,2.2946940589463335e-05,0.0001047892219503,0.7810181222612975,2.200370545324404e-05,42,1,1,same_source_cyclic_next_latent,False,r16_d4,123,2.318599035788793e-05,0.0001047892219503,0.7787368784083956,2.372669769101776e-05,42,1,1,same_source_cyclic_next_latent,False,ljonly_r16_d4,4,-2.390497684245963e-07
train,lj_noisy,199,175,3.1010913517093286e-05,0.0001456237077945,0.7870476312769276,3.0474975574179552e-05,42,1,1,same_source_cyclic_next_latent,False,r16_d4,123,3.1851621315581724e-05,0.0001456237077945,0.7812744792866325,3.268009822932072e-05,42,1,1,same_source_cyclic_next_latent,False,ljonly_r16_d4,4,-8.407077984884381e-07
train,lj_noisy,199,199,4.062562220497057e-05,0.0001901433715829,0.7863421592519466,4.13406414736528e-05,42,1,1,same_source_cyclic_next_latent,False,r16_d4,123,4.294596874387935e-05,0.0001901433715829,0.7741390173827788,4.383806663099677e-05,42,1,1,same_source_cyclic_next_latent,False,ljonly_r16_d4,4,-2.3203465389087796e-06
train,lj_noisy,42,0,2.4372835127906e-07,0.0,,1.8282783003087388e-06,102,1,1,same_source_cyclic_next_latent,False,r16_d4,123,8.904936521503259e-07,0.0,,2.066019987978507e-06,102,1,1,same_source_cyclic_next_latent,False,ljonly_r16_d4,4,-6.467653008712659e-07
train,lj_noisy,42,5,1.12020146048053e-07,9.799599354209933e-08,-0.143109447631947,1.5596148159602308e-06,102,1,1,same_source_cyclic_next_latent,False,r16_d4,123,7.017075063231459e-07,9.799599354209933e-08,-6.160573416929445,1.8900207123806467e-06,102,1,1,same_source_cyclic_next_latent,False,ljonly_r16_d4,4,-5.896873602750929e-07
train,lj_noisy,42,10,6.084506765091646e-08,4.02869886784174e-07,0.8489709217618628,1.3505031120075728e-06,102,1,1,same_source_cyclic_next_latent,False,r16_d4,123,6.093814590713009e-07,4.02869886784174e-07,-0.5126011624635514,1.818491909943987e-06,102,1,1,same_source_cyclic_next_latent,False,ljonly_r16_d4,4,-5.485363914203845e-07
train,lj_noisy,42,25,3.387231402030011e-07,2.683668753888924e-06,0.8737835510764304,1.1165383284605923e-06,102,1,1,same_source_cyclic_next_latent,False,r16_d4,123,8.221180678447126e-07,2.683668753888924e-06,0.6936588889171305,2.2277840798778925e-06,102,1,1,same_source_cyclic_next_latent,False,ljonly_r16_d4,4,-4.833949276417115e-07
train,lj_noisy,42,50,1.472545363867539e-06,1.129412430600496e-05,0.8696184561130956,2.0334712189651327e-06,102,1,1,same_source_cyclic_next_latent,False,r16_d4,123,2.0365628188301343e-06,1.129412430600496e-05,0.8196794400653695,4.231911134411348e-06,102,1,1,same_source_cyclic_next_latent,False,ljonly_r16_d4,4,-5.640174549625954e-07
train,lj_noisy,42,75,2.7111336748930626e-06,2.5744931917870417e-05,0.8946925288619165,4.4013663682562765e-06,102,1,1,same_source_cyclic_next_latent,False,r16_d4,123,3.941151589970104e-06,2.5744931917870417e-05,0.8469154394137504,7.11837401468074e-06,102,1,1,same_source_cyclic_next_latent,False,ljonly_r16_d4,4,-1.2300179150770418e-06
train,lj_noisy,42,100,5.117800810694462e-06,4.618121238308959e-05,0.8891800248066144,8.028390766412485e-06,102,1,1,same_source_cyclic_next_latent,False,r16_d4,123,6.796930847485783e-06,4.618121238308959e-05,0.8528204328829043,1.0644508620316628e-05,102,1,1,same_source_cyclic_next_latent,False,ljonly_r16_d4,4,-1.6791300367913209e-06
train,lj_noisy,42,125,8.375847755814902e-06,7.250723137985915e-05,0.8844825875100022,1.1694560271280352e-05,102,1,1,same_source_cyclic_next_latent,False,r16_d4,123,1.001236159936525e-05,7.250723137985915e-05,0.8619122340099934,1.4570205166819504e-05,102,1,1,same_source_cyclic_next_latent,False,ljonly_r16_d4,4,-1.6365138435503468e-06
train,lj_noisy,42,149,1.1610420187935231e-05,0.0001034081433317,0.887722380328542,1.4959060536057224e-05,102,1,1,same_source_cyclic_next_latent,False,r16_d4,123,1.3399124327406751e-05,0.0001034081433317,0.8704248631133567,1.879413139249664e-05,102,1,1,same_source_cyclic_next_latent,False,ljonly_r16_d4,4,-1.7887041394715197e-06
train,lj_noisy,42,175,1.5740795788588002e-05,0.000143292825669,0.8901494494571346,1.9058412362937812e-05,102,1,1,same_source_cyclic_next_latent,False,r16_d4,123,1.760349186952226e-05,0.000143292825669,0.877150221671395,2.4549857698730196e-05,102,1,1,same_source_cyclic_next_latent,False,ljonly_r16_d4,4,-1.8626960809342563e-06
train,lj_noisy,42,199,2.0914809283567596e-05,0.0001860245247371,0.8875696131296668,2.3830651116441004e-05,102,1,1,same_source_cyclic_next_latent,False,r16_d4,123,2.227811819466297e-05,0.0001860245247371,0.8802409616358827,3.190103598171845e-05,102,1,1,same_source_cyclic_next_latent,False,ljonly_r16_d4,4,-1.3633089110953733e-06
train,lj_noisy,102,0,1.1212721346964829e-06,0.0,,6.504153589048656e-07,99,1,1,same_source_cyclic_next_latent,False,r16_d4,123,1.3235719507065369e-06,0.0,,7.142692197703582e-07,99,1,1,same_source_cyclic_next_latent,False,ljonly_r16_d4,4,-2.02299816010054e-07
train,lj_noisy,102,5,8.272626246252912e-07,1.047859115033134e-07,-6.894788648177505,4.0036036352830717e-07,99,1,1,same_source_cyclic_next_latent,False,r16_d4,123,1.0866976936085848e-06,1.047859115033134e-07,-9.37064695070408,4.432520199770807e-07,99,1,1,same_source_cyclic_next_latent,False,ljonly_r16_d4,4,-2.594350689832936e-07
train,lj_noisy,102,10,5.952458081992518e-07,4.6877312342985533e-07,-0.2697950851875601,2.392675355622487e-07,99,1,1,same_source_cyclic_next_latent,False,r16_d4,123,9.086044201467304e-07,4.6877312342985533e-07,-0.9382604819550602,2.711543061195698e-07,99,1,1,same_source_cyclic_next_latent,False,ljonly_r16_d4,4,-3.133586119474786e-07
train,lj_noisy,102,25,5.173035333427833e-07,3.25413498103444e-06,0.8410319374095723,5.293157414598681e-07,99,1,1,same_source_cyclic_next_latent,False,r16_d4,123,9.305467187914472e-07,3.25413498103444e-06,0.7140417578819547,3.8751196029807033e-07,99,1,1,same_source_cyclic_next_latent,False,ljonly_r16_d4,4,-4.132431854486639e-07
train,lj_noisy,102,50,1.937708930199733e-06,1.3549693903769366e-05,0.8569924203482793,2.948250539702713e-06,99,1,1,same_source_cyclic_next_latent,False,r16_d4,123,2.2303470359474886e-06,1.3549693903769366e-05,0.8353950242870777,1.783414290912333e-06,99,1,1,same_source_cyclic_next_latent,False,ljonly_r16_d4,4,-2.926381057477556e-07
train,lj_noisy,102,75,4.551051915768767e-06,3.12767515424639e-05,0.8544909016657346,6.813711479480844e-06,99,1,1,same_source_cyclic_next_latent,False,r16_d4,123,4.784973043570062e-06,3.12767515424639e-05,0.8470118280322818,4.594195161189418e-06,99,1,1,same_source_cyclic_next_latent,False,ljonly_r16_d4,4,-2.3392112780129537e-07
train,lj_noisy,102,100,8.237064321292564e-06,5.606986815109849e-05,0.8530928537392826,1.1552577234397177e-05,99,1,1,same_source_cyclic_next_latent,False,r16_d4,123,8.68786264618393e-06,5.606986815109849e-05,0.8450529146462114,8.829920261632651e-06,99,1,1,same_source_cyclic_next_latent,False,ljonly_r16_d4,4,-4.5079832489136606e-07
train,lj_noisy,102,125,1.349125068372814e-05,8.798276394372806e-05,0.846660299370035,1.7761547496775165e-05,99,1,1,same_source_cyclic_next_latent,False,r16_d4,123,1.443327437300468e-05,8.798276394372806e-05,0.8359533876176486,1.4712171832798047e-05,99,1,1,same_source_cyclic_next_latent,False,ljonly_r16_d4,4,-9.420236892765405e-07
train,lj_noisy,102,149,2.0175913959974423e-05,0.000124813261209,0.8383511995077125,2.557444713602308e-05,99,1,1,same_source_cyclic_next_latent,False,r16_d4,123,2.229899109806865e-05,0.000124813261209,0.8213411709456178,2.235744977951981e-05,99,1,1,same_source_cyclic_next_latent,False,ljonly_r16_d4,4,-2.123077138094228e-06
train,lj_noisy,102,175,2.9255737899802625e-05,0.0001706574548734,0.8285704077709375,3.570765693439171e-05,99,1,1,same_source_cyclic_next_latent,False,r16_d4,123,3.399737397558056e-05,0.0001706574548734,0.8007858842100156,3.3492651709821075e-05,99,1,1,same_source_cyclic_next_latent,False,ljonly_r16_d4,4,-4.741636075777933e-06
train,lj_noisy,102,199,4.013659054180607e-05,0.0002185022167395,0.8163103736853959,4.676653043134138e-05,99,1,1,same_source_cyclic_next_latent,False,r16_d4,123,4.867898678639904e-05,0.0002185022167395,0.7772151353301067,4.701987199950963e-05,99,1,1,same_source_cyclic_next_latent,False,ljonly_r16_d4,4,-8.542396244592965e-06
train,lj_noisy,99,0,6.407670980479452e-07,0.0,,1.368605495599695e-07,178,1,1,same_source_cyclic_next_latent,False,r16_d4,123,7.111707418516744e-07,0.0,,4.570678129312e-07,178,1,1,same_source_cyclic_next_latent,False,ljonly_r16_d4,4,-7.040364380372921e-08
train,lj_noisy,99,5,4.27331741548187e-07,8.34548146144698e-08,-4.120516335963368,4.606366843518117e-08,178,1,1,same_source_cyclic_next_latent,False,r16_d4,123,4.791086780642217e-07,8.34548146144698e-08,-4.740935142897694,2.8354634196148254e-07,178,1,1,same_source_cyclic_next_latent,False,ljonly_r16_d4,4,-5.1776936516034766e-08
train,lj_noisy,99,10,2.824130547196546e-07,3.481648036540719e-07,0.1888523717628465,4.6349576621196327e-08,178,1,1,same_source_cyclic_next_latent,False,r16_d4,123,3.3887124573084293e-07,3.481648036540719e-07,0.0266929851199514,1.898387296250803e-07,178,1,1,same_source_cyclic_next_latent,False,ljonly_r16_d4,4,-5.645819101118832e-08
train,lj_noisy,99,25,3.412338571706641e-07,2.362971372349421e-06,0.8555912013308112,5.86300927807315e-07,178,1,1,same_source_cyclic_next_latent,False,r16_d4,123,4.248596781053493e-07,2.362971372349421e-06,0.8202010895786156,3.1216566753755615e-07,178,1,1,same_source_cyclic_next_latent,False,ljonly_r16_d4,4,-8.362582093468518e-08
train,lj_noisy,99,50,1.7117910147135262e-06,9.879052413452882e-06,0.8267251814169464,2.6627421902958304e-06,178,1,1,same_source_cyclic_next_latent,False,r16_d4,123,1.6265441900031874e-06,9.879052413452882e-06,0.8353542301498241,1.4771687801840017e-06,178,1,1,same_source_cyclic_next_latent,False,ljonly_r16_d4,4,8.524682471033884e-08
train,lj_noisy,99,75,4.257454747857992e-06,2.276919803989585e-05,0.8130169213514616,5.548741228267318e-06,178,1,1,same_source_cyclic_next_latent,False,r16_d4,123,3.990274763054913e-06,2.276919803989585e-05,0.8247511943080643,3.950781319872476e-06,178,1,1,same_source_cyclic_next_latent,False,ljonly_r16_d4,4,2.671799848030787e-07
train,lj_noisy,99,100,8.157272532116622e-06,4.133538095629774e-05,0.8026564085440271,9.594368748366833e-06,178,1,1,same_source_cyclic_next_latent,False,r16_d4,123,7.981678209034726e-06,4.133538095629774e-05,0.8069044478512624,8.086430170806125e-06,178,1,1,same_source_cyclic_next_latent,False,ljonly_r16_d4,4,1.755943230818957e-07
train,lj_noisy,99,125,1.4060897228773683e-05,6.574357394129038e-05,0.7861251467507654,1.5661162251490168e-05,178,1,1,same_source_cyclic_next_latent,False,r16_d4,123,1.400603105139453e-05,6.574357394129038e-05,0.7869596948912141,1.4327110875456128e-05,178,1,1,same_source_cyclic_next_latent,False,ljonly_r16_d4,4,5.486617737915367e-08
train,lj_noisy,99,149,2.2567413907381703e-05,9.555911674397066e-05,0.7638381906789066,2.4326021957676854e-05,178,1,1,same_source_cyclic_next_latent,False,r16_d4,123,2.246354051749222e-05,9.555911674397066e-05,0.7649251972715668,2.3040276573738083e-05,178,1,1,same_source_cyclic_next_latent,False,ljonly_r16_d4,4,1.0387338988948275e-07
train,lj_noisy,99,175,3.5433098673820496e-05,0.000135023263283,0.737577823167141,3.7489753594854847e-05,178,1,1,same_source_cyclic_next_latent,False,r16_d4,123,3.524236672092229e-05,0.000135023263283,0.7389904090302033,3.598160401452333e-05,178,1,1,same_source_cyclic_next_latent,False,ljonly_r16_d4,4,1.9073195289820433e-07
train,lj_noisy,99,199,4.869793701800518e-05,0.0001759650040185,0.7232521472685378,5.137839252711274e-05,178,1,1,same_source_cyclic_next_latent,False,r16_d4,123,4.880838241660968e-05,0.0001759650040185,0.7226244917911289,4.937429548590444e-05,178,1,1,same_source_cyclic_next_latent,False,ljonly_r16_d4,4,-1.1044539860450409e-07
train,lj_noisy,178,0,4.967284894519253e-07,0.0,,1.2343136859271908e-06,199,1,1,same_source_cyclic_next_latent,False,r16_d4,456,5.842700261382561e-07,0.0,,1.035906848301238e-06,199,1,1,same_source_cyclic_next_latent,False,ljonly_r16_d4,4,-8.75415366863308e-08
train,lj_noisy,178,5,3.013232969806268e-07,8.898146575120337e-08,-2.386360231726704,9.933088449542993e-07,199,1,1,same_source_cyclic_next_latent,False,r16_d4,456,3.131810615286668e-07,8.898146575120337e-08,-2.519621292869424,7.439728051394923e-07,199,1,1,same_source_cyclic_next_latent,False,ljonly_r16_d4,4,-1.1857764548039995e-08
train,lj_noisy,178,10,1.952661818904744e-07,3.5017228583456017e-07,0.4423711133361124,8.283378747364623e-07,199,1,1,same_source_cyclic_next_latent,False,r16_d4,456,1.6304359462537835e-07,3.5017228583456017e-07,0.5343903523467054,5.691053388545697e-07,199,1,1,same_source_cyclic_next_latent,False,ljonly_r16_d4,4,3.2222587265096054e-08
train,lj_noisy,178,25,2.955273998850317e-07,2.1434675545606297e-06,0.8621264878695077,8.333024084095086e-07,199,1,1,same_source_cyclic_next_latent,False,r16_d4,456,2.678941939393553e-07,2.1434675545606297e-06,0.8750183116281093,5.823557671646995e-07,199,1,1,same_source_cyclic_next_latent,False,ljonly_r16_d4,4,2.7633205945676362e-08
train,lj_noisy,178,50,1.5668146033931407e-06,8.785852514847647e-06,0.8216661842723512,2.311454636583221e-06,199,1,1,same_source_cyclic_next_latent,False,r16_d4,456,1.5144370308917132e-06,8.785852514847647e-06,0.8276277653952885,2.0303521068854025e-06,199,1,1,same_source_cyclic_next_latent,False,ljonly_r16_d4,4,5.2377572501427494e-08
train,lj_noisy,178,75,4.181575150141725e-06,2.023533670580946e-05,0.7933528257554905,5.869721462659072e-06,199,1,1,same_source_cyclic_next_latent,False,r16_d4,456,3.977629148721462e-06,2.023533670580946e-05,0.8034315313577409,5.153032816451741e-06,199,1,1,same_source_cyclic_next_latent,False,ljonly_r16_d4,4,2.039460014202632e-07
train,lj_noisy,178,100,7.930759238661267e-06,3.592209759517573e-05,0.7792233814395528,1.1208923751837574e-05,199,1,1,same_source_cyclic_next_latent,False,r16_d4,456,7.382798685284797e-06,3.592209759517573e-05,0.7944775171960923,9.249228241969831e-06,199,1,1,same_source_cyclic_next_latent,False,ljonly_r16_d4,4,5.479605533764698e-07
train,lj_noisy,178,125,1.270789925911231e-05,5.6316977861570194e-05,0.7743504757952578,1.7578029655851424e-05,199,1,1,same_source_cyclic_next_latent,False,r16_d4,456,1.1552597243280616e-05,5.6316977861570194e-05,0.7948647515909422,1.402119505655719e-05,199,1,1,same_source_cyclic_next_latent,False,ljonly_r16_d4,4,1.155302015831694e-06
train,lj_noisy,178,149,1.685022289166227e-05,8.071761840255931e-05,0.7912447960539926,2.233600389445201e-05,199,1,1,same_source_cyclic_next_latent,False,r16_d4,456,1.5172131497820374e-05,8.071761840255931e-05,0.8120344504944003,1.773695657902863e-05,199,1,1,same_source_cyclic_next_latent,False,ljonly_r16_d4,4,1.6780913938418962e-06
train,lj_noisy,178,175,2.0844445316470228e-05,0.0001124141563195,0.8145745518276793,2.639839658513665e-05,199,1,1,same_source_cyclic_next_latent,False,r16_d4,456,1.8850727428798564e-05,0.0001124141563195,0.8323100217448656,2.1299829313647933e-05,199,1,1,same_source_cyclic_next_latent,False,ljonly_r16_d4,4,1.9937178876716644e-06
train,lj_noisy,178,199,2.5684053980512545e-05,0.0001466976100346,0.824918388415098,3.052859756280668e-05,199,1,1,same_source_cyclic_next_latent,False,r16_d4,456,2.287160350533668e-05,0.0001466976100346,0.844090142300607,2.5280191039200872e-05,199,1,1,same_source_cyclic_next_latent,False,ljonly_r16_d4,4,2.812450475175865e-06
train,lj_noisy,199,0,9.526496000944462e-07,0.0,,4.603114689416543e-07,42,1,1,same_source_cyclic_next_latent,False,r16_d4,456,8.046379207371501e-07,0.0,,4.364677295143338e-07,42,1,1,same_source_cyclic_next_latent,False,ljonly_r16_d4,4,1.480116793572961e-07
train,lj_noisy,199,5,6.759979669368477e-07,9.910389309197853e-08,-5.8211040539997,2.558733172008943e-07,42,1,1,same_source_cyclic_next_latent,False,r16_d4,456,5.091399657430884e-07,9.910389309197853e-08,-4.137436581533225,2.1264401084408746e-07,42,1,1,same_source_cyclic_next_latent,False,ljonly_r16_d4,4,1.6685800119375926e-07
train,lj_noisy,199,10,4.650771643355256e-07,4.115824481232266e-07,-0.1299732689190933,1.350190785842642e-07,42,1,1,same_source_cyclic_next_latent,False,r16_d4,456,3.19691395134214e-07,4.115824481232266e-07,0.2232628077509776,1.0972244979257086e-07,42,1,1,same_source_cyclic_next_latent,False,ljonly_r16_d4,4,1.4538576920131158e-07
train,lj_noisy,199,25,3.618751236444951e-07,2.667711441972642e-06,0.8643499750569327,2.8044186706210894e-07,42,1,1,same_source_cyclic_next_latent,False,r16_d4,456,3.2037576147558866e-07,2.667711441972642e-06,0.8799061411084677,3.017829612872447e-07,42,1,1,same_source_cyclic_next_latent,False,ljonly_r16_d4,4,4.1499362168906426e-08
train,lj_noisy,199,50,1.6710021100152517e-06,1.0994632248184644e-05,0.8480165527781836,1.7139215060524291e-06,42,1,1,same_source_cyclic_next_latent,False,r16_d4,456,1.7539280179335035e-06,1.0994632248184644e-05,0.8404741533557796,1.776225531102682e-06,42,1,1,same_source_cyclic_next_latent,False,ljonly_r16_d4,4,-8.292590791825184e-08
train,lj_noisy,199,75,4.8466417865711264e-06,2.538395165174734e-05,0.8090666948525526,4.721572622656822e-06,42,1,1,same_source_cyclic_next_latent,False,r16_d4,456,5.010017957829405e-06,2.538395165174734e-05,0.8026304955759505,5.0353801270830445e-06,42,1,1,same_source_cyclic_next_latent,False,ljonly_r16_d4,4,-1.633761712582782e-07
train,lj_noisy,199,100,1.0303354429197498e-05,4.609454845194705e-05,0.7764734708283647,1.0225181540590713e-05,42,1,1,same_source_cyclic_next_latent,False,r16_d4,456,1.0486264727660457e-05,4.609454845194705e-05,0.7725053161418374,1.0490160093468148e-05,42,1,1,same_source_cyclic_next_latent,False,ljonly_r16_d4,4,-1.8291029846295884e-07
train,lj_noisy,199,125,1.659274857956916e-05,7.323205500142649e-05,0.7734223274323525,1.642760071263183e-05,42,1,1,same_source_cyclic_next_latent,False,r16_d4,456,1.699620406725444e-05,7.323205500142649e-05,0.767913053007684,1.690436874923762e-05,42,1,1,same_source_cyclic_next_latent,False,ljonly_r16_d4,4,-4.0345548768527806e-07
train,lj_noisy,199,149,2.2586136765312403e-05,0.0001047892219503,0.7844612609489949,2.250429315608926e-05,42,1,1,same_source_cyclic_next_latent,False,r16_d4,456,2.3989172404981215e-05,0.0001047892219503,0.771072139305037,2.3732767658657394e-05,42,1,1,same_source_cyclic_next_latent,False,ljonly_r16_d4,4,-1.4030356396688114e-06
train,lj_noisy,199,175,2.9842927688150667e-05,0.0001456237077945,0.7950682059939933,3.112868944299407e-05,42,1,1,same_source_cyclic_next_latent,False,r16_d4,456,3.338569149491377e-05,0.0001456237077945,0.7707399983112134,3.299597665318288e-05,42,1,1,same_source_cyclic_next_latent,False,ljonly_r16_d4,4,-3.542763806763105e-06
train,lj_noisy,199,199,3.834715971606784e-05,0.0001901433715829,0.7983250249702427,4.313021418056451e-05,42,1,1,same_source_cyclic_next_latent,False,r16_d4,456,4.472815999179147e-05,0.0001901433715829,0.7647661361033778,4.426940358825959e-05,42,1,1,same_source_cyclic_next_latent,False,ljonly_r16_d4,4,-6.381000275723629e-06
train,lj_noisy,42,0,6.397165179805597e-07,0.0,,2.4790624593151733e-06,102,1,1,same_source_cyclic_next_latent,False,r16_d4,456,5.930916131546837e-07,0.0,,1.6800587445686688e-06,102,1,1,same_source_cyclic_next_latent,False,ljonly_r16_d4,4,4.6624904825876e-08
train,lj_noisy,42,5,4.265748430043459e-07,9.799599354209933e-08,-3.352982480055047,2.1967655357002518e-06,102,1,1,same_source_cyclic_next_latent,False,r16_d4,456,3.373335744072392e-07,9.799599354209933e-08,-2.4423200603841004,1.3333366268852842e-06,102,1,1,same_source_cyclic_next_latent,False,ljonly_r16_d4,4,8.924126859710668e-08
train,lj_noisy,42,10,2.8074035185454704e-07,4.02869886784174e-07,0.3031488302699933,1.9708934360096464e-06,102,1,1,same_source_cyclic_next_latent,False,r16_d4,456,1.9976904752638802e-07,4.02869886784174e-07,0.5041350716952231,1.1064782938774442e-06,102,1,1,same_source_cyclic_next_latent,False,ljonly_r16_d4,4,8.097130432815902e-08
train,lj_noisy,42,25,2.551270483763801e-07,2.683668753888924e-06,0.9049334803311052,1.7033341919159284e-06,102,1,1,same_source_cyclic_next_latent,False,r16_d4,456,2.713258311359823e-07,2.683668753888924e-06,0.8988974213964365,1.0643886980687969e-06,102,1,1,same_source_cyclic_next_latent,False,ljonly_r16_d4,4,-1.619878275960218e-08
train,lj_noisy,42,50,1.1201859706488904e-06,1.129412430600496e-05,0.9008169256598938,2.7051028155256063e-06,102,1,1,same_source_cyclic_next_latent,False,r16_d4,456,1.2140710623498308e-06,1.129412430600496e-05,0.8925041880666815,2.278072770423023e-06,102,1,1,same_source_cyclic_next_latent,False,ljonly_r16_d4,4,-9.388509170094039e-08
train,lj_noisy,42,75,2.9789227937726537e-06,2.5744931917870417e-05,0.8842909041952104,5.405694082583068e-06,102,1,1,same_source_cyclic_next_latent,False,r16_d4,456,2.8825713798141805e-06,2.5744931917870417e-05,0.8880334432808,4.735131824418204e-06,102,1,1,same_source_cyclic_next_latent,False,ljonly_r16_d4,4,9.635141395847313e-08
train,lj_noisy,42,100,6.353227945510298e-06,4.618121238308959e-05,0.8624282989193092,9.44923795032082e-06,102,1,1,same_source_cyclic_next_latent,False,r16_d4,456,5.4347942750609946e-06,4.618121238308959e-05,0.8823159030564758,7.955023647809867e-06,102,1,1,same_source_cyclic_next_latent,False,ljonly_r16_d4,4,9.184336704493035e-07
train,lj_noisy,42,125,9.7882102636504e-06,7.250723137985915e-05,0.865003668222128,1.3153106010577176e-05,102,1,1,same_source_cyclic_next_latent,False,r16_d4,456,8.40083430375671e-06,7.250723137985915e-05,0.884137979841687,1.117627471103333e-05,102,1,1,same_source_cyclic_next_latent,False,ljonly_r16_d4,4,1.3873759598936903e-06
train,lj_noisy,42,149,1.273899124498712e-05,0.0001034081433317,0.8768086261435247,1.6342268281732686e-05,102,1,1,same_source_cyclic_next_latent,False,r16_d4,456,1.1532306416484062e-05,0.0001034081433317,0.8884777731722232,1.4338985238282476e-05,102,1,1,same_source_cyclic_next_latent,False,ljonly_r16_d4,4,1.206684828503059e-06
train,lj_noisy,42,175,1.7044534615706652e-05,0.000143292825669,0.8810510258547571,2.072201641567517e-05,102,1,1,same_source_cyclic_next_latent,False,r16_d4,456,1.5661420547985472e-05,0.000143292825669,0.8907033867546366,1.854764013842214e-05,102,1,1,same_source_cyclic_next_latent,False,ljonly_r16_d4,4,1.3831140677211806e-06
train,lj_noisy,42,199,2.3252860046341084e-05,0.0001860245247371,0.8750011049392702,2.6167834221269004e-05,102,1,1,same_source_cyclic_next_latent,False,r16_d4,456,2.0355257220217027e-05,0.0001860245247371,0.8905775609480591,2.370588481426239e-05,102,1,1,same_source_cyclic_next_latent,False,ljonly_r16_d4,4,2.897602826124057e-06
train,lj_noisy,102,0,1.5830564734642394e-06,0.0,,9.954754887075978e-07,99,1,1,same_source_cyclic_next_latent,False,r16_d4,456,1.067579205482616e-06,0.0,,4.961489139532205e-07,99,1,1,same_source_cyclic_next_latent,False,ljonly_r16_d4,4,5.154772679816233e-07
train,lj_noisy,102,5,1.2476372148739756e-06,1.047859115033134e-07,-10.906535878485196,6.610306968468649e-07,99,1,1,same_source_cyclic_next_latent,False,r16_d4,456,7.39227914436924e-07,1.047859115033134e-07,-6.054649845876935,2.412564583664789e-07,99,1,1,same_source_cyclic_next_latent,False,ljonly_r16_d4,4,5.084093004370516e-07
train,lj_noisy,102,10,9.531326554679254e-07,4.6877312342985533e-07,-1.0332493648402328,3.980478311405023e-07,99,1,1,same_source_cyclic_next_latent,False,r16_d4,456,5.090276999908383e-07,4.6877312342985533e-07,-0.0858721939228379,1.1297813529154157e-07,99,1,1,same_source_cyclic_next_latent,False,ljonly_r16_d4,4,4.4410495547708706e-07
train,lj_noisy,102,25,6.663237286375079e-07,3.25413498103444e-06,0.7952378335499489,4.18464367157867e-07,99,1,1,same_source_cyclic_next_latent,False,r16_d4,456,5.019963396080129e-07,3.25413498103444e-06,0.8457358583667491,4.388580236991402e-07,99,1,1,same_source_cyclic_next_latent,False,ljonly_r16_d4,4,1.6432738902949495e-07
train,lj_noisy,102,50,1.8066339180222712e-06,1.3549693903769366e-05,0.8666660715103175,2.5326739887532312e-06,99,1,1,same_source_cyclic_next_latent,False,r16_d4,456,1.901336872833781e-06,1.3549693903769366e-05,0.8596767656644368,2.191059820688679e-06,99,1,1,same_source_cyclic_next_latent,False,ljonly_r16_d4,4,-9.47029548115097e-08
train,lj_noisy,102,75,4.353075837570941e-06,3.12767515424639e-05,0.8608207175332501,5.975831300020218e-06,99,1,1,same_source_cyclic_next_latent,False,r16_d4,456,4.659931164496811e-06,3.12767515424639e-05,0.8510097457477288,5.460316060634796e-06,99,1,1,same_source_cyclic_next_latent,False,ljonly_r16_d4,4,-3.0685532692587003e-07
train,lj_noisy,102,100,8.218001312343404e-06,5.606986815109849e-05,0.8534328404304906,9.978385605791118e-06,99,1,1,same_source_cyclic_next_latent,False,r16_d4,456,8.767357030592393e-06,5.606986815109849e-05,0.8436351409465437,1.0186161489400549e-05,99,1,1,same_source_cyclic_next_latent,False,ljonly_r16_d4,4,-5.493557182489894e-07
train,lj_noisy,102,125,1.3593860785476863e-05,8.798276394372806e-05,0.8454940470593625,1.5358145901700482e-05,99,1,1,same_source_cyclic_next_latent,False,r16_d4,456,1.4558618204318918e-05,8.798276394372806e-05,0.8345287468619387,1.6641521142446436e-05,99,1,1,same_source_cyclic_next_latent,False,ljonly_r16_d4,4,-9.64757418842055e-07
train,lj_noisy,102,149,2.023748675128445e-05,0.000124813261209,0.8378578802024274,2.234139537904412e-05,99,1,1,same_source_cyclic_next_latent,False,r16_d4,456,2.2010204702382907e-05,0.000124813261209,0.8236549186426838,2.4679726266185756e-05,99,1,1,same_source_cyclic_next_latent,False,ljonly_r16_d4,4,-1.772717951098457e-06
train,lj_noisy,102,175,2.936284181487281e-05,0.0001706574548734,0.8279428118938654,3.1850129744270816e-05,99,1,1,same_source_cyclic_next_latent,False,r16_d4,456,3.252113674534485e-05,0.0001706574548734,0.8094361786336054,3.56997006747406e-05,99,1,1,same_source_cyclic_next_latent,False,ljonly_r16_d4,4,-3.1582949304720387e-06
train,lj_noisy,102,199,4.104042091057636e-05,0.0002185022167395,0.8121738922242148,4.363993139122613e-05,99,1,1,same_source_cyclic_next_latent,False,r16_d4,456,4.524912583292462e-05,0.0002185022167395,0.7929122802133656,4.875263766734861e-05,99,1,1,same_source_cyclic_next_latent,False,ljonly_r16_d4,4,-4.208704922348261e-06
train,lj_noisy,99,0,9.774868203749063e-07,0.0,,3.4044995800286415e-07,178,1,1,same_source_cyclic_next_latent,False,r16_d4,456,5.048963203080348e-07,0.0,,3.719584640293761e-07,178,1,1,same_source_cyclic_next_latent,False,ljonly_r16_d4,4,4.7259050006687154e-07
train,lj_noisy,99,5,6.949709359105327e-07,8.34548146144698e-08,-7.327511589607381,1.7430407694973837e-07,178,1,1,same_source_cyclic_next_latent,False,r16_d4,456,2.760516792932322e-07,8.34548146144698e-08,-2.307798124871384,1.6697387650310702e-07,178,1,1,same_source_cyclic_next_latent,False,ljonly_r16_d4,4,4.189192566173005e-07
train,lj_noisy,99,10,4.7531526092825526e-07,3.481648036540719e-07,-0.3652019271899662,8.867421996683333e-08,178,1,1,same_source_cyclic_next_latent,False,r16_d4,456,1.4961312899686166e-07,3.481648036540719e-07,0.5702807192839814,7.436393900661642e-08,178,1,1,same_source_cyclic_next_latent,False,ljonly_r16_d4,4,3.2570213193139363e-07
train,lj_noisy,99,25,3.381295528015471e-07,2.362971372349421e-06,0.8569049304793919,3.246287860747543e-07,178,1,1,same_source_cyclic_next_latent,False,r16_d4,456,2.895966133564798e-07,2.362971372349421e-06,0.8774438756452034,4.2802241750905523e-07,178,1,1,same_source_cyclic_next_latent,False,ljonly_r16_d4,4,4.8532939445067313e-08
train,lj_noisy,99,50,1.5141375797611545e-06,9.879052413452882e-06,0.8467325087070836,1.91392769011145e-06,178,1,1,same_source_cyclic_next_latent,False,r16_d4,456,1.4350104038385323e-06,9.879052413452882e-06,0.8547421003775225,2.045684141194215e-06,178,1,1,same_source_cyclic_next_latent,False,ljonly_r16_d4,4,7.912717592262218e-08
train,lj_noisy,99,75,3.929630565835396e-06,2.276919803989585e-05,0.8274146257171661,4.624635494110407e-06,178,1,1,same_source_cyclic_next_latent,False,r16_d4,456,3.797685849349364e-06,2.276919803989585e-05,0.8332095033520673,4.63702554043266e-06,178,1,1,same_source_cyclic_next_latent,False,ljonly_r16_d4,4,1.319447164860317e-07
train,lj_noisy,99,100,7.834924872440752e-06,4.133538095629774e-05,0.8104547559214633,8.748994332563598e-06,178,1,1,same_source_cyclic_next_latent,False,r16_d4,456,7.738596650597174e-06,4.133538095629774e-05,0.8127851619710754,9.07562116481131e-06,178,1,1,same_source_cyclic_next_latent,False,ljonly_r16_d4,4,9.632822184357792e-08
train,lj_noisy,99,125,1.3956369912193622e-05,6.574357394129038e-05,0.7877150712150698,1.4974209079809953e-05,178,1,1,same_source_cyclic_next_latent,False,r16_d4,456,1.3739622772845904e-05,6.574357394129038e-05,0.7910119278712241,1.5826095477677882e-05,178,1,1,same_source_cyclic_next_latent,False,ljonly_r16_d4,4,2.1674713934771886e-07
train,lj_noisy,99,149,2.227830009360332e-05,9.555911674397066e-05,0.7668636876030044,2.3700773454038423e-05,178,1,1,same_source_cyclic_next_latent,False,r16_d4,456,2.235813190054614e-05,9.555911674397066e-05,0.7660282695951474,2.5228948288713585e-05,178,1,1,same_source_cyclic_next_latent,False,ljonly_r16_d4,4,-7.983180694282055e-08
train,lj_noisy,99,175,3.464041947154328e-05,0.000135023263283,0.7434485093215364,3.665994881885126e-05,178,1,1,same_source_cyclic_next_latent,False,r16_d4,456,3.5488650610204786e-05,0.000135023263283,0.737166398239069,3.895579357049428e-05,178,1,1,same_source_cyclic_next_latent,False,ljonly_r16_d4,4,-8.482311386615038e-07
train,lj_noisy,99,199,4.81180140923243e-05,0.0001759650040185,0.7265478192057822,5.02764196426142e-05,178,1,1,same_source_cyclic_next_latent,False,r16_d4,456,4.916080797556788e-05,0.0001759650040185,0.7206216756009214,5.2820545533904806e-05,178,1,1,same_source_cyclic_next_latent,False,ljonly_r16_d4,4,-1.0427938832435757e-06
train,lj_noisy,178,0,3.28020718143307e-07,0.0,,7.038410672066675e-07,199,1,1,same_source_cyclic_next_latent,False,r16_d4,786,1.3590783964900766e-06,0.0,,1.7964143808057995e-06,199,1,1,same_source_cyclic_next_latent,False,ljonly_r16_d4,4,-1.0310576783467695e-06
train,lj_noisy,178,5,2.458589563048008e-07,8.898146575120337e-08,-1.7630355853232942,6.017020268700435e-07,199,1,1,same_source_cyclic_next_latent,False,r16_d4,786,1.0312975291526527e-06,8.898146575120337e-08,-10.590026309930794,1.488561224505247e-06,199,1,1,same_source_cyclic_next_latent,False,ljonly_r16_d4,4,-7.854385728478519e-07
train,lj_noisy,178,10,2.0654682941767533e-07,3.5017228583456017e-07,0.4101565492956832,5.409193590821815e-07,199,1,1,same_source_cyclic_next_latent,False,r16_d4,786,8.235716109084024e-07,3.5017228583456017e-07,-1.3519040318841822,1.2650310736717074e-06,199,1,1,same_source_cyclic_next_latent,False,ljonly_r16_d4,4,-6.17024781490727e-07
train,lj_noisy,178,25,3.770274759062886e-07,2.1434675545606297e-06,0.8241039501138742,7.159811730161891e-07,199,1,1,same_source_cyclic_next_latent,False,r16_d4,786,7.737398846074939e-07,2.1434675545606297e-06,0.639024214310491,1.2065851251463755e-06,199,1,1,same_source_cyclic_next_latent,False,ljonly_r16_d4,4,-3.967124087012053e-07
train,lj_noisy,178,50,1.6745518678362714e-06,8.785852514847647e-06,0.809403599137777,2.339288130315253e-06,199,1,1,same_source_cyclic_next_latent,False,r16_d4,786,2.222192279077717e-06,8.785852514847647e-06,0.7470715248950146,2.826583795467741e-06,199,1,1,same_source_cyclic_next_latent,False,ljonly_r16_d4,4,-5.476404112414457e-07
train,lj_noisy,178,75,4.354747943580151e-06,2.023533670580946e-05,0.7847948859516667,6.039848813088611e-06,199,1,1,same_source_cyclic_next_latent,False,r16_d4,786,5.52066148884478e-06,2.023533670580946e-05,0.7271771866657486,6.484172899945406e-06,199,1,1,same_source_cyclic_next_latent,False,ljonly_r16_d4,4,-1.1659135452646296e-06
train,lj_noisy,178,100,7.993765393621288e-06,3.592209759517573e-05,0.7774694149627043,1.1669270861602854e-05,199,1,1,same_source_cyclic_next_latent,False,r16_d4,786,9.868957931757905e-06,3.592209759517573e-05,0.7252677713039986,1.1241857464483472e-05,199,1,1,same_source_cyclic_next_latent,False,ljonly_r16_d4,4,-1.8751925381366163e-06
train,lj_noisy,178,125,1.2455829164537136e-05,5.6316977861570194e-05,0.7788263923686716,1.8683476810110733e-05,199,1,1,same_source_cyclic_next_latent,False,r16_d4,786,1.4852327694825362e-05,5.6316977861570194e-05,0.7362726435475091,1.6621148461126722e-05,199,1,1,same_source_cyclic_next_latent,False,ljonly_r16_d4,4,-2.396498530288227e-06
train,lj_noisy,178,149,1.6521826182724908e-05,8.071761840255931e-05,0.7953132598594974,2.439612944726832e-05,199,1,1,same_source_cyclic_next_latent,False,r16_d4,786,1.9109582353848964e-05,8.071761840255931e-05,0.763253887663724,2.124576349160634e-05,199,1,1,same_source_cyclic_next_latent,False,ljonly_r16_d4,4,-2.587756171124056e-06
train,lj_noisy,178,175,2.101811878674198e-05,0.0001124141563195,0.8130296087710591,2.9637407351401635e-05,199,1,1,same_source_cyclic_next_latent,False,r16_d4,786,2.3198066628538072e-05,0.0001124141563195,0.7936374973754188,2.6021674784715287e-05,199,1,1,same_source_cyclic_next_latent,False,ljonly_r16_d4,4,-2.1799478417960927e-06
train,lj_noisy,178,199,2.6607769541442398e-05,0.0001466976100346,0.8186216562412614,3.50188092852477e-05,199,1,1,same_source_cyclic_next_latent,False,r16_d4,786,2.7043241061619483e-05,0.0001466976100346,0.8156531585263064,3.111687328782864e-05,199,1,1,same_source_cyclic_next_latent,False,ljonly_r16_d4,4,-4.354715201770853e-07
train,lj_noisy,199,0,5.251929451333126e-07,0.0,,4.000349207444742e-08,42,1,1,same_source_cyclic_next_latent,False,r16_d4,786,1.3696915175387403e-06,0.0,,1.149087211160804e-06,42,1,1,same_source_cyclic_next_latent,False,ljonly_r16_d4,4,-8.444985724054277e-07
train,lj_noisy,199,5,3.8163591398188156e-07,9.910389309197853e-08,-2.850867025250808,2.72249209842812e-08,42,1,1,same_source_cyclic_next_latent,False,r16_d4,786,1.0379901596024863e-06,9.910389309197853e-08,-9.473757661963145,8.331373351211369e-07,42,1,1,same_source_cyclic_next_latent,False,ljonly_r16_d4,4,-6.563542456206048e-07
train,lj_noisy,199,10,2.8219585601618746e-07,4.115824481232266e-07,0.3143637263858764,5.9141918029581575e-08,42,1,1,same_source_cyclic_next_latent,False,r16_d4,786,7.729516937615699e-07,4.115824481232266e-07,-0.8779996505831325,6.087682322686305e-07,42,1,1,same_source_cyclic_next_latent,False,ljonly_r16_d4,4,-4.907558377453825e-07
train,lj_noisy,199,25,3.811384203800117e-07,2.667711441972642e-06,0.857129067865684,4.0072407614388805e-07,42,1,1,same_source_cyclic_next_latent,False,r16_d4,786,5.929862254561158e-07,2.667711441972642e-06,0.7777172537755315,5.415951704890176e-07,42,1,1,same_source_cyclic_next_latent,False,ljonly_r16_d4,4,-2.1184780507610407e-07
train,lj_noisy,199,50,1.856559038060368e-06,1.0994632248184644e-05,0.8311395055194402,1.7979400581680238e-06,42,1,1,same_source_cyclic_next_latent,False,r16_d4,786,1.9739259187190328e-06,1.0994632248184644e-05,0.8204645799731088,2.0798258901777444e-06,42,1,1,same_source_cyclic_next_latent,False,ljonly_r16_d4,4,-1.1736688065866474e-07
train,lj_noisy,199,75,5.198013241169974e-06,2.538395165174734e-05,0.7952244271308261,4.941909992339788e-06,42,1,1,same_source_cyclic_next_latent,False,r16_d4,786,5.355248504201882e-06,2.538395165174734e-05,0.7890301487462357,5.654771939589409e-06,42,1,1,same_source_cyclic_next_latent,False,ljonly_r16_d4,4,-1.5723526303190738e-07
train,lj_noisy,199,100,1.076794978871476e-05,4.609454845194705e-05,0.7663942884712234,1.0183758604398465e-05,42,1,1,same_source_cyclic_next_latent,False,r16_d4,786,1.092645925382385e-05,4.609454845194705e-05,0.7629554986265992,1.1341959179844707e-05,42,1,1,same_source_cyclic_next_latent,False,ljonly_r16_d4,4,-1.5850946510908956e-07
train,lj_noisy,199,125,1.7073129129130393e-05,7.323205500142649e-05,0.7668626241773794,1.6019381291698664e-05,42,1,1,same_source_cyclic_next_latent,False,r16_d4,786,1.7363016013405286e-05,7.323205500142649e-05,0.7629041542932659,1.7863299945020117e-05,42,1,1,same_source_cyclic_next_latent,False,ljonly_r16_d4,4,-2.898868842748925e-07
train,lj_noisy,199,149,2.3229538783198223e-05,0.0001047892219503,0.7783212972589246,2.236801446997561e-05,42,1,1,same_source_cyclic_next_latent,False,r16_d4,786,2.420355122012552e-05,0.0001047892219503,0.7690263295246582,2.4946344638010487e-05,42,1,1,same_source_cyclic_next_latent,False,ljonly_r16_d4,4,-9.740124369272962e-07
train,lj_noisy,199,175,3.103166454820894e-05,0.0001456237077945,0.7869051336614643,3.172299329889938e-05,42,1,1,same_source_cyclic_next_latent,False,r16_d4,786,3.343090429552831e-05,0.0001456237077945,0.7704295213888821,3.447120252531022e-05,42,1,1,same_source_cyclic_next_latent,False,ljonly_r16_d4,4,-2.3992397473193705e-06
train,lj_noisy,199,199,4.029090632684529e-05,0.0001901433715829,0.7881024934426087,4.385105057735928e-05,42,1,1,same_source_cyclic_next_latent,False,r16_d4,786,4.460656418814324e-05,0.0001901433715829,0.7654056314622533,4.580261520459317e-05,42,1,1,same_source_cyclic_next_latent,False,ljonly_r16_d4,4,-4.31565786129795e-06
train,lj_noisy,42,0,6.267897845191328e-08,0.0,,7.218158657451568e-07,102,1,1,same_source_cyclic_next_latent,False,r16_d4,786,1.591506475051574e-06,0.0,,2.376727479713736e-06,102,1,1,same_source_cyclic_next_latent,False,ljonly_r16_d4,4,-1.5288274965996607e-06
train,lj_noisy,42,5,4.3070510713505434e-08,9.799599354209933e-08,0.5604870244516452,6.486210963885242e-07,102,1,1,same_source_cyclic_next_latent,False,r16_d4,786,1.2548348422569688e-06,9.799599354209933e-08,-11.804960661150792,2.10761231755896e-06,102,1,1,same_source_cyclic_next_latent,False,ljonly_r16_d4,4,-1.2117643315434634e-06
train,lj_noisy,42,10,4.975031941967246e-08,4.02869886784174e-07,0.8765102057719079,5.863661272087484e-07,102,1,1,same_source_cyclic_next_latent,False,r16_d4,786,1.000447014121164e-06,4.02869886784174e-07,-1.4833005566810331,1.9125932340102736e-06,102,1,1,same_source_cyclic_next_latent,False,ljonly_r16_d4,4,-9.506966947014917e-07
train,lj_noisy,42,25,2.336201845309916e-07,2.683668753888924e-06,0.9129474588872226,6.938109322618402e-07,102,1,1,same_source_cyclic_next_latent,False,r16_d4,786,7.73314297930483e-07,2.683668753888924e-06,0.7118443560480898,1.8861417174775848e-06,102,1,1,same_source_cyclic_next_latent,False,ljonly_r16_d4,4,-5.396941133994915e-07
train,lj_noisy,42,50,1.1328190794301918e-06,1.129412430600496e-05,0.8996983698127101,1.9609722130553564e-06,102,1,1,same_source_cyclic_next_latent,False,r16_d4,786,1.8079015262628677e-06,1.129412430600496e-05,0.8399254800744821,3.541018486430403e-06,102,1,1,same_source_cyclic_next_latent,False,ljonly_r16_d4,4,-6.750824468326759e-07
train,lj_noisy,42,75,3.1054362352733733e-06,2.5744931917870417e-05,0.8793767936469941,4.614537829183973e-06,102,1,1,same_source_cyclic_next_latent,False,r16_d4,786,3.982658654422266e-06,2.5744931917870417e-05,0.8453031972612144,6.5630724748189095e-06,102,1,1,same_source_cyclic_next_latent,False,ljonly_r16_d4,4,-8.772224191488931e-07
train,lj_noisy,42,100,6.050426691217581e-06,4.618121238308959e-05,0.8689851050027197,8.28567863209173e-06,102,1,1,same_source_cyclic_next_latent,False,r16_d4,786,6.708569799229736e-06,4.618121238308959e-05,0.8547337877667706,9.91708384390222e-06,102,1,1,same_source_cyclic_next_latent,False,ljonly_r16_d4,4,-6.581431080121555e-07
train,lj_noisy,42,125,8.910734322853386e-06,7.250723137985915e-05,0.8771055775641079,1.1900781828444453e-05,102,1,1,same_source_cyclic_next_latent,False,r16_d4,786,9.737472282722592e-06,7.250723137985915e-05,0.8657034326450997,1.3924692211730871e-05,102,1,1,same_source_cyclic_next_latent,False,ljonly_r16_d4,4,-8.26737959869206e-07
train,lj_noisy,42,149,1.1654658010229468e-05,0.0001034081433317,0.8872945820829792,1.5648971384507604e-05,102,1,1,same_source_cyclic_next_latent,False,r16_d4,786,1.3303231753525324e-05,0.0001034081433317,0.8713521844131287,1.862791032181121e-05,102,1,1,same_source_cyclic_next_latent,False,ljonly_r16_d4,4,-1.6485737432958558e-06
train,lj_noisy,42,175,1.5822284694877453e-05,0.000143292825669,0.8895807614861286,2.1523694158531725e-05,102,1,1,same_source_cyclic_next_latent,False,r16_d4,786,1.8030026694759727e-05,0.000143292825669,0.874173556069011,2.485988989064936e-05,102,1,1,same_source_cyclic_next_latent,False,ljonly_r16_d4,4,-2.2077419998822734e-06
train,lj_noisy,42,199,2.1387053493526764e-05,0.0001860245247371,0.8850310004890676,2.97349088214105e-05,102,1,1,same_source_cyclic_next_latent,False,r16_d4,786,2.318219958397094e-05,0.0001860245247371,0.8753809498144015,3.189628114341758e-05,102,1,1,same_source_cyclic_next_latent,False,ljonly_r16_d4,4,-1.7951460904441774e-06
train,lj_noisy,102,0,4.221658400638262e-07,0.0,,1.2914277647269048e-07,99,1,1,same_source_cyclic_next_latent,False,r16_d4,786,1.5540109643552569e-06,0.0,,1.5652049114578404e-06,99,1,1,same_source_cyclic_next_latent,False,ljonly_r16_d4,4,-1.1318451242914307e-06
train,lj_noisy,102,5,3.0102853543212404e-07,1.047859115033134e-07,-1.8727958855671671,6.129085505790499e-08,99,1,1,same_source_cyclic_next_latent,False,r16_d4,786,1.2444861567928456e-06,1.047859115033134e-07,-10.876464487818996,1.1294197292954775e-06,99,1,1,same_source_cyclic_next_latent,False,ljonly_r16_d4,4,-9.434576213607215e-07
train,lj_noisy,102,10,2.1242686898403923e-07,4.6877312342985533e-07,0.5468450336278172,7.91626817431279e-08,99,1,1,same_source_cyclic_next_latent,False,r16_d4,786,9.840898655966155e-07,4.6877312342985533e-07,-1.0992881554223095,7.685695209147525e-07,99,1,1,same_source_cyclic_next_latent,False,ljonly_r16_d4,4,-7.716629966125763e-07
train,lj_noisy,102,25,4.010381928765128e-07,3.25413498103444e-06,0.8767604308936722,7.24639733107324e-07,99,1,1,same_source_cyclic_next_latent,False,r16_d4,786,8.16012232007779e-07,3.25413498103444e-06,0.7492383577314359,4.925175858261355e-07,99,1,1,same_source_cyclic_next_latent,False,ljonly_r16_d4,4,-4.1497403913126613e-07
train,lj_noisy,102,50,1.878880766525981e-06,1.3549693903769366e-05,0.8613340803216745,3.0700005027028965e-06,99,1,1,same_source_cyclic_next_latent,False,r16_d4,786,2.0731231415993534e-06,1.3549693903769366e-05,0.8469985258469466,1.8676353192859096e-06,99,1,1,same_source_cyclic_next_latent,False,ljonly_r16_d4,4,-1.9424237507337239e-07
train,lj_noisy,102,75,4.505940069066128e-06,3.12767515424639e-05,0.8559332460422403,6.264327112148749e-06,99,1,1,same_source_cyclic_next_latent,False,r16_d4,786,4.690316472988343e-06,3.12767515424639e-05,0.8500382475264292,4.678708137362264e-06,99,1,1,same_source_cyclic_next_latent,False,ljonly_r16_d4,4,-1.843764039222151e-07
train,lj_noisy,102,100,8.22903348307591e-06,5.606986815109849e-05,0.8532360828653974,1.0064003618026618e-05,99,1,1,same_source_cyclic_next_latent,False,r16_d4,786,8.58538714965107e-06,5.606986815109849e-05,0.8468805539810624,8.934268407756463e-06,99,1,1,same_source_cyclic_next_latent,False,ljonly_r16_d4,4,-3.563536665751599e-07
train,lj_noisy,102,125,1.3319698155100925e-05,8.798276394372806e-05,0.8486101418270978,1.5168535355769563e-05,99,1,1,same_source_cyclic_next_latent,False,r16_d4,786,1.4327427379612344e-05,8.798276394372806e-05,0.837156429993767,1.501237966294866e-05,99,1,1,same_source_cyclic_next_latent,False,ljonly_r16_d4,4,-1.0077292245114188e-06
train,lj_noisy,102,149,1.9728111510630697e-05,0.000124813261209,0.8419389789231841,2.1791618564748205e-05,99,1,1,same_source_cyclic_next_latent,False,r16_d4,786,2.208611113019288e-05,0.000124813261209,0.8230467586837605,2.2976057152845897e-05,99,1,1,same_source_cyclic_next_latent,False,ljonly_r16_d4,4,-2.3579996195621822e-06
train,lj_noisy,102,175,2.863950066966936e-05,0.0001706574548734,0.8321813676940788,3.1001556635601446e-05,99,1,1,same_source_cyclic_next_latent,False,r16_d4,786,3.3337964850943536e-05,0.0001706574548734,0.8046498181068739,3.450932490522973e-05,99,1,1,same_source_cyclic_next_latent,False,ljonly_r16_d4,4,-4.698464181274176e-06
train,lj_noisy,102,199,3.98132178816013e-05,0.0002185022167395,0.8177903250791623,4.216175148030743e-05,99,1,1,same_source_cyclic_next_latent,False,r16_d4,786,4.712169538834132e-05,0.0002185022167395,0.7843422547767426,4.821017137146555e-05,99,1,1,same_source_cyclic_next_latent,False,ljonly_r16_d4,4,-7.3084775067400255e-06
train,lj_noisy,99,0,1.3740751114710292e-07,0.0,,2.1355869250783146e-07,178,1,1,same_source_cyclic_next_latent,False,r16_d4,786,1.5312218692997703e-06,0.0,,9.01445957879332e-07,178,1,1,same_source_cyclic_next_latent,False,ljonly_r16_d4,4,-1.3938143581526674e-06
train,lj_noisy,99,5,7.760252174193738e-08,8.34548146144698e-08,0.0701252875531247,1.3347268179586538e-07,178,1,1,same_source_cyclic_next_latent,False,r16_d4,786,1.163470869869343e-06,8.34548146144698e-08,-12.941327115087915,6.200057214300614e-07,178,1,1,same_source_cyclic_next_latent,False,ljonly_r16_d4,4,-1.0858683481274056e-06
train,lj_noisy,99,10,6.984360823025781e-08,3.481648036540719e-07,0.7993949776162534,9.150261348622737e-08,178,1,1,same_source_cyclic_next_latent,False,r16_d4,786,8.7477258148283e-07,3.481648036540719e-07,-1.5125244490594256,4.261602271071752e-07,178,1,1,same_source_cyclic_next_latent,False,ljonly_r16_d4,4,-8.049289732525722e-07
train,lj_noisy,99,25,4.096999361991039e-07,2.362971372349421e-06,0.826616631503346,3.0808106998847506e-07,178,1,1,same_source_cyclic_next_latent,False,r16_d4,786,5.898496056033764e-07,2.362971372349421e-06,0.7503780145178359,3.60325344672674e-07,178,1,1,same_source_cyclic_next_latent,False,ljonly_r16_d4,4,-1.8014966940427252e-07
train,lj_noisy,99,50,1.7965054439628148e-06,9.879052413452882e-06,0.8181500240330329,1.671477775744279e-06,178,1,1,same_source_cyclic_next_latent,False,r16_d4,786,1.546470912217046e-06,9.879052413452882e-06,0.8434595903033042,1.4575184650311712e-06,178,1,1,same_source_cyclic_next_latent,False,ljonly_r16_d4,4,2.5003453174576883e-07
train,lj_noisy,99,75,4.045423338538967e-06,2.276919803989585e-05,0.8223291250113142,4.31766875408357e-06,178,1,1,same_source_cyclic_next_latent,False,r16_d4,786,3.930912953364896e-06,2.276919803989585e-05,0.8273583045622772,3.858539002976613e-06,178,1,1,same_source_cyclic_next_latent,False,ljonly_r16_d4,4,1.1451038517407142e-07
train,lj_noisy,99,100,7.73766623751726e-06,4.133538095629774e-05,0.812807670849871,8.671758223499637e-06,178,1,1,same_source_cyclic_next_latent,False,r16_d4,786,7.869664841564372e-06,4.133538095629774e-05,0.8096143144323587,7.899573574832175e-06,178,1,1,same_source_cyclic_next_latent,False,ljonly_r16_d4,4,-1.3199860404711217e-07
train,lj_noisy,99,125,1.3527299415727612e-05,6.574357394129038e-05,0.7942414960919585,1.5259627616615035e-05,178,1,1,same_source_cyclic_next_latent,False,r16_d4,786,1.3906949789088683e-05,6.574357394129038e-05,0.7884667815365846,1.4198934877640568e-05,178,1,1,same_source_cyclic_next_latent,False,ljonly_r16_d4,4,-3.7965037336107174e-07
train,lj_noisy,99,149,2.152962770196609e-05,9.555911674397066e-05,0.7746983392526542,2.4478875275235623e-05,178,1,1,same_source_cyclic_next_latent,False,r16_d4,786,2.258260428789072e-05,9.555911674397066e-05,0.7636792275048359,2.3166841856436804e-05,178,1,1,same_source_cyclic_next_latent,False,ljonly_r16_d4,4,-1.0529765859246322e-06
train,lj_noisy,99,175,3.35232907673344e-05,0.000135023263283,0.7517221110479798,3.829954221146181e-05,178,1,1,same_source_cyclic_next_latent,False,r16_d4,786,3.5665954783326015e-05,0.000135023263283,0.7358532602744687,3.64909392374102e-05,178,1,1,same_source_cyclic_next_latent,False,ljonly_r16_d4,4,-2.1426640159916133e-06
train,lj_noisy,99,199,4.5988937927177176e-05,0.0001759650040185,0.7386472487316849,5.259250974631868e-05,178,1,1,same_source_cyclic_next_latent,False,r16_d4,786,4.929751230520196e-05,0.0001759650040185,0.7198447919791092,5.0072205340256914e-05,178,1,1,same_source_cyclic_next_latent,False,ljonly_r16_d4,4,-3.3085743780247867e-06
train,lj_noisy,178,0,6.885368861730967e-07,0.0,,1.267190782527905e-06,199,1,1,same_source_cyclic_next_latent,False,r16_d4,2026,1.7654248267717776e-06,0.0,,1.9417634575802367e-06,199,1,1,same_source_cyclic_next_latent,False,ljonly_r16_d4,4,-1.0768879405986809e-06
train,lj_noisy,178,5,4.81734048207727e-07,8.898146575120337e-08,-4.413869552954765,1.033951434692426e-06,199,1,1,same_source_cyclic_next_latent,False,r16_d4,2026,1.3853284599463225e-06,8.898146575120337e-08,-14.568730501920143,1.720216459943913e-06,199,1,1,same_source_cyclic_next_latent,False,ljonly_r16_d4,4,-9.035944117385954e-07
train,lj_noisy,178,10,3.4309209695493337e-07,3.5017228583456017e-07,0.0202191583001856,8.517842502442363e-07,199,1,1,same_source_cyclic_next_latent,False,r16_d4,2026,1.1305571661068825e-06,3.5017228583456017e-07,-2.228574081505174,1.5493237697228324e-06,199,1,1,same_source_cyclic_next_latent,False,ljonly_r16_d4,4,-7.874650691519491e-07
train,lj_noisy,178,25,3.398180012936791e-07,2.1434675545606297e-06,0.8414634266002056,7.986707259988179e-07,199,1,1,same_source_cyclic_next_latent,False,r16_d4,2026,9.542402494844282e-07,2.1434675545606297e-06,0.5548146985224465,1.6447288544441108e-06,199,1,1,same_source_cyclic_next_latent,False,ljonly_r16_d4,4,-6.144222481907491e-07
train,lj_noisy,178,50,1.522959223621001e-06,8.785852514847647e-06,0.8266577749800288,2.2689191609970294e-06,199,1,1,same_source_cyclic_next_latent,False,r16_d4,2026,2.111193907694542e-06,8.785852514847647e-06,0.7597052870934573,3.542112153809285e-06,199,1,1,same_source_cyclic_next_latent,False,ljonly_r16_d4,4,-5.882346840735408e-07
train,lj_noisy,178,75,4.143689693592023e-06,2.023533670580946e-05,0.7952250682143386,6.1276987253222615e-06,199,1,1,same_source_cyclic_next_latent,False,r16_d4,2026,4.928813723381609e-06,2.023533670580946e-05,0.756425415843633,7.179061412898591e-06,199,1,1,same_source_cyclic_next_latent,False,ljonly_r16_d4,4,-7.851240297895856e-07
train,lj_noisy,178,100,7.882249519752804e-06,3.592209759517573e-05,0.7805737958684413,1.2079320185875986e-05,199,1,1,same_source_cyclic_next_latent,False,r16_d4,2026,8.717033779248595e-06,3.592209759517573e-05,0.757335056613752,1.1439112313382792e-05,199,1,1,same_source_cyclic_next_latent,False,ljonly_r16_d4,4,-8.34784259495791e-07
train,lj_noisy,178,125,1.2573917956615333e-05,5.6316977861570194e-05,0.7767295328324858,1.8431133867125027e-05,199,1,1,same_source_cyclic_next_latent,False,r16_d4,2026,1.3131612831784878e-05,5.6316977861570194e-05,0.7668267486926765,1.6550264263059944e-05,199,1,1,same_source_cyclic_next_latent,False,ljonly_r16_d4,4,-5.576948751695454e-07
train,lj_noisy,178,149,1.65973851835588e-05,8.071761840255931e-05,0.7943771692967524,2.230679638159927e-05,199,1,1,same_source_cyclic_next_latent,False,r16_d4,2026,1.7114349248004146e-05,8.071761840255931e-05,0.7879725692270735,2.1186966478126124e-05,199,1,1,same_source_cyclic_next_latent,False,ljonly_r16_d4,4,-5.169640644453466e-07
train,lj_noisy,178,175,2.053323623840697e-05,0.0001124141563195,0.8173429671968127,2.521308306313585e-05,199,1,1,same_source_cyclic_next_latent,False,r16_d4,2026,2.129971471731551e-05,0.0001124141563195,0.8105246223904026,2.562240661063697e-05,199,1,1,same_source_cyclic_next_latent,False,ljonly_r16_d4,4,-7.664784789085388e-07
train,lj_noisy,178,199,2.534163832024205e-05,0.0001466976100346,0.827252548189001,2.851204044418409e-05,199,1,1,same_source_cyclic_next_latent,False,r16_d4,2026,2.544070957810618e-05,0.0001466976100346,0.8265772048221884,2.9834051019861363e-05,199,1,1,same_source_cyclic_next_latent,False,ljonly_r16_d4,4,-9.907125786412846e-08
train,lj_noisy,199,0,9.669014389146469e-07,0.0,,2.35679152638113e-07,42,1,1,same_source_cyclic_next_latent,False,r16_d4,2026,1.3698686416319106e-06,0.0,,1.6208183524213382e-06,42,1,1,same_source_cyclic_next_latent,False,ljonly_r16_d4,4,-4.029672027172637e-07
train,lj_noisy,199,5,7.013098297647957e-07,9.910389309197853e-08,-6.076511405196853,1.0720658139007357e-07,42,1,1,same_source_cyclic_next_latent,False,r16_d4,2026,1.1135832664876943e-06,9.910389309197853e-08,-10.23652393205356,1.2464289511626705e-06,42,1,1,same_source_cyclic_next_latent,False,ljonly_r16_d4,4,-4.122734367228986e-07
train,lj_noisy,199,10,4.889636784355389e-07,4.115824481232266e-07,-0.1880090627410442,5.952702863964988e-08,42,1,1,same_source_cyclic_next_latent,False,r16_d4,2026,8.902780450625869e-07,4.115824481232266e-07,-1.163061250843331,9.56211238190008e-07,42,1,1,same_source_cyclic_next_latent,False,ljonly_r16_d4,4,-4.01314366627048e-07
train,lj_noisy,199,25,4.003737217317394e-07,2.667711441972642e-06,0.8499186548318425,3.9002134144539014e-07,42,1,1,same_source_cyclic_next_latent,False,r16_d4,2026,7.634837970726949e-07,2.667711441972642e-06,0.713805704372533,7.280638669726613e-07,42,1,1,same_source_cyclic_next_latent,False,ljonly_r16_d4,4,-3.6311007534095547e-07
train,lj_noisy,199,50,1.809160721677472e-06,1.0994632248184644e-05,0.8354505470634375,1.962794613064034e-06,42,1,1,same_source_cyclic_next_latent,False,r16_d4,2026,2.1351643226807937e-06,1.0994632248184644e-05,0.8057993869660045,2.1478965663845884e-06,42,1,1,same_source_cyclic_next_latent,False,ljonly_r16_d4,4,-3.260036010033216e-07
train,lj_noisy,199,75,5.189991043152986e-06,2.538395165174734e-05,0.7955404613766774,5.005042567063356e-06,42,1,1,same_source_cyclic_next_latent,False,r16_d4,2026,5.389855232351692e-06,2.538395165174734e-05,0.7876668177477925,5.534390311368043e-06,42,1,1,same_source_cyclic_next_latent,False,ljonly_r16_d4,4,-1.998641891987063e-07
train,lj_noisy,199,100,1.0935552381852176e-05,4.609454845194705e-05,0.7627582274018294,1.0572452993073966e-05,42,1,1,same_source_cyclic_next_latent,False,r16_d4,2026,1.0614038728817832e-05,4.609454845194705e-05,0.7697333180325473,1.0819730050570795e-05,42,1,1,same_source_cyclic_next_latent,False,ljonly_r16_d4,4,3.215136530343443e-07
train,lj_noisy,199,125,1.7226984709850512e-05,7.323205500142649e-05,0.7647616920006554,1.6697405953891575e-05,42,1,1,same_source_cyclic_next_latent,False,r16_d4,2026,1.6697209503035992e-05,7.323205500142649e-05,0.7719958902872417,1.6962982044788077e-05,42,1,1,same_source_cyclic_next_latent,False,ljonly_r16_d4,4,5.297752068145201e-07
train,lj_noisy,199,149,2.323900844203308e-05,0.0001047892219503,0.7782309286250269,2.289707481395453e-05,42,1,1,same_source_cyclic_next_latent,False,r16_d4,2026,2.3087959561962634e-05,0.0001047892219503,0.7796723829774795,2.3518272428191267e-05,42,1,1,same_source_cyclic_next_latent,False,ljonly_r16_d4,4,1.5104888007044453e-07
train,lj_noisy,199,175,3.1246170692611486e-05,0.0001456237077945,0.7854321170239184,3.194940654793754e-05,42,1,1,same_source_cyclic_next_latent,False,r16_d4,2026,3.157991886837408e-05,0.0001456237077945,0.7831402637205168,3.230466973036528e-05,42,1,1,same_source_cyclic_next_latent,False,ljonly_r16_d4,4,-3.3374817576259375e-07
train,lj_noisy,199,199,4.125769919482991e-05,0.0001901433715829,0.7830179466612197,4.380706013762392e-05,42,1,1,same_source_cyclic_next_latent,False,r16_d4,2026,4.211735722492449e-05,0.0001901433715829,0.7784968422812045,4.321333108237013e-05,42,1,1,same_source_cyclic_next_latent,False,ljonly_r16_d4,4,-8.596580300945789e-07
train,lj_noisy,42,0,3.084109323481244e-07,0.0,,1.35792458877404e-06,102,1,1,same_source_cyclic_next_latent,False,r16_d4,2026,2.3796337700332515e-06,0.0,,2.1578962332569063e-06,102,1,1,same_source_cyclic_next_latent,False,ljonly_r16_d4,4,-2.071222837685127e-06
train,lj_noisy,42,5,1.7152562747924097e-07,9.799599354209933e-08,-0.7503330623976288,1.1611438139880192e-06,102,1,1,same_source_cyclic_next_latent,False,r16_d4,2026,1.972821110030054e-06,9.799599354209933e-08,-19.131650680009948,2.0114530343562365e-06,102,1,1,same_source_cyclic_next_latent,False,ljonly_r16_d4,4,-1.8012954825508132e-06
train,lj_noisy,42,10,9.588195837295645e-08,4.02869886784174e-07,0.7620026675651674,9.828626161834109e-07,102,1,1,same_source_cyclic_next_latent,False,r16_d4,2026,1.639005290599016e-06,4.02869886784174e-07,-3.068324152202188,1.911443405333557e-06,102,1,1,same_source_cyclic_next_latent,False,ljonly_r16_d4,4,-1.5431233322260596e-06
train,lj_noisy,42,25,2.370840377352579e-07,2.683668753888924e-06,0.9116567432580128,8.20479101548699e-07,102,1,1,same_source_cyclic_next_latent,False,r16_d4,2026,1.2177412145319977e-06,2.683668753888924e-06,0.5462401189538164,2.10055077332072e-06,102,1,1,same_source_cyclic_next_latent,False,ljonly_r16_d4,4,-9.806571767967398e-07
train,lj_noisy,42,50,1.1456770607765066e-06,1.129412430600496e-05,0.8985599033855717,1.8615058934301487e-06,102,1,1,same_source_cyclic_next_latent,False,r16_d4,2026,2.154744379367912e-06,1.129412430600496e-05,0.8092154538955926,4.098615590919508e-06,102,1,1,same_source_cyclic_next_latent,False,ljonly_r16_d4,4,-1.0090673185914056e-06
train,lj_noisy,42,75,2.8544991437229328e-06,2.5744931917870417e-05,0.8891238418175218,4.5306860556593165e-06,102,1,1,same_source_cyclic_next_latent,False,r16_d4,2026,4.186967089481186e-06,2.5744931917870417e-05,0.8373673271757665,6.914274308655877e-06,102,1,1,same_source_cyclic_next_latent,False,ljonly_r16_d4,4,-1.3324679457582533e-06
train,lj_noisy,42,100,6.215393113961909e-06,4.618121238308959e-05,0.8654129505651993,8.435248673777096e-06,102,1,1,same_source_cyclic_next_latent,False,r16_d4,2026,6.6058173615601845e-06,4.618121238308959e-05,0.8569587713123991,1.00901570476708e-05,102,1,1,same_source_cyclic_next_latent,False,ljonly_r16_d4,4,-3.9042424759827554e-07
train,lj_noisy,42,125,9.493110155744944e-06,7.250723137985915e-05,0.8690736085893094,1.1652066859824116e-05,102,1,1,same_source_cyclic_next_latent,False,r16_d4,2026,9.524374036118388e-06,7.250723137985915e-05,0.8686424256606764,1.4384974747372326e-05,102,1,1,same_source_cyclic_next_latent,False,ljonly_r16_d4,4,-3.126388037344441e-08
train,lj_noisy,42,149,1.220715967065189e-05,0.0001034081433317,0.8819516599240362,1.4482801816484424e-05,102,1,1,same_source_cyclic_next_latent,False,r16_d4,2026,1.2892372978967614e-05,0.0001034081433317,0.8753253606187933,1.885109486465808e-05,102,1,1,same_source_cyclic_next_latent,False,ljonly_r16_d4,4,-6.852133083157241e-07
train,lj_noisy,42,175,1.640113623579964e-05,0.000143292825669,0.885541120714028,1.8891563740908168e-05,102,1,1,same_source_cyclic_next_latent,False,r16_d4,2026,1.694247839623131e-05,0.000143292825669,0.8817632472726741,2.3944714484969157e-05,102,1,1,same_source_cyclic_next_latent,False,ljonly_r16_d4,4,-5.413421604316682e-07
train,lj_noisy,42,199,2.237722947029397e-05,0.0001860245247371,0.8797081755649545,2.4769644369371235e-05,102,1,1,same_source_cyclic_next_latent,False,r16_d4,2026,2.122827027051244e-05,0.0001860245247371,0.8858845611861783,2.9848455596948043e-05,102,1,1,same_source_cyclic_next_latent,False,ljonly_r16_d4,4,1.1489591997815296e-06
train,lj_noisy,102,0,8.394288784074888e-07,0.0,,3.288494383468788e-07,99,1,1,same_source_cyclic_next_latent,False,r16_d4,2026,1.245933276550204e-06,0.0,,1.3401438536675414e-06,99,1,1,same_source_cyclic_next_latent,False,ljonly_r16_d4,4,-4.065043981427152e-07
train,lj_noisy,102,5,6.100943892306532e-07,1.047859115033134e-07,-4.822294051537277,1.505472368990013e-07,99,1,1,same_source_cyclic_next_latent,False,r16_d4,2026,1.0402353609606507e-06,1.047859115033134e-07,-8.927244474346704,9.612012945581228e-07,99,1,1,same_source_cyclic_next_latent,False,ljonly_r16_d4,4,-4.3014097172999755e-07
train,lj_noisy,102,10,4.167939380295138e-07,4.6877312342985533e-07,0.110883458974839,7.438529792125338e-08,99,1,1,same_source_cyclic_next_latent,False,r16_d4,2026,8.600443379691569e-07,4.6877312342985533e-07,-0.8346707500560222,6.453103651438141e-07,99,1,1,same_source_cyclic_next_latent,False,ljonly_r16_d4,4,-4.432503999396431e-07
train,lj_noisy,102,25,4.172006526914629e-07,3.25413498103444e-06,0.8717936855345684,6.11658151683514e-07,99,1,1,same_source_cyclic_next_latent,False,r16_d4,2026,8.20124625988683e-07,3.25413498103444e-06,0.7479746136013148,4.474912600471726e-07,99,1,1,same_source_cyclic_next_latent,False,ljonly_r16_d4,4,-4.0292397329722007e-07
train,lj_noisy,102,50,1.8268808616994647e-06,1.3549693903769366e-05,0.8651717983687257,3.1424358439835487e-06,99,1,1,same_source_cyclic_next_latent,False,r16_d4,2026,2.152142997147166e-06,1.3549693903769366e-05,0.8411666704479231,1.84691714366636e-06,99,1,1,same_source_cyclic_next_latent,False,ljonly_r16_d4,4,-3.2526213544770144e-07
train,lj_noisy,102,75,4.363428615761222e-06,3.12767515424639e-05,0.8604897119882455,6.260631380428094e-06,99,1,1,same_source_cyclic_next_latent,False,r16_d4,2026,4.709291260951432e-06,3.12767515424639e-05,0.8494315736543896,4.6616601139248814e-06,99,1,1,same_source_cyclic_next_latent,False,ljonly_r16_d4,4,-3.4586264519021e-07
train,lj_noisy,102,100,8.100877494143788e-06,5.606986815109849e-05,0.8555217309890343,9.69195298239356e-06,99,1,1,same_source_cyclic_next_latent,False,r16_d4,2026,8.550450729671866e-06,5.606986815109849e-05,0.8475036412315097,8.996747965284158e-06,99,1,1,same_source_cyclic_next_latent,False,ljonly_r16_d4,4,-4.4957323552807793e-07
train,lj_noisy,102,125,1.3482313079293816e-05,8.798276394372806e-05,0.8467618829533836,1.4865378034301102e-05,99,1,1,same_source_cyclic_next_latent,False,r16_d4,2026,1.4138647202344146e-05,8.798276394372806e-05,0.8393020795369996,1.5014941709523557e-05,99,1,1,same_source_cyclic_next_latent,False,ljonly_r16_d4,4,-6.5633412305033e-07
train,lj_noisy,102,149,2.0361751012387685e-05,0.000124813261209,0.8368622787743459,2.1887966795475226e-05,99,1,1,same_source_cyclic_next_latent,False,r16_d4,2026,2.1554646082222465e-05,0.000124813261209,0.8273048402595655,2.265356124553364e-05,99,1,1,same_source_cyclic_next_latent,False,ljonly_r16_d4,4,-1.1928950698347796e-06
train,lj_noisy,102,175,2.9499078664230183e-05,0.0001706574548734,0.8271445060158221,3.123264104942791e-05,99,1,1,same_source_cyclic_next_latent,False,r16_d4,2026,3.245997504564002e-05,0.0001706574548734,0.8097945673119681,3.388606273801997e-05,99,1,1,same_source_cyclic_next_latent,False,ljonly_r16_d4,4,-2.960896381409839e-06
train,lj_noisy,102,199,4.041421561851166e-05,0.0002185022167395,0.8150397912590562,4.201042611384764e-05,99,1,1,same_source_cyclic_next_latent,False,r16_d4,2026,4.613303462974727e-05,0.0002185022167395,0.7888669720695304,4.758503200719133e-05,99,1,1,same_source_cyclic_next_latent,False,ljonly_r16_d4,4,-5.71881901123561e-06
train,lj_noisy,99,0,3.356254580921814e-07,0.0,,4.287223305254884e-07,178,1,1,same_source_cyclic_next_latent,False,r16_d4,2026,1.347985744359903e-06,0.0,,1.083284359992831e-06,178,1,1,same_source_cyclic_next_latent,False,ljonly_r16_d4,4,-1.0123602862677217e-06
train,lj_noisy,99,5,1.8029311377176785e-07,8.34548146144698e-08,-1.1603680339433375,2.574668940269476e-07,178,1,1,same_source_cyclic_next_latent,False,r16_d4,2026,1.0283474694006145e-06,8.34548146144698e-08,-11.322206623442844,7.734101927781012e-07,178,1,1,same_source_cyclic_next_latent,False,ljonly_r16_d4,4,-8.480543556288467e-07
train,lj_noisy,99,10,9.79194609840306e-08,3.481648036540719e-07,0.7187554285891546,1.5149895205013308e-07,178,1,1,same_source_cyclic_next_latent,False,r16_d4,2026,7.708986800025741e-07,3.481648036540719e-07,-1.214177515681684,5.481126663653413e-07,178,1,1,same_source_cyclic_next_latent,False,ljonly_r16_d4,4,-6.729792190185435e-07
train,lj_noisy,99,25,3.4444053653714946e-07,2.362971372349421e-06,0.8542341474942694,3.088437097176211e-07,178,1,1,same_source_cyclic_next_latent,False,r16_d4,2026,5.28520672560262e-07,2.362971372349421e-06,0.7763321728122452,3.862044195557246e-07,178,1,1,same_source_cyclic_next_latent,False,ljonly_r16_d4,4,-1.8408013602311257e-07
train,lj_noisy,99,50,1.8405394257570151e-06,9.879052413452882e-06,0.8136927157861168,1.822045192056976e-06,178,1,1,same_source_cyclic_next_latent,False,r16_d4,2026,1.5018952126411025e-06,9.879052413452882e-06,0.8479717335444152,1.4204279068508183e-06,178,1,1,same_source_cyclic_next_latent,False,ljonly_r16_d4,4,3.3864421311591265e-07
train,lj_noisy,99,75,4.112918304599589e-06,2.276919803989585e-05,0.8193648148084534,4.594387519318843e-06,178,1,1,same_source_cyclic_next_latent,False,r16_d4,2026,3.912520696758293e-06,2.276919803989585e-05,0.8281660737500358,3.882287273881957e-06,178,1,1,same_source_cyclic_next_latent,False,ljonly_r16_d4,4,2.0039760784129612e-07
train,lj_noisy,99,100,7.942136107885744e-06,4.133538095629774e-05,0.8078610641986668,8.794125278654974e-06,178,1,1,same_source_cyclic_next_latent,False,r16_d4,2026,7.83727318776073e-06,4.133538095629774e-05,0.8103979446555296,8.052486919041257e-06,178,1,1,same_source_cyclic_next_latent,False,ljonly_r16_d4,4,1.0486292012501508e-07
train,lj_noisy,99,125,1.4182191080180928e-05,6.574357394129038e-05,0.7842801930292722,1.5070994777488522e-05,178,1,1,same_source_cyclic_next_latent,False,r16_d4,2026,1.3901097190682776e-05,6.574357394129038e-05,0.7885558031405993,1.4469351299339904e-05,178,1,1,same_source_cyclic_next_latent,False,ljonly_r16_d4,4,2.8109388949815184e-07
train,lj_noisy,99,149,2.2385398551705293e-05,9.555911674397066e-05,0.7657429315542758,2.395091360085644e-05,178,1,1,same_source_cyclic_next_latent,False,r16_d4,2026,2.26261490752222e-05,9.555911674397066e-05,0.7632235432246206,2.339469392609317e-05,178,1,1,same_source_cyclic_next_latent,False,ljonly_r16_d4,4,-2.407505235169083e-07
train,lj_noisy,99,175,3.439389183768071e-05,0.000135023263283,0.7452743253170047,3.7230463931337e-05,178,1,1,same_source_cyclic_next_latent,False,r16_d4,2026,3.5741733881877735e-05,0.000135023263283,0.7352920303300194,3.645082688308321e-05,178,1,1,same_source_cyclic_next_latent,False,ljonly_r16_d4,4,-1.347842044197023e-06
train,lj_noisy,99,199,4.722292942460626e-05,0.0001759650040185,0.7316345389925409,5.07713011757005e-05,178,1,1,same_source_cyclic_next_latent,False,r16_d4,2026,4.9473859689896926e-05,0.0001759650040185,0.7188426189295385,4.9777128879213706e-05,178,1,1,same_source_cyclic_next_latent,False,ljonly_r16_d4,4,-2.2509302652906694e-06
validation,lj_noisy,15,0,5.0995890177318877e-08,0.0,,1.3781981067495508e-07,79,1,1,same_source_cyclic_next_latent,False,r16_d4,3456456,5.682828714270727e-07,0.0,,8.251798817582312e-07,79,1,1,same_source_cyclic_next_latent,False,ljonly_r16_d4,4,-5.172869812497538e-07
validation,lj_noisy,15,5,3.1594730387496384e-08,9.055690952664008e-08,0.6511063534229619,8.922340555272967e-08,79,1,1,same_source_cyclic_next_latent,False,r16_d4,3456456,3.6460653518588526e-07,9.055690952664008e-08,-3.026269636317757,6.168497179714905e-07,79,1,1,same_source_cyclic_next_latent,False,ljonly_r16_d4,4,-3.3301180479838887e-07
validation,lj_noisy,15,10,5.3193677018725793e-08,3.651525162240432e-07,0.8543247693627058,8.121237016212035e-08,79,1,1,same_source_cyclic_next_latent,False,r16_d4,3456456,2.434119608096808e-07,3.651525162240432e-07,0.3333964576589888,4.884947770733561e-07,79,1,1,same_source_cyclic_next_latent,False,ljonly_r16_d4,4,-1.90218283790955e-07
validation,lj_noisy,15,25,3.487515130018437e-07,2.382581669735373e-06,0.8536245294623716,2.745533151937707e-07,79,1,1,same_source_cyclic_next_latent,False,r16_d4,3456456,2.880766487578512e-07,2.382581669735373e-06,0.8790905460168981,4.99500686146348e-07,79,1,1,same_source_cyclic_next_latent,False,ljonly_r16_d4,4,6.067486424399249e-08
validation,lj_noisy,15,50,1.5438314449056634e-06,1.0002500857808627e-05,0.8456554548855205,1.4906723890817377e-06,79,1,1,same_source_cyclic_next_latent,False,r16_d4,3456456,1.2986380397705943e-06,1.0002500857808627e-05,0.870168664993736,1.8388058151685984e-06,79,1,1,same_source_cyclic_next_latent,False,ljonly_r16_d4,4,2.4519340513506904e-07
validation,lj_noisy,15,75,3.8795851651229896e-06,2.349700662307441e-05,0.8348902382606822,4.550854100671131e-06,79,1,1,same_source_cyclic_next_latent,False,r16_d4,3456456,3.6547999116010033e-06,2.349700662307441e-05,0.8444567867631303,5.458427494886564e-06,79,1,1,same_source_cyclic_next_latent,False,ljonly_r16_d4,4,2.247852535219863e-07
validation,lj_noisy,15,100,8.3420400187606e-06,4.446260936674662e-05,0.8123807815697031,1.0093479431816377e-05,79,1,1,same_source_cyclic_next_latent,False,r16_d4,3456456,8.532194442523178e-06,4.446260936674662e-05,0.8081040549791851,1.1045956853195094e-05,79,1,1,same_source_cyclic_next_latent,False,ljonly_r16_d4,4,-1.9015442376257852e-07
validation,lj_noisy,15,125,1.5114672351046464e-05,7.343651668634266e-05,0.7941804291235206,1.7561056665726937e-05,79,1,1,same_source_cyclic_next_latent,False,r16_d4,3456456,1.573340159666259e-05,7.343651668634266e-05,0.7857550670075749,1.7689570086076856e-05,79,1,1,same_source_cyclic_next_latent,False,ljonly_r16_d4,4,-6.187292456161248e-07
validation,lj_noisy,15,149,2.1588843083009124e-05,0.0001065276956069,0.7973405604992263,2.3950567992869765e-05,79,1,1,same_source_cyclic_next_latent,False,r16_d4,3456456,2.2109044948592785e-05,0.0001065276956069,0.7924573058430557,2.3849530407460406e-05,79,1,1,same_source_cyclic_next_latent,False,ljonly_r16_d4,4,-5.202018655836616e-07
validation,lj_noisy,15,175,2.93237480946118e-05,0.0001508055138401,0.8055525468008379,3.028944411198609e-05,79,1,1,same_source_cyclic_next_latent,False,r16_d4,3456456,3.0057806725380946e-05,0.0001508055138401,0.8006849619753444,3.149519397993572e-05,79,1,1,same_source_cyclic_next_latent,False,ljonly_r16_d4,4,-7.340586307691444e-07
validation,lj_noisy,15,199,3.9678619941696525e-05,0.0002030775794992,0.8046134879116555,3.842500154860318e-05,79,1,1,same_source_cyclic_next_latent,False,r16_d4,3456456,4.121682650293224e-05,0.0002030775794992,0.7970390103891796,4.1352035623276606e-05,79,1,1,same_source_cyclic_next_latent,False,ljonly_r16_d4,4,-1.5382065612357178e-06
validation,lj_noisy,79,0,1.2460776588341105e-07,0.0,,1.0204139471170492e-06,75,1,1,same_source_cyclic_next_latent,False,r16_d4,3456456,7.529886261181673e-07,0.0,,2.6853927010961343e-06,75,1,1,same_source_cyclic_next_latent,False,ljonly_r16_d4,4,-6.283808602347563e-07
validation,lj_noisy,79,5,6.651146833291932e-08,1.0333684485885897e-07,0.3563625014508331,8.911135864764219e-07,75,1,1,same_source_cyclic_next_latent,False,r16_d4,3456456,5.195316816752893e-07,1.0333684485885897e-07,-4.027555102779494,2.442099230393069e-06,75,1,1,same_source_cyclic_next_latent,False,ljonly_r16_d4,4,-4.5302021334236997e-07
validation,lj_noisy,79,10,5.0234977067020736e-08,4.55465340110095e-07,0.8897062572206308,7.705248208367266e-07,75,1,1,same_source_cyclic_next_latent,False,r16_d4,3456456,3.421283736315673e-07,4.55465340110095e-07,0.2488377413111873,2.191355406466755e-06,75,1,1,same_source_cyclic_next_latent,False,ljonly_r16_d4,4,-2.9189339656454655e-07
validation,lj_noisy,79,25,3.281847966718488e-07,3.182375849064556e-06,0.8968742812800327,8.012882517505204e-07,75,1,1,same_source_cyclic_next_latent,False,r16_d4,3456456,3.719055996498355e-07,3.182375849064556e-06,0.8831358653758149,2.0183158540021395e-06,75,1,1,same_source_cyclic_next_latent,False,ljonly_r16_d4,4,-4.37208029779867e-08
validation,lj_noisy,79,50,1.6233145743171915e-06,1.3238345673016738e-05,0.8773778375023144,2.1512003058887785e-06,75,1,1,same_source_cyclic_next_latent,False,r16_d4,3456456,1.7140553154604277e-06,1.3238345673016738e-05,0.8705234507545662,3.582195176932146e-06,75,1,1,same_source_cyclic_next_latent,False,ljonly_r16_d4,4,-9.074074114323615e-08
validation,lj_noisy,79,75,3.921029474440729e-06,3.010093496413901e-05,0.8697372862632978,5.0148246373282745e-06,75,1,1,same_source_cyclic_next_latent,False,r16_d4,3456456,4.343745786172804e-06,3.010093496413901e-05,0.8556939911883881,6.4948339968395885e-06,75,1,1,same_source_cyclic_next_latent,False,ljonly_r16_d4,4,-4.227163117320751e-07
validation,lj_noisy,79,100,7.2365551204711664e-06,5.402554961619899e-05,0.8660530957689441,8.973037438408937e-06,75,1,1,same_source_cyclic_next_latent,False,r16_d4,3456456,7.707647455390543e-06,5.402554961619899e-05,0.8573332893390966,9.404446245753206e-06,75,1,1,same_source_cyclic_next_latent,False,ljonly_r16_d4,4,-4.710923349193763e-07
validation,lj_noisy,79,125,1.1726839147740977e-05,8.518932736478746e-05,0.8623437992704682,1.3693503206013702e-05,75,1,1,same_source_cyclic_next_latent,False,r16_d4,3456456,1.1860966878884938e-05,8.518932736478746e-05,0.8607693328989987,1.294138746743556e-05,75,1,1,same_source_cyclic_next_latent,False,ljonly_r16_d4,4,-1.341277311439609e-07
validation,lj_noisy,79,149,1.73409644048661e-05,0.0001221718266606,0.8580608567551703,1.891694773803465e-05,75,1,1,same_source_cyclic_next_latent,False,r16_d4,3456456,1.7350519556202926e-05,0.0001221718266606,0.8579826459957998,1.770707604009658e-05,75,1,1,same_source_cyclic_next_latent,False,ljonly_r16_d4,4,-9.555151336826384e-09
validation,lj_noisy,79,175,2.534292980271857e-05,0.0001701186993159,0.8510279592741711,2.5771314540179446e-05,75,1,1,same_source_cyclic_next_latent,False,r16_d4,3456456,2.5592114980099723e-05,0.0001701186993159,0.8495631868630067,2.4930968720582317e-05,75,1,1,same_source_cyclic_next_latent,False,ljonly_r16_d4,4,-2.491851773811538e-07
validation,lj_noisy,79,199,3.521582402754575e-05,0.0002213792467955,0.8409253598189872,3.391445352463052e-05,75,1,1,same_source_cyclic_next_latent,False,r16_d4,3456456,3.581413329811767e-05,0.0002213792467955,0.8382227159206435,3.3852822525659576e-05,75,1,1,same_source_cyclic_next_latent,False,ljonly_r16_d4,4,-5.983092705719173e-07
validation,lj_noisy,75,0,5.65246409678366e-07,0.0,,5.1996874361748275e-08,181,1,1,same_source_cyclic_next_latent,False,r16_d4,3456456,1.6633466657367537e-06,0.0,,2.8029828058606654e-07,181,1,1,same_source_cyclic_next_latent,False,ljonly_r16_d4,4,-1.0981002560583877e-06
validation,lj_noisy,75,5,4.4029721379956754e-07,9.145860246917437e-08,-3.814169492125876,2.2800225707442223e-08,181,1,1,same_source_cyclic_next_latent,False,r16_d4,3456456,1.42564317684446e-06,9.145860246917437e-08,-14.58785219055764,1.3999367354244896e-07,181,1,1,same_source_cyclic_next_latent,False,ljonly_r16_d4,4,-9.853459630448924e-07
validation,lj_noisy,75,10,3.574881475287839e-07,3.900833291936579e-07,0.0835595351697072,5.7380070472845546e-08,181,1,1,same_source_cyclic_next_latent,False,r16_d4,3456456,1.236317984876223e-06,3.900833291936579e-07,-2.1693689331246704,9.157005109727835e-08,181,1,1,same_source_cyclic_next_latent,False,ljonly_r16_d4,4,-8.78829837347439e-07
validation,lj_noisy,75,25,5.163159357834957e-07,2.673331437108573e-06,0.8068642261799256,5.88455577599234e-07,181,1,1,same_source_cyclic_next_latent,False,r16_d4,3456456,1.187250518341898e-06,2.673331437108573e-06,0.5558910122921358,5.250978460935585e-07,181,1,1,same_source_cyclic_next_latent,False,ljonly_r16_d4,4,-6.709345825584023e-07
validation,lj_noisy,75,50,2.0186369056318654e-06,1.1298255230940413e-05,0.8213319787551088,2.58301815847517e-06,181,1,1,same_source_cyclic_next_latent,False,r16_d4,3456456,2.6271575279679382e-06,1.1298255230940413e-05,0.7674722800761807,2.620553232191014e-06,181,1,1,same_source_cyclic_next_latent,False,ljonly_r16_d4,4,-6.085206223360728e-07
validation,lj_noisy,75,75,4.97869223181624e-06,2.6090825485880487e-05,0.8091784319162095,5.776877515017986e-06,181,1,1,same_source_cyclic_next_latent,False,r16_d4,3456456,5.5808404795243405e-06,2.6090825485880487e-05,0.7860995052630853,6.045211193850264e-06,181,1,1,same_source_cyclic_next_latent,False,ljonly_r16_d4,4,-6.021482477081008e-07
validation,lj_noisy,75,100,9.163711183646228e-06,4.721252480521798e-05,0.8059050808773217,1.0099526662088463e-05,181,1,1,same_source_cyclic_next_latent,False,r16_d4,3456456,9.54131974140182e-06,4.721252480521798e-05,0.7979070219022198,1.107206117012538e-05,181,1,1,same_source_cyclic_next_latent,False,ljonly_r16_d4,4,-3.776085577555915e-07
validation,lj_noisy,75,125,1.4579898561351e-05,7.473392179235816e-05,0.8049092271397184,1.5748901205370203e-05,181,1,1,same_source_cyclic_next_latent,False,r16_d4,3456456,1.504618558101356e-05,7.473392179235816e-05,0.7986699316701443,1.8374592400505207e-05,181,1,1,same_source_cyclic_next_latent,False,ljonly_r16_d4,4,-4.6628701966256073e-07
validation,lj_noisy,75,149,2.0968311218894087e-05,0.0001070998841896,0.8042172372309863,2.246903932245914e-05,181,1,1,same_source_cyclic_next_latent,False,r16_d4,3456456,2.199361006205436e-05,0.0001070998841896,0.794643941695535,2.7496262191561985e-05,181,1,1,same_source_cyclic_next_latent,False,ljonly_r16_d4,4,-1.0252988431602716e-06
validation,lj_noisy,75,175,2.986499930557329e-05,0.0001485866087023,0.7990061179375473,3.161885615554638e-05,181,1,1,same_source_cyclic_next_latent,False,r16_d4,3456456,3.166955866618082e-05,0.0001485866087023,0.7868612862035999,3.951116377720609e-05,181,1,1,same_source_cyclic_next_latent,False,ljonly_r16_d4,4,-1.8045593606075306e-06
validation,lj_noisy,75,199,4.027435352327302e-05,0.0001919504866236,0.7901836341669157,4.209700637147762e-05,181,1,1,same_source_cyclic_next_latent,False,r16_d4,3456456,4.2509058403084055e-05,0.0001919504866236,0.778541543963768,5.239043093752116e-05,181,1,1,same_source_cyclic_next_latent,False,ljonly_r16_d4,4,-2.2347048798110336e-06
validation,lj_noisy,181,0,1.0775578829225196e-07,0.0,,1.5732805991319765e-07,31,1,1,same_source_cyclic_next_latent,False,r16_d4,3456456,4.91508671984775e-07,0.0,,8.307138159580063e-07,31,1,1,same_source_cyclic_next_latent,False,ljonly_r16_d4,4,-3.8375288369252303e-07
validation,lj_noisy,181,5,5.6519741775673544e-08,8.917994165358324e-08,0.3662280920162208,1.000071137013947e-07,31,1,1,same_source_cyclic_next_latent,False,r16_d4,3456456,3.035741258372582e-07,8.917994165358324e-08,-2.4040628442714467,6.307306534836243e-07,31,1,1,same_source_cyclic_next_latent,False,ljonly_r16_d4,4,-2.4705438406158464e-07
validation,lj_noisy,181,10,4.2690682988677515e-08,3.5931097386310284e-07,0.8811873666710146,7.972835192049389e-08,31,1,1,same_source_cyclic_next_latent,False,r16_d4,3456456,1.8883743280184722e-07,3.5931097386310284e-07,0.4744456848295592,4.982803147868253e-07,31,1,1,same_source_cyclic_next_latent,False,ljonly_r16_d4,4,-1.4614674981316972e-07
validation,lj_noisy,181,25,2.1461080734752613e-07,2.322475211258279e-06,0.907593929826595,2.259601927789845e-07,31,1,1,same_source_cyclic_next_latent,False,r16_d4,3456456,2.161802257205636e-07,2.322475211258279e-06,0.906918177351206,4.683767258484295e-07,31,1,1,same_source_cyclic_next_latent,False,ljonly_r16_d4,4,-1.5694183730374789e-09
validation,lj_noisy,181,50,1.2096023738195072e-06,9.647412298363632e-06,0.8746189821259451,1.2538557712105105e-06,31,1,1,same_source_cyclic_next_latent,False,r16_d4,3456456,1.1827914931927808e-06,9.647412298363632e-06,0.877398056949074,1.5160287603066536e-06,31,1,1,same_source_cyclic_next_latent,False,ljonly_r16_d4,4,2.681088062672643e-08
validation,lj_noisy,181,75,3.290653694421053e-06,2.220537317043636e-05,0.8518082236599319,3.590943379094824e-06,31,1,1,same_source_cyclic_next_latent,False,r16_d4,3456456,3.1888171179161877e-06,2.220537317043636e-05,0.85639434683486,3.930259026674321e-06,31,1,1,same_source_cyclic_next_latent,False,ljonly_r16_d4,4,1.0183657650486524e-07
validation,lj_noisy,181,100,6.676852535747457e-06,4.0102699131239206e-05,0.8335061559348677,7.429313427564921e-06,31,1,1,same_source_cyclic_next_latent,False,r16_d4,3456456,6.339584615489002e-06,4.0102699131239206e-05,0.8419162611787746,7.254714091686765e-06,31,1,1,same_source_cyclic_next_latent,False,ljonly_r16_d4,4,3.37267920258455e-07
validation,lj_noisy,181,125,1.1569755770324264e-05,6.356189987855032e-05,0.8179765584032108,1.2792736015398988e-05,31,1,1,same_source_cyclic_next_latent,False,r16_d4,3456456,1.0757046766229903e-05,6.356189987855032e-05,0.8307626614877195,1.1504177564347629e-05,31,1,1,same_source_cyclic_next_latent,False,ljonly_r16_d4,4,8.127090040943602e-07
validation,lj_noisy,181,149,1.763919681252446e-05,9.170166595140472e-05,0.8076458412230814,1.920787690323777e-05,31,1,1,same_source_cyclic_next_latent,False,r16_d4,3456456,1.650962258281652e-05,9.170166595140472e-05,0.8199637660719771,1.674853774602525e-05,31,1,1,same_source_cyclic_next_latent,False,ljonly_r16_d4,4,1.1295742297079414e-06
validation,lj_noisy,181,175,2.5117873519775458e-05,0.0001289811043534,0.8052592769639672,2.8388978535076603e-05,31,1,1,same_source_cyclic_next_latent,False,r16_d4,3456456,2.4389390091528185e-05,0.0001289811043534,0.810907262627441,2.385380503255874e-05,31,1,1,same_source_cyclic_next_latent,False,ljonly_r16_d4,4,7.28483428247273e-07
validation,lj_noisy,181,199,3.267858483013697e-05,0.0001695594837656,0.8072736239554296,4.502933734329417e-05,31,1,1,same_source_cyclic_next_latent,False,r16_d4,3456456,3.333575659780763e-05,0.0001695594837656,0.8033978645282598,3.2106217986438423e-05,31,1,1,same_source_cyclic_next_latent,False,ljonly_r16_d4,4,-6.571717676706612e-07
validation,lj_noisy,31,0,1.4049582830466536e-07,0.0,,3.496035461125757e-08,142,1,1,same_source_cyclic_next_latent,False,r16_d4,3456456,7.754882176413957e-07,0.0,,4.670370969961368e-07,142,1,1,same_source_cyclic_next_latent,False,ljonly_r16_d4,4,-6.349923893367304e-07
validation,lj_noisy,31,5,7.826350412187821e-08,1.0181967979860929e-07,0.2313518931047828,5.9233720151041787e-08,142,1,1,same_source_cyclic_next_latent,False,r16_d4,3456456,5.539600920201337e-07,1.0181967979860929e-07,-4.440599431424455,2.657293691754603e-07,142,1,1,same_source_cyclic_next_latent,False,ljonly_r16_d4,4,-4.7569658789825553e-07
validation,lj_noisy,31,10,5.384162804489279e-08,4.309611654207402e-07,0.8750661721634985,1.3588231695393918e-07,142,1,1,same_source_cyclic_next_latent,False,r16_d4,3456456,3.914964281648281e-07,4.309611654207402e-07,0.0915737667856528,1.4425184247102155e-07,142,1,1,same_source_cyclic_next_latent,False,ljonly_r16_d4,4,-3.376548001199353e-07
validation,lj_noisy,31,25,1.9394927619487135e-07,2.8248798571439693e-06,0.931342469059566,5.78104732085194e-07,142,1,1,same_source_cyclic_next_latent,False,r16_d4,3456456,2.9228235121081525e-07,2.8248798571439693e-06,0.8965328205121188,2.3318473552080834e-07,142,1,1,same_source_cyclic_next_latent,False,ljonly_r16_d4,4,-9.83330750159439e-08
validation,lj_noisy,31,50,8.725401698939095e-07,1.1657663890218828e-05,0.9251530857202016,1.853548496910662e-06,142,1,1,same_source_cyclic_next_latent,False,r16_d4,3456456,9.507184017820692e-07,1.1657663890218828e-05,0.9184469194913268,1.1210541970285703e-06,142,1,1,same_source_cyclic_next_latent,False,ljonly_r16_d4,4,-7.817823188815975e-08
validation,lj_noisy,31,75,2.1883561203139834e-06,2.6905094273388382e-05,0.9186638746522264,3.880357326124795e-06,142,1,1,same_source_cyclic_next_latent,False,r16_d4,3456456,2.490850647518528e-06,2.6905094273388382e-05,0.9074208541249302,2.830538051057374e-06,142,1,1,same_source_cyclic_next_latent,False,ljonly_r16_d4,4,-3.024945272045447e-07
validation,lj_noisy,31,100,4.43982207798399e-06,4.89304875372909e-05,0.909262664211136,6.653675882262178e-06,142,1,1,same_source_cyclic_next_latent,False,r16_d4,3456456,4.947861270920839e-06,4.89304875372909e-05,0.8988797880431914,5.995816081849625e-06,142,1,1,same_source_cyclic_next_latent,False,ljonly_r16_d4,4,-5.080391929368488e-07
validation,lj_noisy,31,125,8.214571607823018e-06,7.90988706285134e-05,0.8961480544216285,1.1096811249444729e-05,142,1,1,same_source_cyclic_next_latent,False,r16_d4,3456456,8.923433597374242e-06,7.90988706285134e-05,0.8871863336799964,1.170965606434038e-05,142,1,1,same_source_cyclic_next_latent,False,ljonly_r16_d4,4,-7.088619895512238e-07
validation,lj_noisy,31,149,1.4964557522034738e-05,0.0001173974960693,0.8725308628967767,1.930309008457698e-05,142,1,1,same_source_cyclic_next_latent,False,r16_d4,3456456,1.6059086192399263e-05,0.0001173974960693,0.8632075918985752,2.157919698220212e-05,142,1,1,same_source_cyclic_next_latent,False,ljonly_r16_d4,4,-1.0945286703645252e-06
validation,lj_noisy,31,175,2.9959797757328488e-05,0.0001739394210744,0.8277572871505509,3.766154259210453e-05,142,1,1,same_source_cyclic_next_latent,False,r16_d4,3456456,3.102746632066555e-05,0.0001739394210744,0.8216191238938156,4.100984733668156e-05,142,1,1,same_source_cyclic_next_latent,False,ljonly_r16_d4,4,-1.0676685633370653e-06
validation,lj_noisy,31,199,5.564438106375746e-05,0.0002400137454969,0.7681616902876197,6.495281559182331e-05,142,1,1,same_source_cyclic_next_latent,False,r16_d4,3456456,5.190616502659395e-05,0.0002400137454969,0.7837366984165209,6.715009658364579e-05,142,1,1,same_source_cyclic_next_latent,False,ljonly_r16_d4,4,3.738216037163504e-06
validation,lj_noisy,142,0,4.703351663692956e-08,0.0,,6.449980816114477e-08,157,1,1,same_source_cyclic_next_latent,False,r16_d4,3456456,6.580498279618041e-07,0.0,,7.67594940498384e-07,157,1,1,same_source_cyclic_next_latent,False,ljonly_r16_d4,4,-6.110163113248746e-07
validation,lj_noisy,142,5,5.6805909309787246e-08,9.436170955723357e-08,0.3979983027402387,4.258176033999917e-08,157,1,1,same_source_cyclic_next_latent,False,r16_d4,3456456,4.398440864861186e-07,9.436170955723357e-08,-3.661256017403313,5.385124381973583e-07,157,1,1,same_source_cyclic_next_latent,False,ljonly_r16_d4,4,-3.830381771763314e-07
validation,lj_noisy,142,10,9.75515774825908e-08,3.835527593309962e-07,0.7456632103162468,5.210173270597807e-08,157,1,1,same_source_cyclic_next_latent,False,r16_d4,3456456,3.016492939877935e-07,3.835527593309962e-07,0.2135389808850837,3.796379814957618e-07,157,1,1,same_source_cyclic_next_latent,False,ljonly_r16_d4,4,-2.040977165052027e-07
validation,lj_noisy,142,25,3.874768879086332e-07,2.477869657013798e-06,0.8436249918102632,2.81373559118947e-07,157,1,1,same_source_cyclic_next_latent,False,r16_d4,3456456,3.372609285179351e-07,2.477869657013798e-06,0.8638907710244998,3.553188605565083e-07,157,1,1,same_source_cyclic_next_latent,False,ljonly_r16_d4,4,5.021595939069812e-08
validation,lj_noisy,142,50,1.601866642886307e-06,1.0261092029395512e-05,0.8438892626342935,1.509731760052091e-06,157,1,1,same_source_cyclic_next_latent,False,r16_d4,3456456,1.5657900576115935e-06,1.0261092029395512e-05,0.8474051248028973,1.5603141036990564e-06,157,1,1,same_source_cyclic_next_latent,False,ljonly_r16_d4,4,3.607658527471358e-08
validation,lj_noisy,142,75,4.021051154268207e-06,2.352078990952577e-05,0.8290426822510877,4.359430022304878e-06,157,1,1,same_source_cyclic_next_latent,False,r16_d4,3456456,4.303646619518986e-06,2.352078990952577e-05,0.8170279724416893,4.468492079467978e-06,157,1,1,same_source_cyclic_next_latent,False,ljonly_r16_d4,4,-2.8259546525077894e-07
validation,lj_noisy,142,100,7.953031854412984e-06,4.234289735904895e-05,0.8121755394541188,9.259710168407764e-06,157,1,1,same_source_cyclic_next_latent,False,r16_d4,3456456,8.510407496942207e-06,4.234289735904895e-05,0.7990121595889451,9.217906153935472e-06,157,1,1,same_source_cyclic_next_latent,False,ljonly_r16_d4,4,-5.573756425292231e-07
validation,lj_noisy,142,125,1.310740117332898e-05,6.57610289636068e-05,0.8006813247921831,1.5660258213756606e-05,157,1,1,same_source_cyclic_next_latent,False,r16_d4,3456456,1.3573889191320632e-05,6.57610289636068e-05,0.7935876398948587,1.493047057010699e-05,157,1,1,same_source_cyclic_next_latent,False,ljonly_r16_d4,4,-4.6648801799165085e-07
validation,lj_noisy,142,149,1.9126455299556252e-05,9.220665378961712e-05,0.792569684361434,2.2831414753454737e-05,157,1,1,same_source_cyclic_next_latent,False,r16_d4,3456456,1.9405593775445595e-05,9.220665378961712e-05,0.7895423705568767,2.1436746465042237e-05,157,1,1,same_source_cyclic_next_latent,False,ljonly_r16_d4,4,-2.7913847588934343e-07
validation,lj_noisy,142,175,2.680933175724931e-05,0.0001260444259969,0.7873025201614416,3.0822604458080605e-05,157,1,1,same_source_cyclic_next_latent,False,r16_d4,3456456,2.7194506401428956e-05,0.0001260444259969,0.7842466559997932,2.997147930727806e-05,157,1,1,same_source_cyclic_next_latent,False,ljonly_r16_d4,4,-3.851746441796456e-07
validation,lj_noisy,142,199,3.4635962947504595e-05,0.000161461342941,0.7854844861524979,3.790150003624149e-05,157,1,1,same_source_cyclic_next_latent,False,r16_d4,3456456,3.5447221307549626e-05,0.000161461342941,0.7804600119020806,3.937858127756044e-05,157,1,1,same_source_cyclic_next_latent,False,ljonly_r16_d4,4,-8.112583600450307e-07
validation,lj_noisy,157,0,5.6390167202380326e-08,0.0,,9.246944614460516e-07,12,1,1,same_source_cyclic_next_latent,False,r16_d4,3456456,7.021195074230491e-07,0.0,,1.2173352388344938e-06,12,1,1,same_source_cyclic_next_latent,False,ljonly_r16_d4,4,-6.457293402206687e-07
validation,lj_noisy,157,5,3.656654357087064e-08,9.083687757538429e-08,0.5974482550820336,8.397852866437461e-07,12,1,1,same_source_cyclic_next_latent,False,r16_d4,3456456,4.860407329942973e-07,9.083687757538429e-08,-4.350698372375677,1.0530533245400877e-06,12,1,1,same_source_cyclic_next_latent,False,ljonly_r16_d4,4,-4.4947418942342665e-07
validation,lj_noisy,157,10,4.446925672141333e-08,3.649991242582473e-07,0.8781661276262404,8.022241786420636e-07,12,1,1,same_source_cyclic_next_latent,False,r16_d4,3456456,3.372722972017073e-07,3.649991242582473e-07,0.0759640920040195,9.723762559588067e-07,12,1,1,same_source_cyclic_next_latent,False,ljonly_r16_d4,4,-2.92803040480294e-07
validation,lj_noisy,157,25,2.4876968041098735e-07,2.373865527260932e-06,0.8952048136028883,1.0815833775268402e-06,12,1,1,same_source_cyclic_next_latent,False,r16_d4,3456456,3.267478518864664e-07,2.373865527260932e-06,0.8623562084144327,1.4382235349330583e-06,12,1,1,same_source_cyclic_next_latent,False,ljonly_r16_d4,4,-7.797817147547903e-08
validation,lj_noisy,157,50,1.140590484283166e-06,9.819269507715944e-06,0.883841615367936,3.070430238949484e-06,12,1,1,same_source_cyclic_next_latent,False,r16_d4,3456456,1.354986920887313e-06,9.819269507715944e-06,0.862007360137883,5.558031716645928e-06,12,1,1,same_source_cyclic_next_latent,False,ljonly_r16_d4,4,-2.143964366041471e-07
validation,lj_noisy,157,75,3.0054848139116075e-06,2.281349952681921e-05,0.8682584927236436,6.944304004719015e-06,12,1,1,same_source_cyclic_next_latent,False,r16_d4,3456456,3.481724206721992e-06,2.281349952681921e-05,0.8473831600176497,1.2444836102076806e-05,12,1,1,same_source_cyclic_next_latent,False,ljonly_r16_d4,4,-4.762393928103843e-07
validation,lj_noisy,157,100,6.25907978246687e-06,4.15882641391363e-05,0.8494988932087499,1.2338154192548243e-05,12,1,1,same_source_cyclic_next_latent,False,r16_d4,3456456,6.871554887766251e-06,4.15882641391363e-05,0.8347717792505835,1.7997821487369947e-05,12,1,1,same_source_cyclic_next_latent,False,ljonly_r16_d4,4,-6.124751052993815e-07
validation,lj_noisy,157,125,1.103016529668821e-05,6.644261884503067e-05,0.8339896065443366,1.883483855635859e-05,12,1,1,same_source_cyclic_next_latent,False,r16_d4,3456456,1.1350441127433442e-05,6.644261884503067e-05,0.829169269292245,2.4990544261527248e-05,12,1,1,same_source_cyclic_next_latent,False,ljonly_r16_d4,4,-3.2027583074523136e-07
validation,lj_noisy,157,149,1.7118138202931732e-05,9.61377882049419e-05,0.8219416264659625,2.612548269098625e-05,12,1,1,same_source_cyclic_next_latent,False,r16_d4,3456456,1.7085258150473237e-05,9.61377882049419e-05,0.8222836361280571,3.488614675006829e-05,12,1,1,same_source_cyclic_next_latent,False,ljonly_r16_d4,4,3.28800524584949e-08
validation,lj_noisy,157,175,2.457187838444952e-05,0.0001335744454991,0.8160435681193694,3.51623457390815e-05,12,1,1,same_source_cyclic_next_latent,False,r16_d4,3456456,2.4530794689781036e-05,0.0001335744454991,0.816351139635126,4.7890407586237416e-05,12,1,1,same_source_cyclic_next_latent,False,ljonly_r16_d4,4,4.1083694668483326e-08
validation,lj_noisy,157,199,3.311456021037884e-05,0.0001735624682623,0.8092066761788803,4.619991159415804e-05,12,1,1,same_source_cyclic_next_latent,False,r16_d4,3456456,3.3315511245746166e-05,0.0001735624682623,0.8080488738188475,6.363003194564953e-05,12,1,1,same_source_cyclic_next_latent,False,ljonly_r16_d4,4,-2.0095103536732495e-07
validation,lj_noisy,12,0,4.530227499799367e-07,0.0,,7.03804374779793e-08,152,1,1,same_source_cyclic_next_latent,False,r16_d4,3456456,6.34309458291682e-07,0.0,,3.204928589184419e-07,152,1,1,same_source_cyclic_next_latent,False,ljonly_r16_d4,4,-1.8128670831174526e-07
validation,lj_noisy,12,5,3.102392724940728e-07,1.0223686786048348e-07,-2.0345146421879603,3.0390154392989643e-08,152,1,1,same_source_cyclic_next_latent,False,r16_d4,3456456,4.333261927058629e-07,1.0223686786048348e-07,-3.2384533268096325,1.548181387533987e-07,152,1,1,same_source_cyclic_next_latent,False,ljonly_r16_d4,4,-1.2308692021179013e-07
validation,lj_noisy,12,10,2.381152484076665e-07,4.424935866609303e-07,0.4618786450567764,7.03691753756175e-08,152,1,1,same_source_cyclic_next_latent,False,r16_d4,3456456,3.157396122333012e-07,4.424935866609303e-07,0.2864538114193211,9.514715770819748e-08,152,1,1,same_source_cyclic_next_latent,False,ljonly_r16_d4,4,-7.76243638256347e-08
validation,lj_noisy,12,25,6.619220016546024e-07,3.1844713248574408e-06,0.7921406933428001,7.906046448624693e-07,152,1,1,same_source_cyclic_next_latent,False,r16_d4,3456456,6.824180900366628e-07,3.1844713248574408e-06,0.7857044324092909,6.5421886574768e-07,152,1,1,same_source_cyclic_next_latent,False,ljonly_r16_d4,4,-2.0496088382060407e-08
validation,lj_noisy,12,50,3.5510020097717643e-06,1.4166832443152089e-05,0.7493439677485396,4.1184184738085605e-06,152,1,1,same_source_cyclic_next_latent,False,r16_d4,3456456,3.634467020674492e-06,1.4166832443152089e-05,0.7434523888625995,3.65178175343317e-06,152,1,1,same_source_cyclic_next_latent,False,ljonly_r16_d4,4,-8.346501090272753e-08
validation,lj_noisy,12,75,8.971284842118621e-06,3.3046842872863635e-05,0.7285282325869205,1.0108559763466474e-05,152,1,1,same_source_cyclic_next_latent,False,r16_d4,3456456,9.167926691588946e-06,3.3046842872863635e-05,0.7225778351396716,9.06564309843816e-06,152,1,1,same_source_cyclic_next_latent,False,ljonly_r16_d4,4,-1.9664184947032481e-07
validation,lj_noisy,12,100,1.4873489817546217e-05,5.7156557886628434e-05,0.7397763202072423,1.6734347809688188e-05,152,1,1,same_source_cyclic_next_latent,False,r16_d4,3456456,1.4623006791225636e-05,5.7156557886628434e-05,0.7441587224298782,1.5349171007983387e-05,152,1,1,same_source_cyclic_next_latent,False,ljonly_r16_d4,4,2.504830263205804e-07
validation,lj_noisy,12,125,2.2178068320499733e-05,8.803003584034741e-05,0.7480624867548367,2.492233761586249e-05,152,1,1,same_source_cyclic_next_latent,False,r16_d4,3456456,2.15004947676789e-05,8.803003584034741e-05,0.7557595590819419,2.3936498109833337e-05,152,1,1,same_source_cyclic_next_latent,False,ljonly_r16_d4,4,6.775735528208315e-07
validation,lj_noisy,12,149,3.058827860513702e-05,0.0001241997088072,0.7537169861436619,3.443921741563827e-05,152,1,1,same_source_cyclic_next_latent,False,r16_d4,3456456,3.004725294886157e-05,0.0001241997088072,0.7580730805457426,3.4572716685943305e-05,152,1,1,same_source_cyclic_next_latent,False,ljonly_r16_d4,4,5.410256562754512e-07
validation,lj_noisy,12,175,3.958863453590311e-05,0.0001689234195509,0.7656415277340951,4.523401366895996e-05,152,1,1,same_source_cyclic_next_latent,False,r16_d4,3456456,4.0116785385180265e-05,0.0001689234195509,0.762514958009891,4.6916506107663736e-05,152,1,1,same_source_cyclic_next_latent,False,ljonly_r16_d4,4,-5.281508492771536e-07
validation,lj_noisy,12,199,4.728547719423659e-05,0.000215836931602,0.7809203603699815,5.521280399989337e-05,152,1,1,same_source_cyclic_next_latent,False,r16_d4,3456456,4.969736255588941e-05,0.000215836931602,0.7697457882346659,5.852930553373881e-05,152,1,1,same_source_cyclic_next_latent,False,ljonly_r16_d4,4,-2.4118853616528213e-06
validation,lj_noisy,152,0,1.260186195395363e-07,0.0,,1.6061380847531836e-07,29,1,1,same_source_cyclic_next_latent,False,r16_d4,3456456,5.693082698599028e-07,0.0,,5.56836198484234e-07,29,1,1,same_source_cyclic_next_latent,False,ljonly_r16_d4,4,-4.432896503203665e-07
validation,lj_noisy,152,5,7.057659701104059e-08,9.695842351220565e-08,0.2720942187951722,8.83889299529983e-08,29,1,1,same_source_cyclic_next_latent,False,r16_d4,3456456,3.652585292002186e-07,9.695842351220565e-08,-2.7671665438561712,3.280900386926078e-07,29,1,1,same_source_cyclic_next_latent,False,ljonly_r16_d4,4,-2.9468193218917804e-07
validation,lj_noisy,152,10,5.535460445571516e-08,4.1400659256396477e-07,0.8662953550741761,6.683166731136225e-08,29,1,1,same_source_cyclic_next_latent,False,r16_d4,3456456,2.298599213190755e-07,4.1400659256396477e-07,0.4447916399216232,1.7891521508772715e-07,29,1,1,same_source_cyclic_next_latent,False,ljonly_r16_d4,4,-1.7450531686336035e-07
validation,lj_noisy,152,25,2.409709622952505e-07,2.7664339086186374e-06,0.9128947337059014,3.0410478757403325e-07,29,1,1,same_source_cyclic_next_latent,False,r16_d4,3456456,2.5482859200565144e-07,2.7664339086186374e-06,0.9078855304615264,2.241791321466735e-07,29,1,1,same_source_cyclic_next_latent,False,ljonly_r16_d4,4,-1.3857629710400943e-08
validation,lj_noisy,152,50,1.209742549690418e-06,1.1517513485159723e-05,0.8949649547839326,1.4186850876285462e-06,29,1,1,same_source_cyclic_next_latent,False,r16_d4,3456456,1.239699372490577e-06,1.1517513485159723e-05,0.8923639747339628,1.1960153187828837e-06,29,1,1,same_source_cyclic_next_latent,False,ljonly_r16_d4,4,-2.995682280015899e-08
validation,lj_noisy,152,75,3.0788630738243228e-06,2.6382193027529866e-05,0.8832976822430371,3.421050678298343e-06,29,1,1,same_source_cyclic_next_latent,False,r16_d4,3456456,3.2794409889902454e-06,2.6382193027529866e-05,0.8756949058189308,2.962382495752536e-06,29,1,1,same_source_cyclic_next_latent,False,ljonly_r16_d4,4,-2.005779151659226e-07
validation,lj_noisy,152,100,5.826463166158646e-06,4.726915722130798e-05,0.8767385858207729,6.389323516486911e-06,29,1,1,same_source_cyclic_next_latent,False,r16_d4,3456456,5.89717546972679e-06,4.726915722130798e-05,0.8752426356552754,5.555382358579664e-06,29,1,1,same_source_cyclic_next_latent,False,ljonly_r16_d4,4,-7.07123035681434e-08
validation,lj_noisy,152,125,9.141442205873318e-06,7.386328070424497e-05,0.8762383403673003,1.02026560853119e-05,29,1,1,same_source_cyclic_next_latent,False,r16_d4,3456456,8.970921953732613e-06,7.386328070424497e-05,0.8785469333584983,8.900841748982202e-06,29,1,1,same_source_cyclic_next_latent,False,ljonly_r16_d4,4,1.7052025214070454e-07
validation,lj_noisy,152,149,1.2797088857041672e-05,0.0001050939827109,0.8782319546092715,1.5087813153513707e-05,29,1,1,same_source_cyclic_next_latent,False,r16_d4,3456456,1.301571410294855e-05,0.0001050939827109,0.8761516714163874,1.3129199032846373e-05,29,1,1,same_source_cyclic_next_latent,False,ljonly_r16_d4,4,-2.1862524590687826e-07
validation,lj_noisy,152,175,1.7388521882821806e-05,0.0001450929412385,0.8801559763390996,2.2244141291594133e-05,29,1,1,same_source_cyclic_next_latent,False,r16_d4,3456456,1.9096736650681123e-05,0.0001450929412385,0.8683827311813571,1.8817372620105743e-05,29,1,1,same_source_cyclic_next_latent,False,ljonly_r16_d4,4,-1.7082147678593174e-06
validation,lj_noisy,152,199,2.2876927687320855e-05,0.0001877725881058,0.8781668404420027,3.1229123123921454e-05,29,1,1,same_source_cyclic_next_latent,False,r16_d4,3456456,2.679538920347113e-05,0.0001877725881058,0.8572987171675824,2.5203455152222887e-05,29,1,1,same_source_cyclic_next_latent,False,ljonly_r16_d4,4,-3.918461516150277e-06
validation,lj_noisy,29,0,1.7877708557989538e-07,0.0,,7.690060783716035e-07,95,1,1,same_source_cyclic_next_latent,False,r16_d4,3456456,5.81137783228769e-07,0.0,,1.5474832935069571e-06,95,1,1,same_source_cyclic_next_latent,False,ljonly_r16_d4,4,-4.023606976488736e-07
validation,lj_noisy,29,5,1.0436129826985054e-07,9.255531097096537e-08,-0.1275560221777949,6.637386036345561e-07,95,1,1,same_source_cyclic_next_latent,False,r16_d4,3456456,3.629367029134301e-07,9.255531097096537e-08,-2.921295267726813,1.353121547253977e-06,95,1,1,same_source_cyclic_next_latent,False,ljonly_r16_d4,4,-2.585754046435796e-07
validation,lj_noisy,29,10,7.157210291097726e-08,3.9399358797709283e-07,0.8183419601358118,5.749647584707418e-07,95,1,1,same_source_cyclic_next_latent,False,r16_d4,3456456,2.1748121525888567e-07,3.9399358797709283e-07,0.4480082369474241,1.185533960779139e-06,95,1,1,same_source_cyclic_next_latent,False,ljonly_r16_d4,4,-1.459091123479084e-07
validation,lj_noisy,29,25,2.294111709488789e-07,2.62467051470594e-06,0.9125942972028316,5.697125970982597e-07,95,1,1,same_source_cyclic_next_latent,False,r16_d4,3456456,2.3200711041226898e-07,2.62467051470594e-06,0.9116052437392272,1.113488224291359e-06,95,1,1,same_source_cyclic_next_latent,False,ljonly_r16_d4,4,-2.5959394633900956e-09
validation,lj_noisy,29,50,1.0570190625003306e-06,1.0715701137087308e-05,0.9013579187233992,1.377657554257894e-06,95,1,1,same_source_cyclic_next_latent,False,r16_d4,3456456,1.051025492415647e-06,1.0715701137087308e-05,0.9019172447075794,2.2201918454811675e-06,95,1,1,same_source_cyclic_next_latent,False,ljonly_r16_d4,4,5.993570084683597e-09
validation,lj_noisy,29,75,2.7441849397291662e-06,2.4163142370525748e-05,0.8864309576275754,3.4365596093266504e-06,95,1,1,same_source_cyclic_next_latent,False,r16_d4,3456456,2.8228473638591822e-06,2.4163142370525748e-05,0.883175486012014,4.861396519117989e-06,95,1,1,same_source_cyclic_next_latent,False,ljonly_r16_d4,4,-7.8662424130016e-08
validation,lj_noisy,29,100,5.57479734197841e-06,4.288870331947692e-05,0.8700171161517316,6.9965481088729575e-06,95,1,1,same_source_cyclic_next_latent,False,r16_d4,3456456,5.7206339079129975e-06,4.288870331947692e-05,0.8666167670003886,8.855849046085496e-06,95,1,1,same_source_cyclic_next_latent,False,ljonly_r16_d4,4,-1.4583656593458727e-07
validation,lj_noisy,29,125,9.517252692603506e-06,6.650677823927253e-05,0.8568980043152424,1.2209099622850772e-05,95,1,1,same_source_cyclic_next_latent,False,r16_d4,3456456,9.634632988309022e-06,6.650677823927253e-05,0.8551330669838442,1.4546382772095969e-05,95,1,1,same_source_cyclic_next_latent,False,ljonly_r16_d4,4,-1.1738029570551589e-07
validation,lj_noisy,29,149,1.447070826543495e-05,9.352853521704674e-05,0.8452802855101543,1.9015942598343827e-05,95,1,1,same_source_cyclic_next_latent,False,r16_d4,3456456,1.4458700206887444e-05,9.352853521704674e-05,0.8454086747607679,2.3120366677176207e-05,95,1,1,same_source_cyclic_next_latent,False,ljonly_r16_d4,4,1.2008058547506277e-08
validation,lj_noisy,29,175,2.155455149477348e-05,0.0001277870032936,0.8313243840201443,2.9190341592766345e-05,95,1,1,same_source_cyclic_next_latent,False,r16_d4,3456456,2.110691275447607e-05,0.0001277870032936,0.8348273908108177,3.739127714652568e-05,95,1,1,same_source_cyclic_next_latent,False,ljonly_r16_d4,4,4.476387402974103e-07
validation,lj_noisy,29,199,2.995276008732617e-05,0.0001640301925363,0.8173948367420392,4.23607270931825e-05,95,1,1,same_source_cyclic_next_latent,False,r16_d4,3456456,2.8610309527721256e-05,0.0001640301925363,0.8255790041739454,5.605260957963765e-05,95,1,1,same_source_cyclic_next_latent,False,ljonly_r16_d4,4,1.342450559604913e-06
validation,lj_noisy,95,0,4.6880259674253466e-07,0.0,,4.92010201469384e-08,183,1,1,same_source_cyclic_next_latent,False,r16_d4,3456456,1.0260826002195245e-06,0.0,,3.423114662837179e-07,183,1,1,same_source_cyclic_next_latent,False,ljonly_r16_d4,4,-5.572800034769898e-07
validation,lj_noisy,95,5,3.367795784470218e-07,9.315184712477277e-08,-2.615382720172156,2.4103099960370852e-08,183,1,1,same_source_cyclic_next_latent,False,r16_d4,3456456,8.159555022757559e-07,9.315184712477277e-08,-7.759413017144144,1.832410561064535e-07,183,1,1,same_source_cyclic_next_latent,False,ljonly_r16_d4,4,-4.791759238287341e-07
validation,lj_noisy,95,10,2.315258882390481e-07,4.062233927015768e-07,0.4300527926289722,5.4518459080554755e-08,183,1,1,same_source_cyclic_next_latent,False,r16_d4,3456456,6.36214110727451e-07,4.062233927015768e-07,-0.5661680793327231,1.0313435439002205e-07,183,1,1,same_source_cyclic_next_latent,False,ljonly_r16_d4,4,-4.0468822248840297e-07
validation,lj_noisy,95,25,2.840176023255481e-07,2.82183304989303e-06,0.89934996248757,5.146351327312004e-07,183,1,1,same_source_cyclic_next_latent,False,r16_d4,3456456,5.557244548981544e-07,2.82183304989303e-06,0.8030626032538598,3.746830827822123e-07,183,1,1,same_source_cyclic_next_latent,False,ljonly_r16_d4,4,-2.7170685257260624e-07
validation,lj_noisy,95,50,1.7799236502469284e-06,1.2093249097233638e-05,0.8528167545433187,2.643904508659034e-06,183,1,1,same_source_cyclic_next_latent,False,r16_d4,3456456,1.994323611143045e-06,1.2093249097233638e-05,0.835087858100992,2.242399432361708e-06,183,1,1,same_source_cyclic_next_latent,False,ljonly_r16_d4,4,-2.1439996089611668e-07
validation,lj_noisy,95,75,5.258688361209352e-06,2.818343091348652e-05,0.8134120584058157,6.843567462055944e-06,183,1,1,same_source_cyclic_next_latent,False,r16_d4,3456456,5.529675490834052e-06,2.818343091348652e-05,0.8037969362989105,6.209635557752336e-06,183,1,1,same_source_cyclic_next_latent,False,ljonly_r16_d4,4,-2.7098712962469933e-07
validation,lj_noisy,95,100,1.1122213436465245e-05,5.138449341757223e-05,0.783549224742153,1.360259011562448e-05,183,1,1,same_source_cyclic_next_latent,False,r16_d4,3456456,1.1505189831950702e-05,5.138449341757223e-05,0.7760960736062018,1.3288112313603053e-05,183,1,1,same_source_cyclic_next_latent,False,ljonly_r16_d4,4,-3.8297639548545703e-07
validation,lj_noisy,95,125,1.8839944459614344e-05,8.035653445404023e-05,0.7655455827255739,2.2290028937277384e-05,183,1,1,same_source_cyclic_next_latent,False,r16_d4,3456456,1.96054570551496e-05,8.035653445404023e-05,0.7560191316318786,2.312503602297511e-05,183,1,1,same_source_cyclic_next_latent,False,ljonly_r16_d4,4,-7.65512595535256e-07
validation,lj_noisy,95,149,3.00100236927392e-05,0.0001155957506853,0.7403881759076509,3.481608291622251e-05,183,1,1,same_source_cyclic_next_latent,False,r16_d4,3456456,3.178819679305889e-05,0.0001155957506853,0.7250054902139493,3.715966158779338e-05,183,1,1,same_source_cyclic_next_latent,False,ljonly_r16_d4,4,-1.7781731003196876e-06
validation,lj_noisy,95,175,4.7810888645472005e-05,0.0001621420669835,0.7051296462728851,5.503167994902469e-05,183,1,1,same_source_cyclic_next_latent,False,r16_d4,3456456,5.238717494648881e-05,0.0001621420669835,0.6769057165663375,5.853689071955159e-05,183,1,1,same_source_cyclic_next_latent,False,ljonly_r16_d4,4,-4.5762863010168076e-06
validation,lj_noisy,95,199,7.021765486570075e-05,0.0002128292690031,0.6700751959794102,8.093470387393609e-05,183,1,1,same_source_cyclic_next_latent,False,r16_d4,3456456,7.940503564896062e-05,0.0002128292690031,0.6269073515081451,8.40133216115646e-05,183,1,1,same_source_cyclic_next_latent,False,ljonly_r16_d4,4,-9.187380783259869e-06
validation,lj_noisy,183,0,7.632632303966602e-08,0.0,,3.932828462893667e-07,147,1,1,same_source_cyclic_next_latent,False,r16_d4,3456456,6.151375941954029e-07,0.0,,1.1559661743376637e-06,147,1,1,same_source_cyclic_next_latent,False,ljonly_r16_d4,4,-5.388112711557369e-07
validation,lj_noisy,183,5,4.5489883859772824e-08,9.035466774776069e-08,0.4965408540180236,3.469366163244559e-07,147,1,1,same_source_cyclic_next_latent,False,r16_d4,3456456,4.243829323513637e-07,9.035466774776069e-08,-3.6968567637932734,1.0324328059141408e-06,147,1,1,same_source_cyclic_next_latent,False,ljonly_r16_d4,4,-3.788930484915909e-07
validation,lj_noisy,183,10,4.4930065001835835e-08,3.734352276296704e-07,0.8796844494639048,3.378834207978798e-07,147,1,1,same_source_cyclic_next_latent,False,r16_d4,3456456,3.032760673704616e-07,3.734352276296704e-07,0.1878750451705766,9.841465953286388e-07,147,1,1,same_source_cyclic_next_latent,False,ljonly_r16_d4,4,-2.5834600236862576e-07
validation,lj_noisy,183,25,2.275139081575617e-07,2.431817392789526e-06,0.9064428485328904,6.404627583833644e-07,147,1,1,same_source_cyclic_next_latent,False,r16_d4,3456456,3.1159433433458616e-07,2.431817392789526e-06,0.8718677087932339,1.5028825828267145e-06,147,1,1,same_source_cyclic_next_latent,False,ljonly_r16_d4,4,-8.408042617702447e-08
validation,lj_noisy,183,50,1.2253527756911351e-06,1.020561103359796e-05,0.8799334237159203,2.601257619971875e-06,147,1,1,same_source_cyclic_next_latent,False,r16_d4,3456456,1.3228109310148284e-06,1.020561103359796e-05,0.8703839557807961,4.960041223966982e-06,147,1,1,same_source_cyclic_next_latent,False,ljonly_r16_d4,4,-9.745815532369327e-08
validation,lj_noisy,183,75,3.38106701747165e-06,2.3695167328696695e-05,0.8573098484357646,6.53813640383305e-06,147,1,1,same_source_cyclic_next_latent,False,r16_d4,3456456,3.7032682485005353e-06,2.3695167328696695e-05,0.8437120870627662,1.0275095519318713e-05,147,1,1,same_source_cyclic_next_latent,False,ljonly_r16_d4,4,-3.2220123102888507e-07
validation,lj_noisy,183,100,6.998024218773935e-06,4.307867129682563e-05,0.8375524590683092,1.197762230731314e-05,147,1,1,same_source_cyclic_next_latent,False,r16_d4,3456456,7.465518592653098e-06,4.307867129682563e-05,0.8267003515216772,1.5807336239959113e-05,147,1,1,same_source_cyclic_next_latent,False,ljonly_r16_d4,4,-4.674943738791626e-07
validation,lj_noisy,183,125,1.1074825124524068e-05,6.872970698168501e-05,0.8388640718710576,1.688176234893035e-05,147,1,1,same_source_cyclic_next_latent,False,r16_d4,3456456,1.1706097211572342e-05,6.872970698168501e-05,0.8296792213199489,2.142507401003968e-05,147,1,1,same_source_cyclic_next_latent,False,ljonly_r16_d4,4,-6.312720870482735e-07
validation,lj_noisy,183,149,1.541464007459581e-05,9.890592627925798e-05,0.8441484686056827,2.1205118173384108e-05,147,1,1,same_source_cyclic_next_latent,False,r16_d4,3456456,1.6432872143923305e-05,9.890592627925798e-05,0.8338535135141896,2.838865293597337e-05,147,1,1,same_source_cyclic_next_latent,False,ljonly_r16_d4,4,-1.018232069327496e-06
validation,lj_noisy,183,175,2.1032823497080244e-05,0.00013746204786,0.8469917782797958,2.6237226848024875e-05,147,1,1,same_source_cyclic_next_latent,False,r16_d4,3456456,2.2579621145268906e-05,0.00013746204786,0.8357392349613395,3.8578175008296967e-05,147,1,1,same_source_cyclic_next_latent,False,ljonly_r16_d4,4,-1.5467976481886614e-06
validation,lj_noisy,183,199,2.8358810595818795e-05,0.0001797954901121,0.8422718468737526,3.244969411753118e-05,147,1,1,same_source_cyclic_next_latent,False,r16_d4,3456456,3.0012779461685568e-05,0.0001797954901121,0.8330726791702967,5.19838031323161e-05,147,1,1,same_source_cyclic_next_latent,False,ljonly_r16_d4,4,-1.6539688658667728e-06
validation,lj_noisy,147,0,2.488569634806481e-07,0.0,,3.4055229747309574e-08,43,1,1,same_source_cyclic_next_latent,False,r16_d4,3456456,8.137985219036636e-07,0.0,,4.426023281212111e-07,43,1,1,same_source_cyclic_next_latent,False,ljonly_r16_d4,4,-5.649415584230155e-07
validation,lj_noisy,147,5,1.6961347171218224e-07,1.0630814983869641e-07,-0.5954888874422168,2.3730743592409453e-08,43,1,1,same_source_cyclic_next_latent,False,r16_d4,3456456,6.299427468547947e-07,1.0630814983869641e-07,-4.925629858205792,2.524623710087326e-07,43,1,1,same_source_cyclic_next_latent,False,ljonly_r16_d4,4,-4.6032927514261246e-07
validation,lj_noisy,147,10,1.397200009023436e-07,4.434336347003409e-07,0.6849133895836247,6.54767049468319e-08,43,1,1,same_source_cyclic_next_latent,False,r16_d4,3456456,5.26446910953382e-07,4.434336347003409e-07,-0.1872056374549462,1.6299333083225065e-07,43,1,1,same_source_cyclic_next_latent,False,ljonly_r16_d4,4,-3.8672691005103843e-07
validation,lj_noisy,147,25,3.532390451255196e-07,2.912094714702107e-06,0.8786993282388296,4.411316751884442e-07,43,1,1,same_source_cyclic_next_latent,False,r16_d4,3456456,7.335095801863645e-07,2.912094714702107e-06,0.7481161665233135,3.3761853046598844e-07,43,1,1,same_source_cyclic_next_latent,False,ljonly_r16_d4,4,-3.8027053506084485e-07
validation,lj_noisy,147,50,1.5887263771219295e-06,1.199792586703552e-05,0.8675832477439306,1.7622239738557257e-06,43,1,1,same_source_cyclic_next_latent,False,r16_d4,3456456,2.562089321145322e-06,1.199792586703552e-05,0.7864556466226633,1.572036012476019e-06,43,1,1,same_source_cyclic_next_latent,False,ljonly_r16_d4,4,-9.733629440233926e-07
validation,lj_noisy,147,75,3.851374003716046e-06,2.723287980188616e-05,0.8585763227490433,3.9149804251792375e-06,43,1,1,same_source_cyclic_next_latent,False,r16_d4,3456456,5.27212250744924e-06,2.723287980188616e-05,0.8064059862268371,3.77497894987755e-06,43,1,1,same_source_cyclic_next_latent,False,ljonly_r16_d4,4,-1.4207485037331943e-06
validation,lj_noisy,147,100,7.076138899719808e-06,4.869244003202766e-05,0.8546768472669382,7.0203982431849e-06,43,1,1,same_source_cyclic_next_latent,False,r16_d4,3456456,8.430381967627909e-06,4.869244003202766e-05,0.8268646639584546,7.161092526075663e-06,43,1,1,same_source_cyclic_next_latent,False,ljonly_r16_d4,4,-1.3542430679081008e-06
validation,lj_noisy,147,125,1.1209698641323484e-05,7.65042204875499e-05,0.8534760753081887,1.137010804086458e-05,43,1,1,same_source_cyclic_next_latent,False,r16_d4,3456456,1.3002301784581505e-05,7.65042204875499e-05,0.8300446471878311,1.2393999895721208e-05,43,1,1,same_source_cyclic_next_latent,False,ljonly_r16_d4,4,-1.7926031432580203e-06
validation,lj_noisy,147,149,1.6000622053979896e-05,0.0001096505948225,0.8540762858617663,1.7037400539265946e-05,43,1,1,same_source_cyclic_next_latent,False,r16_d4,3456456,1.9335851902724244e-05,0.0001096505948225,0.8236593979813093,1.9427769075264223e-05,43,1,1,same_source_cyclic_next_latent,False,ljonly_r16_d4,4,-3.3352298487443477e-06
validation,lj_noisy,147,175,2.2933043510420248e-05,0.0001528372813481,0.8499512467892195,2.5779521820368245e-05,43,1,1,same_source_cyclic_next_latent,False,r16_d4,3456456,2.936600321845617e-05,0.0001528372813481,0.8078609946511905,2.9631306460942145e-05,43,1,1,same_source_cyclic_next_latent,False,ljonly_r16_d4,4,-6.4329597080359235e-06
validation,lj_noisy,147,199,3.204964741598815e-05,0.0001997498766286,0.8395511028245886,3.716656283359043e-05,43,1,1,same_source_cyclic_next_latent,False,r16_d4,3456456,4.293761230655946e-05,0.0001997498766286,0.7850431097567683,4.201092087896541e-05,43,1,1,same_source_cyclic_next_latent,False,ljonly_r16_d4,4,-1.0887964890571311e-05
validation,lj_noisy,43,0,5.814032277839942e-08,0.0,,1.755769289957243e-07,13,1,1,same_source_cyclic_next_latent,False,r16_d4,3456456,6.234571969798708e-07,0.0,,7.209461614365864e-07,13,1,1,same_source_cyclic_next_latent,False,ljonly_r16_d4,4,-5.653168742014714e-07
validation,lj_noisy,43,5,3.3910104946244246e-08,9.6270760252537e-08,0.6477631956235578,1.2296457896354698e-07,13,1,1,same_source_cyclic_next_latent,False,r16_d4,3456456,4.21611588308224e-07,9.6270760252537e-08,-3.379435533720253,4.929951273879851e-07,13,1,1,same_source_cyclic_next_latent,False,ljonly_r16_d4,4,-3.8770148336197973e-07
validation,lj_noisy,43,10,4.583507617894612e-08,4.102923867321806e-07,0.8882867982416036,1.1951199496706977e-07,13,1,1,same_source_cyclic_next_latent,False,r16_d4,3456456,2.9956856906210305e-07,4.102923867321806e-07,0.269865640335054,3.241736408199359e-07,13,1,1,same_source_cyclic_next_latent,False,ljonly_r16_d4,4,-2.5373349288315694e-07
validation,lj_noisy,43,25,2.683451327811781e-07,2.796049102471443e-06,0.9040270313765284,3.841017246486445e-07,13,1,1,same_source_cyclic_next_latent,False,r16_d4,3456456,3.420431937684043e-07,2.796049102471443e-06,0.877669103355134,2.600447999157041e-07,13,1,1,same_source_cyclic_next_latent,False,ljonly_r16_d4,4,-7.36980609872262e-08
validation,lj_noisy,43,50,1.2520877135102635e-06,1.1718565474438948e-05,0.8931534993560967,1.6115643575176364e-06,13,1,1,same_source_cyclic_next_latent,False,r16_d4,3456456,1.4456417147812315e-06,1.1718565474438948e-05,0.8766366311700413,1.2189852895971851e-06,13,1,1,same_source_cyclic_next_latent,False,ljonly_r16_d4,4,-1.93554001270968e-07
validation,lj_noisy,43,75,3.2233010642812587e-06,2.693894930416718e-05,0.8803479293907485,3.922429186786758e-06,13,1,1,same_source_cyclic_next_latent,False,r16_d4,3456456,3.612626642279793e-06,2.693894930416718e-05,0.8658957852628293,3.1794588721822947e-06,13,1,1,same_source_cyclic_next_latent,False,ljonly_r16_d4,4,-3.8932557799853427e-07
validation,lj_noisy,43,100,6.16436636846629e-06,4.813013947568834e-05,0.8719229481647346,7.343952347582672e-06,13,1,1,same_source_cyclic_next_latent,False,r16_d4,3456456,6.243042207643157e-06,4.813013947568834e-05,0.8702883001035835,6.050742740626447e-06,13,1,1,same_source_cyclic_next_latent,False,ljonly_r16_d4,4,-7.867583917686716e-08
validation,lj_noisy,43,125,1.0242456482956186e-05,7.53487111069262e-05,0.8640659364641119,1.2104645975341556e-05,13,1,1,same_source_cyclic_next_latent,False,r16_d4,3456456,9.860872523859143e-06,7.53487111069262e-05,0.8691301764954449,1.0160511010326443e-05,13,1,1,same_source_cyclic_next_latent,False,ljonly_r16_d4,4,3.815839590970427e-07
validation,lj_noisy,43,149,1.535386218165513e-05,0.000107481246232,0.8571484540800197,1.820253783080261e-05,13,1,1,same_source_cyclic_next_latent,False,r16_d4,3456456,1.492704905103892e-05,0.000107481246232,0.8611195015471723,1.5590307157253847e-05,13,1,1,same_source_cyclic_next_latent,False,ljonly_r16_d4,4,4.268131306162121e-07
validation,lj_noisy,43,175,2.237998523924034e-05,0.0001489836140535,0.8497822369163894,2.6692450774135068e-05,13,1,1,same_source_cyclic_next_latent,False,r16_d4,3456456,2.217546170868445e-05,0.0001489836140535,0.8511550290308453,2.291666351084132e-05,13,1,1,same_source_cyclic_next_latent,False,ljonly_r16_d4,4,2.045235305558924e-07
validation,lj_noisy,43,199,3.1014467822387815e-05,0.0001935522304847,0.8397617648491731,3.703771653817967e-05,13,1,1,same_source_cyclic_next_latent,False,r16_d4,3456456,3.105836731265299e-05,0.0001935522304847,0.8395349553200077,3.145233495160937e-05,13,1,1,same_source_cyclic_next_latent,False,ljonly_r16_d4,4,-4.38994902651757e-08
validation,lj_noisy,13,0,1.4739529774487894e-07,0.0,,8.78029027262528e-08,40,1,1,same_source_cyclic_next_latent,False,r16_d4,3456456,6.622366299779969e-07,0.0,,5.744969371335173e-07,40,1,1,same_source_cyclic_next_latent,False,ljonly_r16_d4,4,-5.14841332233118e-07
validation,lj_noisy,13,5,9.458732819211947e-08,9.281463064780837e-08,-0.0190993330678403,5.0093451164912046e-08,40,1,1,same_source_cyclic_next_latent,False,r16_d4,3456456,4.5420267724693996e-07,9.281463064780837e-08,-3.893653878454183,3.625825399922178e-07,40,1,1,same_source_cyclic_next_latent,False,ljonly_r16_d4,4,-3.596153490548205e-07
validation,lj_noisy,13,10,7.915004829328609e-08,3.781031523431011e-07,0.7906654631076359,5.6960413274964594e-08,40,1,1,same_source_cyclic_next_latent,False,r16_d4,3456456,3.232460699109652e-07,3.781031523431011e-07,0.1450849644923275,2.3102927571017065e-07,40,1,1,same_source_cyclic_next_latent,False,ljonly_r16_d4,4,-2.440960216176791e-07
validation,lj_noisy,13,25,2.233361158232583e-07,2.410028173471801e-06,0.90733049584996,3.1542157330477494e-07,40,1,1,same_source_cyclic_next_latent,False,r16_d4,3456456,3.285969683020085e-07,2.410028173471801e-06,0.8636543041616632,2.711257138798828e-07,40,1,1,same_source_cyclic_next_latent,False,ljonly_r16_d4,4,-1.0526085247875022e-07
validation,lj_noisy,13,50,1.0185985956923105e-06,9.818084436119534e-06,0.8962528177141144,1.25904068681848e-06,40,1,1,same_source_cyclic_next_latent,False,r16_d4,3456456,1.2694429187831702e-06,9.818084436119534e-06,0.8707036054698161,1.291635271627456e-06,40,1,1,same_source_cyclic_next_latent,False,ljonly_r16_d4,4,-2.508443230908597e-07
validation,lj_noisy,13,75,2.6624200017977277e-06,2.2434529455495067e-05,0.881324901104819,2.874851134038181e-06,40,1,1,same_source_cyclic_next_latent,False,r16_d4,3456456,3.243524815843557e-06,2.2434529455495067e-05,0.8554226500592329,3.1901586226013023e-06,40,1,1,same_source_cyclic_next_latent,False,ljonly_r16_d4,4,-5.811048140458293e-07
validation,lj_noisy,13,100,5.276438969303854e-06,4.028679541079328e-05,0.8690280794115921,5.39171605851152e-06,40,1,1,same_source_cyclic_next_latent,False,r16_d4,3456456,6.291169484029524e-06,4.028679541079328e-05,0.8438404092487324,6.147014573798515e-06,40,1,1,same_source_cyclic_next_latent,False,ljonly_r16_d4,4,-1.0147305147256702e-06
validation,lj_noisy,13,125,8.94050026545301e-06,6.321443652268499e-05,0.8585686947910286,8.993290066428017e-06,40,1,1,same_source_cyclic_next_latent,False,r16_d4,3456456,1.055304892361164e-05,6.321443652268499e-05,0.8330595113376579,1.0346810086048208e-05,40,1,1,same_source_cyclic_next_latent,False,ljonly_r16_d4,4,-1.6125486581586284e-06
validation,lj_noisy,13,149,1.3982523341837805e-05,8.989958587335423e-05,0.8444650972971595,1.3982123164169025e-05,40,1,1,same_source_cyclic_next_latent,False,r16_d4,3456456,1.640674781810958e-05,8.989958587335423e-05,0.8174991835755224,1.6146304915309884e-05,40,1,1,same_source_cyclic_next_latent,False,ljonly_r16_d4,4,-2.4242244762717746e-06
validation,lj_noisy,13,175,2.3161353965406303e-05,0.0001256491668755,0.8156664740296101,2.2943393560126424e-05,40,1,1,same_source_cyclic_next_latent,False,r16_d4,3456456,2.6541516490397044e-05,0.0001256491668755,0.7887648828050581,2.6170344426645897e-05,40,1,1,same_source_cyclic_next_latent,False,ljonly_r16_d4,4,-3.380162524990741e-06
validation,lj_noisy,13,199,3.43494612025097e-05,0.0001638034591451,0.7903007581050147,3.3394706406397745e-05,40,1,1,same_source_cyclic_next_latent,False,r16_d4,3456456,3.843431841232814e-05,0.0001638034591451,0.7653632065347558,3.752007251023315e-05,40,1,1,same_source_cyclic_next_latent,False,ljonly_r16_d4,4,-4.084857209818438e-06
validation,lj_noisy,40,0,9.302542025579896e-08,0.0,,1.7354519741275e-06,132,1,1,same_source_cyclic_next_latent,False,r16_d4,3456456,5.783483061350125e-07,0.0,,1.507388901700324e-06,132,1,1,same_source_cyclic_next_latent,False,ljonly_r16_d4,4,-4.853228858792136e-07
validation,lj_noisy,40,5,4.9304347271572624e-08,9.645786747114472e-08,0.488850950532138,1.6718475990273871e-06,132,1,1,same_source_cyclic_next_latent,False,r16_d4,3456456,3.525124157022219e-07,9.645786747114472e-08,-2.6545740118884105,1.4078918866289314e-06,132,1,1,same_source_cyclic_next_latent,False,ljonly_r16_d4,4,-3.032080684306493e-07
validation,lj_noisy,40,10,5.450375795135187e-08,4.181624433385878e-07,0.8696588877848603,1.6065911268015045e-06,132,1,1,same_source_cyclic_next_latent,False,r16_d4,3456456,1.9477246837595885e-07,4.181624433385878e-07,0.5342181693293513,1.3210184306444717e-06,132,1,1,same_source_cyclic_next_latent,False,ljonly_r16_d4,4,-1.4026871042460698e-07
validation,lj_noisy,40,25,4.862927198701072e-07,2.9362895475060213e-06,0.8343852974979437,1.814060851756949e-06,132,1,1,same_source_cyclic_next_latent,False,r16_d4,3456456,3.51332573700347e-07,2.9362895475060213e-06,0.8803481168950943,1.6173755739146143e-06,132,1,1,same_source_cyclic_next_latent,False,ljonly_r16_d4,4,1.3496014616976026e-07
validation,lj_noisy,40,50,2.344466793147149e-06,1.2648867595999036e-05,0.814650064493621,3.490561311991769e-06,132,1,1,same_source_cyclic_next_latent,False,r16_d4,3456456,2.142290895790211e-06,1.2648867595999036e-05,0.8306337797015253,3.888478204316925e-06,132,1,1,same_source_cyclic_next_latent,False,ljonly_r16_d4,4,2.0217589735693806e-07
validation,lj_noisy,40,75,5.515919383469736e-06,2.948326982732397e-05,0.8129135806247042,6.824688625783892e-06,132,1,1,same_source_cyclic_next_latent,False,r16_d4,3456456,5.347264504962368e-06,2.948326982732397e-05,0.8186339393059203,7.455972536263289e-06,132,1,1,same_source_cyclic_next_latent,False,ljonly_r16_d4,4,1.6865487850736827e-07
validation,lj_noisy,40,100,1.0616687177389394e-05,5.388597855926491e-05,0.8029786697533396,1.2493195754359476e-05,132,1,1,same_source_cyclic_next_latent,False,r16_d4,3456456,1.079711819329532e-05,5.388597855926491e-05,0.799630284501182,1.2782512385456355e-05,132,1,1,same_source_cyclic_next_latent,False,ljonly_r16_d4,4,-1.8043101590592584e-07
validation,lj_noisy,40,125,1.7608948837732896e-05,8.557874389225617e-05,0.7942368859736642,2.033983219007496e-05,132,1,1,same_source_cyclic_next_latent,False,r16_d4,3456456,1.862866702140309e-05,8.557874389225617e-05,0.7823213315112848,2.1158120944164693e-05,132,1,1,same_source_cyclic_next_latent,False,ljonly_r16_d4,4,-1.019718183670193e-06
validation,lj_noisy,40,149,2.575901453383267e-05,0.0001225326122948,0.789778296149923,2.9690647352254015e-05,132,1,1,same_source_cyclic_next_latent,False,r16_d4,3456456,2.807970304274932e-05,0.0001225326122948,0.7708389422468851,3.293963163741864e-05,132,1,1,same_source_cyclic_next_latent,False,ljonly_r16_d4,4,-2.3206885089166496e-06
validation,lj_noisy,40,175,3.718681909958832e-05,0.0001704702153801,0.7818573818502412,4.4484768295660615e-05,132,1,1,same_source_cyclic_next_latent,False,r16_d4,3456456,4.109656947548501e-05,0.0001704702153801,0.7589222880734371,5.165221955394372e-05,132,1,1,same_source_cyclic_next_latent,False,ljonly_r16_d4,4,-3.909750375896692e-06
validation,lj_noisy,40,199,5.081127528683282e-05,0.0002223484916612,0.771479109630102,6.360054248943925e-05,132,1,1,same_source_cyclic_next_latent,False,r16_d4,3456456,5.567268453887664e-05,0.0002223484916612,0.7496151913470395,7.562935206806287e-05,132,1,1,same_source_cyclic_next_latent,False,ljonly_r16_d4,4,-4.86140925204382e-06
validation,lj_noisy,132,0,1.1400304629205491e-06,0.0,,2.8176200927987335e-08,61,1,1,same_source_cyclic_next_latent,False,r16_d4,3456456,9.877497859633877e-07,0.0,,2.84641032521904e-07,61,1,1,same_source_cyclic_next_latent,False,ljonly_r16_d4,4,1.5228067695716142e-07
validation,lj_noisy,132,5,9.721342166812974e-07,1.029204241831394e-07,-8.44549368501878,4.5977856188983424e-08,61,1,1,same_source_cyclic_next_latent,False,r16_d4,3456456,8.244014111369324e-07,1.029204241831394e-07,-7.010085633440163,1.3276681443130658e-07,61,1,1,same_source_cyclic_next_latent,False,ljonly_r16_d4,4,1.4773280554436496e-07
validation,lj_noisy,132,10,8.290826940537954e-07,4.412522969232669e-07,-0.8789311689361512,1.3802299747567306e-07,61,1,1,same_source_cyclic_next_latent,False,r16_d4,3456456,6.9169925609458e-07,4.412522969232669e-07,-0.5675822220475957,7.23898594401362e-08,61,1,1,same_source_cyclic_next_latent,False,ljonly_r16_d4,4,1.3738343795921537e-07
validation,lj_noisy,132,25,8.065927659117733e-07,3.067184479732532e-06,0.7370250236848777,8.435523000116518e-07,61,1,1,same_source_cyclic_next_latent,False,r16_d4,3456456,7.659523362235632e-07,3.067184479732532e-06,0.7502751004105379,4.3681342276613577e-07,61,1,1,same_source_cyclic_next_latent,False,ljonly_r16_d4,4,4.0640429688210133e-08
validation,lj_noisy,132,50,2.386426785960793e-06,1.3521135770133696e-05,0.823503969893411,3.5441239560896065e-06,61,1,1,same_source_cyclic_next_latent,False,r16_d4,3456456,2.509546675355523e-06,1.3521135770133696e-05,0.814398234141043,2.5088402253459208e-06,61,1,1,same_source_cyclic_next_latent,False,ljonly_r16_d4,4,-1.2311988939472982e-07
validation,lj_noisy,132,75,6.383852905855747e-06,3.2666182960383594e-05,0.8045730377008584,8.598907697887626e-06,61,1,1,same_source_cyclic_next_latent,False,r16_d4,3456456,6.201634732860839e-06,3.2666182960383594e-05,0.8101512276355654,6.832704457337968e-06,61,1,1,same_source_cyclic_next_latent,False,ljonly_r16_d4,4,1.8221817299490795e-07
validation,lj_noisy,132,100,1.3422011761576869e-05,6.118311284808442e-05,0.7806255494893948,1.6243220670730807e-05,61,1,1,same_source_cyclic_next_latent,False,r16_d4,3456456,1.296140908380039e-05,6.118311284808442e-05,0.7881538143379019,1.4856617781333624e-05,61,1,1,same_source_cyclic_next_latent,False,ljonly_r16_d4,4,4.6060267777647823e-07
validation,lj_noisy,132,125,2.559644417488016e-05,0.0001014992230921,0.747816353710878,2.908061833295505e-05,61,1,1,same_source_cyclic_next_latent,False,r16_d4,3456456,2.572105768194888e-05,0.0001014992230921,0.7465886250320521,2.9304241252248172e-05,61,1,1,same_source_cyclic_next_latent,False,ljonly_r16_d4,4,-1.2461350706872277e-07
validation,lj_noisy,132,149,4.226023520459421e-05,0.000150934967678,0.7200103073878836,4.708111737272702e-05,61,1,1,same_source_cyclic_next_latent,False,r16_d4,3456456,4.380524842417799e-05,0.000150934967678,0.7097740232229084,4.85583623230923e-05,61,1,1,same_source_cyclic_next_latent,False,ljonly_r16_d4,4,-1.5450132195837796e-06
validation,lj_noisy,132,175,6.510129605885595e-05,0.0002120805875165,0.6930351013207225,7.145920244511217e-05,61,1,1,same_source_cyclic_next_latent,False,r16_d4,3456456,6.818128167651594e-05,0.0002120805875165,0.6785123877912733,7.222345448099077e-05,61,1,1,same_source_cyclic_next_latent,False,ljonly_r16_d4,4,-3.079985617659986e-06
validation,lj_noisy,132,199,8.562440052628517e-05,0.0002682431077118,0.680795524415676,9.289648733101784e-05,61,1,1,same_source_cyclic_next_latent,False,r16_d4,3456456,8.972964133135974e-05,0.0002682431077118,0.6654913444123496,9.064369078259916e-05,61,1,1,same_source_cyclic_next_latent,False,ljonly_r16_d4,4,-4.1052408050745726e-06
validation,lj_noisy,61,0,3.9943763852079435e-08,0.0,,7.577668839076068e-07,188,1,1,same_source_cyclic_next_latent,False,r16_d4,3456456,6.408795343304519e-07,0.0,,1.4787539157623542e-06,188,1,1,same_source_cyclic_next_latent,False,ljonly_r16_d4,4,-6.009357704783724e-07
validation,lj_noisy,61,5,3.511842550096844e-08,9.96304834188777e-08,0.6475132479953991,6.510592811537208e-07,188,1,1,same_source_cyclic_next_latent,False,r16_d4,3456456,4.363708114851761e-07,9.96304834188777e-08,-3.379892544037318,1.262953787772858e-06,188,1,1,same_source_cyclic_next_latent,False,ljonly_r16_d4,4,-4.0125238598420765e-07
validation,lj_noisy,61,10,6.215484660287984e-08,4.162667153195798e-07,0.8506850432296471,5.896068273614219e-07,188,1,1,same_source_cyclic_next_latent,False,r16_d4,3456456,3.0834129916001984e-07,4.162667153195798e-07,0.2592698675816599,1.135323600465199e-06,188,1,1,same_source_cyclic_next_latent,False,ljonly_r16_d4,4,-2.4618645255714e-07
validation,lj_noisy,61,25,2.556087679295161e-07,2.741091520874761e-06,0.9067492763437742,7.790421250319923e-07,188,1,1,same_source_cyclic_next_latent,False,r16_d4,3456456,2.8914752192577e-07,2.741091520874761e-06,0.8945137293943783,1.4702317230330664e-06,188,1,1,same_source_cyclic_next_latent,False,ljonly_r16_d4,4,-3.353875399625389e-08
validation,lj_noisy,61,50,9.52447919644328e-07,1.1338017429807223e-05,0.9159951970844236,2.455768481013365e-06,188,1,1,same_source_cyclic_next_latent,False,r16_d4,3456456,1.1799033927673008e-06,1.1338017429807223e-05,0.8959338879065948,4.4229350351088215e-06,188,1,1,same_source_cyclic_next_latent,False,ljonly_r16_d4,4,-2.2745547312297287e-07
validation,lj_noisy,61,75,2.356510776735377e-06,2.6031604647869244e-05,0.909475008989572,5.526677341549657e-06,188,1,1,same_source_cyclic_next_latent,False,r16_d4,3456456,3.133130348942359e-06,2.6031604647869244e-05,0.8796412902191639,7.902473953436129e-06,188,1,1,same_source_cyclic_next_latent,False,ljonly_r16_d4,4,-7.76619572206982e-07
validation,lj_noisy,61,100,4.857596195506631e-06,4.705508763436228e-05,0.8967678854781403,9.409474841959309e-06,188,1,1,same_source_cyclic_next_latent,False,r16_d4,3456456,5.223011612542905e-06,4.705508763436228e-05,0.8890021913649828,1.0076479156850835e-05,188,1,1,same_source_cyclic_next_latent,False,ljonly_r16_d4,4,-3.654154170362736e-07
validation,lj_noisy,61,125,8.27985059004277e-06,7.433142309309915e-05,0.8886090129113717,1.3290821698319633e-05,188,1,1,same_source_cyclic_next_latent,False,r16_d4,3456456,7.731588084425312e-06,7.433142309309915e-05,0.8959849312350499,1.2888659512100276e-05,188,1,1,same_source_cyclic_next_latent,False,ljonly_r16_d4,4,5.482625056174584e-07
validation,lj_noisy,61,149,1.1784446542151272e-05,0.0001063243253156,0.889165094561703,1.6832962501212023e-05,188,1,1,same_source_cyclic_next_latent,False,r16_d4,3456456,1.12562856884324e-05,0.0001063243253156,0.8941325453510767,1.7330921764369123e-05,188,1,1,same_source_cyclic_next_latent,False,ljonly_r16_d4,4,5.281608537188731e-07
validation,lj_noisy,61,175,1.6114776371978223e-05,0.0001481663784943,0.8912386431001788,2.1063016902189705e-05,188,1,1,same_source_cyclic_next_latent,False,r16_d4,3456456,1.6662295820424333e-05,0.0001481663784943,0.8875433415478973,2.439007403154392e-05,188,1,1,same_source_cyclic_next_latent,False,ljonly_r16_d4,4,-5.475194484461099e-07
validation,lj_noisy,61,199,2.2176422135089524e-05,0.0001944780233316,0.8859695211048314,2.710040280362591e-05,188,1,1,same_source_cyclic_next_latent,False,r16_d4,3456456,2.401659730821848e-05,0.0001944780233316,0.8765073970992249,3.461192318354733e-05,188,1,1,same_source_cyclic_next_latent,False,ljonly_r16_d4,4,-1.840175173128955e-06
validation,lj_noisy,188,0,3.900309764048871e-07,0.0,,5.678955403709551e-07,67,1,1,same_source_cyclic_next_latent,False,r16_d4,3456456,8.038659302656015e-07,0.0,,6.565005605807528e-07,67,1,1,same_source_cyclic_next_latent,False,ljonly_r16_d4,4,-4.138349538607144e-07
validation,lj_noisy,188,5,2.7692655635291885e-07,9.160689984355487e-08,-2.0229879717122907,4.427541000495694e-07,67,1,1,same_source_cyclic_next_latent,False,r16_d4,3456456,6.063448267923377e-07,9.160689984355487e-08,-5.618986428182222,4.645700926175778e-07,67,1,1,same_source_cyclic_next_latent,False,ljonly_r16_d4,4,-3.2941827043941885e-07
validation,lj_noisy,188,10,2.2836688629013227e-07,3.833892776583525e-07,0.4043472272230953,3.717656511526002e-07,67,1,1,same_source_cyclic_next_latent,False,r16_d4,3456456,4.924731911160052e-07,3.833892776583525e-07,-0.2845252066617783,3.46449951393879e-07,67,1,1,same_source_cyclic_next_latent,False,ljonly_r16_d4,4,-2.6410630482587294e-07
validation,lj_noisy,188,25,4.881695758740534e-07,2.6204288587905467e-06,0.8137062281861118,5.406591867540556e-07,67,1,1,same_source_cyclic_next_latent,False,r16_d4,3456456,7.62475451665523e-07,2.6204288587905467e-06,0.7090264636997465,4.839329221795197e-07,67,1,1,same_source_cyclic_next_latent,False,ljonly_r16_d4,4,-2.743058757914696e-07
validation,lj_noisy,188,50,1.9588983377616387e-06,1.1088137398473918e-05,0.8233338686774169,1.891523197627976e-06,67,1,1,same_source_cyclic_next_latent,False,r16_d4,3456456,2.782412821034086e-06,1.1088137398473918e-05,0.7490640022717401,1.964587454494904e-06,67,1,1,same_source_cyclic_next_latent,False,ljonly_r16_d4,4,-8.235144832724473e-07
validation,lj_noisy,188,75,4.734579761134228e-06,2.5567558623151854e-05,0.8148208113680833,4.544661351246759e-06,67,1,1,same_source_cyclic_next_latent,False,r16_d4,3456456,5.5023479035298806e-06,2.5567558623151854e-05,0.784791814321004,4.6971308620413765e-06,67,1,1,same_source_cyclic_next_latent,False,ljonly_r16_d4,4,-7.677681423956528e-07
validation,lj_noisy,188,100,8.737163625482935e-06,4.645999797503464e-05,0.8119422297397029,8.501709089614451e-06,67,1,1,same_source_cyclic_next_latent,False,r16_d4,3456456,8.400322258239612e-06,4.645999797503464e-05,0.8191923671035557,8.338425686815754e-06,67,1,1,same_source_cyclic_next_latent,False,ljonly_r16_d4,4,3.368413672433235e-07
validation,lj_noisy,188,125,1.3966645383334251e-05,7.364279736066237e-05,0.8103460774998372,1.3905939340475015e-05,67,1,1,same_source_cyclic_next_latent,False,r16_d4,3456456,1.2691498341155238e-05,7.364279736066237e-05,0.8276613763190013,1.3201974070398135e-05,67,1,1,same_source_cyclic_next_latent,False,ljonly_r16_d4,4,1.2751470421790128e-06
validation,lj_noisy,188,149,2.0164527086308223e-05,0.000105726372567,0.8092762799222237,2.0461367967072874e-05,67,1,1,same_source_cyclic_next_latent,False,r16_d4,3456456,1.842520032369066e-05,0.000105726372567,0.825727489969322,1.915739085234236e-05,67,1,1,same_source_cyclic_next_latent,False,ljonly_r16_d4,4,1.7393267626175623e-06
validation,lj_noisy,188,175,2.893533746828325e-05,0.000146960519487,0.8031080893747432,2.9417729820124805e-05,67,1,1,same_source_cyclic_next_latent,False,r16_d4,3456456,2.6918938601738773e-05,0.000146960519487,0.8168287734984974,2.723332727327943e-05,67,1,1,same_source_cyclic_next_latent,False,ljonly_r16_d4,4,2.0163988665444776e-06
validation,lj_noisy,188,199,4.013124271295965e-05,0.0001916797627927,0.7906339087223003,3.9977145206648856e-05,67,1,1,same_source_cyclic_next_latent,False,r16_d4,3456456,3.773751086555421e-05,0.0001916797627927,0.8031220911601789,3.652595478342846e-05,67,1,1,same_source_cyclic_next_latent,False,ljonly_r16_d4,4,2.3937318474054404e-06
validation,lj_noisy,67,0,7.14700149728742e-07,0.0,,4.0453556948705234e-08,15,1,1,same_source_cyclic_next_latent,False,r16_d4,3456456,8.041173487072228e-07,0.0,,3.902381706666347e-07,15,1,1,same_source_cyclic_next_latent,False,ljonly_r16_d4,4,-8.941719897848088e-08
validation,lj_noisy,67,5,6.008689297232195e-07,8.974264886774108e-08,-5.695466841064104,2.8857987999231227e-08,15,1,1,same_source_cyclic_next_latent,False,r16_d4,3456456,6.132955263637996e-07,8.974264886774108e-08,-5.833936083919793,2.178012294962173e-07,15,1,1,same_source_cyclic_next_latent,False,ljonly_r16_d4,4,-1.2426596640580101e-08
validation,lj_noisy,67,10,5.24887298070098e-07,3.756259161491471e-07,-0.397367102491631,6.572193456122477e-08,15,1,1,same_source_cyclic_next_latent,False,r16_d4,3456456,4.820004733119276e-07,3.756259161491471e-07,-0.2831928058993223,1.173216901406704e-07,15,1,1,same_source_cyclic_next_latent,False,ljonly_r16_d4,4,4.2886824758170405e-08
validation,lj_noisy,67,25,5.465328172249428e-07,2.4605394628451904e-06,0.7778808974707637,4.210916699776135e-07,15,1,1,same_source_cyclic_next_latent,False,r16_d4,3456456,4.38370079791639e-07,2.4605394628451904e-06,0.8218398499958462,2.155373550749573e-07,15,1,1,same_source_cyclic_next_latent,False,ljonly_r16_d4,4,1.0816273743330385e-07
validation,lj_noisy,67,50,1.3662019000548753e-06,1.0304262104909869e-05,0.8674139025050717,1.6702855418770923e-06,15,1,1,same_source_cyclic_next_latent,False,r16_d4,3456456,1.31803960812249e-06,1.0304262104909869e-05,0.872087919085981,1.1345763368808548e-06,15,1,1,same_source_cyclic_next_latent,False,ljonly_r16_d4,4,4.81622919323852e-08
validation,lj_noisy,67,75,3.234288897147053e-06,2.4312985260621645e-05,0.8669727776133914,3.863715846819105e-06,15,1,1,same_source_cyclic_next_latent,False,r16_d4,3456456,3.3353037451888667e-06,2.4312985260621645e-05,0.862818008178088,2.8571346319949957e-06,15,1,1,same_source_cyclic_next_latent,False,ljonly_r16_d4,4,-1.0101484804181382e-07
validation,lj_noisy,67,100,5.969993708276888e-06,4.4734984840033576e-05,0.8665475414907415,6.743892299709842e-06,15,1,1,same_source_cyclic_next_latent,False,r16_d4,3456456,5.952995252300752e-06,4.4734984840033576e-05,0.8669275227523183,5.442502697405871e-06,15,1,1,same_source_cyclic_next_latent,False,ljonly_r16_d4,4,1.699845597613603e-08
validation,lj_noisy,67,125,9.520047569822054e-06,7.140247180359438e-05,0.8666706161656603,1.0339288564864546e-05,15,1,1,same_source_cyclic_next_latent,False,r16_d4,3456456,9.376237358083015e-06,7.140247180359438e-05,0.8686846950638616,9.010136636788957e-06,15,1,1,same_source_cyclic_next_latent,False,ljonly_r16_d4,4,1.4381021173903888e-07
validation,lj_noisy,67,149,1.3706267964153083e-05,0.0001028560582199,0.86674321181113,1.4878347428748384e-05,15,1,1,same_source_cyclic_next_latent,False,r16_d4,3456456,1.3773986211162992e-05,0.0001028560582199,0.8660848330225406,1.3589422451332211e-05,15,1,1,same_source_cyclic_next_latent,False,ljonly_r16_d4,4,-6.771824700990861e-08
validation,lj_noisy,67,175,1.9242359485360797e-05,0.0001433728903066,0.8657880200070844,2.143420351785608e-05,15,1,1,same_source_cyclic_next_latent,False,r16_d4,3456456,1.992640864045825e-05,0.0001433728903066,0.8610169007694486,2.0614543245756067e-05,15,1,1,same_source_cyclic_next_latent,False,ljonly_r16_d4,4,-6.840491550974514e-07
validation,lj_noisy,67,199,2.5595521947252564e-05,0.0001868223625933,0.8629954059463318,2.955350464617368e-05,15,1,1,same_source_cyclic_next_latent,False,r16_d4,3456456,2.7086072805104777e-05,0.0001868223625933,0.8550169667639924,3.0241244530770928e-05,15,1,1,same_source_cyclic_next_latent,False,ljonly_r16_d4,4,-1.490550857852213e-06
validation,lj_noisy,15,0,1.5561987254386622e-07,0.0,,3.1811427447792084e-07,79,1,1,same_source_cyclic_next_latent,False,r16_d4,123,7.51333971038548e-07,0.0,,1.216726218444819e-06,79,1,1,same_source_cyclic_next_latent,False,ljonly_r16_d4,4,-5.957140984946818e-07
validation,lj_noisy,15,5,6.007351061043664e-08,9.055690952664008e-08,0.3366214579930625,1.6749709175201133e-07,79,1,1,same_source_cyclic_next_latent,False,r16_d4,123,5.296971608004242e-07,9.055690952664008e-08,-4.849329041475268,9.963879392671515e-07,79,1,1,same_source_cyclic_next_latent,False,ljonly_r16_d4,4,-4.6962365018998753e-07
validation,lj_noisy,15,10,5.924949775248933e-08,3.651525162240432e-07,0.8377404095001877,9.446743831631467e-08,79,1,1,same_source_cyclic_next_latent,False,r16_d4,123,4.005316327493347e-07,3.651525162240432e-07,-0.0968886012100878,8.794230552666704e-07,79,1,1,same_source_cyclic_next_latent,False,ljonly_r16_d4,4,-3.4128213499684534e-07
validation,lj_noisy,15,25,5.95180779328075e-07,2.382581669735373e-06,0.7501950145557108,2.3682628125243357e-07,79,1,1,same_source_cyclic_next_latent,False,r16_d4,123,4.2816881773433124e-07,2.382581669735373e-06,0.8202920709190687,9.316854061580672e-07,79,1,1,same_source_cyclic_next_latent,False,ljonly_r16_d4,4,1.6701196159374376e-07
validation,lj_noisy,15,50,2.649574071256211e-06,1.0002500857808627e-05,0.7351088383873744,1.2453269846446346e-06,79,1,1,same_source_cyclic_next_latent,False,r16_d4,123,1.4707801483382354e-06,1.0002500857808627e-05,0.8529587580899786,2.15700288208609e-06,79,1,1,same_source_cyclic_next_latent,False,ljonly_r16_d4,4,1.1787939229179756e-06
validation,lj_noisy,15,75,5.180219886824489e-06,2.349700662307441e-05,0.7795370291236401,3.9960282265383285e-06,79,1,1,same_source_cyclic_next_latent,False,r16_d4,123,3.779554390348494e-06,2.349700662307441e-05,0.8391474092433155,4.792699655808974e-06,79,1,1,same_source_cyclic_next_latent,False,ljonly_r16_d4,4,1.4006654964759946e-06
validation,lj_noisy,15,100,8.858196451910771e-06,4.446260936674662e-05,0.8007720064550288,1.0044514056062326e-05,79,1,1,same_source_cyclic_next_latent,False,r16_d4,123,8.312298632517923e-06,4.446260936674662e-05,0.8130496893703533,9.50012599787442e-06,79,1,1,same_source_cyclic_next_latent,False,ljonly_r16_d4,4,5.458978193928488e-07
validation,lj_noisy,15,125,1.4847744751023129e-05,7.343651668634266e-05,0.7978152366017051,1.8077560525853187e-05,79,1,1,same_source_cyclic_next_latent,False,r16_d4,123,1.5158655514824204e-05,7.343651668634266e-05,0.7935815014270233,1.6350102669093758e-05,79,1,1,same_source_cyclic_next_latent,False,ljonly_r16_d4,4,-3.109107638010755e-07
validation,lj_noisy,15,149,2.1017383915022947e-05,0.0001065276956069,0.8027049792518367,2.4641331037855707e-05,79,1,1,same_source_cyclic_next_latent,False,r16_d4,123,2.1683366867364384e-05,0.0001065276956069,0.7964532439772953,2.2886943042976785e-05,79,1,1,same_source_cyclic_next_latent,False,ljonly_r16_d4,4,-6.659829523414373e-07
validation,lj_noisy,15,175,2.8492304409155626e-05,0.0001508055138401,0.8110658975019096,3.1204530387185514e-05,79,1,1,same_source_cyclic_next_latent,False,r16_d4,123,2.9535831345128827e-05,0.0001508055138401,0.8041462106191131,3.0486837204080075e-05,79,1,1,same_source_cyclic_next_latent,False,ljonly_r16_d4,4,-1.0435269359732013e-06
validation,lj_noisy,15,199,3.828351691481657e-05,0.0002030775794992,0.8114832912169747,3.985991861554794e-05,79,1,1,same_source_cyclic_next_latent,False,r16_d4,123,3.99064774683211e-05,0.0002030775794992,0.8034914658391725,3.990060213254765e-05,79,1,1,same_source_cyclic_next_latent,False,ljonly_r16_d4,4,-1.6229605535045266e-06
validation,lj_noisy,79,0,2.757325603397476e-07,0.0,,2.036147634498775e-06,75,1,1,same_source_cyclic_next_latent,False,r16_d4,123,1.0876827900574426e-06,0.0,,2.1331220523279626e-06,75,1,1,same_source_cyclic_next_latent,False,ljonly_r16_d4,4,-8.11950229717695e-07
validation,lj_noisy,79,5,1.242474354512524e-07,1.0333684485885897e-07,-0.2023536776350567,1.7447749769416987e-06,75,1,1,same_source_cyclic_next_latent,False,r16_d4,123,8.345971309609013e-07,1.0333684485885897e-07,-7.076471969904082,1.8609092649057857e-06,75,1,1,same_source_cyclic_next_latent,False,ljonly_r16_d4,4,-7.103496955096489e-07
validation,lj_noisy,79,10,6.583397293979942e-08,4.55465340110095e-07,0.855457776602966,1.471316977585957e-06,75,1,1,same_source_cyclic_next_latent,False,r16_d4,123,6.434267447730235e-07,4.55465340110095e-07,-0.4126799299755599,1.6088306438177824e-06,75,1,1,same_source_cyclic_next_latent,False,ljonly_r16_d4,4,-5.775927718332241e-07
validation,lj_noisy,79,25,4.923413143842481e-07,3.182375849064556e-06,0.8452912736473382,1.1983412377958302e-06,75,1,1,same_source_cyclic_next_latent,False,r16_d4,123,5.700937322217214e-07,3.182375849064556e-06,0.8208590816231535,1.4665553180748248e-06,75,1,1,same_source_cyclic_next_latent,False,ljonly_r16_d4,4,-7.775241783747333e-08
validation,lj_noisy,79,50,2.027823938988149e-06,1.3238345673016738e-05,0.8468219527518916,2.3445538772648437e-06,75,1,1,same_source_cyclic_next_latent,False,r16_d4,123,1.7199120065924944e-06,1.3238345673016738e-05,0.8700810472037959,3.113240381935612e-06,75,1,1,same_source_cyclic_next_latent,False,ljonly_r16_d4,4,3.0791193239565473e-07
validation,lj_noisy,79,75,3.936131633963669e-06,3.010093496413901e-05,0.8692355689730897,5.056165264250012e-06,75,1,1,same_source_cyclic_next_latent,False,r16_d4,123,4.036284735775553e-06,3.010093496413901e-05,0.8659083267485143,5.68405357626034e-06,75,1,1,same_source_cyclic_next_latent,False,ljonly_r16_d4,4,-1.0015310181188397e-07
validation,lj_noisy,79,100,7.2243374233949e-06,5.402554961619899e-05,0.8662792424192431,8.637304745207075e-06,75,1,1,same_source_cyclic_next_latent,False,r16_d4,123,7.211202500911895e-06,5.402554961619899e-05,0.8665223666924122,9.054063411895186e-06,75,1,1,same_source_cyclic_next_latent,False,ljonly_r16_d4,4,1.313492248300463e-08
validation,lj_noisy,79,125,1.1903532140422612e-05,8.518932736478746e-05,0.8602696780378281,1.291292119276477e-05,75,1,1,same_source_cyclic_next_latent,False,r16_d4,123,1.1524273759278005e-05,8.518932736478746e-05,0.8647216251640285,1.4760291378479453e-05,75,1,1,same_source_cyclic_next_latent,False,ljonly_r16_d4,4,3.792583811446076e-07
validation,lj_noisy,79,149,1.74880897247931e-05,0.0001221718266606,0.8568566075927535,1.7905949789565057e-05,75,1,1,same_source_cyclic_next_latent,False,r16_d4,123,1.6993026292766444e-05,0.0001221718266606,0.8609087974106387,2.2958440240472555e-05,75,1,1,same_source_cyclic_next_latent,False,ljonly_r16_d4,4,4.950634320266545e-07
validation,lj_noisy,79,175,2.52259815169964e-05,0.0001701186993159,0.8517154103668048,2.478239002812188e-05,75,1,1,same_source_cyclic_next_latent,False,r16_d4,123,2.466198748152237e-05,0.0001701186993159,0.8550307074960557,3.2679516152711585e-05,75,1,1,same_source_cyclic_next_latent,False,ljonly_r16_d4,4,5.639940354740281e-07
validation,lj_noisy,79,199,3.466173438937403e-05,0.0002213792467955,0.8434282576569379,3.2989541068673134e-05,75,1,1,same_source_cyclic_next_latent,False,r16_d4,123,3.378541077836417e-05,0.0002213792467955,0.847386729933335,4.0394446841673926e-05,75,1,1,same_source_cyclic_next_latent,False,ljonly_r16_d4,4,8.76323611009866e-07
validation,lj_noisy,75,0,1.1823725571957766e-06,0.0,,1.930751665213393e-07,181,1,1,same_source_cyclic_next_latent,False,r16_d4,123,1.2869444390162244e-06,0.0,,4.747739694721531e-07,181,1,1,same_source_cyclic_next_latent,False,ljonly_r16_d4,4,-1.0457188182044774e-07
validation,lj_noisy,75,5,9.203980084748764e-07,9.145860246917437e-08,-9.063547699464264,7.410191926737754e-08,181,1,1,same_source_cyclic_next_latent,False,r16_d4,123,1.045010435518634e-06,9.145860246917437e-08,-10.42604858707358,2.976481425776001e-07,181,1,1,same_source_cyclic_next_latent,False,ljonly_r16_d4,4,-1.2461242704375763e-07
validation,lj_noisy,75,10,7.190361657194444e-07,3.900833291936579e-07,-0.8432886306773626,5.893464916084668e-08,181,1,1,same_source_cyclic_next_latent,False,r16_d4,123,8.674080049786426e-07,3.900833291936579e-07,-1.2236479748356937,2.0372357312226089e-07,181,1,1,same_source_cyclic_next_latent,False,ljonly_r16_d4,4,-1.4837183925919817e-07
validation,lj_noisy,75,25,6.50667971058283e-07,2.673331437108573e-06,0.7566078182352003,7.199222977760655e-07,181,1,1,same_source_cyclic_next_latent,False,r16_d4,123,8.807783160591498e-07,2.673331437108573e-06,0.6705315682773012,4.318291360050353e-07,181,1,1,same_source_cyclic_next_latent,False,ljonly_r16_d4,4,-2.301103450008668e-07
validation,lj_noisy,75,50,2.043090717052109e-06,1.1298255230940413e-05,0.8191675904561724,3.55253359884955e-06,181,1,1,same_source_cyclic_next_latent,False,r16_d4,123,2.429753067190177e-06,1.1298255230940413e-05,0.7849443991549891,2.050738657999318e-06,181,1,1,same_source_cyclic_next_latent,False,ljonly_r16_d4,4,-3.866623501380677e-07
validation,lj_noisy,75,75,4.984090992365964e-06,2.6090825485880487e-05,0.8089715101171026,7.373904281848809e-06,181,1,1,same_source_cyclic_next_latent,False,r16_d4,123,5.336858976079384e-06,2.6090825485880487e-05,0.7954507426770563,5.289733053359669e-06,181,1,1,same_source_cyclic_next_latent,False,ljonly_r16_d4,4,-3.527679837134201e-07
validation,lj_noisy,75,100,9.131359547609463e-06,4.721252480521798e-05,0.8065903150640176,1.1637056559266055e-05,181,1,1,same_source_cyclic_next_latent,False,r16_d4,123,9.526168469164986e-06,4.721252480521798e-05,0.7982279382755624,9.953757398761807e-06,181,1,1,same_source_cyclic_next_latent,False,ljonly_r16_d4,4,-3.9480892155552283e-07
validation,lj_noisy,75,125,1.4604586795030627e-05,7.473392179235816e-05,0.8045788787104171,1.6984608009806834e-05,181,1,1,same_source_cyclic_next_latent,False,r16_d4,123,1.5449217244167812e-05,7.473392179235816e-05,0.7932770437621065,1.6189535017474554e-05,181,1,1,same_source_cyclic_next_latent,False,ljonly_r16_d4,4,-8.446304491371848e-07
validation,lj_noisy,75,149,2.1222384020802565e-05,0.0001070998841896,0.8018449395965787,2.3549275283585303e-05,181,1,1,same_source_cyclic_next_latent,False,r16_d4,123,2.299398329341784e-05,0.0001070998841896,0.7853033785480352,2.361562474106904e-05,181,1,1,same_source_cyclic_next_latent,False,ljonly_r16_d4,4,-1.7715992726152763e-06
validation,lj_noisy,75,175,3.043770266231149e-05,0.0001485866087023,0.795151777618861,3.263050894020125e-05,181,1,1,same_source_cyclic_next_latent,False,r16_d4,123,3.2756233849795535e-05,0.0001485866087023,0.7795478735542016,3.380159614607692e-05,181,1,1,same_source_cyclic_next_latent,False,ljonly_r16_d4,4,-2.3185311874840442e-06
validation,lj_noisy,75,199,4.089641515747644e-05,0.0001919504866236,0.7869428940930291,4.299378269934096e-05,181,1,1,same_source_cyclic_next_latent,False,r16_d4,123,4.214256114210002e-05,0.0001919504866236,0.7804508762474758,4.5349304855335504e-05,181,1,1,same_source_cyclic_next_latent,False,ljonly_r16_d4,4,-1.2461459846235812e-06
validation,lj_noisy,181,0,3.415635490000568e-07,0.0,,3.477987604583177e-07,31,1,1,same_source_cyclic_next_latent,False,r16_d4,123,8.364467589672131e-07,0.0,,9.40826623718749e-07,31,1,1,same_source_cyclic_next_latent,False,ljonly_r16_d4,4,-4.948832099671563e-07
validation,lj_noisy,181,5,1.830037490435643e-07,8.917994165358324e-08,-1.0520729846901764,1.9012939844742505e-07,31,1,1,same_source_cyclic_next_latent,False,r16_d4,123,6.385104143191711e-07,8.917994165358324e-08,-6.159798520607307,7.253955800479162e-07,31,1,1,same_source_cyclic_next_latent,False,ljonly_r16_d4,4,-4.555066652756068e-07
validation,lj_noisy,181,10,9.64297655059454e-08,3.5931097386310284e-07,0.7316258825351517,1.0571179132057297e-07,31,1,1,same_source_cyclic_next_latent,False,r16_d4,123,5.211035158936284e-07,3.5931097386310284e-07,-0.450285557078945,6.00571809172834e-07,31,1,1,same_source_cyclic_next_latent,False,ljonly_r16_d4,4,-4.2467375038768296e-07
validation,lj_noisy,181,25,2.5595522856747266e-07,2.322475211258279e-06,0.8897920514601315,2.2106264907506562e-07,31,1,1,same_source_cyclic_next_latent,False,r16_d4,123,6.063261821509514e-07,2.322475211258279e-06,0.7389310425309324,6.489843826784636e-07,31,1,1,same_source_cyclic_next_latent,False,ljonly_r16_d4,4,-3.503709535834787e-07
validation,lj_noisy,181,50,1.4633998262070236e-06,9.647412298363632e-06,0.8483116735401428,1.2092073120584246e-06,31,1,1,same_source_cyclic_next_latent,False,r16_d4,123,1.743454504321562e-06,9.647412298363632e-06,0.8192826790851178,1.959019982678001e-06,31,1,1,same_source_cyclic_next_latent,False,ljonly_r16_d4,4,-2.8005467811453833e-07
validation,lj_noisy,181,75,3.2924785955401603e-06,2.220537317043636e-05,0.8517260407979237,3.126016963506117e-06,31,1,1,same_source_cyclic_next_latent,False,r16_d4,123,3.779191274588811e-06,2.220537317043636e-05,0.8298073513297076,4.465762685867958e-06,31,1,1,same_source_cyclic_next_latent,False,ljonly_r16_d4,4,-4.867126790486509e-07
validation,lj_noisy,181,100,6.180823675094871e-06,4.0102699131239206e-05,0.8458751204035508,6.702561222482473e-06,31,1,1,same_source_cyclic_next_latent,False,r16_d4,123,7.075338544382248e-06,4.0102699131239206e-05,0.8235695178215399,7.768801879137754e-06,31,1,1,same_source_cyclic_next_latent,False,ljonly_r16_d4,4,-8.945148692873772e-07
validation,lj_noisy,181,125,1.0825812751136256e-05,6.356189987855032e-05,0.8296807872039466,1.2168694411229808e-05,31,1,1,same_source_cyclic_next_latent,False,r16_d4,123,1.1718733730958776e-05,6.356189987855032e-05,0.8156327335502853,1.2355621947790496e-05,31,1,1,same_source_cyclic_next_latent,False,ljonly_r16_d4,4,-8.929209798225202e-07
validation,lj_noisy,181,149,1.6871683328645304e-05,9.170166595140472e-05,0.8160155199624608,1.8874206944019534e-05,31,1,1,same_source_cyclic_next_latent,False,r16_d4,123,1.7459715309087187e-05,9.170166595140472e-05,0.8096030739688025,1.828659878810868e-05,31,1,1,same_source_cyclic_next_latent,False,ljonly_r16_d4,4,-5.880319804418832e-07
validation,lj_noisy,181,175,2.463172131683677e-05,0.0001289811043534,0.8090284507927669,2.8861413738923147e-05,31,1,1,same_source_cyclic_next_latent,False,r16_d4,123,2.44441835093312e-05,0.0001289811043534,0.8104824452243207,2.632370888022706e-05,31,1,1,same_source_cyclic_next_latent,False,ljonly_r16_d4,4,1.8753780750557103e-07
validation,lj_noisy,181,199,3.2979020033963025e-05,0.0001695594837656,0.8055017666865001,4.864175934926607e-05,31,1,1,same_source_cyclic_next_latent,False,r16_d4,123,3.154818114126101e-05,0.0001695594837656,0.813940332674822,3.599221236072481e-05,31,1,1,same_source_cyclic_next_latent,False,ljonly_r16_d4,4,1.4308388927020133e-06
validation,lj_noisy,31,0,2.989954737131484e-07,0.0,,7.016983971652736e-08,142,1,1,same_source_cyclic_next_latent,False,r16_d4,123,8.680225391799468e-07,0.0,,5.158340172783937e-07,142,1,1,same_source_cyclic_next_latent,False,ljonly_r16_d4,4,-5.690270654667984e-07
validation,lj_noisy,31,5,1.364482926646815e-07,1.0181967979860929e-07,-0.3400974441735103,3.7349973780465013e-08,142,1,1,same_source_cyclic_next_latent,False,r16_d4,123,6.264032208491699e-07,1.0181967979860929e-07,-5.152083979129992,3.015339586909249e-07,142,1,1,same_source_cyclic_next_latent,False,ljonly_r16_d4,4,-4.899549281844884e-07
validation,lj_noisy,31,10,5.7415459053800084e-08,4.309611654207402e-07,0.8667734736661334,1.295656062438866e-07,142,1,1,same_source_cyclic_next_latent,False,r16_d4,123,4.613553130639048e-07,4.309611654207402e-07,-0.0705264188096654,1.6632890265100286e-07,142,1,1,same_source_cyclic_next_latent,False,ljonly_r16_d4,4,-4.0393985401010473e-07
validation,lj_noisy,31,25,2.862103940515226e-07,2.8248798571439693e-06,0.8986822772912937,1.04736682260409e-06,142,1,1,same_source_cyclic_next_latent,False,r16_d4,123,3.858432080505736e-07,2.8248798571439693e-06,0.8634125245805422,1.888529794769056e-07,142,1,1,same_source_cyclic_next_latent,False,ljonly_r16_d4,4,-9.9632813999051e-08
validation,lj_noisy,31,50,1.3670958196598804e-06,1.1657663890218828e-05,0.8827298648739633,3.500469802020234e-06,142,1,1,same_source_cyclic_next_latent,False,r16_d4,123,1.1180133014931926e-06,1.1657663890218828e-05,0.904096282752564,9.678329888629378e-07,142,1,1,same_source_cyclic_next_latent,False,ljonly_r16_d4,4,2.490825181666878e-07
validation,lj_noisy,31,75,2.6494697067391826e-06,2.6905094273388382e-05,0.9015253513027176,5.452870482258732e-06,142,1,1,same_source_cyclic_next_latent,False,r16_d4,123,2.6497759790800046e-06,2.6905094273388382e-05,0.9015139678696136,2.759126118689892e-06,142,1,1,same_source_cyclic_next_latent,False,ljonly_r16_d4,4,-3.062723408220336e-10
validation,lj_noisy,31,100,4.65165112473187e-06,4.89304875372909e-05,0.9049334809675308,7.292295322258724e-06,142,1,1,same_source_cyclic_next_latent,False,r16_d4,123,4.977710887033027e-06,4.89304875372909e-05,0.8982697467864097,5.765334663010435e-06,142,1,1,same_source_cyclic_next_latent,False,ljonly_r16_d4,4,-3.260597623011563e-07
validation,lj_noisy,31,125,8.371073818125296e-06,7.90988706285134e-05,0.8941694900115589,1.1120698218292093e-05,142,1,1,same_source_cyclic_next_latent,False,r16_d4,123,8.823203643260058e-06,7.90988706285134e-05,0.8884534814068573,1.0761011253634932e-05,142,1,1,same_source_cyclic_next_latent,False,ljonly_r16_d4,4,-4.5212982513476163e-07
validation,lj_noisy,31,149,1.5245265785779338e-05,0.0001173974960693,0.8701397704702495,1.9011324184248224e-05,142,1,1,same_source_cyclic_next_latent,False,r16_d4,123,1.5683956007706e-05,0.0001173974960693,0.8664029767854196,1.9550909200916067e-05,142,1,1,same_source_cyclic_next_latent,False,ljonly_r16_d4,4,-4.3869022192666307e-07
validation,lj_noisy,31,175,3.0437835448537957e-05,0.0001739394210744,0.8250089872639782,3.67982211173512e-05,142,1,1,same_source_cyclic_next_latent,False,r16_d4,123,3.039039620489348e-05,0.0001739394210744,0.8252817215490036,3.786851812037639e-05,142,1,1,same_source_cyclic_next_latent,False,ljonly_r16_d4,4,4.743924364447594e-08
validation,lj_noisy,31,199,5.658345980918966e-05,0.0002400137454969,0.764249086267847,6.28388806944713e-05,142,1,1,same_source_cyclic_next_latent,False,r16_d4,123,5.152964513399638e-05,0.0002400137454969,0.7853054414558746,6.387170287780464e-05,142,1,1,same_source_cyclic_next_latent,False,ljonly_r16_d4,4,5.05381467519328e-06
validation,lj_noisy,142,0,9.006679135836748e-08,0.0,,1.1394035936973525e-07,157,1,1,same_source_cyclic_next_latent,False,r16_d4,123,6.924888111825567e-07,0.0,,6.038559945409361e-07,157,1,1,same_source_cyclic_next_latent,False,ljonly_r16_d4,4,-6.024220198241892e-07
validation,lj_noisy,142,5,3.694069405923983e-08,9.436170955723357e-08,0.6085202967117287,4.2195939187195115e-08,157,1,1,same_source_cyclic_next_latent,False,r16_d4,123,4.7192202146106876e-07,9.436170955723357e-08,-4.001202539413851,4.056623197357112e-07,157,1,1,same_source_cyclic_next_latent,False,ljonly_r16_d4,4,-4.3498132740182893e-07
validation,lj_noisy,142,10,8.010927388113488e-08,3.835527593309962e-07,0.7911388409227879,5.0528544903727386e-08,157,1,1,same_source_cyclic_next_latent,False,r16_d4,123,3.383392765954341e-07,3.835527593309962e-07,0.1178807390524964,3.078457098126819e-07,157,1,1,same_source_cyclic_next_latent,False,ljonly_r16_d4,4,-2.5823000271429924e-07
validation,lj_noisy,142,25,6.933231588845956e-07,2.477869657013798e-06,0.7201938540543924,4.587484170315293e-07,157,1,1,same_source_cyclic_next_latent,False,r16_d4,123,4.0179509142035386e-07,2.477869657013798e-06,0.8378465589249046,4.462505387436977e-07,157,1,1,same_source_cyclic_next_latent,False,ljonly_r16_d4,4,2.9152806746424176e-07
validation,lj_noisy,142,50,2.4286171083076624e-06,1.0261092029395512e-05,0.7633178709098145,1.7751922314346302e-06,157,1,1,same_source_cyclic_next_latent,False,r16_d4,123,1.6678395695635118e-06,1.0261092029395512e-05,0.8374598371415478,2.031048097705934e-06,157,1,1,same_source_cyclic_next_latent,False,ljonly_r16_d4,4,7.607775387441507e-07
validation,lj_noisy,142,75,4.306043138058158e-06,2.352078990952577e-05,0.8169260830685692,3.852368081425084e-06,157,1,1,same_source_cyclic_next_latent,False,r16_d4,123,4.175667527306359e-06,2.352078990952577e-05,0.8224690776386197,5.449673608382e-06,157,1,1,same_source_cyclic_next_latent,False,ljonly_r16_d4,4,1.3037561075179838e-07
validation,lj_noisy,142,100,7.802245818311349e-06,4.234289735904895e-05,0.8157366097989995,8.555063686799258e-06,157,1,1,same_source_cyclic_next_latent,False,r16_d4,123,8.264514690381475e-06,4.234289735904895e-05,0.8048193391136638,1.0601529538689649e-05,157,1,1,same_source_cyclic_next_latent,False,ljonly_r16_d4,4,-4.6226887207012624e-07
validation,lj_noisy,142,125,1.3203143680584615e-05,6.57610289636068e-05,0.7992254092025926,1.5644571249140427e-05,157,1,1,same_source_cyclic_next_latent,False,r16_d4,123,1.347544002783252e-05,6.57610289636068e-05,0.7950847144546652,1.729312862153165e-05,157,1,1,same_source_cyclic_next_latent,False,ljonly_r16_d4,4,-2.72296347247904e-07
validation,lj_noisy,142,149,1.9394383343751546e-05,9.220665378961712e-05,0.7896639499791127,2.341022991458885e-05,157,1,1,same_source_cyclic_next_latent,False,r16_d4,123,1.936052467499394e-05,9.220665378961712e-05,0.7900311541597878,2.5373206881340596e-05,157,1,1,same_source_cyclic_next_latent,False,ljonly_r16_d4,4,3.385866875760596e-08
validation,lj_noisy,142,175,2.68578023678856e-05,0.0001260444259969,0.7869179683635108,3.1914154533296824e-05,157,1,1,same_source_cyclic_next_latent,False,r16_d4,123,2.6925999918603335e-05,0.0001260444259969,0.7863769087317315,3.51956878148485e-05,157,1,1,same_source_cyclic_next_latent,False,ljonly_r16_d4,4,-6.819755071773447e-08
validation,lj_noisy,142,199,3.41798149747774e-05,0.000161461342941,0.7883096080325616,3.982931229984388e-05,157,1,1,same_source_cyclic_next_latent,False,r16_d4,123,3.464654946583323e-05,0.000161461342941,0.7854189192611554,4.424034705152735e-05,157,1,1,same_source_cyclic_next_latent,False,ljonly_r16_d4,4,-4.667344910558313e-07
validation,lj_noisy,157,0,1.0175633491371629e-07,0.0,,2.3209190658235457e-06,12,1,1,same_source_cyclic_next_latent,False,r16_d4,123,5.0639050641621e-07,0.0,,2.1391090285760583e-06,12,1,1,same_source_cyclic_next_latent,False,ljonly_r16_d4,4,-4.046341715024937e-07
validation,lj_noisy,157,5,4.2651890908018686e-08,9.083687757538429e-08,0.5304562194729506,2.058848394881352e-06,12,1,1,same_source_cyclic_next_latent,False,r16_d4,123,3.312757712592429e-07,9.083687757538429e-08,-2.646930410882097,1.944920995811117e-06,12,1,1,same_source_cyclic_next_latent,False,ljonly_r16_d4,4,-2.886238803512242e-07
validation,lj_noisy,157,10,6.291794818480413e-08,3.649991242582473e-07,0.8276216461815731,1.8426097767587637e-06,12,1,1,same_source_cyclic_next_latent,False,r16_d4,123,2.52508556286557e-07,3.649991242582473e-07,0.3081940763564682,1.816294684431341e-06,12,1,1,same_source_cyclic_next_latent,False,ljonly_r16_d4,4,-1.8959060810175288e-07
validation,lj_noisy,157,25,4.894638436780951e-07,2.373865527260932e-06,0.7938114699180709,1.6849662642925978e-06,12,1,1,same_source_cyclic_next_latent,False,r16_d4,123,3.821142513515952e-07,2.373865527260932e-06,0.8390328993098042,2.0427223716978915e-06,12,1,1,same_source_cyclic_next_latent,False,ljonly_r16_d4,4,1.0734959232649993e-07
validation,lj_noisy,157,50,1.648520196795289e-06,9.819269507715944e-06,0.8321137641145415,3.231458777008811e-06,12,1,1,same_source_cyclic_next_latent,False,r16_d4,123,1.5803271935510566e-06,9.819269507715944e-06,0.8390585784096015,4.205693585390691e-06,12,1,1,same_source_cyclic_next_latent,False,ljonly_r16_d4,4,6.819300324423239e-08
validation,lj_noisy,157,75,3.106351186943357e-06,2.281349952681921e-05,0.8638371468046112,7.336378985201009e-06,12,1,1,same_source_cyclic_next_latent,False,r16_d4,123,3.913150976586621e-06,2.281349952681921e-05,0.8284721301970187,7.675685083086137e-06,12,1,1,same_source_cyclic_next_latent,False,ljonly_r16_d4,4,-8.067997896432644e-07
validation,lj_noisy,157,100,6.220936938916566e-06,4.15882641391363e-05,0.8504160472265924,1.3306331311468966e-05,12,1,1,same_source_cyclic_next_latent,False,r16_d4,123,7.326001195906429e-06,4.15882641391363e-05,0.8238445064358347,1.2048720236634836e-05,12,1,1,same_source_cyclic_next_latent,False,ljonly_r16_d4,4,-1.1050642569898628e-06
validation,lj_noisy,157,125,1.1378309864085168e-05,6.644261884503067e-05,0.8287498286209385,2.0228577341185883e-05,12,1,1,same_source_cyclic_next_latent,False,r16_d4,123,1.2083064575563183e-05,6.644261884503067e-05,0.8181428609286839,1.8137165170628577e-05,12,1,1,same_source_cyclic_next_latent,False,ljonly_r16_d4,4,-7.047547114780156e-07
validation,lj_noisy,157,149,1.7772150386008434e-05,9.61377882049419e-05,0.815138763665723,2.7855099688167684e-05,12,1,1,same_source_cyclic_next_latent,False,r16_d4,123,1.827634150686208e-05,9.61377882049419e-05,0.8098943001694457,2.659509664226789e-05,12,1,1,same_source_cyclic_next_latent,False,ljonly_r16_d4,4,-5.041911208536476e-07
validation,lj_noisy,157,175,2.5530576749588363e-05,0.0001335744454991,0.8088663093139399,3.699051012517885e-05,12,1,1,same_source_cyclic_next_latent,False,r16_d4,123,2.58584477705881e-05,0.0001335744454991,0.8064117153998522,3.708397707669064e-05,12,1,1,same_source_cyclic_next_latent,False,ljonly_r16_d4,4,-3.278710209997371e-07
validation,lj_noisy,157,199,3.458897117525339e-05,0.0001735624682623,0.8007116888717999,4.7950550651876256e-05,12,1,1,same_source_cyclic_next_latent,False,r16_d4,123,3.413834929233417e-05,0.0001735624682623,0.8033079983586988,4.840463952859864e-05,12,1,1,same_source_cyclic_next_latent,False,ljonly_r16_d4,4,4.506218829192221e-07
validation,lj_noisy,12,0,1.134385001932969e-06,0.0,,1.9093836556294266e-07,152,1,1,same_source_cyclic_next_latent,False,r16_d4,123,1.1595815294640488e-06,0.0,,4.043556600663578e-07,152,1,1,same_source_cyclic_next_latent,False,ljonly_r16_d4,4,-2.5196527531079694e-08
validation,lj_noisy,12,5,8.147173389261297e-07,1.0223686786048348e-07,-6.968919196917551,6.19391897771493e-08,152,1,1,same_source_cyclic_next_latent,False,r16_d4,123,8.85992847088346e-07,1.0223686786048348e-07,-7.666079718887783,2.184027039220382e-07,152,1,1,same_source_cyclic_next_latent,False,ljonly_r16_d4,4,-7.127550816221628e-08
validation,lj_noisy,12,10,5.735878971790953e-07,4.424935866609303e-07,-0.2962626227137133,5.907803668492306e-08,152,1,1,same_source_cyclic_next_latent,False,r16_d4,123,6.820649218752806e-07,4.424935866609303e-07,-0.5414119942893696,1.3809440702061693e-07,152,1,1,same_source_cyclic_next_latent,False,ljonly_r16_d4,4,-1.0847702469618525e-07
validation,lj_noisy,12,25,6.85281975165708e-07,3.1844713248574408e-06,0.7848051041262285,9.356926966574974e-07,152,1,1,same_source_cyclic_next_latent,False,r16_d4,123,8.307926009365474e-07,3.1844713248574408e-06,0.7391112947221343,6.263893510549678e-07,152,1,1,same_source_cyclic_next_latent,False,ljonly_r16_d4,4,-1.455106257708394e-07
validation,lj_noisy,12,50,3.492997393550468e-06,1.4166832443152089e-05,0.7534383633344305,4.847231593885226e-06,152,1,1,same_source_cyclic_next_latent,False,r16_d4,123,3.4125250749639235e-06,1.4166832443152089e-05,0.7591186958229709,3.6305018511484377e-06,152,1,1,same_source_cyclic_next_latent,False,ljonly_r16_d4,4,8.047231858654456e-08
validation,lj_noisy,12,75,8.818200512905605e-06,3.3046842872863635e-05,0.7331605761303553,1.0552205822023096e-05,152,1,1,same_source_cyclic_next_latent,False,r16_d4,123,8.548963705834467e-06,3.3046842872863635e-05,0.7413077025625817,9.178435902867932e-06,152,1,1,same_source_cyclic_next_latent,False,ljonly_r16_d4,4,2.6923680707113817e-07
validation,lj_noisy,12,100,1.475266253692098e-05,5.7156557886628434e-05,0.741890290766227,1.615439759916626e-05,152,1,1,same_source_cyclic_next_latent,False,r16_d4,123,1.4247554645407943e-05,5.7156557886628434e-05,0.7507275600173763,1.5437071851920336e-05,152,1,1,same_source_cyclic_next_latent,False,ljonly_r16_d4,4,5.051078915130364e-07
validation,lj_noisy,12,125,2.2467611415777355e-05,8.803003584034741e-05,0.744773346945752,2.3720229364698756e-05,152,1,1,same_source_cyclic_next_latent,False,r16_d4,123,2.1518184439628385e-05,8.803003584034741e-05,0.7555586086701807,2.3558588509331457e-05,152,1,1,same_source_cyclic_next_latent,False,ljonly_r16_d4,4,9.494269761489704e-07
validation,lj_noisy,12,149,3.158970139338635e-05,0.0001241997088072,0.7456539818269352,3.3192372939083725e-05,152,1,1,same_source_cyclic_next_latent,False,r16_d4,123,3.0250814234022982e-05,0.0001241997088072,0.7564340969513667,3.3320990041829646e-05,152,1,1,same_source_cyclic_next_latent,False,ljonly_r16_d4,4,1.3388871593633667e-06
validation,lj_noisy,12,175,4.15611284552142e-05,0.0001689234195509,0.7539646748468276,4.3882620957447216e-05,152,1,1,same_source_cyclic_next_latent,False,r16_d4,123,4.033388540847227e-05,0.0001689234195509,0.7612297601144833,4.465868551051244e-05,152,1,1,same_source_cyclic_next_latent,False,ljonly_r16_d4,4,1.2272430467419326e-06
validation,lj_noisy,12,199,5.000659075449221e-05,0.000215836931602,0.7683130945973561,5.333455192157999e-05,152,1,1,same_source_cyclic_next_latent,False,r16_d4,123,4.982253449270502e-05,0.000215836931602,0.7691658507055021,5.5653988965786994e-05,152,1,1,same_source_cyclic_next_latent,False,ljonly_r16_d4,4,1.8405626178719103e-07
validation,lj_noisy,152,0,3.230960317068821e-07,0.0,,4.371301827177376e-07,29,1,1,same_source_cyclic_next_latent,False,r16_d4,123,7.080850537022343e-07,0.0,,9.417890396434814e-07,29,1,1,same_source_cyclic_next_latent,False,ljonly_r16_d4,4,-3.849890219953522e-07
validation,lj_noisy,152,5,1.5895511751296e-07,9.695842351220565e-08,-0.6394152437199012,2.2656848841506874e-07,29,1,1,same_source_cyclic_next_latent,False,r16_d4,123,4.975552201358369e-07,9.695842351220565e-08,-4.1316347988393405,6.792458293602976e-07,29,1,1,same_source_cyclic_next_latent,False,ljonly_r16_d4,4,-3.386001026228769e-07
validation,lj_noisy,152,10,7.810374569316991e-08,4.1400659256396477e-07,0.8113466135660563,1.0505547010097872e-07,29,1,1,same_source_cyclic_next_latent,False,r16_d4,123,3.5535313713808137e-07,4.1400659256396477e-07,0.1416727570994446,4.941136353409092e-07,29,1,1,same_source_cyclic_next_latent,False,ljonly_r16_d4,4,-2.7724939144491145e-07
validation,lj_noisy,152,25,2.9519100053221337e-07,2.7664339086186374e-06,0.8932954806501736,3.197302191892959e-07,29,1,1,same_source_cyclic_next_latent,False,r16_d4,123,3.430751291944034e-07,2.7664339086186374e-06,0.8759865080725131,4.012144074749813e-07,29,1,1,same_source_cyclic_next_latent,False,ljonly_r16_d4,4,-4.788412866219005e-08
validation,lj_noisy,152,50,1.400061364620342e-06,1.1517513485159723e-05,0.8784406576624099,1.869956804512185e-06,29,1,1,same_source_cyclic_next_latent,False,r16_d4,123,1.2503118114182143e-06,1.1517513485159723e-05,0.8914425571952456,1.1502500001370208e-06,29,1,1,same_source_cyclic_next_latent,False,ljonly_r16_d4,4,1.4974955320212757e-07
validation,lj_noisy,152,75,2.987121661135461e-06,2.6382193027529866e-05,0.8867750812823485,3.947633103962289e-06,29,1,1,same_source_cyclic_next_latent,False,r16_d4,123,3.0920314202376176e-06,2.6382193027529866e-05,0.8827985445709128,2.870558773793164e-06,29,1,1,same_source_cyclic_next_latent,False,ljonly_r16_d4,4,-1.0490975910215639e-07
validation,lj_noisy,152,100,5.623133347398834e-06,4.726915722130798e-05,0.8810401183784161,6.420755198632833e-06,29,1,1,same_source_cyclic_next_latent,False,r16_d4,123,5.674764452123782e-06,4.726915722130798e-05,0.8799478394430584,5.483730546984589e-06,29,1,1,same_source_cyclic_next_latent,False,ljonly_r16_d4,4,-5.163110472494736e-08
validation,lj_noisy,152,125,9.055063856067136e-06,7.386328070424497e-05,0.8774077759648342,9.585828593117183e-06,29,1,1,same_source_cyclic_next_latent,False,r16_d4,123,8.860463822202291e-06,7.386328070424497e-05,0.8800423737244983,8.72338205226697e-06,29,1,1,same_source_cyclic_next_latent,False,ljonly_r16_d4,4,1.946000338648446e-07
validation,lj_noisy,152,149,1.2811728083761407e-05,0.0001050939827109,0.8780926580830375,1.3870880138711073e-05,29,1,1,same_source_cyclic_next_latent,False,r16_d4,123,1.2711713679891544e-05,0.0001050939827109,0.879044324403886,1.262752994080074e-05,29,1,1,same_source_cyclic_next_latent,False,ljonly_r16_d4,4,1.000144038698636e-07
validation,lj_noisy,152,175,1.749825241859071e-05,0.0001450929412385,0.8793996987777501,2.02857336262241e-05,29,1,1,same_source_cyclic_next_latent,False,r16_d4,123,1.801596772565972e-05,0.0001450929412385,0.8758315354842799,1.798556331777945e-05,29,1,1,same_source_cyclic_next_latent,False,ljonly_r16_d4,4,-5.17715307069011e-07
validation,lj_noisy,152,199,2.323535591131076e-05,0.0001877725881058,0.8762579983282229,2.8336578907328654e-05,29,1,1,same_source_cyclic_next_latent,False,r16_d4,123,2.442485674691852e-05,0.0001877725881058,0.86992320341696,2.445407517370768e-05,29,1,1,same_source_cyclic_next_latent,False,ljonly_r16_d4,4,-1.1895008356077597e-06
validation,lj_noisy,29,0,4.773055479745381e-07,0.0,,1.717637132969685e-06,95,1,1,same_source_cyclic_next_latent,False,r16_d4,123,1.0308330047337222e-06,0.0,,2.0245490759407403e-06,95,1,1,same_source_cyclic_next_latent,False,ljonly_r16_d4,4,-5.535274567591841e-07
validation,lj_noisy,29,5,2.673693018095946e-07,9.255531097096537e-08,-1.888751590856504,1.4643610484199598e-06,95,1,1,same_source_cyclic_next_latent,False,r16_d4,123,7.73056626712787e-07,9.255531097096537e-08,-7.352374581241428,1.7987995306611992e-06,95,1,1,same_source_cyclic_next_latent,False,ljonly_r16_d4,4,-5.056873249031923e-07
validation,lj_noisy,29,10,1.3440110535611893e-07,3.9399358797709283e-07,0.6588748917306412,1.2317450455157086e-06,95,1,1,same_source_cyclic_next_latent,False,r16_d4,123,5.913353788855602e-07,3.9399358797709283e-07,-0.5008756409506365,1.6122939996421335e-06,95,1,1,same_source_cyclic_next_latent,False,ljonly_r16_d4,4,-4.5693427352944127e-07
validation,lj_noisy,29,25,2.529256732941576e-07,2.62467051470594e-06,0.9036352670260804,9.201267516800726e-07,95,1,1,same_source_cyclic_next_latent,False,r16_d4,123,5.028165901421744e-07,2.62467051470594e-06,0.8084267768754554,1.5731933444840251e-06,95,1,1,same_source_cyclic_next_latent,False,ljonly_r16_d4,4,-2.498909168480168e-07
validation,lj_noisy,29,50,1.425415689482179e-06,1.0715701137087308e-05,0.866978775233962,1.5187665667326655e-06,95,1,1,same_source_cyclic_next_latent,False,r16_d4,123,1.1962929420406e-06,1.0715701137087308e-05,0.8883607403065582,2.9597815682791406e-06,95,1,1,same_source_cyclic_next_latent,False,ljonly_r16_d4,4,2.291227474415789e-07
validation,lj_noisy,29,75,3.116634843536304e-06,2.4163142370525748e-05,0.8710169896057071,3.49211109096359e-06,95,1,1,same_source_cyclic_next_latent,False,r16_d4,123,2.8818901682825526e-06,2.4163142370525748e-05,0.8807319791403502,5.57857811145368e-06,95,1,1,same_source_cyclic_next_latent,False,ljonly_r16_d4,4,2.3474467525375118e-07
validation,lj_noisy,29,100,5.625417088594986e-06,4.288870331947692e-05,0.8688368578855977,6.896056675032014e-06,95,1,1,same_source_cyclic_next_latent,False,r16_d4,123,5.80184678256046e-06,4.288870331947692e-05,0.8647231943725917,9.525510904495604e-06,95,1,1,same_source_cyclic_next_latent,False,ljonly_r16_d4,4,-1.7642969396547414e-07
validation,lj_noisy,29,125,9.340499673271552e-06,6.650677823927253e-05,0.8595556735635714,1.1648797226371244e-05,95,1,1,same_source_cyclic_next_latent,False,r16_d4,123,9.797133316169491e-06,6.650677823927253e-05,0.8526897020793552,1.538860669825226e-05,95,1,1,same_source_cyclic_next_latent,False,ljonly_r16_d4,4,-4.566336428979395e-07
validation,lj_noisy,29,149,1.412754863849841e-05,9.352853521704674e-05,0.8489493221965536,1.7366412066621706e-05,95,1,1,same_source_cyclic_next_latent,False,r16_d4,123,1.455031815567054e-05,9.352853521704674e-05,0.8444291026059119,2.3839915229473263e-05,95,1,1,same_source_cyclic_next_latent,False,ljonly_r16_d4,4,-4.2276951717212966e-07
validation,lj_noisy,29,175,2.085816959151998e-05,0.0001277870032936,0.8367739358940021,2.5293540602433492e-05,95,1,1,same_source_cyclic_next_latent,False,r16_d4,123,2.089201552735176e-05,0.0001277870032936,0.83650907378002,3.5521126847015694e-05,95,1,1,same_source_cyclic_next_latent,False,ljonly_r16_d4,4,-3.384593583177775e-08
validation,lj_noisy,29,199,2.8724818548653275e-05,0.0001640301925363,0.8248809069568328,3.4751519706333056e-05,95,1,1,same_source_cyclic_next_latent,False,r16_d4,123,2.787911034829449e-05,0.0001640301925363,0.8300367150875319,4.7918867494445294e-05,95,1,1,same_source_cyclic_next_latent,False,ljonly_r16_d4,4,8.457082003587857e-07
validation,lj_noisy,95,0,1.0558328540355433e-06,0.0,,1.2973683283235005e-07,183,1,1,same_source_cyclic_next_latent,False,r16_d4,123,1.3417601394394296e-06,0.0,,4.323852067500411e-07,183,1,1,same_source_cyclic_next_latent,False,ljonly_r16_d4,4,-2.8592728540388634e-07
validation,lj_noisy,95,5,7.883961075094703e-07,9.315184712477277e-08,-7.463558499848627,4.066619041509512e-08,183,1,1,same_source_cyclic_next_latent,False,r16_d4,123,1.0927922176051652e-06,9.315184712477277e-08,-10.73129950006701,2.480554144312919e-07,183,1,1,same_source_cyclic_next_latent,False,ljonly_r16_d4,4,-3.043961100956949e-07
validation,lj_noisy,95,10,5.55375038402417e-07,4.062233927015768e-07,-0.3671665600272586,6.139209318689609e-08,183,1,1,same_source_cyclic_next_latent,False,r16_d4,123,8.787982324065524e-07,4.062233927015768e-07,-1.1633373365382296,1.364267774306427e-07,183,1,1,same_source_cyclic_next_latent,False,ljonly_r16_d4,4,-3.2342319400413544e-07
validation,lj_noisy,95,25,3.688637661980465e-07,2.82183304989303e-06,0.8692822149021079,8.668942541589786e-07,183,1,1,same_source_cyclic_next_latent,False,r16_d4,123,7.52682069560251e-07,2.82183304989303e-06,0.733264847263454,3.047333620997961e-07,183,1,1,same_source_cyclic_next_latent,False,ljonly_r16_d4,4,-3.8381830336220446e-07
validation,lj_noisy,95,50,1.796318656488438e-06,1.2093249097233638e-05,0.851461038961039,4.1588200474507175e-06,183,1,1,same_source_cyclic_next_latent,False,r16_d4,123,2.2408621589420363e-06,1.2093249097233638e-05,0.814701397372635,2.0084125935682096e-06,183,1,1,same_source_cyclic_next_latent,False,ljonly_r16_d4,4,-4.445435024535984e-07
validation,lj_noisy,95,75,5.239608526608208e-06,2.818343091348652e-05,0.8140890460536188,8.864061783242505e-06,183,1,1,same_source_cyclic_next_latent,False,r16_d4,123,5.769062681793002e-06,2.818343091348652e-05,0.7953030381750877,5.9093326854053885e-06,183,1,1,same_source_cyclic_next_latent,False,ljonly_r16_d4,4,-5.294541551847942e-07
validation,lj_noisy,95,100,1.1004544830939269e-05,5.138449341757223e-05,0.7858391880696057,1.5108997104107402e-05,183,1,1,same_source_cyclic_next_latent,False,r16_d4,123,1.1821263797173742e-05,5.138449341757223e-05,0.7699449189639931,1.2575166692840868e-05,183,1,1,same_source_cyclic_next_latent,False,ljonly_r16_d4,4,-8.167189662344737e-07
validation,lj_noisy,95,125,1.869470906967763e-05,8.035653445404023e-05,0.7673529701511701,2.284454785694834e-05,183,1,1,same_source_cyclic_next_latent,False,r16_d4,123,2.01647708308883e-05,8.035653445404023e-05,0.7490587297238223,2.163773751817644e-05,183,1,1,same_source_cyclic_next_latent,False,ljonly_r16_d4,4,-1.4700617612106726e-06
validation,lj_noisy,95,149,2.9972376069054008e-05,0.0001155957506853,0.7407138593645426,3.460646257735789e-05,183,1,1,same_source_cyclic_next_latent,False,r16_d4,123,3.265019768150523e-05,0.0001155957506853,0.7175484610123055,3.478086000541225e-05,183,1,1,same_source_cyclic_next_latent,False,ljonly_r16_d4,4,-2.6778216124512255e-06
validation,lj_noisy,95,175,4.784399425261654e-05,0.0001621420669835,0.7049254697272147,5.4040450777392834e-05,183,1,1,same_source_cyclic_next_latent,False,r16_d4,123,5.2818006224697456e-05,0.0001621420669835,0.6742485944127604,5.545104795601219e-05,183,1,1,same_source_cyclic_next_latent,False,ljonly_r16_d4,4,-4.974011972080916e-06
validation,lj_noisy,95,199,6.989495159359649e-05,0.0002128292690031,0.6715914501751596,7.930943684186786e-05,183,1,1,same_source_cyclic_next_latent,False,r16_d4,123,7.737697887932882e-05,0.0002128292690031,0.636436382825741,8.088995673460886e-05,183,1,1,same_source_cyclic_next_latent,False,ljonly_r16_d4,4,-7.482027285732329e-06
validation,lj_noisy,183,0,2.430932397601282e-07,0.0,,1.0622229638102e-06,147,1,1,same_source_cyclic_next_latent,False,r16_d4,123,7.637534622517705e-07,0.0,,1.64814491654397e-06,147,1,1,same_source_cyclic_next_latent,False,ljonly_r16_d4,4,-5.206602224916423e-07
validation,lj_noisy,183,5,1.1389496279434753e-07,9.035466774776069e-08,-0.260532141098712,8.545279683858098e-07,147,1,1,same_source_cyclic_next_latent,False,r16_d4,123,5.541458563129709e-07,9.035466774776069e-08,-5.133007515006933,1.4831769021839136e-06,147,1,1,same_source_cyclic_next_latent,False,ljonly_r16_d4,4,-4.4025089351862334e-07
validation,lj_noisy,183,10,6.065394586585171e-08,3.734352276296704e-07,0.8375784034868793,7.029237849565106e-07,147,1,1,same_source_cyclic_next_latent,False,r16_d4,123,4.1820953811111394e-07,3.734352276296704e-07,-0.1198984647636014,1.422833520337008e-06,147,1,1,same_source_cyclic_next_latent,False,ljonly_r16_d4,4,-3.5755559224526223e-07
validation,lj_noisy,183,25,3.308889233721857e-07,2.431817392789526e-06,0.8639334826894117,6.555492859661172e-07,147,1,1,same_source_cyclic_next_latent,False,r16_d4,123,4.6010407572794076e-07,2.431817392789526e-06,0.8107982626112573,1.9116037037747446e-06,147,1,1,same_source_cyclic_next_latent,False,ljonly_r16_d4,4,-1.2921515235575503e-07
validation,lj_noisy,183,50,1.6659203083690954e-06,1.020561103359796e-05,0.8367642757611761,1.9628412246675e-06,147,1,1,same_source_cyclic_next_latent,False,r16_d4,123,1.6222944623223157e-06,1.020561103359796e-05,0.8410389679773657,4.41994870925555e-06,147,1,1,same_source_cyclic_next_latent,False,ljonly_r16_d4,4,4.362584604677977e-08
validation,lj_noisy,183,75,3.681911266539828e-06,2.3695167328696695e-05,0.8446134093309083,5.654205324390205e-06,147,1,1,same_source_cyclic_next_latent,False,r16_d4,123,3.92319952879916e-06,2.3695167328696695e-05,0.8344303935744797,8.407121640630066e-06,147,1,1,same_source_cyclic_next_latent,False,ljonly_r16_d4,4,-2.412882622593324e-07
validation,lj_noisy,183,100,7.083996024448425e-06,4.307867129682563e-05,0.83555676600057,1.1595266187214293e-05,147,1,1,same_source_cyclic_next_latent,False,r16_d4,123,7.741711669950746e-06,4.307867129682563e-05,0.820288986709736,1.3537227459892163e-05,147,1,1,same_source_cyclic_next_latent,False,ljonly_r16_d4,4,-6.577156455023214e-07
validation,lj_noisy,183,125,1.1310997251712251e-05,6.872970698168501e-05,0.8354278266495972,1.7129257685155608e-05,147,1,1,same_source_cyclic_next_latent,False,r16_d4,123,1.2040187357342802e-05,6.872970698168501e-05,0.8248182934847772,1.8528478904045187e-05,147,1,1,same_source_cyclic_next_latent,False,ljonly_r16_d4,4,-7.291901056305505e-07
validation,lj_noisy,183,149,1.5852745491429232e-05,9.890592627925798e-05,0.8397189522630881,2.1919429855188355e-05,147,1,1,same_source_cyclic_next_latent,False,r16_d4,123,1.657515167607926e-05,9.890592627925798e-05,0.8324149795707914,2.357467747060582e-05,147,1,1,same_source_cyclic_next_latent,False,ljonly_r16_d4,4,-7.224061846500263e-07
validation,lj_noisy,183,175,2.142505945812445e-05,0.00013746204786,0.8441383655222351,2.7508989660418592e-05,147,1,1,same_source_cyclic_next_latent,False,r16_d4,123,2.216234133811668e-05,0.00013746204786,0.8387748350680477,2.9741031539742835e-05,147,1,1,same_source_cyclic_next_latent,False,ljonly_r16_d4,4,-7.372818799922277e-07
validation,lj_noisy,183,199,2.830887387972325e-05,0.0001797954901121,0.8425495886350414,3.4520155168138444e-05,147,1,1,same_source_cyclic_next_latent,False,r16_d4,123,2.8799488063668832e-05,0.0001797954901121,0.8398208539841359,3.696883504744619e-05,147,1,1,same_source_cyclic_next_latent,False,ljonly_r16_d4,4,-4.906141839455813e-07
validation,lj_noisy,147,0,6.634241458414181e-07,0.0,,1.1079998074592369e-07,43,1,1,same_source_cyclic_next_latent,False,r16_d4,123,1.1374449968570843e-06,0.0,,4.976867558070808e-07,43,1,1,same_source_cyclic_next_latent,False,ljonly_r16_d4,4,-4.7402085101566627e-07
validation,lj_noisy,147,5,4.2960544988090987e-07,1.0630814983869641e-07,-3.0411337280609176,3.518637470278918e-08,43,1,1,same_source_cyclic_next_latent,False,r16_d4,123,9.07577828002104e-07,1.0630814983869641e-07,-7.537236603018593,3.079776433878578e-07,43,1,1,same_source_cyclic_next_latent,False,ljonly_r16_d4,4,-4.779723781211941e-07
validation,lj_noisy,147,10,2.837789736531704e-07,4.434336347003409e-07,0.3600418384028544,8.270446016922507e-08,43,1,1,same_source_cyclic_next_latent,False,r16_d4,123,7.793626650709484e-07,4.434336347003409e-07,-0.757563261067506,2.233229423609373e-07,43,1,1,same_source_cyclic_next_latent,False,ljonly_r16_d4,4,-4.95583691417778e-07
validation,lj_noisy,147,25,3.575948994694045e-07,2.912094714702107e-06,0.8772035477884569,8.627977763353556e-07,43,1,1,same_source_cyclic_next_latent,False,r16_d4,123,9.405780474480708e-07,2.912094714702107e-06,0.6770098023599871,4.369688326733012e-07,43,1,1,same_source_cyclic_next_latent,False,ljonly_r16_d4,4,-5.829831479786663e-07
validation,lj_noisy,147,50,1.5600336382703972e-06,1.199792586703552e-05,0.8699747226679727,3.165434691254632e-06,43,1,1,same_source_cyclic_next_latent,False,r16_d4,123,2.4269713776448043e-06,1.199792586703552e-05,0.7977174217826313,1.7560802234584116e-06,43,1,1,same_source_cyclic_next_latent,False,ljonly_r16_d4,4,-8.669377393744071e-07
validation,lj_noisy,147,75,3.6838603136857273e-06,2.723287980188616e-05,0.8647274786770592,5.280081950331805e-06,43,1,1,same_source_cyclic_next_latent,False,r16_d4,123,4.861591605731519e-06,2.723287980188616e-05,0.8214808113905455,4.075624929100741e-06,43,1,1,same_source_cyclic_next_latent,False,ljonly_r16_d4,4,-1.1777312920457916e-06
validation,lj_noisy,147,100,6.940463208593428e-06,4.869244003202766e-05,0.857463228295228,7.750748409307562e-06,43,1,1,same_source_cyclic_next_latent,False,r16_d4,123,8.192602763301693e-06,4.869244003202766e-05,0.8317479518809702,7.494859801226994e-06,43,1,1,same_source_cyclic_next_latent,False,ljonly_r16_d4,4,-1.2521395547082648e-06
validation,lj_noisy,147,125,1.126322695199633e-05,7.65042204875499e-05,0.8527763974298741,1.172620522993384e-05,43,1,1,same_source_cyclic_next_latent,False,r16_d4,123,1.2792868801625444e-05,7.65042204875499e-05,0.8327821822103616,1.2163881365268026e-05,43,1,1,same_source_cyclic_next_latent,False,ljonly_r16_d4,4,-1.5296418496291136e-06
validation,lj_noisy,147,149,1.6381889508920722e-05,0.0001096505948225,0.8505991733521837,1.7207999917445704e-05,43,1,1,same_source_cyclic_next_latent,False,r16_d4,123,1.8797696611727588e-05,0.0001096505948225,0.8285673083475716,1.8108301446773112e-05,43,1,1,same_source_cyclic_next_latent,False,ljonly_r16_d4,4,-2.415807102806866e-06
validation,lj_noisy,147,175,2.3923083062982187e-05,0.0001528372813481,0.8434735108348191,2.5517718313494697e-05,43,1,1,same_source_cyclic_next_latent,False,r16_d4,123,2.795847649395e-05,0.0001528372813481,0.8170703100230051,2.7031226636609063e-05,43,1,1,same_source_cyclic_next_latent,False,ljonly_r16_d4,4,-4.035393430967812e-06
validation,lj_noisy,147,199,3.383521834621206e-05,0.0001997498766286,0.8306120688669176,3.61658567271661e-05,43,1,1,same_source_cyclic_next_latent,False,r16_d4,123,3.971481419284828e-05,0.0001997498766286,0.8011772779880856,3.846811523544602e-05,43,1,1,same_source_cyclic_next_latent,False,ljonly_r16_d4,4,-5.879595846636221e-06
validation,lj_noisy,43,0,1.3898558393066196e-07,0.0,,3.4118136227334617e-07,13,1,1,same_source_cyclic_next_latent,False,r16_d4,123,6.694288572361984e-07,0.0,,8.980567258731753e-07,13,1,1,same_source_cyclic_next_latent,False,ljonly_r16_d4,4,-5.304432733055364e-07
validation,lj_noisy,43,5,4.42440111214637e-08,9.6270760252537e-08,0.5404210893795476,1.841759882381666e-07,13,1,1,same_source_cyclic_next_latent,False,r16_d4,123,4.754052724820213e-07,9.6270760252537e-08,-3.938210431027452,6.592233603441855e-07,13,1,1,same_source_cyclic_next_latent,False,ljonly_r16_d4,4,-4.311612613605576e-07
validation,lj_noisy,43,10,4.032282774346641e-08,4.102923867321806e-07,0.9017217256585676,1.1029008106788753e-07,13,1,1,same_source_cyclic_next_latent,False,r16_d4,123,3.691355914270389e-07,4.102923867321806e-07,0.1003108920273651,4.999302518626791e-07,13,1,1,same_source_cyclic_next_latent,False,ljonly_r16_d4,4,-3.288127636835725e-07
validation,lj_noisy,43,25,5.445480724119989e-07,2.796049102471443e-06,0.8052437376973567,3.614752870362281e-07,13,1,1,same_source_cyclic_next_latent,False,r16_d4,123,5.366422897168377e-07,2.796049102471443e-06,0.8080712211947577,4.510273754476657e-07,13,1,1,same_source_cyclic_next_latent,False,ljonly_r16_d4,4,7.905782695161179e-09
validation,lj_noisy,43,50,2.1036441921751248e-06,1.1718565474438948e-05,0.8204862022776007,1.7435245354135986e-06,13,1,1,same_source_cyclic_next_latent,False,r16_d4,123,1.7631089122005503e-06,1.1718565474438948e-05,0.8495456704110822,1.3892165497964015e-06,13,1,1,same_source_cyclic_next_latent,False,ljonly_r16_d4,4,3.4053527997457443e-07
validation,lj_noisy,43,75,3.731338892976055e-06,2.693894930416718e-05,0.8614890710530104,3.881862539856229e-06,13,1,1,same_source_cyclic_next_latent,False,r16_d4,123,3.994889539171709e-06,2.693894930416718e-05,0.8517058147270153,3.367662202435895e-06,13,1,1,same_source_cyclic_next_latent,False,ljonly_r16_d4,4,-2.635506461956538e-07
validation,lj_noisy,43,100,6.134643172117649e-06,4.813013947568834e-05,0.8725405070721559,6.937308626220329e-06,13,1,1,same_source_cyclic_next_latent,False,r16_d4,123,7.173032827267889e-06,4.813013947568834e-05,0.8509658832197826,6.340074378385907e-06,13,1,1,same_source_cyclic_next_latent,False,ljonly_r16_d4,4,-1.0383896551502403e-06
validation,lj_noisy,43,125,1.0198680683970451e-05,7.53487111069262e-05,0.8646469125464182,1.12856296254904e-05,13,1,1,same_source_cyclic_next_latent,False,r16_d4,123,1.1344533959345426e-05,7.53487111069262e-05,0.8494395751077073,1.060369595506927e-05,13,1,1,same_source_cyclic_next_latent,False,ljonly_r16_d4,4,-1.145853275374975e-06
validation,lj_noisy,43,149,1.553223410155624e-05,0.000107481246232,0.8554888908896563,1.68424921866972e-05,13,1,1,same_source_cyclic_next_latent,False,r16_d4,123,1.6548758139833808e-05,0.000107481246232,0.8460312033961296,1.621813680685591e-05,13,1,1,same_source_cyclic_next_latent,False,ljonly_r16_d4,4,-1.0165240382775664e-06
validation,lj_noisy,43,175,2.2435455321101472e-05,0.0001489836140535,0.8494099135423492,2.4574595954618417e-05,13,1,1,same_source_cyclic_next_latent,False,r16_d4,123,2.345126267755404e-05,0.0001489836140535,0.8425916646838723,2.3901484382804483e-05,13,1,1,same_source_cyclic_next_latent,False,ljonly_r16_d4,4,-1.0158073564525694e-06
validation,lj_noisy,43,199,3.051529529329855e-05,0.0001935522304847,0.8423407717034935,3.418348933337256e-05,13,1,1,same_source_cyclic_next_latent,False,r16_d4,123,3.180191197316162e-05,0.0001935522304847,0.8356933841913965,3.263846883783117e-05,13,1,1,same_source_cyclic_next_latent,False,ljonly_r16_d4,4,-1.286616679863073e-06
validation,lj_noisy,13,0,3.4328166975683416e-07,0.0,,3.4118966141249985e-07,40,1,1,same_source_cyclic_next_latent,False,r16_d4,123,8.475253139295091e-07,0.0,,1.036649678098911e-06,40,1,1,same_source_cyclic_next_latent,False,ljonly_r16_d4,4,-5.04243644172675e-07
validation,lj_noisy,13,5,1.8766314724416588e-07,9.281463064780837e-08,-1.0219134196231074,1.73360973576564e-07,40,1,1,same_source_cyclic_next_latent,False,r16_d4,123,6.244532642085687e-07,9.281463064780837e-08,-5.727961527726167,8.050342898968665e-07,40,1,1,same_source_cyclic_next_latent,False,ljonly_r16_d4,4,-4.3679011696440284e-07
validation,lj_noisy,13,10,1.1082602924261665e-07,3.781031523431011e-07,0.7068894333310132,9.236249098876217e-08,40,1,1,same_source_cyclic_next_latent,False,r16_d4,123,4.98318854624813e-07,3.781031523431011e-07,-0.3179441946906194,6.71290820264403e-07,40,1,1,same_source_cyclic_next_latent,False,ljonly_r16_d4,4,-3.874928253821963e-07
validation,lj_noisy,13,25,2.391734028606152e-07,2.410028173471801e-06,0.900759084274077,2.767405078429875e-07,40,1,1,same_source_cyclic_next_latent,False,r16_d4,123,5.198436952014163e-07,2.410028173471801e-06,0.7842997434953021,6.794866749260109e-07,40,1,1,same_source_cyclic_next_latent,False,ljonly_r16_d4,4,-2.8067029234080104e-07
validation,lj_noisy,13,50,1.1343341839165078e-06,9.818084436119534e-06,0.8844648168085181,1.4700282235935449e-06,40,1,1,same_source_cyclic_next_latent,False,r16_d4,123,1.4975220210544649e-06,9.818084436119534e-06,0.8474730961219621,1.7583199678483652e-06,40,1,1,same_source_cyclic_next_latent,False,ljonly_r16_d4,4,-3.631878371379571e-07
validation,lj_noisy,13,75,2.7252015115664108e-06,2.2434529455495067e-05,0.8785264688981963,3.240127398385084e-06,40,1,1,same_source_cyclic_next_latent,False,r16_d4,123,3.4812856029020622e-06,2.2434529455495067e-05,0.8448246659325692,4.101103058928857e-06,40,1,1,same_source_cyclic_next_latent,False,ljonly_r16_d4,4,-7.560840913356515e-07
validation,lj_noisy,13,100,5.370982762542553e-06,4.028679541079328e-05,0.866681310643447,5.641745701723266e-06,40,1,1,same_source_cyclic_next_latent,False,r16_d4,123,6.383596883097198e-06,4.028679541079328e-05,0.8415461736778657,7.67311121308012e-06,40,1,1,same_source_cyclic_next_latent,False,ljonly_r16_d4,4,-1.0126141205546446e-06
validation,lj_noisy,13,125,9.142024282482453e-06,6.321443652268499e-05,0.855380751844529,9.058024261321409e-06,40,1,1,same_source_cyclic_next_latent,False,r16_d4,123,1.02512867670157e-05,6.321443652268499e-05,0.8378331385847765,1.2408556358423084e-05,40,1,1,same_source_cyclic_next_latent,False,ljonly_r16_d4,4,-1.1092624845332466e-06
validation,lj_noisy,13,149,1.4173355339153204e-05,8.989958587335423e-05,0.8423423734218323,1.38324194267625e-05,40,1,1,same_source_cyclic_next_latent,False,r16_d4,123,1.5453590094693936e-05,8.989958587335423e-05,0.8281016542560704,1.8801947589963675e-05,40,1,1,same_source_cyclic_next_latent,False,ljonly_r16_d4,4,-1.2802347555407323e-06
validation,lj_noisy,13,175,2.324384513485711e-05,0.0001256491668755,0.8150099542014084,2.2499847545986995e-05,40,1,1,same_source_cyclic_next_latent,False,r16_d4,123,2.4717561245779507e-05,0.0001256491668755,0.8032811369910053,2.9725923013756983e-05,40,1,1,same_source_cyclic_next_latent,False,ljonly_r16_d4,4,-1.4737161109223962e-06
validation,lj_noisy,13,199,3.435673352214508e-05,0.0001638034591451,0.7902563614868154,3.261569872847758e-05,40,1,1,same_source_cyclic_next_latent,False,r16_d4,123,3.550836845533922e-05,0.0001638034591451,0.7832257716616409,4.213380452711135e-05,40,1,1,same_source_cyclic_next_latent,False,ljonly_r16_d4,4,-1.1516349331941456e-06
validation,lj_noisy,40,0,3.138264617064124e-07,0.0,,2.5329140953544997e-06,132,1,1,same_source_cyclic_next_latent,False,r16_d4,123,9.753598533279728e-07,0.0,,2.2180424821272027e-06,132,1,1,same_source_cyclic_next_latent,False,ljonly_r16_d4,4,-6.615333916215604e-07
validation,lj_noisy,40,5,1.4702217754347657e-07,9.645786747114472e-08,-0.5242113618928816,2.312888909727917e-06,132,1,1,same_source_cyclic_next_latent,False,r16_d4,123,7.409824434034817e-07,9.645786747114472e-08,-6.68192852309477,2.067444029307808e-06,132,1,1,same_source_cyclic_next_latent,False,ljonly_r16_d4,4,-5.939602658600052e-07
validation,lj_noisy,40,10,7.035031757141041e-08,4.181624433385878e-07,0.8317631851159635,2.098972800013144e-06,132,1,1,same_source_cyclic_next_latent,False,r16_d4,123,5.779192520094512e-07,4.181624433385878e-07,-0.3820448517455874,1.957634594873525e-06,132,1,1,same_source_cyclic_next_latent,False,ljonly_r16_d4,4,-5.075689344380407e-07
validation,lj_noisy,40,25,4.739307257750625e-07,2.9362895475060213e-06,0.8385953707536772,1.9618375972640933e-06,132,1,1,same_source_cyclic_next_latent,False,r16_d4,123,5.721414595427632e-07,2.9362895475060213e-06,0.8051481469091768,2.2792912659497237e-06,132,1,1,same_source_cyclic_next_latent,False,ljonly_r16_d4,4,-9.821073376770068e-08
validation,lj_noisy,40,50,2.7081823645858094e-06,1.2648867595999036e-05,0.7858952713330295,3.2194934647122864e-06,132,1,1,same_source_cyclic_next_latent,False,r16_d4,123,1.866794718807796e-06,1.2648867595999036e-05,0.8524140833446401,4.789584181708051e-06,132,1,1,same_source_cyclic_next_latent,False,ljonly_r16_d4,4,8.413876457780134e-07
validation,lj_noisy,40,75,6.144079634395894e-06,2.948326982732397e-05,0.7916079298402039,6.282276444835588e-06,132,1,1,same_source_cyclic_next_latent,False,r16_d4,123,4.841002464672783e-06,2.948326982732397e-05,0.8358051025878301,9.260887054551858e-06,132,1,1,same_source_cyclic_next_latent,False,ljonly_r16_d4,4,1.3030771697231103e-06
validation,lj_noisy,40,100,1.105735827877652e-05,5.388597855926491e-05,0.7948008262183565,1.176366913568927e-05,132,1,1,same_source_cyclic_next_latent,False,r16_d4,123,9.915891496348196e-06,5.388597855926491e-05,0.8159838280482836,1.6984604371828027e-05,132,1,1,same_source_cyclic_next_latent,False,ljonly_r16_d4,4,1.1414667824283242e-06
validation,lj_noisy,40,125,1.771423194441013e-05,8.557874389225617e-05,0.7930066376445957,1.91834715224104e-05,132,1,1,same_source_cyclic_next_latent,False,r16_d4,123,1.6701935237506405e-05,8.557874389225617e-05,0.8048354710775589,2.948783730971627e-05,132,1,1,same_source_cyclic_next_latent,False,ljonly_r16_d4,4,1.0122967069037259e-06
validation,lj_noisy,40,149,2.5664749045972712e-05,0.0001225326122948,0.7905476055288261,2.7742338716052476e-05,132,1,1,same_source_cyclic_next_latent,False,r16_d4,123,2.4433398721157573e-05,0.0001225326122948,0.8005967695983208,4.614573481376283e-05,132,1,1,same_source_cyclic_next_latent,False,ljonly_r16_d4,4,1.2313503248151392e-06
validation,lj_noisy,40,175,3.718023435794749e-05,0.0001704702153801,0.7818960087835513,4.0336180973099545e-05,132,1,1,same_source_cyclic_next_latent,False,r16_d4,123,3.507668952806853e-05,0.0001704702153801,0.7942356707308745,6.86191488057375e-05,132,1,1,same_source_cyclic_next_latent,False,ljonly_r16_d4,4,2.103544829878963e-06
validation,lj_noisy,40,199,5.124440576764755e-05,0.0002223484916612,0.7695311293331427,5.596367918769829e-05,132,1,1,same_source_cyclic_next_latent,False,r16_d4,123,4.739085488836281e-05,0.0002223484916612,0.7868622605249641,9.396480163559318e-05,132,1,1,same_source_cyclic_next_latent,False,ljonly_r16_d4,4,3.8535508792847395e-06
validation,lj_noisy,132,0,1.6147467931659776e-06,0.0,,7.499718179815319e-08,61,1,1,same_source_cyclic_next_latent,False,r16_d4,123,1.498054530202353e-06,0.0,,3.902682692569215e-07,61,1,1,same_source_cyclic_next_latent,False,ljonly_r16_d4,4,1.1669226296362467e-07
validation,lj_noisy,132,5,1.3223461792222224e-06,1.029204241831394e-07,-11.848238721492285,4.9705402460631376e-08,61,1,1,same_source_cyclic_next_latent,False,r16_d4,123,1.2670344631260375e-06,1.029204241831394e-07,-11.31081656709306,2.0304095471601613e-07,61,1,1,same_source_cyclic_next_latent,False,ljonly_r16_d4,4,5.5311716096184894e-08
validation,lj_noisy,132,10,1.0672764574337634e-06,4.412522969232669e-07,-1.4187442532890913,1.7303459287631997e-07,61,1,1,same_source_cyclic_next_latent,False,r16_d4,123,1.0891239980992395e-06,4.412522969232669e-07,-1.4682568355868222,1.1382567777218357e-07,61,1,1,same_source_cyclic_next_latent,False,ljonly_r16_d4,4,-2.1847540665476117e-08
validation,lj_noisy,132,25,8.299664955302433e-07,3.067184479732532e-06,0.7294044420821343,1.4669479924123152e-06,61,1,1,same_source_cyclic_next_latent,False,r16_d4,123,1.0919742408077582e-06,3.067184479732532e-06,0.6439815576717506,3.9960261233318317e-07,61,1,1,same_source_cyclic_next_latent,False,ljonly_r16_d4,4,-2.620077452775149e-07
validation,lj_noisy,132,50,2.2874098704050998e-06,1.3521135770133696e-05,0.8308270910600817,5.871468147233827e-06,61,1,1,same_source_cyclic_next_latent,False,r16_d4,123,2.808434601320186e-06,1.3521135770133696e-05,0.792292996012685,2.375965550527326e-06,61,1,1,same_source_cyclic_next_latent,False,ljonly_r16_d4,4,-5.210247309150864e-07
validation,lj_noisy,132,75,6.237478373805061e-06,3.2666182960383594e-05,0.8090539570732933,1.1191446901648304e-05,61,1,1,same_source_cyclic_next_latent,False,r16_d4,123,6.510712864837842e-06,3.2666182960383594e-05,0.8006895120640876,6.642595508310478e-06,61,1,1,same_source_cyclic_next_latent,False,ljonly_r16_d4,4,-2.732344910327811e-07
validation,lj_noisy,132,100,1.322326988884015e-05,6.118311284808442e-05,0.783873862029984,1.7476877474109642e-05,61,1,1,same_source_cyclic_next_latent,False,r16_d4,123,1.3119997674948536e-05,6.118311284808442e-05,0.7855617822596728,1.3876117918698584e-05,61,1,1,same_source_cyclic_next_latent,False,ljonly_r16_d4,4,1.0327221389161423e-07
validation,lj_noisy,132,125,2.558882988523692e-05,0.0001014992230921,0.7478913719170402,2.9308341254363768e-05,61,1,1,same_source_cyclic_next_latent,False,r16_d4,123,2.535144449211657e-05,0.0001014992230921,0.7502301621647738,2.638894147821702e-05,61,1,1,same_source_cyclic_next_latent,False,ljonly_r16_d4,4,2.3738539312034845e-07
validation,lj_noisy,132,149,4.25335492764134e-05,0.000150934967678,0.7181995005481976,4.6554894652217627e-05,61,1,1,same_source_cyclic_next_latent,False,r16_d4,123,4.388741581351496e-05,0.000150934967678,0.7092296338703215,4.354304473963566e-05,61,1,1,same_source_cyclic_next_latent,False,ljonly_r16_d4,4,-1.35386653710156e-06
validation,lj_noisy,132,175,6.456641131080687e-05,0.0002120805875165,0.6955571838663841,6.877270061522722e-05,61,1,1,same_source_cyclic_next_latent,False,r16_d4,123,7.063202792778611e-05,0.0002120805875165,0.66695665664224,6.64706967654638e-05,61,1,1,same_source_cyclic_next_latent,False,ljonly_r16_d4,4,-6.065616616979241e-06
validation,lj_noisy,132,199,8.253188570961356e-05,0.0002682431077118,0.6923243008418465,8.60903674038127e-05,61,1,1,same_source_cyclic_next_latent,False,r16_d4,123,9.503663750365376e-05,0.0002682431077118,0.645707066569901,8.61453590914607e-05,61,1,1,same_source_cyclic_next_latent,False,ljonly_r16_d4,4,-1.2504751794040203e-05
validation,lj_noisy,61,0,1.088422010298018e-07,0.0,,2.0210438833601074e-06,188,1,1,same_source_cyclic_next_latent,False,r16_d4,123,7.975290259309986e-07,0.0,,2.2904016532265814e-06,188,1,1,same_source_cyclic_next_latent,False,ljonly_r16_d4,4,-6.886868249011968e-07
validation,lj_noisy,61,5,3.7941394026574926e-08,9.96304834188777e-08,0.6191788624867206,1.679388105912949e-06,188,1,1,same_source_cyclic_next_latent,False,r16_d4,123,5.62320792596438e-07,9.96304834188777e-08,-4.644063677100366,1.973793132492574e-06,188,1,1,same_source_cyclic_next_latent,False,ljonly_r16_d4,4,-5.24379398569863e-07
validation,lj_noisy,61,10,7.30926785763586e-08,4.162667153195798e-07,0.8244090245835696,1.3679024277735152e-06,188,1,1,same_source_cyclic_next_latent,False,r16_d4,123,4.105593802705698e-07,4.162667153195798e-07,0.0137107648509161,1.7832803678174969e-06,188,1,1,same_source_cyclic_next_latent,False,ljonly_r16_d4,4,-3.374667016942112e-07
validation,lj_noisy,61,25,7.062321856210474e-07,2.741091520874761e-06,0.7423536645008961,8.979039307632775e-07,188,1,1,same_source_cyclic_next_latent,False,r16_d4,123,4.2204092665087966e-07,2.741091520874761e-06,0.8460318003113613,2.067422656182316e-06,188,1,1,same_source_cyclic_next_latent,False,ljonly_r16_d4,4,2.8419125897016773e-07
validation,lj_noisy,61,50,2.215409949712921e-06,1.1338017429807223e-05,0.8046034094207077,1.6626627257210205e-06,188,1,1,same_source_cyclic_next_latent,False,r16_d4,123,1.4465516642303555e-06,1.1338017429807223e-05,0.8724158193276873,3.5487910281517543e-06,188,1,1,same_source_cyclic_next_latent,False,ljonly_r16_d4,4,7.688582854825654e-07
validation,lj_noisy,61,75,2.8883378035970964e-06,2.6031604647869244e-05,0.889044957363644,4.154148882662412e-06,188,1,1,same_source_cyclic_next_latent,False,r16_d4,123,3.334789425935014e-06,2.6031604647869244e-05,0.8718945884802389,5.661368049914017e-06,188,1,1,same_source_cyclic_next_latent,False,ljonly_r16_d4,4,-4.464516223379178e-07
validation,lj_noisy,61,100,4.3142663344042376e-06,4.705508763436228e-05,0.9083145616914392,8.045913091336843e-06,188,1,1,same_source_cyclic_next_latent,False,r16_d4,123,5.970704933133675e-06,4.705508763436228e-05,0.8731124468510494,8.472183253616095e-06,188,1,1,same_source_cyclic_next_latent,False,ljonly_r16_d4,4,-1.6564385987294372e-06
validation,lj_noisy,61,125,7.5042867138108704e-06,7.433142309309915e-05,0.8990428757914153,1.219260593643412e-05,188,1,1,same_source_cyclic_next_latent,False,r16_d4,123,9.081272764888126e-06,7.433142309309915e-05,0.8778272716033709,1.1632967471086886e-05,188,1,1,same_source_cyclic_next_latent,False,ljonly_r16_d4,4,-1.576986051077256e-06
validation,lj_noisy,61,149,1.1162863302160986e-05,0.0001063243253156,0.8950112002213904,1.5950010492815636e-05,188,1,1,same_source_cyclic_next_latent,False,r16_d4,123,1.26182749227155e-05,0.0001063243253156,0.8813227839889458,1.52758711919887e-05,188,1,1,same_source_cyclic_next_latent,False,ljonly_r16_d4,4,-1.4554116205545142e-06
validation,lj_noisy,61,175,1.5295578123186715e-05,0.0001481663784943,0.8967675509206715,2.0222560124238956e-05,188,1,1,same_source_cyclic_next_latent,False,r16_d4,123,1.7177042536786757e-05,0.0001481663784943,0.8840692287188384,2.0036295609315857e-05,188,1,1,same_source_cyclic_next_latent,False,ljonly_r16_d4,4,-1.8814644136000425e-06
validation,lj_noisy,61,199,2.065599983325228e-05,0.0001944780233316,0.8937874857045883,2.609836883493699e-05,188,1,1,same_source_cyclic_next_latent,False,r16_d4,123,2.2898466340848245e-05,0.0001944780233316,0.8822567920602363,2.6556408556643877e-05,188,1,1,same_source_cyclic_next_latent,False,ljonly_r16_d4,4,-2.2424665075959638e-06
validation,lj_noisy,188,0,1.0671465133782476e-06,0.0,,8.837488394419779e-07,67,1,1,same_source_cyclic_next_latent,False,r16_d4,123,1.3109400924804504e-06,0.0,,1.082933522411622e-06,67,1,1,same_source_cyclic_next_latent,False,ljonly_r16_d4,4,-2.437935791022028e-07
validation,lj_noisy,188,5,7.712604315202043e-07,9.160689984355487e-08,-7.419239520574907,6.228011670827982e-07,67,1,1,same_source_cyclic_next_latent,False,r16_d4,123,1.0165988442167873e-06,9.160689984355487e-08,-10.09740473646551,8.418869015258679e-07,67,1,1,same_source_cyclic_next_latent,False,ljonly_r16_d4,4,-2.4533841269658296e-07
validation,lj_noisy,188,10,5.461012051455327e-07,3.833892776583525e-07,-0.4244039595498985,4.310099370741227e-07,67,1,1,same_source_cyclic_next_latent,False,r16_d4,123,8.388528272007534e-07,3.833892776583525e-07,-1.1879924037632463,6.872419930914475e-07,67,1,1,same_source_cyclic_next_latent,False,ljonly_r16_d4,4,-2.9275162205522065e-07
validation,lj_noisy,188,25,4.524074768141873e-07,2.6204288587905467e-06,0.8273536504162167,4.047812751650781e-07,67,1,1,same_source_cyclic_next_latent,False,r16_d4,123,1.0157856422665643e-06,2.6204288587905467e-06,0.6123590080077967,7.624164481967455e-07,67,1,1,same_source_cyclic_next_latent,False,ljonly_r16_d4,4,-5.633781654523771e-07
validation,lj_noisy,188,50,1.7289885363425128e-06,1.1088137398473918e-05,0.8440686226903649,1.8194527910964096e-06,67,1,1,same_source_cyclic_next_latent,False,r16_d4,123,2.400174707872793e-06,1.1088137398473918e-05,0.7835367094023263,2.0805975964321988e-06,67,1,1,same_source_cyclic_next_latent,False,ljonly_r16_d4,4,-6.711861715302803e-07
validation,lj_noisy,188,75,4.324570454627974e-06,2.5567558623151854e-05,0.8308571217780644,4.6058657972025685e-06,67,1,1,same_source_cyclic_next_latent,False,r16_d4,123,4.862978130404372e-06,2.5567558623151854e-05,0.8097988860774191,4.635470759239979e-06,67,1,1,same_source_cyclic_next_latent,False,ljonly_r16_d4,4,-5.384076757763978e-07
validation,lj_noisy,188,100,8.332720426551532e-06,4.645999797503464e-05,0.820647421658754,8.711142982065212e-06,67,1,1,same_source_cyclic_next_latent,False,r16_d4,123,8.286369848065078e-06,4.645999797503464e-05,0.821645066525449,8.386040462937672e-06,67,1,1,same_source_cyclic_next_latent,False,ljonly_r16_d4,4,4.635057848645374e-08
validation,lj_noisy,188,125,1.3573137039202264e-05,7.364279736066237e-05,0.8156895511080544,1.4235682101571e-05,67,1,1,same_source_cyclic_next_latent,False,r16_d4,123,1.2847975085605867e-05,7.364279736066237e-05,0.825536569140856,1.3386644241109025e-05,67,1,1,same_source_cyclic_next_latent,False,ljonly_r16_d4,4,7.251619535963965e-07
validation,lj_noisy,188,149,1.9375547708477825e-05,0.000105726372567,0.8167387451395032,2.058710197161417e-05,67,1,1,same_source_cyclic_next_latent,False,r16_d4,123,1.8610968254506588e-05,0.000105726372567,0.8239704266528992,1.9331677322043103e-05,67,1,1,same_source_cyclic_next_latent,False,ljonly_r16_d4,4,7.645794539712369e-07
validation,lj_noisy,188,175,2.696664523682557e-05,0.000146960519487,0.8165041513805754,2.872281584131997e-05,67,1,1,same_source_cyclic_next_latent,False,r16_d4,123,2.7005937226931565e-05,0.000146960519487,0.8162367871235413,2.743583172559738e-05,67,1,1,same_source_cyclic_next_latent,False,ljonly_r16_d4,4,-3.9291990105994046e-08
validation,lj_noisy,188,199,3.592763459892012e-05,0.0001916797627927,0.8125642786935116,3.788567482843064e-05,67,1,1,same_source_cyclic_next_latent,False,r16_d4,123,3.7375033571152017e-05,0.0001916797627927,0.8050131478326251,3.709033990162425e-05,67,1,1,same_source_cyclic_next_latent,False,ljonly_r16_d4,4,-1.4473989722318947e-06
validation,lj_noisy,67,0,1.1125222272312385e-06,0.0,,1.2428392892616102e-07,15,1,1,same_source_cyclic_next_latent,False,r16_d4,123,1.3175937283449457e-06,0.0,,5.939940024290991e-07,15,1,1,same_source_cyclic_next_latent,False,ljonly_r16_d4,4,-2.050715011137072e-07
validation,lj_noisy,67,5,8.495749170833733e-07,8.974264886774108e-08,-8.46679118348112,4.7687887416714154e-08,15,1,1,same_source_cyclic_next_latent,False,r16_d4,123,1.08340566384868e-06,8.974264886774108e-08,-11.072361107207314,3.8098528420960076e-07,15,1,1,same_source_cyclic_next_latent,False,ljonly_r16_d4,4,-2.3383074676530669e-07
validation,lj_noisy,67,10,6.364746241160901e-07,3.756259161491471e-07,-0.694437462252657,7.3251882781733e-08,15,1,1,same_source_cyclic_next_latent,False,r16_d4,123,9.182967914966866e-07,3.756259161491471e-07,-1.4447109531496358,2.4473797566315625e-07,15,1,1,same_source_cyclic_next_latent,False,ljonly_r16_d4,4,-2.818221673805965e-07
validation,lj_noisy,67,25,3.9384579508805473e-07,2.4605394628451904e-06,0.8399351845254943,7.458476716237783e-07,15,1,1,same_source_cyclic_next_latent,False,r16_d4,123,8.377206199838838e-07,2.4605394628451904e-06,0.659537823865989,2.274343984254301e-07,15,1,1,same_source_cyclic_next_latent,False,ljonly_r16_d4,4,-4.438748248958291e-07
validation,lj_noisy,67,50,1.0337454341424746e-06,1.0304262104909869e-05,0.8996778785693051,3.168010607623728e-06,15,1,1,same_source_cyclic_next_latent,False,r16_d4,123,1.5326871789511642e-06,1.0304262104909869e-05,0.8512569688788433,9.972044381356682e-07,15,1,1,same_source_cyclic_next_latent,False,ljonly_r16_d4,4,-4.989417448086897e-07
validation,lj_noisy,67,75,2.827172693287139e-06,2.4312985260621645e-05,0.8837175828890849,6.015281996951671e-06,15,1,1,same_source_cyclic_next_latent,False,r16_d4,123,3.0808760129730217e-06,2.4312985260621645e-05,0.8732826931803006,2.766475745374919e-06,15,1,1,same_source_cyclic_next_latent,False,ljonly_r16_d4,4,-2.537033196858829e-07
validation,lj_noisy,67,100,5.618187060463242e-06,4.4734984840033576e-05,0.8744117812814034,8.164212886185851e-06,15,1,1,same_source_cyclic_next_latent,False,r16_d4,123,5.585842245636741e-06,4.4734984840033576e-05,0.8751348130414937,5.434426384454127e-06,15,1,1,same_source_cyclic_next_latent,False,ljonly_r16_d4,4,3.2344814826501533e-08
validation,lj_noisy,67,125,9.324510756414384e-06,7.140247180359438e-05,0.8694091321927458,1.062738010659814e-05,15,1,1,same_source_cyclic_next_latent,False,r16_d4,123,9.1575411715894e-06,7.140247180359438e-05,0.8717475608298422,9.062272511073388e-06,15,1,1,same_source_cyclic_next_latent,False,ljonly_r16_d4,4,1.6696958482498303e-07
validation,lj_noisy,67,149,1.3619979654322378e-05,0.0001028560582199,0.8675821347809973,1.4686248505313417e-05,15,1,1,same_source_cyclic_next_latent,False,r16_d4,123,1.3632632544613443e-05,0.0001028560582199,0.8674591192726253,1.3617936929222196e-05,15,1,1,same_source_cyclic_next_latent,False,ljonly_r16_d4,4,-1.2652890291064978e-08
validation,lj_noisy,67,175,1.9135170077788644e-05,0.0001433728903066,0.8665356467539744,2.0706100258394144e-05,15,1,1,same_source_cyclic_next_latent,False,r16_d4,123,1.976733619812876e-05,0.0001433728903066,0.8621264023076354,2.019748353632167e-05,15,1,1,same_source_cyclic_next_latent,False,ljonly_r16_d4,4,-6.321661203401163e-07
validation,lj_noisy,67,199,2.5418637960683554e-05,0.0001868223625933,0.8639422090169793,2.7588597731664777e-05,15,1,1,same_source_cyclic_next_latent,False,r16_d4,123,2.6892124878941104e-05,0.0001868223625933,0.8560551076132537,2.894407407438848e-05,15,1,1,same_source_cyclic_next_latent,False,ljonly_r16_d4,4,-1.4734869182575494e-06
validation,lj_noisy,15,0,3.379007011972135e-07,0.0,,5.799878977086337e-07,79,1,1,same_source_cyclic_next_latent,False,r16_d4,456,5.600245458481368e-07,0.0,,8.167000373759947e-07,79,1,1,same_source_cyclic_next_latent,False,ljonly_r16_d4,4,-2.2212384465092327e-07
validation,lj_noisy,15,5,1.7003733887577257e-07,9.055690952664008e-08,-0.8776848698193578,3.88689471719772e-07,79,1,1,same_source_cyclic_next_latent,False,r16_d4,456,2.966335443943535e-07,9.055690952664008e-08,-2.275658875119736,5.348435934138251e-07,79,1,1,same_source_cyclic_next_latent,False,ljonly_r16_d4,4,-1.2659620551858095e-07
validation,lj_noisy,15,10,8.279465646410246e-08,3.651525162240432e-07,0.7732600686412827,2.693377325613256e-07,79,1,1,same_source_cyclic_next_latent,False,r16_d4,456,1.5835784950013476e-07,3.651525162240432e-07,0.5663240907178286,3.712220006946154e-07,79,1,1,same_source_cyclic_next_latent,False,ljonly_r16_d4,4,-7.55631930360323e-08
validation,lj_noisy,15,25,2.755458012870804e-07,2.382581669735373e-06,0.8843499029698804,2.802489973419142e-07,79,1,1,same_source_cyclic_next_latent,False,r16_d4,456,2.590049632544833e-07,2.382581669735373e-06,0.8912923042494277,3.752102486487274e-07,79,1,1,same_source_cyclic_next_latent,False,ljonly_r16_d4,4,1.6540838032597094e-08
validation,lj_noisy,15,50,1.6208140323215048e-06,1.0002500857808627e-05,0.837959120887634,1.2949669780937256e-06,79,1,1,same_source_cyclic_next_latent,False,r16_d4,456,1.3561752894020174e-06,1.0002500857808627e-05,0.8644163785956294,1.5892471765255325e-06,79,1,1,same_source_cyclic_next_latent,False,ljonly_r16_d4,4,2.646387429194874e-07
validation,lj_noisy,15,75,3.861475306621287e-06,2.349700662307441e-05,0.8356609687112544,3.998446572950343e-06,79,1,1,same_source_cyclic_next_latent,False,r16_d4,456,3.650856342574116e-06,2.349700662307441e-05,0.8446246195892493,4.145894763496472e-06,79,1,1,same_source_cyclic_next_latent,False,ljonly_r16_d4,4,2.1061896404717118e-07
validation,lj_noisy,15,100,8.061595508479513e-06,4.446260936674662e-05,0.8186882051391985,9.465417861065362e-06,79,1,1,same_source_cyclic_next_latent,False,r16_d4,456,8.169228749466129e-06,4.446260936674662e-05,0.8162674466070393,8.693774361745454e-06,79,1,1,same_source_cyclic_next_latent,False,ljonly_r16_d4,4,-1.0763324098661542e-07
validation,lj_noisy,15,125,1.4625401490775404e-05,7.343651668634266e-05,0.8008429300474248,1.6898678950383328e-05,79,1,1,same_source_cyclic_next_latent,False,r16_d4,456,1.5018179510661868e-05,7.343651668634266e-05,0.7954943917777779,1.5393245121231303e-05,79,1,1,same_source_cyclic_next_latent,False,ljonly_r16_d4,4,-3.927780198864639e-07
validation,lj_noisy,15,149,2.0939032765454613e-05,0.0001065276956069,0.8034404795282853,2.3204156605061144e-05,79,1,1,same_source_cyclic_next_latent,False,r16_d4,456,2.140360993507784e-05,0.0001065276956069,0.7990793866972018,2.176051566493697e-05,79,1,1,same_source_cyclic_next_latent,False,ljonly_r16_d4,4,-4.6457716962322593e-07
validation,lj_noisy,15,175,2.852883699233644e-05,0.0001508055138401,0.8108236478503515,2.990517532452941e-05,79,1,1,same_source_cyclic_next_latent,False,r16_d4,456,2.911500087066088e-05,0.0001508055138401,0.8069367615993244,2.9612307116622105e-05,79,1,1,same_source_cyclic_next_latent,False,ljonly_r16_d4,4,-5.861638783244382e-07
validation,lj_noisy,15,199,3.8388589018723e-05,0.0002030775794992,0.8109658923777452,3.86046122002881e-05,79,1,1,same_source_cyclic_next_latent,False,r16_d4,456,3.934068081434816e-05,0.0002030775794992,0.8062775767203842,3.996336454292759e-05,79,1,1,same_source_cyclic_next_latent,False,ljonly_r16_d4,4,-9.520917956251583e-07
validation,lj_noisy,79,0,5.395123139351199e-07,0.0,,2.2099777652329067e-06,75,1,1,same_source_cyclic_next_latent,False,r16_d4,456,7.332842528740002e-07,0.0,,1.5590408111165743e-06,75,1,1,same_source_cyclic_next_latent,False,ljonly_r16_d4,4,-1.9377193893888034e-07
validation,lj_noisy,79,5,3.283583396296308e-07,1.0333684485885897e-07,-2.177553370030931,1.8795327605403145e-06,75,1,1,same_source_cyclic_next_latent,False,r16_d4,456,4.400102113777393e-07,1.0333684485885897e-07,-3.2580186377735885,1.1997860838164345e-06,75,1,1,same_source_cyclic_next_latent,False,ljonly_r16_d4,4,-1.1165187174810853e-07
validation,lj_noisy,79,10,1.8511168775603442e-07,4.55465340110095e-07,0.5935767852032622,1.5692100987507729e-06,75,1,1,same_source_cyclic_next_latent,False,r16_d4,456,2.46824924943212e-07,4.55465340110095e-07,0.4580818709859471,9.17087390917004e-07,75,1,1,same_source_cyclic_next_latent,False,ljonly_r16_d4,4,-6.171323718717758e-08
validation,lj_noisy,79,25,3.363255700605805e-07,3.182375849064556e-06,0.8943162008474135,1.195623553940095e-06,75,1,1,same_source_cyclic_next_latent,False,r16_d4,456,3.3402469057364215e-07,3.182375849064556e-06,0.8950392076813217,8.602231105214742e-07,75,1,1,same_source_cyclic_next_latent,False,ljonly_r16_d4,4,2.3008794869383564e-09
validation,lj_noisy,79,50,1.7452026668252074e-06,1.3238345673016738e-05,0.8681706377872884,2.180957153541385e-06,75,1,1,same_source_cyclic_next_latent,False,r16_d4,456,1.7449380038669917e-06,1.3238345673016738e-05,0.8681906299347026,2.2871279270475497e-06,75,1,1,same_source_cyclic_next_latent,False,ljonly_r16_d4,4,2.6466295821571036e-10
validation,lj_noisy,79,75,3.980446763307555e-06,3.010093496413901e-05,0.8677633512696635,4.693839855463011e-06,75,1,1,same_source_cyclic_next_latent,False,r16_d4,456,4.190528670733329e-06,3.010093496413901e-05,0.8607841026956223,4.4130656533525325e-06,75,1,1,same_source_cyclic_next_latent,False,ljonly_r16_d4,4,-2.1008190742577426e-07
validation,lj_noisy,79,100,7.237835689011263e-06,5.402554961619899e-05,0.8660293927515903,8.227959369833115e-06,75,1,1,same_source_cyclic_next_latent,False,r16_d4,456,7.405472842947347e-06,5.402554961619899e-05,0.8629264691325437,7.317916242755018e-06,75,1,1,same_source_cyclic_next_latent,False,ljonly_r16_d4,4,-1.6763715393608436e-07
validation,lj_noisy,79,125,1.1718960195139516e-05,8.518932736478746e-05,0.8624362868254847,1.270502707484411e-05,75,1,1,same_source_cyclic_next_latent,False,r16_d4,456,1.1713638741639444e-05,8.518932736478746e-05,0.862498753024769,1.116346084018005e-05,75,1,1,same_source_cyclic_next_latent,False,ljonly_r16_d4,4,5.321453500071709e-09
validation,lj_noisy,79,149,1.7275551726925187e-05,0.0001221718266606,0.8585962721592685,1.7996120732277632e-05,75,1,1,same_source_cyclic_next_latent,False,r16_d4,456,1.7249454685952514e-05,0.0001221718266606,0.8588098814805498,1.6171370589290746e-05,75,1,1,same_source_cyclic_next_latent,False,ljonly_r16_d4,4,2.6097040972672403e-08
validation,lj_noisy,79,175,2.5322462533949874e-05,0.0001701186993159,0.8511482709674241,2.5287872631452046e-05,75,1,1,same_source_cyclic_next_latent,False,r16_d4,456,2.51568817475345e-05,0.0001701186993159,0.8521215959874318,2.320888415852096e-05,75,1,1,same_source_cyclic_next_latent,False,ljonly_r16_d4,4,1.6558078641537577e-07
validation,lj_noisy,79,199,3.525902866385877e-05,0.0002213792467955,0.8407301986332012,3.40050901286304e-05,75,1,1,same_source_cyclic_next_latent,False,r16_d4,456,3.446567279752344e-05,0.0002213792467955,0.8443138943852606,3.1071696867002174e-05,75,1,1,same_source_cyclic_next_latent,False,ljonly_r16_d4,4,7.933558663353324e-07
validation,lj_noisy,75,0,1.3481512723956255e-06,0.0,,3.824019074727403e-07,181,1,1,same_source_cyclic_next_latent,False,r16_d4,456,9.271998351323418e-07,0.0,,3.241363515371632e-07,181,1,1,same_source_cyclic_next_latent,False,ljonly_r16_d4,4,4.2095143726328367e-07
validation,lj_noisy,75,5,1.0566894843577757e-06,9.145860246917437e-08,-10.55374623960526,2.0312302240199642e-07,181,1,1,same_source_cyclic_next_latent,False,r16_d4,456,6.528124458782258e-07,9.145860246917437e-08,-6.137791615591905,1.431488527714464e-07,181,1,1,same_source_cyclic_next_latent,False,ljonly_r16_d4,4,4.038770384795498e-07
validation,lj_noisy,75,10,8.268274882539117e-07,3.900833291936579e-07,-1.1196175954585108,1.0684860285437027e-07,181,1,1,same_source_cyclic_next_latent,False,r16_d4,456,4.76619902656239e-07,3.900833291936579e-07,-0.2218412502822437,7.993894257651847e-08,181,1,1,same_source_cyclic_next_latent,False,ljonly_r16_d4,4,3.5020758559767273e-07
validation,lj_noisy,75,25,6.69402879793779e-07,2.673331437108573e-06,0.7495997426649824,4.6120152319417684e-07,181,1,1,same_source_cyclic_next_latent,False,r16_d4,456,5.801420570605842e-07,2.673331437108573e-06,0.7829891015354028,5.382244694374094e-07,181,1,1,same_source_cyclic_next_latent,False,ljonly_r16_d4,4,8.92608227331948e-08
validation,lj_noisy,75,50,1.955742618520162e-06,1.1298255230940413e-05,0.8268987043977962,2.6680836526793428e-06,181,1,1,same_source_cyclic_next_latent,False,r16_d4,456,2.076255668725935e-06,1.1298255230940413e-05,0.8162321857413805,2.5719336917973123e-06,181,1,1,same_source_cyclic_next_latent,False,ljonly_r16_d4,4,-1.2051305020577274e-07
validation,lj_noisy,75,75,4.850389814237133e-06,2.6090825485880487e-05,0.8140959619364283,5.967152901575901e-06,181,1,1,same_source_cyclic_next_latent,False,r16_d4,456,5.016492195863975e-06,2.6090825485880487e-05,0.8077296481639211,6.169047992443666e-06,181,1,1,same_source_cyclic_next_latent,False,ljonly_r16_d4,4,-1.6610238162684254e-07
validation,lj_noisy,75,100,9.021125151775776e-06,4.721252480521798e-05,0.8089251699841574,1.0103883141709956e-05,181,1,1,same_source_cyclic_next_latent,False,r16_d4,456,9.383908945892472e-06,4.721252480521798e-05,0.8012411116624851,1.1235795682296155e-05,181,1,1,same_source_cyclic_next_latent,False,ljonly_r16_d4,4,-3.627837941166962e-07
validation,lj_noisy,75,125,1.4494755305349829e-05,7.473392179235816e-05,0.8060485124061565,1.568509469507262e-05,181,1,1,same_source_cyclic_next_latent,False,r16_d4,456,1.5400781194330193e-05,7.473392179235816e-05,0.7939251570776661,1.7947179003385827e-05,181,1,1,same_source_cyclic_next_latent,False,ljonly_r16_d4,4,-9.060258889803646e-07
validation,lj_noisy,75,149,2.0889539882773533e-05,0.0001070998841896,0.8049527313607564,2.2705216906615533e-05,181,1,1,same_source_cyclic_next_latent,False,r16_d4,456,2.2677253582514822e-05,0.0001070998841896,0.7882607086450698,2.6027808416984044e-05,181,1,1,same_source_cyclic_next_latent,False,ljonly_r16_d4,4,-1.787713699741289e-06
validation,lj_noisy,75,175,2.9445245672832243e-05,0.0001485866087023,0.8018310941343053,3.26034460158553e-05,181,1,1,same_source_cyclic_next_latent,False,r16_d4,456,3.245743937441148e-05,0.0001485866087023,0.7815587847526843,3.702492904267274e-05,181,1,1,same_source_cyclic_next_latent,False,ljonly_r16_d4,4,-3.0121937015792355e-06
validation,lj_noisy,75,199,3.900697993231006e-05,0.0001919504866236,0.7967862409810763,4.4275406253291294e-05,181,1,1,same_source_cyclic_next_latent,False,r16_d4,456,4.328372597228736e-05,0.0001919504866236,0.7745057762883151,4.921883009956218e-05,181,1,1,same_source_cyclic_next_latent,False,ljonly_r16_d4,4,-4.276746039977297e-06
validation,lj_noisy,181,0,6.474705855907814e-07,0.0,,7.184378318925155e-07,31,1,1,same_source_cyclic_next_latent,False,r16_d4,456,6.034725288373011e-07,0.0,,6.437568345063482e-07,31,1,1,same_source_cyclic_next_latent,False,ljonly_r16_d4,4,4.399805675348034e-08
validation,lj_noisy,181,5,4.361638161753945e-07,8.917994165358324e-08,-3.8908286783776953,4.999398015570478e-07,31,1,1,same_source_cyclic_next_latent,False,r16_d4,456,3.428734487442853e-07,8.917994165358324e-08,-2.844737307366344,3.735768245860527e-07,31,1,1,same_source_cyclic_next_latent,False,ljonly_r16_d4,4,9.329036743110919e-08
validation,lj_noisy,181,10,2.85126787957779e-07,3.5931097386310284e-07,0.2064623440462687,3.570297053556715e-07,31,1,1,same_source_cyclic_next_latent,False,r16_d4,456,1.8701990711633698e-07,3.5931097386310284e-07,0.4795040488031645,2.175978295326786e-07,31,1,1,same_source_cyclic_next_latent,False,ljonly_r16_d4,4,9.810688084144203e-08
validation,lj_noisy,181,25,2.3441224072939806e-07,2.322475211258279e-06,0.8990679256368048,3.053512784845225e-07,31,1,1,same_source_cyclic_next_latent,False,r16_d4,456,2.0403624034770479e-07,2.322475211258279e-06,0.9121470750866868,2.1818155460096025e-07,31,1,1,same_source_cyclic_next_latent,False,ljonly_r16_d4,4,3.0376000381693276e-08
validation,lj_noisy,181,50,1.183682115879492e-06,9.647412298363632e-06,0.8773057396872874,1.2422224244801328e-06,31,1,1,same_source_cyclic_next_latent,False,r16_d4,456,1.131805333898228e-06,9.647412298363632e-06,0.8826830139632156,1.1559610584299662e-06,31,1,1,same_source_cyclic_next_latent,False,ljonly_r16_d4,4,5.187678198126399e-08
validation,lj_noisy,181,75,3.15845954901306e-06,2.220537317043636e-05,0.85776147400134,3.505281938487314e-06,31,1,1,same_source_cyclic_next_latent,False,r16_d4,456,3.0304206575237917e-06,2.220537317043636e-05,0.8635275960343503,3.237773171349545e-06,31,1,1,same_source_cyclic_next_latent,False,ljonly_r16_d4,4,1.2803889148926828e-07
validation,lj_noisy,181,100,6.597715582756791e-06,4.0102699131239206e-05,0.8354795132076958,7.358664788625901e-06,31,1,1,same_source_cyclic_next_latent,False,r16_d4,456,5.983961273159366e-06,4.0102699131239206e-05,0.850784076812975,6.091771865612827e-06,31,1,1,same_source_cyclic_next_latent,False,ljonly_r16_d4,4,6.137543095974252e-07
validation,lj_noisy,181,125,1.1642940080491826e-05,6.356189987855032e-05,0.8168251719546088,1.261326815438224e-05,31,1,1,same_source_cyclic_next_latent,False,r16_d4,456,1.018051534629194e-05,6.356189987855032e-05,0.8398330546169299,1.0550445040280463e-05,31,1,1,same_source_cyclic_next_latent,False,ljonly_r16_d4,4,1.4624247341998853e-06
validation,lj_noisy,181,149,1.7507047232356854e-05,9.170166595140472e-05,0.80908692278683,1.8557304429123175e-05,31,1,1,same_source_cyclic_next_latent,False,r16_d4,456,1.5523915863013826e-05,9.170166595140472e-05,0.8307128261852911,1.649649493629113e-05,31,1,1,same_source_cyclic_next_latent,False,ljonly_r16_d4,4,1.9831313693430275e-06
validation,lj_noisy,181,175,2.477878297213465e-05,0.0001289811043534,0.8078882709498738,2.6466799681656997e-05,31,1,1,same_source_cyclic_next_latent,False,r16_d4,456,2.2604852347285487e-05,0.0001289811043534,0.8247429151688597,2.6005227482528422e-05,31,1,1,same_source_cyclic_next_latent,False,ljonly_r16_d4,4,2.173930624849163e-06
validation,lj_noisy,181,199,3.30524671880994e-05,0.0001695594837656,0.8050686021562407,3.82572143280413e-05,31,1,1,same_source_cyclic_next_latent,False,r16_d4,456,3.053279215237126e-05,0.0001695594837656,0.8199287266374581,3.5069511795882136e-05,31,1,1,same_source_cyclic_next_latent,False,ljonly_r16_d4,4,2.5196750357281417e-06
validation,lj_noisy,31,0,6.472498625953449e-07,0.0,,1.6131529889662488e-07,142,1,1,same_source_cyclic_next_latent,False,r16_d4,456,5.904345243834541e-07,0.0,,3.889146000801702e-07,142,1,1,same_source_cyclic_next_latent,False,ljonly_r16_d4,4,5.6815338211890776e-08
validation,lj_noisy,31,5,4.09640847465198e-07,1.0181967979860929e-07,-3.0231991327750487,4.989632174101644e-08,142,1,1,same_source_cyclic_next_latent,False,r16_d4,456,3.166943827181967e-07,1.0181967979860929e-07,-2.1103454984791883,1.5984367962573742e-07,142,1,1,same_source_cyclic_next_latent,False,ljonly_r16_d4,4,9.29464647470013e-08
validation,lj_noisy,31,10,2.399316088030901e-07,4.309611654207402e-07,0.4432639688802381,4.2629679342098825e-08,142,1,1,same_source_cyclic_next_latent,False,r16_d4,456,1.5972177891399045e-07,4.309611654207402e-07,0.6293824322707668,6.792045326164954e-08,142,1,1,same_source_cyclic_next_latent,False,ljonly_r16_d4,4,8.020982988909966e-08
validation,lj_noisy,31,25,1.617432729972279e-07,2.8248798571439693e-06,0.9427433090337672,6.042699851604993e-07,142,1,1,same_source_cyclic_next_latent,False,r16_d4,456,2.0965130431704893e-07,2.8248798571439693e-06,0.92578399262296,3.74747713749457e-07,142,1,1,same_source_cyclic_next_latent,False,ljonly_r16_d4,4,-4.790803131982102e-08
validation,lj_noisy,31,50,8.42705674131139e-07,1.1657663890218828e-05,0.9277123030765884,2.5351826025143964e-06,142,1,1,same_source_cyclic_next_latent,False,r16_d4,456,1.0104432703883504e-06,1.1657663890218828e-05,0.9133236916157664,1.5019126067272737e-06,142,1,1,same_source_cyclic_next_latent,False,ljonly_r16_d4,4,-1.677375962572114e-07
validation,lj_noisy,31,75,2.142969151464058e-06,2.6905094273388382e-05,0.9203508030974026,4.485732915782137e-06,142,1,1,same_source_cyclic_next_latent,False,r16_d4,456,2.4465209662594134e-06,2.6905094273388382e-05,0.9090684856406824,3.8094533465482527e-06,142,1,1,same_source_cyclic_next_latent,False,ljonly_r16_d4,4,-3.035518147953553e-07
validation,lj_noisy,31,100,4.366296252555912e-06,4.89304875372909e-05,0.9107653229649864,6.598284926440101e-06,142,1,1,same_source_cyclic_next_latent,False,r16_d4,456,5.084411895950325e-06,4.89304875372909e-05,0.8960890816369775,7.470280706911581e-06,142,1,1,same_source_cyclic_next_latent,False,ljonly_r16_d4,4,-7.181156433944125e-07
validation,lj_noisy,31,125,8.159099706972484e-06,7.90988706285134e-05,0.8968493526880862,1.0547085366852116e-05,142,1,1,same_source_cyclic_next_latent,False,r16_d4,456,9.26011307456065e-06,7.90988706285134e-05,0.8829298951934393,1.3281895007821731e-05,142,1,1,same_source_cyclic_next_latent,False,ljonly_r16_d4,4,-1.1010133675881661e-06
validation,lj_noisy,31,149,1.4957276107452344e-05,0.0001173974960693,0.8725928864903472,1.8532684407546185e-05,142,1,1,same_source_cyclic_next_latent,False,r16_d4,456,1.6757827324909158e-05,0.0001173974960693,0.8572556665517405,2.2896867449162528e-05,142,1,1,same_source_cyclic_next_latent,False,ljonly_r16_d4,4,-1.800551217456814e-06
validation,lj_noisy,31,175,2.990722532558721e-05,0.0001739394210744,0.8280595327911108,3.673441460705362e-05,142,1,1,same_source_cyclic_next_latent,False,r16_d4,456,3.283005935372785e-05,0.0001739394210744,0.81125578577341,4.201370757073164e-05,142,1,1,same_source_cyclic_next_latent,False,ljonly_r16_d4,4,-2.9228340281406384e-06
validation,lj_noisy,31,199,5.201231761020608e-05,0.0002400137454969,0.7832944213152977,6.380968261510134e-05,142,1,1,same_source_cyclic_next_latent,False,r16_d4,456,5.705526564270258e-05,0.0002400137454969,0.7622833412121379,6.84932092553936e-05,142,1,1,same_source_cyclic_next_latent,False,ljonly_r16_d4,4,-5.042948032496497e-06
validation,lj_noisy,142,0,2.0460299765545642e-07,0.0,,2.529980349663674e-07,157,1,1,same_source_cyclic_next_latent,False,r16_d4,456,5.38523181603523e-07,0.0,,5.212809242038929e-07,157,1,1,same_source_cyclic_next_latent,False,ljonly_r16_d4,4,-3.3392018394806655e-07
validation,lj_noisy,142,5,8.159080522318618e-08,9.436170955723357e-08,0.1353398999866719,1.268337541660003e-07,157,1,1,same_source_cyclic_next_latent,False,r16_d4,456,2.633840949783917e-07,9.436170955723357e-08,-1.7912179231835594,2.498349545021483e-07,157,1,1,same_source_cyclic_next_latent,False,ljonly_r16_d4,4,-1.8179328975520553e-07
validation,lj_noisy,142,10,4.546392062820814e-08,3.835527593309962e-07,0.881466318460314,7.17357124813134e-08,157,1,1,same_source_cyclic_next_latent,False,r16_d4,456,1.2341568833562633e-07,3.835527593309962e-07,0.6782302164873184,1.1649641606936713e-07,157,1,1,same_source_cyclic_next_latent,False,ljonly_r16_d4,4,-7.795176770741818e-08
validation,lj_noisy,142,25,4.072559534051834e-07,2.477869657013798e-06,0.8356427053164743,2.7660377099891775e-07,157,1,1,same_source_cyclic_next_latent,False,r16_d4,456,2.752389036686509e-07,2.477869657013798e-06,0.888921153342523,2.926789477442071e-07,157,1,1,same_source_cyclic_next_latent,False,ljonly_r16_d4,4,1.320170497365325e-07
validation,lj_noisy,142,50,1.959197788892197e-06,1.0261092029395512e-05,0.8090653720598572,1.509563048784912e-06,157,1,1,same_source_cyclic_next_latent,False,r16_d4,456,1.4890052852933875e-06,1.0261092029395512e-05,0.8548882242720607,1.4650803450422243e-06,157,1,1,same_source_cyclic_next_latent,False,ljonly_r16_d4,4,4.701925035988095e-07
validation,lj_noisy,142,75,4.191625521343667e-06,2.352078990952577e-05,0.8217906142834903,4.236124823364662e-06,157,1,1,same_source_cyclic_next_latent,False,r16_d4,456,4.041549345856765e-06,2.352078990952577e-05,0.82817118976859,4.06807839681278e-06,157,1,1,same_source_cyclic_next_latent,False,ljonly_r16_d4,4,1.5007617548690178e-07
validation,lj_noisy,142,100,7.920174539322034e-06,4.234289735904895e-05,0.8129515211922681,9.740920177137014e-06,157,1,1,same_source_cyclic_next_latent,False,r16_d4,456,8.11700738267973e-06,4.234289735904895e-05,0.8083029766751406,8.532112588000018e-06,157,1,1,same_source_cyclic_next_latent,False,ljonly_r16_d4,4,-1.9683284335769713e-07
validation,lj_noisy,142,125,1.3068446605757345e-05,6.57610289636068e-05,0.8012736903342916,1.6977848645183258e-05,157,1,1,same_source_cyclic_next_latent,False,r16_d4,456,1.3111872249282897e-05,6.57610289636068e-05,0.8006133350416519,1.418977444700431e-05,157,1,1,same_source_cyclic_next_latent,False,ljonly_r16_d4,4,-4.3425643525552005e-08
validation,lj_noisy,142,149,1.8852728317142464e-05,9.220665378961712e-05,0.7955383094135733,2.4189674149965867e-05,157,1,1,same_source_cyclic_next_latent,False,r16_d4,456,1.868838990048971e-05,9.220665378961712e-05,0.7973205931197765,2.059631879092194e-05,157,1,1,same_source_cyclic_next_latent,False,ljonly_r16_d4,4,1.6433841665275395e-07
validation,lj_noisy,142,175,2.598327955638524e-05,0.0001260444259969,0.7938561792727461,3.185150126228109e-05,157,1,1,same_source_cyclic_next_latent,False,r16_d4,456,2.587064591352828e-05,0.0001260444259969,0.7947497820002455,2.834442784660496e-05,157,1,1,same_source_cyclic_next_latent,False,ljonly_r16_d4,4,1.1263364285696298e-07
validation,lj_noisy,142,199,3.326220758026466e-05,0.000161461342941,0.7939927478962491,3.912103420589119e-05,157,1,1,same_source_cyclic_next_latent,False,r16_d4,456,3.326416481286287e-05,0.000161461342941,0.7939806259074029,3.594322333810851e-05,157,1,1,same_source_cyclic_next_latent,False,ljonly_r16_d4,4,-1.9572325982153416e-09
validation,lj_noisy,157,0,2.2952629308292674e-07,0.0,,2.335409135412192e-06,12,1,1,same_source_cyclic_next_latent,False,r16_d4,456,4.620701190560794e-07,0.0,,1.725127162899298e-06,12,1,1,same_source_cyclic_next_latent,False,ljonly_r16_d4,4,-2.3254382597315268e-07
validation,lj_noisy,157,5,1.1244746644933913e-07,9.083687757538429e-08,-0.2379054570212468,2.0735383259307127e-06,12,1,1,same_source_cyclic_next_latent,False,r16_d4,456,2.2069423266657398e-07,9.083687757538429e-08,-1.429566477375038,1.3526389466278488e-06,12,1,1,same_source_cyclic_next_latent,False,ljonly_r16_d4,4,-1.0824676621723485e-07
validation,lj_noisy,157,10,6.615704251089484e-08,3.649991242582473e-07,0.8187473938592609,1.8474614762453712e-06,12,1,1,same_source_cyclic_next_latent,False,r16_d4,456,1.0611759648782026e-07,3.649991242582473e-07,0.7092661613819681,1.100890131056076e-06,12,1,1,same_source_cyclic_next_latent,False,ljonly_r16_d4,4,-3.9960553976925426e-08
validation,lj_noisy,157,25,2.7212092845729785e-07,2.373865527260932e-06,0.8853680103896691,1.592450644238852e-06,12,1,1,same_source_cyclic_next_latent,False,r16_d4,456,2.951776423287811e-07,2.373865527260932e-06,0.8756552808324531,1.0327652262276388e-06,12,1,1,same_source_cyclic_next_latent,False,ljonly_r16_d4,4,-2.3056713871483225e-08
validation,lj_noisy,157,50,1.2443244941096054e-06,9.819269507715944e-06,0.8732772847173794,2.5630970412748866e-06,12,1,1,same_source_cyclic_next_latent,False,r16_d4,456,1.246272631760803e-06,9.819269507715944e-06,0.873078885269267,2.9529023777286056e-06,12,1,1,same_source_cyclic_next_latent,False,ljonly_r16_d4,4,-1.9481376511976123e-09
validation,lj_noisy,157,75,3.0200883429643e-06,2.281349952681921e-05,0.8676183660725121,5.109960056870477e-06,12,1,1,same_source_cyclic_next_latent,False,r16_d4,456,2.9576065116998507e-06,2.281349952681921e-05,0.8703571756615888,6.515506356663536e-06,12,1,1,same_source_cyclic_next_latent,False,ljonly_r16_d4,4,6.248183126444928e-08
validation,lj_noisy,157,100,6.670352377113886e-06,4.15882641391363e-05,0.8396097429121403,9.18838668440003e-06,12,1,1,same_source_cyclic_next_latent,False,r16_d4,456,5.885322025278583e-06,4.15882641391363e-05,0.858485990047845,1.0669436960597524e-05,12,1,1,same_source_cyclic_next_latent,False,ljonly_r16_d4,4,7.85030351835303e-07
validation,lj_noisy,157,125,1.203508782054996e-05,6.644261884503067e-05,0.8188649389540117,1.4221921446733177e-05,12,1,1,same_source_cyclic_next_latent,False,r16_d4,456,1.0141510756511709e-05,6.644261884503067e-05,0.8473643734578622,1.5511124729528092e-05,12,1,1,same_source_cyclic_next_latent,False,ljonly_r16_d4,4,1.893577064038251e-06
validation,lj_noisy,157,149,1.8152759366785176e-05,9.61377882049419e-05,0.8111797691029878,2.001975735765882e-05,12,1,1,same_source_cyclic_next_latent,False,r16_d4,456,1.566072751302272e-05,9.61377882049419e-05,0.8371012293351503,2.1460677089635283e-05,12,1,1,same_source_cyclic_next_latent,False,ljonly_r16_d4,4,2.4920318537624553e-06
validation,lj_noisy,157,175,2.546942232584115e-05,0.0001335744454991,0.8093241395786938,2.7431944545242004e-05,12,1,1,same_source_cyclic_next_latent,False,r16_d4,456,2.2434303900809027e-05,0.0001335744454991,0.8320464380968815,2.933337054855656e-05,12,1,1,same_source_cyclic_next_latent,False,ljonly_r16_d4,4,3.035118425032124e-06
validation,lj_noisy,157,199,3.4290362236788496e-05,0.0001735624682623,0.8024321584033433,3.6449720937525854e-05,12,1,1,same_source_cyclic_next_latent,False,r16_d4,456,3.0042119760764763e-05,0.0001735624682623,0.8269088930254926,3.886203558067791e-05,12,1,1,same_source_cyclic_next_latent,False,ljonly_r16_d4,4,4.248242476023734e-06
validation,lj_noisy,12,0,1.2479315500968369e-06,0.0,,4.019201185201382e-07,152,1,1,same_source_cyclic_next_latent,False,r16_d4,456,9.00745192211616e-07,0.0,,2.784918819997984e-07,152,1,1,same_source_cyclic_next_latent,False,ljonly_r16_d4,4,3.471863578852209e-07
validation,lj_noisy,12,5,9.206115691995364e-07,1.0223686786048348e-07,-8.004692616912324,1.976684984583699e-07,152,1,1,same_source_cyclic_next_latent,False,r16_d4,456,5.699683924831334e-07,1.0223686786048348e-07,-4.574979011103266,1.0199170930036416e-07,152,1,1,same_source_cyclic_next_latent,False,ljonly_r16_d4,4,3.50643176716403e-07
validation,lj_noisy,12,10,6.599364041903755e-07,4.424935866609303e-07,-0.4914033199221599,1.0734199662465473e-07,152,1,1,same_source_cyclic_next_latent,False,r16_d4,456,3.6549224091686483e-07,4.424935866609303e-07,0.1740168627643169,7.471346918919154e-08,152,1,1,same_source_cyclic_next_latent,False,ljonly_r16_d4,4,2.9444416327351064e-07
validation,lj_noisy,12,25,6.938579417692381e-07,3.1844713248574408e-06,0.782112045929539,6.988122436268895e-07,152,1,1,same_source_cyclic_next_latent,False,r16_d4,456,6.417957365556504e-07,3.1844713248574408e-06,0.7984608209388158,9.036681376528576e-07,152,1,1,same_source_cyclic_next_latent,False,ljonly_r16_d4,4,5.206220521358773e-08
validation,lj_noisy,12,50,3.5058010325883515e-06,1.4166832443152089e-05,0.7525345876252689,4.295512098906329e-06,152,1,1,same_source_cyclic_next_latent,False,r16_d4,456,3.490188646537717e-06,1.4166832443152089e-05,0.75363662550941,4.264009476173669e-06,152,1,1,same_source_cyclic_next_latent,False,ljonly_r16_d4,4,1.561238605063451e-08
validation,lj_noisy,12,75,9.08800484467065e-06,3.3046842872863635e-05,0.7249962763573627,1.016465375869302e-05,152,1,1,same_source_cyclic_next_latent,False,r16_d4,456,8.80195148056373e-06,3.3046842872863635e-05,0.7336522730953086,1.0428067980683409e-05,152,1,1,same_source_cyclic_next_latent,False,ljonly_r16_d4,4,2.860533641069196e-07
validation,lj_noisy,12,100,1.5206634998321532e-05,5.7156557886628434e-05,0.73394767703674,1.6152107491507195e-05,152,1,1,same_source_cyclic_next_latent,False,r16_d4,456,1.469210928917164e-05,5.7156557886628434e-05,0.7429497185902301,1.7586142348591238e-05,152,1,1,same_source_cyclic_next_latent,False,ljonly_r16_d4,4,5.145257091498917e-07
validation,lj_noisy,12,125,2.3149688786361367e-05,8.803003584034741e-05,0.7370251123338631,2.390158078924287e-05,152,1,1,same_source_cyclic_next_latent,False,r16_d4,456,2.2378462745109573e-05,8.803003584034741e-05,0.7457860543679036,2.66817969531985e-05,152,1,1,same_source_cyclic_next_latent,False,ljonly_r16_d4,4,7.712260412517935e-07
validation,lj_noisy,12,149,3.2934563932940364e-05,0.0001241997088072,0.7348257556380895,3.3531086955918e-05,152,1,1,same_source_cyclic_next_latent,False,r16_d4,456,3.195730459992774e-05,0.0001241997088072,0.7426942067189936,3.769587419810705e-05,152,1,1,same_source_cyclic_next_latent,False,ljonly_r16_d4,4,9.772593330126256e-07
validation,lj_noisy,12,175,4.422458368935622e-05,0.0001689234195509,0.7381974399588433,4.497484405874275e-05,152,1,1,same_source_cyclic_next_latent,False,r16_d4,456,4.328260547481477e-05,0.0001689234195509,0.7437738024137669,5.070050247013569e-05,152,1,1,same_source_cyclic_next_latent,False,ljonly_r16_d4,4,9.419782145414501e-07
validation,lj_noisy,12,199,5.4169518989510834e-05,0.000215836931602,0.7490257177609716,5.58617502974812e-05,152,1,1,same_source_cyclic_next_latent,False,r16_d4,456,5.426873030955903e-05,0.000215836931602,0.7485660590764648,6.317035149550065e-05,152,1,1,same_source_cyclic_next_latent,False,ljonly_r16_d4,4,-9.92113200481981e-08
validation,lj_noisy,152,0,6.574273925252783e-07,0.0,,9.90648800325289e-07,29,1,1,same_source_cyclic_next_latent,False,r16_d4,456,5.000489977646794e-07,0.0,,6.515421091535245e-07,29,1,1,same_source_cyclic_next_latent,False,ljonly_r16_d4,4,1.573783947605989e-07
validation,lj_noisy,152,5,4.251261600529688e-07,9.695842351220565e-08,-3.384623271019373,6.67780795993167e-07,29,1,1,same_source_cyclic_next_latent,False,r16_d4,456,2.519471422601782e-07,9.695842351220565e-08,-1.5985070005646476,3.530970786869148e-07,29,1,1,same_source_cyclic_next_latent,False,ljonly_r16_d4,4,1.731790177927906e-07
validation,lj_noisy,152,10,2.6470075908946455e-07,4.1400659256396477e-07,0.3606363670439187,4.190200399989408e-07,29,1,1,same_source_cyclic_next_latent,False,r16_d4,456,1.1185699122506777e-07,4.1400659256396477e-07,0.7298183332484357,1.690685706989825e-07,29,1,1,same_source_cyclic_next_latent,False,ljonly_r16_d4,4,1.528437678643968e-07
validation,lj_noisy,152,25,2.604522251203889e-07,2.7664339086186374e-06,0.9058527209672468,2.720102827424853e-07,29,1,1,same_source_cyclic_next_latent,False,r16_d4,456,2.614863774397236e-07,2.7664339086186374e-06,0.9054788995229271,2.461414396748296e-07,29,1,1,same_source_cyclic_next_latent,False,ljonly_r16_d4,4,-1.0341523193346802e-09
validation,lj_noisy,152,50,1.270768620997842e-06,1.1517513485159723e-05,0.889666409105123,1.4518011539621511e-06,29,1,1,same_source_cyclic_next_latent,False,r16_d4,456,1.2219023801662845e-06,1.1517513485159723e-05,0.8939091860634067,1.4116137663222617e-06,29,1,1,same_source_cyclic_next_latent,False,ljonly_r16_d4,4,4.886624083155745e-08
validation,lj_noisy,152,75,3.0686837817484047e-06,2.6382193027529866e-05,0.8836835217395981,3.608552788136876e-06,29,1,1,same_source_cyclic_next_latent,False,r16_d4,456,3.052021384064574e-06,2.6382193027529866e-05,0.8843150991701189,3.529699370119488e-06,29,1,1,same_source_cyclic_next_latent,False,ljonly_r16_d4,4,1.6662397683830932e-08
validation,lj_noisy,152,100,5.729647455154918e-06,4.726915722130798e-05,0.8787867651557767,6.383559139067074e-06,29,1,1,same_source_cyclic_next_latent,False,r16_d4,456,5.69141548112384e-06,4.726915722130798e-05,0.8795955795345074,6.510367256851168e-06,29,1,1,same_source_cyclic_next_latent,False,ljonly_r16_d4,4,3.8231974031078545e-08
validation,lj_noisy,152,125,8.957940735854208e-06,7.386328070424497e-05,0.8787226799237013,9.832927389652468e-06,29,1,1,same_source_cyclic_next_latent,False,r16_d4,456,8.93651940714335e-06,7.386328070424497e-05,0.8790126931549933,1.0120326805918012e-05,29,1,1,same_source_cyclic_next_latent,False,ljonly_r16_d4,4,2.142132871085778e-08
validation,lj_noisy,152,149,1.2550714927783702e-05,0.0001050939827109,0.8805762746445637,1.4437782738241369e-05,29,1,1,same_source_cyclic_next_latent,False,r16_d4,456,1.2837655958719552e-05,0.0001050939827109,0.8778459467653262,1.455516212445218e-05,29,1,1,same_source_cyclic_next_latent,False,ljonly_r16_d4,4,-2.8694103093585e-07
validation,lj_noisy,152,175,1.7600181308807805e-05,0.0001450929412385,0.8786971912033154,2.155595575459301e-05,29,1,1,same_source_cyclic_next_latent,False,r16_d4,456,1.80840306711616e-05,0.0001450929412385,0.8753624365403831,2.058932659565471e-05,29,1,1,same_source_cyclic_next_latent,False,ljonly_r16_d4,4,-4.838493623537943e-07
validation,lj_noisy,152,199,2.4433375074295327e-05,0.0001877725881058,0.8698778382895858,3.082991315750405e-05,29,1,1,same_source_cyclic_next_latent,False,r16_d4,456,2.4100658265524544e-05,0.0001877725881058,0.8716497519225979,2.7556074201129377e-05,29,1,1,same_source_cyclic_next_latent,False,ljonly_r16_d4,4,3.3271680877078325e-07
validation,lj_noisy,29,0,1.0478075864739369e-06,0.0,,2.3493992102885386e-06,95,1,1,same_source_cyclic_next_latent,False,r16_d4,456,6.827239076301339e-07,0.0,,1.308634523411456e-06,95,1,1,same_source_cyclic_next_latent,False,ljonly_r16_d4,4,3.65083678843803e-07
validation,lj_noisy,29,5,7.336801104429469e-07,9.255531097096537e-08,-6.92693690665793,2.0843244783463888e-06,95,1,1,same_source_cyclic_next_latent,False,r16_d4,456,3.880085728269478e-07,9.255531097096537e-08,-3.1921805324457955,1.0044633427241934e-06,95,1,1,same_source_cyclic_next_latent,False,ljonly_r16_d4,4,3.456715376159991e-07
validation,lj_noisy,29,10,4.809722327081545e-07,3.9399358797709283e-07,-0.2207615742622661,1.841779294409207e-06,95,1,1,same_source_cyclic_next_latent,False,r16_d4,456,2.0274443102152878e-07,3.9399358797709283e-07,0.4854118513387673,7.886526418587891e-07,95,1,1,same_source_cyclic_next_latent,False,ljonly_r16_d4,4,2.782278016866257e-07
validation,lj_noisy,29,25,2.572072617113008e-07,2.62467051470594e-06,0.9020039809682102,1.498564188295859e-06,95,1,1,same_source_cyclic_next_latent,False,r16_d4,456,2.3356109579708573e-07,2.62467051470594e-06,0.911013174991508,6.979255431360798e-07,95,1,1,same_source_cyclic_next_latent,False,ljonly_r16_d4,4,2.364616591421509e-08
validation,lj_noisy,29,50,1.1015628160748747e-06,1.0715701137087308e-05,0.8972010508708256,2.151011358364485e-06,95,1,1,same_source_cyclic_next_latent,False,r16_d4,456,1.1738587772924802e-06,1.0715701137087308e-05,0.8904543191084598,1.8022126369032776e-06,95,1,1,same_source_cyclic_next_latent,False,ljonly_r16_d4,4,-7.229596121760551e-08
validation,lj_noisy,29,75,2.896750629588496e-06,2.4163142370525748e-05,0.8801169738120669,4.394794814288616e-06,95,1,1,same_source_cyclic_next_latent,False,r16_d4,456,2.9943969366286183e-06,2.4163142370525748e-05,0.8760758476397015,4.184309545962606e-06,95,1,1,same_source_cyclic_next_latent,False,ljonly_r16_d4,4,-9.764630704012234e-08
validation,lj_noisy,29,100,5.635016805172199e-06,4.288870331947692e-05,0.8686130293285601,8.201785021810792e-06,95,1,1,same_source_cyclic_next_latent,False,r16_d4,456,5.8776467994903214e-06,4.288870331947692e-05,0.8629558288179553,7.798343176546041e-06,95,1,1,same_source_cyclic_next_latent,False,ljonly_r16_d4,4,-2.4262999431812204e-07
validation,lj_noisy,29,125,9.433403647562956e-06,6.650677823927253e-05,0.8581587637033892,1.3233660865807906e-05,95,1,1,same_source_cyclic_next_latent,False,r16_d4,456,9.723217772261704e-06,6.650677823927253e-05,0.8538011007347203,1.238608456333168e-05,95,1,1,same_source_cyclic_next_latent,False,ljonly_r16_d4,4,-2.898141246987473e-07
validation,lj_noisy,29,149,1.425193840987049e-05,9.352853521704674e-05,0.847619356201861,1.9234239516663365e-05,95,1,1,same_source_cyclic_next_latent,False,r16_d4,456,1.4398565326700918e-05,9.352853521704674e-05,0.8460516323356617,1.8024717064690776e-05,95,1,1,same_source_cyclic_next_latent,False,ljonly_r16_d4,4,-1.4662691683042794e-07
validation,lj_noisy,29,175,2.1259245841065425e-05,0.0001277870032936,0.8336353048970466,2.7658077669912014e-05,95,1,1,same_source_cyclic_next_latent,False,r16_d4,456,2.0809544366784397e-05,0.0001277870032936,0.8371544536577988,2.5335917598567903e-05,95,1,1,same_source_cyclic_next_latent,False,ljonly_r16_d4,4,4.497014742810279e-07
validation,lj_noisy,29,199,2.9751105103059672e-05,0.0001640301925363,0.8186242139752693,3.784443833865225e-05,95,1,1,same_source_cyclic_next_latent,False,r16_d4,456,2.80424010270508e-05,0.0001640301925363,0.8290412234878974,3.3179199817823246e-05,95,1,1,same_source_cyclic_next_latent,False,ljonly_r16_d4,4,1.7087040760088712e-06
validation,lj_noisy,95,0,1.5542431128778844e-06,0.0,,3.269729518251552e-07,183,1,1,same_source_cyclic_next_latent,False,r16_d4,456,8.458504794361943e-07,0.0,,2.787157029615628e-07,183,1,1,same_source_cyclic_next_latent,False,ljonly_r16_d4,4,7.083926334416901e-07
validation,lj_noisy,95,5,1.2552159205370117e-06,9.315184712477277e-08,-12.474943968160996,1.5329442248912528e-07,183,1,1,same_source_cyclic_next_latent,False,r16_d4,456,5.766750064140069e-07,9.315184712477277e-08,-5.190698565983092,1.0612921386154994e-07,183,1,1,same_source_cyclic_next_latent,False,ljonly_r16_d4,4,6.785409141230048e-07
validation,lj_noisy,95,10,9.796411859497312e-07,4.062233927015768e-07,-1.4115824040428988,6.24516474090342e-08,183,1,1,same_source_cyclic_next_latent,False,r16_d4,456,3.8964614645919937e-07,4.062233927015768e-07,0.0408082019406389,5.556445259458088e-08,183,1,1,same_source_cyclic_next_latent,False,ljonly_r16_d4,4,5.899950394905318e-07
validation,lj_noisy,95,25,6.167126684886171e-07,2.82183304989303e-06,0.781449625975571,4.4542832711158553e-07,183,1,1,same_source_cyclic_next_latent,False,r16_d4,456,4.025780526717426e-07,2.82183304989303e-06,0.8573345603535958,5.037369419369497e-07,183,1,1,same_source_cyclic_next_latent,False,ljonly_r16_d4,4,2.1413461581687443e-07
validation,lj_noisy,95,50,1.7299875025855729e-06,1.2093249097233638e-05,0.856946012715366,2.867970351871918e-06,183,1,1,same_source_cyclic_next_latent,False,r16_d4,456,1.990354576264508e-06,1.2093249097233638e-05,0.835416060625113,2.6386169338366017e-06,183,1,1,same_source_cyclic_next_latent,False,ljonly_r16_d4,4,-2.603670736789352e-07
validation,lj_noisy,95,75,4.981610800314229e-06,2.818343091348652e-05,0.8232432802235445,6.837955424998654e-06,183,1,1,same_source_cyclic_next_latent,False,r16_d4,456,5.528529072762467e-06,2.818343091348652e-05,0.8038376133220558,6.860298071842408e-06,183,1,1,same_source_cyclic_next_latent,False,ljonly_r16_d4,4,-5.46918272448238e-07
validation,lj_noisy,95,100,1.0704531632654836e-05,5.138449341757223e-05,0.7916777821342859,1.284469362872187e-05,183,1,1,same_source_cyclic_next_latent,False,r16_d4,456,1.1535771591297816e-05,5.138449341757223e-05,0.7755009181942647,1.359456655336544e-05,183,1,1,same_source_cyclic_next_latent,False,ljonly_r16_d4,4,-8.312399586429803e-07
validation,lj_noisy,95,125,1.8536602510721423e-05,8.035653445404023e-05,0.7693205333372932,2.1112495232955556e-05,183,1,1,same_source_cyclic_next_latent,False,r16_d4,456,1.975594568648376e-05,8.035653445404023e-05,0.7541463700405954,2.2567555788555183e-05,183,1,1,same_source_cyclic_next_latent,False,ljonly_r16_d4,4,-1.2193431757623364e-06
validation,lj_noisy,95,149,2.995722752530128e-05,0.0001155957506853,0.7408449069477187,3.3913678635144606e-05,183,1,1,same_source_cyclic_next_latent,False,r16_d4,456,3.185429159202613e-05,0.0001155957506853,0.7244337148798614,3.543106504366733e-05,183,1,1,same_source_cyclic_next_latent,False,ljonly_r16_d4,4,-1.8970640667248483e-06
validation,lj_noisy,95,175,4.770243322127499e-05,0.0001621420669835,0.7057985376112942,5.488461465574801e-05,183,1,1,same_source_cyclic_next_latent,False,r16_d4,456,5.107836841489189e-05,0.0001621420669835,0.684977690459023,5.536636672331952e-05,183,1,1,same_source_cyclic_next_latent,False,ljonly_r16_d4,4,-3.3759351936169036e-06
validation,lj_noisy,95,199,6.87342690071091e-05,0.0002128292690031,0.677045035539259,8.110899943858385e-05,183,1,1,same_source_cyclic_next_latent,False,r16_d4,456,7.44043427403085e-05,0.0002128292690031,0.6504036165288116,7.957137859193608e-05,183,1,1,same_source_cyclic_next_latent,False,ljonly_r16_d4,4,-5.670073733199388e-06
validation,lj_noisy,183,0,5.588934186562255e-07,0.0,,1.4003510386828566e-06,147,1,1,same_source_cyclic_next_latent,False,r16_d4,456,5.282265647110762e-07,0.0,,1.155045993073145e-06,147,1,1,same_source_cyclic_next_latent,False,ljonly_r16_d4,4,3.066685394514934e-08
validation,lj_noisy,183,5,3.56925340838643e-07,9.035466774776069e-08,-2.950270082726179,1.1949291547352914e-06,147,1,1,same_source_cyclic_next_latent,False,r16_d4,456,2.76606755278408e-07,9.035466774776069e-08,-2.061344390647303,8.647494382785226e-07,147,1,1,same_source_cyclic_next_latent,False,ljonly_r16_d4,4,8.031858556023503e-08
validation,lj_noisy,183,10,2.170361028674961e-07,3.734352276296704e-07,0.4188119202221403,1.0435977628731052e-06,147,1,1,same_source_cyclic_next_latent,False,r16_d4,456,1.4393049241334668e-07,3.734352276296704e-07,0.6145770892400109,6.723349201820383e-07,147,1,1,same_source_cyclic_next_latent,False,ljonly_r16_d4,4,7.310561045414943e-08
validation,lj_noisy,183,25,2.1076121470287037e-07,2.431817392789526e-06,0.9133318088242196,1.0230094176222335e-06,147,1,1,same_source_cyclic_next_latent,False,r16_d4,456,2.2182624093147754e-07,2.431817392789526e-06,0.9087817031043512,6.349353043333394e-07,147,1,1,same_source_cyclic_next_latent,False,ljonly_r16_d4,4,-1.1065026228607167e-08
validation,lj_noisy,183,50,1.1653982028292376e-06,1.020561103359796e-05,0.8858080913536072,2.5613749130570795e-06,147,1,1,same_source_cyclic_next_latent,False,r16_d4,456,1.208690491694142e-06,1.020561103359796e-05,0.8815660828425653,1.9153048924636096e-06,147,1,1,same_source_cyclic_next_latent,False,ljonly_r16_d4,4,-4.329228886490434e-08
validation,lj_noisy,183,75,3.212598130630795e-06,2.3695167328696695e-05,0.8644196900546852,6.600480446650181e-06,147,1,1,same_source_cyclic_next_latent,False,r16_d4,456,3.389716994206537e-06,2.3695167328696695e-05,0.8569447960765685,4.96689381179749e-06,147,1,1,same_source_cyclic_next_latent,False,ljonly_r16_d4,4,-1.7711886357574216e-07
validation,lj_noisy,183,100,6.968405614315998e-06,4.307867129682563e-05,0.8382400059114756,1.2489738764998036e-05,147,1,1,same_source_cyclic_next_latent,False,r16_d4,456,6.987353117438033e-06,4.307867129682563e-05,0.8378001710105456,9.715585292724429e-06,147,1,1,same_source_cyclic_next_latent,False,ljonly_r16_d4,4,-1.8947503122035414e-08
validation,lj_noisy,183,125,1.1336485840729438e-05,6.872970698168501e-05,0.8350569740716286,1.7255060811294243e-05,147,1,1,same_source_cyclic_next_latent,False,r16_d4,456,1.1052303307224063e-05,6.872970698168501e-05,0.8391917586645719,1.4536528397002256e-05,147,1,1,same_source_cyclic_next_latent,False,ljonly_r16_d4,4,2.841825335053744e-07
validation,lj_noisy,183,149,1.5650459317839704e-05,9.890592627925798e-05,0.8417641904120984,2.0826719264732677e-05,147,1,1,same_source_cyclic_next_latent,False,r16_d4,456,1.5424637240357697e-05,9.890592627925798e-05,0.8440473910854777,1.922441333590541e-05,147,1,1,same_source_cyclic_next_latent,False,ljonly_r16_d4,4,2.2582207748200744e-07
validation,lj_noisy,183,175,2.0871590095339343e-05,0.00013746204786,0.8481647085849304,2.4732364181545563e-05,147,1,1,same_source_cyclic_next_latent,False,r16_d4,456,2.092467730108183e-05,0.00013746204786,0.8477785132199629,2.4798344384180385e-05,147,1,1,same_source_cyclic_next_latent,False,ljonly_r16_d4,4,-5.308720574248582e-08
validation,lj_noisy,183,199,2.7676735044224188e-05,0.0001797954901121,0.8460654656745864,2.9576545784948397e-05,147,1,1,same_source_cyclic_next_latent,False,r16_d4,456,2.768545164144598e-05,0.0001797954901121,0.8460169850524286,3.109555473201908e-05,147,1,1,same_source_cyclic_next_latent,False,ljonly_r16_d4,4,-8.716597221791744e-09
validation,lj_noisy,147,0,9.770976703293854e-07,0.0,,2.776794190140208e-07,43,1,1,same_source_cyclic_next_latent,False,r16_d4,456,7.895873181951174e-07,0.0,,3.228786340514489e-07,43,1,1,same_source_cyclic_next_latent,False,ljonly_r16_d4,4,1.8751035213426803e-07
validation,lj_noisy,147,5,7.127263188522193e-07,1.0630814983869641e-07,-5.704343175322436,1.1598818616676001e-07,43,1,1,same_source_cyclic_next_latent,False,r16_d4,456,5.002242460250272e-07,1.0630814983869641e-07,-3.705417663500192,1.2605005395016633e-07,43,1,1,same_source_cyclic_next_latent,False,ljonly_r16_d4,4,2.1250207282719202e-07
validation,lj_noisy,147,10,5.26339533735154e-07,4.434336347003409e-07,-0.1869634879880917,5.9079191316868673e-08,43,1,1,same_source_cyclic_next_latent,False,r16_d4,456,3.272118931363366e-07,4.434336347003409e-07,0.2620950069395242,7.565002846376957e-08,43,1,1,same_source_cyclic_next_latent,False,ljonly_r16_d4,4,1.9912764059881738e-07
validation,lj_noisy,147,25,4.6976458634162565e-07,2.912094714702107e-06,0.8386849905774166,4.781729217029351e-07,43,1,1,same_source_cyclic_next_latent,False,r16_d4,456,3.859970831854298e-07,2.912094714702107e-06,0.8674503678617763,4.00569689418262e-07,43,1,1,same_source_cyclic_next_latent,False,ljonly_r16_d4,4,8.376750315619585e-08
validation,lj_noisy,147,50,1.6227522792178206e-06,1.199792586703552e-05,0.8647472657189559,2.108097987729707e-06,43,1,1,same_source_cyclic_next_latent,False,r16_d4,456,1.6694576743248035e-06,1.199792586703552e-05,0.86085447661319,1.8104036598742823e-06,43,1,1,same_source_cyclic_next_latent,False,ljonly_r16_d4,4,-4.6705395106982905e-08
validation,lj_noisy,147,75,4.002873538411222e-06,2.723287980188616e-05,0.8530132116936828,3.9576161725563e-06,43,1,1,same_source_cyclic_next_latent,False,r16_d4,456,4.045951754960697e-06,2.723287980188616e-05,0.851431365893207,4.236952918290626e-06,43,1,1,same_source_cyclic_next_latent,False,ljonly_r16_d4,4,-4.3078216549474746e-08
validation,lj_noisy,147,100,7.484135039703688e-06,4.869244003202766e-05,0.8462978023943559,6.763086730643408e-06,43,1,1,same_source_cyclic_next_latent,False,r16_d4,456,7.544143954874016e-06,4.869244003202766e-05,0.8450653951637703,7.76604974817019e-06,43,1,1,same_source_cyclic_next_latent,False,ljonly_r16_d4,4,-6.000891517032869e-08
validation,lj_noisy,147,125,1.17090512503637e-05,7.65042204875499e-05,0.8469489503226924,1.1030649147869552e-05,43,1,1,same_source_cyclic_next_latent,False,r16_d4,456,1.2257166417839471e-05,7.65042204875499e-05,0.8397844414370033,1.2733245057461318e-05,43,1,1,same_source_cyclic_next_latent,False,ljonly_r16_d4,4,-5.481151674757712e-07
validation,lj_noisy,147,149,1.6526251783943735e-05,0.0001096505948225,0.8492826070785892,1.662283466430381e-05,43,1,1,same_source_cyclic_next_latent,False,r16_d4,456,1.8009617633651942e-05,0.0001096505948225,0.8357544921412453,1.886504833237268e-05,43,1,1,same_source_cyclic_next_latent,False,ljonly_r16_d4,4,-1.483365849708207e-06
validation,lj_noisy,147,175,2.367893466725945e-05,0.0001528372813481,0.8450709508937438,2.561850124038756e-05,43,1,1,same_source_cyclic_next_latent,False,r16_d4,456,2.616169695102144e-05,0.0001528372813481,0.8288264700847328,2.7545083867153156e-05,43,1,1,same_source_cyclic_next_latent,False,ljonly_r16_d4,4,-2.482762283761989e-06
validation,lj_noisy,147,199,3.3015396184055135e-05,0.0001997498766286,0.8347163125139919,3.818386539933272e-05,43,1,1,same_source_cyclic_next_latent,False,r16_d4,456,3.6026776797370985e-05,0.0001997498766286,0.8196405554515005,3.822498183581047e-05,43,1,1,same_source_cyclic_next_latent,False,ljonly_r16_d4,4,-3.0113806133158505e-06
validation,lj_noisy,43,0,3.42412505460743e-07,0.0,,5.52305209566839e-07,13,1,1,same_source_cyclic_next_latent,False,r16_d4,456,4.480839379539248e-07,0.0,,6.156988661132345e-07,13,1,1,same_source_cyclic_next_latent,False,ljonly_r16_d4,4,-1.0567143249318184e-07
validation,lj_noisy,43,5,1.7521902861972197e-07,9.6270760252537e-08,-0.8200648687107925,3.541467492595985e-07,13,1,1,same_source_cyclic_next_latent,False,r16_d4,456,2.0569008540860525e-07,9.6270760252537e-08,-1.136579007676266,3.360794664786227e-07,13,1,1,same_source_cyclic_next_latent,False,ljonly_r16_d4,4,-3.047105678888329e-08
validation,lj_noisy,43,10,8.369368487137764e-08,4.102923867321806e-07,0.7960145311543183,2.293740948289269e-07,13,1,1,same_source_cyclic_next_latent,False,r16_d4,456,9.370727127588908e-08,4.102923867321806e-07,0.7716085545183251,1.664445647975299e-07,13,1,1,same_source_cyclic_next_latent,False,ljonly_r16_d4,4,-1.0013586404511443e-08
validation,lj_noisy,43,25,2.992137524415739e-07,2.796049102471443e-06,0.8929869464105272,3.0531600714311935e-07,13,1,1,same_source_cyclic_next_latent,False,r16_d4,456,2.407569468232396e-07,2.796049102471443e-06,0.9138938773963472,2.628477204780211e-07,13,1,1,same_source_cyclic_next_latent,False,ljonly_r16_d4,4,5.8456805618334276e-08
validation,lj_noisy,43,50,1.4686521581097622e-06,1.1718565474438948e-05,0.8746730424203157,1.5198166920527e-06,13,1,1,same_source_cyclic_next_latent,False,r16_d4,456,1.2167897693871057e-06,1.1718565474438948e-05,0.8961656380176207,1.642763209019904e-06,13,1,1,same_source_cyclic_next_latent,False,ljonly_r16_d4,4,2.5186238872265655e-07
validation,lj_noisy,43,75,3.3611433991609374e-06,2.693894930416718e-05,0.8752310878494061,3.816753178398358e-06,13,1,1,same_source_cyclic_next_latent,False,r16_d4,456,3.2625252970319707e-06,2.693894930416718e-05,0.8788918877200868,4.088722562300973e-06,13,1,1,same_source_cyclic_next_latent,False,ljonly_r16_d4,4,9.861810212896671e-08
validation,lj_noisy,43,100,6.646781002928037e-06,4.813013947568834e-05,0.8618998183812561,7.273228220583405e-06,13,1,1,same_source_cyclic_next_latent,False,r16_d4,456,6.320070951915113e-06,4.813013947568834e-05,0.868687873736424,7.469258889614139e-06,13,1,1,same_source_cyclic_next_latent,False,ljonly_r16_d4,4,3.2671005101292394e-07
validation,lj_noisy,43,125,1.0962977285089435e-05,7.53487111069262e-05,0.854503453024803,1.2016697837680113e-05,13,1,1,same_source_cyclic_next_latent,False,r16_d4,456,1.0410804861749057e-05,7.53487111069262e-05,0.8618316795495646,1.224824973178329e-05,13,1,1,same_source_cyclic_next_latent,False,ljonly_r16_d4,4,5.521724233403785e-07
validation,lj_noisy,43,149,1.57428985403385e-05,0.000107481246232,0.8535288797605758,1.7868434952106327e-05,13,1,1,same_source_cyclic_next_latent,False,r16_d4,456,1.5759054804220796e-05,0.000107481246232,0.8533785627104049,1.8564822312328037e-05,13,1,1,same_source_cyclic_next_latent,False,ljonly_r16_d4,4,-1.6156263882294297e-08
validation,lj_noisy,43,175,2.2427100702770986e-05,0.0001489836140535,0.849465990973304,2.6043577236123383e-05,13,1,1,same_source_cyclic_next_latent,False,r16_d4,456,2.3135462470236234e-05,0.0001489836140535,0.844711362271583,2.7078422135673463e-05,13,1,1,same_source_cyclic_next_latent,False,ljonly_r16_d4,4,-7.083617674652487e-07
validation,lj_noisy,43,199,3.142222703900188e-05,0.0001935522304847,0.8376550507307526,3.6222743801772594e-05,13,1,1,same_source_cyclic_next_latent,False,r16_d4,456,3.1856099667493254e-05,0.0001935522304847,0.83541341999674,3.481554449535906e-05,13,1,1,same_source_cyclic_next_latent,False,ljonly_r16_d4,4,-4.3387262849137187e-07
validation,lj_noisy,13,0,5.548080821426993e-07,0.0,,5.93653851410636e-07,40,1,1,same_source_cyclic_next_latent,False,r16_d4,456,5.848415298714826e-07,0.0,,8.10548897334229e-07,40,1,1,same_source_cyclic_next_latent,False,ljonly_r16_d4,4,-3.003344772878336e-08
validation,lj_noisy,13,5,3.594628310565895e-07,9.281463064780837e-08,-2.8729112915462265,3.7386314488685457e-07,40,1,1,same_source_cyclic_next_latent,False,r16_d4,456,3.221452118395973e-07,9.281463064780837e-08,-2.470845163000216,5.014875910092087e-07,40,1,1,same_source_cyclic_next_latent,False,ljonly_r16_d4,4,3.731761921699217e-08
validation,lj_noisy,13,10,2.398695642114035e-07,3.781031523431011e-07,0.3655975552572508,2.3270435178801566e-07,40,1,1,same_source_cyclic_next_latent,False,r16_d4,456,1.777384568413254e-07,3.781031523431011e-07,0.5299207220572426,3.011421938481363e-07,40,1,1,same_source_cyclic_next_latent,False,ljonly_r16_d4,4,6.21311073700781e-08
validation,lj_noisy,13,25,2.3667739412758243e-07,2.410028173471801e-06,0.9017947604377448,2.199485606979579e-07,40,1,1,same_source_cyclic_next_latent,False,r16_d4,456,2.569187529388728e-07,2.410028173471801e-06,0.8933959545507035,2.604164137665066e-07,40,1,1,same_source_cyclic_next_latent,False,ljonly_r16_d4,4,-2.0241358811290358e-08
validation,lj_noisy,13,50,1.0302222790414817e-06,9.818084436119534e-06,0.8950689122970444,1.1111801541119348e-06,40,1,1,same_source_cyclic_next_latent,False,r16_d4,456,1.3316829381437856e-06,9.818084436119534e-06,0.8643642813617811,1.317010401180596e-06,40,1,1,same_source_cyclic_next_latent,False,ljonly_r16_d4,4,-3.014606591023039e-07
validation,lj_noisy,13,75,2.7326857434673e-06,2.2434529455495067e-05,0.8781928656498761,2.746619429672137e-06,40,1,1,same_source_cyclic_next_latent,False,r16_d4,456,3.2414591260021552e-06,2.2434529455495067e-05,0.855514726420607,3.1705685614724644e-06,40,1,1,same_source_cyclic_next_latent,False,ljonly_r16_d4,4,-5.08773382534855e-07
validation,lj_noisy,13,100,5.495117875398137e-06,4.028679541079328e-05,0.8636000252845643,5.310394044499844e-06,40,1,1,same_source_cyclic_next_latent,False,r16_d4,456,6.006597232044442e-06,4.028679541079328e-05,0.8509040699118201,5.952182164037367e-06,40,1,1,same_source_cyclic_next_latent,False,ljonly_r16_d4,4,-5.11479356646305e-07
validation,lj_noisy,13,125,9.2001191660529e-06,6.321443652268499e-05,0.854461738929661,9.10156813915819e-06,40,1,1,same_source_cyclic_next_latent,False,r16_d4,456,9.841030077950563e-06,6.321443652268499e-05,0.8443230594261639,9.80727872956777e-06,40,1,1,same_source_cyclic_next_latent,False,ljonly_r16_d4,4,-6.40910911897663e-07
validation,lj_noisy,13,149,1.396311472490197e-05,8.989958587335423e-05,0.8446809894700464,1.420014177710982e-05,40,1,1,same_source_cyclic_next_latent,False,r16_d4,456,1.5059834368003068e-05,8.989958587335423e-05,0.8324816046514545,1.5069359506014736e-05,40,1,1,same_source_cyclic_next_latent,False,ljonly_r16_d4,4,-1.0967196431010978e-06
validation,lj_noisy,13,175,2.246967051178217e-05,0.0001256491668755,0.8211713529780666,2.2928481484996155e-05,40,1,1,same_source_cyclic_next_latent,False,r16_d4,456,2.4268736524390988e-05,0.0001256491668755,0.8068531839257309,2.437280272715725e-05,40,1,1,same_source_cyclic_next_latent,False,ljonly_r16_d4,4,-1.7990660126088187e-06
validation,lj_noisy,13,199,3.2755295251263306e-05,0.0001638034591451,0.8000329454444406,3.301648030173965e-05,40,1,1,same_source_cyclic_next_latent,False,r16_d4,456,3.519599340506829e-05,0.0001638034591451,0.7851327829781367,3.5036577173741534e-05,40,1,1,same_source_cyclic_next_latent,False,ljonly_r16_d4,4,-2.4406981538049877e-06
validation,lj_noisy,40,0,5.626606593978067e-07,0.0,,3.1288691388908774e-06,132,1,1,same_source_cyclic_next_latent,False,r16_d4,456,7.924556939542526e-07,0.0,,1.9244037048338214e-06,132,1,1,same_source_cyclic_next_latent,False,ljonly_r16_d4,4,-2.297950345564459e-07
validation,lj_noisy,40,5,3.37978320885668e-07,9.645786747114472e-08,-2.503895843299396,2.922905423474731e-06,132,1,1,same_source_cyclic_next_latent,False,r16_d4,456,4.728861995317857e-07,9.645786747114472e-08,-3.902515594938373,1.6015309256545152e-06,132,1,1,same_source_cyclic_next_latent,False,ljonly_r16_d4,4,-1.349078786461177e-07
validation,lj_noisy,40,10,1.8504323406887124e-07,4.181624433385878e-07,0.557484807598943,2.7130931812280323e-06,132,1,1,same_source_cyclic_next_latent,False,r16_d4,456,2.501498954643467e-07,4.181624433385878e-07,0.4017877515083312,1.3591971992354956e-06,132,1,1,same_source_cyclic_next_latent,False,ljonly_r16_d4,4,-6.510666139547544e-08
validation,lj_noisy,40,25,3.256961065289943e-07,2.9362895475060213e-06,0.8890790226033298,2.61768082054914e-06,132,1,1,same_source_cyclic_next_latent,False,r16_d4,456,3.486208299818827e-07,2.9362895475060213e-06,0.8812716442498021,1.494635057497362e-06,132,1,1,same_source_cyclic_next_latent,False,ljonly_r16_d4,4,-2.292472345288843e-08
validation,lj_noisy,40,50,2.130161192326341e-06,1.2648867595999036e-05,0.8315927353844599,4.147013441979652e-06,132,1,1,same_source_cyclic_next_latent,False,r16_d4,456,2.2392662231141003e-06,1.2648867595999036e-05,0.8229670596107431,3.705437165990588e-06,132,1,1,same_source_cyclic_next_latent,False,ljonly_r16_d4,4,-1.0910503078775946e-07
validation,lj_noisy,40,75,5.206442438066006e-06,2.948326982732397e-05,0.8234102774706191,7.871108209656086e-06,132,1,1,same_source_cyclic_next_latent,False,r16_d4,456,5.3499056775763165e-06,2.948326982732397e-05,0.8185443572266795,7.931261279736646e-06,132,1,1,same_source_cyclic_next_latent,False,ljonly_r16_d4,4,-1.4346323951031081e-07
validation,lj_noisy,40,100,9.8422797236708e-06,5.388597855926491e-05,0.817349893482104,1.4367511539603584e-05,132,1,1,same_source_cyclic_next_latent,False,r16_d4,456,1.039249218592886e-05,5.388597855926491e-05,0.8071392138773358,1.530568624730222e-05,132,1,1,same_source_cyclic_next_latent,False,ljonly_r16_d4,4,-5.502124622580612e-07
validation,lj_noisy,40,125,1.6225440049311146e-05,8.557874389225617e-05,0.8104033862691533,2.3274555132957172e-05,132,1,1,same_source_cyclic_next_latent,False,r16_d4,456,1.7071130059775896e-05,8.557874389225617e-05,0.8005213761811171,2.597713319119066e-05,132,1,1,same_source_cyclic_next_latent,False,ljonly_r16_d4,4,-8.456900104647502e-07
validation,lj_noisy,40,149,2.3724258426227607e-05,0.0001225326122948,0.8063841292379189,3.562504571164027e-05,132,1,1,same_source_cyclic_next_latent,False,r16_d4,456,2.449217936373316e-05,0.0001225326122948,0.8001170553289954,3.864197424263693e-05,132,1,1,same_source_cyclic_next_latent,False,ljonly_r16_d4,4,-7.679209375055541e-07
validation,lj_noisy,40,175,3.450832446105778e-05,0.0001704702153801,0.7975697726192492,5.713414793717675e-05,132,1,1,same_source_cyclic_next_latent,False,r16_d4,456,3.441986700636335e-05,0.0001704702153801,0.7980886753172787,5.6495093303965405e-05,132,1,1,same_source_cyclic_next_latent,False,ljonly_r16_d4,4,8.8457454694435e-08
validation,lj_noisy,40,199,4.808198355021887e-05,0.0002223484916612,0.7837539477287209,8.372746378881857e-05,132,1,1,same_source_cyclic_next_latent,False,r16_d4,456,4.564219125313684e-05,0.0002223484916612,0.7947267781664423,7.710282079642639e-05,132,1,1,same_source_cyclic_next_latent,False,ljonly_r16_d4,4,2.4397922970820354e-06
validation,lj_noisy,132,0,2.108940407197224e-06,0.0,,1.790110104593623e-07,61,1,1,same_source_cyclic_next_latent,False,r16_d4,456,1.250941295438679e-06,0.0,,3.254700686738943e-07,61,1,1,same_source_cyclic_next_latent,False,ljonly_r16_d4,4,8.57999111758545e-07
validation,lj_noisy,132,5,1.807588319024944e-06,1.029204241831394e-07,-16.56296996802571,6.149053888293565e-08,61,1,1,same_source_cyclic_next_latent,False,r16_d4,456,9.298920531364274e-07,1.029204241831394e-07,-8.0350584980271,1.2788667902441378e-07,61,1,1,same_source_cyclic_next_latent,False,ljonly_r16_d4,4,8.776962658885166e-07
validation,lj_noisy,132,10,1.5321372757171048e-06,4.412522969232669e-07,-2.472247705904954,6.337347002727256e-08,61,1,1,same_source_cyclic_next_latent,False,r16_d4,456,6.970930712668633e-07,4.412522969232669e-07,-0.5798061021495073,6.734899216098712e-08,61,1,1,same_source_cyclic_next_latent,False,ljonly_r16_d4,4,8.350442044502415e-07
validation,lj_noisy,132,25,1.2283672958801617e-06,3.067184479732532e-06,0.5995130700494158,8.492248753100284e-07,61,1,1,same_source_cyclic_next_latent,False,r16_d4,456,6.864300416964397e-07,3.067184479732532e-06,0.7762019056133531,5.774664941782248e-07,61,1,1,same_source_cyclic_next_latent,False,ljonly_r16_d4,4,5.41937254183722e-07
validation,lj_noisy,132,50,2.615030780361849e-06,1.3521135770133696e-05,0.8065968107399611,4.0431827983411495e-06,61,1,1,same_source_cyclic_next_latent,False,r16_d4,456,2.463582859490998e-06,1.3521135770133696e-05,0.8177976390908884,3.050073701160727e-06,61,1,1,same_source_cyclic_next_latent,False,ljonly_r16_d4,4,1.514479208708508e-07
validation,lj_noisy,132,75,6.52393146083341e-06,3.2666182960383594e-05,0.8002848551743739,8.464287020615302e-06,61,1,1,same_source_cyclic_next_latent,False,r16_d4,456,6.529558504553279e-06,3.2666182960383594e-05,0.8001125961832731,7.816315701347776e-06,61,1,1,same_source_cyclic_next_latent,False,ljonly_r16_d4,4,-5.627043719869107e-09
validation,lj_noisy,132,100,1.3423355085251387e-05,6.118311284808442e-05,0.7806035936978049,1.4941633708076552e-05,61,1,1,same_source_cyclic_next_latent,False,r16_d4,456,1.3700631825486198e-05,6.118311284808442e-05,0.776071677498587,1.555677954456769e-05,61,1,1,same_source_cyclic_next_latent,False,ljonly_r16_d4,4,-2.7727674023481086e-07
validation,lj_noisy,132,125,2.503958239685744e-05,0.0001014992230921,0.7533027186411533,2.7234047593083236e-05,61,1,1,same_source_cyclic_next_latent,False,r16_d4,456,2.653490264492575e-05,0.0001014992230921,0.7385703866831895,2.8810098228859715e-05,61,1,1,same_source_cyclic_next_latent,False,ljonly_r16_d4,4,-1.4953202480683103e-06
validation,lj_noisy,132,149,4.039044142700732e-05,0.000150934967678,0.732398382903793,4.461689604795538e-05,61,1,1,same_source_cyclic_next_latent,False,r16_d4,456,4.501843068283051e-05,0.000150934967678,0.7017362419365973,4.6874825784470886e-05,61,1,1,same_source_cyclic_next_latent,False,ljonly_r16_d4,4,-4.627989255823195e-06
validation,lj_noisy,132,175,6.255767948459834e-05,0.0002120805875165,0.7050287335717613,6.72244859742932e-05,61,1,1,same_source_cyclic_next_latent,False,r16_d4,456,7.077019836287946e-05,0.0002120805875165,0.6663051569613341,7.041065691737458e-05,61,1,1,same_source_cyclic_next_latent,False,ljonly_r16_d4,4,-8.212518878281116e-06
validation,lj_noisy,132,199,8.38952255435288e-05,0.0002682431077118,0.6872418223187469,8.672309195389971e-05,61,1,1,same_source_cyclic_next_latent,False,r16_d4,456,9.367460734210908e-05,0.0002682431077118,0.6507846626847191,9.010023495648056e-05,61,1,1,same_source_cyclic_next_latent,False,ljonly_r16_d4,4,-9.779381798580289e-06
validation,lj_noisy,61,0,3.045039704829833e-07,0.0,,2.569973275967641e-06,188,1,1,same_source_cyclic_next_latent,False,r16_d4,456,6.887109407216485e-07,0.0,,1.6108587033158983e-06,188,1,1,same_source_cyclic_next_latent,False,ljonly_r16_d4,4,-3.8420697023866524e-07
validation,lj_noisy,61,5,1.4344307430746994e-07,9.96304834188777e-08,-0.4397508612338094,2.1633422875311226e-06,188,1,1,same_source_cyclic_next_latent,False,r16_d4,456,3.871910791986011e-07,9.96304834188777e-08,-2.8862712084887585,1.1998168929494568e-06,188,1,1,same_source_cyclic_next_latent,False,ljonly_r16_d4,4,-2.4374800489113113e-07
validation,lj_noisy,61,10,6.574843069984126e-08,4.162667153195798e-07,0.8420521548321145,1.7717146647555635e-06,188,1,1,same_source_cyclic_next_latent,False,r16_d4,456,2.1194466626184294e-07,4.162667153195798e-07,0.4908440707320858,9.294978440266276e-07,188,1,1,same_source_cyclic_next_latent,False,ljonly_r16_d4,4,-1.4619623556200168e-07
validation,lj_noisy,61,25,2.707763258058549e-07,2.741091520874761e-06,0.9012158755941712,1.1467669764897437e-06,188,1,1,same_source_cyclic_next_latent,False,r16_d4,456,1.983441961783683e-07,2.741091520874761e-06,0.9276404327736306,1.006753564070095e-06,188,1,1,same_source_cyclic_next_latent,False,ljonly_r16_d4,4,7.243212962748663e-08
validation,lj_noisy,61,50,1.1323298849674757e-06,1.1338017429807223e-05,0.9001298161713331,2.041101879513008e-06,188,1,1,same_source_cyclic_next_latent,False,r16_d4,456,9.05985984900326e-07,1.1338017429807223e-05,0.9200930858936128,2.3215136479848297e-06,188,1,1,same_source_cyclic_next_latent,False,ljonly_r16_d4,4,2.2634390006714966e-07
validation,lj_noisy,61,75,2.2778406219003955e-06,2.6031604647869244e-05,0.9124971106194624,5.233796400716528e-06,188,1,1,same_source_cyclic_next_latent,False,r16_d4,456,2.395245246589184e-06,2.6031604647869244e-05,0.9079870304197616,4.139215889154002e-06,188,1,1,same_source_cyclic_next_latent,False,ljonly_r16_d4,4,-1.1740462468878832e-07
validation,lj_noisy,61,100,5.140801931702299e-06,4.705508763436228e-05,0.8907492857807751,9.999273970606737e-06,188,1,1,same_source_cyclic_next_latent,False,r16_d4,456,4.642031854018569e-06,4.705508763436228e-05,0.9013489914185454,6.398050118150422e-06,188,1,1,same_source_cyclic_next_latent,False,ljonly_r16_d4,4,4.9877007768373e-07
validation,lj_noisy,61,125,8.833203537506051e-06,7.433142309309915e-05,0.8811646115473589,1.4191740774549544e-05,188,1,1,same_source_cyclic_next_latent,False,r16_d4,456,7.332830136874691e-06,7.433142309309915e-05,0.9013495257895114,8.919321771827526e-06,188,1,1,same_source_cyclic_next_latent,False,ljonly_r16_d4,4,1.5003734006313607e-06
validation,lj_noisy,61,149,1.2044908544339704e-05,0.0001063243253156,0.886715401122171,1.766535933711566e-05,188,1,1,same_source_cyclic_next_latent,False,r16_d4,456,1.0354622645536438e-05,0.0001063243253156,0.9026128535046352,1.1924211321456823e-05,188,1,1,same_source_cyclic_next_latent,False,ljonly_r16_d4,4,1.690285898803266e-06
validation,lj_noisy,61,175,1.605097349965945e-05,0.0001481663784943,0.8916692594988999,2.199464324803557e-05,188,1,1,same_source_cyclic_next_latent,False,r16_d4,456,1.452556170988828e-05,0.0001481663784943,0.9019645221979832,1.6255040463875048e-05,188,1,1,same_source_cyclic_next_latent,False,ljonly_r16_d4,4,1.5254117897711694e-06
validation,lj_noisy,61,199,2.2073169020586647e-05,0.0001944780233316,0.8865004454361982,2.837413012457546e-05,188,1,1,same_source_cyclic_next_latent,False,r16_d4,456,2.019410203502048e-05,0.0001944780233316,0.8961625499422796,2.2410828023566864e-05,188,1,1,same_source_cyclic_next_latent,False,ljonly_r16_d4,4,1.8790669855661656e-06
validation,lj_noisy,188,0,1.4674237718281802e-06,0.0,,1.4234351510822307e-06,67,1,1,same_source_cyclic_next_latent,False,r16_d4,456,8.69719656293455e-07,0.0,,8.255547641056182e-07,67,1,1,same_source_cyclic_next_latent,False,ljonly_r16_d4,4,5.977041155347251e-07
validation,lj_noisy,188,5,1.1123743206553629e-06,9.160689984355487e-08,-11.142909786872623,1.1069686252085376e-06,67,1,1,same_source_cyclic_next_latent,False,r16_d4,456,5.572753138949338e-07,9.160689984355487e-08,-5.083333404433965,5.468062340696633e-07,67,1,1,same_source_cyclic_next_latent,False,ljonly_r16_d4,4,5.550990067604291e-07
validation,lj_noisy,188,10,8.236886515078368e-07,3.833892776583525e-07,-1.1484394569893157,8.595280291956442e-07,67,1,1,same_source_cyclic_next_latent,False,r16_d4,456,3.742056833289098e-07,3.833892776583525e-07,0.0239537067534435,3.639727026438777e-07,67,1,1,same_source_cyclic_next_latent,False,ljonly_r16_d4,4,4.4948296817892697e-07
validation,lj_noisy,188,25,6.189903274389508e-07,2.6204288587905467e-06,0.7637828154111215,6.923148703208426e-07,67,1,1,same_source_cyclic_next_latent,False,r16_d4,456,5.331237957761914e-07,2.6204288587905467e-06,0.7965509370774319,4.066480698838859e-07,67,1,1,same_source_cyclic_next_latent,False,ljonly_r16_d4,4,8.586653166275937e-08
validation,lj_noisy,188,50,1.9753897504415363e-06,1.1088137398473918e-05,0.8218465663391389,1.9942099243053235e-06,67,1,1,same_source_cyclic_next_latent,False,r16_d4,456,1.94714630197268e-06,1.1088137398473918e-05,0.8243937433314391,1.8836186654880292e-06,67,1,1,same_source_cyclic_next_latent,False,ljonly_r16_d4,4,2.8243448468856514e-08
validation,lj_noisy,188,75,5.0200878831674345e-06,2.5567558623151854e-05,0.803653999305915,4.931346666126046e-06,67,1,1,same_source_cyclic_next_latent,False,r16_d4,456,4.541892394627212e-06,2.5567558623151854e-05,0.822357212060347,4.744869329442736e-06,67,1,1,same_source_cyclic_next_latent,False,ljonly_r16_d4,4,4.781954885402229e-07
validation,lj_noisy,188,100,9.417997716809625e-06,4.645999797503464e-05,0.7972880299764455,9.245589353668038e-06,67,1,1,same_source_cyclic_next_latent,False,r16_d4,456,8.263129529950675e-06,4.645999797503464e-05,0.8221452886332263,8.855875421431847e-06,67,1,1,same_source_cyclic_next_latent,False,ljonly_r16_d4,4,1.15486818685895e-06
validation,lj_noisy,188,125,1.430044630978955e-05,7.364279736066237e-05,0.8058133745279428,1.4671890312456526e-05,67,1,1,same_source_cyclic_next_latent,False,r16_d4,456,1.3302630577527452e-05,7.364279736066237e-05,0.819362774714024,1.4421899322769605e-05,67,1,1,same_source_cyclic_next_latent,False,ljonly_r16_d4,4,9.978157322620973e-07
validation,lj_noisy,188,149,1.938091736519709e-05,0.000105726372567,0.8166879568963346,2.0616651454474777e-05,67,1,1,same_source_cyclic_next_latent,False,r16_d4,456,1.953227001649793e-05,0.000105726372567,0.8152564063037432,2.121118268405553e-05,67,1,1,same_source_cyclic_next_latent,False,ljonly_r16_d4,4,-1.5135265130084008e-07
validation,lj_noisy,188,175,2.6487459763302468e-05,0.000146960519487,0.8197647922329327,2.818551001837477e-05,67,1,1,same_source_cyclic_next_latent,False,r16_d4,456,2.817860513459891e-05,0.000146960519487,0.8082573113312639,3.043895412702113e-05,67,1,1,same_source_cyclic_next_latent,False,ljonly_r16_d4,4,-1.691145371296443e-06
validation,lj_noisy,188,199,3.5862809454556555e-05,0.0001916797627927,0.812902473729957,3.690804442157969e-05,67,1,1,same_source_cyclic_next_latent,False,r16_d4,456,3.8305366615531966e-05,0.0001916797627927,0.8001595679302661,4.109493602300063e-05,67,1,1,same_source_cyclic_next_latent,False,ljonly_r16_d4,4,-2.4425571609754115e-06
validation,lj_noisy,67,0,1.7353515886497917e-06,0.0,,2.720910572406865e-07,15,1,1,same_source_cyclic_next_latent,False,r16_d4,456,1.002356270873861e-06,0.0,,4.058929050643201e-07,15,1,1,same_source_cyclic_next_latent,False,ljonly_r16_d4,4,7.329953177759307e-07
validation,lj_noisy,67,5,1.4215498822522932e-06,8.974264886774108e-08,-14.840293329733482,1.218804470681789e-07,15,1,1,same_source_cyclic_next_latent,False,r16_d4,456,7.145661129470682e-07,8.974264886774108e-08,-6.96239159376904,1.8903362786204525e-07,15,1,1,same_source_cyclic_next_latent,False,ljonly_r16_d4,4,7.06983769305225e-07
validation,lj_noisy,67,10,1.1510819604154676e-06,3.756259161491471e-07,-2.0644370128029603,5.3285869938690666e-08,15,1,1,same_source_cyclic_next_latent,False,r16_d4,456,5.071302666692645e-07,3.756259161491471e-07,-0.3500939228801827,8.694016173649288e-08,15,1,1,same_source_cyclic_next_latent,False,ljonly_r16_d4,4,6.439516937462031e-07
validation,lj_noisy,67,25,7.560142307738715e-07,2.4605394628451904e-06,0.6927445211954979,3.427016679324879e-07,15,1,1,same_source_cyclic_next_latent,False,r16_d4,456,3.3711066294017655e-07,2.4605394628451904e-06,0.8629931898956963,2.8457932899073057e-07,15,1,1,same_source_cyclic_next_latent,False,ljonly_r16_d4,4,4.18903567833695e-07
validation,lj_noisy,67,50,1.258281486116175e-06,1.0304262104909869e-05,0.8778872787487987,1.862130261542916e-06,15,1,1,same_source_cyclic_next_latent,False,r16_d4,456,1.0295231049894935e-06,1.0304262104909869e-05,0.9000876438790375,1.3639380540553248e-06,15,1,1,same_source_cyclic_next_latent,False,ljonly_r16_d4,4,2.2875838112668155e-07
validation,lj_noisy,67,75,3.0475391668005614e-06,2.4312985260621645e-05,0.874653847146591,3.99950204155175e-06,15,1,1,same_source_cyclic_next_latent,False,r16_d4,456,2.7755656901717884e-06,2.4312985260621645e-05,0.8858401936076845,3.245053449063562e-06,15,1,1,same_source_cyclic_next_latent,False,ljonly_r16_d4,4,2.719734766287729e-07
validation,lj_noisy,67,100,5.875344413652783e-06,4.4734984840033576e-05,0.8686633194431105,6.475583631981863e-06,15,1,1,same_source_cyclic_next_latent,False,r16_d4,456,5.443369900604012e-06,4.4734984840033576e-05,0.8783196212076793,5.781452728115255e-06,15,1,1,same_source_cyclic_next_latent,False,ljonly_r16_d4,4,4.319745130487709e-07
validation,lj_noisy,67,125,9.419294656254353e-06,7.140247180359438e-05,0.8680816725482018,9.85504357231548e-06,15,1,1,same_source_cyclic_next_latent,False,r16_d4,456,9.16514363780152e-06,7.140247180359438e-05,0.8716410873980395,9.34866056923056e-06,15,1,1,same_source_cyclic_next_latent,False,ljonly_r16_d4,4,2.541510184528323e-07
validation,lj_noisy,67,149,1.3441520422929898e-05,0.0001028560582199,0.8693171733823302,1.4257132534112316e-05,15,1,1,same_source_cyclic_next_latent,False,r16_d4,456,1.3868550922779832e-05,0.0001028560582199,0.8651654441867886,1.399599750584457e-05,15,1,1,same_source_cyclic_next_latent,False,ljonly_r16_d4,4,-4.2703049984993413e-07
validation,lj_noisy,67,175,1.9095261450274847e-05,0.0001433728903066,0.866814002218724,2.0770568880834617e-05,15,1,1,same_source_cyclic_next_latent,False,r16_d4,456,2.0415000108187087e-05,0.0001433728903066,0.8576090635787226,2.075254997180309e-05,15,1,1,same_source_cyclic_next_latent,False,ljonly_r16_d4,4,-1.3197386579122394e-06
validation,lj_noisy,67,199,2.6315790819353424e-05,0.0001868223625933,0.8591400384084074,2.93167686322704e-05,15,1,1,same_source_cyclic_next_latent,False,r16_d4,456,2.8019199817208573e-05,0.0001868223625933,0.8500222380861693,2.9264991098898463e-05,15,1,1,same_source_cyclic_next_latent,False,ljonly_r16_d4,4,-1.7034089978551492e-06
validation,lj_noisy,15,0,3.0680194385013244e-08,0.0,,3.574535867301165e-07,79,1,1,same_source_cyclic_next_latent,False,r16_d4,786,1.3279454833536877e-06,0.0,,1.80857750819996e-06,79,1,1,same_source_cyclic_next_latent,False,ljonly_r16_d4,4,-1.2972652889686744e-06
validation,lj_noisy,15,5,2.336856752549465e-08,9.055690952664008e-08,0.7419460574831115,2.74262845323392e-07,79,1,1,same_source_cyclic_next_latent,False,r16_d4,786,9.882755875878502e-07,9.055690952664008e-08,-9.913309572442053,1.4705334479003795e-06,79,1,1,same_source_cyclic_next_latent,False,ljonly_r16_d4,4,-9.649070200623555e-07
validation,lj_noisy,15,10,4.3645282943316495e-08,3.651525162240432e-07,0.8804738266775698,2.2385181353001826e-07,79,1,1,same_source_cyclic_next_latent,False,r16_d4,786,7.392533234451548e-07,3.651525162240432e-07,-1.0245056260041712,1.228427890964667e-06,79,1,1,same_source_cyclic_next_latent,False,ljonly_r16_d4,4,-6.956080405018383e-07
validation,lj_noisy,15,25,2.823170177634893e-07,2.382581669735373e-06,0.8815079368108941,3.1601408068127057e-07,79,1,1,same_source_cyclic_next_latent,False,r16_d4,786,5.022843083679618e-07,2.382581669735373e-06,0.7891848515632418,9.962869853552547e-07,79,1,1,same_source_cyclic_next_latent,False,ljonly_r16_d4,4,-2.199672906044725e-07
validation,lj_noisy,15,50,1.2746561424137326e-06,1.0002500857808627e-05,0.8725662551262218,1.3370296301218332e-06,79,1,1,same_source_cyclic_next_latent,False,r16_d4,786,1.4070526503928704e-06,1.0002500857808627e-05,0.8593299145488771,1.991432327486109e-06,79,1,1,same_source_cyclic_next_latent,False,ljonly_r16_d4,4,-1.3239650797913782e-07
validation,lj_noisy,15,75,3.5032585401495453e-06,2.349700662307441e-05,0.8509061772698616,3.908146027242765e-06,79,1,1,same_source_cyclic_next_latent,False,r16_d4,786,3.8346374822140206e-06,2.349700662307441e-05,0.8368031492807961,4.665519554691855e-06,79,1,1,same_source_cyclic_next_latent,False,ljonly_r16_d4,4,-3.3137894206447527e-07
validation,lj_noisy,15,100,8.053428246057592e-06,4.446260936674662e-05,0.8188718934682967,8.87171336216852e-06,79,1,1,same_source_cyclic_next_latent,False,r16_d4,786,8.594817700213753e-06,4.446260936674662e-05,0.8066956073288453,9.503437468083575e-06,79,1,1,same_source_cyclic_next_latent,False,ljonly_r16_d4,4,-5.413894541561604e-07
validation,lj_noisy,15,125,1.4851046216790564e-05,7.343651668634266e-05,0.7977702798701442,1.5758269000798464e-05,79,1,1,same_source_cyclic_next_latent,False,r16_d4,786,1.5511404853896238e-05,7.343651668634266e-05,0.788778041854197,1.6271133063128218e-05,79,1,1,same_source_cyclic_next_latent,False,ljonly_r16_d4,4,-6.603586371056736e-07
validation,lj_noisy,15,149,2.1494719476322643e-05,0.0001065276956069,0.7982241204612646,2.214453343185596e-05,79,1,1,same_source_cyclic_next_latent,False,r16_d4,786,2.209732156188693e-05,0.0001065276956069,0.7925673559726399,2.2845493731438186e-05,79,1,1,same_source_cyclic_next_latent,False,ljonly_r16_d4,4,-6.026020855642855e-07
validation,lj_noisy,15,175,2.997207411681302e-05,0.0001508055138401,0.8012534598132868,2.986348226841073e-05,79,1,1,same_source_cyclic_next_latent,False,r16_d4,786,3.016028495039791e-05,0.0001508055138401,0.8000054229955855,3.081386603298597e-05,79,1,1,same_source_cyclic_next_latent,False,ljonly_r16_d4,4,-1.8821083358488977e-07
validation,lj_noisy,15,199,4.136556162848137e-05,0.0002030775794992,0.79630660494139,4.004906440968625e-05,79,1,1,same_source_cyclic_next_latent,False,r16_d4,786,4.062298103235662e-05,0.0002030775794992,0.7999632399966035,4.0866838389774784e-05,79,1,1,same_source_cyclic_next_latent,False,ljonly_r16_d4,4,7.425805961247534e-07
validation,lj_noisy,79,0,3.241584067836812e-07,0.0,,1.0989865586452652e-06,75,1,1,same_source_cyclic_next_latent,False,r16_d4,786,1.651587467677018e-06,0.0,,2.7616379156825133e-06,75,1,1,same_source_cyclic_next_latent,False,ljonly_r16_d4,4,-1.3274290608933368e-06
validation,lj_noisy,79,5,2.2270721444783706e-07,1.0333684485885897e-07,-1.1551578698964369,9.193896062242856e-07,75,1,1,same_source_cyclic_next_latent,False,r16_d4,786,1.277368824048608e-06,1.0333684485885897e-07,-11.361213716107576,2.3704324121354148e-06,75,1,1,same_source_cyclic_next_latent,False,ljonly_r16_d4,4,-1.054661609600771e-06
validation,lj_noisy,79,10,1.5538610398380118e-07,4.55465340110095e-07,0.6588409911800506,7.296820854207908e-07,75,1,1,same_source_cyclic_next_latent,False,r16_d4,786,9.510604286333546e-07,4.55465340110095e-07,-1.0881071398395856,1.9980388969997875e-06,75,1,1,same_source_cyclic_next_latent,False,ljonly_r16_d4,4,-7.956743246495535e-07
validation,lj_noisy,79,25,3.742724459243618e-07,3.182375849064556e-06,0.8823921297560194,5.806637659588887e-07,75,1,1,same_source_cyclic_next_latent,False,r16_d4,786,6.222190336302447e-07,3.182375849064556e-06,0.8044797147976274,1.533386807750503e-06,75,1,1,same_source_cyclic_next_latent,False,ljonly_r16_d4,4,-2.4794658770588285e-07
validation,lj_noisy,79,50,1.7309632767137373e-06,1.3238345673016738e-05,0.8692462548215598,1.6638427950965706e-06,75,1,1,same_source_cyclic_next_latent,False,r16_d4,786,1.6803317066660384e-06,1.3238345673016738e-05,0.873070869414522,2.710692115215352e-06,75,1,1,same_source_cyclic_next_latent,False,ljonly_r16_d4,4,5.0631570047698915e-08
validation,lj_noisy,79,75,3.98806241719285e-06,3.010093496413901e-05,0.8675103473714667,4.019201696792152e-06,75,1,1,same_source_cyclic_next_latent,False,r16_d4,786,3.992721758550033e-06,3.010093496413901e-05,0.8673555567856349,5.478613275045063e-06,75,1,1,same_source_cyclic_next_latent,False,ljonly_r16_d4,4,-4.659341357182711e-09
validation,lj_noisy,79,100,7.191070835688151e-06,5.402554961619899e-05,0.866894999000029,7.527292382292217e-06,75,1,1,same_source_cyclic_next_latent,False,r16_d4,786,7.062809345370624e-06,5.402554961619899e-05,0.869269088504508,8.827137207845226e-06,75,1,1,same_source_cyclic_next_latent,False,ljonly_r16_d4,4,1.282614903175272e-07
validation,lj_noisy,79,125,1.1677872862492222e-05,8.518932736478746e-05,0.8629185929302312,1.2329850505921058e-05,75,1,1,same_source_cyclic_next_latent,False,r16_d4,786,1.1157322660437783e-05,8.518932736478746e-05,0.8690291025228871,1.380860157951247e-05,75,1,1,same_source_cyclic_next_latent,False,ljonly_r16_d4,4,5.205502020544389e-07
validation,lj_noisy,79,149,1.74811648321338e-05,0.0001221718266606,0.8569132891767863,1.8169384929933585e-05,75,1,1,same_source_cyclic_next_latent,False,r16_d4,786,1.6451633200631477e-05,0.0001221718266606,0.8653402044455751,2.0539608158287592e-05,75,1,1,same_source_cyclic_next_latent,False,ljonly_r16_d4,4,1.0295316315023229e-06
validation,lj_noisy,79,175,2.566548573668115e-05,0.0001701186993159,0.8491318953184765,2.592080636532046e-05,75,1,1,same_source_cyclic_next_latent,False,r16_d4,786,2.403057260380592e-05,0.0001701186993159,0.8587423210944164,2.7745130864786915e-05,75,1,1,same_source_cyclic_next_latent,False,ljonly_r16_d4,4,1.6349131328752298e-06
validation,lj_noisy,79,199,3.509228190523572e-05,0.0002213792467955,0.8414834162949139,3.473457400104962e-05,75,1,1,same_source_cyclic_next_latent,False,r16_d4,786,3.3004325814545155e-05,0.0002213792467955,0.8509149963590508,3.476725396467373e-05,75,1,1,same_source_cyclic_next_latent,False,ljonly_r16_d4,4,2.087956090690568e-06
validation,lj_noisy,75,0,6.521987074847857e-07,0.0,,9.582965532217713e-08,181,1,1,same_source_cyclic_next_latent,False,r16_d4,786,1.6508220141986385e-06,0.0,,7.446628274010436e-07,181,1,1,same_source_cyclic_next_latent,False,ljonly_r16_d4,4,-9.986233067138528e-07
validation,lj_noisy,75,5,4.850683694712643e-07,9.145860246917437e-08,-4.303693216116592,4.344454396232322e-08,181,1,1,same_source_cyclic_next_latent,False,r16_d4,786,1.3316638387550483e-06,9.145860246917437e-08,-13.560290697683453,4.977853222953854e-07,181,1,1,same_source_cyclic_next_latent,False,ljonly_r16_d4,4,-8.46595469283784e-07
validation,lj_noisy,75,10,3.5665775044435577e-07,3.900833291936579e-07,0.085688303620655,5.592196217207857e-08,181,1,1,same_source_cyclic_next_latent,False,r16_d4,786,1.084910991266952e-06,3.900833291936579e-07,-1.7812288043930868,3.354533362198709e-07,181,1,1,same_source_cyclic_next_latent,False,ljonly_r16_d4,4,-7.282532408225961e-07
validation,lj_noisy,75,25,4.298966871374432e-07,2.673331437108573e-06,0.8391906513460928,5.338085884432076e-07,181,1,1,same_source_cyclic_next_latent,False,r16_d4,786,9.39652124998247e-07,2.673331437108573e-06,0.6485089308587348,4.670068847190123e-07,181,1,1,same_source_cyclic_next_latent,False,ljonly_r16_d4,4,-5.097554378608038e-07
validation,lj_noisy,75,50,1.9845497263304424e-06,1.1298255230940413e-05,0.8243490091376473,2.5068241029657656e-06,181,1,1,same_source_cyclic_next_latent,False,r16_d4,786,2.334960072403192e-06,1.1298255230940413e-05,0.7933344552166892,2.159990117434063e-06,181,1,1,same_source_cyclic_next_latent,False,ljonly_r16_d4,4,-3.5041034607274966e-07
validation,lj_noisy,75,75,5.02980174132972e-06,2.6090825485880487e-05,0.8072195245776457,5.765431069448823e-06,181,1,1,same_source_cyclic_next_latent,False,r16_d4,786,5.3749190556118265e-06,2.6090825485880487e-05,0.793991989309784,5.332537966751261e-06,181,1,1,same_source_cyclic_next_latent,False,ljonly_r16_d4,4,-3.4511731428210624e-07
validation,lj_noisy,75,100,9.332770787295884e-06,4.721252480521798e-05,0.802324259806067,1.0289300007571e-05,181,1,1,same_source_cyclic_next_latent,False,r16_d4,786,9.715126907394732e-06,4.721252480521798e-05,0.7942256435664926,9.94115362118464e-06,181,1,1,same_source_cyclic_next_latent,False,ljonly_r16_d4,4,-3.823561200988479e-07
validation,lj_noisy,75,125,1.5027074368845206e-05,7.473392179235816e-05,0.7989256550646886,1.642311326577328e-05,181,1,1,same_source_cyclic_next_latent,False,r16_d4,786,1.587531551194843e-05,7.473392179235816e-05,0.7875755061261653,1.6354339095414616e-05,181,1,1,same_source_cyclic_next_latent,False,ljonly_r16_d4,4,-8.482411431032233e-07
validation,lj_noisy,75,149,2.172248605347704e-05,0.0001070998841896,0.7971754477809868,2.4046201360761188e-05,181,1,1,same_source_cyclic_next_latent,False,r16_d4,786,2.34587296290556e-05,0.0001070998841896,0.7809640056425078,2.418612530163955e-05,181,1,1,same_source_cyclic_next_latent,False,ljonly_r16_d4,4,-1.7362435755785589e-06
validation,lj_noisy,75,175,3.061064853682183e-05,0.0001485866087023,0.7939878377724592,3.468358772806823e-05,181,1,1,same_source_cyclic_next_latent,False,r16_d4,786,3.267573629273102e-05,0.0001485866087023,0.780089628681178,3.4941469493787736e-05,181,1,1,same_source_cyclic_next_latent,False,ljonly_r16_d4,4,-2.0650877559091896e-06
validation,lj_noisy,75,199,4.020491178380325e-05,0.0001919504866236,0.7905454031871002,4.678883124142885e-05,181,1,1,same_source_cyclic_next_latent,False,r16_d4,786,4.2010608012788e-05,0.0001919504866236,0.7811383094060628,4.700079443864525e-05,181,1,1,same_source_cyclic_next_latent,False,ljonly_r16_d4,4,-1.8056962289847501e-06
validation,lj_noisy,181,0,1.6317046913627564e-07,0.0,,3.068452656407317e-07,31,1,1,same_source_cyclic_next_latent,False,r16_d4,786,1.2956866157765037e-06,0.0,,1.6146229881996987e-06,31,1,1,same_source_cyclic_next_latent,False,ljonly_r16_d4,4,-1.132516146640228e-06
validation,lj_noisy,181,5,1.0250363402519724e-07,8.917994165358324e-08,-0.1494023445694716,2.2714509384513806e-07,31,1,1,same_source_cyclic_next_latent,False,r16_d4,786,1.0012134907810832e-06,8.917994165358324e-08,-10.22689107232506,1.3043789977018605e-06,31,1,1,same_source_cyclic_next_latent,False,ljonly_r16_d4,4,-8.98709856755886e-07
validation,lj_noisy,181,10,7.593453688059526e-08,3.5931097386310284e-07,0.7886662462206728,1.866732048938502e-07,31,1,1,same_source_cyclic_next_latent,False,r16_d4,786,7.814095397407073e-07,3.5931097386310284e-07,-1.17474443193161,1.0829455732164206e-06,31,1,1,same_source_cyclic_next_latent,False,ljonly_r16_d4,4,-7.05475002860112e-07
validation,lj_noisy,181,25,2.147739905922208e-07,2.322475211258279e-06,0.9075236671844348,3.067172258397477e-07,31,1,1,same_source_cyclic_next_latent,False,r16_d4,786,5.913740892538044e-07,2.322475211258279e-06,0.7453690414489257,8.875754815562686e-07,31,1,1,same_source_cyclic_next_latent,False,ljonly_r16_d4,4,-3.766000986615836e-07
validation,lj_noisy,181,50,1.1855219099743408e-06,9.647412298363632e-06,0.8771150363112992,1.424558490725758e-06,31,1,1,same_source_cyclic_next_latent,False,r16_d4,786,1.6097836805784027e-06,9.647412298363632e-06,0.8331382933793086,1.9003266515937869e-06,31,1,1,same_source_cyclic_next_latent,False,ljonly_r16_d4,4,-4.242617706040619e-07
validation,lj_noisy,181,75,3.2986592941597337e-06,2.220537317043636e-05,0.8514476983187349,4.055742010677932e-06,31,1,1,same_source_cyclic_next_latent,False,r16_d4,786,4.006603830930544e-06,2.220537317043636e-05,0.8195660212427851,4.329987859819084e-06,31,1,1,same_source_cyclic_next_latent,False,ljonly_r16_d4,4,-7.079445367708104e-07
validation,lj_noisy,181,100,6.7303867581358645e-06,4.0102699131239206e-05,0.8321712277742166,8.196615453925915e-06,31,1,1,same_source_cyclic_next_latent,False,r16_d4,786,7.337499482673593e-06,4.0102699131239206e-05,0.8170322785840162,7.673603249713778e-06,31,1,1,same_source_cyclic_next_latent,False,ljonly_r16_d4,4,-6.071127245377284e-07
validation,lj_noisy,181,125,1.153038647316862e-05,6.356189987855032e-05,0.8185959435573813,1.3563278116635049e-05,31,1,1,same_source_cyclic_next_latent,False,r16_d4,786,1.1731317499652503e-05,6.356189987855032e-05,0.8154347569523899,1.2261119991308078e-05,31,1,1,same_source_cyclic_next_latent,False,ljonly_r16_d4,4,-2.0093102648388256e-07
validation,lj_noisy,181,149,1.7388412743457593e-05,9.170166595140472e-05,0.8103806232629165,1.965625415323302e-05,31,1,1,same_source_cyclic_next_latent,False,r16_d4,786,1.7320206097792834e-05,9.170166595140472e-05,0.8111244117749039,1.8348408048041165e-05,31,1,1,same_source_cyclic_next_latent,False,ljonly_r16_d4,4,6.820664566475898e-08
validation,lj_noisy,181,175,2.5030603865161535e-05,0.0001289811043534,0.8059358850225768,2.723149373196065e-05,31,1,1,same_source_cyclic_next_latent,False,r16_d4,786,2.43797530856682e-05,0.0001289811043534,0.8109819790435261,2.7046058676205572e-05,31,1,1,same_source_cyclic_next_latent,False,ljonly_r16_d4,4,6.50850779493336e-07
validation,lj_noisy,181,199,3.368944089743309e-05,0.0001695594837656,0.801311963511279,3.578729956643656e-05,31,1,1,same_source_cyclic_next_latent,False,r16_d4,786,3.1835483241593465e-05,0.0001695594837656,0.8122459296608946,3.848964479402639e-05,31,1,1,same_source_cyclic_next_latent,False,ljonly_r16_d4,4,1.853957655839622e-06
validation,lj_noisy,31,0,2.7356941245670896e-07,0.0,,2.622592987222561e-08,142,1,1,same_source_cyclic_next_latent,False,r16_d4,786,1.5033194813440789e-06,0.0,,9.760300372363415e-07,142,1,1,same_source_cyclic_next_latent,False,ljonly_r16_d4,4,-1.22975006888737e-06
validation,lj_noisy,31,5,1.7594818757515898e-07,1.0181967979860929e-07,-0.7280371331275997,3.850509955327652e-08,142,1,1,same_source_cyclic_next_latent,False,r16_d4,786,1.1587004564717065e-06,1.0181967979860929e-07,-10.379926343939774,6.466496529355936e-07,142,1,1,same_source_cyclic_next_latent,False,ljonly_r16_d4,4,-9.827522688965475e-07
validation,lj_noisy,31,10,1.1741478544990969e-07,4.309611654207402e-07,0.727551355270539,1.0453864263126889e-07,142,1,1,same_source_cyclic_next_latent,False,r16_d4,786,8.837242262416112e-07,4.309611654207402e-07,-1.0505890023265696,3.966816564116016e-07,142,1,1,same_source_cyclic_next_latent,False,ljonly_r16_d4,4,-7.663094407917015e-07
validation,lj_noisy,31,25,1.841514887246376e-07,2.8248798571439693e-06,0.9348108599171294,5.525026836039615e-07,142,1,1,same_source_cyclic_next_latent,False,r16_d4,786,5.656972348333511e-07,2.8248798571439693e-06,0.7997446746619212,2.1713309195092734e-07,142,1,1,same_source_cyclic_next_latent,False,ljonly_r16_d4,4,-3.815457461087135e-07
validation,lj_noisy,31,50,8.330644618581573e-07,1.1657663890218828e-05,0.9285393308896882,1.744650262480718e-06,142,1,1,same_source_cyclic_next_latent,False,r16_d4,786,1.1424411923144362e-06,1.1657663890218828e-05,0.9020008465612924,1.0505925729376031e-06,142,1,1,same_source_cyclic_next_latent,False,ljonly_r16_d4,4,-3.093767304562789e-07
validation,lj_noisy,31,75,2.205554892498185e-06,2.6905094273388382e-05,0.918024636149308,3.4472682273190003e-06,142,1,1,same_source_cyclic_next_latent,False,r16_d4,786,2.683178081497317e-06,2.6905094273388382e-05,0.9002724891341032,2.755877403615159e-06,142,1,1,same_source_cyclic_next_latent,False,ljonly_r16_d4,4,-4.776231889991323e-07
validation,lj_noisy,31,100,4.5399542614177335e-06,4.89304875372909e-05,0.9072162471719142,6.160100838314975e-06,142,1,1,same_source_cyclic_next_latent,False,r16_d4,786,5.069921371614328e-06,4.89304875372909e-05,0.8963852267412942,5.555832558457041e-06,142,1,1,same_source_cyclic_next_latent,False,ljonly_r16_d4,4,-5.299671101965941e-07
validation,lj_noisy,31,125,8.374006029043812e-06,7.90988706285134e-05,0.8941324198120072,1.0939195817627478e-05,142,1,1,same_source_cyclic_next_latent,False,r16_d4,786,8.984781743492931e-06,7.90988706285134e-05,0.8864107455378242,1.0442864549986552e-05,142,1,1,same_source_cyclic_next_latent,False,ljonly_r16_d4,4,-6.107757144491188e-07
validation,lj_noisy,31,149,1.5351071851910092e-05,0.0001173974960693,0.8692385070730448,1.965977207873948e-05,142,1,1,same_source_cyclic_next_latent,False,r16_d4,786,1.6068424883997068e-05,0.0001173974960693,0.8631280442769438,1.917559166031424e-05,142,1,1,same_source_cyclic_next_latent,False,ljonly_r16_d4,4,-7.173530320869759e-07
validation,lj_noisy,31,175,3.0860006518196315e-05,0.0001739394210744,0.8225818717369142,3.806784661719576e-05,142,1,1,same_source_cyclic_next_latent,False,r16_d4,786,3.139313776046038e-05,0.0001739394210744,0.819516831972088,3.734520578291267e-05,142,1,1,same_source_cyclic_next_latent,False,ljonly_r16_d4,4,-5.331312422640622e-07
validation,lj_noisy,31,199,5.345606041373685e-05,0.0002400137454969,0.7772791708114514,6.376468809321523e-05,142,1,1,same_source_cyclic_next_latent,False,r16_d4,786,5.382344534154981e-05,0.0002400137454969,0.7757484879455503,6.308879528660327e-05,142,1,1,same_source_cyclic_next_latent,False,ljonly_r16_d4,4,-3.6738492781295695e-07
validation,lj_noisy,142,0,2.9977478277487535e-08,0.0,,2.7235267907599336e-07,157,1,1,same_source_cyclic_next_latent,False,r16_d4,786,1.3043047601968285e-06,0.0,,1.4868448943161638e-06,157,1,1,same_source_cyclic_next_latent,False,ljonly_r16_d4,4,-1.274327281919341e-06
validation,lj_noisy,142,5,2.719857761235289e-08,9.436170955723357e-08,0.7117625598351836,2.0683778245711442e-07,157,1,1,same_source_cyclic_next_latent,False,r16_d4,786,9.63078150562069e-07,9.436170955723357e-08,-9.206238897970891,1.1712146488207509e-06,157,1,1,same_source_cyclic_next_latent,False,ljonly_r16_d4,4,-9.35879572949716e-07
validation,lj_noisy,142,10,5.4438856977867545e-08,3.835527593309962e-07,0.8580668352567158,1.609633528687482e-07,157,1,1,same_source_cyclic_next_latent,False,r16_d4,786,7.123867362679448e-07,3.835527593309962e-07,-0.8573370128023856,9.397413123224396e-07,157,1,1,same_source_cyclic_next_latent,False,ljonly_r16_d4,4,-6.579478792900773e-07
validation,lj_noisy,142,25,3.304256495084701e-07,2.477869657013798e-06,0.8666493015186755,2.90623404453072e-07,157,1,1,same_source_cyclic_next_latent,False,r16_d4,786,5.193857646190736e-07,2.477869657013798e-06,0.7903901994405103,7.716197956142423e-07,157,1,1,same_source_cyclic_next_latent,False,ljonly_r16_d4,4,-1.889601151106035e-07
validation,lj_noisy,142,50,1.4919631894372287e-06,1.0261092029395512e-05,0.8545999602027621,1.5411376352858497e-06,157,1,1,same_source_cyclic_next_latent,False,r16_d4,786,1.6216966969295754e-06,1.0261092029395512e-05,0.841956714520851,2.080530293824268e-06,157,1,1,same_source_cyclic_next_latent,False,ljonly_r16_d4,4,-1.297335074923467e-07
validation,lj_noisy,142,75,3.915371053153649e-06,2.352078990952577e-05,0.8335357329318286,4.606111360772047e-06,157,1,1,same_source_cyclic_next_latent,False,r16_d4,786,4.300135515222792e-06,2.352078990952577e-05,0.8171772490735414,5.523202617041534e-06,157,1,1,same_source_cyclic_next_latent,False,ljonly_r16_d4,4,-3.847644620691426e-07
validation,lj_noisy,142,100,8.03669354354497e-06,4.234289735904895e-05,0.8101997254605092,9.678791684564205e-06,157,1,1,same_source_cyclic_next_latent,False,r16_d4,786,8.57303439261159e-06,4.234289735904895e-05,0.7975331182484735,1.0848980309674516e-05,157,1,1,same_source_cyclic_next_latent,False,ljonly_r16_d4,4,-5.363408490666188e-07
validation,lj_noisy,142,125,1.3272651813167611e-05,6.57610289636068e-05,0.7981684285914549,1.568351945024915e-05,157,1,1,same_source_cyclic_next_latent,False,r16_d4,786,1.3709085578739176e-05,6.57610289636068e-05,0.7915317659289364,1.7228278011316434e-05,157,1,1,same_source_cyclic_next_latent,False,ljonly_r16_d4,4,-4.3643376557156444e-07
validation,lj_noisy,142,149,1.9151038941345178e-05,9.220665378961712e-05,0.7923030697433067,2.2049358449294232e-05,157,1,1,same_source_cyclic_next_latent,False,r16_d4,786,1.9474477085168477e-05,9.220665378961712e-05,0.7887953169887032,2.48023552558152e-05,157,1,1,same_source_cyclic_next_latent,False,ljonly_r16_d4,4,-3.234381438232992e-07
validation,lj_noisy,142,175,2.6605430321069438e-05,0.0001260444259969,0.7889202151492771,3.0021730708540417e-05,157,1,1,same_source_cyclic_next_latent,False,r16_d4,786,2.7096233679912984e-05,0.0001260444259969,0.7850263233332644,3.423729867790826e-05,157,1,1,same_source_cyclic_next_latent,False,ljonly_r16_d4,4,-4.908033588435467e-07
validation,lj_noisy,142,199,3.427251795073971e-05,0.000161461342941,0.7877354583675475,3.875845141010359e-05,157,1,1,same_source_cyclic_next_latent,False,r16_d4,786,3.500733510009013e-05,0.000161461342941,0.7831844176294636,4.3290569010423496e-05,157,1,1,same_source_cyclic_next_latent,False,ljonly_r16_d4,4,-7.348171493504196e-07
validation,lj_noisy,157,0,2.431662835533644e-07,0.0,,2.57386386692815e-06,12,1,1,same_source_cyclic_next_latent,False,r16_d4,786,1.3203986100052134e-06,0.0,,2.3360673822026e-06,12,1,1,same_source_cyclic_next_latent,False,ljonly_r16_d4,4,-1.077232326451849e-06
validation,lj_noisy,157,5,1.8310865357307199e-07,9.083687757538429e-08,-1.0157964304873048,2.471156676620012e-06,12,1,1,same_source_cyclic_next_latent,False,r16_d4,786,1.025513938657241e-06,9.083687757538429e-08,-10.28962119824276,2.0789943846466485e-06,12,1,1,same_source_cyclic_next_latent,False,ljonly_r16_d4,4,-8.42405285084169e-07
validation,lj_noisy,157,10,1.4749301158190065e-07,3.649991242582473e-07,0.5959085877763775,2.402169229753781e-06,12,1,1,same_source_cyclic_next_latent,False,r16_d4,786,8.174798722393462e-07,3.649991242582473e-07,-1.2396762564859078,1.8753507902147248e-06,12,1,1,same_source_cyclic_next_latent,False,ljonly_r16_d4,4,-6.699868606574455e-07
validation,lj_noisy,157,25,2.846667541689385e-07,2.373865527260932e-06,0.8800830329688476,2.606950829431298e-06,12,1,1,same_source_cyclic_next_latent,False,r16_d4,786,6.707571742481377e-07,2.373865527260932e-06,0.7174409558817403,1.844592702582304e-06,12,1,1,same_source_cyclic_next_latent,False,ljonly_r16_d4,4,-3.8609042007919925e-07
validation,lj_noisy,157,50,1.2555696002891636e-06,9.819269507715944e-06,0.872132076698522,4.618965249392204e-06,12,1,1,same_source_cyclic_next_latent,False,r16_d4,786,1.6883952866919572e-06,9.819269507715944e-06,0.8280528622454835,3.779524377023336e-06,12,1,1,same_source_cyclic_next_latent,False,ljonly_r16_d4,4,-4.328256864027935e-07
validation,lj_noisy,157,75,3.366044666108792e-06,2.281349952681921e-05,0.8524538218193259,9.016185686050449e-06,12,1,1,same_source_cyclic_next_latent,False,r16_d4,786,4.0408795030089095e-06,2.281349952681921e-05,0.8228733168158392,7.576883035653736e-06,12,1,1,same_source_cyclic_next_latent,False,ljonly_r16_d4,4,-6.748348369001174e-07
validation,lj_noisy,157,100,6.858258984721033e-06,4.15882641391363e-05,0.8350914824966902,1.587394581292756e-05,12,1,1,same_source_cyclic_next_latent,False,r16_d4,786,7.532733434345573e-06,4.15882641391363e-05,0.8188735791149082,1.2083250112482348e-05,12,1,1,same_source_cyclic_next_latent,False,ljonly_r16_d4,4,-6.744744496245403e-07
validation,lj_noisy,157,125,1.1552506293810438e-05,6.644261884503067e-05,0.8261280711894385,2.49000295298174e-05,12,1,1,same_source_cyclic_next_latent,False,r16_d4,786,1.2050054465362336e-05,6.644261884503067e-05,0.8186396822577444,1.8364187781116925e-05,12,1,1,same_source_cyclic_next_latent,False,ljonly_r16_d4,4,-4.975481715518981e-07
validation,lj_noisy,157,149,1.7553938960190862e-05,9.61377882049419e-05,0.8174085415531901,3.623638622229919e-05,12,1,1,same_source_cyclic_next_latent,False,r16_d4,786,1.7927890439750627e-05,9.61377882049419e-05,0.8135187965679758,2.669976674951613e-05,12,1,1,same_source_cyclic_next_latent,False,ljonly_r16_d4,4,-3.7395147955976427e-07
validation,lj_noisy,157,175,2.566108014434576e-05,0.0001335744454991,0.8078893006183786,5.201877502258867e-05,12,1,1,same_source_cyclic_next_latent,False,r16_d4,786,2.516628592275083e-05,0.0001335744454991,0.8115935587176438,3.504885899019428e-05,12,1,1,same_source_cyclic_next_latent,False,ljonly_r16_d4,4,4.947942215949297e-07
validation,lj_noisy,157,199,3.566111990949139e-05,0.0001735624682623,0.7945343813872282,7.284656749106944e-05,12,1,1,same_source_cyclic_next_latent,False,r16_d4,786,3.294551788712852e-05,0.0001735624682623,0.8101806328467169,4.31857661169488e-05,12,1,1,same_source_cyclic_next_latent,False,ljonly_r16_d4,4,2.715602022362873e-06
validation,lj_noisy,12,0,1.3084471675028908e-06,0.0,,1.9316254906698305e-07,152,1,1,same_source_cyclic_next_latent,False,r16_d4,786,1.2595022553796298e-06,0.0,,7.870900162743055e-07,152,1,1,same_source_cyclic_next_latent,False,ljonly_r16_d4,4,4.894491212326102e-08
validation,lj_noisy,12,5,1.0452104106661864e-06,1.0223686786048348e-07,-9.223419716774991,9.000756051591453e-08,152,1,1,same_source_cyclic_next_latent,False,r16_d4,786,9.479944651502592e-07,1.0223686786048348e-07,-8.272530399150437,4.899628152088553e-07,152,1,1,same_source_cyclic_next_latent,False,ljonly_r16_d4,4,9.721594551592716e-08
validation,lj_noisy,12,10,8.336797918673255e-07,4.424935866609303e-07,-0.8840494348365542,6.98007767141462e-08,152,1,1,same_source_cyclic_next_latent,False,r16_d4,786,7.043269647510897e-07,4.424935866609303e-07,-0.5917224248739101,3.0978833365225e-07,152,1,1,same_source_cyclic_next_latent,False,ljonly_r16_d4,4,1.2935282711623586e-07
validation,lj_noisy,12,25,9.068638746612124e-07,3.1844713248574408e-06,0.7152230991743002,7.222510589599551e-07,152,1,1,same_source_cyclic_next_latent,False,r16_d4,786,7.811958084857906e-07,3.1844713248574408e-06,0.7546858712817072,6.253729338823177e-07,152,1,1,same_source_cyclic_next_latent,False,ljonly_r16_d4,4,1.256680661754218e-07
validation,lj_noisy,12,50,3.577137022148236e-06,1.4166832443152089e-05,0.7474991649331366,4.223328232910717e-06,152,1,1,same_source_cyclic_next_latent,False,r16_d4,786,3.4391957797197392e-06,1.4166832443152089e-05,0.7572360798703337,3.6603757962438976e-06,152,1,1,same_source_cyclic_next_latent,False,ljonly_r16_d4,4,1.379412424284969e-07
validation,lj_noisy,12,75,9.050803782884032e-06,3.3046842872863635e-05,0.7261219833403183,1.0251614185108338e-05,152,1,1,same_source_cyclic_next_latent,False,r16_d4,786,8.72630607773317e-06,3.3046842872863635e-05,0.7359413087869049,9.274547664972488e-06,152,1,1,same_source_cyclic_next_latent,False,ljonly_r16_d4,4,3.244977051508613e-07
validation,lj_noisy,12,100,1.5066134437802248e-05,5.7156557886628434e-05,0.7364058474674712,1.6627398508717306e-05,152,1,1,same_source_cyclic_next_latent,False,r16_d4,786,1.4540000847773626e-05,5.7156557886628434e-05,0.7456109782430547,1.555817470944021e-05,152,1,1,same_source_cyclic_next_latent,False,ljonly_r16_d4,4,5.261335900286213e-07
validation,lj_noisy,12,125,2.261374356749002e-05,8.803003584034741e-05,0.7431133209067113,2.483013668097556e-05,152,1,1,same_source_cyclic_next_latent,False,r16_d4,786,2.189353654102888e-05,8.803003584034741e-05,0.7512946992236227,2.3730222892481837e-05,152,1,1,same_source_cyclic_next_latent,False,ljonly_r16_d4,4,7.202070264611393e-07
validation,lj_noisy,12,149,3.165705129504204e-05,0.0001241997088072,0.7451117108159766,3.4816868719644845e-05,152,1,1,same_source_cyclic_next_latent,False,r16_d4,786,3.080060923821293e-05,0.0001241997088072,0.7520073957177666,3.357042442075908e-05,152,1,1,same_source_cyclic_next_latent,False,ljonly_r16_d4,4,8.564420568291098e-07
validation,lj_noisy,12,175,4.179553434369154e-05,0.0001689234195509,0.7525770289591207,4.619928586180322e-05,152,1,1,same_source_cyclic_next_latent,False,r16_d4,786,4.128967702854425e-05,0.0001689234195509,0.7555716244775627,4.509909558692016e-05,152,1,1,same_source_cyclic_next_latent,False,ljonly_r16_d4,4,5.058573151472956e-07
validation,lj_noisy,12,199,5.046874503022991e-05,0.000215836931602,0.7661718749631292,5.642283213092014e-05,152,1,1,same_source_cyclic_next_latent,False,r16_d4,786,5.1199414883740246e-05,0.000215836931602,0.7627865884503588,5.624254117719829e-05,152,1,1,same_source_cyclic_next_latent,False,ljonly_r16_d4,4,-7.306698535103351e-07
validation,lj_noisy,152,0,3.230191509828728e-07,0.0,,4.66253737840816e-08,29,1,1,same_source_cyclic_next_latent,False,r16_d4,786,1.327988570665184e-06,0.0,,1.4442953215620946e-06,29,1,1,same_source_cyclic_next_latent,False,ljonly_r16_d4,4,-1.0049694196823111e-06
validation,lj_noisy,152,5,2.178305038569306e-07,9.695842351220565e-08,-1.2466382596403185,2.336875581931963e-08,29,1,1,same_source_cyclic_next_latent,False,r16_d4,786,9.85667725217354e-07,9.695842351220565e-08,-9.165880276439037,1.0304706847819034e-06,29,1,1,same_source_cyclic_next_latent,False,ljonly_r16_d4,4,-7.678372213604234e-07
validation,lj_noisy,152,10,1.4878911258620064e-07,4.1400659256396477e-07,0.6406117311689608,6.456350121197829e-08,29,1,1,same_source_cyclic_next_latent,False,r16_d4,786,7.180747161328327e-07,4.1400659256396477e-07,-0.7344523711223006,7.001814879004087e-07,29,1,1,same_source_cyclic_next_latent,False,ljonly_r16_d4,4,-5.69285603546632e-07
validation,lj_noisy,152,25,2.462535064751137e-07,2.7664339086186374e-06,0.910985219741586,5.793807531517814e-07,29,1,1,same_source_cyclic_next_latent,False,r16_d4,786,4.632250352187839e-07,2.7664339086186374e-06,0.8325551773437863,3.5606674941846e-07,29,1,1,same_source_cyclic_next_latent,False,ljonly_r16_d4,4,-2.169715287436702e-07
validation,lj_noisy,152,50,1.1752316595448065e-06,1.1517513485159723e-05,0.8979613385251002,2.2450144570029806e-06,29,1,1,same_source_cyclic_next_latent,False,r16_d4,786,1.2579771464515943e-06,1.1517513485159723e-05,0.8907770198773812,1.136259243139648e-06,29,1,1,same_source_cyclic_next_latent,False,ljonly_r16_d4,4,-8.274548690678785e-08
validation,lj_noisy,152,75,2.919256530731218e-06,2.6382193027529866e-05,0.8893474652510893,4.364551386970561e-06,29,1,1,same_source_cyclic_next_latent,False,r16_d4,786,3.103522203673492e-06,2.6382193027529866e-05,0.8823629938407713,2.8769488835678203e-06,29,1,1,same_source_cyclic_next_latent,False,ljonly_r16_d4,4,-1.8426567294227425e-07
validation,lj_noisy,152,100,5.470816176966764e-06,4.726915722130798e-05,0.8842624557202676,6.989770554355346e-06,29,1,1,same_source_cyclic_next_latent,False,r16_d4,786,5.631994099530857e-06,4.726915722130798e-05,0.8808526652344868,5.377276465878822e-06,29,1,1,same_source_cyclic_next_latent,False,ljonly_r16_d4,4,-1.6117792256409302e-07
validation,lj_noisy,152,125,8.632501703687012e-06,7.386328070424497e-05,0.8831286449588897,1.0323358765162992e-05,29,1,1,same_source_cyclic_next_latent,False,r16_d4,786,8.639860425319057e-06,7.386328070424497e-05,0.8830290187093934,8.471736691717524e-06,29,1,1,same_source_cyclic_next_latent,False,ljonly_r16_d4,4,-7.358721632044762e-09
validation,lj_noisy,152,149,1.234022329299478e-05,0.0001050939827109,0.8825791641474557,1.4728560927323995e-05,29,1,1,same_source_cyclic_next_latent,False,r16_d4,786,1.2377831808407793e-05,0.0001050939827109,0.8822213081176158,1.2248590792296454e-05,29,1,1,same_source_cyclic_next_latent,False,ljonly_r16_d4,4,-3.7608515413012356e-08
validation,lj_noisy,152,175,1.7221280359080993e-05,0.0001450929412385,0.881308627338612,2.1011144781368785e-05,29,1,1,same_source_cyclic_next_latent,False,r16_d4,786,1.7613554518902674e-05,0.0001450929412385,0.8786050212467296,1.7506292351754382e-05,29,1,1,same_source_cyclic_next_latent,False,ljonly_r16_d4,4,-3.922741598216817e-07
validation,lj_noisy,152,199,2.29160905291792e-05,0.0001877725881058,0.8779582751649652,2.838430373230949e-05,29,1,1,same_source_cyclic_next_latent,False,r16_d4,786,2.379437501076609e-05,0.0001877725881058,0.873280891259005,2.390043118793983e-05,29,1,1,same_source_cyclic_next_latent,False,ljonly_r16_d4,4,-8.782844815868884e-07
validation,lj_noisy,29,0,5.8781608913704986e-08,0.0,,1.201405439132941e-06,95,1,1,same_source_cyclic_next_latent,False,r16_d4,786,1.545367581456958e-06,0.0,,2.5063188786589308e-06,95,1,1,same_source_cyclic_next_latent,False,ljonly_r16_d4,4,-1.486585972543253e-06
validation,lj_noisy,29,5,2.9313380167650397e-08,9.255531097096537e-08,0.6832879727793686,1.06950756162405e-06,95,1,1,same_source_cyclic_next_latent,False,r16_d4,786,1.1392320402592304e-06,9.255531097096537e-08,-11.308662013102715,2.198931497332524e-06,95,1,1,same_source_cyclic_next_latent,False,ljonly_r16_d4,4,-1.10991866009158e-06
validation,lj_noisy,29,10,5.0902837500643734e-08,3.9399358797709283e-07,0.8708028783869364,9.499304951532396e-07,95,1,1,same_source_cyclic_next_latent,False,r16_d4,786,8.124185342239798e-07,3.9399358797709283e-07,-1.0620095326810612,1.9153146695316536e-06,95,1,1,same_source_cyclic_next_latent,False,ljonly_r16_d4,4,-7.615156967233361e-07
validation,lj_noisy,29,25,4.413602141539741e-07,2.62467051470594e-06,0.831841668628101,8.470722150377696e-07,95,1,1,same_source_cyclic_next_latent,False,r16_d4,786,4.509271605002141e-07,2.62467051470594e-06,0.8281966601241244,1.5631347878297674e-06,95,1,1,same_source_cyclic_next_latent,False,ljonly_r16_d4,4,-9.566946346240002e-09
validation,lj_noisy,29,50,1.678697913121141e-06,1.0715701137087308e-05,0.8433422235609833,1.6132743212438072e-06,95,1,1,same_source_cyclic_next_latent,False,r16_d4,786,1.1173538041475697e-06,1.0715701137087308e-05,0.8957274199930436,2.531711970732431e-06,95,1,1,same_source_cyclic_next_latent,False,ljonly_r16_d4,4,5.613441089735714e-07
validation,lj_noisy,29,75,3.3773858376662247e-06,2.4163142370525748e-05,0.8602257195742071,3.7582951790682273e-06,95,1,1,same_source_cyclic_next_latent,False,r16_d4,786,2.917468691521208e-06,2.4163142370525748e-05,0.8792595496569212,5.287534804665484e-06,95,1,1,same_source_cyclic_next_latent,False,ljonly_r16_d4,4,4.599171461450169e-07
validation,lj_noisy,29,100,5.966385288047604e-06,4.288870331947692e-05,0.8608867877491155,7.328932042582892e-06,95,1,1,same_source_cyclic_next_latent,False,r16_d4,786,5.900139512959868e-06,4.288870331947692e-05,0.8624313850430527,9.3546314019477e-06,95,1,1,same_source_cyclic_next_latent,False,ljonly_r16_d4,4,6.624577508773655e-08
validation,lj_noisy,29,125,9.712441169540398e-06,6.650677823927253e-05,0.8539631383947395,1.2275580047571566e-05,95,1,1,same_source_cyclic_next_latent,False,r16_d4,786,9.864489584288094e-06,6.650677823927253e-05,0.8516769290973852,1.509471985627897e-05,95,1,1,same_source_cyclic_next_latent,False,ljonly_r16_d4,4,-1.5204841474769637e-07
validation,lj_noisy,29,149,1.4509506399917882e-05,9.352853521704674e-05,0.844865458800927,1.8311897292733192e-05,95,1,1,same_source_cyclic_next_latent,False,r16_d4,786,1.4550106243405024e-05,9.352853521704674e-05,0.8444313683557712,2.3371427232632414e-05,95,1,1,same_source_cyclic_next_latent,False,ljonly_r16_d4,4,-4.059984348714182e-08
validation,lj_noisy,29,175,2.1132487745489925e-05,0.0001277870032936,0.8346272531571074,2.6797759346663952e-05,95,1,1,same_source_cyclic_next_latent,False,r16_d4,786,2.084517473122105e-05,0.0001277870032936,0.83687562745859,3.494628981570713e-05,95,1,1,same_source_cyclic_next_latent,False,ljonly_r16_d4,4,2.873130142688751e-07
validation,lj_noisy,29,199,2.846777715603821e-05,0.0001640301925363,0.8264479440287316,3.681769157992676e-05,95,1,1,same_source_cyclic_next_latent,False,r16_d4,786,2.7859239708050158e-05,0.0001640301925363,0.8301578552260459,4.757166971103288e-05,95,1,1,same_source_cyclic_next_latent,False,ljonly_r16_d4,4,6.085374479880523e-07
validation,lj_noisy,95,0,7.56694817027892e-07,0.0,,2.2013702860590456e-08,183,1,1,same_source_cyclic_next_latent,False,r16_d4,786,1.6927664319155156e-06,0.0,,8.683526289132715e-07,183,1,1,same_source_cyclic_next_latent,False,ljonly_r16_d4,4,-9.360716148876236e-07
validation,lj_noisy,95,5,5.827201334795973e-07,9.315184712477277e-08,-5.2555939733440775,6.013828368622853e-08,183,1,1,same_source_cyclic_next_latent,False,r16_d4,786,1.378803062834777e-06,9.315184712477277e-08,-13.801671736985863,5.738992854276148e-07,183,1,1,same_source_cyclic_next_latent,False,ljonly_r16_d4,4,-7.960829293551797e-07
validation,lj_noisy,95,10,4.2971996094820497e-07,4.062233927015768e-07,-0.0578414947754852,1.608202495617661e-07,183,1,1,same_source_cyclic_next_latent,False,r16_d4,786,1.0918162161033251e-06,4.062233927015768e-07,-1.6877236410297134,3.5276482890367333e-07,183,1,1,same_source_cyclic_next_latent,False,ljonly_r16_d4,4,-6.620962551551202e-07
validation,lj_noisy,95,25,3.447017604685243e-07,2.82183304989303e-06,0.8778447362498674,8.26959706046182e-07,183,1,1,same_source_cyclic_next_latent,False,r16_d4,786,7.82156575951376e-07,2.82183304989303e-06,0.7228196841832915,3.402271602226392e-07,183,1,1,same_source_cyclic_next_latent,False,ljonly_r16_d4,4,-4.374548154828517e-07
validation,lj_noisy,95,50,1.711929144221358e-06,1.2093249097233638e-05,0.8584392721544977,3.0712583338754484e-06,183,1,1,same_source_cyclic_next_latent,False,r16_d4,786,2.1760520212410484e-06,1.2093249097233638e-05,0.8200605971360645,2.128106189047685e-06,183,1,1,same_source_cyclic_next_latent,False,ljonly_r16_d4,4,-4.6412287701969035e-07
validation,lj_noisy,95,75,5.096626409795135e-06,2.818343091348652e-05,0.8191623147146267,7.12523296897416e-06,183,1,1,same_source_cyclic_next_latent,False,r16_d4,786,5.829346719110617e-06,2.818343091348652e-05,0.793164049579176,5.998038886900758e-06,183,1,1,same_source_cyclic_next_latent,False,ljonly_r16_d4,4,-7.327203093154822e-07
validation,lj_noisy,95,100,1.0904567716352176e-05,5.138449341757223e-05,0.7877848550974897,1.393879847455537e-05,183,1,1,same_source_cyclic_next_latent,False,r16_d4,786,1.2084376976417843e-05,5.138449341757223e-05,0.7648244407468405,1.259993587154895e-05,183,1,1,same_source_cyclic_next_latent,False,ljonly_r16_d4,4,-1.1798092600656673e-06
validation,lj_noisy,95,125,1.8741460735327564e-05,8.035653445404023e-05,0.7667711672403356,2.318442420801148e-05,183,1,1,same_source_cyclic_next_latent,False,r16_d4,786,2.082161881844513e-05,8.035653445404023e-05,0.7408845595456333,2.1769334125565365e-05,183,1,1,same_source_cyclic_next_latent,False,ljonly_r16_d4,4,-2.080158083117567e-06
validation,lj_noisy,95,149,3.016183472936973e-05,0.0001155957506853,0.7390748833711128,3.660346192191355e-05,183,1,1,same_source_cyclic_next_latent,False,r16_d4,786,3.3902761060744524e-05,0.0001155957506853,0.7067127393546027,3.510873284540139e-05,183,1,1,same_source_cyclic_next_latent,False,ljonly_r16_d4,4,-3.7409263313747942e-06
validation,lj_noisy,95,175,4.805959906661883e-05,0.0001621420669835,0.7035957419273081,5.749878619099036e-05,183,1,1,same_source_cyclic_next_latent,False,r16_d4,786,5.475526268128306e-05,0.0001621420669835,0.6623006990107445,5.5952990805963054e-05,183,1,1,same_source_cyclic_next_latent,False,ljonly_r16_d4,4,-6.695663614664227e-06
validation,lj_noisy,95,199,6.975034921197221e-05,0.0002128292690031,0.6722708791949631,8.262311894213781e-05,183,1,1,same_source_cyclic_next_latent,False,r16_d4,786,7.990858284756541e-05,0.0002128292690031,0.6245413837022913,8.123926818370819e-05,183,1,1,same_source_cyclic_next_latent,False,ljonly_r16_d4,4,-1.0158233635593206e-05
validation,lj_noisy,183,0,3.31565672695433e-08,0.0,,9.918421710608527e-07,147,1,1,same_source_cyclic_next_latent,False,r16_d4,786,1.4975103113101795e-06,0.0,,2.270280901939259e-06,147,1,1,same_source_cyclic_next_latent,False,ljonly_r16_d4,4,-1.4643537440406362e-06
validation,lj_noisy,183,5,4.8264297447531135e-08,9.035466774776069e-08,0.4658350403958261,9.338558015770104e-07,147,1,1,same_source_cyclic_next_latent,False,r16_d4,786,1.1544777862582125e-06,9.035466774776069e-08,-11.777179254104716,1.9911669824068667e-06,147,1,1,same_source_cyclic_next_latent,False,ljonly_r16_d4,4,-1.1062134888106814e-06
validation,lj_noisy,183,10,8.636165205189172e-08,3.734352276296704e-07,0.7687372650939746,8.893167091628129e-07,147,1,1,same_source_cyclic_next_latent,False,r16_d4,786,8.844662033880013e-07,3.734352276296704e-07,-1.3684594755616146,1.7804480876293385e-06,147,1,1,same_source_cyclic_next_latent,False,ljonly_r16_d4,4,-7.981045513361096e-07
validation,lj_noisy,183,25,3.1331583727478574e-07,2.431817392789526e-06,0.8711598008124357,1.084778205040493e-06,147,1,1,same_source_cyclic_next_latent,False,r16_d4,786,6.066024980100337e-07,2.431817392789526e-06,0.7505559011919876,1.7917327568284236e-06,147,1,1,same_source_cyclic_next_latent,False,ljonly_r16_d4,4,-2.93286660735248e-07
validation,lj_noisy,183,50,1.1739460887838504e-06,1.020561103359796e-05,0.8849705240657229,2.6861002879741136e-06,147,1,1,same_source_cyclic_next_latent,False,r16_d4,786,1.5104568547030794e-06,1.020561103359796e-05,0.851997411058437,3.8143441543070367e-06,147,1,1,same_source_cyclic_next_latent,False,ljonly_r16_d4,4,-3.36510765919229e-07
validation,lj_noisy,183,75,3.247923814342357e-06,2.3695167328696695e-05,0.8629288508796953,6.114142706792336e-06,147,1,1,same_source_cyclic_next_latent,False,r16_d4,786,3.98506654164521e-06,2.3695167328696695e-05,0.8318194386912396,7.728121090622153e-06,147,1,1,same_source_cyclic_next_latent,False,ljonly_r16_d4,4,-7.371427273028534e-07
validation,lj_noisy,183,100,7.012488367763581e-06,4.307867129682563e-05,0.8372166978074759,1.1150134014314972e-05,147,1,1,same_source_cyclic_next_latent,False,r16_d4,786,7.919523341115564e-06,4.307867129682563e-05,0.8161613832853026,1.2634953236556612e-05,147,1,1,same_source_cyclic_next_latent,False,ljonly_r16_d4,4,-9.070349733519834e-07
validation,lj_noisy,183,125,1.1456631000328343e-05,6.872970698168501e-05,0.8333088921304249,1.596738729858771e-05,147,1,1,same_source_cyclic_next_latent,False,r16_d4,786,1.2092114047845826e-05,6.872970698168501e-05,0.8240627731605474,1.7676637071417645e-05,147,1,1,same_source_cyclic_next_latent,False,ljonly_r16_d4,4,-6.354830475174822e-07
validation,lj_noisy,183,149,1.6393218174926005e-05,9.890592627925798e-05,0.8342544396314511,2.0581126591423526e-05,147,1,1,same_source_cyclic_next_latent,False,r16_d4,786,1.66560712386854e-05,9.890592627925798e-05,0.8315968328160896,2.318274709978141e-05,147,1,1,same_source_cyclic_next_latent,False,ljonly_r16_d4,4,-2.62853063759394e-07
validation,lj_noisy,183,175,2.288010364281945e-05,0.00013746204786,0.8335533043555585,2.607666647236329e-05,147,1,1,same_source_cyclic_next_latent,False,r16_d4,786,2.25113399210386e-05,0.00013746204786,0.8362359627876252,2.9884145988035016e-05,147,1,1,same_source_cyclic_next_latent,False,ljonly_r16_d4,4,3.687637217808481e-07
validation,lj_noisy,183,199,3.0647213861811906e-05,0.0001797954901121,0.829544034487771,3.243691389798187e-05,147,1,1,same_source_cyclic_next_latent,False,r16_d4,786,2.9454371542669836e-05,0.0001797954901121,0.8361784740857721,3.720905078807846e-05,147,1,1,same_source_cyclic_next_latent,False,ljonly_r16_d4,4,1.19284231914207e-06
validation,lj_noisy,147,0,6.716470579704037e-07,0.0,,4.457924163148164e-08,43,1,1,same_source_cyclic_next_latent,False,r16_d4,786,1.5556363450741628e-06,0.0,,1.0841855555554505e-06,43,1,1,same_source_cyclic_next_latent,False,ljonly_r16_d4,4,-8.839892871037591e-07
validation,lj_noisy,147,5,5.28332407156995e-07,1.0630814983869641e-07,-3.969820356751998,2.506496521448298e-08,43,1,1,same_source_cyclic_next_latent,False,r16_d4,786,1.2281641375011532e-06,1.0630814983869641e-07,-10.55286908261194,7.521603038185276e-07,43,1,1,same_source_cyclic_next_latent,False,ljonly_r16_d4,4,-6.998317303441581e-07
validation,lj_noisy,147,10,4.260014065948781e-07,4.434336347003409e-07,0.0393119212015639,6.249995010421118e-08,43,1,1,same_source_cyclic_next_latent,False,r16_d4,786,9.888019576465013e-07,4.434336347003409e-07,-1.2298758602619393,5.273070655675838e-07,43,1,1,same_source_cyclic_next_latent,False,ljonly_r16_d4,4,-5.628005510516232e-07
validation,lj_noisy,147,25,4.943742055729672e-07,2.912094714702107e-06,0.8302341599409347,4.4417981825972674e-07,43,1,1,same_source_cyclic_next_latent,False,r16_d4,786,8.833563924781629e-07,2.912094714702107e-06,0.6966594568444433,4.828360715691815e-07,43,1,1,same_source_cyclic_next_latent,False,ljonly_r16_d4,4,-3.889821869051957e-07
validation,lj_noisy,147,50,1.689589453235385e-06,1.199792586703552e-05,0.8591765383483859,1.6979781776171876e-06,43,1,1,same_source_cyclic_next_latent,False,r16_d4,786,2.204060137955821e-06,1.199792586703552e-05,0.8162965697253132,1.740463972055295e-06,43,1,1,same_source_cyclic_next_latent,False,ljonly_r16_d4,4,-5.144706847204361e-07
validation,lj_noisy,147,75,3.942005150747718e-06,2.723287980188616e-05,0.8552483182305717,3.818680397671415e-06,43,1,1,same_source_cyclic_next_latent,False,r16_d4,786,4.676258413383039e-06,2.723287980188616e-05,0.8282863051061107,4.140408691455377e-06,43,1,1,same_source_cyclic_next_latent,False,ljonly_r16_d4,4,-7.342532626353204e-07
validation,lj_noisy,147,100,7.121331236703554e-06,4.869244003202766e-05,0.8537487291246963,6.994313480390701e-06,43,1,1,same_source_cyclic_next_latent,False,r16_d4,786,8.033911399252247e-06,4.869244003202766e-05,0.8350070073718239,7.606816325278487e-06,43,1,1,same_source_cyclic_next_latent,False,ljonly_r16_d4,4,-9.125801625486929e-07
validation,lj_noisy,147,125,1.1215986887691544e-05,7.65042204875499e-05,0.8533938805439263,1.144456382462522e-05,43,1,1,same_source_cyclic_next_latent,False,r16_d4,786,1.2751976100844333e-05,7.65042204875499e-05,0.8333166978295066,1.2368860552669504e-05,43,1,1,same_source_cyclic_next_latent,False,ljonly_r16_d4,4,-1.5359892131527886e-06
validation,lj_noisy,147,149,1.6069885532488115e-05,0.0001096505948225,0.8534446114178631,1.7280142856179737e-05,43,1,1,same_source_cyclic_next_latent,False,r16_d4,786,1.892921864055097e-05,0.0001096505948225,0.827367843547256,1.855234404501971e-05,43,1,1,same_source_cyclic_next_latent,False,ljonly_r16_d4,4,-2.859333108062856e-06
validation,lj_noisy,147,175,2.2966303731664084e-05,0.0001528372813481,0.8497336282804994,2.607015449029859e-05,43,1,1,same_source_cyclic_next_latent,False,r16_d4,786,2.808861790981609e-05,0.0001528372813481,0.8162188069426172,2.782200681394897e-05,43,1,1,same_source_cyclic_next_latent,False,ljonly_r16_d4,4,-5.1223141781520065e-06
validation,lj_noisy,147,199,3.134250073344447e-05,0.0001997498766286,0.8430912636220763,3.696644853334874e-05,43,1,1,same_source_cyclic_next_latent,False,r16_d4,786,3.935394488507882e-05,0.0001997498766286,0.8029838838987384,3.9424900023732334e-05,43,1,1,same_source_cyclic_next_latent,False,ljonly_r16_d4,4,-8.01144415163435e-06
validation,lj_noisy,43,0,5.502906930132667e-08,0.0,,3.544655555742793e-07,13,1,1,same_source_cyclic_next_latent,False,r16_d4,786,1.454994730920589e-06,0.0,,1.5115185760805616e-06,13,1,1,same_source_cyclic_next_latent,False,ljonly_r16_d4,4,-1.3999656616192624e-06
validation,lj_noisy,43,5,2.9977034188277685e-08,9.6270760252537e-08,0.6886174565398459,2.614877132600668e-07,13,1,1,same_source_cyclic_next_latent,False,r16_d4,786,1.1101564041382517e-06,9.6270760252537e-08,-10.531605247804158,1.1613838069024496e-06,13,1,1,same_source_cyclic_next_latent,False,ljonly_r16_d4,4,-1.080179369949974e-06
validation,lj_noisy,43,10,3.7382410056352455e-08,4.102923867321806e-07,0.9088883653092156,1.9309158005853533e-07,13,1,1,same_source_cyclic_next_latent,False,r16_d4,786,8.381132374779554e-07,4.102923867321806e-07,-1.0427218846374449,8.839906513458118e-07,13,1,1,same_source_cyclic_next_latent,False,ljonly_r16_d4,4,-8.00730827421603e-07
validation,lj_noisy,43,25,2.503677478671307e-07,2.796049102471443e-06,0.910456598331614,2.856309322396555e-07,13,1,1,same_source_cyclic_next_latent,False,r16_d4,786,6.087229849072173e-07,2.796049102471443e-06,0.7822917400237486,5.552611241910199e-07,13,1,1,same_source_cyclic_next_latent,False,ljonly_r16_d4,4,-3.5835523704008665e-07
validation,lj_noisy,43,50,1.2043897186231334e-06,1.1718565474438948e-05,0.8972237923447028,1.4157499208522497e-06,13,1,1,same_source_cyclic_next_latent,False,r16_d4,786,1.661977989897423e-06,1.1718565474438948e-05,0.8581756450034261,1.32000059238635e-06,13,1,1,same_source_cyclic_next_latent,False,ljonly_r16_d4,4,-4.575882712742896e-07
validation,lj_noisy,43,75,3.310568445158424e-06,2.693894930416718e-05,0.8771084793330706,3.7327965856093215e-06,13,1,1,same_source_cyclic_next_latent,False,r16_d4,786,4.126795829506591e-06,2.693894930416718e-05,0.8468093249327947,3.3449764487158973e-06,13,1,1,same_source_cyclic_next_latent,False,ljonly_r16_d4,4,-8.162273843481671e-07
validation,lj_noisy,43,100,6.42905388303916e-06,4.813013947568834e-05,0.8664235351678832,7.218438440759201e-06,13,1,1,same_source_cyclic_next_latent,False,r16_d4,786,7.388835001620464e-06,4.813013947568834e-05,0.8464821610302472,6.432798272726359e-06,13,1,1,same_source_cyclic_next_latent,False,ljonly_r16_d4,4,-9.597811185813043e-07
validation,lj_noisy,43,125,1.054874428518815e-05,7.53487111069262e-05,0.860000998952476,1.2116108337068e-05,13,1,1,same_source_cyclic_next_latent,False,r16_d4,786,1.1606563930399716e-05,7.53487111069262e-05,0.8459620110299031,1.083042297977954e-05,13,1,1,same_source_cyclic_next_latent,False,ljonly_r16_d4,4,-1.0578196452115662e-06
validation,lj_noisy,43,149,1.5607067325618118e-05,0.000107481246232,0.8547926464127332,1.82813255378278e-05,13,1,1,same_source_cyclic_next_latent,False,r16_d4,786,1.7143856894108467e-05,0.000107481246232,0.8404944351213198,1.6615844288025983e-05,13,1,1,same_source_cyclic_next_latent,False,ljonly_r16_d4,4,-1.5367895684903488e-06
validation,lj_noisy,43,175,2.247900738439057e-05,0.0001489836140535,0.8491175856674633,2.650841452123132e-05,13,1,1,same_source_cyclic_next_latent,False,r16_d4,786,2.4712517188163478e-05,0.0001489836140535,0.8341259383110655,2.4556356947869062e-05,13,1,1,same_source_cyclic_next_latent,False,ljonly_r16_d4,4,-2.2335098037729074e-06
validation,lj_noisy,43,199,3.084527997998521e-05,0.0001935522304847,0.8406358846770813,3.5977918741991743e-05,13,1,1,same_source_cyclic_next_latent,False,r16_d4,786,3.3659223845461383e-05,0.0001935522304847,0.8260974634022233,3.358121466590092e-05,13,1,1,same_source_cyclic_next_latent,False,ljonly_r16_d4,4,-2.813943865476176e-06
validation,lj_noisy,13,0,3.512479906930821e-07,0.0,,1.8561867420885394e-07,40,1,1,same_source_cyclic_next_latent,False,r16_d4,786,1.409681999575696e-06,0.0,,1.386154735882883e-06,40,1,1,same_source_cyclic_next_latent,False,ljonly_r16_d4,4,-1.0584340088826139e-06
validation,lj_noisy,13,5,2.632693281157117e-07,9.281463064780837e-08,-1.8365067692259167,1.2535356574971956e-07,40,1,1,same_source_cyclic_next_latent,False,r16_d4,786,1.0854449783437303e-06,9.281463064780837e-08,-10.694761599197948,1.065339233718987e-06,40,1,1,same_source_cyclic_next_latent,False,ljonly_r16_d4,4,-8.221756502280186e-07
validation,lj_noisy,13,10,2.0950800205810085e-07,3.781031523431011e-07,0.4458972352920571,9.858358396286349e-08,40,1,1,same_source_cyclic_next_latent,False,r16_d4,786,8.607536301497021e-07,3.781031523431011e-07,-1.2765047707632724,8.343797617271775e-07,40,1,1,same_source_cyclic_next_latent,False,ljonly_r16_d4,4,-6.512456280916012e-07
validation,lj_noisy,13,25,2.672761922895006e-07,2.410028173471801e-06,0.8890983121145543,2.981902582632756e-07,40,1,1,same_source_cyclic_next_latent,False,r16_d4,786,6.638049967477855e-07,2.410028173471801e-06,0.7245654619084674,6.419930969059351e-07,40,1,1,same_source_cyclic_next_latent,False,ljonly_r16_d4,4,-3.9652880445828487e-07
validation,lj_noisy,13,50,1.0200250244452036e-06,9.818084436119534e-06,0.8961075318630733,1.3080585858915583e-06,40,1,1,same_source_cyclic_next_latent,False,r16_d4,786,1.4930972156435018e-06,9.818084436119534e-06,0.8479237752172328,1.6239970364040346e-06,40,1,1,same_source_cyclic_next_latent,False,ljonly_r16_d4,4,-4.7307219119829824e-07
validation,lj_noisy,13,75,2.6627560600900324e-06,2.2434529455495067e-05,0.8813099215933043,2.8964032026124187e-06,40,1,1,same_source_cyclic_next_latent,False,r16_d4,786,3.5121113342029275e-06,2.2434529455495067e-05,0.8434506352731781,4.174978130322415e-06,40,1,1,same_source_cyclic_next_latent,False,ljonly_r16_d4,4,-8.493552741128951e-07
validation,lj_noisy,13,100,5.3198177738522645e-06,4.028679541079328e-05,0.8679513294714172,5.219986178417457e-06,40,1,1,same_source_cyclic_next_latent,False,r16_d4,786,6.530519385705702e-06,4.028679541079328e-05,0.8378992590719662,8.00723228167044e-06,40,1,1,same_source_cyclic_next_latent,False,ljonly_r16_d4,4,-1.2107016118534375e-06
validation,lj_noisy,13,125,9.04394437384326e-06,6.321443652268499e-05,0.8569322947204034,8.858768524078187e-06,40,1,1,same_source_cyclic_next_latent,False,r16_d4,786,1.051829349307809e-05,6.321443652268499e-05,0.8336093134468814,1.2951165444974322e-05,40,1,1,same_source_cyclic_next_latent,False,ljonly_r16_d4,4,-1.4743491192348301e-06
validation,lj_noisy,13,149,1.3945951650384814e-05,8.989958587335423e-05,0.8448719033029681,1.4300658222055064e-05,40,1,1,same_source_cyclic_next_latent,False,r16_d4,786,1.591975706105586e-05,8.989958587335423e-05,0.8229162358602766,1.9772616724367253e-05,40,1,1,same_source_cyclic_next_latent,False,ljonly_r16_d4,4,-1.973805410671048e-06
validation,lj_noisy,13,175,2.2292593712336384e-05,0.0001256491668755,0.8225806484302299,2.3787984900991432e-05,40,1,1,same_source_cyclic_next_latent,False,r16_d4,786,2.5653598640928976e-05,0.0001256491668755,0.7958315261545339,3.148746691294946e-05,40,1,1,same_source_cyclic_next_latent,False,ljonly_r16_d4,4,-3.3610049285925925e-06
validation,lj_noisy,13,199,3.1874300475465134e-05,0.0001638034591451,0.8054113103483076,3.454129182500765e-05,40,1,1,same_source_cyclic_next_latent,False,r16_d4,786,3.700436354847625e-05,0.0001638034591451,0.7740929053537835,4.471594365895726e-05,40,1,1,same_source_cyclic_next_latent,False,ljonly_r16_d4,4,-5.130063073011115e-06
validation,lj_noisy,40,0,1.6090228882603697e-07,0.0,,1.7739653230819383e-06,132,1,1,same_source_cyclic_next_latent,False,r16_d4,786,1.3636358744406607e-06,0.0,,2.417808445898117e-06,132,1,1,same_source_cyclic_next_latent,False,ljonly_r16_d4,4,-1.2027335856146237e-06
validation,lj_noisy,40,5,9.891854091392817e-08,9.645786747114472e-08,-0.0255103446436812,1.686990117377718e-06,132,1,1,same_source_cyclic_next_latent,False,r16_d4,786,1.0301349675501117e-06,9.645786747114472e-08,-9.67963655591158,2.2017379706085194e-06,132,1,1,same_source_cyclic_next_latent,False,ljonly_r16_d4,4,-9.312164266361835e-07
validation,lj_noisy,40,10,7.227068010706716e-08,4.181624433385878e-07,0.8271708010646253,1.5397874904010678e-06,132,1,1,same_source_cyclic_next_latent,False,r16_d4,786,7.587754566884541e-07,4.181624433385878e-07,-0.8145471186518554,1.993696059798822e-06,132,1,1,same_source_cyclic_next_latent,False,ljonly_r16_d4,4,-6.86504776581387e-07
validation,lj_noisy,40,25,4.463060747639247e-07,2.9362895475060213e-06,0.8480033840181052,1.4105514765105909e-06,132,1,1,same_source_cyclic_next_latent,False,r16_d4,786,5.618230716208927e-07,2.9362895475060213e-06,0.8086622376536112,1.974394990611472e-06,132,1,1,same_source_cyclic_next_latent,False,ljonly_r16_d4,4,-1.1551699685696803e-07
validation,lj_noisy,40,50,2.408742602710845e-06,1.2648867595999036e-05,0.8095685179380995,2.539109800636652e-06,132,1,1,same_source_cyclic_next_latent,False,r16_d4,786,1.8374695400780183e-06,1.2648867595999036e-05,0.8547324868307398,3.853306225209963e-06,132,1,1,same_source_cyclic_next_latent,False,ljonly_r16_d4,4,5.712730626328266e-07
validation,lj_noisy,40,75,5.514377789950231e-06,2.948326982732397e-05,0.8129658676854181,5.58785814064322e-06,132,1,1,same_source_cyclic_next_latent,False,r16_d4,786,4.9300242608296685e-06,2.948326982732397e-05,0.832785702206588,8.103691470751073e-06,132,1,1,same_source_cyclic_next_latent,False,ljonly_r16_d4,4,5.843535291205626e-07
validation,lj_noisy,40,100,9.850278729572892e-06,5.388597855926491e-05,0.8172014503041946,1.142637302109506e-05,132,1,1,same_source_cyclic_next_latent,False,r16_d4,786,1.0127966561412904e-05,5.388597855926491e-05,0.8120482019218792,1.5663516023778357e-05,132,1,1,same_source_cyclic_next_latent,False,ljonly_r16_d4,4,-2.776878318400122e-07
validation,lj_noisy,40,125,1.5492028978769667e-05,8.557874389225617e-05,0.818973400704804,1.9786493794526905e-05,132,1,1,same_source_cyclic_next_latent,False,r16_d4,786,1.7002752429107204e-05,8.557874389225617e-05,0.8013203786852292,2.860706990759354e-05,132,1,1,same_source_cyclic_next_latent,False,ljonly_r16_d4,4,-1.5107234503375366e-06
validation,lj_noisy,40,149,2.224282252427656e-05,0.0001225326122948,0.8184742648696133,2.9801383789163083e-05,132,1,1,same_source_cyclic_next_latent,False,r16_d4,786,2.496635534043889e-05,0.0001225326122948,0.7962472612568297,4.607610389939509e-05,132,1,1,same_source_cyclic_next_latent,False,ljonly_r16_d4,4,-2.723532816162333e-06
validation,lj_noisy,40,175,3.201329673174769e-05,0.0001704702153801,0.8122059231265126,4.487625847104937e-05,132,1,1,same_source_cyclic_next_latent,False,r16_d4,786,3.602097058319487e-05,0.0001704702153801,0.78869639776744,6.921778549440205e-05,132,1,1,same_source_cyclic_next_latent,False,ljonly_r16_d4,4,-4.00767385144718e-06
validation,lj_noisy,40,199,4.37639573647175e-05,0.0002223484916612,0.8031740308299812,6.313665653578937e-05,132,1,1,same_source_cyclic_next_latent,False,r16_d4,786,4.8630441597197205e-05,0.0002223484916612,0.7812872881040902,9.459060674998908e-05,132,1,1,same_source_cyclic_next_latent,False,ljonly_r16_d4,4,-4.866484232479706e-06
validation,lj_noisy,132,0,1.1759884728235193e-06,0.0,,8.072576918038976e-08,61,1,1,same_source_cyclic_next_latent,False,r16_d4,786,1.6058854725997662e-06,0.0,,5.990570457470312e-07,61,1,1,same_source_cyclic_next_latent,False,ljonly_r16_d4,4,-4.2989699977624696e-07
validation,lj_noisy,132,5,9.910427252179943e-07,1.029204241831394e-07,-8.629213376098274,4.095109318313917e-08,61,1,1,same_source_cyclic_next_latent,False,r16_d4,786,1.3310009308042936e-06,1.029204241831394e-07,-11.932330403495756,3.487508593025268e-07,61,1,1,same_source_cyclic_next_latent,False,ljonly_r16_d4,4,-3.399582055862993e-07
validation,lj_noisy,132,10,8.004191158761387e-07,4.412522969232669e-07,-0.8139715565386176,6.375309169470711e-08,61,1,1,same_source_cyclic_next_latent,False,r16_d4,786,1.090058617592149e-06,4.412522969232669e-07,-1.4703749423919907,1.9495138303682324e-07,61,1,1,same_source_cyclic_next_latent,False,ljonly_r16_d4,4,-2.8963950171601027e-07
validation,lj_noisy,132,25,6.598644404220977e-07,3.067184479732532e-06,0.7848631392137065,5.535268314815767e-07,61,1,1,same_source_cyclic_next_latent,False,r16_d4,786,9.206755748891736e-07,3.067184479732532e-06,0.6998303881058177,3.949432425542909e-07,61,1,1,same_source_cyclic_next_latent,False,ljonly_r16_d4,4,-2.6081113446707594e-07
validation,lj_noisy,132,50,2.264329168610857e-06,1.3521135770133696e-05,0.8325341001595115,2.7551527637115214e-06,61,1,1,same_source_cyclic_next_latent,False,r16_d4,786,2.496269416951691e-06,1.3521135770133696e-05,0.8153801973895121,2.445603968226351e-06,61,1,1,same_source_cyclic_next_latent,False,ljonly_r16_d4,4,-2.3194024834083393e-07
validation,lj_noisy,132,75,6.380269041983411e-06,3.2666182960383594e-05,0.8046827494439378,7.0011942625569645e-06,61,1,1,same_source_cyclic_next_latent,False,r16_d4,786,6.3278480411099736e-06,3.2666182960383594e-05,0.8062874977225173,6.634636974922614e-06,61,1,1,same_source_cyclic_next_latent,False,ljonly_r16_d4,4,5.242100087343715e-08
validation,lj_noisy,132,100,1.334188800683478e-05,6.118311284808442e-05,0.7819351225237227,1.4341128917294554e-05,61,1,1,same_source_cyclic_next_latent,False,r16_d4,786,1.315200552198803e-05,6.118311284808442e-05,0.7850386338687276,1.3853468772140332e-05,61,1,1,same_source_cyclic_next_latent,False,ljonly_r16_d4,4,1.898824848467501e-07
validation,lj_noisy,132,125,2.545348797866609e-05,0.0001014992230921,0.7492247999221789,2.7689251510309987e-05,61,1,1,same_source_cyclic_next_latent,False,r16_d4,786,2.568292802607175e-05,0.0001014992230921,0.7469642895417452,2.653653609741013e-05,61,1,1,same_source_cyclic_next_latent,False,ljonly_r16_d4,4,-2.2944004740566015e-07
validation,lj_noisy,132,149,4.225828524795361e-05,0.000150934967678,0.7200232265720237,4.60753362858668e-05,61,1,1,same_source_cyclic_next_latent,False,r16_d4,786,4.403946149977856e-05,0.000150934967678,0.7082222749487763,4.381765393191017e-05,61,1,1,same_source_cyclic_next_latent,False,ljonly_r16_d4,4,-1.781176251824952e-06
validation,lj_noisy,132,175,6.507051148219034e-05,0.0002120805875165,0.6931802564102388,6.956460856599733e-05,61,1,1,same_source_cyclic_next_latent,False,r16_d4,786,6.944443885004148e-05,0.0002120805875165,0.6725563632992767,6.641823711106554e-05,61,1,1,same_source_cyclic_next_latent,False,ljonly_r16_d4,4,-4.373927367851138e-06
validation,lj_noisy,132,199,8.466333383694291e-05,0.0002682431077118,0.6843783441106167,8.827751298667863e-05,61,1,1,same_source_cyclic_next_latent,False,r16_d4,786,9.157225576927884e-05,0.0002682431077118,0.6586221485786279,8.50104697747156e-05,61,1,1,same_source_cyclic_next_latent,False,ljonly_r16_d4,4,-6.9089219323359294e-06
validation,lj_noisy,61,0,1.5256983942890656e-07,0.0,,4.004475044894207e-07,188,1,1,same_source_cyclic_next_latent,False,r16_d4,786,1.212671804751153e-06,0.0,,3.043026708837715e-06,188,1,1,same_source_cyclic_next_latent,False,ljonly_r16_d4,4,-1.0601019653222465e-06
validation,lj_noisy,61,5,1.0291902441394997e-07,9.96304834188777e-08,-0.0330073776842594,3.1061904337548185e-07,188,1,1,same_source_cyclic_next_latent,False,r16_d4,786,9.005687502394721e-07,9.96304834188777e-08,-8.03908843293673,2.5715521587699186e-06,188,1,1,same_source_cyclic_next_latent,False,ljonly_r16_d4,4,-7.976497258255222e-07
validation,lj_noisy,61,10,8.066566437037181e-08,4.162667153195798e-07,0.8062163958786797,2.5067518549803935e-07,188,1,1,same_source_cyclic_next_latent,False,r16_d4,786,6.644680183853779e-07,4.162667153195798e-07,-0.5962554629794192,2.1688308606826467e-06,188,1,1,same_source_cyclic_next_latent,False,ljonly_r16_d4,4,-5.838023540150061e-07
validation,lj_noisy,61,25,1.928953281549184e-07,2.741091520874761e-06,0.9296282788495293,3.262192365127703e-07,188,1,1,same_source_cyclic_next_latent,False,r16_d4,786,4.594852214268031e-07,2.741091520874761e-06,0.832371441111106,1.7254720887649455e-06,188,1,1,same_source_cyclic_next_latent,False,ljonly_r16_d4,4,-2.665898932718847e-07
validation,lj_noisy,61,50,1.075180421139521e-06,1.1338017429807223e-05,0.905170332662136,1.397403593728086e-06,188,1,1,same_source_cyclic_next_latent,False,r16_d4,786,1.328701046077185e-06,1.1338017429807223e-05,0.8828101072958241,3.0418414098676294e-06,188,1,1,same_source_cyclic_next_latent,False,ljonly_r16_d4,4,-2.5352062493766404e-07
validation,lj_noisy,61,75,3.106901658611605e-06,2.6031604647869244e-05,0.8806488612346871,3.8951902752160095e-06,188,1,1,same_source_cyclic_next_latent,False,r16_d4,786,3.433189476709231e-06,2.6031604647869244e-05,0.8681145659996705,5.540954589378089e-06,188,1,1,same_source_cyclic_next_latent,False,ljonly_r16_d4,4,-3.2628781809762586e-07
validation,lj_noisy,61,100,5.819852958666161e-06,4.705508763436228e-05,0.8763183058144774,7.414350875478703e-06,188,1,1,same_source_cyclic_next_latent,False,r16_d4,786,5.992867045279127e-06,4.705508763436228e-05,0.8726414645777262,8.056039405346382e-06,188,1,1,same_source_cyclic_next_latent,False,ljonly_r16_d4,4,-1.730140866129659e-07
validation,lj_noisy,61,125,8.675117896927986e-06,7.433142309309915e-05,0.8832913788551779,1.128649637394119e-05,188,1,1,same_source_cyclic_next_latent,False,r16_d4,786,8.82806307345163e-06,7.433142309309915e-05,0.8812337675494979,1.111128403863404e-05,188,1,1,same_source_cyclic_next_latent,False,ljonly_r16_d4,4,-1.5294517652364448e-07
validation,lj_noisy,61,149,1.2112936929042917e-05,0.0001063243253156,0.8860755815465352,1.5728752259747125e-05,188,1,1,same_source_cyclic_next_latent,False,r16_d4,786,1.243904171133181e-05,0.0001063243253156,0.8830085055851241,1.5187210010481069e-05,188,1,1,same_source_cyclic_next_latent,False,ljonly_r16_d4,4,-3.2610478228889406e-07
validation,lj_noisy,61,175,1.7940514226211235e-05,0.0001481663784943,0.8789164288921653,2.27445980272023e-05,188,1,1,same_source_cyclic_next_latent,False,r16_d4,786,1.7395323084201664e-05,0.0001481663784943,0.8825960163097004,2.0600531570380557e-05,188,1,1,same_source_cyclic_next_latent,False,ljonly_r16_d4,4,5.451911420095712e-07
validation,lj_noisy,61,199,2.690863402676769e-05,0.0001944780233316,0.8616366334571146,3.4368356864433736e-05,188,1,1,same_source_cyclic_next_latent,False,r16_d4,786,2.3585713279317133e-05,0.0001944780233316,0.8787229894912075,2.761491487035528e-05,188,1,1,same_source_cyclic_next_latent,False,ljonly_r16_d4,4,3.3229207474505563e-06
validation,lj_noisy,188,0,2.020495912802289e-07,0.0,,3.122267742128315e-07,67,1,1,same_source_cyclic_next_latent,False,r16_d4,786,1.7480131191405237e-06,0.0,,1.5282003005268052e-06,67,1,1,same_source_cyclic_next_latent,False,ljonly_r16_d4,4,-1.5459635278602948e-06
validation,lj_noisy,188,5,1.1545623124220584e-07,9.160689984355487e-08,-0.2603442692567981,2.0830518110415147e-07,67,1,1,same_source_cyclic_next_latent,False,r16_d4,786,1.3509944665202056e-06,9.160689984355487e-08,-13.747737002643005,1.1620281838986557e-06,67,1,1,same_source_cyclic_next_latent,False,ljonly_r16_d4,4,-1.2355382352779998e-06
validation,lj_noisy,188,10,8.133455509096167e-08,3.833892776583525e-07,0.7878538607346217,1.524112462902849e-07,67,1,1,same_source_cyclic_next_latent,False,r16_d4,786,1.0435102240080596e-06,3.833892776583525e-07,-1.721803359711997,8.832439561956562e-07,67,1,1,same_source_cyclic_next_latent,False,ljonly_r16_d4,4,-9.62175668917098e-07
validation,lj_noisy,188,25,3.73822558685788e-07,2.6204288587905467e-06,0.8573429851256008,3.677226629861252e-07,67,1,1,same_source_cyclic_next_latent,False,r16_d4,786,8.537230655747408e-07,2.6204288587905467e-06,0.6742048299800916,6.843724804639351e-07,67,1,1,same_source_cyclic_next_latent,False,ljonly_r16_d4,4,-4.799005068889528e-07
validation,lj_noisy,188,50,1.8792843547998928e-06,1.1088137398473918e-05,0.8305139729727247,1.879851538433286e-06,67,1,1,same_source_cyclic_next_latent,False,r16_d4,786,2.239502009615535e-06,1.1088137398473918e-05,0.7980272133060182,1.949489842445473e-06,67,1,1,same_source_cyclic_next_latent,False,ljonly_r16_d4,4,-3.6021765481564216e-07
validation,lj_noisy,188,75,4.656557848647935e-06,2.5567558623151854e-05,0.8178724094356298,4.761571290146094e-06,67,1,1,same_source_cyclic_next_latent,False,r16_d4,786,4.933851414534729e-06,2.5567558623151854e-05,0.8070268856226639,4.667656867241021e-06,67,1,1,same_source_cyclic_next_latent,False,ljonly_r16_d4,4,-2.7729356588679366e-07
validation,lj_noisy,188,100,8.645375601190608e-06,4.645999797503464e-05,0.8139178653034764,8.908160452847369e-06,67,1,1,same_source_cyclic_next_latent,False,r16_d4,786,8.427613465755712e-06,4.645999797503464e-05,0.8186049540879381,8.555841304769274e-06,67,1,1,same_source_cyclic_next_latent,False,ljonly_r16_d4,4,2.1776213543489575e-07
validation,lj_noisy,188,125,1.3719238268095069e-05,7.364279736066237e-05,0.813705633683282,1.4345378076541238e-05,67,1,1,same_source_cyclic_next_latent,False,r16_d4,786,1.3171762475394644e-05,7.364279736066237e-05,0.8211398405890733,1.375918509438634e-05,67,1,1,same_source_cyclic_next_latent,False,ljonly_r16_d4,4,5.474757927004248e-07
validation,lj_noisy,188,149,1.951946978806518e-05,0.000105726372567,0.8153774757031935,2.062585917883553e-05,67,1,1,same_source_cyclic_next_latent,False,r16_d4,786,1.92287679965375e-05,0.000105726372567,0.8181270431428921,2.002684595936444e-05,67,1,1,same_source_cyclic_next_latent,False,ljonly_r16_d4,4,2.9070179152768105e-07
validation,lj_noisy,188,175,2.7294228857499547e-05,0.000146960519487,0.8142750927067397,2.8679958631983027e-05,67,1,1,same_source_cyclic_next_latent,False,r16_d4,786,2.786650111374911e-05,0.000146960519487,0.8103810383154851,2.8639724405366e-05,67,1,1,same_source_cyclic_next_latent,False,ljonly_r16_d4,4,-5.722722562495619e-07
validation,lj_noisy,188,199,3.6689365515485406e-05,0.0001916797627927,0.8085903019655207,3.7558416806859896e-05,67,1,1,same_source_cyclic_next_latent,False,r16_d4,786,3.82077632821165e-05,0.0001916797627927,0.8006687679208827,3.886173362843692e-05,67,1,1,same_source_cyclic_next_latent,False,ljonly_r16_d4,4,-1.5183977666310966e-06
validation,lj_noisy,67,0,3.9522902284261363e-07,0.0,,3.586848151826416e-08,15,1,1,same_source_cyclic_next_latent,False,r16_d4,786,1.8258141381011228e-06,0.0,,1.0108631158800565e-06,15,1,1,same_source_cyclic_next_latent,False,ljonly_r16_d4,4,-1.4305851152585092e-06
validation,lj_noisy,67,5,2.957223443900148e-07,8.974264886774108e-08,-2.295226384791002,2.9836158432772215e-08,15,1,1,same_source_cyclic_next_latent,False,r16_d4,786,1.4556173937307904e-06,8.974264886774108e-08,-15.219906723234988,7.022787826826971e-07,15,1,1,same_source_cyclic_next_latent,False,ljonly_r16_d4,4,-1.1598950493407756e-06
validation,lj_noisy,67,10,2.331768769181508e-07,3.756259161491471e-07,0.379231126252841,6.252336959278182e-08,15,1,1,same_source_cyclic_next_latent,False,r16_d4,786,1.1504996564326575e-06,3.756259161491471e-07,-2.0628867896746423,4.635775496808492e-07,15,1,1,same_source_cyclic_next_latent,False,ljonly_r16_d4,4,-9.173227795145067e-07
validation,lj_noisy,67,25,2.742418701018323e-07,2.4605394628451904e-06,0.8885440066119814,3.662336212073569e-07,15,1,1,same_source_cyclic_next_latent,False,r16_d4,786,7.34866432594572e-07,2.4605394628451904e-06,0.7013393023394856,2.456631023051159e-07,15,1,1,same_source_cyclic_next_latent,False,ljonly_r16_d4,4,-4.6062456249273964e-07
validation,lj_noisy,67,50,1.0579050240266952e-06,1.0304262104909869e-05,0.8973332575146148,1.378121851303149e-06,15,1,1,same_source_cyclic_next_latent,False,r16_d4,786,1.2673717719735578e-06,1.0304262104909869e-05,0.8770050917697766,9.787605677047395e-07,15,1,1,same_source_cyclic_next_latent,False,ljonly_r16_d4,4,-2.094667479468626e-07
validation,lj_noisy,67,75,2.8646263672271743e-06,2.4312985260621645e-05,0.8821771026256143,3.1819815831113374e-06,15,1,1,same_source_cyclic_next_latent,False,r16_d4,786,3.0046446681808447e-06,2.4312985260621645e-05,0.8764181100768692,2.750041403487557e-06,15,1,1,same_source_cyclic_next_latent,False,ljonly_r16_d4,4,-1.400183009536704e-07
validation,lj_noisy,67,100,5.579277967626695e-06,4.4734984840033576e-05,0.8752815500535552,5.888956366106868e-06,15,1,1,same_source_cyclic_next_latent,False,r16_d4,786,5.608934316114755e-06,4.4734984840033576e-05,0.8746186159183563,5.420060006144922e-06,15,1,1,same_source_cyclic_next_latent,False,ljonly_r16_d4,4,-2.9656348488060758e-08
validation,lj_noisy,67,125,9.234511708200444e-06,7.140247180359438e-05,0.8706695794285433,9.84069993137382e-06,15,1,1,same_source_cyclic_next_latent,False,r16_d4,786,9.254069482267369e-06,7.140247180359438e-05,0.8703956705067244,9.10419475985691e-06,15,1,1,same_source_cyclic_next_latent,False,ljonly_r16_d4,4,-1.955777406692505e-08
validation,lj_noisy,67,149,1.360092755930964e-05,0.0001028560582199,0.8677673654357829,1.5028074813017156e-05,15,1,1,same_source_cyclic_next_latent,False,r16_d4,786,1.3996962479723152e-05,0.0001028560582199,0.8639169853291804,1.3775521438219585e-05,15,1,1,same_source_cyclic_next_latent,False,ljonly_r16_d4,4,-3.9603492041351104e-07
validation,lj_noisy,67,175,1.922336741699837e-05,0.0001433728903066,0.8659204862517267,2.22243725147564e-05,15,1,1,same_source_cyclic_next_latent,False,r16_d4,786,2.0605260942829773e-05,0.0001433728903066,0.8562820286404176,2.0619158021872863e-05,15,1,1,same_source_cyclic_next_latent,False,ljonly_r16_d4,4,-1.3818935258314013e-06
validation,lj_noisy,67,199,2.5354156605317257e-05,0.0001868223625933,0.8642873569664602,2.995647264469881e-05,15,1,1,same_source_cyclic_next_latent,False,r16_d4,786,2.817871973093133e-05,0.0001868223625933,0.8491683793108686,2.9485630875569768e-05,15,1,1,same_source_cyclic_next_latent,False,ljonly_r16_d4,4,-2.8245631256140735e-06
validation,lj_noisy,15,0,3.260735752519395e-07,0.0,,6.850548288639402e-07,79,1,1,same_source_cyclic_next_latent,False,r16_d4,2026,1.7760521586751563e-06,0.0,,2.5308254407718778e-06,79,1,1,same_source_cyclic_next_latent,False,ljonly_r16_d4,4,-1.4499785834232168e-06
validation,lj_noisy,15,5,1.853612019431239e-07,9.055690952664008e-08,-1.0469029134501793,4.918013587484893e-07,79,1,1,same_source_cyclic_next_latent,False,r16_d4,2026,1.3902676982979756e-06,9.055690952664008e-08,-14.35241988231705,2.189457291024155e-06,79,1,1,same_source_cyclic_next_latent,False,ljonly_r16_d4,4,-1.2049064963548517e-06
validation,lj_noisy,15,10,1.0765389646394397e-07,3.651525162240432e-07,0.7051810088092292,3.477929055861751e-07,79,1,1,same_source_cyclic_next_latent,False,r16_d4,2026,1.0845313909157994e-06,3.651525162240432e-07,-1.9700778242765105,1.9107740172330523e-06,79,1,1,same_source_cyclic_next_latent,False,ljonly_r16_d4,4,-9.768774944518555e-07
validation,lj_noisy,15,25,2.527765730064857e-07,2.382581669735373e-06,0.893906439297604,3.012939373547852e-07,79,1,1,same_source_cyclic_next_latent,False,r16_d4,2026,6.997167929512216e-07,2.382581669735373e-06,0.7063199126227907,1.5738938827780655e-06,79,1,1,same_source_cyclic_next_latent,False,ljonly_r16_d4,4,-4.4694021994473587e-07
validation,lj_noisy,15,50,1.3957567261968509e-06,1.0002500857808627e-05,0.860459224544107,1.260186081708525e-06,79,1,1,same_source_cyclic_next_latent,False,r16_d4,2026,1.4890927104715956e-06,1.0002500857808627e-05,0.8511279597332791,2.48095375354751e-06,79,1,1,same_source_cyclic_next_latent,False,ljonly_r16_d4,4,-9.333598427474478e-08
validation,lj_noisy,15,75,3.5821765322907595e-06,2.349700662307441e-05,0.8475475370223112,3.6737772006745217e-06,79,1,1,same_source_cyclic_next_latent,False,r16_d4,2026,3.8123444028315134e-06,2.349700662307441e-05,0.8377519118078753,4.845850980927935e-06,79,1,1,same_source_cyclic_next_latent,False,ljonly_r16_d4,4,-2.3016787054075394e-07
validation,lj_noisy,15,100,7.973570973263122e-06,4.446260936674662e-05,0.8206679480393582,8.617978892289102e-06,79,1,1,same_source_cyclic_next_latent,False,r16_d4,2026,8.2985898188781e-06,4.446260936674662e-05,0.8133580116626133,9.110119208344258e-06,79,1,1,same_source_cyclic_next_latent,False,ljonly_r16_d4,4,-3.250188456149772e-07
validation,lj_noisy,15,125,1.4654029655503107e-05,7.343651668634266e-05,0.8004530944993965,1.5517616702709347e-05,79,1,1,same_source_cyclic_next_latent,False,r16_d4,2026,1.488074121880345e-05,7.343651668634266e-05,0.7973659169815868,1.550313209008891e-05,79,1,1,same_source_cyclic_next_latent,False,ljonly_r16_d4,4,-2.2671156330034306e-07
validation,lj_noisy,15,149,2.1002855646656823e-05,0.0001065276956069,0.8028413594512144,2.1670479327440265e-05,79,1,1,same_source_cyclic_next_latent,False,r16_d4,2026,2.121448051184416e-05,0.0001065276956069,0.8008547881283146,2.1840716726728715e-05,79,1,1,same_source_cyclic_next_latent,False,ljonly_r16_d4,4,-2.116248651873388e-07
validation,lj_noisy,15,175,2.887789742089808e-05,0.0001508055138401,0.8085090081553362,2.900983417930547e-05,79,1,1,same_source_cyclic_next_latent,False,r16_d4,2026,2.883654087781906e-05,0.0001508055138401,0.8087832457612825,2.946923450508621e-05,79,1,1,same_source_cyclic_next_latent,False,ljonly_r16_d4,4,4.135654307901859e-08
validation,lj_noisy,15,199,3.90509630960878e-05,0.0002030775794992,0.8077042123882645,3.878931238432415e-05,79,1,1,same_source_cyclic_next_latent,False,r16_d4,2026,3.863381789415144e-05,0.0002030775794992,0.8097583298490153,3.894692417816259e-05,79,1,1,same_source_cyclic_next_latent,False,ljonly_r16_d4,4,4.171452019363574e-07
validation,lj_noisy,79,0,6.118673923083406e-07,0.0,,1.313083430432016e-06,75,1,1,same_source_cyclic_next_latent,False,r16_d4,2026,2.212543677160284e-06,0.0,,2.4486064376105787e-06,75,1,1,same_source_cyclic_next_latent,False,ljonly_r16_d4,4,-1.6006762848519433e-06
validation,lj_noisy,79,5,3.973241859966947e-07,1.0333684485885897e-07,-2.844942106945241,1.0452135938976426e-06,75,1,1,same_source_cyclic_next_latent,False,r16_d4,2026,1.8313450027562796e-06,1.0333684485885897e-07,-16.722091334001863,2.215947688455344e-06,75,1,1,same_source_cyclic_next_latent,False,ljonly_r16_d4,4,-1.434020816759585e-06
validation,lj_noisy,79,10,2.281578161955622e-07,4.55465340110095e-07,0.4990665675232018,7.863064297453093e-07,75,1,1,same_source_cyclic_next_latent,False,r16_d4,2026,1.4525368214890475e-06,4.55465340110095e-07,-2.1891270170809065,1.987024234040291e-06,75,1,1,same_source_cyclic_next_latent,False,ljonly_r16_d4,4,-1.2243790052934853e-06
validation,lj_noisy,79,25,3.538868327268574e-07,3.182375849064556e-06,0.8887979140393236,5.434260401671054e-07,75,1,1,same_source_cyclic_next_latent,False,r16_d4,2026,9.583635574017535e-07,3.182375849064556e-06,0.6988528059363385,1.8217025399280828e-06,75,1,1,same_source_cyclic_next_latent,False,ljonly_r16_d4,4,-6.044767246748961e-07
validation,lj_noisy,79,50,1.872443363026832e-06,1.3238345673016738e-05,0.8585591123486548,1.601600843059714e-06,75,1,1,same_source_cyclic_next_latent,False,r16_d4,2026,1.8592420474305984e-06,1.3238345673016738e-05,0.8595563151655552,3.1641372970625525e-06,75,1,1,same_source_cyclic_next_latent,False,ljonly_r16_d4,4,1.320131559623363e-08
validation,lj_noisy,79,75,4.04606089432491e-06,3.010093496413901e-05,0.8655835475162078,3.892268978233915e-06,75,1,1,same_source_cyclic_next_latent,False,r16_d4,2026,4.096916200069245e-06,3.010093496413901e-05,0.8638940549537701,5.719579803553643e-06,75,1,1,same_source_cyclic_next_latent,False,ljonly_r16_d4,4,-5.0855305744335055e-08
validation,lj_noisy,79,100,7.034743703115964e-06,5.402554961619899e-05,0.8697885768290885,7.293062481039669e-06,75,1,1,same_source_cyclic_next_latent,False,r16_d4,2026,7.283250852196943e-06,5.402554961619899e-05,0.8651887689447376,8.886884643288795e-06,75,1,1,same_source_cyclic_next_latent,False,ljonly_r16_d4,4,-2.485071490809787e-07
validation,lj_noisy,79,125,1.142116616392741e-05,8.518932736478746e-05,0.8659319598214331,1.187167890748242e-05,75,1,1,same_source_cyclic_next_latent,False,r16_d4,2026,1.173992768599419e-05,8.518932736478746e-05,0.8621901586835767,1.41242080644588e-05,75,1,1,same_source_cyclic_next_latent,False,ljonly_r16_d4,4,-3.1876152206677943e-07
validation,lj_noisy,79,149,1.7362990547553636e-05,0.0001221718266606,0.85788056852269,1.740697553032078e-05,75,1,1,same_source_cyclic_next_latent,False,r16_d4,2026,1.7319622202194296e-05,0.0001221718266606,0.8582355468065116,2.190724990214221e-05,75,1,1,same_source_cyclic_next_latent,False,ljonly_r16_d4,4,4.336834535934031e-08
validation,lj_noisy,79,175,2.6185267415712588e-05,0.0001701186993159,0.8460764894100048,2.5028641175595112e-05,75,1,1,same_source_cyclic_next_latent,False,r16_d4,2026,2.5027586161741056e-05,0.0001701186993159,0.8528816275789814,3.2525829738006e-05,75,1,1,same_source_cyclic_next_latent,False,ljonly_r16_d4,4,1.157681253971532e-06
validation,lj_noisy,79,199,3.669780562631786e-05,0.0002213792467955,0.834231048494761,3.390718484297395e-05,75,1,1,same_source_cyclic_next_latent,False,r16_d4,2026,3.4099615731975064e-05,0.0002213792467955,0.8459674236606874,4.320544394431636e-05,75,1,1,same_source_cyclic_next_latent,False,ljonly_r16_d4,4,2.598189894342795e-06
validation,lj_noisy,75,0,7.704563245169993e-07,0.0,,3.611599765918072e-07,181,1,1,same_source_cyclic_next_latent,False,r16_d4,2026,1.3777398635284044e-06,0.0,,8.261792459052231e-07,181,1,1,same_source_cyclic_next_latent,False,ljonly_r16_d4,4,-6.072835390114051e-07
validation,lj_noisy,75,5,5.514759777724976e-07,9.145860246917437e-08,-5.029787935567565,1.992217022461773e-07,181,1,1,same_source_cyclic_next_latent,False,r16_d4,2026,1.1678619102895027e-06,9.145860246917437e-08,-11.76929538348374,5.895320214222011e-07,181,1,1,same_source_cyclic_next_latent,False,ljonly_r16_d4,4,-6.163859325170051e-07
validation,lj_noisy,75,10,3.90443034348209e-07,3.900833291936579e-07,-0.0009221238838756,1.1724938531187945e-07,181,1,1,same_source_cyclic_next_latent,False,r16_d4,2026,1.0110408084074152e-06,3.900833291936579e-07,-1.5918585408336727,4.110652298550122e-07,181,1,1,same_source_cyclic_next_latent,False,ljonly_r16_d4,4,-6.205977740592061e-07
validation,lj_noisy,75,25,4.381271878628468e-07,2.673331437108573e-06,0.8361119082425794,4.760631213684974e-07,181,1,1,same_source_cyclic_next_latent,False,r16_d4,2026,1.0089007673741437e-06,2.673331437108573e-06,0.6226054302995994,4.53914907438957e-07,181,1,1,same_source_cyclic_next_latent,False,ljonly_r16_d4,4,-5.707735795112969e-07
validation,lj_noisy,75,50,1.9992914985778043e-06,1.1298255230940413e-05,0.8230442260586643,2.6214502213406377e-06,181,1,1,same_source_cyclic_next_latent,False,r16_d4,2026,2.3837808384996606e-06,1.1298255230940413e-05,0.7890133662433428,2.0388256416481454e-06,181,1,1,same_source_cyclic_next_latent,False,ljonly_r16_d4,4,-3.844893399218563e-07
validation,lj_noisy,75,75,4.959025773132453e-06,2.6090825485880487e-05,0.8099322010407023,5.953842446615454e-06,181,1,1,same_source_cyclic_next_latent,False,r16_d4,2026,5.250949925539317e-06,2.6090825485880487e-05,0.798743434607657,5.170505573914852e-06,181,1,1,same_source_cyclic_next_latent,False,ljonly_r16_d4,4,-2.9192415240686387e-07
validation,lj_noisy,75,100,9.137568667938469e-06,4.721252480521798e-05,0.8064588008026088,1.0206886145169848e-05,181,1,1,same_source_cyclic_next_latent,False,r16_d4,2026,9.386976671521552e-06,4.721252480521798e-05,0.8011761347174533,9.885538929665929e-06,181,1,1,same_source_cyclic_next_latent,False,ljonly_r16_d4,4,-2.494080035830831e-07
validation,lj_noisy,75,125,1.47050668601878e-05,7.473392179235816e-05,0.8032343745983975,1.5936337149469182e-05,181,1,1,same_source_cyclic_next_latent,False,r16_d4,2026,1.5165652257564943e-05,7.473392179235816e-05,0.7970713714221848,1.640300797589589e-05,181,1,1,same_source_cyclic_next_latent,False,ljonly_r16_d4,4,-4.6058539737714285e-07
validation,lj_noisy,75,149,2.1404086510301568e-05,0.0001070998841896,0.8001483692326254,2.3257909560925327e-05,181,1,1,same_source_cyclic_next_latent,False,r16_d4,2026,2.245345422124956e-05,0.0001070998841896,0.7903503407950816,2.3960232283570804e-05,181,1,1,same_source_cyclic_next_latent,False,ljonly_r16_d4,4,-1.0493677109479938e-06
validation,lj_noisy,75,175,3.059753726120107e-05,0.0001485866087023,0.7940760777271582,3.369246405782178e-05,181,1,1,same_source_cyclic_next_latent,False,r16_d4,2026,3.237016790080816e-05,0.0001485866087023,0.7821461288906622,3.419581116759218e-05,181,1,1,same_source_cyclic_next_latent,False,ljonly_r16_d4,4,-1.7726306396070936e-06
validation,lj_noisy,75,199,4.072124283993617e-05,0.0001919504866236,0.7878554852545389,4.5492542994907126e-05,181,1,1,same_source_cyclic_next_latent,False,r16_d4,2026,4.279083077562973e-05,0.0001919504866236,0.7770736009671029,4.596173675963655e-05,181,1,1,same_source_cyclic_next_latent,False,ljonly_r16_d4,4,-2.069587935693562e-06
validation,lj_noisy,181,0,6.487471750915574e-07,0.0,,7.777042583256843e-07,31,1,1,same_source_cyclic_next_latent,False,r16_d4,2026,1.5795029639775748e-06,0.0,,1.898045866255416e-06,31,1,1,same_source_cyclic_next_latent,False,ljonly_r16_d4,4,-9.307557888860174e-07
validation,lj_noisy,181,5,4.528057218067261e-07,8.917994165358324e-08,-4.077439090122263,5.673925329574558e-07,31,1,1,same_source_cyclic_next_latent,False,r16_d4,2026,1.300131998505094e-06,8.917994165358324e-08,-13.578749149168736,1.588854843248555e-06,31,1,1,same_source_cyclic_next_latent,False,ljonly_r16_d4,4,-8.47326276698368e-07
validation,lj_noisy,181,10,3.090803204486292e-07,3.5931097386310284e-07,0.1397971591972904,4.208241364267451e-07,31,1,1,same_source_cyclic_next_latent,False,r16_d4,2026,1.0616394092721748e-06,3.5931097386310284e-07,-1.9546534520169103,1.3718773743676138e-06,31,1,1,same_source_cyclic_next_latent,False,ljonly_r16_d4,4,-7.525590888235456e-07
validation,lj_noisy,181,25,2.509414400719834e-07,2.322475211258279e-06,0.8919508639508675,3.553339809059253e-07,31,1,1,same_source_cyclic_next_latent,False,r16_d4,2026,7.831546895431529e-07,2.322475211258279e-06,0.6627930899986431,1.2045176163155702e-06,31,1,1,same_source_cyclic_next_latent,False,ljonly_r16_d4,4,-5.322132494711695e-07
validation,lj_noisy,181,50,1.1650820397335335e-06,9.647412298363632e-06,0.8792337257182269,1.336521222583542e-06,31,1,1,same_source_cyclic_next_latent,False,r16_d4,2026,1.7140658883363358e-06,9.647412298363632e-06,0.8223289483930245,2.32397360377945e-06,31,1,1,same_source_cyclic_next_latent,False,ljonly_r16_d4,4,-5.489838486028022e-07
validation,lj_noisy,181,75,3.17340050060011e-06,2.220537317043636e-05,0.8570886210178584,3.932080744561972e-06,31,1,1,same_source_cyclic_next_latent,False,r16_d4,2026,4.032614924653899e-06,2.220537317043636e-05,0.818394633870742,4.6862364797561895e-06,31,1,1,same_source_cyclic_next_latent,False,ljonly_r16_d4,4,-8.592144240537891e-07
validation,lj_noisy,181,100,6.596008915948914e-06,4.0102699131239206e-05,0.8355220706126797,8.294837243738584e-06,31,1,1,same_source_cyclic_next_latent,False,r16_d4,2026,7.128246124921134e-06,4.0102699131239206e-05,0.8222502155878986,7.68359223002335e-06,31,1,1,same_source_cyclic_next_latent,False,ljonly_r16_d4,4,-5.322372089722194e-07
validation,lj_noisy,181,125,1.1446944881754462e-05,6.356189987855032e-05,0.8199087046858812,1.3570368537330069e-05,31,1,1,same_source_cyclic_next_latent,False,r16_d4,2026,1.1338017429807223e-05,6.356189987855032e-05,0.8216224270912116,1.2124328350182624e-05,31,1,1,same_source_cyclic_next_latent,False,ljonly_r16_d4,4,1.089274519472383e-07
validation,lj_noisy,181,149,1.7024376575136557e-05,9.170166595140472e-05,0.8143504112110869,1.897415859275497e-05,31,1,1,same_source_cyclic_next_latent,False,r16_d4,2026,1.6864229110069573e-05,9.170166595140472e-05,0.8160968076740678,1.8410464690532532e-05,31,1,1,same_source_cyclic_next_latent,False,ljonly_r16_d4,4,1.601474650669843e-07
validation,lj_noisy,181,175,2.4067754566203803e-05,0.0001289811043534,0.8134009265399704,2.5622757675591856e-05,31,1,1,same_source_cyclic_next_latent,False,r16_d4,2026,2.3737524315947667e-05,0.0001289811043534,0.8159612259877967,2.746702557487879e-05,31,1,1,same_source_cyclic_next_latent,False,ljonly_r16_d4,4,3.3023025025613606e-07
validation,lj_noisy,181,199,3.213989839423448e-05,0.0001695594837656,0.8104506001052691,3.3330121368635446e-05,31,1,1,same_source_cyclic_next_latent,False,r16_d4,2026,3.072942854487337e-05,0.0001695594837656,0.8187690369041848,3.907325299223885e-05,31,1,1,same_source_cyclic_next_latent,False,ljonly_r16_d4,4,1.4104698493611068e-06
validation,lj_noisy,31,0,6.967559329495998e-07,0.0,,2.4283471589114924e-07,142,1,1,same_source_cyclic_next_latent,False,r16_d4,2026,1.6910531712710508e-06,0.0,,1.338068614131771e-06,142,1,1,same_source_cyclic_next_latent,False,ljonly_r16_d4,4,-9.94297238321451e-07
validation,lj_noisy,31,5,4.661828256757872e-07,1.0181967979860929e-07,-3.5785139630949283,1.0736111022424667e-07,142,1,1,same_source_cyclic_next_latent,False,r16_d4,2026,1.3538389112000004e-06,1.0181967979860929e-07,-12.29643654230478,9.326265058007266e-07,142,1,1,same_source_cyclic_next_latent,False,ljonly_r16_d4,4,-8.876560855242133e-07
validation,lj_noisy,31,10,2.968308763229288e-07,4.309611654207402e-07,0.3112352106409917,5.33994537477156e-08,142,1,1,same_source_cyclic_next_latent,False,r16_d4,2026,1.0845263886949397e-06,4.309611654207402e-07,-1.516529273899041,6.031359021108074e-07,142,1,1,same_source_cyclic_next_latent,False,ljonly_r16_d4,4,-7.876955123720109e-07
validation,lj_noisy,31,25,2.0645346410219645e-07,2.8248798571439693e-06,0.9269160196034224,3.906575898326992e-07,142,1,1,same_source_cyclic_next_latent,False,r16_d4,2026,7.567949182885059e-07,2.8248798571439693e-06,0.7320966000112846,2.5259433300561795e-07,142,1,1,same_source_cyclic_next_latent,False,ljonly_r16_d4,4,-5.503414541863094e-07
validation,lj_noisy,31,50,8.416125183430267e-07,1.1657663890218828e-05,0.9278060745044152,1.9003518900717609e-06,142,1,1,same_source_cyclic_next_latent,False,r16_d4,2026,1.26434235880879e-06,1.1657663890218828e-05,0.8915441060305731,1.0011676749854814e-06,142,1,1,same_source_cyclic_next_latent,False,ljonly_r16_d4,4,-4.2272984046576333e-07
validation,lj_noisy,31,75,2.177504029532429e-06,2.6905094273388382e-05,0.9190672217162168,3.7393551792774815e-06,142,1,1,same_source_cyclic_next_latent,False,r16_d4,2026,2.637123316162615e-06,2.6905094273388382e-05,0.9019842380269608,2.718132691370556e-06,142,1,1,same_source_cyclic_next_latent,False,ljonly_r16_d4,4,-4.5961928663018625e-07
validation,lj_noisy,31,100,4.56198040410527e-06,4.89304875372909e-05,0.9067660954608618,6.061877684260253e-06,142,1,1,same_source_cyclic_next_latent,False,r16_d4,2026,4.828918463317677e-06,4.89304875372909e-05,0.901310640740347,5.656750545313116e-06,142,1,1,same_source_cyclic_next_latent,False,ljonly_r16_d4,4,-2.669380592124071e-07
validation,lj_noisy,31,125,8.333499863510951e-06,7.90988706285134e-05,0.8946445151834203,1.0197534720646216e-05,142,1,1,same_source_cyclic_next_latent,False,r16_d4,2026,8.700639227754436e-06,7.90988706285134e-05,0.890002990452078,1.1040236131520942e-05,142,1,1,same_source_cyclic_next_latent,False,ljonly_r16_d4,4,-3.6713936424348503e-07
validation,lj_noisy,31,149,1.513771258032648e-05,0.0001173974960693,0.87105591612117,1.840523145801853e-05,142,1,1,same_source_cyclic_next_latent,False,r16_d4,2026,1.56473797687795e-05,0.0001173974960693,0.8667145357210966,2.040451727225445e-05,142,1,1,same_source_cyclic_next_latent,False,ljonly_r16_d4,4,-5.096671884530207e-07
validation,lj_noisy,31,175,3.0731949664186686e-05,0.0001739394210744,0.8233180869848354,3.700861270772293e-05,142,1,1,same_source_cyclic_next_latent,False,r16_d4,2026,3.053083491977304e-05,0.0001739394210744,0.8244743213977783,3.88926055165939e-05,142,1,1,same_source_cyclic_next_latent,False,ljonly_r16_d4,4,2.0111474441364408e-07
validation,lj_noisy,31,199,5.374803367885761e-05,0.0002400137454969,0.776062685211778,6.423430750146508e-05,142,1,1,same_source_cyclic_next_latent,False,r16_d4,2026,5.241351027507335e-05,0.0002400137454969,0.7816228809456554,6.444393511628732e-05,142,1,1,same_source_cyclic_next_latent,False,ljonly_r16_d4,4,1.3345234037842602e-06
validation,lj_noisy,142,0,3.681807925204339e-07,0.0,,6.738193292221695e-07,157,1,1,same_source_cyclic_next_latent,False,r16_d4,2026,1.916996325235232e-06,0.0,,2.467763806635048e-06,157,1,1,same_source_cyclic_next_latent,False,ljonly_r16_d4,4,-1.5488155327147983e-06
validation,lj_noisy,142,5,2.1167599584259733e-07,9.436170955723357e-08,-1.2432403655659576,4.894559992862924e-07,157,1,1,same_source_cyclic_next_latent,False,r16_d4,2026,1.4758546740267775e-06,9.436170955723357e-08,-14.640397794315309,2.1046212168585043e-06,157,1,1,same_source_cyclic_next_latent,False,ljonly_r16_d4,4,-1.2641786781841802e-06
validation,lj_noisy,142,10,1.195219283545157e-07,3.835527593309962e-07,0.6883820401579452,3.4262507142557297e-07,157,1,1,same_source_cyclic_next_latent,False,r16_d4,2026,1.1265228749834932e-06,3.835527593309962e-07,-1.9370740988760116,1.8215778254671024e-06,157,1,1,same_source_cyclic_next_latent,False,ljonly_r16_d4,4,-1.0070009466289775e-06
validation,lj_noisy,142,25,2.571850643562357e-07,2.477869657013798e-06,0.8962071860284282,3.0845004062030057e-07,157,1,1,same_source_cyclic_next_latent,False,r16_d4,2026,7.231968766063801e-07,2.477869657013798e-06,0.7081376437379115,1.545252416690346e-06,157,1,1,same_source_cyclic_next_latent,False,ljonly_r16_d4,4,-4.660118122501444e-07
validation,lj_noisy,142,50,1.5301661733246874e-06,1.0261092029395512e-05,0.8508768687639545,1.4601511111322909e-06,157,1,1,same_source_cyclic_next_latent,False,r16_d4,2026,1.6806452549644746e-06,1.0261092029395512e-05,0.8362118524860864,2.7290400339552434e-06,157,1,1,same_source_cyclic_next_latent,False,ljonly_r16_d4,4,-1.5047908163978718e-07
validation,lj_noisy,142,75,3.894283054250991e-06,2.352078990952577e-05,0.834432301413745,4.32905699199182e-06,157,1,1,same_source_cyclic_next_latent,False,r16_d4,2026,4.222566531097982e-06,2.352078990952577e-05,0.8204751393409679,5.771300948254066e-06,157,1,1,same_source_cyclic_next_latent,False,ljonly_r16_d4,4,-3.282834768469911e-07
validation,lj_noisy,142,100,7.908321094873827e-06,4.234289735904895e-05,0.8132314605726014,9.65669005381642e-06,157,1,1,same_source_cyclic_next_latent,False,r16_d4,2026,8.227203579735942e-06,4.234289735904895e-05,0.8057005048574519,1.0220124750048852e-05,157,1,1,same_source_cyclic_next_latent,False,ljonly_r16_d4,4,-3.1888248486211523e-07
validation,lj_noisy,142,125,1.3190855497668965e-05,6.57610289636068e-05,0.7994122703741605,1.607025660632644e-05,157,1,1,same_source_cyclic_next_latent,False,r16_d4,2026,1.305940531892702e-05,6.57610289636068e-05,0.8014111773379595,1.5723586329841055e-05,157,1,1,same_source_cyclic_next_latent,False,ljonly_r16_d4,4,1.3145017874194479e-07
validation,lj_noisy,142,149,1.8947683201986365e-05,9.220665378961712e-05,0.7945085042862714,2.2125384930404834e-05,157,1,1,same_source_cyclic_next_latent,False,r16_d4,2026,1.856960989243817e-05,9.220665378961712e-05,0.7986087865762115,2.263942951685749e-05,157,1,1,same_source_cyclic_next_latent,False,ljonly_r16_d4,4,3.780733095481958e-07
validation,lj_noisy,142,175,2.596792546682991e-05,0.0001260444259969,0.7939779941759748,2.883304659917485e-05,157,1,1,same_source_cyclic_next_latent,False,r16_d4,2026,2.5782475859159604e-05,0.0001260444259969,0.79544929769617,3.14106946461834e-05,157,1,1,same_source_cyclic_next_latent,False,ljonly_r16_d4,4,1.8544960767030716e-07
validation,lj_noisy,142,199,3.3124098990811035e-05,0.000161461342941,0.7948481141835471,3.571962588466704e-05,157,1,1,same_source_cyclic_next_latent,False,r16_d4,2026,3.31090996041894e-05,0.000161461342941,0.7949410118787379,3.953023770009168e-05,157,1,1,same_source_cyclic_next_latent,False,ljonly_r16_d4,4,1.4999386621632356e-08
validation,lj_noisy,157,0,6.293104775068059e-07,0.0,,3.104780489593395e-06,12,1,1,same_source_cyclic_next_latent,False,r16_d4,2026,2.152195293092518e-06,0.0,,1.9733122371690115e-06,12,1,1,same_source_cyclic_next_latent,False,ljonly_r16_d4,4,-1.5228848155857122e-06
validation,lj_noisy,157,5,4.520508127825451e-07,9.083687757538429e-08,-3.976512016360253,2.88329692921252e-06,12,1,1,same_source_cyclic_next_latent,False,r16_d4,2026,1.8118254274668288e-06,9.083687757538429e-08,-18.94592368020598,1.8775003809423647e-06,12,1,1,same_source_cyclic_next_latent,False,ljonly_r16_d4,4,-1.3597746146842837e-06
validation,lj_noisy,157,10,3.1244366027749493e-07,3.649991242582473e-07,0.1439879180191344,2.6747106858238112e-06,12,1,1,same_source_cyclic_next_latent,False,r16_d4,2026,1.551513264530513e-06,3.649991242582473e-07,-3.250731471434362,1.7761361732482328e-06,12,1,1,same_source_cyclic_next_latent,False,ljonly_r16_d4,4,-1.239069604253018e-06
validation,lj_noisy,157,25,2.7039891392632853e-07,2.373865527260932e-06,0.8860934156458616,2.4887744984880555e-06,12,1,1,same_source_cyclic_next_latent,False,r16_d4,2026,1.262613636754395e-06,2.373865527260932e-06,0.4681191405937586,1.9321114450576715e-06,12,1,1,same_source_cyclic_next_latent,False,ljonly_r16_d4,4,-9.922147228280664e-07
validation,lj_noisy,157,50,1.166808146990661e-06,9.819269507715944e-06,0.881171593663481,3.8342891457432415e-06,12,1,1,same_source_cyclic_next_latent,False,r16_d4,2026,2.068512685582391e-06,9.819269507715944e-06,0.789341489816838,4.071252988069318e-06,12,1,1,same_source_cyclic_next_latent,False,ljonly_r16_d4,4,-9.017045385917299e-07
validation,lj_noisy,157,75,3.134523240078124e-06,2.281349952681921e-05,0.8626022615954547,7.031013410596643e-06,12,1,1,same_source_cyclic_next_latent,False,r16_d4,2026,4.108546818315517e-06,2.281349952681921e-05,0.8199072082963172,7.629051651747432e-06,12,1,1,same_source_cyclic_next_latent,False,ljonly_r16_d4,4,-9.740235782373934e-07
validation,lj_noisy,157,100,6.798185495426878e-06,4.15882641391363e-05,0.836535964264267,1.1602517588471528e-05,12,1,1,same_source_cyclic_next_latent,False,r16_d4,2026,7.133603503461927e-06,4.15882641391363e-05,0.8284707560864771,1.160235478891991e-05,12,1,1,same_source_cyclic_next_latent,False,ljonly_r16_d4,4,-3.3541800803504884e-07
validation,lj_noisy,157,125,1.1832217751361895e-05,6.644261884503067e-05,0.8219182513115699,1.648269608267583e-05,12,1,1,same_source_cyclic_next_latent,False,r16_d4,2026,1.1337169780745173e-05,6.644261884503067e-05,0.8293690107672044,1.7761280105332844e-05,12,1,1,same_source_cyclic_next_latent,False,ljonly_r16_d4,4,4.950479706167226e-07
validation,lj_noisy,157,149,1.7696724171401e-05,9.61377882049419e-05,0.8159233273218646,2.2039808754925616e-05,12,1,1,same_source_cyclic_next_latent,False,r16_d4,2026,1.709824391582515e-05,9.61377882049419e-05,0.8221485616105924,2.6189851269009523e-05,12,1,1,same_source_cyclic_next_latent,False,ljonly_r16_d4,4,5.984802555758506e-07
validation,lj_noisy,157,175,2.525637137296144e-05,0.0001335744454991,0.8109191374249033,2.967983164126053e-05,12,1,1,same_source_cyclic_next_latent,False,r16_d4,2026,2.4252112780231982e-05,0.0001335744454991,0.818437481139354,3.466946873231791e-05,12,1,1,same_source_cyclic_next_latent,False,ljonly_r16_d4,4,1.0042585927294567e-06
validation,lj_noisy,157,199,3.475762787275016e-05,0.0001735624682623,0.7997399540308215,3.965893483837135e-05,12,1,1,same_source_cyclic_next_latent,False,r16_d4,2026,3.187943002558313e-05,0.0001735624682623,0.8163230199204804,4.293638266972266e-05,12,1,1,same_source_cyclic_next_latent,False,ljonly_r16_d4,4,2.87819784716703e-06
validation,lj_noisy,12,0,1.557293444420793e-06,0.0,,4.062522691583581e-07,152,1,1,same_source_cyclic_next_latent,False,r16_d4,2026,8.777527682468644e-07,0.0,,7.036183546915709e-07,152,1,1,same_source_cyclic_next_latent,False,ljonly_r16_d4,4,6.795406761739287e-07
validation,lj_noisy,12,5,1.2306393273320282e-06,1.0223686786048348e-07,-11.037138393279106,2.095428328630078e-07,152,1,1,same_source_cyclic_next_latent,False,r16_d4,2026,6.936897989362478e-07,1.0223686786048348e-07,-5.785123737191213,4.383670102470205e-07,152,1,1,same_source_cyclic_next_latent,False,ljonly_r16_d4,4,5.369495283957804e-07
validation,lj_noisy,12,10,9.522983646093052e-07,4.424935866609303e-07,-1.1521178912340333,1.2145382299877386e-07,152,1,1,same_source_cyclic_next_latent,False,r16_d4,2026,5.41685267307912e-07,4.424935866609303e-07,-0.2241652390839945,2.7926722623305977e-07,152,1,1,same_source_cyclic_next_latent,False,ljonly_r16_d4,4,4.106130973013932e-07
validation,lj_noisy,12,25,8.852817359183973e-07,3.1844713248574408e-06,0.7220004058419246,7.329247182497056e-07,152,1,1,same_source_cyclic_next_latent,False,r16_d4,2026,7.679494729018188e-07,3.1844713248574408e-06,0.7588455368062711,6.286985012593505e-07,152,1,1,same_source_cyclic_next_latent,False,ljonly_r16_d4,4,1.1733226301657851e-07
validation,lj_noisy,12,50,3.4311501622141805e-06,1.4166832443152089e-05,0.757803999166185,4.394003099150723e-06,152,1,1,same_source_cyclic_next_latent,False,r16_d4,2026,3.4587412756081903e-06,1.4166832443152089e-05,0.7558564139522901,3.6930512123944936e-06,152,1,1,same_source_cyclic_next_latent,False,ljonly_r16_d4,4,-2.759111339400988e-08
validation,lj_noisy,12,75,8.741262718103826e-06,3.3046842872863635e-05,0.7354887197021263,1.026521476887865e-05,152,1,1,same_source_cyclic_next_latent,False,r16_d4,2026,8.65550282469485e-06,3.3046842872863635e-05,0.7380838206543989,9.35109710553661e-06,152,1,1,same_source_cyclic_next_latent,False,ljonly_r16_d4,4,8.57598934089765e-08
validation,lj_noisy,12,100,1.4671125427412337e-05,5.7156557886628434e-05,0.7433168481469282,1.6201729522435926e-05,152,1,1,same_source_cyclic_next_latent,False,r16_d4,2026,1.4388795534614474e-05,5.7156557886628434e-05,0.7482564369401838,1.5809800970600918e-05,152,1,1,same_source_cyclic_next_latent,False,ljonly_r16_d4,4,2.8232989279786294e-07
validation,lj_noisy,12,125,2.2474914658232592e-05,8.803003584034741e-05,0.7446903838708707,2.412072899460327e-05,152,1,1,same_source_cyclic_next_latent,False,r16_d4,2026,2.1662872313754636e-05,8.803003584034741e-05,0.7539149892765835,2.4222801584983245e-05,152,1,1,same_source_cyclic_next_latent,False,ljonly_r16_d4,4,8.120423444779556e-07
validation,lj_noisy,12,149,3.2312338589690626e-05,0.0001241997088072,0.7398356332716614,3.4334421798121184e-05,152,1,1,same_source_cyclic_next_latent,False,r16_d4,2026,3.068508522119373e-05,0.0001241997088072,0.7529375429631073,3.4175933251390234e-05,152,1,1,same_source_cyclic_next_latent,False,ljonly_r16_d4,4,1.6272533684968948e-06
validation,lj_noisy,12,175,4.386807631817646e-05,0.0001689234195509,0.7403079073654787,4.647533569368534e-05,152,1,1,same_source_cyclic_next_latent,False,r16_d4,2026,4.178887320449576e-05,0.0001689234195509,0.7526164618525198,4.603466732078232e-05,152,1,1,same_source_cyclic_next_latent,False,ljonly_r16_d4,4,2.0792031136807054e-06
validation,lj_noisy,12,199,5.441328539745882e-05,0.000215836931602,0.7478963169390707,5.756188693339936e-05,152,1,1,same_source_cyclic_next_latent,False,r16_d4,2026,5.2865652833133936e-05,0.000215836931602,0.7550666957655172,5.8095221902476624e-05,152,1,1,same_source_cyclic_next_latent,False,ljonly_r16_d4,4,1.5476325643248856e-06
validation,lj_noisy,152,0,7.231149083963828e-07,0.0,,4.282349266304664e-07,29,1,1,same_source_cyclic_next_latent,False,r16_d4,2026,1.371589405607665e-06,0.0,,1.550197907818074e-06,29,1,1,same_source_cyclic_next_latent,False,ljonly_r16_d4,4,-6.484744972112821e-07
validation,lj_noisy,152,5,4.867816869591479e-07,9.695842351220565e-08,-4.020519820001708,2.1983737497066613e-07,29,1,1,same_source_cyclic_next_latent,False,r16_d4,2026,1.0485424581929692e-06,9.695842351220565e-08,-9.81435134989559,1.116934868150565e-06,29,1,1,same_source_cyclic_next_latent,False,ljonly_r16_d4,4,-5.617607712338213e-07
validation,lj_noisy,152,10,3.054126125334733e-07,4.1400659256396477e-07,0.2623001227056871,9.47970875131432e-08,29,1,1,same_source_cyclic_next_latent,False,r16_d4,2026,7.859772495066863e-07,4.1400659256396477e-07,-0.8984655404617781,7.643840831406123e-07,29,1,1,same_source_cyclic_next_latent,False,ljonly_r16_d4,4,-4.805646369732131e-07
validation,lj_noisy,152,25,2.465771729021071e-07,2.7664339086186374e-06,0.9108682220334589,3.472485445854545e-07,29,1,1,same_source_cyclic_next_latent,False,r16_d4,2026,5.168727739146561e-07,2.7664339086186374e-06,0.8131627969479502,3.784699345033005e-07,29,1,1,same_source_cyclic_next_latent,False,ljonly_r16_d4,4,-2.70295601012549e-07
validation,lj_noisy,152,50,1.2026214335492114e-06,1.1517513485159723e-05,0.895583240679615,2.2209069356904365e-06,29,1,1,same_source_cyclic_next_latent,False,r16_d4,2026,1.2951012422490749e-06,1.1517513485159723e-05,0.8875537463951912,1.1345449593136436e-06,29,1,1,same_source_cyclic_next_latent,False,ljonly_r16_d4,4,-9.24798086998635e-08
validation,lj_noisy,152,75,2.892965767387068e-06,2.6382193027529866e-05,0.8903439996679483,4.705897026724415e-06,29,1,1,same_source_cyclic_next_latent,False,r16_d4,2026,3.130120148853166e-06,2.6382193027529866e-05,0.8813548158946878,2.909697514041909e-06,29,1,1,same_source_cyclic_next_latent,False,ljonly_r16_d4,4,-2.3715438146609813e-07
validation,lj_noisy,152,100,5.384932137530996e-06,4.726915722130798e-05,0.88607937069156,7.28757913748268e-06,29,1,1,same_source_cyclic_next_latent,False,r16_d4,2026,5.672395218425663e-06,4.726915722130798e-05,0.8799979616334547,5.563451850321144e-06,29,1,1,same_source_cyclic_next_latent,False,ljonly_r16_d4,4,-2.874630808946668e-07
validation,lj_noisy,152,125,8.502903256157879e-06,7.386328070424497e-05,0.8848832170046136,1.0408295565866864e-05,29,1,1,same_source_cyclic_next_latent,False,r16_d4,2026,8.819047252472956e-06,7.386328070424497e-05,0.880603093060743,9.001428225019481e-06,29,1,1,same_source_cyclic_next_latent,False,ljonly_r16_d4,4,-3.1614399631507695e-07
validation,lj_noisy,152,149,1.2094437806808855e-05,0.0001050939827109,0.8849178849747165,1.491999955760548e-05,29,1,1,same_source_cyclic_next_latent,False,r16_d4,2026,1.2617312677321024e-05,0.0001050939827109,0.879942577568676,1.3145994671504012e-05,29,1,1,same_source_cyclic_next_latent,False,ljonly_r16_d4,4,-5.228748705121689e-07
validation,lj_noisy,152,175,1.6872323612915352e-05,0.0001450929412385,0.8837136840090942,2.20179481402738e-05,29,1,1,same_source_cyclic_next_latent,False,r16_d4,2026,1.771145616658032e-05,0.0001450929412385,0.8779302699677084,1.862848512246273e-05,29,1,1,same_source_cyclic_next_latent,False,ljonly_r16_d4,4,-8.391325536649674e-07
validation,lj_noisy,152,199,2.2619460651185364e-05,0.0001877725881058,0.8795380045652256,3.0974075343692675e-05,29,1,1,same_source_cyclic_next_latent,False,r16_d4,2026,2.368994682910852e-05,0.0001877725881058,0.8738370330404598,2.5068060494959354e-05,29,1,1,same_source_cyclic_next_latent,False,ljonly_r16_d4,4,-1.0704861779231578e-06
validation,lj_noisy,29,0,4.463184097858175e-07,0.0,,1.7061355492842267e-06,95,1,1,same_source_cyclic_next_latent,False,r16_d4,2026,1.6702111906852224e-06,0.0,,2.195109345848323e-06,95,1,1,same_source_cyclic_next_latent,False,ljonly_r16_d4,4,-1.223892780899405e-06
validation,lj_noisy,29,5,2.430441270462325e-07,9.255531097096537e-08,-1.6259338820921414,1.471120526730374e-06,95,1,1,same_source_cyclic_next_latent,False,r16_d4,2026,1.2450212807380012e-06,9.255531097096537e-08,-12.45164602308521,2.030085170190432e-06,95,1,1,same_source_cyclic_next_latent,False,ljonly_r16_d4,4,-1.0019771536917688e-06
validation,lj_noisy,29,10,1.0989946730433077e-07,3.9399358797709283e-07,0.7210628023958592,1.251313733519055e-06,95,1,1,same_source_cyclic_next_latent,False,r16_d4,2026,8.939898066273599e-07,3.9399358797709283e-07,-1.2690465883402586,1.8725094150795485e-06,95,1,1,same_source_cyclic_next_latent,False,ljonly_r16_d4,4,-7.840903393230292e-07
validation,lj_noisy,29,25,2.6183613499597413e-07,2.62467051470594e-06,0.900240379305168,9.4367874226009e-07,95,1,1,same_source_cyclic_next_latent,False,r16_d4,2026,4.776549076268566e-07,2.62467051470594e-06,0.8180133830320521,1.8009149016506854e-06,95,1,1,same_source_cyclic_next_latent,False,ljonly_r16_d4,4,-2.1581877263088245e-07
validation,lj_noisy,29,50,1.6915613514356664e-06,1.0715701137087308e-05,0.8421417945689871,1.6132541986735305e-06,95,1,1,same_source_cyclic_next_latent,False,r16_d4,2026,1.0823800948855933e-06,1.0715701137087308e-05,0.8989912016919314,3.0731634979019877e-06,95,1,1,same_source_cyclic_next_latent,False,ljonly_r16_d4,4,6.091812565500732e-07
validation,lj_noisy,29,75,3.660630454760394e-06,2.4163142370525748e-05,0.8485035431804748,3.934257165383315e-06,95,1,1,same_source_cyclic_next_latent,False,r16_d4,2026,2.842515186785022e-06,2.4163142370525748e-05,0.8823615263612266,5.679693003912689e-06,95,1,1,same_source_cyclic_next_latent,False,ljonly_r16_d4,4,8.181152679753723e-07
validation,lj_noisy,29,100,6.184842732182005e-06,4.288870331947692e-05,0.8557931983601541,7.917416041891556e-06,95,1,1,same_source_cyclic_next_latent,False,r16_d4,2026,5.711925041396171e-06,4.288870331947692e-05,0.8668198243521568,9.311675057688262e-06,95,1,1,same_source_cyclic_next_latent,False,ljonly_r16_d4,4,4.7291769078583457e-07
validation,lj_noisy,29,125,9.888037311611695e-06,6.650677823927253e-05,0.8513228640239143,1.3044813385931777e-05,95,1,1,same_source_cyclic_next_latent,False,r16_d4,2026,9.568652785674203e-06,6.650677823927253e-05,0.8561251493607328,1.5162807358137798e-05,95,1,1,same_source_cyclic_next_latent,False,ljonly_r16_d4,4,3.193845259374922e-07
validation,lj_noisy,29,149,1.497160701546818e-05,9.352853521704674e-05,0.8399247140915405,1.838481693994254e-05,95,1,1,same_source_cyclic_next_latent,False,r16_d4,2026,1.4259479939937592e-05,9.352853521704674e-05,0.8475387227347636,2.380471050855704e-05,95,1,1,same_source_cyclic_next_latent,False,ljonly_r16_d4,4,7.121270755305886e-07
validation,lj_noisy,29,175,2.2419897504732944e-05,0.0001277870032936,0.8245525998194376,2.499889887985773e-05,95,1,1,same_source_cyclic_next_latent,False,r16_d4,2026,2.056742232525721e-05,0.0001277870032936,0.8390491850098662,3.525003558024764e-05,95,1,1,same_source_cyclic_next_latent,False,ljonly_r16_d4,4,1.8524751794757355e-06
validation,lj_noisy,29,199,3.117313826805912e-05,0.0001640301925363,0.8099548760746585,3.220451981178485e-05,95,1,1,same_source_cyclic_next_latent,False,r16_d4,2026,2.75065322057344e-05,0.0001640301925363,0.8323081148633849,4.769075894728303e-05,95,1,1,same_source_cyclic_next_latent,False,ljonly_r16_d4,4,3.666606062324721e-06
validation,lj_noisy,95,0,1.07139021565672e-06,0.0,,1.2286960782148526e-07,183,1,1,same_source_cyclic_next_latent,False,r16_d4,2026,1.3357350781006971e-06,0.0,,1.0090180921906722e-06,183,1,1,same_source_cyclic_next_latent,False,ljonly_r16_d4,4,-2.6434486244397704e-07
validation,lj_noisy,95,5,8.231083938881056e-07,9.315184712477277e-08,-7.836200454356945,4.341271164776117e-08,183,1,1,same_source_cyclic_next_latent,False,r16_d4,2026,1.137372464654618e-06,9.315184712477277e-08,-11.209875593032075,6.814954076617141e-07,183,1,1,same_source_cyclic_next_latent,False,ljonly_r16_d4,4,-3.142640707665123e-07
validation,lj_noisy,95,10,6.075931651139399e-07,4.062233927015768e-07,-0.4957119063802784,5.5731870673980666e-08,183,1,1,same_source_cyclic_next_latent,False,r16_d4,2026,9.51013362282538e-07,4.062233927015768e-07,-1.3411092993878349,4.169970679868129e-07,183,1,1,same_source_cyclic_next_latent,False,ljonly_r16_d4,4,-3.4342019716859806e-07
validation,lj_noisy,95,25,4.325964653162373e-07,2.82183304989303e-06,0.8466966480059349,6.942011623323197e-07,183,1,1,same_source_cyclic_next_latent,False,r16_d4,2026,8.087242804322159e-07,2.82183304989303e-06,0.713404632331855,3.327798481222999e-07,183,1,1,same_source_cyclic_next_latent,False,ljonly_r16_d4,4,-3.761278151159786e-07
validation,lj_noisy,95,50,1.7979231188292033e-06,1.2093249097233638e-05,0.8513283647452129,3.291074790467974e-06,183,1,1,same_source_cyclic_next_latent,False,r16_d4,2026,2.181667014156119e-06,1.2093249097233638e-05,0.8195962890853559,2.1215089418546995e-06,183,1,1,same_source_cyclic_next_latent,False,ljonly_r16_d4,4,-3.8374389532691566e-07
validation,lj_noisy,95,75,5.166659320821054e-06,2.818343091348652e-05,0.8166774181368859,7.299766366486438e-06,183,1,1,same_source_cyclic_next_latent,False,r16_d4,2026,5.617388069367735e-06,2.818343091348652e-05,0.8006847325788264,5.932684416620759e-06,183,1,1,same_source_cyclic_next_latent,False,ljonly_r16_d4,4,-4.5072874854668044e-07
validation,lj_noisy,95,100,1.100448935176246e-05,5.138449341757223e-05,0.7858402677567471,1.3445345757645557e-05,183,1,1,same_source_cyclic_next_latent,False,r16_d4,2026,1.1622840247582644e-05,5.138449341757223e-05,0.773806464274533,1.2571671504701952e-05,183,1,1,same_source_cyclic_next_latent,False,ljonly_r16_d4,4,-6.183508958201838e-07
validation,lj_noisy,95,125,1.893229818961117e-05,8.035653445404023e-05,0.7643962831617699,2.1910314899287187e-05,183,1,1,same_source_cyclic_next_latent,False,r16_d4,2026,1.9985456674476158e-05,8.035653445404023e-05,0.7512902116764779,2.1913534510531463e-05,183,1,1,same_source_cyclic_next_latent,False,ljonly_r16_d4,4,-1.0531584848649868e-06
validation,lj_noisy,95,149,3.0544066248694435e-05,0.0001155957506853,0.7357682607914884,3.49311412719544e-05,183,1,1,same_source_cyclic_next_latent,False,r16_d4,2026,3.2320294849341735e-05,0.0001155957506853,0.7204023966475486,3.520734026096761e-05,183,1,1,same_source_cyclic_next_latent,False,ljonly_r16_d4,4,-1.7762286006473005e-06
validation,lj_noisy,95,175,4.896593964076601e-05,0.0001621420669835,0.6980059490314313,5.625380435958505e-05,183,1,1,same_source_cyclic_next_latent,False,r16_d4,2026,5.1593273383332416e-05,0.0001621420669835,0.6818020496273756,5.567589323618449e-05,183,1,1,same_source_cyclic_next_latent,False,ljonly_r16_d4,4,-2.6273337425664067e-06
validation,lj_noisy,95,199,7.135365740396082e-05,0.0002128292690031,0.6647375723359094,8.270750549854711e-05,183,1,1,same_source_cyclic_next_latent,False,r16_d4,2026,7.477972394553944e-05,0.0002128292690031,0.6486398496982944,8.068737952271476e-05,183,1,1,same_source_cyclic_next_latent,False,ljonly_r16_d4,4,-3.4260665415786207e-06
validation,lj_noisy,183,0,2.567605577041832e-07,0.0,,1.3324829524208326e-06,147,1,1,same_source_cyclic_next_latent,False,r16_d4,2026,1.963034264917951e-06,0.0,,2.1697037482226733e-06,147,1,1,same_source_cyclic_next_latent,False,ljonly_r16_d4,4,-1.706273707213768e-06
validation,lj_noisy,183,5,1.3809284382659825e-07,9.035466774776069e-08,-0.5283421130174062,1.160581632575486e-06,147,1,1,same_source_cyclic_next_latent,False,r16_d4,2026,1.5532824590991368e-06,9.035466774776069e-08,-16.19094871153054,1.996034825424431e-06,147,1,1,same_source_cyclic_next_latent,False,ljonly_r16_d4,4,-1.4151896152725385e-06
validation,lj_noisy,183,10,7.853446959416034e-08,3.734352276296704e-07,0.7896972117691005,1.020058789436007e-06,147,1,1,same_source_cyclic_next_latent,False,r16_d4,2026,1.1940335298277205e-06,3.734352276296704e-07,-2.1974314191156705,1.869517177510716e-06,147,1,1,same_source_cyclic_next_latent,False,ljonly_r16_d4,4,-1.1154990602335602e-06
validation,lj_noisy,183,25,2.394809541783616e-07,2.431817392789526e-06,0.9015218186659756,1.0088691624332569e-06,147,1,1,same_source_cyclic_next_latent,False,r16_d4,2026,7.080630552991352e-07,2.431817392789526e-06,0.7088337893303249,2.082757873722585e-06,147,1,1,same_source_cyclic_next_latent,False,ljonly_r16_d4,4,-4.6858210112077353e-07
validation,lj_noisy,183,50,1.2533864719443957e-06,1.020561103359796e-05,0.8771865331906034,2.5456788534938823e-06,147,1,1,same_source_cyclic_next_latent,False,r16_d4,2026,1.4289505543274572e-06,1.020561103359796e-05,0.8599838314802318,4.428968622960383e-06,147,1,1,same_source_cyclic_next_latent,False,ljonly_r16_d4,4,-1.7556408238306155e-07
validation,lj_noisy,183,75,3.2512994039279874e-06,2.3695167328696695e-05,0.862786391890535,6.5813810579129495e-06,147,1,1,same_source_cyclic_next_latent,False,r16_d4,2026,3.746276888705325e-06,2.3695167328696695e-05,0.841897006392173,8.143275408656336e-06,147,1,1,same_source_cyclic_next_latent,False,ljonly_r16_d4,4,-4.949774847773374e-07
validation,lj_noisy,183,100,6.958460289752111e-06,4.307867129682563e-05,0.8384708701481036,1.2218790288898164e-05,147,1,1,same_source_cyclic_next_latent,False,r16_d4,2026,7.48399770600372e-06,4.307867129682563e-05,0.8262713895134645,1.25504575407831e-05,147,1,1,same_source_cyclic_next_latent,False,ljonly_r16_d4,4,-5.255374162516091e-07
validation,lj_noisy,183,125,1.1280590115347875e-05,6.872970698168501e-05,0.835870242857955,1.644132316869218e-05,147,1,1,same_source_cyclic_next_latent,False,r16_d4,2026,1.1572832590900362e-05,6.872970698168501e-05,0.8316181881295628,1.7549422409501858e-05,147,1,1,same_source_cyclic_next_latent,False,ljonly_r16_d4,4,-2.922424755524861e-07
validation,lj_noisy,183,149,1.5763800547574647e-05,9.890592627925798e-05,0.8406182405787695,1.9835268176393583e-05,147,1,1,same_source_cyclic_next_latent,False,r16_d4,2026,1.616632471268531e-05,9.890592627925798e-05,0.836548472666439,2.28946464631008e-05,147,1,1,same_source_cyclic_next_latent,False,ljonly_r16_d4,4,-4.025241651106626e-07
validation,lj_noisy,183,175,2.164996476494707e-05,0.00013746204786,0.8425022389671322,2.419000702502672e-05,147,1,1,same_source_cyclic_next_latent,False,r16_d4,2026,2.19418179767672e-05,0.00013746204786,0.8403790841301163,2.8725889933411963e-05,147,1,1,same_source_cyclic_next_latent,False,ljonly_r16_d4,4,-2.9185321182012897e-07
validation,lj_noisy,183,199,2.9251255909912288e-05,0.0001797954901121,0.8373081777987563,2.9976710720802657e-05,147,1,1,same_source_cyclic_next_latent,False,r16_d4,2026,2.868638694053516e-05,0.0001797954901121,0.8404499082672168,3.4804459573933855e-05,147,1,1,same_source_cyclic_next_latent,False,ljonly_r16_d4,4,5.648689693771269e-07
validation,lj_noisy,147,0,8.792490007181186e-07,0.0,,2.0746340112509642e-07,43,1,1,same_source_cyclic_next_latent,False,r16_d4,2026,1.3352976111491444e-06,0.0,,1.318178419751348e-06,43,1,1,same_source_cyclic_next_latent,False,ljonly_r16_d4,4,-4.5604861043102574e-07
validation,lj_noisy,147,5,6.434711963265727e-07,1.0630814983869641e-07,-5.0528867946900125,8.289591590937563e-08,43,1,1,same_source_cyclic_next_latent,False,r16_d4,2026,1.0978872069244971e-06,1.0630814983869641e-07,-9.327403953416033,9.384122563460552e-07,43,1,1,same_source_cyclic_next_latent,False,ljonly_r16_d4,4,-4.5441601059792447e-07
validation,lj_noisy,147,10,4.701610691881797e-07,4.434336347003409e-07,-0.0602738096443684,5.118862844710748e-08,43,1,1,same_source_cyclic_next_latent,False,r16_d4,2026,9.248705055142636e-07,4.434336347003409e-07,-1.0857021956380537,6.480911451944849e-07,43,1,1,same_source_cyclic_next_latent,False,ljonly_r16_d4,4,-4.5470943632608396e-07
validation,lj_noisy,147,25,4.281577901110723e-07,2.912094714702107e-06,0.8529725740205292,4.777103299602459e-07,43,1,1,same_source_cyclic_next_latent,False,r16_d4,2026,9.30590090320038e-07,2.912094714702107e-06,0.6804396211353199,4.901102670373803e-07,43,1,1,same_source_cyclic_next_latent,False,ljonly_r16_d4,4,-5.024323002089657e-07
validation,lj_noisy,147,50,1.5714150549683836e-06,1.199792586703552e-05,0.8690261073136091,1.9907022306142608e-06,43,1,1,same_source_cyclic_next_latent,False,r16_d4,2026,2.356300456085592e-06,1.199792586703552e-05,0.8036076833447052,1.7061835251297452e-06,43,1,1,same_source_cyclic_next_latent,False,ljonly_r16_d4,4,-7.848854011172084e-07
validation,lj_noisy,147,75,3.925491000700276e-06,2.723287980188616e-05,0.8558547230679439,3.858343916363083e-06,43,1,1,same_source_cyclic_next_latent,False,r16_d4,2026,4.698938937508501e-06,2.723287980188616e-05,0.8274534690531314,4.040519343107008e-06,43,1,1,same_source_cyclic_next_latent,False,ljonly_r16_d4,4,-7.734479368082248e-07
validation,lj_noisy,147,100,7.343069682974601e-06,4.869244003202766e-05,0.8491948713569362,6.834537543909391e-06,43,1,1,same_source_cyclic_next_latent,False,r16_d4,2026,7.818156518624164e-06,4.869244003202766e-05,0.8394379802391965,7.384222953987773e-06,43,1,1,same_source_cyclic_next_latent,False,ljonly_r16_d4,4,-4.75086835649563e-07
validation,lj_noisy,147,125,1.14810272862087e-05,7.65042204875499e-05,0.8499294913007173,1.1232059478061274e-05,43,1,1,same_source_cyclic_next_latent,False,r16_d4,2026,1.2294666703382973e-05,7.65042204875499e-05,0.8392942686686968,1.203114788950188e-05,43,1,1,same_source_cyclic_next_latent,False,ljonly_r16_d4,4,-8.136394171742722e-07
validation,lj_noisy,147,149,1.6439804312540218e-05,0.0001096505948225,0.8500709974338205,1.688239717623219e-05,43,1,1,same_source_cyclic_next_latent,False,r16_d4,2026,1.7855192709248513e-05,0.0001096505948225,0.8371628285451953,1.778438854671549e-05,43,1,1,same_source_cyclic_next_latent,False,ljonly_r16_d4,4,-1.4153883967082947e-06
validation,lj_noisy,147,175,2.4057671907939948e-05,0.0001528372813481,0.8425929086429289,2.5379014914506115e-05,43,1,1,same_source_cyclic_next_latent,False,r16_d4,2026,2.587375456641894e-05,0.0001528372813481,0.8307104501062469,2.61346940533258e-05,43,1,1,same_source_cyclic_next_latent,False,ljonly_r16_d4,4,-1.8160826584789902e-06
validation,lj_noisy,147,199,3.3959498978219926e-05,0.0001997498766286,0.8299898875964935,3.605024903663434e-05,43,1,1,same_source_cyclic_next_latent,False,r16_d4,2026,3.601218486437574e-05,0.0001997498766286,0.8197136064753185,3.683482282212936e-05,43,1,1,same_source_cyclic_next_latent,False,ljonly_r16_d4,4,-2.052685886155814e-06
validation,lj_noisy,43,0,3.051147814403521e-07,0.0,,8.453139344055671e-07,13,1,1,same_source_cyclic_next_latent,False,r16_d4,2026,1.9004704654435043e-06,0.0,,1.96446490008384e-06,13,1,1,same_source_cyclic_next_latent,False,ljonly_r16_d4,4,-1.5953556840031522e-06
validation,lj_noisy,43,5,1.656879504707831e-07,9.6270760252537e-08,-0.7210620341643845,6.308940783128492e-07,13,1,1,same_source_cyclic_next_latent,False,r16_d4,2026,1.4901709164405474e-06,9.6270760252537e-08,-14.478956565124635,1.599149754838436e-06,13,1,1,same_source_cyclic_next_latent,False,ljonly_r16_d4,4,-1.3244829659697643e-06
validation,lj_noisy,43,10,8.666519590860845e-08,4.102923867321806e-07,0.7887721081084077,4.66567996681988e-07,13,1,1,same_source_cyclic_next_latent,False,r16_d4,2026,1.1242613027206971e-06,4.102923867321806e-07,-1.740146634635367,1.3081368024359108e-06,13,1,1,same_source_cyclic_next_latent,False,ljonly_r16_d4,4,-1.0375961068120887e-06
validation,lj_noisy,43,25,2.823242368776846e-07,2.796049102471443e-06,0.8990274396010655,4.011021133010218e-07,13,1,1,same_source_cyclic_next_latent,False,r16_d4,2026,7.170705771386565e-07,2.796049102471443e-06,0.743541493421974,9.2290071052048e-07,13,1,1,same_source_cyclic_next_latent,False,ljonly_r16_d4,4,-4.347463402609719e-07
validation,lj_noisy,43,50,1.3466999462252716e-06,1.1718565474438948e-05,0.8850797950344047,1.513041297585005e-06,13,1,1,same_source_cyclic_next_latent,False,r16_d4,2026,1.693005174274731e-06,1.1718565474438948e-05,0.8555279502454811,1.615719384062686e-06,13,1,1,same_source_cyclic_next_latent,False,ljonly_r16_d4,4,-3.463052280494594e-07
validation,lj_noisy,43,75,3.2441366784041747e-06,2.693894930416718e-05,0.8795744911290085,3.983644546678988e-06,13,1,1,same_source_cyclic_next_latent,False,r16_d4,2026,4.017685569124296e-06,2.693894930416718e-05,0.8508596039229043,3.57363046532555e-06,13,1,1,same_source_cyclic_next_latent,False,ljonly_r16_d4,4,-7.735488907201216e-07
validation,lj_noisy,43,100,6.493197815871099e-06,4.813013947568834e-05,0.8650908165526725,7.786830792611e-06,13,1,1,same_source_cyclic_next_latent,False,r16_d4,2026,6.934996690688422e-06,4.813013947568834e-05,0.8559115604850585,6.5835356508614495e-06,13,1,1,same_source_cyclic_next_latent,False,ljonly_r16_d4,4,-4.4179887481732294e-07
validation,lj_noisy,43,125,1.0702296094677877e-05,7.53487111069262e-05,0.8579631165888105,1.2776967196259648e-05,13,1,1,same_source_cyclic_next_latent,False,r16_d4,2026,1.0884801667998543e-05,7.53487111069262e-05,0.8555409706670086,1.105323917727219e-05,13,1,1,same_source_cyclic_next_latent,False,ljonly_r16_d4,4,-1.825055733206665e-07
validation,lj_noisy,43,149,1.553311085444875e-05,0.000107481246232,0.8554807336257312,1.855232949310448e-05,13,1,1,same_source_cyclic_next_latent,False,r16_d4,2026,1.614305074326694e-05,0.000107481246232,0.8498058841966382,1.709394928184338e-05,13,1,1,same_source_cyclic_next_latent,False,ljonly_r16_d4,4,-6.099398888181895e-07
validation,lj_noisy,43,175,2.2221802282729183e-05,0.0001489836140535,0.8508439842603239,2.618613689264748e-05,13,1,1,same_source_cyclic_next_latent,False,r16_d4,2026,2.3049828087096103e-05,0.0001489836140535,0.8452861528865384,2.553816193540115e-05,13,1,1,same_source_cyclic_next_latent,False,ljonly_r16_d4,4,-8.280258043669198e-07
validation,lj_noisy,43,199,3.074536653002724e-05,0.0001935522304847,0.8411520939179034,3.535310315783136e-05,13,1,1,same_source_cyclic_next_latent,False,r16_d4,2026,3.106012809439562e-05,0.0001935522304847,0.8395258581283183,3.50988884747494e-05,13,1,1,same_source_cyclic_next_latent,False,ljonly_r16_d4,4,-3.147615643683821e-07
validation,lj_noisy,13,0,7.945533297970542e-07,0.0,,6.812867354710761e-07,40,1,1,same_source_cyclic_next_latent,False,r16_d4,2026,1.8145650528822443e-06,0.0,,1.8306036508874968e-06,40,1,1,same_source_cyclic_next_latent,False,ljonly_r16_d4,4,-1.0200117230851902e-06
validation,lj_noisy,13,5,5.919184786762344e-07,9.281463064780837e-08,-5.377426430993521,4.713312478088483e-07,40,1,1,same_source_cyclic_next_latent,False,r16_d4,2026,1.4767580296393137e-06,9.281463064780837e-08,-14.91083236912266,1.5343786117227864e-06,40,1,1,same_source_cyclic_next_latent,False,ljonly_r16_d4,4,-8.848395509630793e-07
validation,lj_noisy,13,10,4.530740511654585e-07,3.781031523431011e-07,-0.1982816021441862,3.144319293824083e-07,40,1,1,same_source_cyclic_next_latent,False,r16_d4,2026,1.2430956530806725e-06,3.781031523431011e-07,-2.287715654781565,1.3199800150687224e-06,40,1,1,same_source_cyclic_next_latent,False,ljonly_r16_d4,4,-7.90021601915214e-07
validation,lj_noisy,13,25,3.8379332067961524e-07,2.410028173471801e-06,0.8407515211215411,2.457412620060495e-07,40,1,1,same_source_cyclic_next_latent,False,r16_d4,2026,1.0071157703350764e-06,2.410028173471801e-06,0.5821145240454757,1.1799766070907936e-06,40,1,1,same_source_cyclic_next_latent,False,ljonly_r16_d4,4,-6.233224496554611e-07
validation,lj_noisy,13,50,1.1599490790104028e-06,9.818084436119534e-06,0.8818558664312265,1.0865219337574672e-06,40,1,1,same_source_cyclic_next_latent,False,r16_d4,2026,1.7574766388861462e-06,9.818084436119534e-06,0.8209959742838833,2.2799731596023776e-06,40,1,1,same_source_cyclic_next_latent,False,ljonly_r16_d4,4,-5.975275598757435e-07
validation,lj_noisy,13,75,3.084040827161516e-06,2.2434529455495067e-05,0.862531512716612,2.733908104346483e-06,40,1,1,same_source_cyclic_next_latent,False,r16_d4,2026,3.6013168482895708e-06,2.2434529455495067e-05,0.8394743756300415,4.787801117345225e-06,40,1,1,same_source_cyclic_next_latent,False,ljonly_r16_d4,4,-5.172760211280547e-07
validation,lj_noisy,13,100,6.261404450924601e-06,4.028679541079328e-05,0.8445792377606907,5.755952315666946e-06,40,1,1,same_source_cyclic_next_latent,False,r16_d4,2026,6.275821760937106e-06,4.028679541079328e-05,0.8442213708748911,8.079080544121098e-06,40,1,1,same_source_cyclic_next_latent,False,ljonly_r16_d4,4,-1.4417310012504458e-08
validation,lj_noisy,13,125,1.0294300409441348e-05,6.321443652268499e-05,0.8371526984069982,1.0631209988787305e-05,40,1,1,same_source_cyclic_next_latent,False,r16_d4,2026,9.944124940375332e-06,6.321443652268499e-05,0.8426921841372926,1.2618054824997673e-05,40,1,1,same_source_cyclic_next_latent,False,ljonly_r16_d4,4,3.501754690660164e-07
validation,lj_noisy,13,149,1.5077846001076978e-05,8.989958587335423e-05,0.8322812518589591,1.6644176866975613e-05,40,1,1,same_source_cyclic_next_latent,False,r16_d4,2026,1.5066529158502815e-05,8.989958587335423e-05,0.8324071350036278,1.923853051266633e-05,40,1,1,same_source_cyclic_next_latent,False,ljonly_r16_d4,4,1.131684257416224e-08
validation,lj_noisy,13,175,2.3262780814548023e-05,0.0001256491668755,0.8148592514139424,2.6042220270028334e-05,40,1,1,same_source_cyclic_next_latent,False,r16_d4,2026,2.4435825253021903e-05,0.0001256491668755,0.8055233802128543,3.051832754863426e-05,40,1,1,same_source_cyclic_next_latent,False,ljonly_r16_d4,4,-1.1730444384738803e-06
validation,lj_noisy,13,199,3.300508615211584e-05,0.0001638034591451,0.7985080026736581,3.685461342683993e-05,40,1,1,same_source_cyclic_next_latent,False,r16_d4,2026,3.541968180797994e-05,0.0001638034591451,0.7837671927514159,4.337737118476071e-05,40,1,1,same_source_cyclic_next_latent,False,ljonly_r16_d4,4,-2.4145956558641046e-06
validation,lj_noisy,40,0,6.913153356435942e-07,0.0,,2.476987674526754e-06,132,1,1,same_source_cyclic_next_latent,False,r16_d4,2026,1.7292376242039609e-06,0.0,,2.2146832634462044e-06,132,1,1,same_source_cyclic_next_latent,False,ljonly_r16_d4,4,-1.0379222885603667e-06
validation,lj_noisy,40,5,4.655178713619535e-07,9.645786747114472e-08,-3.826126510636499,2.281756451338879e-06,132,1,1,same_source_cyclic_next_latent,False,r16_d4,2026,1.4252314031182325e-06,9.645786747114472e-08,-13.775688499899596,2.184638788094162e-06,132,1,1,same_source_cyclic_next_latent,False,ljonly_r16_d4,4,-9.59713531756279e-07
validation,lj_noisy,40,10,2.769684215309099e-07,4.181624433385878e-07,0.3376535221106707,2.03053036784695e-06,132,1,1,same_source_cyclic_next_latent,False,r16_d4,2026,1.1665666761473403e-06,4.181624433385878e-07,-1.78974521679549,2.1090272639412437e-06,132,1,1,same_source_cyclic_next_latent,False,ljonly_r16_d4,4,-8.895982546164305e-07
validation,lj_noisy,40,25,2.8538474339256936e-07,2.9362895475060213e-06,0.902807697001488,1.726916366351361e-06,132,1,1,same_source_cyclic_next_latent,False,r16_d4,2026,9.69017150964646e-07,2.9362895475060213e-06,0.6699858323619023,2.3604993657500017e-06,132,1,1,same_source_cyclic_next_latent,False,ljonly_r16_d4,4,-6.836324075720766e-07
validation,lj_noisy,40,50,1.877270960903843e-06,1.2648867595999036e-05,0.8515858477720454,2.8131821636634413e-06,132,1,1,same_source_cyclic_next_latent,False,r16_d4,2026,2.189602355429088e-06,1.2648867595999036e-05,0.8268934085355055,4.400569650897523e-06,132,1,1,same_source_cyclic_next_latent,False,ljonly_r16_d4,4,-3.1233139452524526e-07
validation,lj_noisy,40,75,4.646380602935096e-06,2.948326982732397e-05,0.8424061974757966,5.9662643252522685e-06,132,1,1,same_source_cyclic_next_latent,False,r16_d4,2026,5.1755705499090254e-06,2.948326982732397e-05,0.8244573759891277,8.696581062395126e-06,132,1,1,same_source_cyclic_next_latent,False,ljonly_r16_d4,4,-5.291899469739292e-07
validation,lj_noisy,40,100,9.039084943651687e-06,5.388597855926491e-05,0.8322553438700141,1.1970165360253304e-05,132,1,1,same_source_cyclic_next_latent,False,r16_d4,2026,9.987125849875156e-06,5.388597855926491e-05,0.8146618820535827,1.749949478835333e-05,132,1,1,same_source_cyclic_next_latent,False,ljonly_r16_d4,4,-9.480409062234685e-07
validation,lj_noisy,40,125,1.5549945601378568e-05,8.557874389225617e-05,0.8182966365928905,1.999992673518136e-05,132,1,1,same_source_cyclic_next_latent,False,r16_d4,2026,1.6455362128908746e-05,8.557874389225617e-05,0.8077167135144436,3.326503065181896e-05,132,1,1,same_source_cyclic_next_latent,False,ljonly_r16_d4,4,-9.054165275301784e-07
validation,lj_noisy,40,149,2.3148360924096775e-05,0.0001225326122948,0.8110840821022621,2.950056477857288e-05,132,1,1,same_source_cyclic_next_latent,False,r16_d4,2026,2.393224895058665e-05,0.0001225326122948,0.8046866993009933,5.365216566133313e-05,132,1,1,same_source_cyclic_next_latent,False,ljonly_r16_d4,4,-7.838880264898762e-07
validation,lj_noisy,40,175,3.340930925332941e-05,0.0001704702153801,0.804016735833775,4.396793156047352e-05,132,1,1,same_source_cyclic_next_latent,False,r16_d4,2026,3.416163963265717e-05,0.0001704702153801,0.7996034699875985,7.861237099859864e-05,132,1,1,same_source_cyclic_next_latent,False,ljonly_r16_d4,4,-7.523303793277591e-07
validation,lj_noisy,40,199,4.558252840070054e-05,0.0002223484916612,0.7949951085337434,6.124429637566209e-05,132,1,1,same_source_cyclic_next_latent,False,r16_d4,2026,4.5920627599116415e-05,0.0002223484916612,0.7934745261547499,0.0001057992194546,132,1,1,same_source_cyclic_next_latent,False,ljonly_r16_d4,4,-3.3809919841587543e-07
validation,lj_noisy,132,0,1.5688647181377746e-06,0.0,,3.28512413716453e-07,61,1,1,same_source_cyclic_next_latent,False,r16_d4,2026,1.3771972362519591e-06,0.0,,7.617592814312957e-07,61,1,1,same_source_cyclic_next_latent,False,ljonly_r16_d4,4,1.916674818858155e-07
validation,lj_noisy,132,5,1.2992730944461073e-06,1.029204241831394e-07,-11.624054989650505,1.6395206614561178e-07,61,1,1,same_source_cyclic_next_latent,False,r16_d4,2026,1.2405084817146417e-06,1.029204241831394e-07,-11.053083647491066,4.735826450996683e-07,61,1,1,same_source_cyclic_next_latent,False,ljonly_r16_d4,4,5.8764612731465604e-08
validation,lj_noisy,132,10,1.0305129762855358e-06,4.412522969232669e-07,-1.3354280158336276,8.57523687614048e-08,61,1,1,same_source_cyclic_next_latent,False,r16_d4,2026,1.0942410426650897e-06,4.412522969232669e-07,-1.4798534767862668,2.774027620944253e-07,61,1,1,same_source_cyclic_next_latent,False,ljonly_r16_d4,4,-6.372806637955385e-08
validation,lj_noisy,132,25,7.402097708109068e-07,3.067184479732532e-06,0.7586679980607312,4.722945732282824e-07,61,1,1,same_source_cyclic_next_latent,False,r16_d4,2026,1.0738716582636698e-06,3.067184479732532e-06,0.6498835771504312,3.8891960230103e-07,61,1,1,same_source_cyclic_next_latent,False,ljonly_r16_d4,4,-3.3366188745276304e-07
validation,lj_noisy,132,50,2.2057522528484697e-06,1.3521135770133696e-05,0.8368663483343856,2.808855469993432e-06,61,1,1,same_source_cyclic_next_latent,False,r16_d4,2026,2.6387547222839203e-06,1.3521135770133696e-05,0.8048422287044434,2.43192448579066e-06,61,1,1,same_source_cyclic_next_latent,False,ljonly_r16_d4,4,-4.330024694354506e-07
validation,lj_noisy,132,75,6.156700237625046e-06,3.2666182960383594e-05,0.8115267937765586,6.894126272527501e-06,61,1,1,same_source_cyclic_next_latent,False,r16_d4,2026,6.38566007182817e-06,3.2666182960383594e-05,0.8045177154743646,6.712625236104941e-06,61,1,1,same_source_cyclic_next_latent,False,ljonly_r16_d4,4,-2.2895983420312405e-07
validation,lj_noisy,132,100,1.2951209100720009e-05,6.118311284808442e-05,0.7883205267296972,1.3644319551531224e-05,61,1,1,same_source_cyclic_next_latent,False,r16_d4,2026,1.347764555248432e-05,6.118311284808442e-05,0.7797162497117652,1.4208948414307088e-05,61,1,1,same_source_cyclic_next_latent,False,ljonly_r16_d4,4,-5.264364517643116e-07
validation,lj_noisy,132,125,2.474176108080428e-05,0.0001014992230921,0.7562369412586298,2.6003661332651973e-05,61,1,1,same_source_cyclic_next_latent,False,r16_d4,2026,2.6816596800927076e-05,0.0001014992230921,0.735795053558268,2.722486897255294e-05,61,1,1,same_source_cyclic_next_latent,False,ljonly_r16_d4,4,-2.0748357201227952e-06
validation,lj_noisy,132,149,4.082822488271631e-05,0.000150934967678,0.7294979055495802,4.3286767322570086e-05,61,1,1,same_source_cyclic_next_latent,False,r16_d4,2026,4.682392318500206e-05,0.000150934967678,0.6897741861588875,4.465095116756856e-05,61,1,1,same_source_cyclic_next_latent,False,ljonly_r16_d4,4,-5.995698302285746e-06
validation,lj_noisy,132,175,6.277948705246672e-05,0.0002120805875165,0.7039828690234511,6.569219840457663e-05,61,1,1,same_source_cyclic_next_latent,False,r16_d4,2026,7.524153625126928e-05,0.0002120805875165,0.6452219548599578,6.784013385185972e-05,61,1,1,same_source_cyclic_next_latent,False,ljonly_r16_d4,4,-1.246204919880256e-05
validation,lj_noisy,132,199,8.228194201365113e-05,0.0002682431077118,0.6932560813378841,8.432232425548136e-05,61,1,1,same_source_cyclic_next_latent,False,r16_d4,2026,0.0001016172609524,0.0002682431077118,0.6211747551716367,8.814163447823375e-05,61,1,1,same_source_cyclic_next_latent,False,ljonly_r16_d4,4,-1.933531893874887e-05
validation,lj_noisy,61,0,7.296916919585783e-07,0.0,,8.338788575201761e-07,188,1,1,same_source_cyclic_next_latent,False,r16_d4,2026,1.7303358390563517e-06,0.0,,2.857884510376607e-06,188,1,1,same_source_cyclic_next_latent,False,ljonly_r16_d4,4,-1.0006441470977734e-06
validation,lj_noisy,61,5,5.267237384032342e-07,9.96304834188777e-08,-4.286772886454068,5.978726562716474e-07,188,1,1,same_source_cyclic_next_latent,False,r16_d4,2026,1.3497575537257944e-06,9.96304834188777e-08,-12.547636299735611,2.3957252324180445e-06,188,1,1,same_source_cyclic_next_latent,False,ljonly_r16_d4,4,-8.230338153225603e-07
validation,lj_noisy,61,10,3.78453592020378e-07,4.162667153195798e-07,0.0908386904539596,4.0708846427151e-07,188,1,1,same_source_cyclic_next_latent,False,r16_d4,2026,1.039218773257744e-06,4.162667153195798e-07,-1.4965214248751697,1.958794882739312e-06,188,1,1,same_source_cyclic_next_latent,False,ljonly_r16_d4,4,-6.60765181237366e-07
validation,lj_noisy,61,25,2.978460145186546e-07,2.741091520874761e-06,0.8913403612209185,2.5610452780711057e-07,188,1,1,same_source_cyclic_next_latent,False,r16_d4,2026,6.712939466524404e-07,2.741091520874761e-06,0.7550997690007041,1.4121644653641852e-06,188,1,1,same_source_cyclic_next_latent,False,ljonly_r16_d4,4,-3.7344793213378575e-07
validation,lj_noisy,61,50,1.0834737622644752e-06,1.1338017429807223e-05,0.9044388695843716,9.852494713413762e-07,188,1,1,same_source_cyclic_next_latent,False,r16_d4,2026,1.4643796930613462e-06,1.1338017429807223e-05,0.8708434078420495,2.745701294770697e-06,188,1,1,same_source_cyclic_next_latent,False,ljonly_r16_d4,4,-3.8090593079687096e-07
validation,lj_noisy,61,75,3.239039187974413e-06,2.6031604647869244e-05,0.8755728188181616,3.1978397601051256e-06,188,1,1,same_source_cyclic_next_latent,False,r16_d4,2026,3.378938345122151e-06,2.6031604647869244e-05,0.8701986146905191,5.337788024917245e-06,188,1,1,same_source_cyclic_next_latent,False,ljonly_r16_d4,4,-1.3989915714773815e-07
validation,lj_noisy,61,100,6.649484021181706e-06,4.705508763436228e-05,0.8586872460455077,7.179744898166973e-06,188,1,1,same_source_cyclic_next_latent,False,r16_d4,2026,5.50790309716831e-06,4.705508763436228e-05,0.882947766669419,7.836583790776785e-06,188,1,1,same_source_cyclic_next_latent,False,ljonly_r16_d4,4,1.1415809240133967e-06
validation,lj_noisy,61,125,9.575517651683184e-06,7.433142309309915e-05,0.8711780663786031,1.098322627512971e-05,188,1,1,same_source_cyclic_next_latent,False,r16_d4,2026,8.09647735877661e-06,7.433142309309915e-05,0.891075980764745,1.1085330697824247e-05,188,1,1,same_source_cyclic_next_latent,False,ljonly_r16_d4,4,1.4790402929065732e-06
validation,lj_noisy,61,149,1.2226910257595591e-05,0.0001063243253156,0.8850036412523992,1.4467311302723829e-05,188,1,1,same_source_cyclic_next_latent,False,r16_d4,2026,1.157036876975326e-05,0.0001063243253156,0.8911785357169839,1.5218393855320755e-05,188,1,1,same_source_cyclic_next_latent,False,ljonly_r16_d4,4,6.565414878423309e-07
validation,lj_noisy,61,175,1.651012098591309e-05,0.0001481663784943,0.8885703952969166,1.9367544155102223e-05,188,1,1,same_source_cyclic_next_latent,False,r16_d4,2026,1.6227562809945084e-05,0.0001481663784943,0.8904774283150637,2.0312005290179517e-05,188,1,1,same_source_cyclic_next_latent,False,ljonly_r16_d4,4,2.8255817596800625e-07
validation,lj_noisy,61,199,2.303215660504065e-05,0.0001944780233316,0.8815693608435767,2.6723495466285385e-05,188,1,1,same_source_cyclic_next_latent,False,r16_d4,2026,2.19173489313107e-05,0.0001944780233316,0.8873016675311506,2.685879189812113e-05,188,1,1,same_source_cyclic_next_latent,False,ljonly_r16_d4,4,1.1148076737299528e-06
validation,lj_noisy,188,0,4.0937166545518267e-07,0.0,,5.653454309140216e-07,67,1,1,same_source_cyclic_next_latent,False,r16_d4,2026,1.476658212595794e-06,0.0,,1.4116362763161303e-06,67,1,1,same_source_cyclic_next_latent,False,ljonly_r16_d4,4,-1.0672865471406114e-06
validation,lj_noisy,188,5,2.29975412935346e-07,9.160689984355487e-08,-1.5104595104527625,3.651139479643462e-07,67,1,1,same_source_cyclic_next_latent,False,r16_d4,2026,1.1147262739541477e-06,9.160689984355487e-08,-11.16858419898352,1.087869691218657e-06,67,1,1,same_source_cyclic_next_latent,False,ljonly_r16_d4,4,-8.847508610188017e-07
validation,lj_noisy,188,10,1.2329584819781306e-07,3.833892776583525e-07,0.6784055909156517,2.3578043339966825e-07,67,1,1,same_source_cyclic_next_latent,False,r16_d4,2026,8.165775398083497e-07,3.833892776583525e-07,-1.1298914377465237,8.339160331161111e-07,67,1,1,same_source_cyclic_next_latent,False,ljonly_r16_d4,4,-6.932816916105367e-07
validation,lj_noisy,188,25,3.695200803122134e-07,2.6204288587905467e-06,0.8589848836870295,3.603326490519976e-07,67,1,1,same_source_cyclic_next_latent,False,r16_d4,2026,6.665042633358098e-07,2.6204288587905467e-06,0.7456506933588598,6.873108873151068e-07,67,1,1,same_source_cyclic_next_latent,False,ljonly_r16_d4,4,-2.969841830235964e-07
validation,lj_noisy,188,50,1.9338372112542856e-06,1.1088137398473918e-05,0.8255940432772376,1.8804831825036672e-06,67,1,1,same_source_cyclic_next_latent,False,r16_d4,2026,2.190743771279813e-06,1.1088137398473918e-05,0.8024245468331472,2.018673058046261e-06,67,1,1,same_source_cyclic_next_latent,False,ljonly_r16_d4,4,-2.5690656002552714e-07
validation,lj_noisy,188,75,4.531909326033201e-06,2.5567558623151854e-05,0.8227476704823322,4.726036877400475e-06,67,1,1,same_source_cyclic_next_latent,False,r16_d4,2026,4.969383098796243e-06,2.5567558623151854e-05,0.8056371680987804,4.747304956254084e-06,67,1,1,same_source_cyclic_next_latent,False,ljonly_r16_d4,4,-4.374737727630418e-07
validation,lj_noisy,188,100,8.673863703734241e-06,4.645999797503464e-05,0.8133046904480031,8.918619641917758e-06,67,1,1,same_source_cyclic_next_latent,False,r16_d4,2026,8.366675501747523e-06,4.645999797503464e-05,0.8199165762718421,8.543139301764313e-06,67,1,1,same_source_cyclic_next_latent,False,ljonly_r16_d4,4,3.071882019867189e-07
validation,lj_noisy,188,125,1.3867194866179489e-05,7.364279736066237e-05,0.8116965220880257,1.4421224477700887e-05,67,1,1,same_source_cyclic_next_latent,False,r16_d4,2026,1.2924091606691944e-05,7.364279736066237e-05,0.8245029782967536,1.3625292922370136e-05,67,1,1,same_source_cyclic_next_latent,False,ljonly_r16_d4,4,9.43103259487545e-07
validation,lj_noisy,188,149,1.9592969692894258e-05,0.000105726372567,0.8146822858177891,2.073896575893741e-05,67,1,1,same_source_cyclic_next_latent,False,r16_d4,2026,1.8526558051235043e-05,0.000105726372567,0.8247688102654464,1.96565506485058e-05,67,1,1,same_source_cyclic_next_latent,False,ljonly_r16_d4,4,1.066411641659215e-06
validation,lj_noisy,188,175,2.759510971372947e-05,0.000146960519487,0.8122277342918394,2.9034232284175232e-05,67,1,1,same_source_cyclic_next_latent,False,r16_d4,2026,2.64335594692966e-05,0.000146960519487,0.8201315594041023,2.7817939553642645e-05,67,1,1,same_source_cyclic_next_latent,False,ljonly_r16_d4,4,1.1615502444328706e-06
validation,lj_noisy,188,199,3.812441718764603e-05,0.0001916797627927,0.8011035873992466,3.873895184369758e-05,67,1,1,same_source_cyclic_next_latent,False,r16_d4,2026,3.6232973798178136e-05,0.0001916797627927,0.810971313453941,3.753771306946874e-05,67,1,1,same_source_cyclic_next_latent,False,ljonly_r16_d4,4,1.891443389467895e-06
validation,lj_noisy,67,0,7.175888754318294e-07,0.0,,2.276110251386854e-07,15,1,1,same_source_cyclic_next_latent,False,r16_d4,2026,1.745333975122776e-06,0.0,,1.2986192814423705e-06,15,1,1,same_source_cyclic_next_latent,False,ljonly_r16_d4,4,-1.0277450996909467e-06
validation,lj_noisy,67,5,5.135451601745444e-07,8.974264886774108e-08,-4.722420350344077,1.1100056696022877e-07,15,1,1,same_source_cyclic_next_latent,False,r16_d4,2026,1.4194712321113911e-06,8.974264886774108e-08,-14.817130985328369,9.569437224854482e-07,15,1,1,same_source_cyclic_next_latent,False,ljonly_r16_d4,4,-9.059260719368467e-07
validation,lj_noisy,67,10,3.666178258754371e-07,3.756259161491471e-07,0.0239815462310465,6.009040021126566e-08,15,1,1,same_source_cyclic_next_latent,False,r16_d4,2026,1.1424352805988749e-06,3.756259161491471e-07,-2.0414176218481583,6.746475946783903e-07,15,1,1,same_source_cyclic_next_latent,False,ljonly_r16_d4,4,-7.758174547234378e-07
validation,lj_noisy,67,25,2.814183801547188e-07,2.4605394628451904e-06,0.8856273657040612,3.1660158583690645e-07,15,1,1,same_source_cyclic_next_latent,False,r16_d4,2026,7.789696496729448e-07,2.4605394628451904e-06,0.6834150959837887,3.451298198342556e-07,15,1,1,same_source_cyclic_next_latent,False,ljonly_r16_d4,4,-4.97551269518226e-07
validation,lj_noisy,67,50,1.0057966619569925e-06,1.0304262104909869e-05,0.9023902292355568,1.5963144051056588e-06,15,1,1,same_source_cyclic_next_latent,False,r16_d4,2026,1.3351865391086903e-06,1.0304262104909869e-05,0.8704238570879822,9.970138989956467e-07,15,1,1,same_source_cyclic_next_latent,False,ljonly_r16_d4,4,-3.293898771516979e-07
validation,lj_noisy,67,75,2.7881180812983075e-06,2.4312985260621645e-05,0.8853239101899155,3.5049940834142035e-06,15,1,1,same_source_cyclic_next_latent,False,r16_d4,2026,2.994437636516522e-06,2.4312985260621645e-05,0.8768379281927817,2.7402104478824185e-06,15,1,1,same_source_cyclic_next_latent,False,ljonly_r16_d4,4,-2.0631955521821468e-07
validation,lj_noisy,67,100,5.571466772380518e-06,4.4734984840033576e-05,0.8754561604904226,5.964687716186745e-06,15,1,1,same_source_cyclic_next_latent,False,r16_d4,2026,5.470774794957833e-06,4.4734984840033576e-05,0.8777070157837181,5.398869234340964e-06,15,1,1,same_source_cyclic_next_latent,False,ljonly_r16_d4,4,1.0069197742268443e-07
validation,lj_noisy,67,125,9.197991857945452e-06,7.140247180359438e-05,0.871181044218662,9.537876394460907e-06,15,1,1,same_source_cyclic_next_latent,False,r16_d4,2026,9.02228657650994e-06,7.140247180359438e-05,0.8736418173123278,9.082596989173908e-06,15,1,1,same_source_cyclic_next_latent,False,ljonly_r16_d4,4,1.75705281435512e-07
validation,lj_noisy,67,149,1.3466649761539884e-05,0.0001028560582199,0.8690728577917379,1.427674669685075e-05,15,1,1,same_source_cyclic_next_latent,False,r16_d4,2026,1.3549342838814482e-05,0.0001028560582199,0.8682688888403146,1.3638446944241878e-05,15,1,1,same_source_cyclic_next_latent,False,ljonly_r16_d4,4,-8.269307727459818e-08
validation,lj_noisy,67,175,1.9327833797433414e-05,0.0001433728903066,0.8651918521270214,2.1258299966575574e-05,15,1,1,same_source_cyclic_next_latent,False,r16_d4,2026,1.975274608412292e-05,0.0001433728903066,0.8622281657161475,2.015028803725727e-05,15,1,1,same_source_cyclic_next_latent,False,ljonly_r16_d4,4,-4.24912286689505e-07
validation,lj_noisy,67,199,2.625746128614992e-05,0.0001868223625933,0.8594522576330965,2.9512344553950243e-05,15,1,1,same_source_cyclic_next_latent,False,r16_d4,2026,2.687208325369284e-05,0.0001868223625933,0.8561623839851507,2.877139559132047e-05,15,1,1,same_source_cyclic_next_latent,False,ljonly_r16_d4,4,-6.146219675429199e-07
train,lj_noisy,178,0,1.0327523796149762e-06,0.0,,1.9997644358227262e-06,199,1,1,same_source_cyclic_next_latent,False,r16_d8,3456456,9.374192586619756e-07,0.0,,1.5484584992009331e-06,199,1,1,same_source_cyclic_next_latent,False,ljonly_r16_d8,8,9.533312095300062e-08
train,lj_noisy,178,5,6.68647771817632e-07,8.898146575120337e-08,-6.514461199000753,1.5703202507211245e-06,199,1,1,same_source_cyclic_next_latent,False,r16_d8,3456456,6.821983902227657e-07,8.898146575120337e-08,-6.666747051911087,1.2281309409445385e-06,199,1,1,same_source_cyclic_next_latent,False,ljonly_r16_d8,8,-1.3550618405133719e-08
train,lj_noisy,178,10,4.302746106077393e-07,3.5017228583456017e-07,-0.2287511833846944,1.236749994859565e-06,199,1,1,same_source_cyclic_next_latent,False,r16_d8,3456456,5.183459848012717e-07,3.5017228583456017e-07,-0.4802598771227875,1.024292828333273e-06,199,1,1,same_source_cyclic_next_latent,False,ljonly_r16_d8,8,-8.807137419353239e-08
train,lj_noisy,178,25,3.139622322123614e-07,2.1434675545606297e-06,0.8535260160367961,8.794559676061908e-07,199,1,1,same_source_cyclic_next_latent,False,r16_d8,3456456,5.009329129279649e-07,2.1434675545606297e-06,0.7662978794047355,1.045021349455055e-06,199,1,1,same_source_cyclic_next_latent,False,ljonly_r16_d8,8,-1.8697068071560352e-07
train,lj_noisy,178,50,1.59556736889499e-06,8.785852514847647e-06,0.8183935632656522,1.931751285155769e-06,199,1,1,same_source_cyclic_next_latent,False,r16_d8,3456456,1.7352772374579215e-06,8.785852514847647e-06,0.8024918771940013,2.726378852457856e-06,199,1,1,same_source_cyclic_next_latent,False,ljonly_r16_d8,8,-1.3970986856293145e-07
train,lj_noisy,178,75,4.197914677206427e-06,2.023533670580946e-05,0.7925453508267433,5.009803771827137e-06,199,1,1,same_source_cyclic_next_latent,False,r16_d8,3456456,4.365324912214419e-06,2.023533670580946e-05,0.7842721880204169,6.449104148487095e-06,199,1,1,same_source_cyclic_next_latent,False,ljonly_r16_d8,8,-1.6741023500799201e-07
train,lj_noisy,178,100,7.582581474707695e-06,3.592209759517573e-05,0.7889159603050012,1.012711800285615e-05,199,1,1,same_source_cyclic_next_latent,False,r16_d8,3456456,7.907752660685219e-06,3.592209759517573e-05,0.7798638389717193,1.173728560388554e-05,199,1,1,same_source_cyclic_next_latent,False,ljonly_r16_d8,8,-3.2517118597752415e-07
train,lj_noisy,178,125,1.1928350431844592e-05,5.6316977861570194e-05,0.788192639506242,1.6470368791488e-05,199,1,1,same_source_cyclic_next_latent,False,r16_d8,3456456,1.222595528815873e-05,5.6316977861570194e-05,0.7829081788051427,1.7208307326654904e-05,199,1,1,same_source_cyclic_next_latent,False,ljonly_r16_d8,8,-2.976048563141376e-07
train,lj_noisy,178,149,1.6091102224891074e-05,8.071761840255931e-05,0.8006494425462276,2.0819954443140887e-05,199,1,1,same_source_cyclic_next_latent,False,r16_d8,3456456,1.6196205251617357e-05,8.071761840255931e-05,0.7993473349171087,2.140966898878105e-05,199,1,1,same_source_cyclic_next_latent,False,ljonly_r16_d8,8,-1.0510302672628313e-07
train,lj_noisy,178,175,2.0441284505068325e-05,0.0001124141563195,0.8181609400958597,2.3953101845108904e-05,199,1,1,same_source_cyclic_next_latent,False,r16_d8,3456456,2.0557014067890123e-05,0.0001124141563195,0.817131447311225,2.556631443439983e-05,199,1,1,same_source_cyclic_next_latent,False,ljonly_r16_d8,8,-1.1572956282179803e-07
train,lj_noisy,178,199,2.4953053070930764e-05,0.0001466976100346,0.8299014342152943,2.7474481612443924e-05,199,1,1,same_source_cyclic_next_latent,False,r16_d8,3456456,2.588360985100735e-05,0.0001466976100346,0.823558067204359,3.060042945435271e-05,199,1,1,same_source_cyclic_next_latent,False,ljonly_r16_d8,8,-9.305567800765857e-07
train,lj_noisy,199,0,1.5086584426171612e-06,0.0,,6.45000454824185e-07,42,1,1,same_source_cyclic_next_latent,False,r16_d8,3456456,1.201268332806649e-06,0.0,,7.724618171778275e-07,42,1,1,same_source_cyclic_next_latent,False,ljonly_r16_d8,8,3.073901098105123e-07
train,lj_noisy,199,5,1.074222836905392e-06,9.910389309197853e-08,-9.839360628430644,3.3985375580414257e-07,42,1,1,same_source_cyclic_next_latent,False,r16_d8,3456456,8.67718597419298e-07,9.910389309197853e-08,-7.755645922143206,5.211900315771345e-07,42,1,1,same_source_cyclic_next_latent,False,ljonly_r16_d8,8,2.0650423948609408e-07
train,lj_noisy,199,10,7.26600774214603e-07,4.115824481232266e-07,-0.7653832847533399,1.5914032758246321e-07,42,1,1,same_source_cyclic_next_latent,False,r16_d8,3456456,6.310809226306446e-07,4.115824481232266e-07,-0.5333037779145062,3.695172097195609e-07,42,1,1,same_source_cyclic_next_latent,False,ljonly_r16_d8,8,9.551985158395837e-08
train,lj_noisy,199,25,4.1568489450583e-07,2.667711441972642e-06,0.8441792137014447,3.922091025287955e-07,42,1,1,same_source_cyclic_next_latent,False,r16_d8,3456456,5.307957167133281e-07,2.667711441972642e-06,0.8010295610079812,4.889462275059486e-07,42,1,1,same_source_cyclic_next_latent,False,ljonly_r16_d8,8,-1.1511082220749813e-07
train,lj_noisy,199,50,1.8197956705989784e-06,1.0994632248184644e-05,0.8344832615115936,2.5417514279979514e-06,42,1,1,same_source_cyclic_next_latent,False,r16_d8,3456456,1.9019779529116927e-06,1.0994632248184644e-05,0.8270084974214817,2.3552154289063765e-06,42,1,1,same_source_cyclic_next_latent,False,ljonly_r16_d8,8,-8.218228231271433e-08
train,lj_noisy,199,75,5.093842446513008e-06,2.538395165174734e-05,0.7993282324045725,5.767210041085491e-06,42,1,1,same_source_cyclic_next_latent,False,r16_d8,3456456,5.2083119044255e-06,2.538395165174734e-05,0.7948187116064342,5.598612915491685e-06,42,1,1,same_source_cyclic_next_latent,False,ljonly_r16_d8,8,-1.1446945791249163e-07
train,lj_noisy,199,100,1.0455609299242496e-05,4.609454845194705e-05,0.7731703715431266,1.055740813171724e-05,42,1,1,same_source_cyclic_next_latent,False,r16_d8,3456456,1.0768249012471642e-05,4.609454845194705e-05,0.7663877969496241,1.0687437679735012e-05,42,1,1,same_source_cyclic_next_latent,False,ljonly_r16_d8,8,-3.1263971322914585e-07
train,lj_noisy,199,125,1.666799289523624e-05,7.323205500142649e-05,0.7723948495653773,1.658807559579145e-05,42,1,1,same_source_cyclic_next_latent,False,r16_d8,3456456,1.6903899449971505e-05,7.323205500142649e-05,0.7691734930879348,1.687724216026254e-05,42,1,1,same_source_cyclic_next_latent,False,ljonly_r16_d8,8,-2.3590655473526567e-07
train,lj_noisy,199,149,2.292225690325722e-05,0.0001047892219503,0.7812536778437009,2.279652107972652e-05,42,1,1,same_source_cyclic_next_latent,False,r16_d8,3456456,2.3180795324151404e-05,0.0001047892219503,0.7787864544395926,2.343295636819676e-05,42,1,1,same_source_cyclic_next_latent,False,ljonly_r16_d8,8,-2.585384208941832e-07
train,lj_noisy,199,175,3.136300801998004e-05,0.0001456237077945,0.784629793493375,3.0947405321057886e-05,42,1,1,same_source_cyclic_next_latent,False,r16_d8,3456456,3.154010119033046e-05,0.0001456237077945,0.7834136922621097,3.260471930843778e-05,42,1,1,same_source_cyclic_next_latent,False,ljonly_r16_d8,8,-1.770931703504175e-07
train,lj_noisy,199,199,4.199261456960812e-05,0.0001901433715829,0.7791528875289451,4.102465754840523e-05,42,1,1,same_source_cyclic_next_latent,False,r16_d8,3456456,4.172292028670199e-05,0.0001901433715829,0.7805712608367333,4.403595448820852e-05,42,1,1,same_source_cyclic_next_latent,False,ljonly_r16_d8,8,2.6969428290612996e-07
train,lj_noisy,42,0,8.944721798798128e-07,0.0,,2.8108502192480955e-06,102,1,1,same_source_cyclic_next_latent,False,r16_d8,3456456,1.0378220167694965e-06,0.0,,2.2272638489084784e-06,102,1,1,same_source_cyclic_next_latent,False,ljonly_r16_d8,8,-1.4334983688968371e-07
train,lj_noisy,42,5,5.400782470132981e-07,9.799599354209933e-08,-4.5112278317917065,2.350825980101945e-06,102,1,1,same_source_cyclic_next_latent,False,r16_d8,3456456,7.673405661989818e-07,9.799599354209933e-08,-6.830325898673913,1.9045625094804564e-06,102,1,1,same_source_cyclic_next_latent,False,ljonly_r16_d8,8,-2.2726231918568374e-07
train,lj_noisy,42,10,2.922268720340071e-07,4.02869886784174e-07,0.2746370934629838,1.9584263100114185e-06,102,1,1,same_source_cyclic_next_latent,False,r16_d8,3456456,5.876431714568753e-07,4.02869886784174e-07,-0.4586425809772381,1.6939598026510794e-06,102,1,1,same_source_cyclic_next_latent,False,ljonly_r16_d8,8,-2.954162994228682e-07
train,lj_noisy,42,25,2.2544450928307927e-07,2.683668753888924e-06,0.9159939135720884,1.2970410807611188e-06,102,1,1,same_source_cyclic_next_latent,False,r16_d8,3456456,5.913807399338111e-07,2.683668753888924e-06,0.7796372078048615,1.7916974002218922e-06,102,1,1,same_source_cyclic_next_latent,False,ljonly_r16_d8,8,-3.659362306507319e-07
train,lj_noisy,42,50,1.5157783082031528e-06,1.129412430600496e-05,0.8657905414236294,1.844140228968172e-06,102,1,1,same_source_cyclic_next_latent,False,r16_d8,3456456,2.3637480808247342e-06,1.129412430600496e-05,0.7907099287398531,4.003210051450878e-06,102,1,1,same_source_cyclic_next_latent,False,ljonly_r16_d8,8,-8.479697726215814e-07
train,lj_noisy,42,75,2.906620011344785e-06,2.5744931917870417e-05,0.8870993319921269,4.086011358594988e-06,102,1,1,same_source_cyclic_next_latent,False,r16_d8,3456456,4.219630227453308e-06,2.5744931917870417e-05,0.8360986060901439,7.419739631586708e-06,102,1,1,same_source_cyclic_next_latent,False,ljonly_r16_d8,8,-1.3130102161085233e-06
train,lj_noisy,42,100,5.003538717573974e-06,4.618121238308959e-05,0.891654236444296,7.98168548499234e-06,102,1,1,same_source_cyclic_next_latent,False,r16_d8,3456456,6.252418643271085e-06,4.618121238308959e-05,0.8646112061458013,1.1122976502520032e-05,102,1,1,same_source_cyclic_next_latent,False,ljonly_r16_d8,8,-1.2488799256971106e-06
train,lj_noisy,42,125,8.248880476457998e-06,7.250723137985915e-05,0.8862336856686359,1.1398963579267727e-05,102,1,1,same_source_cyclic_next_latent,False,r16_d8,3456456,9.3621210908168e-06,7.250723137985915e-05,0.8708801741198826,1.5726091078249738e-05,102,1,1,same_source_cyclic_next_latent,False,ljonly_r16_d8,8,-1.1132406143588014e-06
train,lj_noisy,42,149,1.140081076300703e-05,0.0001034081433317,0.8897493911438867,1.371775579173118e-05,102,1,1,same_source_cyclic_next_latent,False,r16_d8,3456456,1.250117020390462e-05,0.0001034081433317,0.879108455087552,2.172620042983908e-05,102,1,1,same_source_cyclic_next_latent,False,ljonly_r16_d8,8,-1.1003594408975897e-06
train,lj_noisy,42,175,1.526508276583627e-05,0.000143292825669,0.8934693157556082,1.6972539015114307e-05,102,1,1,same_source_cyclic_next_latent,False,r16_d8,3456456,1.6884596334421076e-05,0.000143292825669,0.882167189769725,3.0123521355562843e-05,102,1,1,same_source_cyclic_next_latent,False,ljonly_r16_d8,8,-1.6195135685848072e-06
train,lj_noisy,42,199,2.0201430743327364e-05,0.0001860245247371,0.8914044759857779,2.172152562707197e-05,102,1,1,same_source_cyclic_next_latent,False,r16_d8,3456456,2.211715400335379e-05,0.0001860245247371,0.8811062464231258,3.923722397303209e-05,102,1,1,same_source_cyclic_next_latent,False,ljonly_r16_d8,8,-1.915723260026425e-06
train,lj_noisy,102,0,1.853246544669673e-06,0.0,,1.1584346566451131e-06,99,1,1,same_source_cyclic_next_latent,False,r16_d8,3456456,1.4431808494919096e-06,0.0,,1.3629654631586163e-06,99,1,1,same_source_cyclic_next_latent,False,ljonly_r16_d8,8,4.100656951777635e-07
train,lj_noisy,102,5,1.392955937262741e-06,1.047859115033134e-07,-12.293351341594189,7.277391205207095e-07,99,1,1,same_source_cyclic_next_latent,False,r16_d8,3456456,1.1068646017520225e-06,1.047859115033134e-07,-9.56310515290047,9.604513024896733e-07,99,1,1,same_source_cyclic_next_latent,False,ljonly_r16_d8,8,2.860913355107184e-07
train,lj_noisy,102,10,9.906656259772717e-07,4.6877312342985533e-07,-1.113315752253253,3.99039464582529e-07,99,1,1,same_source_cyclic_next_latent,False,r16_d8,3456456,8.478995141558698e-07,4.6877312342985533e-07,-0.8087630706130808,6.343133804875833e-07,99,1,1,same_source_cyclic_next_latent,False,ljonly_r16_d8,8,1.4276611182140186e-07
train,lj_noisy,102,25,5.409879122453276e-07,3.25413498103444e-06,0.8337536963284308,3.9130753748395364e-07,99,1,1,same_source_cyclic_next_latent,False,r16_d8,3456456,7.60765544782771e-07,3.25413498103444e-06,0.7662157380635344,4.409968710206158e-07,99,1,1,same_source_cyclic_next_latent,False,ljonly_r16_d8,8,-2.1977763253744342e-07
train,lj_noisy,102,50,1.753902211021341e-06,1.3549693903769366e-05,0.8705577983179807,3.074866526731057e-06,99,1,1,same_source_cyclic_next_latent,False,r16_d8,3456456,2.165446858271025e-06,1.3549693903769366e-05,0.8401848134983608,1.893188027679571e-06,99,1,1,same_source_cyclic_next_latent,False,ljonly_r16_d8,8,-4.115446472496842e-07
train,lj_noisy,102,75,4.326238922658376e-06,3.12767515424639e-05,0.8616787642800846,7.825251486792695e-06,99,1,1,same_source_cyclic_next_latent,False,r16_d8,3456456,4.821690254175337e-06,3.12767515424639e-05,0.8458378822484486,4.853289283346385e-06,99,1,1,same_source_cyclic_next_latent,False,ljonly_r16_d8,8,-4.954513315169606e-07
train,lj_noisy,102,100,8.030227036215365e-06,5.606986815109849e-05,0.8567817742218458,1.3265157576825004e-05,99,1,1,same_source_cyclic_next_latent,False,r16_d8,3456456,8.680925020598806e-06,5.606986815109849e-05,0.8451766464439469,9.842133295023814e-06,99,1,1,same_source_cyclic_next_latent,False,ljonly_r16_d8,8,-6.506979843834415e-07
train,lj_noisy,102,125,1.3280375242175069e-05,8.798276394372806e-05,0.849057080649695,1.949549186974764e-05,99,1,1,same_source_cyclic_next_latent,False,r16_d8,3456456,1.4311191989690997e-05,8.798276394372806e-05,0.8373409592037352,1.7749116523191333e-05,99,1,1,same_source_cyclic_next_latent,False,ljonly_r16_d8,8,-1.030816747515928e-06
train,lj_noisy,102,149,2.033696000580676e-05,0.000124813261209,0.8370609035546039,2.6993702704203315e-05,99,1,1,same_source_cyclic_next_latent,False,r16_d8,3456456,2.1701584046240896e-05,0.000124813261209,0.8261275778229057,2.768113699858077e-05,99,1,1,same_source_cyclic_next_latent,False,ljonly_r16_d8,8,-1.364624040434137e-06
train,lj_noisy,102,175,3.089942765654996e-05,0.0001706574548734,0.8189388932381189,3.713257683557458e-05,99,1,1,same_source_cyclic_next_latent,False,r16_d8,3456456,3.2218347769230604e-05,0.0001706574548734,0.8112104285562871,4.046569301863201e-05,99,1,1,same_source_cyclic_next_latent,False,ljonly_r16_d8,8,-1.3189201126806438e-06
train,lj_noisy,102,199,4.422858546604402e-05,0.0002185022167395,0.7975828981233748,4.871563578490168e-05,99,1,1,same_source_cyclic_next_latent,False,r16_d8,3456456,4.527758210315369e-05,0.0002185022167395,0.7927820468882594,5.498924656421877e-05,99,1,1,same_source_cyclic_next_latent,False,ljonly_r16_d8,8,-1.0489966371096738e-06
train,lj_noisy,99,0,1.1198408174095675e-06,0.0,,6.975159294597688e-07,178,1,1,same_source_cyclic_next_latent,False,r16_d8,3456456,1.3435428627417425e-06,0.0,,5.85454358770221e-07,178,1,1,same_source_cyclic_next_latent,False,ljonly_r16_d8,8,-2.2370204533217496e-07
train,lj_noisy,99,5,7.521071552218928e-07,8.34548146144698e-08,-8.01214817498964,3.9992630718188593e-07,178,1,1,same_source_cyclic_next_latent,False,r16_d8,3456456,1.004761998046888e-06,8.34548146144698e-08,-11.039592954445046,3.775626282731537e-07,178,1,1,same_source_cyclic_next_latent,False,ljonly_r16_d8,8,-2.526548428249953e-07
train,lj_noisy,99,10,4.732540617169434e-07,3.481648036540719e-07,-0.3592817445934517,2.080887497868389e-07,178,1,1,same_source_cyclic_next_latent,False,r16_d8,3456456,7.438827083205979e-07,3.481648036540719e-07,-1.1365821602682784,2.436482589018852e-07,178,1,1,same_source_cyclic_next_latent,False,ljonly_r16_d8,8,-2.706286466036545e-07
train,lj_noisy,99,25,2.8725554557240685e-07,2.362971372349421e-06,0.8784346061345641,3.061296354189835e-07,178,1,1,same_source_cyclic_next_latent,False,r16_d8,3456456,5.194820005272049e-07,2.362971372349421e-06,0.7801573025361277,3.109704778125888e-07,178,1,1,same_source_cyclic_next_latent,False,ljonly_r16_d8,8,-2.322264549547981e-07
train,lj_noisy,99,50,1.800768018256349e-06,9.879052413452882e-06,0.8177185480052582,2.269429387524724e-06,178,1,1,same_source_cyclic_next_latent,False,r16_d8,3456456,1.4870038285152989e-06,9.879052413452882e-06,0.8494791032295407,1.587233100508456e-06,178,1,1,same_source_cyclic_next_latent,False,ljonly_r16_d8,8,3.1376418974105015e-07
train,lj_noisy,99,75,4.868197265750496e-06,2.276919803989585e-05,0.7861937316711589,5.754023277404485e-06,178,1,1,same_source_cyclic_next_latent,False,r16_d8,3456456,3.848519099847181e-06,2.276919803989585e-05,0.8309769587359264,4.252897269907408e-06,178,1,1,same_source_cyclic_next_latent,False,ljonly_r16_d8,8,1.019678165903315e-06
train,lj_noisy,99,100,9.131558726949152e-06,4.133538095629774e-05,0.77908613600045,1.0630127690092197e-05,178,1,1,same_source_cyclic_next_latent,False,r16_d8,3456456,7.807913789292797e-06,4.133538095629774e-05,0.8111082174965849,8.763539881329052e-06,178,1,1,same_source_cyclic_next_latent,False,ljonly_r16_d8,8,1.3236449376563542e-06
train,lj_noisy,99,125,1.5245042959577404e-05,6.574357394129038e-05,0.7681135653928494,1.743071698001586e-05,178,1,1,same_source_cyclic_next_latent,False,r16_d8,3456456,1.4143548469292e-05,6.574357394129038e-05,0.7848679707932775,1.55519119289238e-05,178,1,1,same_source_cyclic_next_latent,False,ljonly_r16_d8,8,1.101494490285404e-06
train,lj_noisy,99,149,2.420162854832597e-05,9.555911674397066e-05,0.746736581783517,2.669037894520443e-05,178,1,1,same_source_cyclic_next_latent,False,r16_d8,3456456,2.330664756300393e-05,9.555911674397066e-05,0.7561023128180548,2.497369860066101e-05,178,1,1,same_source_cyclic_next_latent,False,ljonly_r16_d8,8,8.949809853220392e-07
train,lj_noisy,99,175,3.755300349439494e-05,0.000135023263283,0.7218775299804026,4.054507007822394e-05,178,1,1,same_source_cyclic_next_latent,False,r16_d8,3456456,3.692260361276567e-05,0.000135023263283,0.7265463541985496,3.924022166756913e-05,178,1,1,same_source_cyclic_next_latent,False,ljonly_r16_d8,8,6.303998816292733e-07
train,lj_noisy,99,199,5.04957752127666e-05,0.0001759650040185,0.7130351259648453,5.4712960263714194e-05,178,1,1,same_source_cyclic_next_latent,False,r16_d8,3456456,5.109110134071671e-05,0.0001759650040185,0.7096519184272404,5.3890205890638754e-05,178,1,1,same_source_cyclic_next_latent,False,ljonly_r16_d8,8,-5.953261279501089e-07
train,lj_noisy,178,0,1.887693770186161e-07,0.0,,3.266483190600411e-07,199,1,1,same_source_cyclic_next_latent,False,r16_d8,123,6.500275731013971e-07,0.0,,1.9631745544757e-06,199,1,1,same_source_cyclic_next_latent,False,ljonly_r16_d8,8,-4.6125819608278107e-07
train,lj_noisy,178,5,9.927846633672745e-08,8.898146575120337e-08,-0.1157207346338282,2.25075126536467e-07,199,1,1,same_source_cyclic_next_latent,False,r16_d8,123,4.300488285480242e-07,8.898146575120337e-08,-3.833015785000241,1.7653652548688117e-06,199,1,1,same_source_cyclic_next_latent,False,ljonly_r16_d8,8,-3.3077036221129674e-07
train,lj_noisy,178,10,6.424448883990408e-08,3.5017228583456017e-07,0.8165346275568577,1.739360442343241e-07,199,1,1,same_source_cyclic_next_latent,False,r16_d8,123,2.9439959803312377e-07,3.5017228583456017e-07,0.1592721356246518,1.6331872529917746e-06,199,1,1,same_source_cyclic_next_latent,False,ljonly_r16_d8,8,-2.301551091932197e-07
train,lj_noisy,178,25,2.6748494974526693e-07,2.1434675545606297e-06,0.8752092378649994,3.770545049519569e-07,199,1,1,same_source_cyclic_next_latent,False,r16_d8,123,3.241138983867131e-07,2.1434675545606297e-06,0.8487899209404407,1.8487061197447476e-06,199,1,1,same_source_cyclic_next_latent,False,ljonly_r16_d8,8,-5.6628948641446186e-08
train,lj_noisy,178,50,1.5552308241240098e-06,8.785852514847647e-06,0.8229846424697264,2.1914586341154063e-06,199,1,1,same_source_cyclic_next_latent,False,r16_d8,123,1.546644512018247e-06,8.785852514847647e-06,0.8239619309105752,4.190911113255424e-06,199,1,1,same_source_cyclic_next_latent,False,ljonly_r16_d8,8,8.586312105762772e-09
train,lj_noisy,178,75,4.197363068669802e-06,2.023533670580946e-05,0.7925726104935649,6.618716270168079e-06,199,1,1,same_source_cyclic_next_latent,False,r16_d8,123,4.13022735301638e-06,2.023533670580946e-05,0.7958903569007274,8.95712037163321e-06,199,1,1,same_source_cyclic_next_latent,False,ljonly_r16_d8,8,6.713571565342136e-08
train,lj_noisy,178,100,7.799937520758249e-06,3.592209759517573e-05,0.7828651987793228,1.2697559213847852e-05,199,1,1,same_source_cyclic_next_latent,False,r16_d8,123,7.862756319809705e-06,3.592209759517573e-05,0.7811164479196321,1.4736335288034752e-05,199,1,1,same_source_cyclic_next_latent,False,ljonly_r16_d8,8,-6.281879905145615e-08
train,lj_noisy,178,125,1.2035666259180289e-05,5.6316977861570194e-05,0.7862870715689942,1.8856451788451523e-05,199,1,1,same_source_cyclic_next_latent,False,r16_d8,123,1.2762708138325252e-05,5.6316977861570194e-05,0.7733772545519648,2.015581776504405e-05,199,1,1,same_source_cyclic_next_latent,False,ljonly_r16_d8,8,-7.270418791449629e-07
train,lj_noisy,178,149,1.5651969079044648e-05,8.071761840255931e-05,0.8060898055616025,2.334477539989166e-05,199,1,1,same_source_cyclic_next_latent,False,r16_d8,123,1.7288473827647977e-05,8.071761840255931e-05,0.7858153626210085,2.3567939933855087e-05,199,1,1,same_source_cyclic_next_latent,False,ljonly_r16_d8,8,-1.636504748603329e-06
train,lj_noisy,178,175,1.9237337255617604e-05,0.0001124141563195,0.8288708656859083,2.772651168925222e-05,199,1,1,same_source_cyclic_next_latent,False,r16_d8,123,2.2061518393456936e-05,0.0001124141563195,0.8037478631184141,2.668386514415033e-05,199,1,1,same_source_cyclic_next_latent,False,ljonly_r16_d8,8,-2.8241811378393322e-06
train,lj_noisy,178,199,2.324609158677049e-05,0.0001466976100346,0.8415373530537646,3.267026477260515e-05,199,1,1,same_source_cyclic_next_latent,False,r16_d8,123,2.8076403395971283e-05,0.0001466976100346,0.8086103557559814,3.117971937172115e-05,199,1,1,same_source_cyclic_next_latent,False,ljonly_r16_d8,8,-4.8303118092007935e-06
train,lj_noisy,199,0,2.465419868258323e-07,0.0,,7.539342306017717e-08,42,1,1,same_source_cyclic_next_latent,False,r16_d8,123,1.5285712606782909e-06,0.0,,5.642953624374059e-07,42,1,1,same_source_cyclic_next_latent,False,ljonly_r16_d8,8,-1.2820292738524586e-06
train,lj_noisy,199,5,1.348782632248913e-07,9.910389309197853e-08,-0.3609784541936256,2.987435721024667e-08,42,1,1,same_source_cyclic_next_latent,False,r16_d8,123,1.2692667041847017e-06,9.910389309197853e-08,-11.80743535480178,3.436612416862772e-07,42,1,1,same_source_cyclic_next_latent,False,ljonly_r16_d8,8,-1.1343884409598104e-06
train,lj_noisy,199,10,8.46679100163783e-08,4.115824481232266e-07,0.7942868788441898,5.2514245396650956e-08,42,1,1,same_source_cyclic_next_latent,False,r16_d8,123,1.0511697610127158e-06,4.115824481232266e-07,-1.5539713022407566,2.0608635509233866e-07,42,1,1,same_source_cyclic_next_latent,False,ljonly_r16_d8,8,-9.665018509963375e-07
train,lj_noisy,199,25,3.172179106059048e-07,2.667711441972642e-06,0.8810898714100287,4.463376512831019e-07,42,1,1,same_source_cyclic_next_latent,False,r16_d8,123,9.39984545311745e-07,2.667711441972642e-06,0.6476438453865638,3.181038437105599e-07,42,1,1,same_source_cyclic_next_latent,False,ljonly_r16_d8,8,-6.227666347058403e-07
train,lj_noisy,199,50,1.7504048628325108e-06,1.0994632248184644e-05,0.8407945965521926,1.890640191959392e-06,42,1,1,same_source_cyclic_next_latent,False,r16_d8,123,2.447469796607038e-06,1.0994632248184644e-05,0.7773941191156124,1.835725811361044e-06,42,1,1,same_source_cyclic_next_latent,False,ljonly_r16_d8,8,-6.970649337745272e-07
train,lj_noisy,199,75,5.061647698312299e-06,2.538395165174734e-05,0.8005965435265918,4.908749360765796e-06,42,1,1,same_source_cyclic_next_latent,False,r16_d8,123,6.119164481788175e-06,2.538395165174734e-05,0.7589357021420676,5.3007443057140335e-06,42,1,1,same_source_cyclic_next_latent,False,ljonly_r16_d8,8,-1.0575167834758759e-06
train,lj_noisy,199,100,1.0748130989668423e-05,4.609454845194705e-05,0.7668242481890628,1.0121397281182e-05,42,1,1,same_source_cyclic_next_latent,False,r16_d8,123,1.1894796443812083e-05,4.609454845194705e-05,0.7419478692537307,1.1505451766424812e-05,42,1,1,same_source_cyclic_next_latent,False,ljonly_r16_d8,8,-1.14666545414366e-06
train,lj_noisy,199,125,1.6957652405835688e-05,7.323205500142649e-05,0.7684394845193765,1.6033072824939154e-05,42,1,1,same_source_cyclic_next_latent,False,r16_d8,123,1.801733196771238e-05,7.323205500142649e-05,0.7539693243981557,1.842173696786631e-05,42,1,1,same_source_cyclic_next_latent,False,ljonly_r16_d8,8,-1.0596795618766919e-06
train,lj_noisy,199,149,2.3083712221705355e-05,0.0001047892219503,0.779712915201865,2.1842382921022363e-05,42,1,1,same_source_cyclic_next_latent,False,r16_d8,123,2.4266671971417964e-05,0.0001047892219503,0.7684239703304812,2.535768180678133e-05,42,1,1,same_source_cyclic_next_latent,False,ljonly_r16_d8,8,-1.1829597497126088e-06
train,lj_noisy,199,175,3.117344749625772e-05,0.0001456237077945,0.7859315082113502,2.9891898520872928e-05,42,1,1,same_source_cyclic_next_latent,False,r16_d8,123,3.3350323064951226e-05,0.0001456237077945,0.7709828738051709,3.5678440326591954e-05,42,1,1,same_source_cyclic_next_latent,False,ljonly_r16_d8,8,-2.1768755686935037e-06
train,lj_noisy,199,199,4.1111299651674926e-05,0.0001901433715829,0.7837878895834273,4.113632894586772e-05,42,1,1,same_source_cyclic_next_latent,False,r16_d8,123,4.572947000269778e-05,0.0001901433715829,0.759500057130599,5.054625580669381e-05,42,1,1,same_source_cyclic_next_latent,False,ljonly_r16_d8,8,-4.6181703510228544e-06
train,lj_noisy,42,0,9.26463883388351e-08,0.0,,3.545376330293948e-07,102,1,1,same_source_cyclic_next_latent,False,r16_d8,123,7.640111334694666e-07,0.0,,2.426649643894052e-06,102,1,1,same_source_cyclic_next_latent,False,ljonly_r16_d8,8,-6.713647451306315e-07
train,lj_noisy,42,5,4.107238638084709e-08,9.799599354209933e-08,0.5808768818369876,2.653968067534152e-07,102,1,1,same_source_cyclic_next_latent,False,r16_d8,123,5.275349508337968e-07,9.799599354209933e-08,-4.3832297807886045,2.3367795165540883e-06,102,1,1,same_source_cyclic_next_latent,False,ljonly_r16_d8,8,-4.864625644529497e-07
train,lj_noisy,42,10,3.63110999046512e-08,4.02869886784174e-07,0.9098689152607132,2.147847339983855e-07,102,1,1,same_source_cyclic_next_latent,False,r16_d8,123,3.597851900849492e-07,4.02869886784174e-07,0.1069444456202463,2.3288512238650583e-06,102,1,1,same_source_cyclic_next_latent,False,ljonly_r16_d8,8,-3.23474090180298e-07
train,lj_noisy,42,25,2.561669703027292e-07,2.683668753888924e-06,0.9045459802251988,3.626648776844377e-07,102,1,1,same_source_cyclic_next_latent,False,r16_d8,123,2.90317331064216e-07,2.683668753888924e-06,0.8918207283803133,2.805991471177549e-06,102,1,1,same_source_cyclic_next_latent,False,ljonly_r16_d8,8,-3.4150360761486756e-08
train,lj_noisy,42,50,1.1261062127232435e-06,1.129412430600496e-05,0.9002927378686185,1.765925389918266e-06,102,1,1,same_source_cyclic_next_latent,False,r16_d8,123,1.1750610156013863e-06,1.129412430600496e-05,0.8959582005860676,5.44067597729736e-06,102,1,1,same_source_cyclic_next_latent,False,ljonly_r16_d8,8,-4.89548028781428e-08
train,lj_noisy,42,75,2.7990595299343117e-06,2.5744931917870417e-05,0.8912772603608483,4.894515313935699e-06,102,1,1,same_source_cyclic_next_latent,False,r16_d8,123,3.291937446192605e-06,2.5744931917870417e-05,0.872132602381925,9.946133104676846e-06,102,1,1,same_source_cyclic_next_latent,False,ljonly_r16_d8,8,-4.928779162582933e-07
train,lj_noisy,42,100,5.512951702257851e-06,4.618121238308959e-05,0.8806234956214238,8.814438842819072e-06,102,1,1,same_source_cyclic_next_latent,False,r16_d8,123,7.079495844664052e-06,4.618121238308959e-05,0.8467018192173666,1.42904682434164e-05,102,1,1,same_source_cyclic_next_latent,False,ljonly_r16_d8,8,-1.566544142406201e-06
train,lj_noisy,42,125,8.524640179530252e-06,7.250723137985915e-05,0.8824304829007965,1.2672116099565756e-05,102,1,1,same_source_cyclic_next_latent,False,r16_d8,123,1.0840457434824202e-05,7.250723137985915e-05,0.8504913616404414,1.707104456727393e-05,102,1,1,same_source_cyclic_next_latent,False,ljonly_r16_d8,8,-2.3158172552939504e-06
train,lj_noisy,42,149,1.1403177268221045e-05,0.0001034081433317,0.8897265060485957,1.6898442481760867e-05,102,1,1,same_source_cyclic_next_latent,False,r16_d8,123,1.417777002643561e-05,0.0001034081433317,0.8628950335086345,1.955992956936825e-05,102,1,1,same_source_cyclic_next_latent,False,ljonly_r16_d8,8,-2.774592758214565e-06
train,lj_noisy,42,175,1.538280412205495e-05,0.000143292825669,0.8926477717901722,2.33686496358132e-05,102,1,1,same_source_cyclic_next_latent,False,r16_d8,123,1.9632987459772263e-05,0.000143292825669,0.8629869474057501,2.4616214432171543e-05,102,1,1,same_source_cyclic_next_latent,False,ljonly_r16_d8,8,-4.250183337717314e-06
train,lj_noisy,42,199,2.0834804672631435e-05,0.0001860245247371,0.8879996887395855,3.2012474548537284e-05,102,1,1,same_source_cyclic_next_latent,False,r16_d8,123,2.8597669370356016e-05,0.0001860245247371,0.8462693593182716,3.279789234511554e-05,102,1,1,same_source_cyclic_next_latent,False,ljonly_r16_d8,8,-7.76286469772458e-06
train,lj_noisy,102,0,2.301467247889377e-07,0.0,,4.8570836241879085e-08,99,1,1,same_source_cyclic_next_latent,False,r16_d8,123,1.5978889678081032e-06,0.0,,1.031896090353257e-06,99,1,1,same_source_cyclic_next_latent,False,ljonly_r16_d8,8,-1.3677422430191655e-06
train,lj_noisy,102,5,1.2844314767335166e-07,1.047859115033134e-07,-0.2257673367596766,2.4313083102356362e-08,99,1,1,same_source_cyclic_next_latent,False,r16_d8,123,1.3956305338069797e-06,1.047859115033134e-07,-12.31887573228629,7.383664524240885e-07,99,1,1,same_source_cyclic_next_latent,False,ljonly_r16_d8,8,-1.267187386133628e-06
train,lj_noisy,102,10,8.629307046703617e-08,4.6877312342985533e-07,0.8159171971386525,1.1609368755216565e-07,99,1,1,same_source_cyclic_next_latent,False,r16_d8,123,1.2246734968357489e-06,4.6877312342985533e-07,-1.6125079182765951,5.019762738811551e-07,99,1,1,same_source_cyclic_next_latent,False,ljonly_r16_d8,8,-1.1383804263687127e-06
train,lj_noisy,102,25,4.074895798567013e-07,3.25413498103444e-06,0.8747779111095242,1.053629375746823e-06,99,1,1,same_source_cyclic_next_latent,False,r16_d8,123,1.1894228464370826e-06,3.25413498103444e-06,0.6344887801614845,4.166451219589362e-07,99,1,1,same_source_cyclic_next_latent,False,ljonly_r16_d8,8,-7.819332665803813e-07
train,lj_noisy,102,50,1.8903888303611891e-06,1.3549693903769366e-05,0.8604847575312897,3.52454731000762e-06,99,1,1,same_source_cyclic_next_latent,False,r16_d8,123,2.582765773695428e-06,1.3549693903769366e-05,0.8093856737991009,1.8060683260046064e-06,99,1,1,same_source_cyclic_next_latent,False,ljonly_r16_d8,8,-6.923769433342388e-07
train,lj_noisy,102,75,4.449400876183063e-06,3.12767515424639e-05,0.8577409527283487,6.345769179461058e-06,99,1,1,same_source_cyclic_next_latent,False,r16_d8,123,5.411739493865753e-06,3.12767515424639e-05,0.8269724563141307,4.47613638243638e-06,99,1,1,same_source_cyclic_next_latent,False,ljonly_r16_d8,8,-9.623386176826898e-07
train,lj_noisy,102,100,8.233751941588707e-06,5.606986815109849e-05,0.8531519296710278,1.0490662134543529e-05,99,1,1,same_source_cyclic_next_latent,False,r16_d8,123,9.234369827026969e-06,5.606986815109849e-05,0.8353060185170766,8.417378921876661e-06,99,1,1,same_source_cyclic_next_latent,False,ljonly_r16_d8,8,-1.0006178854382614e-06
train,lj_noisy,102,125,1.3582169231085572e-05,8.798276394372806e-05,0.8456269316593368,1.6859459719853476e-05,99,1,1,same_source_cyclic_next_latent,False,r16_d8,123,1.43806519190548e-05,8.798276394372806e-05,0.8365514871952379,1.3954851056041662e-05,99,1,1,same_source_cyclic_next_latent,False,ljonly_r16_d8,8,-7.984826879692281e-07
train,lj_noisy,102,149,2.010464231716469e-05,0.000124813261209,0.8389222257121345,2.447927909088321e-05,99,1,1,same_source_cyclic_next_latent,False,r16_d8,123,2.1803734853165224e-05,0.000124813261209,0.8253091487078037,2.1321659005479887e-05,99,1,1,same_source_cyclic_next_latent,False,ljonly_r16_d8,8,-1.6990925360005349e-06
train,lj_noisy,102,175,2.859115556930192e-05,0.0001706574548734,0.8324646550570791,3.360089976922609e-05,99,1,1,same_source_cyclic_next_latent,False,r16_d8,123,3.3966254704864696e-05,0.0001706574548734,0.8009682335292349,3.296044087619521e-05,99,1,1,same_source_cyclic_next_latent,False,ljonly_r16_d8,8,-5.375099135562774e-06
train,lj_noisy,102,199,3.89011183870025e-05,0.0002185022167395,0.8219646511258673,4.394142888486385e-05,99,1,1,same_source_cyclic_next_latent,False,r16_d8,123,5.049829269410111e-05,0.0002185022167395,0.7688888769751611,4.893509321846068e-05,99,1,1,same_source_cyclic_next_latent,False,ljonly_r16_d8,8,-1.1597174307098612e-05
train,lj_noisy,99,0,4.9737618468270746e-08,0.0,,1.1631131258127425e-07,178,1,1,same_source_cyclic_next_latent,False,r16_d8,123,1.0166758102059248e-06,0.0,,4.2073304484802076e-07,178,1,1,same_source_cyclic_next_latent,False,ljonly_r16_d8,8,-9.66938191737654e-07
train,lj_noisy,99,5,2.5279863535843106e-08,8.34548146144698e-08,0.6970832221888374,4.8027967380903653e-08,178,1,1,same_source_cyclic_next_latent,False,r16_d8,123,7.794827752150013e-07,8.34548146144698e-08,-8.340177421948892,2.3889089106887695e-07,178,1,1,same_source_cyclic_next_latent,False,ljonly_r16_d8,8,-7.542029116791582e-07
train,lj_noisy,99,10,7.41233918688522e-08,3.481648036540719e-07,0.7871025701308413,4.1752464596811485e-08,178,1,1,same_source_cyclic_next_latent,False,r16_d8,123,6.037755042598292e-07,3.481648036540719e-07,-0.7341658258475947,1.3209387361712288e-07,178,1,1,same_source_cyclic_next_latent,False,ljonly_r16_d8,8,-5.29652112390977e-07
train,lj_noisy,99,25,6.298834591689229e-07,2.362971372349421e-06,0.7334358483815859,4.240959015078261e-07,178,1,1,same_source_cyclic_next_latent,False,r16_d8,123,5.09052313191205e-07,2.362971372349421e-06,0.7845711043527912,3.0641373882644984e-07,178,1,1,same_source_cyclic_next_latent,False,ljonly_r16_d8,8,1.2083114597771782e-07
train,lj_noisy,99,50,2.068458798021311e-06,9.879052413452882e-06,0.790621740683897,1.942184326253482e-06,178,1,1,same_source_cyclic_next_latent,False,r16_d8,123,1.5272930795617867e-06,9.879052413452882e-06,0.8454008526686241,1.8678457536225324e-06,178,1,1,same_source_cyclic_next_latent,False,ljonly_r16_d8,8,5.411657184595242e-07
train,lj_noisy,99,75,4.062475454702508e-06,2.276919803989585e-05,0.8215802134276184,4.505526248976821e-06,178,1,1,same_source_cyclic_next_latent,False,r16_d8,123,4.050418283441104e-06,2.276919803989585e-05,0.822109752115818,4.637349775293842e-06,178,1,1,same_source_cyclic_next_latent,False,ljonly_r16_d8,8,1.205717126140371e-08
train,lj_noisy,99,100,7.83830455475254e-06,4.133538095629774e-05,0.8103729934643721,8.781196811469272e-06,178,1,1,same_source_cyclic_next_latent,False,r16_d8,123,8.42308782011969e-06,4.133538095629774e-05,0.7962257120836727,8.739549230085686e-06,178,1,1,same_source_cyclic_next_latent,False,ljonly_r16_d8,8,-5.847832653671503e-07
train,lj_noisy,99,125,1.3832798686053138e-05,6.574357394129038e-05,0.789594665200192,1.5545270798611455e-05,178,1,1,same_source_cyclic_next_latent,False,r16_d8,123,1.482255720475223e-05,6.574357394129038e-05,0.7745398323189897,1.4807760635449084e-05,178,1,1,same_source_cyclic_next_latent,False,ljonly_r16_d8,8,-9.89758518699091e-07
train,lj_noisy,99,149,2.1841398847755045e-05,9.555911674397066e-05,0.7714357395508982,2.501913877495099e-05,178,1,1,same_source_cyclic_next_latent,False,r16_d8,123,2.357783705519978e-05,9.555911674397066e-05,0.7532643890130197,2.341991239518393e-05,178,1,1,same_source_cyclic_next_latent,False,ljonly_r16_d8,8,-1.7364382074447349e-06
train,lj_noisy,99,175,3.331479092594236e-05,0.000135023263283,0.7532662882239893,3.8276433770079166e-05,178,1,1,same_source_cyclic_next_latent,False,r16_d8,123,3.727281728060916e-05,0.000135023263283,0.7239526258340583,3.633933374658227e-05,178,1,1,same_source_cyclic_next_latent,False,ljonly_r16_d8,8,-3.958026354666799e-06
train,lj_noisy,99,199,4.546744094113819e-05,0.0001759650040185,0.7416108890813542,5.082090137875639e-05,178,1,1,same_source_cyclic_next_latent,False,r16_d8,123,5.2968127420172095e-05,0.0001759650040185,0.6989848764780471,5.016749855712988e-05,178,1,1,same_source_cyclic_next_latent,False,ljonly_r16_d8,8,-7.500686479033902e-06
train,lj_noisy,178,0,1.8418154468236025e-07,0.0,,5.662948865392536e-07,199,1,1,same_source_cyclic_next_latent,False,r16_d8,456,5.371098268369678e-07,0.0,,8.540255294064991e-07,199,1,1,same_source_cyclic_next_latent,False,ljonly_r16_d8,8,-3.529282821546076e-07
train,lj_noisy,178,5,1.0887508494761279e-07,8.898146575120337e-08,-0.2235703697220832,4.673813691624673e-07,199,1,1,same_source_cyclic_next_latent,False,r16_d8,456,3.915489799055649e-07,8.898146575120337e-08,-3.4003431119055234,7.296872013284883e-07,199,1,1,same_source_cyclic_next_latent,False,ljonly_r16_d8,8,-2.8267389495795214e-07
train,lj_noisy,178,10,7.827606651744645e-08,3.5017228583456017e-07,0.7764641301327079,4.092028689228755e-07,199,1,1,same_source_cyclic_next_latent,False,r16_d8,456,3.149723966089369e-07,3.5017228583456017e-07,0.1005216307787807,6.578761713171843e-07,199,1,1,same_source_cyclic_next_latent,False,ljonly_r16_d8,8,-2.3669633009149043e-07
train,lj_noisy,178,25,2.682913020635169e-07,2.1434675545606297e-06,0.8748330472776802,6.140397204035253e-07,199,1,1,same_source_cyclic_next_latent,False,r16_d8,456,4.573763590087765e-07,2.1434675545606297e-06,0.7866184827311137,9.079946039491916e-07,199,1,1,same_source_cyclic_next_latent,False,ljonly_r16_d8,8,-1.8908505694525957e-07
train,lj_noisy,178,50,1.541959704809415e-06,8.785852514847647e-06,0.8244951526099965,2.4618841507617617e-06,199,1,1,same_source_cyclic_next_latent,False,r16_d8,456,1.8726260577750509e-06,8.785852514847647e-06,0.7868589240929771,2.914995548053412e-06,199,1,1,same_source_cyclic_next_latent,False,ljonly_r16_d8,8,-3.3066635296563597e-07
train,lj_noisy,178,75,4.184579211141681e-06,2.023533670580946e-05,0.7932043695650337,6.419464625651017e-06,199,1,1,same_source_cyclic_next_latent,False,r16_d8,456,4.762973730976228e-06,2.023533670580946e-05,0.7646209796148931,6.886511982884258e-06,199,1,1,same_source_cyclic_next_latent,False,ljonly_r16_d8,8,-5.783945198345464e-07
train,lj_noisy,178,100,7.737591658951715e-06,3.592209759517573e-05,0.7846007840034692,1.1717087545548566e-05,199,1,1,same_source_cyclic_next_latent,False,r16_d8,456,8.531977982784156e-06,3.592209759517573e-05,0.7624866432095551,1.192121362691978e-05,199,1,1,same_source_cyclic_next_latent,False,ljonly_r16_d8,8,-7.943863238324411e-07
train,lj_noisy,178,125,1.1956768503296187e-05,5.6316977861570194e-05,0.7876880301942606,1.780590355338063e-05,199,1,1,same_source_cyclic_next_latent,False,r16_d8,456,1.2933499419887085e-05,5.6316977861570194e-05,0.7703445761653219,1.7559268599143252e-05,199,1,1,same_source_cyclic_next_latent,False,ljonly_r16_d8,8,-9.767309165908972e-07
train,lj_noisy,178,149,1.56310652528191e-05,8.071761840255931e-05,0.8063487803262108,2.262140878883656e-05,199,1,1,same_source_cyclic_next_latent,False,r16_d8,456,1.67565158335492e-05,8.071761840255931e-05,0.7924057205208881,2.1885150999878533e-05,199,1,1,same_source_cyclic_next_latent,False,ljonly_r16_d8,8,-1.125450580730103e-06
train,lj_noisy,178,175,1.943459574249573e-05,0.0001124141563195,0.8271161179447309,2.68732947006356e-05,199,1,1,same_source_cyclic_next_latent,False,r16_d8,456,2.061941086139996e-05,0.0001124141563195,0.816576385604117,2.5530962375341915e-05,199,1,1,same_source_cyclic_next_latent,False,ljonly_r16_d8,8,-1.184815118904229e-06
train,lj_noisy,178,199,2.3915054043754932e-05,0.0001466976100346,0.8369772074806594,3.093141276622191e-05,199,1,1,same_source_cyclic_next_latent,False,r16_d8,456,2.4716744519537315e-05,0.0001466976100346,0.8315122890297504,2.902649066527374e-05,199,1,1,same_source_cyclic_next_latent,False,ljonly_r16_d8,8,-8.016904757823829e-07
train,lj_noisy,199,0,4.700564772974758e-07,0.0,,7.532960921707854e-08,42,1,1,same_source_cyclic_next_latent,False,r16_d8,456,5.910209779358411e-07,0.0,,4.847286163567333e-07,42,1,1,same_source_cyclic_next_latent,False,ljonly_r16_d8,8,-1.2096450063836528e-07
train,lj_noisy,199,5,3.386317359854729e-07,9.910389309197853e-08,-2.416936766259909,3.750634292032373e-08,42,1,1,same_source_cyclic_next_latent,False,r16_d8,456,4.416311583099741e-07,9.910389309197853e-08,-3.456244296075184,3.468606735168578e-07,42,1,1,same_source_cyclic_next_latent,False,ljonly_r16_d8,8,-1.0299942232450121e-07
train,lj_noisy,199,10,2.565504075846548e-07,4.115824481232266e-07,0.3766731094717521,5.4763901857768367e-08,42,1,1,same_source_cyclic_next_latent,False,r16_d8,456,3.3591589954085066e-07,4.115824481232266e-07,0.1838429916713105,2.6888213255915616e-07,42,1,1,same_source_cyclic_next_latent,False,ljonly_r16_d8,8,-7.936549195619586e-08
train,lj_noisy,199,25,4.060694891450112e-07,2.667711441972642e-06,0.8477835785549794,3.7137971276024473e-07,42,1,1,same_source_cyclic_next_latent,False,r16_d8,456,4.347510014213185e-07,2.667711441972642e-06,0.8370322237326233,4.408123572829936e-07,42,1,1,same_source_cyclic_next_latent,False,ljonly_r16_d8,8,-2.868151227630733e-08
train,lj_noisy,199,50,1.930612825162825e-06,1.0994632248184644e-05,0.8244040563083322,1.7407656969226082e-06,42,1,1,same_source_cyclic_next_latent,False,r16_d8,456,1.938067498485907e-06,1.0994632248184644e-05,0.8237260278709271,2.0519635199889308e-06,42,1,1,same_source_cyclic_next_latent,False,ljonly_r16_d8,8,-7.454673323081806e-09
train,lj_noisy,199,75,5.35547314939322e-06,2.538395165174734e-05,0.7890212988557844,4.876007551501971e-06,42,1,1,same_source_cyclic_next_latent,False,r16_d8,456,5.324377525539603e-06,2.538395165174734e-05,0.7902463100077213,5.425883045973023e-06,42,1,1,same_source_cyclic_next_latent,False,ljonly_r16_d8,8,3.1095623853617263e-08
train,lj_noisy,199,100,1.0966212357743643e-05,4.609454845194705e-05,0.7620930733451967,1.008552953862818e-05,42,1,1,same_source_cyclic_next_latent,False,r16_d8,456,1.0691368515836077e-05,4.609454845194705e-05,0.7680556839171191,1.0695604942156932e-05,42,1,1,same_source_cyclic_next_latent,False,ljonly_r16_d8,8,2.748438419075666e-07
train,lj_noisy,199,125,1.7217071217601188e-05,7.323205500142649e-05,0.7648970629423711,1.6104111637105234e-05,42,1,1,same_source_cyclic_next_latent,False,r16_d8,456,1.6669991964590736e-05,7.323205500142649e-05,0.7723675518286901,1.6682784917065874e-05,42,1,1,same_source_cyclic_next_latent,False,ljonly_r16_d8,8,5.470792530104518e-07
train,lj_noisy,199,149,2.341724575671833e-05,0.0001047892219503,0.7765300159608435,2.2755582904210318e-05,42,1,1,same_source_cyclic_next_latent,False,r16_d8,456,2.288165887875948e-05,0.0001047892219503,0.7816411034180313,2.304918780282605e-05,42,1,1,same_source_cyclic_next_latent,False,ljonly_r16_d8,8,5.355868779588491e-07
train,lj_noisy,199,175,3.1519470212515444e-05,0.0001456237077945,0.7835553654699099,3.258391370764002e-05,42,1,1,same_source_cyclic_next_latent,False,r16_d8,456,3.128989555989392e-05,0.0001456237077945,0.7851318577601993,3.1686300644651055e-05,42,1,1,same_source_cyclic_next_latent,False,ljonly_r16_d8,8,2.2957465262152255e-07
train,lj_noisy,199,199,4.137309952056967e-05,0.0001901433715829,0.782411034493948,4.52072563348338e-05,42,1,1,same_source_cyclic_next_latent,False,r16_d8,456,4.184340650681406e-05,0.0001901433715829,0.7799376009878045,4.232511855661869e-05,42,1,1,same_source_cyclic_next_latent,False,ljonly_r16_d8,8,-4.703069862443954e-07
train,lj_noisy,42,0,7.92735903587527e-08,0.0,,5.102435238768521e-07,102,1,1,same_source_cyclic_next_latent,False,r16_d8,456,7.192963948909892e-07,0.0,,9.011073416331784e-07,102,1,1,same_source_cyclic_next_latent,False,ljonly_r16_d8,8,-6.400228045322365e-07
train,lj_noisy,42,5,4.587324298199746e-08,9.799599354209933e-08,0.5318865463383438,4.410910889873776e-07,102,1,1,same_source_cyclic_next_latent,False,r16_d8,456,5.820508022225113e-07,9.799599354209933e-08,-4.939536721697309,8.262323945018579e-07,102,1,1,same_source_cyclic_next_latent,False,ljonly_r16_d8,8,-5.361775592405138e-07
train,lj_noisy,42,10,4.830075894801666e-08,4.02869886784174e-07,0.8801082917028931,3.967357145029382e-07,102,1,1,same_source_cyclic_next_latent,False,r16_d8,456,4.952783569933672e-07,4.02869886784174e-07,-0.2293754714377507,8.082576528067875e-07,102,1,1,same_source_cyclic_next_latent,False,ljonly_r16_d8,8,-4.4697759804535053e-07
train,lj_noisy,42,25,2.428172933832684e-07,2.683668753888924e-06,0.9095203932931736,5.880168032490474e-07,102,1,1,same_source_cyclic_next_latent,False,r16_d8,456,5.928582709202601e-07,2.683668753888924e-06,0.7790866439603826,1.203270471705764e-06,102,1,1,same_source_cyclic_next_latent,False,ljonly_r16_d8,8,-3.500409775369917e-07
train,lj_noisy,42,50,1.1930259233849938e-06,1.129412430600496e-05,0.8943675586472273,2.146159204130526e-06,102,1,1,same_source_cyclic_next_latent,False,r16_d8,456,1.825659182941308e-06,1.129412430600496e-05,0.8383531884830924,3.386917114767129e-06,102,1,1,same_source_cyclic_next_latent,False,ljonly_r16_d8,8,-6.326332595563142e-07
train,lj_noisy,42,75,3.117324695267598e-06,2.5744931917870417e-05,0.878915014993543,5.078798949398333e-06,102,1,1,same_source_cyclic_next_latent,False,r16_d8,456,3.816576736426214e-06,2.5744931917870417e-05,0.8517542501723611,6.537634362757672e-06,102,1,1,same_source_cyclic_next_latent,False,ljonly_r16_d8,8,-6.992520411586156e-07
train,lj_noisy,42,100,5.622742264677072e-06,4.618121238308959e-05,0.8782461097375611,8.665873792779166e-06,102,1,1,same_source_cyclic_next_latent,False,r16_d8,456,6.364743512676796e-06,4.618121238308959e-05,0.862178942815988,9.891293302644044e-06,102,1,1,same_source_cyclic_next_latent,False,ljonly_r16_d8,8,-7.42001247999724e-07
train,lj_noisy,42,125,8.10510027804412e-06,7.250723137985915e-05,0.8882166630307231,1.2177388271084055e-05,102,1,1,same_source_cyclic_next_latent,False,r16_d8,456,9.306259926233906e-06,7.250723137985915e-05,0.8716505960973849,1.355077802145388e-05,102,1,1,same_source_cyclic_next_latent,False,ljonly_r16_d8,8,-1.2011596481897868e-06
train,lj_noisy,42,149,1.066997447196627e-05,0.0001034081433317,0.896816883775449,1.564986632729415e-05,102,1,1,same_source_cyclic_next_latent,False,r16_d8,456,1.2486697414715309e-05,0.0001034081433317,0.8792484130127501,1.7289117749896832e-05,102,1,1,same_source_cyclic_next_latent,False,ljonly_r16_d8,8,-1.8167229427490383e-06
train,lj_noisy,42,175,1.463080661778804e-05,0.000143292825669,0.8978957491453241,2.086295535264071e-05,102,1,1,same_source_cyclic_next_latent,False,r16_d8,456,1.638434514461551e-05,0.000143292825669,0.8856583009783277,2.1847412426723167e-05,102,1,1,same_source_cyclic_next_latent,False,ljonly_r16_d8,8,-1.7535385268274678e-06
train,lj_noisy,42,199,2.016200596699491e-05,0.0001860245247371,0.8916164092047347,2.80985223071184e-05,102,1,1,same_source_cyclic_next_latent,False,r16_d8,456,2.0464933186303824e-05,0.0001860245247371,0.8899879829542876,2.7309519282425757e-05,102,1,1,same_source_cyclic_next_latent,False,ljonly_r16_d8,8,-3.0292721930891275e-07
train,lj_noisy,102,0,3.47570960457233e-07,0.0,,1.7110049554958098e-07,99,1,1,same_source_cyclic_next_latent,False,r16_d8,456,5.234310833657219e-07,0.0,,7.478217298739764e-07,99,1,1,same_source_cyclic_next_latent,False,ljonly_r16_d8,8,-1.7586012290848885e-07
train,lj_noisy,102,5,2.388603377312393e-07,1.047859115033134e-07,-1.2795081352485669,9.13317848016959e-08,99,1,1,same_source_cyclic_next_latent,False,r16_d8,456,4.052999145187641e-07,1.047859115033134e-07,-2.867885564997431,5.052453388998401e-07,99,1,1,same_source_cyclic_next_latent,False,ljonly_r16_d8,8,-1.664395767875248e-07
train,lj_noisy,102,10,1.6723141982311065e-07,4.6877312342985533e-07,0.643257235825436,9.717015103660742e-08,99,1,1,same_source_cyclic_next_latent,False,r16_d8,456,3.307332860913448e-07,4.6877312342985533e-07,0.2944704600991615,3.287989613909304e-07,99,1,1,same_source_cyclic_next_latent,False,ljonly_r16_d8,8,-1.6350186626823413e-07
train,lj_noisy,102,25,3.8570536275983613e-07,3.25413498103444e-06,0.8814722299450448,7.069492653499765e-07,99,1,1,same_source_cyclic_next_latent,False,r16_d8,456,5.208961511016241e-07,3.25413498103444e-06,0.8399279212025682,3.998373756530782e-07,99,1,1,same_source_cyclic_next_latent,False,ljonly_r16_d8,8,-1.35190788341788e-07
train,lj_noisy,102,50,1.827545133892272e-06,1.3549693903769366e-05,0.8651227734831803,2.734606368903769e-06,99,1,1,same_source_cyclic_next_latent,False,r16_d8,456,1.9688302472786745e-06,1.3549693903769366e-05,0.8546955922944526,1.824219339141564e-06,99,1,1,same_source_cyclic_next_latent,False,ljonly_r16_d8,8,-1.4128511338640258e-07
train,lj_noisy,102,75,4.537168479146203e-06,3.12767515424639e-05,0.8549347916459237,5.576949661190156e-06,99,1,1,same_source_cyclic_next_latent,False,r16_d8,456,4.618195816874504e-06,3.12767515424639e-05,0.8523441345689478,4.632890068023698e-06,99,1,1,same_source_cyclic_next_latent,False,ljonly_r16_d8,8,-8.102733772830106e-08
train,lj_noisy,102,100,8.489266292599496e-06,5.606986815109849e-05,0.8485948590119312,9.659559509600513e-06,99,1,1,same_source_cyclic_next_latent,False,r16_d8,456,8.491508197039366e-06,5.606986815109849e-05,0.8485548748900883,8.980100574262906e-06,99,1,1,same_source_cyclic_next_latent,False,ljonly_r16_d8,8,-2.241904439870268e-09
train,lj_noisy,102,125,1.381721540383296e-05,8.798276394372806e-05,0.8429554291716709,1.5278999853762798e-05,99,1,1,same_source_cyclic_next_latent,False,r16_d8,456,1.4022752111486623e-05,8.798276394372806e-05,0.8406193272075961,1.5119326235435436e-05,99,1,1,same_source_cyclic_next_latent,False,ljonly_r16_d8,8,-2.0553670765366405e-07
train,lj_noisy,102,149,2.0472352844080888e-05,0.000124813261209,0.8359761403093959,2.2178592189447958e-05,99,1,1,same_source_cyclic_next_latent,False,r16_d8,456,2.1284276954247616e-05,0.000124813261209,0.8294710293756562,2.318456790817436e-05,99,1,1,same_source_cyclic_next_latent,False,ljonly_r16_d8,8,-8.119241101667285e-07
train,lj_noisy,102,175,2.9945893402327783e-05,0.0001706574548734,0.8245263095917106,3.210593058611266e-05,99,1,1,same_source_cyclic_next_latent,False,r16_d8,456,3.193706288584508e-05,0.0001706574548734,0.8128586711343457,3.5780263715423644e-05,99,1,1,same_source_cyclic_next_latent,False,ljonly_r16_d8,8,-1.9911694835172966e-06
train,lj_noisy,102,199,4.17882765759714e-05,0.0002185022167395,0.8087512465570251,4.502347292145714e-05,99,1,1,same_source_cyclic_next_latent,False,r16_d8,456,4.5430148020386696e-05,0.0002185022167395,0.7920838117879041,5.119078559800983e-05,99,1,1,same_source_cyclic_next_latent,False,ljonly_r16_d8,8,-3.6418714444152943e-06
train,lj_noisy,99,0,1.660611985698779e-07,0.0,,1.2627721446278886e-07,178,1,1,same_source_cyclic_next_latent,False,r16_d8,456,7.533017765126715e-07,0.0,,3.052162469430187e-07,178,1,1,same_source_cyclic_next_latent,False,ljonly_r16_d8,8,-5.872405779427936e-07
train,lj_noisy,99,5,1.0109879866604389e-07,8.34548146144698e-08,-0.2114196063232867,6.464350121859752e-08,178,1,1,same_source_cyclic_next_latent,False,r16_d8,456,5.525674282580439e-07,8.34548146144698e-08,-5.6211569795068135,1.841460601781364e-07,178,1,1,same_source_cyclic_next_latent,False,ljonly_r16_d8,8,-4.5146862959200007e-07
train,lj_noisy,99,10,9.504915965408145e-08,3.481648036540719e-07,0.7269995167331158,5.682727888256522e-08,178,1,1,same_source_cyclic_next_latent,False,r16_d8,456,4.125574832869461e-07,3.481648036540719e-07,-0.1849488488125674,1.1972417723882245e-07,178,1,1,same_source_cyclic_next_latent,False,ljonly_r16_d8,8,-3.1750832363286463e-07
train,lj_noisy,99,25,4.454987276858447e-07,2.362971372349421e-06,0.8114667266396458,3.987651666648162e-07,178,1,1,same_source_cyclic_next_latent,False,r16_d8,456,4.2985024606423394e-07,2.362971372349421e-06,0.8180891012501565,2.8240225447007106e-07,178,1,1,same_source_cyclic_next_latent,False,ljonly_r16_d8,8,1.5648481621610752e-08
train,lj_noisy,99,50,1.7134293557319324e-06,9.879052413452882e-06,0.8265593415215962,1.8256595240018212e-06,178,1,1,same_source_cyclic_next_latent,False,r16_d8,456,1.5347483213190571e-06,9.879052413452882e-06,0.8446462011650935,1.4715122915731629e-06,178,1,1,same_source_cyclic_next_latent,False,ljonly_r16_d8,8,1.786810344128753e-07
train,lj_noisy,99,75,3.931160335923778e-06,2.276919803989585e-05,0.8273474397721142,4.402444119477877e-06,178,1,1,same_source_cyclic_next_latent,False,r16_d8,456,3.922842552128714e-06,2.276919803989585e-05,0.8277127483693029,3.9409551391145214e-06,178,1,1,same_source_cyclic_next_latent,False,ljonly_r16_d8,8,8.317783795064315e-09
train,lj_noisy,99,100,7.783743967593182e-06,4.133538095629774e-05,0.8116929422805459,8.704532774572726e-06,178,1,1,same_source_cyclic_next_latent,False,r16_d8,456,7.858611752453726e-06,4.133538095629774e-05,0.8098817146317745,8.17922773421742e-06,178,1,1,same_source_cyclic_next_latent,False,ljonly_r16_d8,8,-7.486778486054391e-08
train,lj_noisy,99,125,1.3592385585070588e-05,6.574357394129038e-05,0.7932514956182833,1.5310972230508924e-05,178,1,1,same_source_cyclic_next_latent,False,r16_d8,456,1.387952215736732e-05,6.574357394129038e-05,0.7888839726029823,1.4705047760799062e-05,178,1,1,same_source_cyclic_next_latent,False,ljonly_r16_d8,8,-2.8713657229673287e-07
train,lj_noisy,99,149,2.199572554673068e-05,9.555911674397066e-05,0.7698207528888811,2.467119338689372e-05,178,1,1,same_source_cyclic_next_latent,False,r16_d8,456,2.251414662168827e-05,9.555911674397066e-05,0.7643956182432086,2.377759119553957e-05,178,1,1,same_source_cyclic_next_latent,False,ljonly_r16_d8,8,-5.184210749575902e-07
train,lj_noisy,99,175,3.503245170577429e-05,0.000135023263283,0.7405450671686895,3.913327964255586e-05,178,1,1,same_source_cyclic_next_latent,False,r16_d8,456,3.589094922062941e-05,0.000135023263283,0.7341869219574062,3.695579289342277e-05,178,1,1,same_source_cyclic_next_latent,False,ljonly_r16_d8,8,-8.584975148551166e-07
train,lj_noisy,99,199,4.858489046455361e-05,0.0001759650040185,0.7238945849741607,5.496843732544221e-05,178,1,1,same_source_cyclic_next_latent,False,r16_d8,456,5.020550815970637e-05,0.0001759650040185,0.714684698586852,5.03185838169884e-05,178,1,1,same_source_cyclic_next_latent,False,ljonly_r16_d8,8,-1.6206176951527596e-06
train,lj_noisy,178,0,1.495104555715443e-07,0.0,,4.844555405725259e-07,199,1,1,same_source_cyclic_next_latent,False,r16_d8,786,5.228952772995399e-07,0.0,,9.903021691570757e-07,199,1,1,same_source_cyclic_next_latent,False,ljonly_r16_d8,8,-3.733848217279956e-07
train,lj_noisy,178,5,7.194533679921733e-08,8.898146575120337e-08,0.191457050163906,3.539622923653951e-07,199,1,1,same_source_cyclic_next_latent,False,r16_d8,786,3.688020626668731e-07,8.898146575120337e-08,-3.14470653583143,8.645587854516634e-07,199,1,1,same_source_cyclic_next_latent,False,ljonly_r16_d8,8,-2.9685672586765577e-07
train,lj_noisy,178,10,5.096362087897433e-08,3.5017228583456017e-07,0.8544612953663265,2.727666981172661e-07,199,1,1,same_source_cyclic_next_latent,False,r16_d8,786,2.748902261373587e-07,3.5017228583456017e-07,0.2149857734108881,7.77621096403891e-07,199,1,1,same_source_cyclic_next_latent,False,ljonly_r16_d8,8,-2.2392660525838437e-07
train,lj_noisy,178,25,2.864130692614708e-07,2.1434675545606297e-06,0.8663786309001631,4.086033129624411e-07,199,1,1,same_source_cyclic_next_latent,False,r16_d8,786,3.692094310281391e-07,2.1434675545606297e-06,0.8277513320681824,9.69563188846223e-07,199,1,1,same_source_cyclic_next_latent,False,ljonly_r16_d8,8,-8.279636176666827e-08
train,lj_noisy,178,50,1.5695821957706355e-06,8.785852514847647e-06,0.8213511787139471,1.923612444443279e-06,199,1,1,same_source_cyclic_next_latent,False,r16_d8,786,1.705888735159533e-06,8.785852514847647e-06,0.80583685734803,2.7971111649094382e-06,199,1,1,same_source_cyclic_next_latent,False,ljonly_r16_d8,8,-1.3630653938889757e-07
train,lj_noisy,178,75,4.119461209484143e-06,2.023533670580946e-05,0.796422403571794,5.461936325446004e-06,199,1,1,same_source_cyclic_next_latent,False,r16_d8,786,4.639724920707522e-06,2.023533670580946e-05,0.7707117510243612,6.504574230348226e-06,199,1,1,same_source_cyclic_next_latent,False,ljonly_r16_d8,8,-5.202637112233788e-07
train,lj_noisy,178,100,7.821779945516028e-06,3.592209759517573e-05,0.7822571489654191,1.0475081580807457e-05,199,1,1,same_source_cyclic_next_latent,False,r16_d8,786,8.690464710525703e-06,3.592209759517573e-05,0.7580746868275082,1.1277315024926793e-05,199,1,1,same_source_cyclic_next_latent,False,ljonly_r16_d8,8,-8.686847650096752e-07
train,lj_noisy,178,125,1.2419482118275482e-05,5.6316977861570194e-05,0.7794717935894366,1.5681522199884057e-05,199,1,1,same_source_cyclic_next_latent,False,r16_d8,786,1.3428752026811708e-05,5.6316977861570194e-05,0.7615505565689228,1.711029290163424e-05,199,1,1,same_source_cyclic_next_latent,False,ljonly_r16_d8,8,-1.0092699085362256e-06
train,lj_noisy,178,149,1.6553829482290894e-05,8.071761840255931e-05,0.7949167751737578,1.931116275954992e-05,199,1,1,same_source_cyclic_next_latent,False,r16_d8,786,1.7520287656225264e-05,8.071761840255931e-05,0.7829434514674711,2.208865589636844e-05,199,1,1,same_source_cyclic_next_latent,False,ljonly_r16_d8,8,-9.664581739343703e-07
train,lj_noisy,178,175,2.123134981957264e-05,0.0001124141563195,0.8111327744237506,2.2664164134766903e-05,199,1,1,same_source_cyclic_next_latent,False,r16_d8,786,2.1642534193233587e-05,0.0001124141563195,0.807475011139098,2.686027619347442e-05,199,1,1,same_source_cyclic_next_latent,False,ljonly_r16_d8,8,-4.111843736609478e-07
train,lj_noisy,178,199,2.711998604354449e-05,0.0001466976100346,0.8151300076589754,2.660831160028465e-05,199,1,1,same_source_cyclic_next_latent,False,r16_d8,786,2.579562715254724e-05,0.0001466976100346,0.824157822704393,3.177023972966708e-05,199,1,1,same_source_cyclic_next_latent,False,ljonly_r16_d8,8,1.3243588909972493e-06
train,lj_noisy,199,0,3.95823889220992e-07,0.0,,2.337715585554179e-07,42,1,1,same_source_cyclic_next_latent,False,r16_d8,786,7.283342711161822e-07,0.0,,4.972384886059444e-07,42,1,1,same_source_cyclic_next_latent,False,ljonly_r16_d8,8,-3.325103818951902e-07
train,lj_noisy,199,5,2.440791035951406e-07,9.910389309197853e-08,-1.4628609026348771,1.2674378524479837e-07,42,1,1,same_source_cyclic_next_latent,False,r16_d8,786,5.673182954524236e-07,9.910389309197853e-08,-4.724480419007297,3.499082197322423e-07,42,1,1,same_source_cyclic_next_latent,False,ljonly_r16_d8,8,-3.23239191857283e-07
train,lj_noisy,199,10,1.5123505647807178e-07,4.115824481232266e-07,0.6325522209032771,8.164091980233935e-08,42,1,1,same_source_cyclic_next_latent,False,r16_d8,786,4.403529487717606e-07,4.115824481232266e-07,-0.0699021563716442,2.609622242744081e-07,42,1,1,same_source_cyclic_next_latent,False,ljonly_r16_d8,8,-2.8911789229368884e-07
train,lj_noisy,199,25,3.200138394277019e-07,2.667711441972642e-06,0.8800418087231101,3.283469425241492e-07,42,1,1,same_source_cyclic_next_latent,False,r16_d8,786,4.944452030031243e-07,2.667711441972642e-06,0.8146556650679182,4.113560692076136e-07,42,1,1,same_source_cyclic_next_latent,False,ljonly_r16_d8,8,-1.7443136357542244e-07
train,lj_noisy,199,50,1.8161034631702933e-06,1.0994632248184644e-05,0.8348190806045236,1.7751639234120375e-06,42,1,1,same_source_cyclic_next_latent,False,r16_d8,786,1.9502444956742693e-06,1.0994632248184644e-05,0.8226184876719019,1.976718749574502e-06,42,1,1,same_source_cyclic_next_latent,False,ljonly_r16_d8,8,-1.3414103250397602e-07
train,lj_noisy,199,75,5.000218152417801e-06,2.538395165174734e-05,0.803016558610818,4.979467576049501e-06,42,1,1,same_source_cyclic_next_latent,False,r16_d8,786,5.257237262412673e-06,2.538395165174734e-05,0.7928912986228925,5.415642590378411e-06,42,1,1,same_source_cyclic_next_latent,False,ljonly_r16_d8,8,-2.5701910999487154e-07
train,lj_noisy,199,100,1.037018319038907e-05,4.609454845194705e-05,0.7750236516320396,1.0356158782087732e-05,42,1,1,same_source_cyclic_next_latent,False,r16_d8,786,1.066500863089459e-05,4.609454845194705e-05,0.7686275494809821,1.0880039553740062e-05,42,1,1,same_source_cyclic_next_latent,False,ljonly_r16_d8,8,-2.948254405055195e-07
train,lj_noisy,199,125,1.6535035683773458e-05,7.323205500142649e-05,0.7742104098614825,1.639442598388996e-05,42,1,1,same_source_cyclic_next_latent,False,r16_d8,786,1.6891997802304104e-05,7.323205500142649e-05,0.7693360127341085,1.7100268451031297e-05,42,1,1,same_source_cyclic_next_latent,False,ljonly_r16_d8,8,-3.5696211853064597e-07
train,lj_noisy,199,149,2.296405182278249e-05,0.0001047892219503,0.7808548303406144,2.29896013479447e-05,42,1,1,same_source_cyclic_next_latent,False,r16_d8,786,2.33969676628476e-05,0.0001047892219503,0.7767235291246338,2.37698077398818e-05,42,1,1,same_source_cyclic_next_latent,False,ljonly_r16_d8,8,-4.3291584006511014e-07
train,lj_noisy,199,175,3.183758963132277e-05,0.0001456237077945,0.781370835055013,3.259878940298222e-05,42,1,1,same_source_cyclic_next_latent,False,r16_d8,786,3.229698268114589e-05,0.0001456237077945,0.7782161766770576,3.2994419598253444e-05,42,1,1,same_source_cyclic_next_latent,False,ljonly_r16_d8,8,-4.5939304982312024e-07
train,lj_noisy,199,199,4.29665669798851e-05,0.0001901433715829,0.7740306873587854,4.488066770136357e-05,42,1,1,same_source_cyclic_next_latent,False,r16_d8,786,4.368117151898332e-05,0.0001901433715829,0.7702724467577639,4.443742727744393e-05,42,1,1,same_source_cyclic_next_latent,False,ljonly_r16_d8,8,-7.146045390982181e-07
train,lj_noisy,42,0,3.0399604611375253e-07,0.0,,8.742254067328759e-07,102,1,1,same_source_cyclic_next_latent,False,r16_d8,786,7.091940119607898e-07,0.0,,8.139495548675768e-07,102,1,1,same_source_cyclic_next_latent,False,ljonly_r16_d8,8,-4.0519796584703727e-07
train,lj_noisy,42,5,1.994766165580586e-07,9.799599354209933e-08,-1.035558897337603,7.248403903759026e-07,102,1,1,same_source_cyclic_next_latent,False,r16_d8,786,5.620073011414206e-07,9.799599354209933e-08,-4.735002838661776,7.510149089284823e-07,102,1,1,same_source_cyclic_next_latent,False,ljonly_r16_d8,8,-3.62530684583362e-07
train,lj_noisy,42,10,1.3873075488390898e-07,4.02869886784174e-07,0.6556437712649643,6.107415515543835e-07,102,1,1,same_source_cyclic_next_latent,False,r16_d8,786,4.578658092668775e-07,4.02869886784174e-07,-0.1365103828476659,7.265915087373287e-07,102,1,1,same_source_cyclic_next_latent,False,ljonly_r16_d8,8,-3.191350543829685e-07
train,lj_noisy,42,25,2.419289160116023e-07,2.683668753888924e-06,0.9098514242262494,5.772467943643278e-07,102,1,1,same_source_cyclic_next_latent,False,r16_d8,786,4.88122793740331e-07,2.683668753888924e-06,0.8181136203814316,1.0216319878963986e-06,102,1,1,same_source_cyclic_next_latent,False,ljonly_r16_d8,8,-2.4619387772872864e-07
train,lj_noisy,42,50,1.1917171605091426e-06,1.129412430600496e-05,0.8944834386252044,1.54008228037128e-06,102,1,1,same_source_cyclic_next_latent,False,r16_d8,786,1.6070398487499915e-06,1.129412430600496e-05,0.8577100972852276,2.948919018308516e-06,102,1,1,same_source_cyclic_next_latent,False,ljonly_r16_d8,8,-4.1532268824084895e-07
train,lj_noisy,42,75,3.2745358566899085e-06,2.5744931917870417e-05,0.8728085252998108,3.6408175674296217e-06,102,1,1,same_source_cyclic_next_latent,False,r16_d8,786,3.757021204364719e-06,2.5744931917870417e-05,0.8540675416680032,6.178400781209348e-06,102,1,1,same_source_cyclic_next_latent,False,ljonly_r16_d8,8,-4.824853476748103e-07
train,lj_noisy,42,100,6.246731118153548e-06,4.618121238308959e-05,0.8647343628327752,6.604475402127719e-06,102,1,1,same_source_cyclic_next_latent,False,r16_d8,786,6.48507239020546e-06,4.618121238308959e-05,0.8595733620761301,9.852686162048483e-06,102,1,1,same_source_cyclic_next_latent,False,ljonly_r16_d8,8,-2.383412720519118e-07
train,lj_noisy,42,125,8.969683221948799e-06,7.250723137985915e-05,0.8762925703926358,9.342912562715355e-06,102,1,1,same_source_cyclic_next_latent,False,r16_d8,786,9.479933396505658e-06,7.250723137985915e-05,0.8692553388662559,1.412100300512975e-05,102,1,1,same_source_cyclic_next_latent,False,ljonly_r16_d8,8,-5.102501745568588e-07
train,lj_noisy,42,149,1.1662044016702566e-05,0.0001034081433317,0.8872231563109353,1.2097927537979558e-05,102,1,1,same_source_cyclic_next_latent,False,r16_d8,786,1.2860377864853945e-05,0.0001034081433317,0.8756347667553199,1.8889975763158876e-05,102,1,1,same_source_cyclic_next_latent,False,ljonly_r16_d8,8,-1.1983338481513783e-06
train,lj_noisy,42,175,1.585191421327181e-05,0.000143292825669,0.8893739854786348,1.6282339856843464e-05,102,1,1,same_source_cyclic_next_latent,False,r16_d8,786,1.729146606521681e-05,0.000143292825669,0.8793277612854585,2.531147219997365e-05,102,1,1,same_source_cyclic_next_latent,False,ljonly_r16_d8,8,-1.439551851944998e-06
train,lj_noisy,42,199,2.1400483092293143e-05,0.0001860245247371,0.8849588078640073,2.153900641133077e-05,102,1,1,same_source_cyclic_next_latent,False,r16_d8,786,2.2091897335485555e-05,0.0001860245247371,0.8812420170582285,3.317081791465171e-05,102,1,1,same_source_cyclic_next_latent,False,ljonly_r16_d8,8,-6.91414243192412e-07
train,lj_noisy,102,0,5.694672609024565e-07,0.0,,2.635691203067836e-07,99,1,1,same_source_cyclic_next_latent,False,r16_d8,786,4.7417555038009606e-07,0.0,,9.610207598598208e-07,99,1,1,same_source_cyclic_next_latent,False,ljonly_r16_d8,8,9.529171052236041e-08
train,lj_noisy,102,5,3.920046367511532e-07,1.047859115033134e-07,-2.741005170707111,1.271447729322972e-07,99,1,1,same_source_cyclic_next_latent,False,r16_d8,786,3.66203778412455e-07,1.047859115033134e-07,-2.494780673839683,6.868647801638872e-07,99,1,1,same_source_cyclic_next_latent,False,ljonly_r16_d8,8,2.5800858338698216e-08
train,lj_noisy,102,10,2.6393431085125485e-07,4.6877312342985533e-07,0.4369679112144138,8.578802379588525e-08,99,1,1,same_source_cyclic_next_latent,False,r16_d8,786,2.919606458817725e-07,4.6877312342985533e-07,0.377181345752942,4.637394113160554e-07,99,1,1,same_source_cyclic_next_latent,False,ljonly_r16_d8,8,-2.8026335030517657e-08
train,lj_noisy,102,25,3.956888292577787e-07,3.25413498103444e-06,0.878404297435752,6.637953333665791e-07,99,1,1,same_source_cyclic_next_latent,False,r16_d8,786,4.63633995195778e-07,3.25413498103444e-06,0.8575246577361103,4.181486303878046e-07,99,1,1,same_source_cyclic_next_latent,False,ljonly_r16_d8,8,-6.794516593799932e-08
train,lj_noisy,102,50,1.894255092338426e-06,1.3549693903769366e-05,0.8601994180981855,3.1546824175165966e-06,99,1,1,same_source_cyclic_next_latent,False,r16_d8,786,1.8681955680222016e-06,1.3549693903769366e-05,0.8621226736714331,1.8246419131173752e-06,99,1,1,same_source_cyclic_next_latent,False,ljonly_r16_d8,8,2.605952431622448e-08
train,lj_noisy,102,75,4.55451618108782e-06,3.12767515424639e-05,0.8543801399929838,6.560889687534655e-06,99,1,1,same_source_cyclic_next_latent,False,r16_d8,786,4.558521141007077e-06,3.12767515424639e-05,0.8542520908919184,4.642649855668424e-06,99,1,1,same_source_cyclic_next_latent,False,ljonly_r16_d8,8,-4.0049599192570895e-09
train,lj_noisy,102,100,8.536644600098953e-06,5.606986815109849e-05,0.8477498720508101,1.0877847671508787e-05,99,1,1,same_source_cyclic_next_latent,False,r16_d8,786,8.48795571073424e-06,5.606986815109849e-05,0.8486182330969517,8.967766916612163e-06,99,1,1,same_source_cyclic_next_latent,False,ljonly_r16_d8,8,4.868888936471194e-08
train,lj_noisy,102,125,1.4545923477271572e-05,8.798276394372806e-05,0.8346730333844156,1.7122592907981016e-05,99,1,1,same_source_cyclic_next_latent,False,r16_d8,786,1.4066295989323407e-05,8.798276394372806e-05,0.8401244134780772,1.4995759556768462e-05,99,1,1,same_source_cyclic_next_latent,False,ljonly_r16_d8,8,4.796274879481643e-07
train,lj_noisy,102,149,2.2478081518784165e-05,0.000124813261209,0.8199063040173709,2.4944529286585748e-05,99,1,1,same_source_cyclic_next_latent,False,r16_d8,786,2.158515053451993e-05,0.000124813261209,0.8270604395284095,2.263171518279705e-05,99,1,1,same_source_cyclic_next_latent,False,ljonly_r16_d8,8,8.929309842642363e-07
train,lj_noisy,102,175,3.341875344631262e-05,0.0001706574548734,0.8041764218791556,3.4907021472463384e-05,99,1,1,same_source_cyclic_next_latent,False,r16_d8,786,3.303967969259247e-05,0.0001706574548734,0.8063976770478869,3.3904711017385125e-05,99,1,1,same_source_cyclic_next_latent,False,ljonly_r16_d8,8,3.790737537201494e-07
train,lj_noisy,102,199,4.6281562390504405e-05,0.0002185022167395,0.7881872180470156,4.6772216592216864e-05,99,1,1,same_source_cyclic_next_latent,False,r16_d8,786,4.8007143050199375e-05,0.0002185022167395,0.7802899038437845,4.827178054256365e-05,99,1,1,same_source_cyclic_next_latent,False,ljonly_r16_d8,8,-1.7255806596949697e-06
train,lj_noisy,99,0,2.546865687236277e-07,0.0,,1.0982883225096884e-07,178,1,1,same_source_cyclic_next_latent,False,r16_d8,786,9.62822923611384e-07,0.0,,3.1218220897244464e-07,178,1,1,same_source_cyclic_next_latent,False,ljonly_r16_d8,8,-7.081363548877564e-07
train,lj_noisy,99,5,1.388135899560439e-07,8.34548146144698e-08,-0.6633383058522271,4.9129969426076065e-08,178,1,1,same_source_cyclic_next_latent,False,r16_d8,786,7.380688202829333e-07,8.34548146144698e-08,-7.843933375114865,1.8463661888290522e-07,178,1,1,same_source_cyclic_next_latent,False,ljonly_r16_d8,8,-5.992552303268894e-07
train,lj_noisy,99,10,8.905553983140636e-08,3.481648036540719e-07,0.7442144096797051,5.571958539007938e-08,178,1,1,same_source_cyclic_next_latent,False,r16_d8,786,5.652385652865632e-07,3.481648036540719e-07,-0.6234799134037989,1.130736322352277e-07,178,1,1,same_source_cyclic_next_latent,False,ljonly_r16_d8,8,-4.761830254551569e-07
train,lj_noisy,99,25,3.8804509472356585e-07,2.362971372349421e-06,0.8357808734949903,4.981166625839251e-07,178,1,1,same_source_cyclic_next_latent,False,r16_d8,786,4.852577717429085e-07,2.362971372349421e-06,0.7946408587843222,2.949522865947074e-07,178,1,1,same_source_cyclic_next_latent,False,ljonly_r16_d8,8,-9.721267701934266e-08
train,lj_noisy,99,50,1.8779322772388696e-06,9.879052413452882e-06,0.8099076511952119,2.177918531742762e-06,178,1,1,same_source_cyclic_next_latent,False,r16_d8,786,1.513509687356418e-06,9.879052413452882e-06,0.8467960666657276,1.5674803535148385e-06,178,1,1,same_source_cyclic_next_latent,False,ljonly_r16_d8,8,3.644225898824516e-07
train,lj_noisy,99,75,4.224570147925988e-06,2.276919803989585e-05,0.8144611795055865,4.739113592222566e-06,178,1,1,same_source_cyclic_next_latent,False,r16_d8,786,3.911500698450254e-06,2.276919803989585e-05,0.8282108710374173,4.015011654701084e-06,178,1,1,same_source_cyclic_next_latent,False,ljonly_r16_d8,8,3.1306944947573356e-07
train,lj_noisy,99,100,8.058770617935807e-06,4.133538095629774e-05,0.8050394013192711,8.854780389810912e-06,178,1,1,same_source_cyclic_next_latent,False,r16_d8,786,7.862207894504536e-06,4.133538095629774e-05,0.8097947155049342,8.110986527753994e-06,178,1,1,same_source_cyclic_next_latent,False,ljonly_r16_d8,8,1.9656272343127057e-07
train,lj_noisy,99,125,1.4232882676878944e-05,6.574357394129038e-05,0.7835091428161627,1.5424986486323178e-05,178,1,1,same_source_cyclic_next_latent,False,r16_d8,786,1.3864914762962144e-05,6.574357394129038e-05,0.7891061600127848,1.4420796105696354e-05,178,1,1,same_source_cyclic_next_latent,False,ljonly_r16_d8,8,3.6796791391680017e-07
train,lj_noisy,99,149,2.2908572645974346e-05,9.555911674397066e-05,0.7602680578625192,2.493062129360624e-05,178,1,1,same_source_cyclic_next_latent,False,r16_d8,786,2.2537649783771485e-05,9.555911674397066e-05,0.7641496640853631,2.3318800231209025e-05,178,1,1,same_source_cyclic_next_latent,False,ljonly_r16_d8,8,3.709228622028604e-07
train,lj_noisy,99,175,3.575597293092869e-05,0.000135023263283,0.7351865740648933,3.909806764568202e-05,178,1,1,same_source_cyclic_next_latent,False,r16_d8,786,3.580689008231275e-05,0.000135023263283,0.7348094749625165,3.652409213827923e-05,178,1,1,same_source_cyclic_next_latent,False,ljonly_r16_d8,8,-5.0917151384055614e-08
train,lj_noisy,99,199,4.9267124268226326e-05,0.0001759650040185,0.7200174856186492,5.362092269933783e-05,178,1,1,same_source_cyclic_next_latent,False,r16_d8,786,4.99727284477558e-05,0.0001759650040185,0.716007573628108,5.015031638322398e-05,178,1,1,same_source_cyclic_next_latent,False,ljonly_r16_d8,8,-7.056041795294732e-07
train,lj_noisy,178,0,1.2460485265819446e-07,0.0,,8.291709718832863e-07,199,1,1,same_source_cyclic_next_latent,False,r16_d8,2026,1.1902923233719775e-06,0.0,,2.282700279465644e-06,199,1,1,same_source_cyclic_next_latent,False,ljonly_r16_d8,8,-1.0656874707137831e-06
train,lj_noisy,178,5,4.2297180868899886e-08,8.898146575120337e-08,0.5246517854946903,6.588687142539129e-07,199,1,1,same_source_cyclic_next_latent,False,r16_d8,2026,8.836518645694014e-07,8.898146575120337e-08,-8.930740712230302,1.989303427762934e-06,199,1,1,same_source_cyclic_next_latent,False,ljonly_r16_d8,8,-8.413546837005015e-07
train,lj_noisy,178,10,3.0881373902502673e-08,3.5017228583456017e-07,0.9118109137937528,5.560017939387762e-07,199,1,1,same_source_cyclic_next_latent,False,r16_d8,2026,6.803020937695692e-07,3.5017228583456017e-07,-0.9427639516023256,1.785890276551072e-06,199,1,1,same_source_cyclic_next_latent,False,ljonly_r16_d8,8,-6.494207198670665e-07
train,lj_noisy,178,25,3.243889352688712e-07,2.1434675545606297e-06,0.8486616069468031,6.841439699201146e-07,199,1,1,same_source_cyclic_next_latent,False,r16_d8,2026,6.036973445588956e-07,2.1434675545606297e-06,0.7183548016509902,1.87730154266319e-06,199,1,1,same_source_cyclic_next_latent,False,ljonly_r16_d8,8,-2.793084092900244e-07
train,lj_noisy,178,50,1.5926289052003997e-06,8.785852514847647e-06,0.8187280172858653,2.329401468159631e-06,199,1,1,same_source_cyclic_next_latent,False,r16_d8,2026,1.876398982858518e-06,8.785852514847647e-06,0.7864294922220127,4.1620364754635375e-06,199,1,1,same_source_cyclic_next_latent,False,ljonly_r16_d8,8,-2.8377007765811826e-07
train,lj_noisy,178,75,3.917150479537668e-06,2.023533670580946e-05,0.806420296509666,6.0038742049073335e-06,199,1,1,same_source_cyclic_next_latent,False,r16_d8,2026,4.719078788184561e-06,2.023533670580946e-05,0.7667902018734515,8.809705832391046e-06,199,1,1,same_source_cyclic_next_latent,False,ljonly_r16_d8,8,-8.019283086468931e-07
train,lj_noisy,178,100,7.4015779318870045e-06,3.592209759517573e-05,0.7939547401908673,1.099102883017622e-05,199,1,1,same_source_cyclic_next_latent,False,r16_d8,2026,8.49602474772837e-06,3.592209759517573e-05,0.7634875100147445,1.4290072613221128e-05,199,1,1,same_source_cyclic_next_latent,False,ljonly_r16_d8,8,-1.0944468158413656e-06
train,lj_noisy,178,125,1.1845416338474024e-05,5.6316977861570194e-05,0.7896652699015452,1.6424755813204683e-05,199,1,1,same_source_cyclic_next_latent,False,r16_d8,2026,1.2805277947336435e-05,5.6316977861570194e-05,0.7726213580065959,1.95147604244994e-05,199,1,1,same_source_cyclic_next_latent,False,ljonly_r16_d8,8,-9.598616088624112e-07
train,lj_noisy,178,149,1.5754656487843022e-05,8.071761840255931e-05,0.8048176247065351,2.0398469132487666e-05,199,1,1,same_source_cyclic_next_latent,False,r16_d8,2026,1.6522726582479663e-05,8.071761840255931e-05,0.7953021049248924,2.36804462474538e-05,199,1,1,same_source_cyclic_next_latent,False,ljonly_r16_d8,8,-7.680700946366414e-07
train,lj_noisy,178,175,1.968206743185874e-05,0.0001124141563195,0.8249146897842109,2.3781378331477757e-05,199,1,1,same_source_cyclic_next_latent,False,r16_d8,2026,2.0718331143143587e-05,0.0001124141563195,0.8156964227508408,2.804003088385798e-05,199,1,1,same_source_cyclic_next_latent,False,ljonly_r16_d8,8,-1.036263711284846e-06
train,lj_noisy,178,199,2.4127386495820247e-05,0.0001466976100346,0.8355297915887766,2.732566099439282e-05,199,1,1,same_source_cyclic_next_latent,False,r16_d8,2026,2.599130129965488e-05,0.0001466976100346,0.8228239622068602,3.31720984831918e-05,199,1,1,same_source_cyclic_next_latent,False,ljonly_r16_d8,8,-1.863914803834632e-06
train,lj_noisy,199,0,6.601666768801806e-07,0.0,,1.4470451503711956e-07,42,1,1,same_source_cyclic_next_latent,False,r16_d8,2026,1.7810643839766271e-06,0.0,,1.0739081517385785e-06,42,1,1,same_source_cyclic_next_latent,False,ljonly_r16_d8,8,-1.1208977070964465e-06
train,lj_noisy,199,5,4.571784586460126e-07,9.910389309197853e-08,-3.613123101245925,5.1516703791776315e-08,42,1,1,same_source_cyclic_next_latent,False,r16_d8,2026,1.4386985185410597e-06,9.910389309197853e-08,-13.517073685549368,7.740788987575797e-07,42,1,1,same_source_cyclic_next_latent,False,ljonly_r16_d8,8,-9.81520059895047e-07
train,lj_noisy,199,10,3.2271043437503977e-07,4.115824481232266e-07,0.215927608559194,3.799537040549694e-08,42,1,1,same_source_cyclic_next_latent,False,r16_d8,2026,1.157901806436712e-06,4.115824481232266e-07,-1.8132924805628237,5.642956466545002e-07,42,1,1,same_source_cyclic_next_latent,False,ljonly_r16_d8,8,-8.351913720616722e-07
train,lj_noisy,199,25,3.97333053570037e-07,2.667711441972642e-06,0.85105845882783,3.831977153367916e-07,42,1,1,same_source_cyclic_next_latent,False,r16_d8,2026,9.38494792990241e-07,2.667711441972642e-06,0.6482022837161616,5.09872336351691e-07,42,1,1,same_source_cyclic_next_latent,False,ljonly_r16_d8,8,-5.41161739420204e-07
train,lj_noisy,199,50,1.8767834717436929e-06,1.0994632248184644e-05,0.8293000230131777,1.799247343114985e-06,42,1,1,same_source_cyclic_next_latent,False,r16_d8,2026,2.35793072533852e-06,1.0994632248184644e-05,0.7855380087198601,2.007793682423653e-06,42,1,1,same_source_cyclic_next_latent,False,ljonly_r16_d8,8,-4.811472535948271e-07
train,lj_noisy,199,75,5.214074008108582e-06,2.538395165174734e-05,0.7945917137078353,4.763775905303191e-06,42,1,1,same_source_cyclic_next_latent,False,r16_d8,2026,5.857035375811392e-06,2.538395165174734e-05,0.7692622702656221,5.617183433059836e-06,42,1,1,same_source_cyclic_next_latent,False,ljonly_r16_d8,8,-6.429613677028092e-07
train,lj_noisy,199,100,1.0698966434574686e-05,4.609454845194705e-05,0.7678908505692769,9.926197890308686e-06,42,1,1,same_source_cyclic_next_latent,False,r16_d8,2026,1.1303136489004828e-05,4.609454845194705e-05,0.7547836594865833,1.1346563042025082e-05,42,1,1,same_source_cyclic_next_latent,False,ljonly_r16_d8,8,-6.04170054430142e-07
train,lj_noisy,199,125,1.686707946646493e-05,7.323205500142649e-05,0.7696762781525607,1.591754516994115e-05,42,1,1,same_source_cyclic_next_latent,False,r16_d8,2026,1.7196287444676273e-05,7.323205500142649e-05,0.7651808699845811,1.7599828424863517e-05,42,1,1,same_source_cyclic_next_latent,False,ljonly_r16_d8,8,-3.292079782113433e-07
train,lj_noisy,199,149,2.309488809260074e-05,0.0001047892219503,0.7796062642439957,2.2099406123743396e-05,42,1,1,same_source_cyclic_next_latent,False,r16_d8,2026,2.3561900889035314e-05,0.0001047892219503,0.7751495769268985,2.428949119348545e-05,42,1,1,same_source_cyclic_next_latent,False,ljonly_r16_d8,8,-4.6701279643457383e-07
train,lj_noisy,199,175,3.122605630778708e-05,0.0001456237077945,0.7855702427805622,3.0389799576369118e-05,42,1,1,same_source_cyclic_next_latent,False,r16_d8,2026,3.244469553465024e-05,0.0001456237077945,0.7772018304847967,3.377941538929008e-05,42,1,1,same_source_cyclic_next_latent,False,ljonly_r16_d8,8,-1.2186392268631607e-06
train,lj_noisy,199,199,4.10307984566316e-05,0.0001901433715829,0.784211260613262,4.0699353121453896e-05,42,1,1,same_source_cyclic_next_latent,False,r16_d8,2026,4.361523315310478e-05,0.0001901433715829,0.7706192291111512,4.586532668326981e-05,42,1,1,same_source_cyclic_next_latent,False,ljonly_r16_d8,8,-2.5844346964731812e-06
train,lj_noisy,42,0,1.8038350901861122e-07,0.0,,1.4676464843432768e-06,102,1,1,same_source_cyclic_next_latent,False,r16_d8,2026,1.4526807490256033e-06,0.0,,3.571065008145524e-06,102,1,1,same_source_cyclic_next_latent,False,ljonly_r16_d8,8,-1.272297240006992e-06
train,lj_noisy,42,5,8.26556529887057e-08,9.799599354209933e-08,0.1565404870026994,1.2742256103592808e-06,102,1,1,same_source_cyclic_next_latent,False,r16_d8,2026,1.1422674788263976e-06,9.799599354209933e-08,-10.656267134387251,3.338808028274798e-06,102,1,1,same_source_cyclic_next_latent,False,ljonly_r16_d8,8,-1.0596118258376919e-06
train,lj_noisy,42,10,4.702220124386258e-08,4.02869886784174e-07,0.8832819161064441,1.140522272180533e-06,102,1,1,same_source_cyclic_next_latent,False,r16_d8,2026,9.130772582466308e-07,4.02869886784174e-07,-1.2664321365269615,3.165000862281886e-06,102,1,1,same_source_cyclic_next_latent,False,ljonly_r16_d8,8,-8.660550570027682e-07
train,lj_noisy,42,25,2.381839294685051e-07,2.683668753888924e-06,0.9112468969490548,1.1379288480384275e-06,102,1,1,same_source_cyclic_next_latent,False,r16_d8,2026,7.303222560040012e-07,2.683668753888924e-06,0.7278642325191267,3.225170303267077e-06,102,1,1,same_source_cyclic_next_latent,False,ljonly_r16_d8,8,-4.921383265354962e-07
train,lj_noisy,42,50,1.1270001323282486e-06,1.129412430600496e-05,0.9002135887835911,2.377330247327336e-06,102,1,1,same_source_cyclic_next_latent,False,r16_d8,2026,1.8272351098858053e-06,1.129412430600496e-05,0.8382136533671508,5.338587016012752e-06,102,1,1,same_source_cyclic_next_latent,False,ljonly_r16_d8,8,-7.002349775575567e-07
train,lj_noisy,42,75,2.898444108723197e-06,2.5744931917870417e-05,0.8874169052779165,4.737775270768907e-06,102,1,1,same_source_cyclic_next_latent,False,r16_d8,2026,4.369052476249635e-06,2.5744931917870417e-05,0.8302946579859887,9.015404430101626e-06,102,1,1,same_source_cyclic_next_latent,False,ljonly_r16_d8,8,-1.470608367526438e-06
train,lj_noisy,42,100,5.682085884473054e-06,4.618121238308959e-05,0.8769610932398628,7.55922792450292e-06,102,1,1,same_source_cyclic_next_latent,False,r16_d8,2026,7.696286957070697e-06,4.618121238308959e-05,0.8333459309550546,1.242425241798628e-05,102,1,1,same_source_cyclic_next_latent,False,ljonly_r16_d8,8,-2.0142010725976434e-06
train,lj_noisy,42,125,8.637040082248859e-06,7.250723137985915e-05,0.8808802940357748,1.0247194950352425e-05,102,1,1,same_source_cyclic_next_latent,False,r16_d8,2026,1.0846377335838042e-05,7.250723137985915e-05,0.8504097159769513,1.6095571481855586e-05,102,1,1,same_source_cyclic_next_latent,False,ljonly_r16_d8,8,-2.209337253589183e-06
train,lj_noisy,42,149,1.1515539881656878e-05,0.0001034081433317,0.8886399125771769,1.3032705282967072e-05,102,1,1,same_source_cyclic_next_latent,False,r16_d8,2026,1.408235857525142e-05,0.0001034081433317,0.8638177021506783,2.0716497601824813e-05,102,1,1,same_source_cyclic_next_latent,False,ljonly_r16_d8,8,-2.566818693594543e-06
train,lj_noisy,42,175,1.532457463326864e-05,0.000143292825669,0.893054138881577,1.7060521713574417e-05,102,1,1,same_source_cyclic_next_latent,False,r16_d8,2026,1.8848551917471923e-05,0.000143292825669,0.8684613006306078,2.7566060452954844e-05,102,1,1,same_source_cyclic_next_latent,False,ljonly_r16_d8,8,-3.5239772842032835e-06
train,lj_noisy,42,199,1.9867424271069467e-05,0.0001860245247371,0.8931999729651673,2.2014306523487903e-05,102,1,1,same_source_cyclic_next_latent,False,r16_d8,2026,2.49323475145502e-05,0.0001860245247371,0.8659727928358945,3.625400859164074e-05,102,1,1,same_source_cyclic_next_latent,False,ljonly_r16_d8,8,-5.0649232434807345e-06
train,lj_noisy,102,0,9.442834425499314e-07,0.0,,3.559191839030973e-07,99,1,1,same_source_cyclic_next_latent,False,r16_d8,2026,2.33532091442612e-06,0.0,,1.7103594700529356e-06,99,1,1,same_source_cyclic_next_latent,False,ljonly_r16_d8,8,-1.3910374718761886e-06
train,lj_noisy,102,5,7.064170404191827e-07,1.047859115033134e-07,-5.741526893115258,2.1160309415790837e-07,99,1,1,same_source_cyclic_next_latent,False,r16_d8,2026,2.011058313655667e-06,1.047859115033134e-07,-18.192067758002715,1.3210128599894233e-06,99,1,1,same_source_cyclic_next_latent,False,ljonly_r16_d8,8,-1.3046412732364843e-06
train,lj_noisy,102,10,5.20059415975993e-07,4.6877312342985533e-07,-0.1094053604671128,1.6343939535090612e-07,99,1,1,same_source_cyclic_next_latent,False,r16_d8,2026,1.7033283938872046e-06,4.6877312342985533e-07,-2.6335879954561463,9.716283102534362e-07,99,1,1,same_source_cyclic_next_latent,False,ljonly_r16_d8,8,-1.1832689779112116e-06
train,lj_noisy,102,25,5.0072708290827e-07,3.25413498103444e-06,0.8461259026356994,7.158550943131559e-07,99,1,1,same_source_cyclic_next_latent,False,r16_d8,2026,1.3841162171956969e-06,3.25413498103444e-06,0.5746592488441561,5.959010991318792e-07,99,1,1,same_source_cyclic_next_latent,False,ljonly_r16_d8,8,-8.833891342874269e-07
train,lj_noisy,102,50,1.8250541415909536e-06,1.3549693903769366e-05,0.865306614706385,3.088874109380413e-06,99,1,1,same_source_cyclic_next_latent,False,r16_d8,2026,2.581611852292553e-06,1.3549693903769366e-05,0.8094708359740599,1.810320554795908e-06,99,1,1,same_source_cyclic_next_latent,False,ljonly_r16_d8,8,-7.565577107015995e-07
train,lj_noisy,102,75,4.429261025507003e-06,3.12767515424639e-05,0.8583848767192631,6.595209924853407e-06,99,1,1,same_source_cyclic_next_latent,False,r16_d8,2026,5.178524588700384e-06,3.12767515424639e-05,0.8344289501526527,4.744351372210076e-06,99,1,1,same_source_cyclic_next_latent,False,ljonly_r16_d8,8,-7.492635631933808e-07
train,lj_noisy,102,100,8.353337761946023e-06,5.606986815109849e-05,0.8510191295717828,1.133843670686474e-05,99,1,1,same_source_cyclic_next_latent,False,r16_d8,2026,8.793865163170267e-06,5.606986815109849e-05,0.8431623712851912,9.428931662114335e-06,99,1,1,same_source_cyclic_next_latent,False,ljonly_r16_d8,8,-4.405274012242444e-07
train,lj_noisy,102,125,1.4052669030206744e-05,8.798276394372806e-05,0.8402792956221,1.7978971300181e-05,99,1,1,same_source_cyclic_next_latent,False,r16_d8,2026,1.423130015609786e-05,8.798276394372806e-05,0.8382489988016301,1.6470003174617887e-05,99,1,1,same_source_cyclic_next_latent,False,ljonly_r16_d8,8,-1.786311258911172e-07
train,lj_noisy,102,149,2.1266325347824026e-05,0.000124813261209,0.829614857092757,2.624512853799388e-05,99,1,1,same_source_cyclic_next_latent,False,r16_d8,2026,2.1800882677780464e-05,0.000124813261209,0.8253320002490352,2.552186015236657e-05,99,1,1,same_source_cyclic_next_latent,False,ljonly_r16_d8,8,-5.345573299564387e-07
train,lj_noisy,102,175,3.0695951863890514e-05,0.0001706574548734,0.8201311985658313,3.6550816730596125e-05,99,1,1,same_source_cyclic_next_latent,False,r16_d8,2026,3.3158237783936784e-05,0.0001706574548734,0.8057029632339944,3.71148889826145e-05,99,1,1,same_source_cyclic_next_latent,False,ljonly_r16_d8,8,-2.46228592004627e-06
train,lj_noisy,102,199,4.145439743297175e-05,0.0002185022167395,0.810279282052416,4.7420544433407485e-05,99,1,1,same_source_cyclic_next_latent,False,r16_d8,2026,4.7780893510207534e-05,0.0002185022167395,0.7813253603410588,4.975112096872181e-05,99,1,1,same_source_cyclic_next_latent,False,ljonly_r16_d8,8,-6.326496077235781e-06
train,lj_noisy,99,0,3.493950089250575e-07,0.0,,8.457343625423165e-08,178,1,1,same_source_cyclic_next_latent,False,r16_d8,2026,1.6758549463702366e-06,0.0,,7.731990194770333e-07,178,1,1,same_source_cyclic_next_latent,False,ljonly_r16_d8,8,-1.326459937445179e-06
train,lj_noisy,99,5,2.24286637262594e-07,8.34548146144698e-08,-1.6875218439908457,2.313852931479232e-08,178,1,1,same_source_cyclic_next_latent,False,r16_d8,2026,1.3636520179716172e-06,8.34548146144698e-08,-15.34000415998984,5.16332136157871e-07,178,1,1,same_source_cyclic_next_latent,False,ljonly_r16_d8,8,-1.1393653807090232e-06
train,lj_noisy,99,10,1.7099922899888045e-07,3.481648036540719e-07,0.5088554983036679,4.192026636928858e-08,178,1,1,same_source_cyclic_next_latent,False,r16_d8,2026,1.1064606724175974e-06,3.481648036540719e-07,-2.177979683198965,3.3962106726903585e-07,178,1,1,same_source_cyclic_next_latent,False,ljonly_r16_d8,8,-9.35461443418717e-07
train,lj_noisy,99,25,4.629095826658159e-07,2.362971372349421e-06,0.8040985226979027,5.839910954819061e-07,178,1,1,same_source_cyclic_next_latent,False,r16_d8,2026,7.96839913164149e-07,2.362971372349421e-06,0.6627805472006718,3.192309634414414e-07,178,1,1,same_source_cyclic_next_latent,False,ljonly_r16_d8,8,-3.3393033049833315e-07
train,lj_noisy,99,50,1.9165540834364947e-06,9.879052413452882e-06,0.8059981865440241,2.4548817236791365e-06,178,1,1,same_source_cyclic_next_latent,False,r16_d8,2026,1.5954491345837596e-06,9.879052413452882e-06,0.8385018048480901,1.5197484799500671e-06,178,1,1,same_source_cyclic_next_latent,False,ljonly_r16_d8,8,3.211049488527351e-07
train,lj_noisy,99,75,4.368257577880286e-06,2.276919803989585e-05,0.8081505738486578,5.078912181488704e-06,178,1,1,same_source_cyclic_next_latent,False,r16_d8,2026,3.842313617496984e-06,2.276919803989585e-05,0.8312494972038744,3.984772320109187e-06,178,1,1,same_source_cyclic_next_latent,False,ljonly_r16_d8,8,5.259439603833016e-07
train,lj_noisy,99,100,8.336929568031337e-06,4.133538095629774e-05,0.7983100826663327,9.164356015389783e-06,178,1,1,same_source_cyclic_next_latent,False,r16_d8,2026,7.689474841754418e-06,4.133538095629774e-05,0.8139735339590992,8.104213520709891e-06,178,1,1,same_source_cyclic_next_latent,False,ljonly_r16_d8,8,6.474547262769192e-07
train,lj_noisy,99,125,1.4432374882744624e-05,6.574357394129038e-05,0.7804747442596767,1.5525058188359253e-05,178,1,1,same_source_cyclic_next_latent,False,r16_d8,2026,1.3711433894059157e-05,6.574357394129038e-05,0.7914406979714308,1.4540014490194151e-05,178,1,1,same_source_cyclic_next_latent,False,ljonly_r16_d8,8,7.209409886854667e-07
train,lj_noisy,99,149,2.3153990696300752e-05,9.555911674397066e-05,0.7576998251424121,2.4564636987634003e-05,178,1,1,same_source_cyclic_next_latent,False,r16_d8,2026,2.254017817904241e-05,9.555911674397066e-05,0.7641232051209327,2.382692400715314e-05,178,1,1,same_source_cyclic_next_latent,False,ljonly_r16_d8,8,6.13812517258342e-07
train,lj_noisy,99,175,3.630742503446527e-05,0.000135023263283,0.731102447447538,3.824186569545418e-05,178,1,1,same_source_cyclic_next_latent,False,r16_d8,2026,3.585841113817878e-05,0.000135023263283,0.7344279032643268,3.7700945540564135e-05,178,1,1,same_source_cyclic_next_latent,False,ljonly_r16_d8,8,4.490138962864876e-07
train,lj_noisy,99,199,4.98614608659409e-05,0.0001759650040185,0.7166399015300992,5.2453520765993744e-05,178,1,1,same_source_cyclic_next_latent,False,r16_d8,2026,4.957279816153459e-05,0.0001759650040185,0.7182803567218368,5.198084545554593e-05,178,1,1,same_source_cyclic_next_latent,False,ljonly_r16_d8,8,2.8866270440630615e-07
validation,lj_noisy,15,0,9.36367939630145e-07,0.0,,1.2229943422426004e-06,79,1,1,same_source_cyclic_next_latent,False,r16_d8,3456456,9.586609621692332e-07,0.0,,1.3690284959011478e-06,79,1,1,same_source_cyclic_next_latent,False,ljonly_r16_d8,8,-2.229302253908827e-08
validation,lj_noisy,15,5,5.766874551227374e-07,9.055690952664008e-08,-5.368232508565094,8.470260581816547e-07,79,1,1,same_source_cyclic_next_latent,False,r16_d8,3456456,6.743780431861524e-07,9.055690952664008e-08,-6.447008148922788,1.066361846824293e-06,79,1,1,same_source_cyclic_next_latent,False,ljonly_r16_d8,8,-9.769058806341491e-08
validation,lj_noisy,15,10,3.274957975918369e-07,3.651525162240432e-07,0.1031260006684484,5.723221079279028e-07,79,1,1,same_source_cyclic_next_latent,False,r16_d8,3456456,4.860834224018618e-07,3.651525162240432e-07,-0.3311791670733555,8.760418950259918e-07,79,1,1,same_source_cyclic_next_latent,False,ljonly_r16_d8,8,-1.5858762481002486e-07
validation,lj_noisy,15,25,2.403242262971617e-07,2.382581669735373e-06,0.8991328484769826,3.13022326281498e-07,79,1,1,same_source_cyclic_next_latent,False,r16_d8,3456456,4.161940694302757e-07,2.382581669735373e-06,0.825318025939274,8.765031225266284e-07,79,1,1,same_source_cyclic_next_latent,False,ljonly_r16_d8,8,-1.75869843133114e-07
validation,lj_noisy,15,50,1.7369544593748287e-06,1.0002500857808627e-05,0.8263479819630463,1.2455537898858893e-06,79,1,1,same_source_cyclic_next_latent,False,r16_d8,3456456,1.441318886463705e-06,1.0002500857808627e-05,0.8559041476773767,2.5401038783456897e-06,79,1,1,same_source_cyclic_next_latent,False,ljonly_r16_d8,8,2.9563557291112375e-07
validation,lj_noisy,15,75,4.107671429665061e-06,2.349700662307441e-05,0.8251832033093413,3.5428472529019928e-06,79,1,1,same_source_cyclic_next_latent,False,r16_d8,3456456,4.038337920064805e-06,2.349700662307441e-05,0.8281339412783287,6.0295124058029614e-06,79,1,1,same_source_cyclic_next_latent,False,ljonly_r16_d8,8,6.933350960025564e-08
validation,lj_noisy,15,100,7.957817615533713e-06,4.446260936674662e-05,0.8210222537797044,8.390295079152565e-06,79,1,1,same_source_cyclic_next_latent,False,r16_d8,3456456,9.481404958933126e-06,4.446260936674662e-05,0.7867555437260454,1.1301507583993953e-05,79,1,1,same_source_cyclic_next_latent,False,ljonly_r16_d8,8,-1.523587343399413e-06
validation,lj_noisy,15,125,1.4719067621626891e-05,7.343651668634266e-05,0.7995674592724212,1.5549390809610486e-05,79,1,1,same_source_cyclic_next_latent,False,r16_d8,3456456,1.865681406343356e-05,7.343651668634266e-05,0.7459463642166015,1.827774576668162e-05,79,1,1,same_source_cyclic_next_latent,False,ljonly_r16_d8,8,-3.93774644180667e-06
validation,lj_noisy,15,149,2.1314117475412783e-05,0.0001065276956069,0.7999194730161181,2.184716868214309e-05,79,1,1,same_source_cyclic_next_latent,False,r16_d8,3456456,2.665730607986916e-05,0.0001065276956069,0.7497617316511687,2.4939032300608236e-05,79,1,1,same_source_cyclic_next_latent,False,ljonly_r16_d8,8,-5.343188604456376e-06
validation,lj_noisy,15,175,2.855410275515169e-05,0.0001508055138401,0.8106561091299701,2.880228566937149e-05,79,1,1,same_source_cyclic_next_latent,False,r16_d8,3456456,3.4653527109185234e-05,0.0001508055138401,0.7702104768800908,3.321666008559987e-05,79,1,1,same_source_cyclic_next_latent,False,ljonly_r16_d8,8,-6.099424354033545e-06
validation,lj_noisy,15,199,3.796662349486724e-05,0.0002030775794992,0.813043746195465,3.80375531676691e-05,79,1,1,same_source_cyclic_next_latent,False,r16_d8,3456456,4.449982588994317e-05,0.0002030775794992,0.7808727777843463,4.3639032810460776e-05,79,1,1,same_source_cyclic_next_latent,False,ljonly_r16_d8,8,-6.533202395075925e-06
validation,lj_noisy,79,0,1.1173088978466694e-06,0.0,,2.1609419036394684e-06,75,1,1,same_source_cyclic_next_latent,False,r16_d8,3456456,1.2430875813151945e-06,0.0,,2.787863422781811e-06,75,1,1,same_source_cyclic_next_latent,False,ljonly_r16_d8,8,-1.2577868346852504e-07
validation,lj_noisy,79,5,7.212965442704444e-07,1.0333684485885897e-07,-5.980051938450571,1.6986650734907016e-06,75,1,1,same_source_cyclic_next_latent,False,r16_d8,3456456,9.086981549444316e-07,1.0333684485885897e-07,-7.7935542853622355,2.38297252508346e-06,75,1,1,same_source_cyclic_next_latent,False,ljonly_r16_d8,8,-1.874016106739872e-07
validation,lj_noisy,79,10,4.101220554275642e-07,4.55465340110095e-07,0.0995537545657599,1.274045871468843e-06,75,1,1,same_source_cyclic_next_latent,False,r16_d8,3456456,6.475715963460971e-07,4.55465340110095e-07,-0.4217801868075541,2.0309278170316247e-06,75,1,1,same_source_cyclic_next_latent,False,ljonly_r16_d8,8,-2.3744954091853288e-07
validation,lj_noisy,79,25,3.211893613297434e-07,3.182375849064556e-06,0.899072461405162,7.160885502344172e-07,75,1,1,same_source_cyclic_next_latent,False,r16_d8,3456456,5.472519433169509e-07,3.182375849064556e-06,0.8280366715710801,1.7212857983395224e-06,75,1,1,same_source_cyclic_next_latent,False,ljonly_r16_d8,8,-2.2606258198720752e-07
validation,lj_noisy,79,50,1.9432300177868456e-06,1.3238345673016738e-05,0.8532120201584051,1.6301680716424016e-06,75,1,1,same_source_cyclic_next_latent,False,r16_d8,3456456,1.9316519228596007e-06,1.3238345673016738e-05,0.8540866079062417,3.1846086585574085e-06,75,1,1,same_source_cyclic_next_latent,False,ljonly_r16_d8,8,1.157809492724482e-08
validation,lj_noisy,79,75,4.183370947430376e-06,3.010093496413901e-05,0.8610218934257601,3.879250471072737e-06,75,1,1,same_source_cyclic_next_latent,False,r16_d8,3456456,4.583142526826123e-06,3.010093496413901e-05,0.8477408581399121,6.102907263993984e-06,75,1,1,same_source_cyclic_next_latent,False,ljonly_r16_d8,8,-3.997715793957468e-07
validation,lj_noisy,79,100,7.03262276147143e-06,5.402554961619899e-05,0.8698278349515806,7.0308656177076045e-06,75,1,1,same_source_cyclic_next_latent,False,r16_d8,3456456,7.903121513663791e-06,5.402554961619899e-05,0.853715111279606,9.24692358239554e-06,75,1,1,same_source_cyclic_next_latent,False,ljonly_r16_d8,8,-8.704987521923613e-07
validation,lj_noisy,79,125,1.1320547855575567e-05,8.518932736478746e-05,0.8671130738349409,1.1311650268908124e-05,75,1,1,same_source_cyclic_next_latent,False,r16_d8,3456456,1.2352209523669444e-05,8.518932736478746e-05,0.8550028518152714,1.3190121535444632e-05,75,1,1,same_source_cyclic_next_latent,False,ljonly_r16_d8,8,-1.0316616680938767e-06
validation,lj_noisy,79,149,1.6788641005405225e-05,0.0001221718266606,0.862581730466874,1.696875006018672e-05,75,1,1,same_source_cyclic_next_latent,False,r16_d8,3456456,1.8319404262001623e-05,0.0001221718266606,0.8500521375284912,1.829214852477889e-05,75,1,1,same_source_cyclic_next_latent,False,ljonly_r16_d8,8,-1.530763256596398e-06
validation,lj_noisy,79,175,2.4442342692054808e-05,0.0001701186993159,0.8563218341643808,2.566382499935571e-05,75,1,1,same_source_cyclic_next_latent,False,r16_d8,3456456,2.728123217821121e-05,0.0001701186993159,0.8396341361184172,2.5839117370196615e-05,75,1,1,same_source_cyclic_next_latent,False,ljonly_r16_d8,8,-2.8388894861564006e-06
validation,lj_noisy,79,199,3.385434683877975e-05,0.0002213792467955,0.8470753364246234,3.670815567602404e-05,75,1,1,same_source_cyclic_next_latent,False,r16_d8,3456456,3.833347000181675e-05,0.0002213792467955,0.8268425312819914,3.4989603591384366e-05,75,1,1,same_source_cyclic_next_latent,False,ljonly_r16_d8,8,-4.479123163037002e-06
validation,lj_noisy,75,0,1.3185298257667457e-06,0.0,,6.622225896535383e-07,181,1,1,same_source_cyclic_next_latent,False,r16_d8,3456456,1.7036886674759444e-06,0.0,,5.511477070285764e-07,181,1,1,same_source_cyclic_next_latent,False,ljonly_r16_d8,8,-3.851588417091987e-07
validation,lj_noisy,75,5,9.532712965665268e-07,9.145860246917437e-08,-9.422981226810478,3.741783700661472e-07,181,1,1,same_source_cyclic_next_latent,False,r16_d8,3456456,1.3676144590135664e-06,9.145860246917437e-08,-13.953371493671288,3.268215493790194e-07,181,1,1,same_source_cyclic_next_latent,False,ljonly_r16_d8,8,-4.143431624470396e-07
validation,lj_noisy,75,10,6.7147908566767e-07,3.900833291936579e-07,-0.7213734487338539,1.960721789373565e-07,181,1,1,same_source_cyclic_next_latent,False,r16_d8,3456456,1.1200838798686163e-06,3.900833291936579e-07,-1.8713964326133707,1.987079514265133e-07,181,1,1,same_source_cyclic_next_latent,False,ljonly_r16_d8,8,-4.4860479420094634e-07
validation,lj_noisy,75,25,4.949815775034949e-07,2.673331437108573e-06,0.8148446651123595,4.654395979741821e-07,181,1,1,same_source_cyclic_next_latent,False,r16_d8,3456456,1.0069115887745284e-06,2.673331437108573e-06,0.6233495125978147,4.796397092832194e-07,181,1,1,same_source_cyclic_next_latent,False,ljonly_r16_d8,8,-5.119300112710334e-07
validation,lj_noisy,75,50,1.974278575289645e-06,1.1298255230940413e-05,0.8252581009249058,2.9287352845130954e-06,181,1,1,same_source_cyclic_next_latent,False,r16_d8,3456456,2.434898988212808e-06,1.1298255230940413e-05,0.7844889375888051,2.478288479323965e-06,181,1,1,same_source_cyclic_next_latent,False,ljonly_r16_d8,8,-4.6062041292316323e-07
validation,lj_noisy,75,75,4.9900922931556124e-06,2.6090825485880487e-05,0.8087414943672024,6.482924163719872e-06,181,1,1,same_source_cyclic_next_latent,False,r16_d8,3456456,5.461623004521243e-06,2.6090825485880487e-05,0.7906688307935332,5.842613518325379e-06,181,1,1,same_source_cyclic_next_latent,False,ljonly_r16_d8,8,-4.7153071136563085e-07
validation,lj_noisy,75,100,9.243407475878485e-06,4.721252480521798e-05,0.8042170480394031,1.0477086107130162e-05,181,1,1,same_source_cyclic_next_latent,False,r16_d8,3456456,9.576149750500916e-06,4.721252480521798e-05,0.7971692937412542,1.0790236046887005e-05,181,1,1,same_source_cyclic_next_latent,False,ljonly_r16_d8,8,-3.327422746224312e-07
validation,lj_noisy,75,125,1.5164651813392991e-05,7.473392179235816e-05,0.7970847581701026,1.5831299606361426e-05,181,1,1,same_source_cyclic_next_latent,False,r16_d8,3456456,1.5159029317146633e-05,7.473392179235816e-05,0.7971599916934012,1.786454777175095e-05,181,1,1,same_source_cyclic_next_latent,False,ljonly_r16_d8,8,5.622496246358548e-09
validation,lj_noisy,75,149,2.287297866132576e-05,0.0001070998841896,0.7864332082673446,2.29111665248638e-05,181,1,1,same_source_cyclic_next_latent,False,r16_d8,3456456,2.2025233192835003e-05,0.0001070998841896,0.7943486740487031,2.6596602765494023e-05,181,1,1,same_source_cyclic_next_latent,False,ljonly_r16_d8,8,8.47745468490757e-07
validation,lj_noisy,75,175,3.4260017855558544e-05,0.0001485866087023,0.769427284499129,3.333150743856095e-05,181,1,1,same_source_cyclic_next_latent,False,r16_d8,3456456,3.144189759041183e-05,0.0001485866087023,0.7883934638187784,3.818017285084352e-05,181,1,1,same_source_cyclic_next_latent,False,ljonly_r16_d8,8,2.8181202651467174e-06
validation,lj_noisy,75,199,4.75949673273135e-05,0.0001919504866236,0.7520456021524802,4.548426659312099e-05,181,1,1,same_source_cyclic_next_latent,False,r16_d8,3456456,4.1757328290259466e-05,0.0001919504866236,0.7824578149045046,5.08043376612477e-05,181,1,1,same_source_cyclic_next_latent,False,ljonly_r16_d8,8,5.837639037054032e-06
validation,lj_noisy,181,0,1.1101423069703742e-06,0.0,,1.239056928170612e-06,31,1,1,same_source_cyclic_next_latent,False,r16_d8,3456456,9.674189413999557e-07,0.0,,1.339937398370239e-06,31,1,1,same_source_cyclic_next_latent,False,ljonly_r16_d8,8,1.4272336557041854e-07
validation,lj_noisy,181,5,7.490660891562584e-07,8.917994165358324e-08,-7.399490684418508,8.579810923947662e-07,31,1,1,same_source_cyclic_next_latent,False,r16_d8,3456456,6.822559157626529e-07,8.917994165358324e-08,-6.650329245704771,1.0421678098282428e-06,31,1,1,same_source_cyclic_next_latent,False,ljonly_r16_d8,8,6.681017339360551e-08
validation,lj_noisy,181,10,4.789584977515915e-07,3.5931097386310284e-07,-0.3329915660579692,5.756563723480213e-07,31,1,1,same_source_cyclic_next_latent,False,r16_d8,3456456,4.755378029130952e-07,3.5931097386310284e-07,-0.3234714147480357,8.417044909947435e-07,31,1,1,same_source_cyclic_next_latent,False,ljonly_r16_d8,8,3.4206948384962743e-09
validation,lj_noisy,181,25,2.3520027525592013e-07,2.322475211258279e-06,0.8987286175905006,2.841305501988245e-07,31,1,1,same_source_cyclic_next_latent,False,r16_d8,3456456,3.1755601526128885e-07,2.322475211258279e-06,0.8632682864721548,7.137430202419637e-07,31,1,1,same_source_cyclic_next_latent,False,ljonly_r16_d8,8,-8.235574000536872e-08
validation,lj_noisy,181,50,1.2079038924639462e-06,9.647412298363632e-06,0.8747950377668811,1.154353753918258e-06,31,1,1,same_source_cyclic_next_latent,False,r16_d8,3456456,1.1880480315085151e-06,9.647412298363632e-06,0.8768531918439902,1.8445051637172585e-06,31,1,1,same_source_cyclic_next_latent,False,ljonly_r16_d8,8,1.9855860955431126e-08
validation,lj_noisy,181,75,3.091129201493459e-06,2.220537317043636e-05,0.8607936386491849,3.0814067031315062e-06,31,1,1,same_source_cyclic_next_latent,False,r16_d8,3456456,3.2329112400475424e-06,2.220537317043636e-05,0.8544086057354914,4.60150113212876e-06,31,1,1,same_source_cyclic_next_latent,False,ljonly_r16_d8,8,-1.4178203855408356e-07
validation,lj_noisy,181,100,6.289867542363936e-06,4.0102699131239206e-05,0.8431560049915878,6.349008799588773e-06,31,1,1,same_source_cyclic_next_latent,False,r16_d8,3456456,6.394738193193916e-06,4.0102699131239206e-05,0.8405409528105169,8.207265636883676e-06,31,1,1,same_source_cyclic_next_latent,False,ljonly_r16_d8,8,-1.0487065082998015e-07
validation,lj_noisy,181,125,1.1311275557090994e-05,6.356189987855032e-05,0.8220431488249439,1.1147401892230846e-05,31,1,1,same_source_cyclic_next_latent,False,r16_d8,3456456,1.0698036930989474e-05,6.356189987855032e-05,0.8316910452420311,1.2766989129886497e-05,31,1,1,same_source_cyclic_next_latent,False,ljonly_r16_d8,8,6.132386261015199e-07
validation,lj_noisy,181,149,1.702132612990681e-05,9.170166595140472e-05,0.8143836760945337,1.6574302208027802e-05,31,1,1,same_source_cyclic_next_latent,False,r16_d8,3456456,1.6225347280851565e-05,9.170166595140472e-05,0.8230637675715746,1.868508661573287e-05,31,1,1,same_source_cyclic_next_latent,False,ljonly_r16_d8,8,7.959788490552455e-07
validation,lj_noisy,181,175,2.383753781032283e-05,0.0001289811043534,0.8151858140010835,2.321349165868014e-05,31,1,1,same_source_cyclic_next_latent,False,r16_d8,3456456,2.3785263692843728e-05,0.0001289811043534,0.8155910990832755,2.534551458666101e-05,31,1,1,same_source_cyclic_next_latent,False,ljonly_r16_d8,8,5.2274117479100823e-08
validation,lj_noisy,181,199,3.1740579288452864e-05,0.0001695594837656,0.8128056385667779,3.0840954423183575e-05,31,1,1,same_source_cyclic_next_latent,False,r16_d8,3456456,3.241144440835342e-05,0.0001695594837656,0.8088491207418719,3.1571929866913706e-05,31,1,1,same_source_cyclic_next_latent,False,ljonly_r16_d8,8,-6.708651199005544e-07
validation,lj_noisy,31,0,1.1384929621272022e-06,0.0,,5.090724357614818e-07,142,1,1,same_source_cyclic_next_latent,False,r16_d8,3456456,1.242421262759308e-06,0.0,,6.704375437038834e-07,142,1,1,same_source_cyclic_next_latent,False,ljonly_r16_d8,8,-1.0392830063210589e-07
validation,lj_noisy,31,5,7.353201567639189e-07,1.0181967979860929e-07,-6.221788147618613,2.31956860829996e-07,142,1,1,same_source_cyclic_next_latent,False,r16_d8,3456456,9.175049626719556e-07,1.0181967979860929e-07,-8.011076881077438,4.1187681176779734e-07,142,1,1,same_source_cyclic_next_latent,False,ljonly_r16_d8,8,-1.8218480590803665e-07
validation,lj_noisy,31,10,4.287159072191571e-07,4.309611654207402e-07,0.0052098852094736,8.645509552707153e-08,142,1,1,same_source_cyclic_next_latent,False,r16_d8,3456456,6.742637310708233e-07,4.309611654207402e-07,-0.5645579814890072,2.463237933625351e-07,142,1,1,same_source_cyclic_next_latent,False,ljonly_r16_d8,8,-2.455478238516662e-07
validation,lj_noisy,31,25,1.8463354933828668e-07,2.8248798571439693e-06,0.934640211734542,4.804938953384408e-07,142,1,1,same_source_cyclic_next_latent,False,r16_d8,3456456,4.4173785340717597e-07,2.8248798571439693e-06,0.8436259679185844,2.4729084202590457e-07,142,1,1,same_source_cyclic_next_latent,False,ljonly_r16_d8,8,-2.571043040688893e-07
validation,lj_noisy,31,50,1.1784889011323685e-06,1.1657663890218828e-05,0.8989086568089203,2.957514652734972e-06,142,1,1,same_source_cyclic_next_latent,False,r16_d8,3456456,1.0753778951766435e-06,1.1657663890218828e-05,0.9077535683560992,1.0657814755177242e-06,142,1,1,same_source_cyclic_next_latent,False,ljonly_r16_d8,8,1.0311100595572498e-07
validation,lj_noisy,31,75,2.726646698647528e-06,2.6905094273388382e-05,0.8986568613757123,5.871559551451355e-06,142,1,1,same_source_cyclic_next_latent,False,r16_d8,3456456,2.7405080800235737e-06,2.6905094273388382e-05,0.898141665954533,2.7652806693367893e-06,142,1,1,same_source_cyclic_next_latent,False,ljonly_r16_d8,8,-1.3861381376045756e-08
validation,lj_noisy,31,100,4.794990218215389e-06,4.89304875372909e-05,0.9020040375734856,8.326330316776875e-06,142,1,1,same_source_cyclic_next_latent,False,r16_d8,3456456,5.231670911598485e-06,4.89304875372909e-05,0.8930795261827031,5.594503818429075e-06,142,1,1,same_source_cyclic_next_latent,False,ljonly_r16_d8,8,-4.366806933830958e-07
validation,lj_noisy,31,125,8.559739399061073e-06,7.90988706285134e-05,0.8917843032265056,1.2086768947483506e-05,142,1,1,same_source_cyclic_next_latent,False,r16_d8,3456456,9.11071492737392e-06,7.90988706285134e-05,0.8848186471566422,1.0104057764692698e-05,142,1,1,same_source_cyclic_next_latent,False,ljonly_r16_d8,8,-5.50975528312847e-07
validation,lj_noisy,31,149,1.5909974536043592e-05,0.0001173974960693,0.8644777353117501,1.984101254492998e-05,142,1,1,same_source_cyclic_next_latent,False,r16_d8,3456456,1.604212047823239e-05,0.0001173974960693,0.8633521070265372,1.7755392036633566e-05,142,1,1,same_source_cyclic_next_latent,False,ljonly_r16_d8,8,-1.3214594218879938e-07
validation,lj_noisy,31,175,3.289183587185107e-05,0.0001739394210744,0.8109006246619057,3.778772952500731e-05,142,1,1,same_source_cyclic_next_latent,False,r16_d8,3456456,3.099465538980439e-05,0.0001739394210744,0.8218077581358896,3.363391078892164e-05,142,1,1,same_source_cyclic_next_latent,False,ljonly_r16_d8,8,1.8971804820466787e-06
validation,lj_noisy,31,199,5.841450183652341e-05,0.0002400137454969,0.7566201814168255,6.461142038460821e-05,142,1,1,same_source_cyclic_next_latent,False,r16_d8,3456456,5.3304407629184425e-05,0.0002400137454969,0.777911021225845,5.5734621128067374e-05,142,1,1,same_source_cyclic_next_latent,False,ljonly_r16_d8,8,5.110094207338982e-06
validation,lj_noisy,142,0,6.531296321554692e-07,0.0,,8.028649745028815e-07,157,1,1,same_source_cyclic_next_latent,False,r16_d8,3456456,9.258686191060406e-07,0.0,,9.745496072355309e-07,157,1,1,same_source_cyclic_next_latent,False,ljonly_r16_d8,8,-2.727389869505714e-07
validation,lj_noisy,142,5,3.502890422169003e-07,9.436170955723357e-08,-2.712194743615133,4.84952920487558e-07,157,1,1,same_source_cyclic_next_latent,False,r16_d8,3456456,6.486835104624333e-07,9.436170955723357e-08,-5.874435759019234,7.223096645248006e-07,157,1,1,same_source_cyclic_next_latent,False,ljonly_r16_d8,8,-2.98394468245533e-07
validation,lj_noisy,142,10,1.6865990914993745e-07,3.835527593309962e-07,0.5602693370160629,2.71941388518826e-07,157,1,1,same_source_cyclic_next_latent,False,r16_d8,3456456,4.715839168056846e-07,3.835527593309962e-07,-0.2295151197145208,5.462252943289059e-07,157,1,1,same_source_cyclic_next_latent,False,ljonly_r16_d8,8,-3.0292400765574717e-07
validation,lj_noisy,142,25,3.3345986594213173e-07,2.477869657013798e-06,0.8654247752708669,2.652513160228409e-07,157,1,1,same_source_cyclic_next_latent,False,r16_d8,3456456,4.7011138804009533e-07,2.477869657013798e-06,0.8102759817452829,4.91080697884172e-07,157,1,1,same_source_cyclic_next_latent,False,ljonly_r16_d8,8,-1.366515220979636e-07
validation,lj_noisy,142,50,2.2279004951997194e-06,1.0261092029395512e-05,0.7828788116491567,1.7686259070615051e-06,157,1,1,same_source_cyclic_next_latent,False,r16_d8,3456456,1.738652372296201e-06,1.0261092029395512e-05,0.8305587390391405,1.7226618638233049e-06,157,1,1,same_source_cyclic_next_latent,False,ljonly_r16_d8,8,4.892481229035184e-07
validation,lj_noisy,142,75,4.809526217286475e-06,2.352078990952577e-05,0.7955202084714575,4.1485827750875615e-06,157,1,1,same_source_cyclic_next_latent,False,r16_d8,3456456,4.446686034498271e-06,2.352078990952577e-05,0.8109465689033942,4.776542027684627e-06,157,1,1,same_source_cyclic_next_latent,False,ljonly_r16_d8,8,3.628401827882044e-07
validation,lj_noisy,142,100,8.087203241302632e-06,4.234289735904895e-05,0.8090068524898817,7.746401024633087e-06,157,1,1,same_source_cyclic_next_latent,False,r16_d8,3456456,8.699914360477123e-06,4.234289735904895e-05,0.7945366306253038,9.626442988519557e-06,157,1,1,same_source_cyclic_next_latent,False,ljonly_r16_d8,8,-6.127111191744916e-07
validation,lj_noisy,142,125,1.264719230675837e-05,6.57610289636068e-05,0.8076795253043025,1.3115623005433008e-05,157,1,1,same_source_cyclic_next_latent,False,r16_d8,3456456,1.419106683897553e-05,6.57610289636068e-05,0.784202481885904,1.5719855582574382e-05,157,1,1,same_source_cyclic_next_latent,False,ljonly_r16_d8,8,-1.5438745322171599e-06
validation,lj_noisy,142,149,1.8348167941439897e-05,9.220665378961712e-05,0.8010103697797785,1.963014256034512e-05,157,1,1,same_source_cyclic_next_latent,False,r16_d8,3456456,2.0742712877108715e-05,9.220665378961712e-05,0.775041040699338,2.3305770810111422e-05,157,1,1,same_source_cyclic_next_latent,False,ljonly_r16_d8,8,-2.3945449356688187e-06
validation,lj_noisy,142,175,2.574714926595334e-05,0.0001260444259969,0.795729568663544,2.7389663955545984e-05,157,1,1,same_source_cyclic_next_latent,False,r16_d8,3456456,2.9507989893318157e-05,0.0001260444259969,0.7658921474716243,3.4823096939362586e-05,157,1,1,same_source_cyclic_next_latent,False,ljonly_r16_d8,8,-3.7608406273648177e-06
validation,lj_noisy,142,199,3.334590655867942e-05,0.000161461342941,0.7934743638862429,3.508492591208778e-05,157,1,1,same_source_cyclic_next_latent,False,r16_d8,3456456,3.917928188457154e-05,0.000161461342941,0.7573457449881434,5.173199315322563e-05,157,1,1,same_source_cyclic_next_latent,False,ljonly_r16_d8,8,-5.833375325892121e-06
validation,lj_noisy,157,0,7.214597417259938e-07,0.0,,3.573773483367404e-06,12,1,1,same_source_cyclic_next_latent,False,r16_d8,3456456,9.058659884431108e-07,0.0,,2.3163040623330744e-06,12,1,1,same_source_cyclic_next_latent,False,ljonly_r16_d8,8,-1.8440624671711703e-07
validation,lj_noisy,157,5,4.304510810015927e-07,9.083687757538429e-08,-3.7387260823047033,3.0996391160442727e-06,12,1,1,same_source_cyclic_next_latent,False,r16_d8,3456456,6.676883685940993e-07,9.083687757538429e-08,-6.350410828905847,1.996775154111674e-06,12,1,1,same_source_cyclic_next_latent,False,ljonly_r16_d8,8,-2.3723728759250662e-07
validation,lj_noisy,157,10,2.463217469994561e-07,3.649991242582473e-07,0.3251442794553765,2.680398665688699e-06,12,1,1,same_source_cyclic_next_latent,False,r16_d8,3456456,5.026435587751621e-07,3.649991242582473e-07,-0.3771089445670215,1.823958882596344e-06,12,1,1,same_source_cyclic_next_latent,False,ljonly_r16_d8,8,-2.56321811775706e-07
validation,lj_noisy,157,25,2.886857544126542e-07,2.373865527260932e-06,0.8783900136307417,2.0161767224635696e-06,12,1,1,same_source_cyclic_next_latent,False,r16_d8,3456456,4.437738994056417e-07,2.373865527260932e-06,0.8130585349888428,2.4500734525645385e-06,12,1,1,same_source_cyclic_next_latent,False,ljonly_r16_d8,8,-1.550881449929875e-07
validation,lj_noisy,157,50,1.6564567886234729e-06,9.819269507715944e-06,0.8313054970818516,2.9607788292196342e-06,12,1,1,same_source_cyclic_next_latent,False,r16_d8,3456456,1.4162492334435228e-06,9.819269507715944e-06,0.8557683713304091,7.155900675570592e-06,12,1,1,same_source_cyclic_next_latent,False,ljonly_r16_d8,8,2.4020755517995006e-07
validation,lj_noisy,157,75,3.555158855306217e-06,2.281349952681921e-05,0.844164247965253,6.641559593845159e-06,12,1,1,same_source_cyclic_next_latent,False,r16_d8,3456456,3.569168484318652e-06,2.281349952681921e-05,0.8435501541478636,1.4170492249832025e-05,12,1,1,same_source_cyclic_next_latent,False,ljonly_r16_d8,8,-1.4009629012435167e-08
validation,lj_noisy,157,100,6.083685548219364e-06,4.15882641391363e-05,0.8537162905413415,1.2299393347348088e-05,12,1,1,same_source_cyclic_next_latent,False,r16_d8,3456456,6.94391655997606e-06,4.15882641391363e-05,0.8330318251142984,2.0687335563707165e-05,12,1,1,same_source_cyclic_next_latent,False,ljonly_r16_d8,8,-8.602310117566958e-07
validation,lj_noisy,157,125,1.0295744687027764e-05,6.644261884503067e-05,0.8450430632326318,1.7849592040874995e-05,12,1,1,same_source_cyclic_next_latent,False,r16_d8,3456456,1.1556119716260582e-05,6.644261884503067e-05,0.826073687083078,2.957171636808198e-05,12,1,1,same_source_cyclic_next_latent,False,ljonly_r16_d8,8,-1.2603750292328186e-06
validation,lj_noisy,157,149,1.6176671124412678e-05,9.61377882049419e-05,0.8317345195218343,2.3354003133135848e-05,12,1,1,same_source_cyclic_next_latent,False,r16_d8,3456456,1.7626482076593675e-05,9.61377882049419e-05,0.8166539671266579,4.1779796447372064e-05,12,1,1,same_source_cyclic_next_latent,False,ljonly_r16_d8,8,-1.4498109521809965e-06
validation,lj_noisy,157,175,2.348867565160617e-05,0.0001335744454991,0.8241529241327589,3.092004044447094e-05,12,1,1,same_source_cyclic_next_latent,False,r16_d8,3456456,2.5979163183365017e-05,0.0001335744454991,0.8055079840586825,5.497309030033648e-05,12,1,1,same_source_cyclic_next_latent,False,ljonly_r16_d8,8,-2.4904875317588482e-06
validation,lj_noisy,157,199,3.189948984072544e-05,0.0001735624682623,0.8162074430025953,4.115485717193224e-05,12,1,1,same_source_cyclic_next_latent,False,r16_d8,3456456,3.781438135774806e-05,0.0001735624682623,0.7821281194239482,6.951126852072775e-05,12,1,1,same_source_cyclic_next_latent,False,ljonly_r16_d8,8,-5.914891517022625e-06
validation,lj_noisy,12,0,1.9320114006404765e-06,0.0,,6.445260964937916e-07,152,1,1,same_source_cyclic_next_latent,False,r16_d8,3456456,1.2120680139560136e-06,0.0,,6.147161570879689e-07,152,1,1,same_source_cyclic_next_latent,False,ljonly_r16_d8,8,7.199433866844629e-07
validation,lj_noisy,12,5,1.445323050575098e-06,1.0223686786048348e-07,-13.137004397938362,3.33703752630754e-07,152,1,1,same_source_cyclic_next_latent,False,r16_d8,3456456,8.758660214880365e-07,1.0223686786048348e-07,-7.56702713822648,3.576976723707048e-07,152,1,1,same_source_cyclic_next_latent,False,ljonly_r16_d8,8,5.694570290870615e-07
validation,lj_noisy,12,10,1.0402523002994712e-06,4.424935866609303e-07,-1.3508867284365542,1.630853319056769e-07,152,1,1,same_source_cyclic_next_latent,False,r16_d8,3456456,6.599981929866772e-07,4.424935866609303e-07,-0.4915429576438452,2.2051642645237735e-07,152,1,1,same_source_cyclic_next_latent,False,ljonly_r16_d8,8,3.802541073127941e-07
validation,lj_noisy,12,25,7.949635687509726e-07,3.1844713248574408e-06,0.7503624659623648,7.095237606336013e-07,152,1,1,same_source_cyclic_next_latent,False,r16_d8,3456456,9.482323548581916e-07,3.1844713248574408e-06,0.7022324090481044,6.307100761659967e-07,152,1,1,same_source_cyclic_next_latent,False,ljonly_r16_d8,8,-1.5326878610721895e-07
validation,lj_noisy,12,50,3.4447409689164488e-06,1.4166832443152089e-05,0.756844659330918,4.828148576052627e-06,152,1,1,same_source_cyclic_next_latent,False,r16_d8,3456456,4.004273705504602e-06,1.4166832443152089e-05,0.7173486930425176,3.539335011737421e-06,152,1,1,same_source_cyclic_next_latent,False,ljonly_r16_d8,8,-5.595327365881531e-07
validation,lj_noisy,12,75,8.727310159883928e-06,3.3046842872863635e-05,0.7359109251840107,1.1338883268763311e-05,152,1,1,same_source_cyclic_next_latent,False,r16_d8,3456456,9.683508324087596e-06,3.3046842872863635e-05,0.7069762953955521,9.030015462485608e-06,152,1,1,same_source_cyclic_next_latent,False,ljonly_r16_d8,8,-9.561981642036682e-07
validation,lj_noisy,12,100,1.4416943486139644e-05,5.7156557886628434e-05,0.7477639658648437,1.7313239368377253e-05,152,1,1,same_source_cyclic_next_latent,False,r16_d8,3456456,1.538367723696865e-05,5.7156557886628434e-05,0.730850180525521,1.5477904526051134e-05,152,1,1,same_source_cyclic_next_latent,False,ljonly_r16_d8,8,-9.667337508290075e-07
validation,lj_noisy,12,125,2.164607758459169e-05,8.803003584034741e-05,0.7541057733538886,2.4825287255225703e-05,152,1,1,same_source_cyclic_next_latent,False,r16_d8,3456456,2.2945321688894182e-05,8.803003584034741e-05,0.7393466733274066,2.4050616048043597e-05,152,1,1,same_source_cyclic_next_latent,False,ljonly_r16_d8,8,-1.2992441043024917e-06
validation,lj_noisy,12,149,3.0748564313398674e-05,0.0001241997088072,0.7524264379628255,3.466770795057528e-05,152,1,1,same_source_cyclic_next_latent,False,r16_d8,3456456,3.27330271829851e-05,0.0001241997088072,0.7364484385887233,3.453579483903013e-05,152,1,1,same_source_cyclic_next_latent,False,ljonly_r16_d8,8,-1.984462869586423e-06
validation,lj_noisy,12,175,4.195344808977097e-05,0.0001689234195509,0.7516422044895523,4.71256316814106e-05,152,1,1,same_source_cyclic_next_latent,False,r16_d8,3456456,4.335601988714188e-05,0.0001689234195509,0.743339200672207,4.672171053243801e-05,152,1,1,same_source_cyclic_next_latent,False,ljonly_r16_d8,8,-1.4025717973709106e-06
validation,lj_noisy,12,199,5.282142956275493e-05,0.000215836931602,0.7552715878108718,5.947563113295473e-05,152,1,1,same_source_cyclic_next_latent,False,r16_d8,3456456,5.245407737675123e-05,0.000215836931602,0.756973577286338,5.830546797369607e-05,152,1,1,same_source_cyclic_next_latent,False,ljonly_r16_d8,8,3.673521860036999e-07
validation,lj_noisy,152,0,1.05143999462598e-06,0.0,,1.132709599005466e-06,29,1,1,same_source_cyclic_next_latent,False,r16_d8,3456456,1.0608391676214524e-06,0.0,,1.1504887424962362e-06,29,1,1,same_source_cyclic_next_latent,False,ljonly_r16_d8,8,-9.399172995472327e-09
validation,lj_noisy,152,5,6.759743769180204e-07,9.695842351220565e-08,-5.97179628578558,7.190948849711276e-07,29,1,1,same_source_cyclic_next_latent,False,r16_d8,3456456,7.549155611741298e-07,9.695842351220565e-08,-6.785971902473199,7.861320909796632e-07,29,1,1,same_source_cyclic_next_latent,False,ljonly_r16_d8,8,-7.894118425610941e-08
validation,lj_noisy,152,10,3.963129699968704e-07,4.1400659256396477e-07,0.042737538205652,4.010145744359761e-07,29,1,1,same_source_cyclic_next_latent,False,r16_d8,3456456,5.31731359387777e-07,4.1400659256396477e-07,-0.2843548120689014,5.169444534658396e-07,29,1,1,same_source_cyclic_next_latent,False,ljonly_r16_d8,8,-1.3541838939090667e-07
validation,lj_noisy,152,25,2.259675255800176e-07,2.7664339086186374e-06,0.918318118905342,2.2522687004311595e-07,29,1,1,same_source_cyclic_next_latent,False,r16_d8,3456456,4.128921773371985e-07,2.7664339086186374e-06,0.850749307239598,3.271848640906683e-07,29,1,1,same_source_cyclic_next_latent,False,ljonly_r16_d8,8,-1.8692465175718093e-07
validation,lj_noisy,152,50,1.395722279085021e-06,1.1517513485159723e-05,0.8788173957092905,1.868501954049861e-06,29,1,1,same_source_cyclic_next_latent,False,r16_d8,3456456,1.474401869927533e-06,1.1517513485159723e-05,0.8719860956249545,1.175680267806456e-06,29,1,1,same_source_cyclic_next_latent,False,ljonly_r16_d8,8,-7.867959084251197e-08
validation,lj_noisy,152,75,3.1802139801584417e-06,2.6382193027529866e-05,0.8794560415489386,4.504974640440196e-06,29,1,1,same_source_cyclic_next_latent,False,r16_d8,3456456,3.403192522455356e-06,2.6382193027529866e-05,0.8710041838104923,2.932509687525453e-06,29,1,1,same_source_cyclic_next_latent,False,ljonly_r16_d8,8,-2.2297854229691438e-07
validation,lj_noisy,152,100,5.428756594483275e-06,4.726915722130798e-05,0.8851522448545771,7.150249530241126e-06,29,1,1,same_source_cyclic_next_latent,False,r16_d8,3456456,5.806634362670593e-06,4.726915722130798e-05,0.8771580729589763,5.499284270626959e-06,29,1,1,same_source_cyclic_next_latent,False,ljonly_r16_d8,8,-3.77877768187318e-07
validation,lj_noisy,152,125,8.490834261465352e-06,7.386328070424497e-05,0.8850466134118332,1.0102951819135342e-05,29,1,1,same_source_cyclic_next_latent,False,r16_d8,3456456,9.06127843336435e-06,7.386328070424497e-05,0.8773236397439954,8.839465408527758e-06,29,1,1,same_source_cyclic_next_latent,False,ljonly_r16_d8,8,-5.704441718989983e-07
validation,lj_noisy,152,149,1.2279831935302354e-05,0.0001050939827109,0.8831538055887124,1.4217587704479229e-05,29,1,1,same_source_cyclic_next_latent,False,r16_d8,3456456,1.3485077033692504e-05,0.0001050939827109,0.8716855457768748,1.2988882190256844e-05,29,1,1,same_source_cyclic_next_latent,False,ljonly_r16_d8,8,-1.2052450983901491e-06
validation,lj_noisy,152,175,1.750392038957216e-05,0.0001450929412385,0.8793606343619829,2.060080078081228e-05,29,1,1,same_source_cyclic_next_latent,False,r16_d8,3456456,2.013297307712492e-05,0.0001450929412385,0.8612408508279901,1.8482636733097024e-05,29,1,1,same_source_cyclic_next_latent,False,ljonly_r16_d8,8,-2.629052687552761e-06
validation,lj_noisy,152,199,2.398756987531669e-05,0.0001877725881058,0.8722520144325234,2.880462307075504e-05,29,1,1,same_source_cyclic_next_latent,False,r16_d8,3456456,2.8409140213625506e-05,0.0001877725881058,0.8487045393568975,2.4534685508115217e-05,29,1,1,same_source_cyclic_next_latent,False,ljonly_r16_d8,8,-4.4215703383088146e-06
validation,lj_noisy,29,0,1.1738211469491944e-06,0.0,,2.300646883668378e-06,95,1,1,same_source_cyclic_next_latent,False,r16_d8,3456456,1.2054689477736249e-06,0.0,,2.5118431494774995e-06,95,1,1,same_source_cyclic_next_latent,False,ljonly_r16_d8,8,-3.164780082443052e-08
validation,lj_noisy,29,5,7.702382731622492e-07,9.255531097096537e-08,-7.321924102268678,1.874256668088492e-06,95,1,1,same_source_cyclic_next_latent,False,r16_d8,3456456,8.552690360374982e-07,9.255531097096537e-08,-8.240626248944228,2.1649850623362e-06,95,1,1,same_source_cyclic_next_latent,False,ljonly_r16_d8,8,-8.503076287524891e-08
validation,lj_noisy,29,10,4.531115394001972e-07,3.9399358797709283e-07,-0.1500480038942704,1.4907409422448836e-06,95,1,1,same_source_cyclic_next_latent,False,r16_d8,3456456,5.963880767012597e-07,3.9399358797709283e-07,-0.5136999557869311,1.8741437770586344e-06,95,1,1,same_source_cyclic_next_latent,False,ljonly_r16_d8,8,-1.432765373010625e-07
validation,lj_noisy,29,25,2.16144030673604e-07,2.62467051470594e-06,0.9176490803464448,8.691284847373026e-07,95,1,1,same_source_cyclic_next_latent,False,r16_d8,3456456,4.122596521938249e-07,2.62467051470594e-06,0.8429289886544051,1.6038668491091812e-06,95,1,1,same_source_cyclic_next_latent,False,ljonly_r16_d8,8,-1.9611562152022088e-07
validation,lj_noisy,29,50,1.4948893749533454e-06,1.0715701137087308e-05,0.8604954210808011,1.2347509255050682e-06,95,1,1,same_source_cyclic_next_latent,False,r16_d8,3456456,1.2447728749975797e-06,1.0715701137087308e-05,0.8838365442379323,2.7054045403929194e-06,95,1,1,same_source_cyclic_next_latent,False,ljonly_r16_d8,8,2.501164999557657e-07
validation,lj_noisy,29,75,3.667184955702396e-06,2.4163142370525748e-05,0.848232282893154,3.0492715268337638e-06,95,1,1,same_source_cyclic_next_latent,False,r16_d8,3456456,3.127624722765177e-06,2.4163142370525748e-05,0.870562169654711,5.434019840322435e-06,95,1,1,same_source_cyclic_next_latent,False,ljonly_r16_d8,8,5.395602329372191e-07
validation,lj_noisy,29,100,6.289964403549675e-06,4.288870331947692e-05,0.8533421643294766,6.369491075020051e-06,95,1,1,same_source_cyclic_next_latent,False,r16_d8,3456456,6.004653187119402e-06,4.288870331947692e-05,0.8599945271744197,9.756074177857954e-06,95,1,1,same_source_cyclic_next_latent,False,ljonly_r16_d8,8,2.853112164302729e-07
validation,lj_noisy,29,125,9.951687388820574e-06,6.650677823927253e-05,0.8503658175559606,1.0765966180770192e-05,95,1,1,same_source_cyclic_next_latent,False,r16_d8,3456456,9.863028935797049e-06,6.650677823927253e-05,0.8516988914977559,1.617207635717932e-05,95,1,1,same_source_cyclic_next_latent,False,ljonly_r16_d8,8,8.865845302352512e-08
validation,lj_noisy,29,149,1.496013101132121e-05,9.352853521704674e-05,0.8400474146568849,1.5595003787893802e-05,95,1,1,same_source_cyclic_next_latent,False,r16_d8,3456456,1.4570791790902147e-05,9.352853521704674e-05,0.8442102000519042,2.5773269953788255e-05,95,1,1,same_source_cyclic_next_latent,False,ljonly_r16_d8,8,3.8933922041906213e-07
validation,lj_noisy,29,175,2.220798523921985e-05,0.0001277870032936,0.8262109239060129,2.1990586901665665e-05,95,1,1,same_source_cyclic_next_latent,False,r16_d8,3456456,2.1001003915444016e-05,0.0001277870032936,0.8356561827560258,4.0711111068958417e-05,95,1,1,same_source_cyclic_next_latent,False,ljonly_r16_d8,8,1.206981323775832e-06
validation,lj_noisy,29,199,3.069816011702642e-05,0.0001640301925363,0.8128505512164625,2.984067759825848e-05,95,1,1,same_source_cyclic_next_latent,False,r16_d8,3456456,2.819848850776907e-05,0.0001640301925363,0.8280896457429421,5.8403944422025234e-05,95,1,1,same_source_cyclic_next_latent,False,ljonly_r16_d8,8,2.499671609257348e-06
validation,lj_noisy,95,0,1.5603070551151177e-06,0.0,,6.538212460327486e-07,183,1,1,same_source_cyclic_next_latent,False,r16_d8,3456456,1.643721702748735e-06,0.0,,5.079748461866984e-07,183,1,1,same_source_cyclic_next_latent,False,ljonly_r16_d8,8,-8.341464763361728e-08
validation,lj_noisy,95,5,1.159653720606002e-06,9.315184712477277e-08,-11.449068444694364,3.515223170325044e-07,183,1,1,same_source_cyclic_next_latent,False,r16_d8,3456456,1.305489945480076e-06,9.315184712477277e-08,-13.014643678846545,3.004817017426831e-07,183,1,1,same_source_cyclic_next_latent,False,ljonly_r16_d8,8,-1.458362248740739e-07
validation,lj_noisy,95,10,8.138448492900352e-07,4.062233927015768e-07,-1.0034416134373352,1.5718707402356813e-07,183,1,1,same_source_cyclic_next_latent,False,r16_d8,3456456,1.0173965847570798e-06,4.062233927015768e-07,-1.5045248575935362,1.775187001840095e-07,183,1,1,same_source_cyclic_next_latent,False,ljonly_r16_d8,8,-2.0355173546704464e-07
validation,lj_noisy,95,25,4.366905272945587e-07,2.82183304989303e-06,0.8452457960575971,4.44282846956412e-07,183,1,1,same_source_cyclic_next_latent,False,r16_d8,3456456,7.43328484986705e-07,2.82183304989303e-06,0.73657956659949,3.887403465796524e-07,183,1,1,same_source_cyclic_next_latent,False,ljonly_r16_d8,8,-3.066379576921463e-07
validation,lj_noisy,95,50,1.893921421469713e-06,1.2093249097233638e-05,0.8433901918134679,3.350172846694477e-06,183,1,1,same_source_cyclic_next_latent,False,r16_d8,3456456,2.085811274810112e-06,1.2093249097233638e-05,0.8275226733494436,2.292092858624528e-06,183,1,1,same_source_cyclic_next_latent,False,ljonly_r16_d8,8,-1.9188985334039899e-07
validation,lj_noisy,95,75,5.458911800815258e-06,2.818343091348652e-05,0.8063077622603065,7.94581683294382e-06,183,1,1,same_source_cyclic_next_latent,False,r16_d8,3456456,5.606998456642032e-06,2.818343091348652e-05,0.8010533751602635,6.286712959990837e-06,183,1,1,same_source_cyclic_next_latent,False,ljonly_r16_d8,8,-1.480866558267735e-07
validation,lj_noisy,95,100,1.135926322604064e-05,5.138449341757223e-05,0.7789359693841791,1.3852328265784308e-05,183,1,1,same_source_cyclic_next_latent,False,r16_d8,3456456,1.167116715805605e-05,5.138449341757223e-05,0.7728659682754642,1.3194196981203277e-05,183,1,1,same_source_cyclic_next_latent,False,ljonly_r16_d8,8,-3.1190393201540986e-07
validation,lj_noisy,95,125,1.9395447452552617e-05,8.035653445404023e-05,0.7586326042514214,2.1328156435629356e-05,183,1,1,same_source_cyclic_next_latent,False,r16_d8,3456456,2.0041117750224657e-05,8.035653445404023e-05,0.7505975352671893,2.271994162583724e-05,183,1,1,same_source_cyclic_next_latent,False,ljonly_r16_d8,8,-6.456702976720408e-07
validation,lj_noisy,95,149,3.1441650207852945e-05,0.0001155957506853,0.7280034082442526,3.2908556022448465e-05,183,1,1,same_source_cyclic_next_latent,False,r16_d8,3456456,3.291872053523548e-05,0.0001155957506853,0.7152255135671071,3.645505057647824e-05,183,1,1,same_source_cyclic_next_latent,False,ljonly_r16_d8,8,-1.4770703273825347e-06
validation,lj_noisy,95,175,5.096703171147965e-05,0.0001621420669835,0.6856643518880003,5.187219358049333e-05,183,1,1,same_source_cyclic_next_latent,False,r16_d8,3456456,5.472832708619535e-05,0.0001621420669835,0.6624668224331778,5.743127621826716e-05,183,1,1,same_source_cyclic_next_latent,False,ljonly_r16_d8,8,-3.7612953747157007e-06
validation,lj_noisy,95,199,7.52108171582222e-05,0.0002128292690031,0.6466143143257305,7.51898332964629e-05,183,1,1,same_source_cyclic_next_latent,False,r16_d8,3456456,8.274193532997742e-05,0.0002128292690031,0.6112285884477512,8.26480973046273e-05,183,1,1,same_source_cyclic_next_latent,False,ljonly_r16_d8,8,-7.5311181717552245e-06
validation,lj_noisy,183,0,1.0972981954182617e-06,0.0,,1.912848347274121e-06,147,1,1,same_source_cyclic_next_latent,False,r16_d8,3456456,9.166592462861444e-07,0.0,,1.9550170691218227e-06,147,1,1,same_source_cyclic_next_latent,False,ljonly_r16_d8,8,1.806389491321173e-07
validation,lj_noisy,183,5,7.214902097985032e-07,9.035466774776069e-08,-6.9850906188118245,1.511863501946209e-06,147,1,1,same_source_cyclic_next_latent,False,r16_d8,3456456,6.616648420276761e-07,9.035466774776069e-08,-6.322973549909097,1.7112229215854311e-06,147,1,1,same_source_cyclic_next_latent,False,ljonly_r16_d8,8,5.982536777082714e-08
validation,lj_noisy,183,10,4.3725947307393653e-07,3.734352276296704e-07,-0.1709111533193639,1.1865033684443915e-06,147,1,1,same_source_cyclic_next_latent,False,r16_d8,3456456,4.862815217165917e-07,3.734352276296704e-07,-0.3021843836297873,1.565710249451513e-06,147,1,1,same_source_cyclic_next_latent,False,ljonly_r16_d8,8,-4.9022048642655136e-08
validation,lj_noisy,183,25,2.125537150732271e-07,2.431817392789526e-06,0.9125947056290244,7.756648869872151e-07,147,1,1,same_source_cyclic_next_latent,False,r16_d8,3456456,4.1140063444800045e-07,2.431817392789526e-06,0.8308258524394857,1.891903593786992e-06,147,1,1,same_source_cyclic_next_latent,False,ljonly_r16_d8,8,-1.9884691937477336e-07
validation,lj_noisy,183,50,1.3183550890971674e-06,1.020561103359796e-05,0.870820562849495,1.7028370393745718e-06,147,1,1,same_source_cyclic_next_latent,False,r16_d8,3456456,1.3867784218746235e-06,1.020561103359796e-05,0.8641160811136931,5.08005405208678e-06,147,1,1,same_source_cyclic_next_latent,False,ljonly_r16_d8,8,-6.842333277745617e-08
validation,lj_noisy,183,75,3.4257002425874816e-06,2.3695167328696695e-05,0.8554262058981668,5.131564194016391e-06,147,1,1,same_source_cyclic_next_latent,False,r16_d8,3456456,3.762966798603884e-06,2.3695167328696695e-05,0.8411926471586196,1.0062271940114442e-05,147,1,1,same_source_cyclic_next_latent,False,ljonly_r16_d8,8,-3.372665560164023e-07
validation,lj_noisy,183,100,6.845597908977652e-06,4.307867129682563e-05,0.841090783376086,1.1426898709032685e-05,147,1,1,same_source_cyclic_next_latent,False,r16_d8,3456456,7.596199338877341e-06,4.307867129682563e-05,0.8236668144535579,1.4903695046086796e-05,147,1,1,same_source_cyclic_next_latent,False,ljonly_r16_d8,8,-7.506014298996888e-07
validation,lj_noisy,183,125,1.1178120985277928e-05,6.872970698168501e-05,0.8373611430024479,1.7118052710429765e-05,147,1,1,same_source_cyclic_next_latent,False,r16_d8,3456456,1.1825147339550313e-05,6.872970698168501e-05,0.827947071814209,2.0069433958269656e-05,147,1,1,same_source_cyclic_next_latent,False,ljonly_r16_d8,8,-6.470263542723842e-07
validation,lj_noisy,183,149,1.5884335880400613e-05,9.890592627925798e-05,0.8393995539200385,2.160520125471521e-05,147,1,1,same_source_cyclic_next_latent,False,r16_d8,3456456,1.6450083421659656e-05,9.890592627925798e-05,0.833679496866413,2.6797202735906467e-05,147,1,1,same_source_cyclic_next_latent,False,ljonly_r16_d8,8,-5.657475412590429e-07
validation,lj_noisy,183,175,2.149316424038261e-05,0.00013746204786,0.8436429212645771,2.729501284193248e-05,147,1,1,same_source_cyclic_next_latent,False,r16_d8,3456456,2.2585574697586708e-05,0.00013746204786,0.8356959244446515,3.579298208933324e-05,147,1,1,same_source_cyclic_next_latent,False,ljonly_r16_d8,8,-1.0924104572040994e-06
validation,lj_noisy,183,199,2.8111278879805468e-05,0.0001797954901121,0.8436485872795265,3.519130405038595e-05,147,1,1,same_source_cyclic_next_latent,False,r16_d8,3456456,3.0284943932201717e-05,0.0001797954901121,0.8315589344687673,4.454813824850135e-05,147,1,1,same_source_cyclic_next_latent,False,ljonly_r16_d8,8,-2.1736650523962487e-06
validation,lj_noisy,147,0,1.3483029306371463e-06,0.0,,5.470006954055862e-07,43,1,1,same_source_cyclic_next_latent,False,r16_d8,3456456,1.3772283864454948e-06,0.0,,8.211632120946888e-07,43,1,1,same_source_cyclic_next_latent,False,ljonly_r16_d8,8,-2.8925455808348488e-08
validation,lj_noisy,147,5,9.316971727457712e-07,1.0630814983869641e-07,-7.764118030080054,2.627365915941482e-07,43,1,1,same_source_cyclic_next_latent,False,r16_d8,3456456,1.075649720405636e-06,1.0630814983869641e-07,-9.118224445047176,5.339007884685998e-07,43,1,1,same_source_cyclic_next_latent,False,ljonly_r16_d8,8,-1.4395254765986486e-07
validation,lj_noisy,147,10,6.239002914298908e-07,4.434336347003409e-07,-0.4069755711054796,1.1623851747799566e-07,43,1,1,same_source_cyclic_next_latent,False,r16_d8,3456456,8.78669766279927e-07,4.434336347003409e-07,-0.9815135738941084,3.649975894859381e-07,43,1,1,same_source_cyclic_next_latent,False,ljonly_r16_d8,8,-2.547694748500362e-07
validation,lj_noisy,147,25,3.924938596355787e-07,2.912094714702107e-06,0.8652194045564452,5.263701154945011e-07,43,1,1,same_source_cyclic_next_latent,False,r16_d8,3456456,9.3123617261881e-07,2.912094714702107e-06,0.6802177594302351,4.362844094885077e-07,43,1,1,same_source_cyclic_next_latent,False,ljonly_r16_d8,8,-5.387423129832313e-07
validation,lj_noisy,147,50,1.543702978779038e-06,1.199792586703552e-05,0.8713358462215219,2.9876364351366647e-06,43,1,1,same_source_cyclic_next_latent,False,r16_d8,3456456,2.676722260730457e-06,1.199792586703552e-05,0.7769012502331931,1.7213842511409894e-06,43,1,1,same_source_cyclic_next_latent,False,ljonly_r16_d8,8,-1.1330192819514191e-06
validation,lj_noisy,147,75,3.786790557569475e-06,2.723287980188616e-05,0.8609478474139485,5.585403869190486e-06,43,1,1,same_source_cyclic_next_latent,False,r16_d8,3456456,5.384070391301066e-06,2.723287980188616e-05,0.8022952243586019,4.067956979270093e-06,43,1,1,same_source_cyclic_next_latent,False,ljonly_r16_d8,8,-1.5972798337315908e-06
validation,lj_noisy,147,100,7.411737442453159e-06,4.869244003202766e-05,0.8477846368434595,7.938869202916976e-06,43,1,1,same_source_cyclic_next_latent,False,r16_d8,3456456,8.447971595160197e-06,4.869244003202766e-05,0.8265034245643983,7.651308806089219e-06,43,1,1,same_source_cyclic_next_latent,False,ljonly_r16_d8,8,-1.0362341527070384e-06
validation,lj_noisy,147,125,1.1976419045822697e-05,7.65042204875499e-05,0.843454139268412,1.1716051631083246e-05,43,1,1,same_source_cyclic_next_latent,False,r16_d8,3456456,1.2963431800017132e-05,7.65042204875499e-05,0.8305527235307656,1.298026108997874e-05,43,1,1,same_source_cyclic_next_latent,False,ljonly_r16_d8,8,-9.87012754194435e-07
validation,lj_noisy,147,149,1.69417562574381e-05,0.0001096505948225,0.8454932571515175,1.687748772383202e-05,43,1,1,same_source_cyclic_next_latent,False,r16_d8,3456456,1.9095254174317237e-05,0.0001096505948225,0.8258536198074313,2.0118974134675227e-05,43,1,1,same_source_cyclic_next_latent,False,ljonly_r16_d8,8,-2.1534979168791358e-06
validation,lj_noisy,147,175,2.445400423312094e-05,0.0001528372813481,0.8399997434041537,2.439848321955651e-05,43,1,1,same_source_cyclic_next_latent,False,r16_d8,3456456,2.8155160180176608e-05,0.0001528372813481,0.8157834271074517,3.0719966161996126e-05,43,1,1,same_source_cyclic_next_latent,False,ljonly_r16_d8,8,-3.7011559470556676e-06
validation,lj_noisy,147,199,3.4828350180760026e-05,0.0001997498766286,0.8256401917808838,3.4355023672105744e-05,43,1,1,same_source_cyclic_next_latent,False,r16_d8,3456456,3.8697049603797495e-05,0.0001997498766286,0.8062724730701981,4.374873606138863e-05,43,1,1,same_source_cyclic_next_latent,False,ljonly_r16_d8,8,-3.868699423037469e-06
validation,lj_noisy,43,0,6.945444397388201e-07,0.0,,7.975027642714849e-07,13,1,1,same_source_cyclic_next_latent,False,r16_d8,3456456,1.0877135991904652e-06,0.0,,1.1065440048696471e-06,13,1,1,same_source_cyclic_next_latent,False,ljonly_r16_d8,8,-3.931691594516451e-07
validation,lj_noisy,43,5,3.854755448173819e-07,9.6270760252537e-08,-3.004077082243916,4.658799923618062e-07,13,1,1,same_source_cyclic_next_latent,False,r16_d8,3456456,7.893528390923166e-07,9.6270760252537e-08,-7.199299943427162,8.039182830543723e-07,13,1,1,same_source_cyclic_next_latent,False,ljonly_r16_d8,8,-4.038772942749347e-07
validation,lj_noisy,43,10,1.7457516321428557e-07,4.102923867321806e-07,0.5745103519840842,2.346423570998013e-07,13,1,1,same_source_cyclic_next_latent,False,r16_d8,3456456,5.802644409413915e-07,4.102923867321806e-07,-0.4142705536482709,5.683632480213419e-07,13,1,1,same_source_cyclic_next_latent,False,ljonly_r16_d8,8,-4.0568927772710595e-07
validation,lj_noisy,43,25,2.94150396484838e-07,2.796049102471443e-06,0.8947978430618987,2.461013366428233e-07,13,1,1,same_source_cyclic_next_latent,False,r16_d8,3456456,4.897705139228492e-07,2.796049102471443e-06,0.8248347951078762,3.480832901914255e-07,13,1,1,same_source_cyclic_next_latent,False,ljonly_r16_d8,8,-1.9562011743801122e-07
validation,lj_noisy,43,50,2.076290684271953e-06,1.1718565474438948e-05,0.8228204050401178,2.03774811780022e-06,13,1,1,same_source_cyclic_next_latent,False,r16_d8,3456456,1.556260258439579e-06,1.1718565474438948e-05,0.8671970334735798,1.1861742450491874e-06,13,1,1,same_source_cyclic_next_latent,False,ljonly_r16_d8,8,5.20030425832374e-07
validation,lj_noisy,43,75,4.144551894569304e-06,2.693894930416718e-05,0.8461502025274541,4.865989012614591e-06,13,1,1,same_source_cyclic_next_latent,False,r16_d8,3456456,3.7296790651453193e-06,2.693894930416718e-05,0.8615506854764979,3.1246329399436945e-06,13,1,1,same_source_cyclic_next_latent,False,ljonly_r16_d8,8,4.148728294239845e-07
validation,lj_noisy,43,100,6.497415597550571e-06,4.813013947568834e-05,0.8650031836946459,8.016243555175606e-06,13,1,1,same_source_cyclic_next_latent,False,r16_d8,3456456,6.530555310746422e-06,4.813013947568834e-05,0.8643146398101514,6.002131158311386e-06,13,1,1,same_source_cyclic_next_latent,False,ljonly_r16_d8,8,-3.313971319585107e-08
validation,lj_noisy,43,125,1.0878952707571443e-05,7.53487111069262e-05,0.8556185958890088,1.2175799383840058e-05,13,1,1,same_source_cyclic_next_latent,False,r16_d8,3456456,1.0337393177906051e-05,7.53487111069262e-05,0.8628059720459397,1.011050699162297e-05,13,1,1,same_source_cyclic_next_latent,False,ljonly_r16_d8,8,5.415595296653919e-07
validation,lj_noisy,43,149,1.6444584616692737e-05,0.000107481246232,0.8470004285102128,1.7813174054026604e-05,13,1,1,same_source_cyclic_next_latent,False,r16_d8,3456456,1.563793011882808e-05,0.000107481246232,0.8545055005683007,1.5599374819430523e-05,13,1,1,same_source_cyclic_next_latent,False,ljonly_r16_d8,8,8.066544978646562e-07
validation,lj_noisy,43,175,2.3093196432455443e-05,0.0001489836140535,0.8449950581535046,2.5648909286246635e-05,13,1,1,same_source_cyclic_next_latent,False,r16_d8,3456456,2.373324059590232e-05,0.0001489836140535,0.8406989872901901,2.3253231120179407e-05,13,1,1,same_source_cyclic_next_latent,False,ljonly_r16_d8,8,-6.400441634468768e-07
validation,lj_noisy,43,199,3.1070208933670074e-05,0.0001935522304847,0.8394737748263112,3.4653614420676604e-05,13,1,1,same_source_cyclic_next_latent,False,r16_d8,3456456,3.4238302760059014e-05,0.0001935522304847,0.8231056150874443,3.202640073141083e-05,13,1,1,same_source_cyclic_next_latent,False,ljonly_r16_d8,8,-3.1680938263889402e-06
validation,lj_noisy,13,0,7.597148510285479e-07,0.0,,1.3531029026125907e-06,40,1,1,same_source_cyclic_next_latent,False,r16_d8,3456456,1.0494832167751156e-06,0.0,,1.061296984516957e-06,40,1,1,same_source_cyclic_next_latent,False,ljonly_r16_d8,8,-2.897683657465677e-07
validation,lj_noisy,13,5,4.478316668610205e-07,9.281463064780837e-08,-3.825011571293638,9.462873435950314e-07,40,1,1,same_source_cyclic_next_latent,False,r16_d8,3456456,7.665122438993421e-07,9.281463064780837e-08,-7.258528192693312,7.36566903469793e-07,40,1,1,same_source_cyclic_next_latent,False,ljonly_r16_d8,8,-3.1868057703832164e-07
validation,lj_noisy,13,10,2.490107817720855e-07,3.781031523431011e-07,0.3414210375423522,6.412712991732405e-07,40,1,1,same_source_cyclic_next_latent,False,r16_d8,3456456,5.747832574343192e-07,3.781031523431011e-07,-0.5201757876716808,5.036930588175892e-07,40,1,1,same_source_cyclic_next_latent,False,ljonly_r16_d8,8,-3.257724756622337e-07
validation,lj_noisy,13,25,2.364331663784469e-07,2.410028173471801e-06,0.901896098568072,3.002264463702886e-07,40,1,1,same_source_cyclic_next_latent,False,r16_d8,3456456,4.55766524964929e-07,2.410028173471801e-06,0.8108874701209954,3.348554571402929e-07,40,1,1,same_source_cyclic_next_latent,False,ljonly_r16_d8,8,-2.1933335858648206e-07
validation,lj_noisy,13,50,1.5240109405567637e-06,9.818084436119534e-06,0.8447751238571433,1.1301654012640938e-06,40,1,1,same_source_cyclic_next_latent,False,r16_d8,3456456,1.3484880128089571e-06,9.818084436119534e-06,0.8626526364096,1.260817953152582e-06,40,1,1,same_source_cyclic_next_latent,False,ljonly_r16_d8,8,1.7552292774780653e-07
validation,lj_noisy,13,75,3.54584676642844e-06,2.2434529455495067e-05,0.8419469071788387,3.091243115704856e-06,40,1,1,same_source_cyclic_next_latent,False,r16_d8,3456456,3.391192194612813e-06,2.2434529455495067e-05,0.8488405027018661,3.265967052357155e-06,40,1,1,same_source_cyclic_next_latent,False,ljonly_r16_d8,8,1.546545718156267e-07
validation,lj_noisy,13,100,5.998496817483101e-06,4.028679541079328e-05,0.8511051386361687,5.87798967899289e-06,40,1,1,same_source_cyclic_next_latent,False,r16_d8,3456456,6.534715339512331e-06,4.028679541079328e-05,0.8377951069853123,6.354177003231598e-06,40,1,1,same_source_cyclic_next_latent,False,ljonly_r16_d8,8,-5.362185220292304e-07
validation,lj_noisy,13,125,9.461987247050274e-06,6.321443652268499e-05,0.8503192028983005,9.682734344096389e-06,40,1,1,same_source_cyclic_next_latent,False,r16_d8,3456456,1.0837997251655906e-05,6.321443652268499e-05,0.8285518649246109,1.0707936780818272e-05,40,1,1,same_source_cyclic_next_latent,False,ljonly_r16_d8,8,-1.3760100046056323e-06
validation,lj_noisy,13,149,1.4642242604168132e-05,8.989958587335423e-05,0.8371266957247685,1.49407860590145e-05,40,1,1,same_source_cyclic_next_latent,False,r16_d8,3456456,1.6567491911700927e-05,8.989958587335423e-05,0.8157111431520905,1.6611546016065404e-05,40,1,1,same_source_cyclic_next_latent,False,ljonly_r16_d8,8,-1.9252493075327948e-06
validation,lj_noisy,13,175,2.421503813820891e-05,0.0001256491668755,0.8072805515519347,2.4533364921808243e-05,40,1,1,same_source_cyclic_next_latent,False,r16_d8,3456456,2.6405836251797155e-05,0.0001256491668755,0.789844716774306,2.6598690965329297e-05,40,1,1,same_source_cyclic_next_latent,False,ljonly_r16_d8,8,-2.1907981135882437e-06
validation,lj_noisy,13,199,3.563440986908972e-05,0.0001638034591451,0.7824563043109005,3.598443072405644e-05,40,1,1,same_source_cyclic_next_latent,False,r16_d8,3456456,3.8080957892816514e-05,0.0001638034591451,0.7675204291071958,3.778404061449692e-05,40,1,1,same_source_cyclic_next_latent,False,ljonly_r16_d8,8,-2.446548023726791e-06
validation,lj_noisy,40,0,1.3073388345219428e-06,0.0,,4.324364454078022e-06,132,1,1,same_source_cyclic_next_latent,False,r16_d8,3456456,1.0444416602695128e-06,0.0,,2.330305505893193e-06,132,1,1,same_source_cyclic_next_latent,False,ljonly_r16_d8,8,2.6289717425243e-07
validation,lj_noisy,40,5,8.930697958930978e-07,9.645786747114472e-08,-8.258651671521338,3.885327259922633e-06,132,1,1,same_source_cyclic_next_latent,False,r16_d8,3456456,7.072991934364836e-07,9.645786747114472e-08,-6.332726836907021,2.0563929865602404e-06,132,1,1,same_source_cyclic_next_latent,False,ljonly_r16_d8,8,1.8577060245661414e-07
validation,lj_noisy,40,10,5.610523885479779e-07,4.181624433385878e-07,-0.3417091790180009,3.432357971178135e-06,132,1,1,same_source_cyclic_next_latent,False,r16_d8,3456456,4.405507070259773e-07,4.181624433385878e-07,-0.0535396328485235,1.8263576748722696e-06,132,1,1,same_source_cyclic_next_latent,False,ljonly_r16_d8,8,1.2050168152200058e-07
validation,lj_noisy,40,25,3.3560019119249773e-07,2.9362895475060213e-06,0.8857060294079157,2.6634972982719773e-06,132,1,1,same_source_cyclic_next_latent,False,r16_d8,3456456,3.440075602156867e-07,2.9362895475060213e-06,0.8828427664744867,1.910804940052913e-06,132,1,1,same_source_cyclic_next_latent,False,ljonly_r16_d8,8,-8.407369023188949e-09
validation,lj_noisy,40,50,2.1229191133897984e-06,1.2648867595999036e-05,0.8321652829964559,3.234632231396972e-06,132,1,1,same_source_cyclic_next_latent,False,r16_d8,3456456,1.917577037602314e-06,1.2648867595999036e-05,0.8483993113969457,4.15915974372183e-06,132,1,1,same_source_cyclic_next_latent,False,ljonly_r16_d8,8,2.0534207578748465e-07
validation,lj_noisy,40,75,5.890155989618506e-06,2.948326982732397e-05,0.8002203953592781,6.044257133908104e-06,132,1,1,same_source_cyclic_next_latent,False,r16_d8,3456456,5.181349479244091e-06,2.948326982732397e-05,0.8242613689190534,7.965722033986822e-06,132,1,1,same_source_cyclic_next_latent,False,ljonly_r16_d8,8,7.088065103744157e-07
validation,lj_noisy,40,100,1.1536722922755873e-05,5.388597855926491e-05,0.7859049194018525,1.144486668636091e-05,132,1,1,same_source_cyclic_next_latent,False,r16_d8,3456456,1.0876206033572087e-05,5.388597855926491e-05,0.7981625958298184,1.4827024642727338e-05,132,1,1,same_source_cyclic_next_latent,False,ljonly_r16_d8,8,6.605168891837854e-07
validation,lj_noisy,40,125,1.896762114483863e-05,8.557874389225617e-05,0.7783606035545589,1.8592174455989152e-05,132,1,1,same_source_cyclic_next_latent,False,r16_d8,3456456,1.902003714349121e-05,8.557874389225617e-05,0.777748115029154,2.7113757823826745e-05,132,1,1,same_source_cyclic_next_latent,False,ljonly_r16_d8,8,-5.24159986525774e-08
validation,lj_noisy,40,149,2.766926627373323e-05,0.0001225326122948,0.7741885547404825,2.6939140298054557e-05,132,1,1,same_source_cyclic_next_latent,False,r16_d8,3456456,2.864594171114732e-05,0.0001225326122948,0.7662178160194015,4.651306880987249e-05,132,1,1,same_source_cyclic_next_latent,False,ljonly_r16_d8,8,-9.766754374140907e-07
validation,lj_noisy,40,175,4.037969483761117e-05,0.0001704702153801,0.7631275660234592,4.025153612019494e-05,132,1,1,same_source_cyclic_next_latent,False,r16_d8,3456456,4.161613469477743e-05,0.0001704702153801,0.7558744523084993,7.901414937805384e-05,132,1,1,same_source_cyclic_next_latent,False,ljonly_r16_d8,8,-1.2364398571662605e-06
validation,lj_noisy,40,199,5.60124681214802e-05,0.0002223484916612,0.748087033543652,5.784385939477943e-05,132,1,1,same_source_cyclic_next_latent,False,r16_d8,3456456,5.601589873549528e-05,0.0002223484916612,0.7480716045475322,0.0001200120022986,132,1,1,same_source_cyclic_next_latent,False,ljonly_r16_d8,8,-3.430614015080709e-09
validation,lj_noisy,132,0,2.895265652114176e-06,0.0,,4.0414721524939523e-07,61,1,1,same_source_cyclic_next_latent,False,r16_d8,3456456,1.5017620853541302e-06,0.0,,4.16194552599336e-07,61,1,1,same_source_cyclic_next_latent,False,ljonly_r16_d8,8,1.393503566760046e-06
validation,lj_noisy,132,5,2.407242163826595e-06,1.029204241831394e-07,-22.389353307979796,1.6456591822588964e-07,61,1,1,same_source_cyclic_next_latent,False,r16_d8,3456456,1.200599740514008e-06,1.029204241831394e-07,-10.665320562395156,2.181233753617562e-07,61,1,1,same_source_cyclic_next_latent,False,ljonly_r16_d8,8,1.206642423312587e-06
validation,lj_noisy,132,10,1.9531451016518986e-06,4.412522969232669e-07,-3.4263681237936936,7.079444230839728e-08,61,1,1,same_source_cyclic_next_latent,False,r16_d8,3456456,9.604133310858742e-07,4.412522969232669e-07,-1.1765627913612624,1.2208930399992826e-07,61,1,1,same_source_cyclic_next_latent,False,ljonly_r16_d8,8,9.927317705660244e-07
validation,lj_noisy,132,25,1.2424696933521773e-06,3.067184479732532e-06,0.5949152385315524,7.994563588908932e-07,61,1,1,same_source_cyclic_next_latent,False,r16_d8,3456456,8.819089316602913e-07,3.067184479732532e-06,0.7124695506619163,4.301185185795475e-07,61,1,1,same_source_cyclic_next_latent,False,ljonly_r16_d8,8,3.60560761691886e-07
validation,lj_noisy,132,50,2.340887931495672e-06,1.3521135770133696e-05,0.8268719454273681,4.73182626592461e-06,61,1,1,same_source_cyclic_next_latent,False,r16_d8,3456456,2.5788115181057947e-06,1.3521135770133696e-05,0.8092755252260665,2.462262273184024e-06,61,1,1,same_source_cyclic_next_latent,False,ljonly_r16_d8,8,-2.3792358661012258e-07
validation,lj_noisy,132,75,6.2309713939612266e-06,3.2666182960383594e-05,0.8092531532833839,1.0133891919394957e-05,61,1,1,same_source_cyclic_next_latent,False,r16_d8,3456456,6.270051471801708e-06,3.2666182960383594e-05,0.8080568066551943,6.72144824420684e-06,61,1,1,same_source_cyclic_next_latent,False,ljonly_r16_d8,8,-3.90800778404818e-08
validation,lj_noisy,132,100,1.3124416000209749e-05,6.118311284808442e-05,0.7854895674759599,1.6418473023804836e-05,61,1,1,same_source_cyclic_next_latent,False,r16_d8,3456456,1.3307245353644248e-05,6.118311284808442e-05,0.782501335185647,1.433445231668884e-05,61,1,1,same_source_cyclic_next_latent,False,ljonly_r16_d8,8,-1.8282935343449935e-07
validation,lj_noisy,132,125,2.5231305698980577e-05,0.0001014992230921,0.7514138046545984,2.7802399927168157e-05,61,1,1,same_source_cyclic_next_latent,False,r16_d8,3456456,2.679974386410322e-05,0.0001014992230921,0.7359610936156245,2.786319782899227e-05,61,1,1,same_source_cyclic_next_latent,False,ljonly_r16_d8,8,-1.5684381651226431e-06
validation,lj_noisy,132,149,4.215273656882346e-05,0.000150934967678,0.7207225256195134,4.441111377673224e-05,61,1,1,same_source_cyclic_next_latent,False,r16_d8,3456456,4.642559360945597e-05,0.000150934967678,0.6924132669608641,4.604805144481361e-05,61,1,1,same_source_cyclic_next_latent,False,ljonly_r16_d8,8,-4.272857040632516e-06
validation,lj_noisy,132,175,6.528710218844935e-05,0.0002120805875165,0.6921589903490906,6.645403482252732e-05,61,1,1,same_source_cyclic_next_latent,False,r16_d8,3456456,7.373425614787266e-05,0.0002120805875165,0.6523290650440952,6.852239312138408e-05,61,1,1,same_source_cyclic_next_latent,False,ljonly_r16_d8,8,-8.447153959423304e-06
validation,lj_noisy,132,199,8.550963684683666e-05,0.0002682431077118,0.6812233590035894,8.420686208410189e-05,61,1,1,same_source_cyclic_next_latent,False,r16_d8,3456456,9.913051326293498e-05,0.0002682431077118,0.6304452550206618,8.524498844053596e-05,61,1,1,same_source_cyclic_next_latent,False,ljonly_r16_d8,8,-1.3620876416098326e-05
validation,lj_noisy,61,0,7.180241823334654e-07,0.0,,2.6050133783428464e-06,188,1,1,same_source_cyclic_next_latent,False,r16_d8,3456456,9.117008517023352e-07,0.0,,2.5758606625458924e-06,188,1,1,same_source_cyclic_next_latent,False,ljonly_r16_d8,8,-1.9367666936886973e-07
validation,lj_noisy,61,5,3.8864337170707596e-07,9.96304834188777e-08,-2.900847997224881,2.0265199509594822e-06,188,1,1,same_source_cyclic_next_latent,False,r16_d8,3456456,6.444366249525046e-07,9.96304834188777e-08,-5.468267570710177,2.1943108095001662e-06,188,1,1,same_source_cyclic_next_latent,False,ljonly_r16_d8,8,-2.557932532454287e-07
validation,lj_noisy,61,10,1.7445515254621569e-07,4.162667153195798e-07,0.5809053519633884,1.497787820881058e-06,188,1,1,same_source_cyclic_next_latent,False,r16_d8,3456456,4.684362977513956e-07,4.162667153195798e-07,-0.1253272974077779,1.9191722913092235e-06,188,1,1,same_source_cyclic_next_latent,False,ljonly_r16_d8,8,-2.9398114520517993e-07
validation,lj_noisy,61,25,2.302540309528922e-07,2.741091520874761e-06,0.915999145158272,6.054597747606749e-07,188,1,1,same_source_cyclic_next_latent,False,r16_d8,3456456,4.031662967918237e-07,2.741091520874761e-06,0.8529176082879707,1.9598098788264906e-06,188,1,1,same_source_cyclic_next_latent,False,ljonly_r16_d8,8,-1.729122658389315e-07
validation,lj_noisy,61,50,1.5323485058615915e-06,1.1338017429807223e-05,0.8648486373082207,9.493388688497362e-07,188,1,1,same_source_cyclic_next_latent,False,r16_d8,3456456,1.3411287227427238e-06,1.1338017429807223e-05,0.8817140006138158,4.450680535228457e-06,188,1,1,same_source_cyclic_next_latent,False,ljonly_r16_d8,8,1.9121978311886778e-07
validation,lj_noisy,61,75,2.598322225821903e-06,2.6031604647869244e-05,0.9001858601891995,2.7019018489227165e-06,188,1,1,same_source_cyclic_next_latent,False,r16_d8,3456456,3.2840393942024093e-06,2.6031604647869244e-05,0.8738441429706019,7.863962309784256e-06,188,1,1,same_source_cyclic_next_latent,False,ljonly_r16_d8,8,-6.857171683805063e-07
validation,lj_noisy,61,100,4.460427589947358e-06,4.705508763436228e-05,0.9052083884189792,6.6444044932723045e-06,188,1,1,same_source_cyclic_next_latent,False,r16_d8,3456456,5.648312708217418e-06,4.705508763436228e-05,0.8799638255461945,1.1195842489541974e-05,188,1,1,same_source_cyclic_next_latent,False,ljonly_r16_d8,8,-1.18788511827006e-06
validation,lj_noisy,61,125,8.156293006322812e-06,7.433142309309915e-05,0.890271265274887,1.1042660844395868e-05,188,1,1,same_source_cyclic_next_latent,False,r16_d8,3456456,8.589082426624373e-06,7.433142309309915e-05,0.8844488364514875,1.5474561223527417e-05,188,1,1,same_source_cyclic_next_latent,False,ljonly_r16_d8,8,-4.327894203015603e-07
validation,lj_noisy,61,149,1.177000467578182e-05,0.0001063243253156,0.8893009229934995,1.412647634424502e-05,188,1,1,same_source_cyclic_next_latent,False,r16_d8,3456456,1.2593583960551769e-05,0.0001063243253156,0.8815550070676291,2.1484720491571352e-05,188,1,1,same_source_cyclic_next_latent,False,ljonly_r16_d8,8,-8.235792847699486e-07
validation,lj_noisy,61,175,1.5697627532063052e-05,0.0001481663784943,0.8940540513200069,1.768640140653588e-05,188,1,1,same_source_cyclic_next_latent,False,r16_d8,3456456,1.894740853458643e-05,0.0001481663784943,0.8721207285544292,3.078385998378508e-05,188,1,1,same_source_cyclic_next_latent,False,ljonly_r16_d8,8,-3.2497810025233775e-06
validation,lj_noisy,61,199,2.0927100194967352e-05,0.0001944780233316,0.8923934960029715,2.355782089580316e-05,188,1,1,same_source_cyclic_next_latent,False,r16_d8,3456456,2.782112824206706e-05,0.0001944780233316,0.8569446163352445,4.399650060804561e-05,188,1,1,same_source_cyclic_next_latent,False,ljonly_r16_d8,8,-6.8940280470997095e-06
validation,lj_noisy,188,0,1.5584834045512252e-06,0.0,,1.6594515273027357e-06,67,1,1,same_source_cyclic_next_latent,False,r16_d8,3456456,1.428285827387299e-06,0.0,,1.1485791446830262e-06,67,1,1,same_source_cyclic_next_latent,False,ljonly_r16_d8,8,1.3019757716392633e-07
validation,lj_noisy,188,5,1.0969097274937667e-06,9.160689984355487e-08,-10.974095066715016,1.2180805697425967e-06,67,1,1,same_source_cyclic_next_latent,False,r16_d8,3456456,1.0975721806971706e-06,9.160689984355487e-08,-10.981326543869413,8.424362363257387e-07,67,1,1,same_source_cyclic_next_latent,False,ljonly_r16_d8,8,-6.624532034038566e-10
validation,lj_noisy,188,10,7.251807119246223e-07,3.833892776583525e-07,-0.8914997215202467,8.740903467696626e-07,67,1,1,same_source_cyclic_next_latent,False,r16_d8,3456456,8.725014026822464e-07,3.833892776583525e-07,-1.275758487590656,6.323319894363522e-07,67,1,1,same_source_cyclic_next_latent,False,ljonly_r16_d8,8,-1.473206907576241e-07
validation,lj_noisy,188,25,4.311090435749066e-07,2.6204288587905467e-06,0.835481492989707,5.718425768463931e-07,67,1,1,same_source_cyclic_next_latent,False,r16_d8,3456456,9.371747182740364e-07,2.6204288587905467e-06,0.6423582669950493,6.315362384157197e-07,67,1,1,same_source_cyclic_next_latent,False,ljonly_r16_d8,8,-5.060656746991299e-07
validation,lj_noisy,188,50,2.000170070459717e-06,1.1088137398473918e-05,0.8196117166860681,1.9769800019275863e-06,67,1,1,same_source_cyclic_next_latent,False,r16_d8,3456456,2.724942532950081e-06,1.1088137398473918e-05,0.7542470448350397,2.139744537998922e-06,67,1,1,same_source_cyclic_next_latent,False,ljonly_r16_d8,8,-7.24772462490364e-07
validation,lj_noisy,188,75,4.910876668873243e-06,2.5567558623151854e-05,0.8079254753550712,5.000669261789881e-06,67,1,1,same_source_cyclic_next_latent,False,r16_d8,3456456,5.490113835548982e-06,2.5567558623151854e-05,0.7852703139760246,4.995494236936793e-06,67,1,1,same_source_cyclic_next_latent,False,ljonly_r16_d8,8,-5.79237166675739e-07
validation,lj_noisy,188,100,9.355628208140844e-06,4.645999797503464e-05,0.7986304645736725,9.37630011321744e-06,67,1,1,same_source_cyclic_next_latent,False,r16_d8,3456456,8.851957318256609e-06,4.645999797503464e-05,0.8094714226416191,8.796705515123904e-06,67,1,1,same_source_cyclic_next_latent,False,ljonly_r16_d8,8,5.036708898842352e-07
validation,lj_noisy,188,125,1.5194607840385288e-05,7.364279736066237e-05,0.7936715010163131,1.497543416917324e-05,67,1,1,same_source_cyclic_next_latent,False,r16_d8,3456456,1.3686829333892092e-05,7.364279736066237e-05,0.8141457165612348,1.3943408703198656e-05,67,1,1,same_source_cyclic_next_latent,False,ljonly_r16_d8,8,1.5077785064931959e-06
validation,lj_noisy,188,149,2.1204265067353845e-05,0.000105726372567,0.7994420450402253,2.1156141883693635e-05,67,1,1,same_source_cyclic_next_latent,False,r16_d8,3456456,2.033291275438387e-05,0.000105726372567,0.8076836246179011,2.0562903955578804e-05,67,1,1,same_source_cyclic_next_latent,False,ljonly_r16_d8,8,8.713523129699752e-07
validation,lj_noisy,188,175,2.8968623155378737e-05,0.000146960519487,0.8028815952985677,2.9192342481110245e-05,67,1,1,same_source_cyclic_next_latent,False,r16_d8,3456456,3.076819848502055e-05,0.000146960519487,0.7906362974735247,3.0630566470790654e-05,67,1,1,same_source_cyclic_next_latent,False,ljonly_r16_d8,8,-1.7995753296418115e-06
validation,lj_noisy,188,199,3.845534229185432e-05,0.0001916797627927,0.7993771396022193,3.840885983663611e-05,67,1,1,same_source_cyclic_next_latent,False,r16_d8,3456456,4.472192085813731e-05,0.0001916797627927,0.7666841809143592,4.383171108202077e-05,67,1,1,same_source_cyclic_next_latent,False,ljonly_r16_d8,8,-6.266578566282988e-06
validation,lj_noisy,67,0,1.983950824069325e-06,0.0,,7.449322652064438e-07,15,1,1,same_source_cyclic_next_latent,False,r16_d8,3456456,1.4047587910681614e-06,0.0,,7.111698323569726e-07,15,1,1,same_source_cyclic_next_latent,False,ljonly_r16_d8,8,5.791920330011635e-07
validation,lj_noisy,67,5,1.5274785027941109e-06,8.974264886774108e-08,-16.020653190716978,4.224176564093796e-07,15,1,1,same_source_cyclic_next_latent,False,r16_d8,3456456,1.0918749921984272e-06,8.974264886774108e-08,-11.16673461252059,4.5545186821982497e-07,15,1,1,same_source_cyclic_next_latent,False,ljonly_r16_d8,8,4.356035105956837e-07
validation,lj_noisy,67,10,1.1429947335273027e-06,3.756259161491471e-07,-2.04290701037109,2.0010924117741527e-07,15,1,1,same_source_cyclic_next_latent,False,r16_d8,3456456,8.593122515776486e-07,3.756259161491471e-07,-1.2876809470101835,2.7957352699559124e-07,15,1,1,same_source_cyclic_next_latent,False,ljonly_r16_d8,8,2.836824819496542e-07
validation,lj_noisy,67,25,5.541226641980757e-07,2.4605394628451904e-06,0.7747962702628926,2.387786537383363e-07,15,1,1,same_source_cyclic_next_latent,False,r16_d8,3456456,6.705914188387396e-07,2.4605394628451904e-06,0.7274616282466301,2.2955651957090597e-07,15,1,1,same_source_cyclic_next_latent,False,ljonly_r16_d8,8,-1.1646875464066397e-07
validation,lj_noisy,67,50,1.02366027476819e-06,1.0304262104909869e-05,0.9006566152582214,2.011430296988692e-06,15,1,1,same_source_cyclic_next_latent,False,r16_d8,3456456,1.6342994513252052e-06,1.0304262104909869e-05,0.8413957802425776,1.0229404097117367e-06,15,1,1,same_source_cyclic_next_latent,False,ljonly_r16_d8,8,-6.106391765570152e-07
validation,lj_noisy,67,75,2.81979873761884e-06,2.4312985260621645e-05,0.8840208757833656,4.447868377610575e-06,15,1,1,same_source_cyclic_next_latent,False,r16_d8,3456456,3.814363253695774e-06,2.4312985260621645e-05,0.8431141543168013,2.773677579170908e-06,15,1,1,same_source_cyclic_next_latent,False,ljonly_r16_d8,8,-9.94564516076934e-07
validation,lj_noisy,67,100,5.708714525098912e-06,4.4734984840033576e-05,0.8723881421774808,6.315597147477092e-06,15,1,1,same_source_cyclic_next_latent,False,r16_d8,3456456,6.607160685234703e-06,4.4734984840033576e-05,0.8523043942261065,5.595786205958575e-06,15,1,1,same_source_cyclic_next_latent,False,ljonly_r16_d8,8,-8.984461601357907e-07
validation,lj_noisy,67,125,9.492267963651102e-06,7.140247180359438e-05,0.8670596728113092,9.235919605998788e-06,15,1,1,same_source_cyclic_next_latent,False,r16_d8,3456456,1.0362973625888117e-05,7.140247180359438e-05,0.8548653377939999,1.016287842503516e-05,15,1,1,same_source_cyclic_next_latent,False,ljonly_r16_d8,8,-8.707056622370146e-07
validation,lj_noisy,67,149,1.3759116882283706e-05,0.0001028560582199,0.8662293974666445,1.3617588592751416e-05,15,1,1,same_source_cyclic_next_latent,False,r16_d8,3456456,1.5312922187149525e-05,0.0001028560582199,0.8511227977023051,1.4911714060872328e-05,15,1,1,same_source_cyclic_next_latent,False,ljonly_r16_d8,8,-1.5538053048658185e-06
validation,lj_noisy,67,175,1.962636451935396e-05,0.0001433728903066,0.8631096542911401,1.970126868400257e-05,15,1,1,same_source_cyclic_next_latent,False,r16_d8,3456456,2.2590784283238463e-05,0.0001433728903066,0.8424333621584754,2.049810063908808e-05,15,1,1,same_source_cyclic_next_latent,False,ljonly_r16_d8,8,-2.9644197638845037e-06
validation,lj_noisy,67,199,2.680968100321479e-05,0.0001868223625933,0.856496403155082,2.6966919904225503e-05,15,1,1,same_source_cyclic_next_latent,False,r16_d8,3456456,3.149485564790666e-05,0.0001868223625933,0.8314181706584226,2.7414176656748168e-05,15,1,1,same_source_cyclic_next_latent,False,ljonly_r16_d8,8,-4.68517464469187e-06
validation,lj_noisy,15,0,6.221246451332263e-08,0.0,,1.422627633473894e-07,79,1,1,same_source_cyclic_next_latent,False,r16_d8,123,6.037271305103786e-07,0.0,,1.6800071307443432e-06,79,1,1,same_source_cyclic_next_latent,False,ljonly_r16_d8,8,-5.41514665997056e-07
validation,lj_noisy,15,5,3.4000905202447036e-08,9.055690952664008e-08,0.6245354950806419,7.733648033081408e-08,79,1,1,same_source_cyclic_next_latent,False,r16_d8,123,3.897342253367242e-07,9.055690952664008e-08,-3.3037491824085707,1.421866045347997e-06,79,1,1,same_source_cyclic_next_latent,False,ljonly_r16_d8,8,-3.5573332013427716e-07
validation,lj_noisy,15,10,5.9118836048810415e-08,3.651525162240432e-07,0.8380982372512602,6.161311461028164e-08,79,1,1,same_source_cyclic_next_latent,False,r16_d8,123,2.4932981546044175e-07,3.651525162240432e-07,0.3171899291871158,1.2220980352140032e-06,79,1,1,same_source_cyclic_next_latent,False,ljonly_r16_d8,8,-1.9021097941163134e-07
validation,lj_noisy,15,25,3.9815842001189605e-07,2.382581669735373e-06,0.8328878186760673,2.727601611240971e-07,79,1,1,same_source_cyclic_next_latent,False,r16_d8,123,2.4711246737751935e-07,2.382581669735373e-06,0.8962837368739744,9.993306093747378e-07,79,1,1,same_source_cyclic_next_latent,False,ljonly_r16_d8,8,1.510459526343767e-07
validation,lj_noisy,15,50,1.5269489495040034e-06,1.0002500857808627e-05,0.8473432823240437,1.2656961416723789e-06,79,1,1,same_source_cyclic_next_latent,False,r16_d8,123,1.2725876104013878e-06,1.0002500857808627e-05,0.8727730566093459,1.930209236888913e-06,79,1,1,same_source_cyclic_next_latent,False,ljonly_r16_d8,8,2.543613391026156e-07
validation,lj_noisy,15,75,3.645995775514166e-06,2.349700662307441e-05,0.8448314785793292,3.6446613194129895e-06,79,1,1,same_source_cyclic_next_latent,False,r16_d8,123,3.569574801076669e-06,2.349700662307441e-05,0.8480838492179981,4.603782144840807e-06,79,1,1,same_source_cyclic_next_latent,False,ljonly_r16_d8,8,7.642097443749705e-08
validation,lj_noisy,15,100,7.961150913615711e-06,4.446260936674662e-05,0.8209472852133186,8.398974387091585e-06,79,1,1,same_source_cyclic_next_latent,False,r16_d8,123,8.45175327413017e-06,4.446260936674662e-05,0.8099132418339083,9.740766472532414e-06,79,1,1,same_source_cyclic_next_latent,False,ljonly_r16_d8,8,-4.906023605144583e-07
validation,lj_noisy,15,125,1.464192882849602e-05,7.343651668634266e-05,0.8006178739245805,1.5180482478172053e-05,79,1,1,same_source_cyclic_next_latent,False,r16_d8,123,1.5882127627264708e-05,7.343651668634266e-05,0.7837298343670162,1.6725240129744634e-05,79,1,1,same_source_cyclic_next_latent,False,ljonly_r16_d8,8,-1.240198798768688e-06
validation,lj_noisy,15,149,2.1156305592739955e-05,0.0001065276956069,0.8014008894850815,2.1661422579200007e-05,79,1,1,same_source_cyclic_next_latent,False,r16_d8,123,2.275435508636292e-05,0.0001065276956069,0.7863996310375174,2.2858361262478866e-05,79,1,1,same_source_cyclic_next_latent,False,ljonly_r16_d8,8,-1.5980494936229661e-06
validation,lj_noisy,15,175,2.900916115322616e-05,0.0001508055138401,0.8076385908278425,2.947407483588904e-05,79,1,1,same_source_cyclic_next_latent,False,r16_d8,123,3.0608636734541506e-05,0.0001508055138401,0.7970323766345699,2.999804928549565e-05,79,1,1,same_source_cyclic_next_latent,False,ljonly_r16_d8,8,-1.599475581315346e-06
validation,lj_noisy,15,199,3.884708712575957e-05,0.0002030775794992,0.8087081438455478,3.947660661651753e-05,79,1,1,same_source_cyclic_next_latent,False,r16_d8,123,4.1350722312927246e-05,0.0002030775794992,0.7963796770923912,3.986239607911557e-05,79,1,1,same_source_cyclic_next_latent,False,ljonly_r16_d8,8,-2.5036351871676743e-06
validation,lj_noisy,79,0,1.356842744826281e-07,0.0,,3.063205440412276e-07,75,1,1,same_source_cyclic_next_latent,False,r16_d8,123,1.5468003766727634e-06,0.0,,3.434940026636468e-06,75,1,1,same_source_cyclic_next_latent,False,ljonly_r16_d8,8,-1.4111161021901353e-06
validation,lj_noisy,79,5,6.00754290758232e-08,1.0333684485885897e-07,0.4186446358230088,1.876150861335191e-07,75,1,1,same_source_cyclic_next_latent,False,r16_d8,123,1.2424566193658393e-06,1.0333684485885897e-07,-11.023365151731015,3.199252205376979e-06,75,1,1,same_source_cyclic_next_latent,False,ljonly_r16_d8,8,-1.182381190290016e-06
validation,lj_noisy,79,10,4.7944659797849454e-08,4.55465340110095e-07,0.8947347787511992,1.1356016926811209e-07,75,1,1,same_source_cyclic_next_latent,False,r16_d8,123,9.505720868219214e-07,4.55465340110095e-07,-1.0870349576811913,2.929827360276249e-06,75,1,1,same_source_cyclic_next_latent,False,ljonly_r16_d8,8,-9.02627427024072e-07
validation,lj_noisy,79,25,4.95152676194266e-07,3.182375849064556e-06,0.8444078576263034,3.239516672692844e-07,75,1,1,same_source_cyclic_next_latent,False,r16_d8,123,6.21811750534107e-07,3.182375849064556e-06,0.8046076956256171,2.6234963570459517e-06,75,1,1,same_source_cyclic_next_latent,False,ljonly_r16_d8,8,-1.2665907433984103e-07
validation,lj_noisy,79,50,2.0265986222511856e-06,1.3238345673016738e-05,0.8469145108982966,1.5873301890678704e-06,75,1,1,same_source_cyclic_next_latent,False,r16_d8,123,1.6591146732025663e-06,1.3238345673016738e-05,0.8746735646445399,3.851633209706051e-06,75,1,1,same_source_cyclic_next_latent,False,ljonly_r16_d8,8,3.6748394904861925e-07
validation,lj_noisy,79,75,4.187600552540971e-06,3.010093496413901e-05,0.8608813793481863,4.029230694868602e-06,75,1,1,same_source_cyclic_next_latent,False,r16_d8,123,4.002838522865204e-06,3.010093496413901e-05,0.8670194620986352,6.456541086663492e-06,75,1,1,same_source_cyclic_next_latent,False,ljonly_r16_d8,8,1.8476202967576683e-07
validation,lj_noisy,79,100,7.3887167673092335e-06,5.402554961619899e-05,0.8632366200844016,7.727328011242207e-06,75,1,1,same_source_cyclic_next_latent,False,r16_d8,123,7.173708581831306e-06,5.402554961619899e-05,0.8672163701657124,9.410431630385574e-06,75,1,1,same_source_cyclic_next_latent,False,ljonly_r16_d8,8,2.1500818547792733e-07
validation,lj_noisy,79,125,1.1967953469138592e-05,8.518932736478746e-05,0.8595134644285796,1.251360936294077e-05,75,1,1,same_source_cyclic_next_latent,False,r16_d8,123,1.1391744010325056e-05,8.518932736478746e-05,0.8662773335262444,1.3099675925332122e-05,75,1,1,same_source_cyclic_next_latent,False,ljonly_r16_d8,8,5.762094588135369e-07
validation,lj_noisy,79,149,1.792881994333584e-05,0.0001221718266606,0.8532491456222699,1.8177073798142374e-05,75,1,1,same_source_cyclic_next_latent,False,r16_d8,123,1.697881452855654e-05,0.0001221718266606,0.8610251234458497,1.843579957494512e-05,75,1,1,same_source_cyclic_next_latent,False,ljonly_r16_d8,8,9.50005414779298e-07
validation,lj_noisy,79,175,2.6211278964183293e-05,0.0001701186993159,0.8459235870625539,2.5723571525304575e-05,75,1,1,same_source_cyclic_next_latent,False,r16_d8,123,2.611951458675321e-05,0.0001701186993159,0.8464630008824283,2.8416983695933595e-05,75,1,1,same_source_cyclic_next_latent,False,ljonly_r16_d8,8,9.176437743008476e-08
validation,lj_noisy,79,199,3.56263444700744e-05,0.0002213792467955,0.8390709834559319,3.427623596508056e-05,75,1,1,same_source_cyclic_next_latent,False,r16_d8,123,3.90943605452776e-05,0.0002213792467955,0.8234054857843909,4.376274955575354e-05,75,1,1,same_source_cyclic_next_latent,False,ljonly_r16_d8,8,-3.468016075203202e-06
validation,lj_noisy,75,0,1.839970451555928e-07,0.0,,1.020221702674462e-07,181,1,1,same_source_cyclic_next_latent,False,r16_d8,123,2.1110440684424248e-06,0.0,,5.267918368190294e-07,181,1,1,same_source_cyclic_next_latent,False,ljonly_r16_d8,8,-1.927047023286832e-06
validation,lj_noisy,75,5,9.408807954969235e-08,9.145860246917437e-08,-0.0287504620618297,4.040088086298965e-08,181,1,1,same_source_cyclic_next_latent,False,r16_d8,123,1.8601571127874197e-06,9.145860246917437e-08,-19.338787851196123,3.258670346895088e-07,181,1,1,same_source_cyclic_next_latent,False,ljonly_r16_d8,8,-1.7660690332377273e-06
validation,lj_noisy,75,10,7.480212360633233e-08,3.900833291936579e-07,0.8082406552442116,5.9155574660962884e-08,181,1,1,same_source_cyclic_next_latent,False,r16_d8,123,1.646597979743092e-06,3.900833291936579e-07,-3.221144192823565,2.0290951852075525e-07,181,1,1,same_source_cyclic_next_latent,False,ljonly_r16_d8,8,-1.5717958561367598e-06
validation,lj_noisy,75,25,4.677615379478084e-07,2.673331437108573e-06,0.8250267320187836,6.21300046077522e-07,181,1,1,same_source_cyclic_next_latent,False,r16_d8,123,1.492837441219308e-06,2.673331437108573e-06,0.4415816084391188,4.239649911141896e-07,181,1,1,same_source_cyclic_next_latent,False,ljonly_r16_d8,8,-1.0250759032714996e-06
validation,lj_noisy,75,50,2.120825456586317e-06,1.1298255230940413e-05,0.8122873476270557,2.651730937941465e-06,181,1,1,same_source_cyclic_next_latent,False,r16_d8,123,2.7506441711011576e-06,1.1298255230940413e-05,0.756542570965428,2.2875894956086995e-06,181,1,1,same_source_cyclic_next_latent,False,ljonly_r16_d8,8,-6.298187145148404e-07
validation,lj_noisy,75,75,4.95249378218432e-06,2.6090825485880487e-05,0.8101825568966973,5.742208031733753e-06,181,1,1,same_source_cyclic_next_latent,False,r16_d8,123,5.662182047672104e-06,2.6090825485880487e-05,0.7829818741941954,5.4722158893127926e-06,181,1,1,same_source_cyclic_next_latent,False,ljonly_r16_d8,8,-7.096882654877837e-07
validation,lj_noisy,75,100,9.117934496316591e-06,4.721252480521798e-05,0.8068746686618872,1.0180154276895337e-05,181,1,1,same_source_cyclic_next_latent,False,r16_d8,123,9.85385304375086e-06,4.721252480521798e-05,0.7912873102126112,9.874251190922225e-06,181,1,1,same_source_cyclic_next_latent,False,ljonly_r16_d8,8,-7.359185474342684e-07
validation,lj_noisy,75,125,1.4707421541970687e-05,7.473392179235816e-05,0.8032028670617072,1.647516546654515e-05,181,1,1,same_source_cyclic_next_latent,False,r16_d8,123,1.579538729856722e-05,7.473392179235816e-05,0.7886450099266387,1.60033432621276e-05,181,1,1,same_source_cyclic_next_latent,False,ljonly_r16_d8,8,-1.0879657565965334e-06
validation,lj_noisy,75,149,2.1339217710192315e-05,0.0001070998841896,0.8007540542956866,2.424257036182098e-05,181,1,1,same_source_cyclic_next_latent,False,r16_d8,123,2.3751008484396152e-05,0.0001070998841896,0.7782349750973118,2.3879118089098483e-05,181,1,1,same_source_cyclic_next_latent,False,ljonly_r16_d8,8,-2.411790774203837e-06
validation,lj_noisy,75,175,3.0157081710058264e-05,0.0001485866087023,0.7970403795238646,3.4406522900098935e-05,181,1,1,same_source_cyclic_next_latent,False,r16_d8,123,3.643286254373379e-05,0.0001485866087023,0.7548038624616265,3.5751014365814626e-05,181,1,1,same_source_cyclic_next_latent,False,ljonly_r16_d8,8,-6.275780833675526e-06
validation,lj_noisy,75,199,3.949050005758181e-05,0.0001919504866236,0.7942672573943367,4.52751264674589e-05,181,1,1,same_source_cyclic_next_latent,False,r16_d8,123,5.3476418543141335e-05,0.0001919504866236,0.7214051421084356,5.0978094805032015e-05,181,1,1,same_source_cyclic_next_latent,False,ljonly_r16_d8,8,-1.3985918485559523e-05
validation,lj_noisy,181,0,1.6265754254618514e-07,0.0,,1.9185681310318614e-07,31,1,1,same_source_cyclic_next_latent,False,r16_d8,123,8.705552545507089e-07,0.0,,1.2379872487144894e-06,31,1,1,same_source_cyclic_next_latent,False,ljonly_r16_d8,8,-7.078977120045238e-07
validation,lj_noisy,181,5,8.354010105904308e-08,8.917994165358324e-08,0.0632411334877066,1.0704984276799224e-07,31,1,1,same_source_cyclic_next_latent,False,r16_d8,123,6.455633752011636e-07,8.917994165358324e-08,-6.238885373000522,9.911240113069653e-07,31,1,1,same_source_cyclic_next_latent,False,ljonly_r16_d8,8,-5.620232741421205e-07
validation,lj_noisy,181,10,5.2322590704534384e-08,3.5931097386310284e-07,0.8543807606486596,7.23478805753075e-08,31,1,1,same_source_cyclic_next_latent,False,r16_d8,123,4.802820967597654e-07,3.5931097386310284e-07,-0.3366752804570685,8.112734803944477e-07,31,1,1,same_source_cyclic_next_latent,False,ljonly_r16_d8,8,-4.2795950605523103e-07
validation,lj_noisy,181,25,2.2053475845496e-07,2.322475211258279e-06,0.9050432239767684,2.1384632020726718e-07,31,1,1,same_source_cyclic_next_latent,False,r16_d8,123,3.598116791181383e-07,2.322475211258279e-06,0.8450740497147445,6.750930765520025e-07,31,1,1,same_source_cyclic_next_latent,False,ljonly_r16_d8,8,-1.3927692066317832e-07
validation,lj_noisy,181,50,1.171643361885799e-06,9.647412298363632e-06,0.8785536135856317,1.2751504527841462e-06,31,1,1,same_source_cyclic_next_latent,False,r16_d8,123,1.234026512975106e-06,9.647412298363632e-06,0.8720873043661234,1.7131394542957423e-06,31,1,1,same_source_cyclic_next_latent,False,ljonly_r16_d8,8,-6.238315108930692e-08
validation,lj_noisy,181,75,3.2555640245846007e-06,2.220537317043636e-05,0.8533884569470342,3.967729753640015e-06,31,1,1,same_source_cyclic_next_latent,False,r16_d8,123,3.450896883805399e-06,2.220537317043636e-05,0.8445918085988381,4.413779151946073e-06,31,1,1,same_source_cyclic_next_latent,False,ljonly_r16_d8,8,-1.9533285922079813e-07
validation,lj_noisy,181,100,6.61981948724133e-06,4.0102699131239206e-05,0.8349283307445852,8.035181053855922e-06,31,1,1,same_source_cyclic_next_latent,False,r16_d8,123,7.225828994705807e-06,4.0102699131239206e-05,0.8198168913504121,8.370826435566414e-06,31,1,1,same_source_cyclic_next_latent,False,ljonly_r16_d8,8,-6.060095074644778e-07
validation,lj_noisy,181,125,1.1145446478622034e-05,6.356189987855032e-05,0.824652087179301,1.3019182915741112e-05,31,1,1,same_source_cyclic_next_latent,False,r16_d8,123,1.2259057257324455e-05,6.356189987855032e-05,0.807131988176121,1.326179517491255e-05,31,1,1,same_source_cyclic_next_latent,False,ljonly_r16_d8,8,-1.1136107787024213e-06
validation,lj_noisy,181,149,1.67228627105942e-05,9.170166595140472e-05,0.8176383979822557,1.8967368305311535e-05,31,1,1,same_source_cyclic_next_latent,False,r16_d8,123,1.8136857761419375e-05,9.170166595140472e-05,0.8022188847579867,1.8900665963883512e-05,31,1,1,same_source_cyclic_next_latent,False,ljonly_r16_d8,8,-1.4139950508251752e-06
validation,lj_noisy,181,175,2.397575372015126e-05,0.0001289811043534,0.8141142158742007,2.733455949055497e-05,31,1,1,same_source_cyclic_next_latent,False,r16_d8,123,2.62130270130001e-05,0.0001289811043534,0.7967684712857677,2.710714215936605e-05,31,1,1,same_source_cyclic_next_latent,False,ljonly_r16_d8,8,-2.2372732928488404e-06
validation,lj_noisy,181,199,3.198732156306505e-05,0.0001695594837656,0.8113504426135203,3.834110975731164e-05,31,1,1,same_source_cyclic_next_latent,False,r16_d8,123,3.6776204069610685e-05,0.0001695594837656,0.783107360007978,4.102057573618367e-05,31,1,1,same_source_cyclic_next_latent,False,ljonly_r16_d8,8,-4.788882506545633e-06
validation,lj_noisy,31,0,1.751704559183054e-07,0.0,,5.3700428992442546e-08,142,1,1,same_source_cyclic_next_latent,False,r16_d8,123,1.162429043688462e-06,0.0,,2.2615101613610025e-07,142,1,1,same_source_cyclic_next_latent,False,ljonly_r16_d8,8,-9.872585877701565e-07
validation,lj_noisy,31,5,8.333959300443895e-08,1.0181967979860929e-07,0.1814981821856285,2.6455687418547317e-08,142,1,1,same_source_cyclic_next_latent,False,r16_d8,123,8.824888482195092e-07,1.0181967979860929e-07,-7.667173673743598,7.78054811689799e-08,142,1,1,same_source_cyclic_next_latent,False,ljonly_r16_d8,8,-7.991492552150703e-07
validation,lj_noisy,31,10,5.07496196178181e-08,4.309611654207402e-07,0.8822408521002766,7.877527963273678e-08,142,1,1,same_source_cyclic_next_latent,False,r16_d8,123,6.557994538525236e-07,4.309611654207402e-07,-0.5217135706700571,3.433330775237664e-08,142,1,1,same_source_cyclic_next_latent,False,ljonly_r16_d8,8,-6.050498342347055e-07
validation,lj_noisy,31,25,2.189627963389285e-07,2.8248798571439693e-06,0.9224877490682716,6.282014055614127e-07,142,1,1,same_source_cyclic_next_latent,False,r16_d8,123,4.1839865616566396e-07,2.8248798571439693e-06,0.8518879820295521,4.954121664013655e-07,142,1,1,same_source_cyclic_next_latent,False,ljonly_r16_d8,8,-1.9943585982673545e-07
validation,lj_noisy,31,50,8.525451562491071e-07,1.1657663890218828e-05,0.9268682675810872,2.1937707970209885e-06,142,1,1,same_source_cyclic_next_latent,False,r16_d8,123,1.0286540828019497e-06,1.1657663890218828e-05,0.9117615593922702,2.319290388186346e-06,142,1,1,same_source_cyclic_next_latent,False,ljonly_r16_d8,8,-1.761089265528426e-07
validation,lj_noisy,31,75,2.1364519398048287e-06,2.6905094273388382e-05,0.920593032750754,4.225367320032092e-06,142,1,1,same_source_cyclic_next_latent,False,r16_d8,123,2.65548555944406e-06,2.6905094273388382e-05,0.9013017559997708,4.319711024436401e-06,142,1,1,same_source_cyclic_next_latent,False,ljonly_r16_d8,8,-5.190336196392313e-07
validation,lj_noisy,31,100,4.395520591060631e-06,4.89304875372909e-05,0.910168060604123,7.154044851631625e-06,142,1,1,same_source_cyclic_next_latent,False,r16_d8,123,5.2783025239477865e-06,4.89304875372909e-05,0.8921265086532177,6.55751182421227e-06,142,1,1,same_source_cyclic_next_latent,False,ljonly_r16_d8,8,-8.827819328871556e-07
validation,lj_noisy,31,125,8.115186574286781e-06,7.90988706285134e-05,0.8974045203198965,1.2061574125254992e-05,142,1,1,same_source_cyclic_next_latent,False,r16_d8,123,9.46485215536086e-06,7.90988706285134e-05,0.8803415007047017,1.0538322385400534e-05,142,1,1,same_source_cyclic_next_latent,False,ljonly_r16_d8,8,-1.3496655810740793e-06
validation,lj_noisy,31,149,1.4882594769005664e-05,0.0001173974960693,0.8732290273020948,2.0714471247629263e-05,142,1,1,same_source_cyclic_next_latent,False,r16_d8,123,1.743451321090106e-05,0.0001173974960693,0.8514916093218285,1.85207900358364e-05,142,1,1,same_source_cyclic_next_latent,False,ljonly_r16_d8,8,-2.5519184418953955e-06
validation,lj_noisy,31,175,2.9539334718720056e-05,0.0001739394210744,0.8301745829884416,3.872930756187998e-05,142,1,1,same_source_cyclic_next_latent,False,r16_d8,123,3.655871842056513e-05,0.0001739394210744,0.78981924744412,3.674715844681487e-05,142,1,1,same_source_cyclic_next_latent,False,ljonly_r16_d8,8,-7.019383701845072e-06
validation,lj_noisy,31,199,5.0644779548747465e-05,0.0002400137454969,0.7889921702447473,6.399982521543279e-05,142,1,1,same_source_cyclic_next_latent,False,r16_d8,123,6.916195707162842e-05,0.0002400137454969,0.7118416825318932,6.430093344533816e-05,142,1,1,same_source_cyclic_next_latent,False,ljonly_r16_d8,8,-1.8517177522880957e-05
validation,lj_noisy,142,0,7.7237686468834e-08,0.0,,1.6783049261448468e-07,157,1,1,same_source_cyclic_next_latent,False,r16_d8,123,3.181981753641594e-07,0.0,,8.402498679060955e-07,157,1,1,same_source_cyclic_next_latent,False,ljonly_r16_d8,8,-2.409604888953254e-07
validation,lj_noisy,142,5,4.003737785751582e-08,9.436170955723357e-08,0.5757031316475694,9.744260154320729e-08,157,1,1,same_source_cyclic_next_latent,False,r16_d8,123,1.467121251153003e-07,9.436170955723357e-08,-0.5547845180392208,6.011154027873999e-07,157,1,1,same_source_cyclic_next_latent,False,ljonly_r16_d8,8,-1.0667474725778447e-07
validation,lj_noisy,142,10,5.9941463348423e-08,3.835527593309962e-07,0.8437204220536059,7.032372906223827e-08,157,1,1,same_source_cyclic_next_latent,False,r16_d8,123,6.45120366016272e-08,3.835527593309962e-07,0.8318040086215233,4.2467107164156914e-07,157,1,1,same_source_cyclic_next_latent,False,ljonly_r16_d8,8,-4.570573253204202e-09
validation,lj_noisy,142,25,4.184461204204126e-07,2.477869657013798e-06,0.8311266618742559,2.728607171320619e-07,157,1,1,same_source_cyclic_next_latent,False,r16_d8,123,3.1399235922435764e-07,2.477869657013798e-06,0.8732813252159659,3.4833547601920145e-07,157,1,1,same_source_cyclic_next_latent,False,ljonly_r16_d8,8,1.0445376119605498e-07
validation,lj_noisy,142,50,1.7270492662646577e-06,1.0261092029395512e-05,0.8316895257037862,1.4413856206374476e-06,157,1,1,same_source_cyclic_next_latent,False,r16_d8,123,1.8000474710788694e-06,1.0261092029395512e-05,0.8245754481177856,1.4886367125654942e-06,157,1,1,same_source_cyclic_next_latent,False,ljonly_r16_d8,8,-7.299820481421172e-08
validation,lj_noisy,142,75,4.000326953246258e-06,2.352078990952577e-05,0.8299237836554907,4.236663244228112e-06,157,1,1,same_source_cyclic_next_latent,False,r16_d8,123,4.0949071262730286e-06,2.352078990952577e-05,0.8259026528435333,4.2585766095726285e-06,157,1,1,same_source_cyclic_next_latent,False,ljonly_r16_d8,8,-9.458017302677035e-08
validation,lj_noisy,142,100,7.748370080662426e-06,4.234289735904895e-05,0.8170089775633516,9.051304004970008e-06,157,1,1,same_source_cyclic_next_latent,False,r16_d8,123,7.918338269519154e-06,4.234289735904895e-05,0.812994887846829,9.33030605665408e-06,157,1,1,same_source_cyclic_next_latent,False,ljonly_r16_d8,8,-1.6996818885672837e-07
validation,lj_noisy,142,125,1.2558656635519584e-05,6.57610289636068e-05,0.8090258496035738,1.4934423234080896e-05,157,1,1,same_source_cyclic_next_latent,False,r16_d8,123,1.3377571121964138e-05,6.57610289636068e-05,0.7965729652836258,1.6032587154768407e-05,157,1,1,same_source_cyclic_next_latent,False,ljonly_r16_d8,8,-8.189144864445535e-07
validation,lj_noisy,142,149,1.8087623175233603e-05,9.220665378961712e-05,0.8038360310037588,2.141818004020024e-05,157,1,1,same_source_cyclic_next_latent,False,r16_d8,123,1.9708397303475067e-05,9.220665378961712e-05,0.7862584044266194,2.314269841008354e-05,157,1,1,same_source_cyclic_next_latent,False,ljonly_r16_d8,8,-1.6207741282414645e-06
validation,lj_noisy,142,175,2.520233829272911e-05,0.0001260444259969,0.8000519412628481,2.934809344878886e-05,157,1,1,same_source_cyclic_next_latent,False,r16_d8,123,2.7646650778478943e-05,0.0001260444259969,0.7806594733578497,3.14737917506136e-05,157,1,1,same_source_cyclic_next_latent,False,ljonly_r16_d8,8,-2.4443124857498333e-06
validation,lj_noisy,142,199,3.248681241529994e-05,0.000161461342941,0.7987951058529018,3.755530997295864e-05,157,1,1,same_source_cyclic_next_latent,False,r16_d8,123,3.592139546526596e-05,0.000161461342941,0.7775232460541124,4.061611616634764e-05,157,1,1,same_source_cyclic_next_latent,False,ljonly_r16_d8,8,-3.4345830499660224e-06
validation,lj_noisy,157,0,1.6788082746188593e-07,0.0,,8.866484222380677e-07,12,1,1,same_source_cyclic_next_latent,False,r16_d8,123,7.549459724032204e-07,0.0,,4.38532697444316e-06,12,1,1,same_source_cyclic_next_latent,False,ljonly_r16_d8,8,-5.870651449413344e-07
validation,lj_noisy,157,5,9.807404666162257e-08,9.083687757538429e-08,-0.0796721472535453,7.765206646581646e-07,12,1,1,same_source_cyclic_next_latent,False,r16_d8,123,5.311383119988022e-07,9.083687757538429e-08,-4.847166108918901,4.349783012003172e-06,12,1,1,same_source_cyclic_next_latent,False,ljonly_r16_d8,8,-4.330642653371797e-07
validation,lj_noisy,157,10,6.669348096011164e-08,3.649991242582473e-07,0.8172776959516098,7.088481766004406e-07,12,1,1,same_source_cyclic_next_latent,False,r16_d8,123,3.726304100837297e-07,3.649991242582473e-07,-0.0209076825622271,4.339175120549044e-06,12,1,1,same_source_cyclic_next_latent,False,ljonly_r16_d8,8,-3.059369291236181e-07
validation,lj_noisy,157,25,2.416691415874084e-07,2.373865527260932e-06,0.8981959429411082,9.077402864932084e-07,12,1,1,same_source_cyclic_next_latent,False,r16_d8,123,3.202934237833688e-07,2.373865527260932e-06,0.8650751611221479,4.761172021972016e-06,12,1,1,same_source_cyclic_next_latent,False,ljonly_r16_d8,8,-7.86242821959604e-08
validation,lj_noisy,157,50,1.186991653412406e-06,9.819269507715944e-06,0.8791160938723932,2.6590487323119305e-06,12,1,1,same_source_cyclic_next_latent,False,r16_d8,123,1.2687452226600726e-06,9.819269507715944e-06,0.8707902638110607,7.085962351993658e-06,12,1,1,same_source_cyclic_next_latent,False,ljonly_r16_d8,8,-8.175356924766653e-08
validation,lj_noisy,157,75,3.190293682564516e-06,2.281349952681921e-05,0.8601576369809439,5.943420092080487e-06,12,1,1,same_source_cyclic_next_latent,False,r16_d8,123,3.2436180390504887e-06,2.281349952681921e-05,0.8578202333562486,1.0580979505903088e-05,12,1,1,same_source_cyclic_next_latent,False,ljonly_r16_d8,8,-5.332435648597269e-08
validation,lj_noisy,157,100,6.547042175952811e-06,4.15882641391363e-05,0.8425747669090191,1.021447496896144e-05,12,1,1,same_source_cyclic_next_latent,False,r16_d8,123,6.722128546243766e-06,4.15882641391363e-05,0.838364772240687,1.4359292435983662e-05,12,1,1,same_source_cyclic_next_latent,False,ljonly_r16_d8,8,-1.7508637029095553e-07
validation,lj_noisy,157,125,1.1137577530462297e-05,6.644261884503067e-05,0.8323729900466545,1.5284651453839615e-05,12,1,1,same_source_cyclic_next_latent,False,r16_d8,123,1.1689140592352489e-05,6.644261884503067e-05,0.8240716456463586,1.8287388229509816e-05,12,1,1,same_source_cyclic_next_latent,False,ljonly_r16_d8,8,-5.515630618901923e-07
validation,lj_noisy,157,149,1.6953090380411595e-05,9.61377882049419e-05,0.8236584105276916,2.181078889407217e-05,12,1,1,same_source_cyclic_next_latent,False,r16_d8,123,1.779404738044832e-05,9.61377882049419e-05,0.8149109968858881,2.358867641305551e-05,12,1,1,same_source_cyclic_next_latent,False,ljonly_r16_d8,8,-8.409570000367239e-07
validation,lj_noisy,157,175,2.4324934202013537e-05,0.0001335744454991,0.8178923063380703,3.11008989228867e-05,12,1,1,same_source_cyclic_next_latent,False,r16_d8,123,2.5912979253917e-05,0.0001335744454991,0.8060034675263525,3.1828501960262656e-05,12,1,1,same_source_cyclic_next_latent,False,ljonly_r16_d8,8,-1.588045051903464e-06
validation,lj_noisy,157,199,3.3245138183701783e-05,0.0001735624682623,0.8084543362598287,4.3087162339361385e-05,12,1,1,same_source_cyclic_next_latent,False,r16_d8,123,3.673228275147267e-05,0.0001735624682623,0.7883627542335863,4.333889955887571e-05,12,1,1,same_source_cyclic_next_latent,False,ljonly_r16_d8,8,-3.4871445677708834e-06
validation,lj_noisy,12,0,4.5173106855145306e-07,0.0,,9.286029722943569e-08,152,1,1,same_source_cyclic_next_latent,False,r16_d8,123,2.366567741773906e-06,0.0,,4.022684265692078e-07,152,1,1,same_source_cyclic_next_latent,False,ljonly_r16_d8,8,-1.914836673222453e-06
validation,lj_noisy,12,5,2.918981181210256e-07,1.0223686786048348e-07,-1.8551160088292369,3.1490728247263184e-08,152,1,1,same_source_cyclic_next_latent,False,r16_d8,123,2.091219130306854e-06,1.0223686786048348e-07,-19.45464785913253,2.0609718376363162e-07,152,1,1,same_source_cyclic_next_latent,False,ljonly_r16_d8,8,-1.7993210121858283e-06
validation,lj_noisy,12,10,2.031837738059039e-07,4.424935866609303e-07,0.5408209747419512,7.47489536934154e-08,152,1,1,same_source_cyclic_next_latent,False,r16_d8,123,1.836110527619894e-06,4.424935866609303e-07,-3.149462462213833,1.1901534691105553e-07,152,1,1,same_source_cyclic_next_latent,False,ljonly_r16_d8,8,-1.63292675381399e-06
validation,lj_noisy,12,25,6.172834901008173e-07,3.1844713248574408e-06,0.8061582513610949,9.521790502731164e-07,152,1,1,same_source_cyclic_next_latent,False,r16_d8,123,1.7100226159527665e-06,3.1844713248574408e-06,0.4630120853641792,6.500143285848026e-07,152,1,1,same_source_cyclic_next_latent,False,ljonly_r16_d8,8,-1.0927391258519492e-06
validation,lj_noisy,12,50,3.43927058565896e-06,1.4166832443152089e-05,0.7572307995128846,4.525725671555847e-06,152,1,1,same_source_cyclic_next_latent,False,r16_d8,123,3.897745955327991e-06,1.4166832443152089e-05,0.7248682109449195,3.857453066302696e-06,152,1,1,same_source_cyclic_next_latent,False,ljonly_r16_d8,8,-4.5847536966903135e-07
validation,lj_noisy,12,75,8.641032763989642e-06,3.3046842872863635e-05,0.7385216858011809,1.0178353477385826e-05,152,1,1,same_source_cyclic_next_latent,False,r16_d8,123,8.778541086940095e-06,3.3046842872863635e-05,0.7343606734019188,9.277300705434754e-06,152,1,1,same_source_cyclic_next_latent,False,ljonly_r16_d8,8,-1.3750832295045257e-07
validation,lj_noisy,12,100,1.4627057680627333e-05,5.7156557886628434e-05,0.7440878488582099,1.647172393859364e-05,152,1,1,same_source_cyclic_next_latent,False,r16_d8,123,1.4186545740813015e-05,5.7156557886628434e-05,0.7517949599247664,1.5009682101663202e-05,152,1,1,same_source_cyclic_next_latent,False,ljonly_r16_d8,8,4.4051193981431763e-07
validation,lj_noisy,12,125,2.2791335140937008e-05,8.803003584034741e-05,0.7410959234155974,2.524724550312385e-05,152,1,1,same_source_cyclic_next_latent,False,r16_d8,123,2.1378004021244124e-05,8.803003584034741e-05,0.7571510244524313,2.248975761176553e-05,152,1,1,same_source_cyclic_next_latent,False,ljonly_r16_d8,8,1.4133311196928844e-06
validation,lj_noisy,12,149,3.2663891033735126e-05,0.0001241997088072,0.7370050916591202,3.62489081453532e-05,152,1,1,same_source_cyclic_next_latent,False,r16_d8,123,3.0794595659244806e-05,0.0001241997088072,0.7520558143414968,3.186236790497787e-05,152,1,1,same_source_cyclic_next_latent,False,ljonly_r16_d8,8,1.8692953744903207e-06
validation,lj_noisy,12,175,4.334259210736491e-05,0.0001689234195509,0.7434186910105667,4.867835741606541e-05,152,1,1,same_source_cyclic_next_latent,False,r16_d8,123,4.268665361450985e-05,0.0001689234195509,0.7473017434292222,4.3317704694345593e-05,152,1,1,same_source_cyclic_next_latent,False,ljonly_r16_d8,8,6.559384928550571e-07
validation,lj_noisy,12,199,5.222620529821143e-05,0.000215836931602,0.7580293376552812,5.922411219216883e-05,152,1,1,same_source_cyclic_next_latent,False,r16_d8,123,5.505261651705951e-05,0.000215836931602,0.7449342144163229,5.511911149369553e-05,152,1,1,same_source_cyclic_next_latent,False,ljonly_r16_d8,8,-2.8264112188480794e-06
validation,lj_noisy,152,0,1.6132322855355596e-07,0.0,,8.147049612716729e-08,29,1,1,same_source_cyclic_next_latent,False,r16_d8,123,6.954336981834786e-07,0.0,,4.603517140822078e-07,29,1,1,same_source_cyclic_next_latent,False,ljonly_r16_d8,8,-5.341104696299226e-07
validation,lj_noisy,152,5,7.344945629483847e-08,9.695842351220565e-08,0.2424644127429294,3.184231189834463e-08,29,1,1,same_source_cyclic_next_latent,False,r16_d8,123,4.663302775043121e-07,9.695842351220565e-08,-3.809590137834781,2.397704861323291e-07,29,1,1,same_source_cyclic_next_latent,False,ljonly_r16_d8,8,-3.9288082120947365e-07
validation,lj_noisy,152,10,4.464068581455649e-08,4.1400659256396477e-07,0.8921739735155076,6.981493072544255e-08,29,1,1,same_source_cyclic_next_latent,False,r16_d8,123,3.04668049011525e-07,4.1400659256396477e-07,0.2640985566807047,1.025940861154595e-07,29,1,1,same_source_cyclic_next_latent,False,ljonly_r16_d8,8,-2.600273631969685e-07
validation,lj_noisy,152,25,2.999766479661048e-07,2.7664339086186374e-06,0.8915655830303598,6.739960554114077e-07,29,1,1,same_source_cyclic_next_latent,False,r16_d8,123,2.553209128564049e-07,2.7664339086186374e-06,0.907707568194212,2.612371474697284e-07,29,1,1,same_source_cyclic_next_latent,False,ljonly_r16_d8,8,4.465573510969989e-08
validation,lj_noisy,152,50,1.3229924888946698e-06,1.1517513485159723e-05,0.8851321085406724,2.524071305742837e-06,29,1,1,same_source_cyclic_next_latent,False,r16_d8,123,1.1162110240547918e-06,1.1517513485159723e-05,0.9030857636508934,1.6508264479853096e-06,29,1,1,same_source_cyclic_next_latent,False,ljonly_r16_d8,8,2.0678146483987803e-07
validation,lj_noisy,152,75,3.0192868507583626e-06,2.6382193027529866e-05,0.8855558805286683,4.731979515781859e-06,29,1,1,same_source_cyclic_next_latent,False,r16_d8,123,2.985095079566236e-06,2.6382193027529866e-05,0.8868518975488018,3.441600028963876e-06,29,1,1,same_source_cyclic_next_latent,False,ljonly_r16_d8,8,3.4191771192126484e-08
validation,lj_noisy,152,100,5.5955879361135885e-06,4.726915722130798e-05,0.8816228537793517,7.676330824324396e-06,29,1,1,same_source_cyclic_next_latent,False,r16_d8,123,5.806032277178019e-06,4.726915722130798e-05,0.877170810344789,5.631031854136381e-06,29,1,1,same_source_cyclic_next_latent,False,ljonly_r16_d8,8,-2.1044434106443077e-07
validation,lj_noisy,152,125,8.832050298224203e-06,7.386328070424497e-05,0.8804270509783,1.1722800991265103e-05,29,1,1,same_source_cyclic_next_latent,False,r16_d8,123,8.987989531306084e-06,7.386328070424497e-05,0.878315863503345,8.5159445006866e-06,29,1,1,same_source_cyclic_next_latent,False,ljonly_r16_d8,8,-1.5593923308188096e-07
validation,lj_noisy,152,149,1.262011119251838e-05,0.0001050939827109,0.879915948877621,1.7145805031759664e-05,29,1,1,same_source_cyclic_next_latent,False,r16_d8,123,1.2743294973915908e-05,0.0001050939827109,0.8787438191493537,1.2287280696909876e-05,29,1,1,same_source_cyclic_next_latent,False,ljonly_r16_d8,8,-1.2318378139752895e-07
validation,lj_noisy,152,175,1.7332513380097225e-05,0.0001450929412385,0.8805419944475374,2.47017051151488e-05,29,1,1,same_source_cyclic_next_latent,False,r16_d8,123,1.9332857846166007e-05,0.0001450929412385,0.8667553522512086,1.81118339241948e-05,29,1,1,same_source_cyclic_next_latent,False,ljonly_r16_d8,8,-2.000344466068782e-06
validation,lj_noisy,152,199,2.241175388917327e-05,0.0001877725881058,0.8806441658218143,3.318763629067689e-05,29,1,1,same_source_cyclic_next_latent,False,r16_d8,123,3.001387813128531e-05,0.0001877725881058,0.840158361590231,2.634504926390946e-05,29,1,1,same_source_cyclic_next_latent,False,ljonly_r16_d8,8,-7.6021242421120405e-06
validation,lj_noisy,29,0,7.386631040162683e-08,0.0,,4.2331316763011273e-07,95,1,1,same_source_cyclic_next_latent,False,r16_d8,123,4.818627417080279e-07,0.0,,2.6827390229300363e-06,95,1,1,same_source_cyclic_next_latent,False,ljonly_r16_d8,8,-4.0799643130640106e-07
validation,lj_noisy,29,5,2.9752813546224388e-08,9.255531097096537e-08,0.6785401806325533,3.092215763444983e-07,95,1,1,same_source_cyclic_next_latent,False,r16_d8,123,2.6772821115628176e-07,9.255531097096537e-08,-1.8926293731568595,2.484619017195655e-06,95,1,1,same_source_cyclic_next_latent,False,ljonly_r16_d8,8,-2.3797539761005737e-07
validation,lj_noisy,29,10,6.299757870920075e-08,3.9399358797709283e-07,0.8401050660934526,2.3013625138901261e-07,95,1,1,same_source_cyclic_next_latent,False,r16_d8,123,1.2944668981162977e-07,3.9399358797709283e-07,0.6714497551184617,2.283684352732962e-06,95,1,1,same_source_cyclic_next_latent,False,ljonly_r16_d8,8,-6.644911110242901e-08
validation,lj_noisy,29,25,5.831140015288838e-07,2.62467051470594e-06,0.7778334468034308,2.814620927438227e-07,95,1,1,same_source_cyclic_next_latent,False,r16_d8,123,2.3628372503026185e-07,2.62467051470594e-06,0.9099758526998448,2.079386831610464e-06,95,1,1,same_source_cyclic_next_latent,False,ljonly_r16_d8,8,3.4683027649862197e-07
validation,lj_noisy,29,50,2.033774535448174e-06,1.0715701137087308e-05,0.8102061162932932,1.1924411182917538e-06,95,1,1,same_source_cyclic_next_latent,False,r16_d8,123,1.3680330539500574e-06,1.0715701137087308e-05,0.8723337804546208,3.075272843489074e-06,95,1,1,same_source_cyclic_next_latent,False,ljonly_r16_d8,8,6.657414814981166e-07
validation,lj_noisy,29,75,3.7811910260643344e-06,2.4163142370525748e-05,0.8435141022602822,3.76604771190614e-06,95,1,1,same_source_cyclic_next_latent,False,r16_d8,123,3.00083320325939e-06,2.4163142370525748e-05,0.8758094805202236,5.723000413127011e-06,95,1,1,same_source_cyclic_next_latent,False,ljonly_r16_d8,8,7.803578228049446e-07
validation,lj_noisy,29,100,6.527034202008508e-06,4.288870331947692e-05,0.8478146062521689,7.962621566548478e-06,95,1,1,same_source_cyclic_next_latent,False,r16_d8,123,5.630284704238875e-06,4.288870331947692e-05,0.8687233637655347,9.536724974168465e-06,95,1,1,same_source_cyclic_next_latent,False,ljonly_r16_d8,8,8.967494977696333e-07
validation,lj_noisy,29,125,1.058482303051278e-05,6.650677823927253e-05,0.8408459511836284,1.3089934327581432e-05,95,1,1,same_source_cyclic_next_latent,False,r16_d8,123,9.652017979533412e-06,6.650677823927253e-05,0.8548716651886491,1.3910044799558818e-05,95,1,1,same_source_cyclic_next_latent,False,ljonly_r16_d8,8,9.328050509793684e-07
validation,lj_noisy,29,149,1.578207957209088e-05,9.352853521704674e-05,0.8312592030286132,1.910480932565406e-05,95,1,1,same_source_cyclic_next_latent,False,r16_d8,123,1.4679331798106432e-05,9.352853521704674e-05,0.8430496985327431,1.911092113004997e-05,95,1,1,same_source_cyclic_next_latent,False,ljonly_r16_d8,8,1.1027477739844471e-06
validation,lj_noisy,29,175,2.292794488312211e-05,0.0001277870032936,0.8205768639050289,2.741361277003307e-05,95,1,1,same_source_cyclic_next_latent,False,r16_d8,123,2.1775109416921623e-05,0.0001277870032936,0.8295984031577451,2.6841713406611237e-05,95,1,1,same_source_cyclic_next_latent,False,ljonly_r16_d8,8,1.1528354662004858e-06
validation,lj_noisy,29,199,3.08122398564592e-05,0.0001640301925363,0.8121550710876593,3.686433046823368e-05,95,1,1,same_source_cyclic_next_latent,False,r16_d8,123,3.054366970900446e-05,0.0001640301925363,0.8137923925057592,3.726240174728446e-05,95,1,1,same_source_cyclic_next_latent,False,ljonly_r16_d8,8,2.685701474547386e-07
validation,lj_noisy,95,0,2.839687169853278e-07,0.0,,3.680316851273346e-08,183,1,1,same_source_cyclic_next_latent,False,r16_d8,123,1.8019260323853812e-06,0.0,,2.3855511699366616e-07,183,1,1,same_source_cyclic_next_latent,False,ljonly_r16_d8,8,-1.5179573154000534e-06
validation,lj_noisy,95,5,1.7077097425044485e-07,9.315184712477277e-08,-0.8332537627697787,2.3849127117614444e-08,183,1,1,same_source_cyclic_next_latent,False,r16_d8,123,1.5495049865421606e-06,9.315184712477277e-08,-15.634184231115327,9.306011605758613e-08,183,1,1,same_source_cyclic_next_latent,False,ljonly_r16_d8,8,-1.3787340122917158e-06
validation,lj_noisy,95,10,1.1371802344228855e-07,4.062233927015768e-07,0.7200603769122942,9.795037669846353e-08,183,1,1,same_source_cyclic_next_latent,False,r16_d8,123,1.3009819213039009e-06,4.062233927015768e-07,-2.202626792740217,4.1623394508860656e-08,183,1,1,same_source_cyclic_next_latent,False,ljonly_r16_d8,8,-1.1872638978616123e-06
validation,lj_noisy,95,25,3.613410228808789e-07,2.82183304989303e-06,0.8719481214898321,8.305397614094545e-07,183,1,1,same_source_cyclic_next_latent,False,r16_d8,123,1.0053125834019738e-06,2.82183304989303e-06,0.6437377528624229,5.465042249852559e-07,183,1,1,same_source_cyclic_next_latent,False,ljonly_r16_d8,8,-6.439715605210949e-07
validation,lj_noisy,95,50,1.9437491118878825e-06,1.2093249097233638e-05,0.8392699020536574,3.338343958603218e-06,183,1,1,same_source_cyclic_next_latent,False,r16_d8,123,2.257687128803809e-06,1.2093249097233638e-05,0.8133101277703557,3.0241146760090487e-06,183,1,1,same_source_cyclic_next_latent,False,ljonly_r16_d8,8,-3.139380169159267e-07
validation,lj_noisy,95,75,5.162114121048944e-06,2.818343091348652e-05,0.8168386901901735,7.418393579428084e-06,183,1,1,same_source_cyclic_next_latent,False,r16_d8,123,5.760303338320227e-06,2.818343091348652e-05,0.7956138358029444,6.81625897414051e-06,183,1,1,same_source_cyclic_next_latent,False,ljonly_r16_d8,8,-5.981892172712833e-07
validation,lj_noisy,95,100,1.077846627595136e-05,5.138449341757223e-05,0.790238930870429,1.3876509001420343e-05,183,1,1,same_source_cyclic_next_latent,False,r16_d8,123,1.1921704754058736e-05,5.138449341757223e-05,0.7679902250436158,1.2619102562894112e-05,183,1,1,same_source_cyclic_next_latent,False,ljonly_r16_d8,8,-1.1432384781073762e-06
validation,lj_noisy,95,125,1.8426142560201697e-05,8.035653445404023e-05,0.7706951564624717,2.2525127860717475e-05,183,1,1,same_source_cyclic_next_latent,False,r16_d8,123,2.0757333913934417e-05,8.035653445404023e-05,0.7416845555253937,2.0862829842371863e-05,183,1,1,same_source_cyclic_next_latent,False,ljonly_r16_d8,8,-2.33119135373272e-06
validation,lj_noisy,95,149,2.965364546980709e-05,0.0001155957506853,0.7434711458336153,3.517427103361115e-05,183,1,1,same_source_cyclic_next_latent,False,r16_d8,123,3.425806789891794e-05,0.0001155957506853,0.7036390378035771,3.3822550904005766e-05,183,1,1,same_source_cyclic_next_latent,False,ljonly_r16_d8,8,-4.604422429110855e-06
validation,lj_noisy,95,175,4.732647721539252e-05,0.0001621420669835,0.7081172203126853,5.508185859071091e-05,183,1,1,same_source_cyclic_next_latent,False,r16_d8,123,5.635947672999464e-05,0.0001621420669835,0.6524068196581716,5.528323526959866e-05,183,1,1,same_source_cyclic_next_latent,False,ljonly_r16_d8,8,-9.032999514602118e-06
validation,lj_noisy,95,199,6.873346865177155e-05,0.0002128292690031,0.6770487960903396,7.980292139109224e-05,183,1,1,same_source_cyclic_next_latent,False,r16_d8,123,8.402395178563893e-05,0.0002128292690031,0.6052049035398135,8.24304879643023e-05,183,1,1,same_source_cyclic_next_latent,False,ljonly_r16_d8,8,-1.5290483133867383e-05
validation,lj_noisy,183,0,6.554390807878009e-08,0.0,,3.5977322454527894e-07,147,1,1,same_source_cyclic_next_latent,False,r16_d8,123,4.300825935388275e-07,0.0,,2.261082499899203e-06,147,1,1,same_source_cyclic_next_latent,False,ljonly_r16_d8,8,-3.645386854600474e-07
validation,lj_noisy,183,5,3.502638890040544e-08,9.035466774776069e-08,0.612345551441934,2.878460350075329e-07,147,1,1,same_source_cyclic_next_latent,False,r16_d8,123,2.431179950690421e-07,9.035466774776069e-08,-1.6907076427721957,2.110466084559448e-06,147,1,1,same_source_cyclic_next_latent,False,ljonly_r16_d8,8,-2.0809160616863664e-07
validation,lj_noisy,183,10,5.386300117038446e-08,3.734352276296704e-07,0.8557634706498566,2.535348642140889e-07,147,1,1,same_source_cyclic_next_latent,False,r16_d8,123,1.2739897670144273e-07,3.734352276296704e-07,0.658845852572371,2.020583451667335e-06,147,1,1,same_source_cyclic_next_latent,False,ljonly_r16_d8,8,-7.353597553105828e-08
validation,lj_noisy,183,25,3.3693154932734615e-07,2.431817392789526e-06,0.8614486637334008,4.840509859604936e-07,147,1,1,same_source_cyclic_next_latent,False,r16_d8,123,2.010111757044797e-07,2.431817392789526e-06,0.917341171956213,2.370162746956339e-06,147,1,1,same_source_cyclic_next_latent,False,ljonly_r16_d8,8,1.3592037362286644e-07
validation,lj_noisy,183,50,1.3167330052965551e-06,1.020561103359796e-05,0.8709795032397639,2.491739905963186e-06,147,1,1,same_source_cyclic_next_latent,False,r16_d8,123,1.222326773131499e-06,1.020561103359796e-05,0.8802299275263903,5.291014531394467e-06,147,1,1,same_source_cyclic_next_latent,False,ljonly_r16_d8,8,9.440623216505607e-08
validation,lj_noisy,183,75,3.310584133942029e-06,2.3695167328696695e-05,0.8602844163108039,6.9530183282040525e-06,147,1,1,same_source_cyclic_next_latent,False,r16_d8,123,3.26747021972551e-06,2.3695167328696695e-05,0.8621039398287621,1.0929497875622474e-05,147,1,1,same_source_cyclic_next_latent,False,ljonly_r16_d8,8,4.311391421651891e-08
validation,lj_noisy,183,100,6.840168225608068e-06,4.307867129682563e-05,0.8412168244819542,1.255026745639043e-05,147,1,1,same_source_cyclic_next_latent,False,r16_d8,123,7.264360647241119e-06,4.307867129682563e-05,0.8313699000327243,1.722965134831611e-05,147,1,1,same_source_cyclic_next_latent,False,ljonly_r16_d8,8,-4.241924216330517e-07
validation,lj_noisy,183,125,1.0921760804194491e-05,6.872970698168501e-05,0.8410911193451631,1.7395543181919493e-05,147,1,1,same_source_cyclic_next_latent,False,r16_d8,123,1.209585116157541e-05,6.872970698168501e-05,0.824008399093005,2.1497779016499408e-05,147,1,1,same_source_cyclic_next_latent,False,ljonly_r16_d8,8,-1.1740903573809192e-06
validation,lj_noisy,183,149,1.5256810911523644e-05,9.890592627925798e-05,0.8457442189212556,2.2033345885574818e-05,147,1,1,same_source_cyclic_next_latent,False,r16_d8,123,1.6891362975002266e-05,9.890592627925798e-05,0.8292178880433312,2.4835926524247043e-05,147,1,1,same_source_cyclic_next_latent,False,ljonly_r16_d8,8,-1.6345520634786226e-06
validation,lj_noisy,183,175,2.0645871700253338e-05,0.00013746204786,0.8498067501418543,2.7905953174922612e-05,147,1,1,same_source_cyclic_next_latent,False,r16_d8,123,2.27476757572731e-05,0.00013746204786,0.8345166821577079,2.959967969218269e-05,147,1,1,same_source_cyclic_next_latent,False,ljonly_r16_d8,8,-2.1018040570197627e-06
validation,lj_noisy,183,199,2.7319996661390175e-05,0.0001797954901121,0.8480495998851357,3.5170072806067765e-05,147,1,1,same_source_cyclic_next_latent,False,r16_d8,123,3.0797837098361924e-05,0.0001797954901121,0.8287062869088075,3.696082058013417e-05,147,1,1,same_source_cyclic_next_latent,False,ljonly_r16_d8,8,-3.4778404369717498e-06
validation,lj_noisy,147,0,2.553701392571384e-07,0.0,,3.5499461148447153e-08,43,1,1,same_source_cyclic_next_latent,False,r16_d8,123,1.576572799422138e-06,0.0,,3.3038205060620385e-07,43,1,1,same_source_cyclic_next_latent,False,ljonly_r16_d8,8,-1.3212026601649995e-06
validation,lj_noisy,147,5,1.4948926718716393e-07,1.0630814983869641e-07,-0.4061882124182119,2.1605897515541983e-08,43,1,1,same_source_cyclic_next_latent,False,r16_d8,123,1.3228140005594469e-06,1.0630814983869641e-07,-11.443204049422178,1.562336393590158e-07,43,1,1,same_source_cyclic_next_latent,False,ljonly_r16_d8,8,-1.173324733372283e-06
validation,lj_noisy,147,10,1.034984578041076e-07,4.434336347003409e-07,0.7665976378313099,9.064861927754465e-08,43,1,1,same_source_cyclic_next_latent,False,r16_d8,123,1.140349127126683e-06,4.434336347003409e-07,-1.5716342602141502,8.161990905364291e-08,43,1,1,same_source_cyclic_next_latent,False,ljonly_r16_d8,8,-1.0368506693225754e-06
validation,lj_noisy,147,25,3.169969886585023e-07,2.912094714702107e-06,0.8911446845948726,6.65231652874354e-07,43,1,1,same_source_cyclic_next_latent,False,r16_d8,123,1.1409189255573438e-06,2.912094714702107e-06,0.608213661527814,3.471510581221082e-07,43,1,1,same_source_cyclic_next_latent,False,ljonly_r16_d8,8,-8.239219368988415e-07
validation,lj_noisy,147,50,1.6169873333637952e-06,1.199792586703552e-05,0.8652277609243701,2.129350832547061e-06,43,1,1,same_source_cyclic_next_latent,False,r16_d8,123,2.7346177375875413e-06,1.199792586703552e-05,0.7720757931084619,1.625167669772054e-06,43,1,1,same_source_cyclic_next_latent,False,ljonly_r16_d8,8,-1.1176304042237462e-06
validation,lj_noisy,147,75,4.1355856410518754e-06,2.723287980188616e-05,0.8481399811133656,4.171172349742847e-06,43,1,1,same_source_cyclic_next_latent,False,r16_d8,123,5.774490091425832e-06,2.723287980188616e-05,0.7879588889080364,3.978851509600645e-06,43,1,1,same_source_cyclic_next_latent,False,ljonly_r16_d8,8,-1.638904450373957e-06
validation,lj_noisy,147,100,7.545723292423645e-06,4.869244003202766e-05,0.8450329601995625,7.312157777050743e-06,43,1,1,same_source_cyclic_next_latent,False,r16_d8,123,9.369166036776733e-06,4.869244003202766e-05,0.807584790768051,7.865639418014325e-06,43,1,1,same_source_cyclic_next_latent,False,ljonly_r16_d8,8,-1.8234427443530876e-06
validation,lj_noisy,147,125,1.1842352250823753e-05,7.65042204875499e-05,0.8452065497124966,1.183505173685262e-05,43,1,1,same_source_cyclic_next_latent,False,r16_d8,123,1.3462806236930192e-05,7.65042204875499e-05,0.8240253132293388,1.2626951502170414e-05,43,1,1,same_source_cyclic_next_latent,False,ljonly_r16_d8,8,-1.6204539861064387e-06
validation,lj_noisy,147,149,1.6902766219573095e-05,0.0001096505948225,0.8458488415232037,1.7613576346775517e-05,43,1,1,same_source_cyclic_next_latent,False,r16_d8,123,1.879869887488894e-05,0.0001096505948225,0.8285581678302496,1.8488351997802965e-05,43,1,1,same_source_cyclic_next_latent,False,ljonly_r16_d8,8,-1.8959326553158462e-06
validation,lj_noisy,147,175,2.404951192147564e-05,0.0001528372813481,0.8426462986691864,2.614441837067716e-05,43,1,1,same_source_cyclic_next_latent,False,r16_d8,123,2.80741551250685e-05,0.0001528372813481,0.8163134355870161,2.8392179956426844e-05,43,1,1,same_source_cyclic_next_latent,False,ljonly_r16_d8,8,-4.024643203592859e-06
validation,lj_noisy,147,199,3.289313826826401e-05,0.0001997498766286,0.8353283675392794,3.717897925525904e-05,43,1,1,same_source_cyclic_next_latent,False,r16_d8,123,4.1455648897681385e-05,0.0001997498766286,0.7924622052470414,4.281686051399447e-05,43,1,1,same_source_cyclic_next_latent,False,ljonly_r16_d8,8,-8.562510629417375e-06
validation,lj_noisy,43,0,5.5392021636180295e-08,0.0,,2.1659346316482697e-07,13,1,1,same_source_cyclic_next_latent,False,r16_d8,123,4.555570285447176e-07,0.0,,7.319540600292385e-07,13,1,1,same_source_cyclic_next_latent,False,ljonly_r16_d8,8,-4.001650069085373e-07
validation,lj_noisy,43,5,3.3461617476859835e-08,9.6270760252537e-08,0.6524218008761593,1.2416623462740972e-07,13,1,1,same_source_cyclic_next_latent,False,r16_d8,123,2.698958496694104e-07,9.6270760252537e-08,-1.8035080325679456,4.978452921022836e-07,13,1,1,same_source_cyclic_next_latent,False,ljonly_r16_d8,8,-2.3643423219255055e-07
validation,lj_noisy,43,10,7.111744082521909e-08,4.102923867321806e-07,0.8266664380695877,8.260604289489494e-08,13,1,1,same_source_cyclic_next_latent,False,r16_d8,123,1.532855691266377e-07,4.102923867321806e-07,0.6263991873027484,3.294512112006487e-07,13,1,1,same_source_cyclic_next_latent,False,ljonly_r16_d8,8,-8.216812830141862e-08
validation,lj_noisy,43,25,4.465010192689079e-07,2.796049102471443e-06,0.8403100221400821,2.7970750693384616e-07,13,1,1,same_source_cyclic_next_latent,False,r16_d8,123,2.211280474284649e-07,2.796049102471443e-06,0.9209141043935856,2.623906425469613e-07,13,1,1,same_source_cyclic_next_latent,False,ljonly_r16_d8,8,2.25372971840443e-07
validation,lj_noisy,43,50,1.3963166338726296e-06,1.1718565474438948e-05,0.8808457710187875,1.4008926427777624e-06,13,1,1,same_source_cyclic_next_latent,False,r16_d8,123,1.232512659044005e-06,1.1718565474438948e-05,0.8948239303067926,1.186024519483908e-06,13,1,1,same_source_cyclic_next_latent,False,ljonly_r16_d8,8,1.6380397482862463e-07
validation,lj_noisy,43,75,3.144125230392092e-06,2.693894930416718e-05,0.8832870133540907,3.720295808307128e-06,13,1,1,same_source_cyclic_next_latent,False,r16_d8,123,4.012323188362643e-06,2.693894930416718e-05,0.8510586607124289,3.179621671733912e-06,13,1,1,same_source_cyclic_next_latent,False,ljonly_r16_d8,8,-8.681979579705512e-07
validation,lj_noisy,43,100,6.051152013242245e-06,4.813013947568834e-05,0.8742752030398993,7.471328899555374e-06,13,1,1,same_source_cyclic_next_latent,False,r16_d8,123,8.634023288323078e-06,4.813013947568834e-05,0.8206108816143297,6.221124749572482e-06,13,1,1,same_source_cyclic_next_latent,False,ljonly_r16_d8,8,-2.5828712750808336e-06
validation,lj_noisy,43,125,1.0168841072299983e-05,7.53487111069262e-05,0.8650429327467919,1.2618502296390943e-05,13,1,1,same_source_cyclic_next_latent,False,r16_d8,123,1.3391005268204026e-05,7.53487111069262e-05,0.8222795709245636,1.0238765753456391e-05,13,1,1,same_source_cyclic_next_latent,False,ljonly_r16_d8,8,-3.2221641959040426e-06
validation,lj_noisy,43,149,1.5177704881352838e-05,0.000107481246232,0.8587874125632695,1.88945032277843e-05,13,1,1,same_source_cyclic_next_latent,False,r16_d8,123,1.827898631745484e-05,0.000107481246232,0.829933249210844,1.5186407836154103e-05,13,1,1,same_source_cyclic_next_latent,False,ljonly_r16_d8,8,-3.1012814361020025e-06
validation,lj_noisy,43,175,2.171661981265061e-05,0.0001489836140535,0.8542348435389618,2.7121184757561423e-05,13,1,1,same_source_cyclic_next_latent,False,r16_d8,123,2.5773026209208183e-05,0.0001489836140535,0.8270076452841335,2.230535028502345e-05,13,1,1,same_source_cyclic_next_latent,False,ljonly_r16_d8,8,-4.0564063965575736e-06
validation,lj_noisy,43,199,2.969503475469537e-05,0.0001935522304847,0.8465787003315889,3.612879299907945e-05,13,1,1,same_source_cyclic_next_latent,False,r16_d8,123,3.6605844798032194e-05,0.0001935522304847,0.8108735574560583,3.1678475352237e-05,13,1,1,same_source_cyclic_next_latent,False,ljonly_r16_d8,8,-6.910810043336824e-06
validation,lj_noisy,13,0,2.0108103626625962e-07,0.0,,1.1401523636322965e-07,40,1,1,same_source_cyclic_next_latent,False,r16_d8,123,6.82614029301476e-07,0.0,,8.733280765227391e-07,40,1,1,same_source_cyclic_next_latent,False,ljonly_r16_d8,8,-4.815329930352164e-07
validation,lj_noisy,13,5,1.107786928855603e-07,9.281463064780837e-08,-0.1935477425527643,4.8634220206622565e-08,40,1,1,same_source_cyclic_next_latent,False,r16_d8,123,4.633144214949425e-07,9.281463064780837e-08,-3.991825300183778,6.501242637568794e-07,40,1,1,same_source_cyclic_next_latent,False,ljonly_r16_d8,8,-3.525357286093822e-07
validation,lj_noisy,13,10,7.227593101788443e-08,3.781031523431011e-07,0.8088459972629393,4.0777443643946754e-08,40,1,1,same_source_cyclic_next_latent,False,r16_d8,123,3.260586254327791e-07,3.781031523431011e-07,0.1376463713349192,4.994630558030622e-07,40,1,1,same_source_cyclic_next_latent,False,ljonly_r16_d8,8,-2.5378269441489465e-07
validation,lj_noisy,13,25,2.047111422598391e-07,2.410028173471801e-06,0.9150586103045676,3.099285095231608e-07,40,1,1,same_source_cyclic_next_latent,False,r16_d8,123,3.114600986009464e-07,2.410028173471801e-06,0.8707649553522572,4.354947122919839e-07,40,1,1,same_source_cyclic_next_latent,False,ljonly_r16_d8,8,-1.0674895634110731e-07
validation,lj_noisy,13,50,1.045698127200012e-06,9.818084436119534e-06,0.8934926528689225,1.1851630006276537e-06,40,1,1,same_source_cyclic_next_latent,False,r16_d8,123,1.2364454278213088e-06,9.818084436119534e-06,0.8740644943658686,1.3716161220145295e-06,40,1,1,same_source_cyclic_next_latent,False,ljonly_r16_d8,8,-1.9074730062129674e-07
validation,lj_noisy,13,75,2.9838422506145434e-06,2.2434529455495067e-05,0.8669977787350611,2.7462569960334804e-06,40,1,1,same_source_cyclic_next_latent,False,r16_d8,123,3.367902309037163e-06,2.2434529455495067e-05,0.8498786294707761,3.701606829054072e-06,40,1,1,same_source_cyclic_next_latent,False,ljonly_r16_d8,8,-3.840600584226195e-07
validation,lj_noisy,13,100,6.073493295843946e-06,4.028679541079328e-05,0.8492435738828512,5.9183166740695015e-06,40,1,1,same_source_cyclic_next_latent,False,r16_d8,123,6.7409650910121854e-06,4.028679541079328e-05,0.8326755696928377,7.371160791080911e-06,40,1,1,same_source_cyclic_next_latent,False,ljonly_r16_d8,8,-6.674717951682396e-07
validation,lj_noisy,13,125,9.924351616064088e-06,6.321443652268499e-05,0.8430049817417473,1.02618032542523e-05,40,1,1,same_source_cyclic_next_latent,False,r16_d8,123,1.1067914783779996e-05,6.321443652268499e-05,0.8249147600990133,1.2006804354314228e-05,40,1,1,same_source_cyclic_next_latent,False,ljonly_r16_d8,8,-1.1435631677159074e-06
validation,lj_noisy,13,149,1.478300600865623e-05,8.989958587335423e-05,0.835560910931428,1.5589597751386464e-05,40,1,1,same_source_cyclic_next_latent,False,r16_d8,123,1.6756031982367858e-05,8.989958587335423e-05,0.8136139135727181,1.819846329453867e-05,40,1,1,same_source_cyclic_next_latent,False,ljonly_r16_d8,8,-1.9730259737116285e-06
validation,lj_noisy,13,175,2.32772872550413e-05,0.0001256491668755,0.8147437994706148,2.4693163140909743e-05,40,1,1,same_source_cyclic_next_latent,False,r16_d8,123,2.7168231099494733e-05,0.0001256491668755,0.7837770693186497,2.9565060685854405e-05,40,1,1,same_source_cyclic_next_latent,False,ljonly_r16_d8,8,-3.890943844453432e-06
validation,lj_noisy,13,199,3.2970001484500244e-05,0.0001638034591451,0.798722190260408,3.528306115185842e-05,40,1,1,same_source_cyclic_next_latent,False,r16_d8,123,4.013038414996117e-05,0.0001638034591451,0.7550089335146095,4.4047203118680045e-05,40,1,1,same_source_cyclic_next_latent,False,ljonly_r16_d8,8,-7.1603826654609225e-06
validation,lj_noisy,40,0,1.1455382065150844e-07,0.0,,1.003255533760239e-06,132,1,1,same_source_cyclic_next_latent,False,r16_d8,123,8.690780077813542e-07,0.0,,5.596320534095867e-06,132,1,1,same_source_cyclic_next_latent,False,ljonly_r16_d8,8,-7.545241871298458e-07
validation,lj_noisy,40,5,4.7034664163447815e-08,9.645786747114472e-08,0.5123812562254894,9.236847517968272e-07,132,1,1,same_source_cyclic_next_latent,False,r16_d8,123,6.365489184645412e-07,9.645786747114472e-08,-5.599243121925376,5.575026534643257e-06,132,1,1,same_source_cyclic_next_latent,False,ljonly_r16_d8,8,-5.895142543010934e-07
validation,lj_noisy,40,10,3.865045883344465e-08,4.181624433385878e-07,0.907570707390981,8.524450549884932e-07,132,1,1,same_source_cyclic_next_latent,False,r16_d8,123,4.5422584094012564e-07,4.181624433385878e-07,-0.0862425551984285,5.481752850755584e-06,132,1,1,same_source_cyclic_next_latent,False,ljonly_r16_d8,8,-4.15575382106681e-07
validation,lj_noisy,40,25,4.872379690823436e-07,2.9362895475060213e-06,0.8340633778790018,1.1332701888022712e-06,132,1,1,same_source_cyclic_next_latent,False,r16_d8,123,4.168581710928265e-07,2.9362895475060213e-06,0.8580323349082208,5.6593885346956085e-06,132,1,1,same_source_cyclic_next_latent,False,ljonly_r16_d8,8,7.03797979895171e-08
validation,lj_noisy,40,50,2.140321612387197e-06,1.2648867595999036e-05,0.830789468215779,3.264911356382072e-06,132,1,1,same_source_cyclic_next_latent,False,r16_d8,123,1.7562326775077963e-06,1.2648867595999036e-05,0.8611549481264781,7.419004759867676e-06,132,1,1,same_source_cyclic_next_latent,False,ljonly_r16_d8,8,3.8408893487940077e-07
validation,lj_noisy,40,75,4.597769930114737e-06,2.948326982732397e-05,0.8440549519424844,7.259288395289332e-06,132,1,1,same_source_cyclic_next_latent,False,r16_d8,123,4.76677087135613e-06,2.948326982732397e-05,0.8383228556644532,1.0736967851698864e-05,132,1,1,same_source_cyclic_next_latent,False,ljonly_r16_d8,8,-1.6900094124139287e-07
validation,lj_noisy,40,100,9.17588022275595e-06,5.388597855926491e-05,0.8297167376729713,1.3090303582430352e-05,132,1,1,same_source_cyclic_next_latent,False,r16_d8,123,9.914917427522596e-06,5.388597855926491e-05,0.8160019045285043,1.6166430214070715e-05,132,1,1,same_source_cyclic_next_latent,False,ljonly_r16_d8,8,-7.39037204766646e-07
validation,lj_noisy,40,125,1.5640174751752056e-05,8.557874389225617e-05,0.8172422959205492,2.087148641294334e-05,132,1,1,same_source_cyclic_next_latent,False,r16_d8,123,1.6882637282833457e-05,8.557874389225617e-05,0.8027239415422043,2.446482358209323e-05,132,1,1,same_source_cyclic_next_latent,False,ljonly_r16_d8,8,-1.2424625310814008e-06
validation,lj_noisy,40,149,2.2940563212614503e-05,0.0001225326122948,0.8127799384754388,3.063681288040243e-05,132,1,1,same_source_cyclic_next_latent,False,r16_d8,123,2.539972047088668e-05,0.0001225326122948,0.7927105282815722,3.612765431171283e-05,132,1,1,same_source_cyclic_next_latent,False,ljonly_r16_d8,8,-2.459157258272178e-06
validation,lj_noisy,40,175,3.2910320442169905e-05,0.0001704702153801,0.8069438677673308,4.633369462681003e-05,132,1,1,same_source_cyclic_next_latent,False,r16_d8,123,3.8813534047221765e-05,0.0001704702153801,0.7723148647365891,5.461233013193123e-05,132,1,1,same_source_cyclic_next_latent,False,ljonly_r16_d8,8,-5.90321360505186e-06
validation,lj_noisy,40,199,4.4667751353699714e-05,0.0002223484916612,0.7991092675287794,6.661756196990609e-05,132,1,1,same_source_cyclic_next_latent,False,r16_d8,123,5.672503903042525e-05,0.0002223484916612,0.744882285431258,7.721634028712288e-05,132,1,1,same_source_cyclic_next_latent,False,ljonly_r16_d8,8,-1.2057287676725537e-05
validation,lj_noisy,132,0,6.578127909051545e-07,0.0,,8.911404592026885e-08,61,1,1,same_source_cyclic_next_latent,False,r16_d8,123,3.7229026474960847e-06,0.0,,1.7499719717761766e-07,61,1,1,same_source_cyclic_next_latent,False,ljonly_r16_d8,8,-3.06508985659093e-06
validation,lj_noisy,132,5,5.178083597456862e-07,1.029204241831394e-07,-4.031152600229124,3.394035985593291e-08,61,1,1,same_source_cyclic_next_latent,False,r16_d8,123,3.4920738016808173e-06,1.029204241831394e-07,-32.92984268571344,5.207639475202087e-08,61,1,1,same_source_cyclic_next_latent,False,ljonly_r16_d8,8,-2.974265441935131e-06
validation,lj_noisy,132,10,4.085733564807015e-07,4.412522969232669e-07,0.0740595361665578,6.053264201000276e-08,61,1,1,same_source_cyclic_next_latent,False,r16_d8,123,3.232957624277333e-06,4.412522969232669e-07,-6.32677800618801,4.5354198618952075e-08,61,1,1,same_source_cyclic_next_latent,False,ljonly_r16_d8,8,-2.8243842677966313e-06
validation,lj_noisy,132,25,5.223114953878394e-07,3.067184479732532e-06,0.829709787970306,6.40636471871403e-07,61,1,1,same_source_cyclic_next_latent,False,r16_d8,123,2.87342709270888e-06,3.067184479732532e-06,0.0631710900677706,7.569605031676474e-07,61,1,1,same_source_cyclic_next_latent,False,ljonly_r16_d8,8,-2.3511155973210407e-06
validation,lj_noisy,132,50,2.300923824805068e-06,1.3521135770133696e-05,0.8298276221818963,3.009111196661252e-06,61,1,1,same_source_cyclic_next_latent,False,r16_d8,123,3.929758804588346e-06,1.3521135770133696e-05,0.7093617820724325,3.6307956179371104e-06,61,1,1,same_source_cyclic_next_latent,False,ljonly_r16_d8,8,-1.628834979783278e-06
validation,lj_noisy,132,75,6.338158527796622e-06,3.2666182960383594e-05,0.8059718659053823,7.558180641353829e-06,61,1,1,same_source_cyclic_next_latent,False,r16_d8,123,7.13047575118253e-06,3.2666182960383594e-05,0.7817168978747802,7.682752766413614e-06,61,1,1,same_source_cyclic_next_latent,False,ljonly_r16_d8,8,-7.923172233859077e-07
validation,lj_noisy,132,100,1.3427385965769645e-05,6.118311284808442e-05,0.7805377114579086,1.534487455501221e-05,61,1,1,same_source_cyclic_next_latent,False,r16_d8,123,1.3127685633662622e-05,6.118311284808442e-05,0.7854361273468021,1.3974891771795228e-05,61,1,1,same_source_cyclic_next_latent,False,ljonly_r16_d8,8,2.997003321070224e-07
validation,lj_noisy,132,125,2.6004832761827856e-05,0.0001014992230921,0.7437927900371235,2.8997959816479124e-05,61,1,1,same_source_cyclic_next_latent,False,r16_d8,123,2.4362048861803487e-05,0.0001014992230921,0.7599779769772602,2.552887781348545e-05,61,1,1,same_source_cyclic_next_latent,False,ljonly_r16_d8,8,1.6427839000243694e-06
validation,lj_noisy,132,149,4.3251642637187615e-05,0.000150934967678,0.7134418663709009,4.758726572617889e-05,61,1,1,same_source_cyclic_next_latent,False,r16_d8,123,4.118094511795789e-05,0.000150934967678,0.7271610035005205,4.1821585909929127e-05,61,1,1,same_source_cyclic_next_latent,False,ljonly_r16_d8,8,2.070697519229725e-06
validation,lj_noisy,132,175,6.673198367934674e-05,0.0002120805875165,0.6853461014005219,7.119913789210841e-05,61,1,1,same_source_cyclic_next_latent,False,r16_d8,123,6.601012137252837e-05,0.0002120805875165,0.688749818427485,6.525495700770989e-05,61,1,1,same_source_cyclic_next_latent,False,ljonly_r16_d8,8,7.21862306818366e-07
validation,lj_noisy,132,199,8.81050291354768e-05,0.0002682431077118,0.6715478362631219,9.095286804949863e-05,61,1,1,same_source_cyclic_next_latent,False,r16_d8,123,8.92402240424417e-05,0.0002682431077118,0.6673158732626628,8.862813410814852e-05,61,1,1,same_source_cyclic_next_latent,False,ljonly_r16_d8,8,-1.1351949069648981e-06
validation,lj_noisy,61,0,1.6437863337159797e-07,0.0,,1.5820903342955717e-07,188,1,1,same_source_cyclic_next_latent,False,r16_d8,123,3.7057432678011537e-07,0.0,,2.439130639686482e-06,188,1,1,same_source_cyclic_next_latent,False,ljonly_r16_d8,8,-2.061956934085174e-07
validation,lj_noisy,61,5,8.998522105230222e-08,9.96304834188777e-08,0.096810353975939,7.989773820327174e-08,188,1,1,same_source_cyclic_next_latent,False,r16_d8,123,1.841667227608923e-07,9.96304834188777e-08,-0.8484977332348957,2.1287667095748475e-06,188,1,1,same_source_cyclic_next_latent,False,ljonly_r16_d8,8,-9.418150170859008e-08
validation,lj_noisy,61,10,6.308032851620737e-08,4.162667153195798e-07,0.8484617525382042,5.38457989307517e-08,188,1,1,same_source_cyclic_next_latent,False,r16_d8,123,8.06360063165812e-08,4.162667153195798e-07,0.8062876435972677,1.8559110230853548e-06,188,1,1,same_source_cyclic_next_latent,False,ljonly_r16_d8,8,-1.7555677800373828e-08
validation,lj_noisy,61,25,1.9191094224879637e-07,2.741091520874761e-06,0.9299874007170864,2.0431490099781518e-07,188,1,1,same_source_cyclic_next_latent,False,r16_d8,123,2.0393660804529645e-07,2.741091520874761e-06,0.925600219295044,1.6008441434678389e-06,188,1,1,same_source_cyclic_next_latent,False,ljonly_r16_d8,8,-1.202566579650008e-08
validation,lj_noisy,61,50,8.815015917207347e-07,1.1338017429807223e-05,0.9222525810020984,9.906118521030294e-07,188,1,1,same_source_cyclic_next_latent,False,r16_d8,123,9.489912144999836e-07,1.1338017429807223e-05,0.9163000744728862,3.2451116567244757e-06,188,1,1,same_source_cyclic_next_latent,False,ljonly_r16_d8,8,-6.748962277924885e-08
validation,lj_noisy,61,75,2.415996277704835e-06,2.6031604647869244e-05,0.9071898828218188,3.238356157453381e-06,188,1,1,same_source_cyclic_next_latent,False,r16_d8,123,2.2794115466240328e-06,2.6031604647869244e-05,0.912436763793176,7.418725544994231e-06,188,1,1,same_source_cyclic_next_latent,False,ljonly_r16_d8,8,1.3658473108080216e-07
validation,lj_noisy,61,100,4.896970040135784e-06,4.705508763436228e-05,0.8959311248512107,6.551409569510724e-06,188,1,1,same_source_cyclic_next_latent,False,r16_d8,123,5.942506049905205e-06,4.705508763436228e-05,0.8737117206946683,1.2236562724865507e-05,188,1,1,same_source_cyclic_next_latent,False,ljonly_r16_d8,8,-1.045536009769421e-06
validation,lj_noisy,61,125,8.10026267572539e-06,7.433142309309915e-05,0.8910250559096667,1.0363066394347696e-05,188,1,1,same_source_cyclic_next_latent,False,r16_d8,123,1.0598613698675765e-05,7.433142309309915e-05,0.8574140887172154,1.5490037185372785e-05,188,1,1,same_source_cyclic_next_latent,False,ljonly_r16_d8,8,-2.4983510229503753e-06
validation,lj_noisy,61,149,1.165880894404836e-05,0.0001063243253156,0.8903467394743786,1.4680837011837866e-05,188,1,1,same_source_cyclic_next_latent,False,r16_d8,123,1.4467782420979349e-05,0.0001063243253156,0.8639278229320753,1.7868665963760577e-05,188,1,1,same_source_cyclic_next_latent,False,ljonly_r16_d8,8,-2.8089734769309888e-06
validation,lj_noisy,61,175,1.6392847101087682e-05,0.0001481663784943,0.8893618966214217,2.036230216617696e-05,188,1,1,same_source_cyclic_next_latent,False,r16_d8,123,1.9593384422478263e-05,0.0001481663784943,0.8677609278057293,2.1724348698626272e-05,188,1,1,same_source_cyclic_next_latent,False,ljonly_r16_d8,8,-3.2005373213905807e-06
validation,lj_noisy,61,199,2.280670014442876e-05,0.0001944780233316,0.8827286510129726,2.806084194162395e-05,188,1,1,same_source_cyclic_next_latent,False,r16_d8,123,2.876431062759366e-05,0.0001944780233316,0.8520948015882162,2.9446997359627854e-05,188,1,1,same_source_cyclic_next_latent,False,ljonly_r16_d8,8,-5.957610483164899e-06
validation,lj_noisy,188,0,8.273920570900374e-08,0.0,,1.6855945261795569e-07,67,1,1,same_source_cyclic_next_latent,False,r16_d8,123,1.4120519153948408e-06,0.0,,1.4899404732204855e-06,67,1,1,same_source_cyclic_next_latent,False,ljonly_r16_d8,8,-1.329312709685837e-06
validation,lj_noisy,188,5,2.9611246787908385e-08,9.160689984355487e-08,0.6767574621728483,8.193084255481153e-08,67,1,1,same_source_cyclic_next_latent,False,r16_d8,123,1.116916564569692e-06,9.160689984355487e-08,-11.19249386757055,1.2078610325261252e-06,67,1,1,same_source_cyclic_next_latent,False,ljonly_r16_d8,8,-1.0873053177817835e-06
validation,lj_noisy,188,10,4.678143739056395e-08,3.833892776583525e-07,0.8779792755908734,5.7099914130276375e-08,67,1,1,same_source_cyclic_next_latent,False,r16_d8,123,8.88448880687065e-07,3.833892776583525e-07,-1.3173545335265828,1.0005186368289287e-06,67,1,1,same_source_cyclic_next_latent,False,ljonly_r16_d8,8,-8.41667443296501e-07
validation,lj_noisy,188,25,4.818887759938661e-07,2.6204288587905467e-06,0.8161030877150846,3.7331722069211537e-07,67,1,1,same_source_cyclic_next_latent,False,r16_d8,123,8.189942377612169e-07,2.6204288587905467e-06,0.6874579384157669,9.1633313559214e-07,67,1,1,same_source_cyclic_next_latent,False,ljonly_r16_d8,8,-3.371054617673508e-07
validation,lj_noisy,188,50,1.8057102124657831e-06,1.1088137398473918e-05,0.8371493653465815,1.8108825088347655e-06,67,1,1,same_source_cyclic_next_latent,False,r16_d8,123,2.397805928922025e-06,1.1088137398473918e-05,0.7837503412203352,2.2456022179540014e-06,67,1,1,same_source_cyclic_next_latent,False,ljonly_r16_d8,8,-5.92095716456242e-07
validation,lj_noisy,188,75,4.292010089557152e-06,2.5567558623151854e-05,0.8321306248743412,4.476503818295896e-06,67,1,1,same_source_cyclic_next_latent,False,r16_d8,123,5.8453556448512245e-06,2.5567558623151854e-05,0.7713760734449571,5.10793506691698e-06,67,1,1,same_source_cyclic_next_latent,False,ljonly_r16_d8,8,-1.5533455552940723e-06
validation,lj_noisy,188,100,8.257260560640134e-06,4.645999797503464e-05,0.822271611697504,8.574907951697242e-06,67,1,1,same_source_cyclic_next_latent,False,r16_d8,123,1.0301895599695854e-05,4.645999797503464e-05,0.7782631070016061,9.145837793766988e-06,67,1,1,same_source_cyclic_next_latent,False,ljonly_r16_d8,8,-2.04463503905572e-06
validation,lj_noisy,188,125,1.3502552974387072e-05,7.364279736066237e-05,0.8166480163937974,1.4211962479748765e-05,67,1,1,same_source_cyclic_next_latent,False,r16_d8,123,1.508670629846165e-05,7.364279736066237e-05,0.795136702581039,1.4115424164629076e-05,67,1,1,same_source_cyclic_next_latent,False,ljonly_r16_d8,8,-1.5841533240745775e-06
validation,lj_noisy,188,149,1.9438821254880168e-05,0.000105726372567,0.8161402800180195,2.087702705466654e-05,67,1,1,same_source_cyclic_next_latent,False,r16_d8,123,2.0600446077878587e-05,0.000105726372567,0.8051531933073482,1.984872687899042e-05,67,1,1,same_source_cyclic_next_latent,False,ljonly_r16_d8,8,-1.1616248229984194e-06
validation,lj_noisy,188,175,2.72196157311555e-05,0.000146960519487,0.8147828013526025,2.9318589440663345e-05,67,1,1,same_source_cyclic_next_latent,False,r16_d8,123,2.941644925158471e-05,0.000146960519487,0.7998343408538426,2.8225018468219787e-05,67,1,1,same_source_cyclic_next_latent,False,ljonly_r16_d8,8,-2.196833520429209e-06
validation,lj_noisy,188,199,3.699036824400537e-05,0.0001916797627927,0.8070199602448593,3.8479967770399526e-05,67,1,1,same_source_cyclic_next_latent,False,r16_d8,123,4.172790431766771e-05,0.0001916797627927,0.7823040695079528,3.936889333999716e-05,67,1,1,same_source_cyclic_next_latent,False,ljonly_r16_d8,8,-4.737536073662341e-06
validation,lj_noisy,67,0,2.080817296246096e-07,0.0,,4.9122487411068505e-08,15,1,1,same_source_cyclic_next_latent,False,r16_d8,123,1.804799580895633e-06,0.0,,4.6439441803158843e-07,15,1,1,same_source_cyclic_next_latent,False,ljonly_r16_d8,8,-1.5967178512710234e-06
validation,lj_noisy,67,5,1.1805641264572841e-07,8.974264886774108e-08,-0.3154995326660679,2.6076932613250392e-08,15,1,1,same_source_cyclic_next_latent,False,r16_d8,123,1.5350691455751075e-06,8.974264886774108e-08,-16.105235525613107,2.6918874596049136e-07,15,1,1,same_source_cyclic_next_latent,False,ljonly_r16_d8,8,-1.4170127329293791e-06
validation,lj_noisy,67,10,7.881288155431322e-08,3.756259161491471e-07,0.7901825242456926,6.787502115912504e-08,15,1,1,same_source_cyclic_next_latent,False,r16_d8,123,1.3194903658586554e-06,3.756259161491471e-07,-2.5127777640740177,1.4249306445890397e-07,15,1,1,same_source_cyclic_next_latent,False,ljonly_r16_d8,8,-1.2406774843043422e-06
validation,lj_noisy,67,25,2.109472916345112e-07,2.4605394628451904e-06,0.9142678689694386,5.010863901588891e-07,15,1,1,same_source_cyclic_next_latent,False,r16_d8,123,1.0664980436558835e-06,2.4605394628451904e-06,0.5665592607798853,2.031965777860023e-07,15,1,1,same_source_cyclic_next_latent,False,ljonly_r16_d8,8,-8.555507520213723e-07
validation,lj_noisy,67,50,9.82078063316294e-07,1.0304262104909869e-05,0.9046920533156524,1.7315422837782537e-06,15,1,1,same_source_cyclic_next_latent,False,r16_d8,123,1.7474949345341884e-06,1.0304262104909869e-05,0.8304104731864763,1.2187890661152778e-06,15,1,1,same_source_cyclic_next_latent,False,ljonly_r16_d8,8,-7.654168712178944e-07
validation,lj_noisy,67,75,2.6860002435569186e-06,2.4312985260621645e-05,0.8895240459053262,3.5610171380540123e-06,15,1,1,same_source_cyclic_next_latent,False,r16_d8,123,3.636078872659709e-06,2.4312985260621645e-05,0.8504470416247544,2.9347756935749203e-06,15,1,1,same_source_cyclic_next_latent,False,ljonly_r16_d8,8,-9.500786291027903e-07
validation,lj_noisy,67,100,5.328681709215744e-06,4.4734984840033576e-05,0.8808833460373261,6.2068156694294885e-06,15,1,1,same_source_cyclic_next_latent,False,r16_d8,123,6.340770596580114e-06,4.4734984840033576e-05,0.858259243425389,5.300232714944286e-06,15,1,1,same_source_cyclic_next_latent,False,ljonly_r16_d8,8,-1.01208888736437e-06
validation,lj_noisy,67,125,9.002318620332517e-06,7.140247180359438e-05,0.8739214708827581,1.012196753436001e-05,15,1,1,same_source_cyclic_next_latent,False,r16_d8,123,9.718799447000492e-06,7.140247180359438e-05,0.8638870727930283,8.77629645401612e-06,15,1,1,same_source_cyclic_next_latent,False,ljonly_r16_d8,8,-7.164808266679756e-07
validation,lj_noisy,67,149,1.3545075489673764e-05,0.0001028560582199,0.8683103773944608,1.5134401110117324e-05,15,1,1,same_source_cyclic_next_latent,False,r16_d8,123,1.417964176653186e-05,0.0001028560582199,0.8621409179786493,1.3427540579868946e-05,15,1,1,same_source_cyclic_next_latent,False,ljonly_r16_d8,8,-6.345662768580968e-07
validation,lj_noisy,67,175,1.947777855093591e-05,0.0001433728903066,0.8641460145688764,2.201290226366837e-05,15,1,1,same_source_cyclic_next_latent,False,r16_d8,123,2.166344529541675e-05,0.0001433728903066,0.8489013840128048,2.09857589652529e-05,15,1,1,same_source_cyclic_next_latent,False,ljonly_r16_d8,8,-2.185666744480841e-06
validation,lj_noisy,67,199,2.601418236736208e-05,0.0001868223625933,0.8607544514144552,2.9896889827796255e-05,15,1,1,same_source_cyclic_next_latent,False,r16_d8,123,3.2443171221530065e-05,0.0001868223625933,0.82634214249745,3.2153147913049906e-05,15,1,1,same_source_cyclic_next_latent,False,ljonly_r16_d8,8,-6.428988854167986e-06
validation,lj_noisy,15,0,7.293500203786607e-08,0.0,,1.471269683861465e-07,79,1,1,same_source_cyclic_next_latent,False,r16_d8,456,5.611962592411146e-07,0.0,,9.729378689371515e-07,79,1,1,same_source_cyclic_next_latent,False,ljonly_r16_d8,8,-4.882612572032485e-07
validation,lj_noisy,15,5,3.9653063055311584e-08,9.055690952664008e-08,0.5621199612201163,8.701348264139598e-08,79,1,1,same_source_cyclic_next_latent,False,r16_d8,456,4.052018027778104e-07,9.055690952664008e-08,-3.4745542322047536,8.21658090899291e-07,79,1,1,same_source_cyclic_next_latent,False,ljonly_r16_d8,8,-3.6554873972249885e-07
validation,lj_noisy,15,10,4.7914408440874474e-08,3.651525162240432e-07,0.8687824776990553,6.876454250459575e-08,79,1,1,same_source_cyclic_next_latent,False,r16_d8,456,3.092473548349517e-07,3.651525162240432e-07,0.1531008521239117,7.368900583060167e-07,79,1,1,same_source_cyclic_next_latent,False,ljonly_r16_d8,8,-2.613329463940772e-07
validation,lj_noisy,15,25,2.86696433704492e-07,2.382581669735373e-06,0.8796698399277392,2.622258818973933e-07,79,1,1,same_source_cyclic_next_latent,False,r16_d8,456,3.559351000603783e-07,2.382581669735373e-06,0.8506094860958486,8.113594276437652e-07,79,1,1,same_source_cyclic_next_latent,False,ljonly_r16_d8,8,-6.923866635588633e-08
validation,lj_noisy,15,50,1.2861835330113536e-06,1.0002500857808627e-05,0.87141380427803,1.2775846016666037e-06,79,1,1,same_source_cyclic_next_latent,False,r16_d8,456,1.374963858324918e-06,1.0002500857808627e-05,0.8625379914612525,1.9680935565702384e-06,79,1,1,same_source_cyclic_next_latent,False,ljonly_r16_d8,8,-8.878032531356439e-08
validation,lj_noisy,15,75,3.49842866853578e-06,2.349700662307441e-05,0.8511117299043415,3.606308837333927e-06,79,1,1,same_source_cyclic_next_latent,False,r16_d8,456,3.714007107191719e-06,2.349700662307441e-05,0.8419370106682224,4.458928287931485e-06,79,1,1,same_source_cyclic_next_latent,False,ljonly_r16_d8,8,-2.1557843865593895e-07
validation,lj_noisy,15,100,7.867643944337033e-06,4.446260936674662e-05,0.8230503324840578,8.11561130831251e-06,79,1,1,same_source_cyclic_next_latent,False,r16_d8,456,8.160247489286121e-06,4.446260936674662e-05,0.8164694424032357,8.873127626429778e-06,79,1,1,same_source_cyclic_next_latent,False,ljonly_r16_d8,8,-2.9260354494908825e-07
validation,lj_noisy,15,125,1.4491851288767066e-05,7.343651668634266e-05,0.8026615103400978,1.4646751878899522e-05,79,1,1,same_source_cyclic_next_latent,False,r16_d8,456,1.4741240192961412e-05,7.343651668634266e-05,0.7992655308540402,1.5285462723113596e-05,79,1,1,same_source_cyclic_next_latent,False,ljonly_r16_d8,8,-2.4938890419434587e-07
validation,lj_noisy,15,149,2.094735827995464e-05,0.0001065276956069,0.8033623260072447,2.082644277834333e-05,79,1,1,same_source_cyclic_next_latent,False,r16_d8,456,2.103717088175472e-05,0.0001065276956069,0.8025192344404143,2.144315294572152e-05,79,1,1,same_source_cyclic_next_latent,False,ljonly_r16_d8,8,-8.981260180008005e-08
validation,lj_noisy,15,175,2.8810107323806733e-05,0.0001508055138401,0.8089585281719796,2.842330104613211e-05,79,1,1,same_source_cyclic_next_latent,False,r16_d8,456,2.872024379030336e-05,0.0001508055138401,0.8095544184097769,2.893475175369531e-05,79,1,1,same_source_cyclic_next_latent,False,ljonly_r16_d8,8,8.986353350337256e-08
validation,lj_noisy,15,199,3.919858863810077e-05,0.0002030775794992,0.8069772707811358,3.884945544996299e-05,79,1,1,same_source_cyclic_next_latent,False,r16_d8,456,3.874134199577384e-05,0.0002030775794992,0.8092288568176371,3.863132224068977e-05,79,1,1,same_source_cyclic_next_latent,False,ljonly_r16_d8,8,4.572466423269361e-07
validation,lj_noisy,79,0,1.4694944638904417e-07,0.0,,6.740054914189386e-07,75,1,1,same_source_cyclic_next_latent,False,r16_d8,456,8.254469889834581e-07,0.0,,1.6125138699862871e-06,75,1,1,same_source_cyclic_next_latent,False,ljonly_r16_d8,8,-6.78497542594414e-07
validation,lj_noisy,79,5,7.450636729799953e-08,1.0333684485885897e-07,0.2789951406029195,5.417865054369031e-07,75,1,1,same_source_cyclic_next_latent,False,r16_d8,456,6.450493401644053e-07,1.0333684485885897e-07,-5.24220084371103,1.432307158211188e-06,75,1,1,same_source_cyclic_next_latent,False,ljonly_r16_d8,8,-5.705429728664058e-07
validation,lj_noisy,79,10,5.147596837673518e-08,4.55465340110095e-07,0.8869815903789904,4.1899167513292923e-07,75,1,1,same_source_cyclic_next_latent,False,r16_d8,456,4.967737936567573e-07,4.55465340110095e-07,-0.0906950538468576,1.2571540537464898e-06,75,1,1,same_source_cyclic_next_latent,False,ljonly_r16_d8,8,-4.4529782528002215e-07
validation,lj_noisy,79,25,4.18948474134595e-07,3.182375849064556e-06,0.8683535528156604,4.435468383690022e-07,75,1,1,same_source_cyclic_next_latent,False,r16_d8,456,4.901839361082239e-07,3.182375849064556e-06,0.8459691880038899,1.2022637747577392e-06,75,1,1,same_source_cyclic_next_latent,False,ljonly_r16_d8,8,-7.123546197362884e-08
validation,lj_noisy,79,50,1.8585818679639488e-06,1.3238345673016738e-05,0.8596061838940925,1.670251776886289e-06,75,1,1,same_source_cyclic_next_latent,False,r16_d8,456,1.6825658804009436e-06,1.3238345673016738e-05,0.8729021040876385,2.5137801458186004e-06,75,1,1,same_source_cyclic_next_latent,False,ljonly_r16_d8,8,1.7601598756300518e-07
validation,lj_noisy,79,75,4.088597506779479e-06,3.010093496413901e-05,0.8641704149173286,4.175332833256107e-06,75,1,1,same_source_cyclic_next_latent,False,r16_d8,456,4.042654381919419e-06,3.010093496413901e-05,0.8656967171705574,4.846326191909611e-06,75,1,1,same_source_cyclic_next_latent,False,ljonly_r16_d8,8,4.594312486005947e-08
validation,lj_noisy,79,100,7.3141018219757825e-06,5.402554961619899e-05,0.8646177248739599,7.6242299655859824e-06,75,1,1,same_source_cyclic_next_latent,False,r16_d8,456,7.349224233621498e-06,5.402554961619899e-05,0.8639676174359934,7.762862878735177e-06,75,1,1,same_source_cyclic_next_latent,False,ljonly_r16_d8,8,-3.512241164571521e-08
validation,lj_noisy,79,125,1.1964640179940034e-05,8.518932736478746e-05,0.8595523576714429,1.2175773008493708e-05,75,1,1,same_source_cyclic_next_latent,False,r16_d8,456,1.193340267491294e-05,8.518932736478746e-05,0.8599190409872217,1.190840976050822e-05,75,1,1,same_source_cyclic_next_latent,False,ljonly_r16_d8,8,3.123750502709299e-08
validation,lj_noisy,79,149,1.815932046156377e-05,0.0001221718266606,0.8513624543569571,1.786890788935125e-05,75,1,1,same_source_cyclic_next_latent,False,r16_d8,456,1.775809323589783e-05,0.0001221718266606,0.8546465767003224,1.7516129446448758e-05,75,1,1,same_source_cyclic_next_latent,False,ljonly_r16_d8,8,4.0122722566593777e-07
validation,lj_noisy,79,175,2.7108457288704813e-05,0.0001701186993159,0.8406497498645905,2.565857721492648e-05,75,1,1,same_source_cyclic_next_latent,False,r16_d8,456,2.5891327823046595e-05,0.0001701186993159,0.8478043393985596,2.5968660338548943e-05,75,1,1,same_source_cyclic_next_latent,False,ljonly_r16_d8,8,1.2171294656582177e-06
validation,lj_noisy,79,199,3.766775262192823e-05,0.0002213792467955,0.8298496667272725,3.461070082266815e-05,75,1,1,same_source_cyclic_next_latent,False,r16_d8,456,3.5503147955751047e-05,0.0002213792467955,0.8396274787738383,3.611367355915718e-05,75,1,1,same_source_cyclic_next_latent,False,ljonly_r16_d8,8,2.1646046661771834e-06
validation,lj_noisy,75,0,3.98985577021449e-07,0.0,,9.066428674486816e-08,181,1,1,same_source_cyclic_next_latent,False,r16_d8,456,9.010476560433744e-07,0.0,,2.171615705037766e-07,181,1,1,same_source_cyclic_next_latent,False,ljonly_r16_d8,8,-5.020620790219255e-07
validation,lj_noisy,75,5,2.78297846989517e-07,9.145860246917437e-08,-2.0428832223116005,4.2345867257154175e-08,181,1,1,same_source_cyclic_next_latent,False,r16_d8,456,7.354154831773485e-07,9.145860246917437e-08,-7.040965675429126,1.2234227142471354e-07,181,1,1,same_source_cyclic_next_latent,False,ljonly_r16_d8,8,-4.571176361878315e-07
validation,lj_noisy,75,10,2.059522756781007e-07,3.900833291936579e-07,0.4720300503386671,6.288428977541116e-08,181,1,1,same_source_cyclic_next_latent,False,r16_d8,456,6.181994649523403e-07,3.900833291936579e-07,-0.5847882200713932,9.094458874869817e-08,181,1,1,same_source_cyclic_next_latent,False,ljonly_r16_d8,8,-4.1224718927423964e-07
validation,lj_noisy,75,25,4.1376492276867793e-07,2.673331437108573e-06,0.8452249814500372,5.588987619375985e-07,181,1,1,same_source_cyclic_next_latent,False,r16_d8,456,6.999957804509904e-07,2.673331437108573e-06,0.7381560061224233,4.263231971890491e-07,181,1,1,same_source_cyclic_next_latent,False,ljonly_r16_d8,8,-2.862308576823125e-07
validation,lj_noisy,75,50,1.985029484785628e-06,1.1298255230940413e-05,0.8243065460807082,2.4196481263061287e-06,181,1,1,same_source_cyclic_next_latent,False,r16_d8,456,2.123611011484172e-06,1.1298255230940413e-05,0.8120408002760783,2.0750883322762093e-06,181,1,1,same_source_cyclic_next_latent,False,ljonly_r16_d8,8,-1.385815266985442e-07
validation,lj_noisy,75,75,4.966817414242541e-06,2.6090825485880487e-05,0.8096335657555019,5.5748482736817095e-06,181,1,1,same_source_cyclic_next_latent,False,r16_d8,456,5.023987341701286e-06,2.6090825485880487e-05,0.8074423768454506,5.255505584500497e-06,181,1,1,same_source_cyclic_next_latent,False,ljonly_r16_d8,8,-5.7169927458744496e-08
validation,lj_noisy,75,100,9.167797543341294e-06,4.721252480521798e-05,0.805818528427269,1.0178259799431544e-05,181,1,1,same_source_cyclic_next_latent,False,r16_d8,456,9.251798473997042e-06,4.721252480521798e-05,0.8040393198167931,1.0021045454777776e-05,181,1,1,same_source_cyclic_next_latent,False,ljonly_r16_d8,8,-8.400093065574765e-08
validation,lj_noisy,75,125,1.4648637261416296e-05,7.473392179235816e-05,0.8039894480298212,1.651423553994391e-05,181,1,1,same_source_cyclic_next_latent,False,r16_d8,456,1.4924982679076493e-05,7.473392179235816e-05,0.8002917240106269,1.647716635488905e-05,181,1,1,same_source_cyclic_next_latent,False,ljonly_r16_d8,8,-2.763454176601971e-07
validation,lj_noisy,75,149,2.1042227672296576e-05,0.0001070998841896,0.8035270735210835,2.4339666197192852e-05,181,1,1,same_source_cyclic_next_latent,False,r16_d8,456,2.163886347261723e-05,0.0001070998841896,0.7979562383625314,2.4097000277834013e-05,181,1,1,same_source_cyclic_next_latent,False,ljonly_r16_d8,8,-5.966358003206551e-07
validation,lj_noisy,75,175,2.954725277959369e-05,0.0001485866087023,0.8011445779828679,3.53938557964284e-05,181,1,1,same_source_cyclic_next_latent,False,r16_d8,456,3.070736420340836e-05,0.0001485866087023,0.7933369334451366,3.434480095165782e-05,181,1,1,same_source_cyclic_next_latent,False,ljonly_r16_d8,8,-1.1601114238146693e-06
validation,lj_noisy,75,199,3.872229717671871e-05,0.0001919504866236,0.7982693461328203,4.8492365749552846e-05,181,1,1,same_source_cyclic_next_latent,False,r16_d8,456,4.062918742420152e-05,0.0001919504866236,0.7883350642196869,4.584640555549413e-05,181,1,1,same_source_cyclic_next_latent,False,ljonly_r16_d8,8,-1.9068902474828064e-06
validation,lj_noisy,181,0,1.420343807012614e-07,0.0,,2.468099751240516e-07,31,1,1,same_source_cyclic_next_latent,False,r16_d8,456,4.66238418539433e-07,0.0,,8.178795383173565e-07,31,1,1,same_source_cyclic_next_latent,False,ljonly_r16_d8,8,-3.242040378381716e-07
validation,lj_noisy,181,5,7.938442792010393e-08,8.917994165358324e-08,0.1098398760063074,1.646151730483325e-07,31,1,1,same_source_cyclic_next_latent,False,r16_d8,456,3.477002508134319e-07,8.917994165358324e-08,-2.898861609083161,6.762194857401482e-07,31,1,1,same_source_cyclic_next_latent,False,ljonly_r16_d8,8,-2.68315822893328e-07
validation,lj_noisy,181,10,5.8991176388190076e-08,3.5931097386310284e-07,0.8358213896059138,1.282262331869788e-07,31,1,1,same_source_cyclic_next_latent,False,r16_d8,456,2.73906522352263e-07,3.5931097386310284e-07,0.2376895161108518,5.990812042000471e-07,31,1,1,same_source_cyclic_next_latent,False,ljonly_r16_d8,8,-2.149153459640729e-07
validation,lj_noisy,181,25,2.1952348561171678e-07,2.322475211258279e-06,0.9054786528839708,2.7011435577151133e-07,31,1,1,same_source_cyclic_next_latent,False,r16_d8,456,3.581638452487823e-07,2.322475211258279e-06,0.8457835659504263,7.13335339241894e-07,31,1,1,same_source_cyclic_next_latent,False,ljonly_r16_d8,8,-1.3864035963706553e-07
validation,lj_noisy,181,50,1.1851548151753375e-06,9.647412298363632e-06,0.877153087426733,1.4486851114270394e-06,31,1,1,same_source_cyclic_next_latent,False,r16_d8,456,1.5198071423583317e-06,9.647412298363632e-06,0.8424647879290785,2.0526017578959e-06,31,1,1,same_source_cyclic_next_latent,False,ljonly_r16_d8,8,-3.346523271829942e-07
validation,lj_noisy,181,75,3.299630634501227e-06,2.220537317043636e-05,0.8514039548367389,4.106917458557291e-06,31,1,1,same_source_cyclic_next_latent,False,r16_d8,456,3.7492457067855862e-06,2.220537317043636e-05,0.8311559243788241,4.641325631382642e-06,31,1,1,same_source_cyclic_next_latent,False,ljonly_r16_d8,8,-4.4961507228435906e-07
validation,lj_noisy,181,100,6.505187229777221e-06,4.0102699131239206e-05,0.8377867981282634,7.852650924178306e-06,31,1,1,same_source_cyclic_next_latent,False,r16_d8,456,6.861605015728856e-06,4.0102699131239206e-05,0.8288991722658438,8.103226718958467e-06,31,1,1,same_source_cyclic_next_latent,False,ljonly_r16_d8,8,-3.564177859516357e-07
validation,lj_noisy,181,125,1.0794312402140347e-05,6.356189987855032e-05,0.830176372594819,1.2548625818453727e-05,31,1,1,same_source_cyclic_next_latent,False,r16_d8,456,1.1215583981538655e-05,6.356189987855032e-05,0.8235486352206491,1.2921967936563306e-05,31,1,1,same_source_cyclic_next_latent,False,ljonly_r16_d8,8,-4.2127157939830795e-07
validation,lj_noisy,181,149,1.61509815370664e-05,9.170166595140472e-05,0.8238747206007657,1.8152886696043424e-05,31,1,1,same_source_cyclic_next_latent,False,r16_d8,456,1.6776482880231924e-05,9.170166595140472e-05,0.8170536739308285,1.9103283193544485e-05,31,1,1,same_source_cyclic_next_latent,False,ljonly_r16_d8,8,-6.255013431655243e-07
validation,lj_noisy,181,175,2.324270099052228e-05,0.0001289811043534,0.8197976276677624,2.559961831138935e-05,31,1,1,same_source_cyclic_next_latent,False,r16_d8,456,2.3810680431779477e-05,0.0001289811043534,0.8153940412346615,2.6511846954235807e-05,31,1,1,same_source_cyclic_next_latent,False,ljonly_r16_d8,8,-5.679794412571971e-07
validation,lj_noisy,181,199,3.124965223832987e-05,0.0001695594837656,0.8157009472762664,3.430388824199326e-05,31,1,1,same_source_cyclic_next_latent,False,r16_d8,456,3.10327741317451e-05,0.0001695594837656,0.8169800152574155,3.382390787010081e-05,31,1,1,same_source_cyclic_next_latent,False,ljonly_r16_d8,8,2.1687810658477247e-07
validation,lj_noisy,31,0,2.415289657164976e-07,0.0,,6.417969444783013e-08,142,1,1,same_source_cyclic_next_latent,False,r16_d8,456,7.201415996860305e-07,0.0,,4.013520538137527e-07,142,1,1,same_source_cyclic_next_latent,False,ljonly_r16_d8,8,-4.786126339695329e-07
validation,lj_noisy,31,5,1.4697970129873286e-07,1.0181967979860929e-07,-0.4435294001066026,3.7265827756982623e-08,142,1,1,same_source_cyclic_next_latent,False,r16_d8,456,5.547848331843852e-07,1.0181967979860929e-07,-4.448699448689121,2.392718556620821e-07,142,1,1,same_source_cyclic_next_latent,False,ljonly_r16_d8,8,-4.0780513188565237e-07
validation,lj_noisy,31,10,9.9052400059918e-08,4.309611654207402e-07,0.7701593368320907,7.109247945891185e-08,142,1,1,same_source_cyclic_next_latent,False,r16_d8,456,4.3911524016948533e-07,4.309611654207402e-07,-0.0189206717519072,1.355238339328935e-07,142,1,1,same_source_cyclic_next_latent,False,ljonly_r16_d8,8,-3.4006284010956733e-07
validation,lj_noisy,31,25,2.011905877452591e-07,2.8248798571439693e-06,0.9287790639179012,4.574137619783869e-07,142,1,1,same_source_cyclic_next_latent,False,r16_d8,456,4.106998403585749e-07,2.8248798571439693e-06,0.8546133424683754,1.972806700223373e-07,142,1,1,same_source_cyclic_next_latent,False,ljonly_r16_d8,8,-2.0950925261331577e-07
validation,lj_noisy,31,50,8.446408514828363e-07,1.1657663890218828e-05,0.9275463026351688,1.5233648582579915e-06,142,1,1,same_source_cyclic_next_latent,False,r16_d8,456,1.1182486332472763e-06,1.1657663890218828e-05,0.9040760958818238,1.03769059478509e-06,142,1,1,same_source_cyclic_next_latent,False,ljonly_r16_d8,8,-2.7360778176444e-07
validation,lj_noisy,31,75,2.222373950644396e-06,2.6905094273388382e-05,0.917399510737172,3.1554625365970423e-06,142,1,1,same_source_cyclic_next_latent,False,r16_d8,456,2.6415625598019687e-06,2.6905094273388382e-05,0.9018192416290948,2.827511252689874e-06,142,1,1,same_source_cyclic_next_latent,False,ljonly_r16_d8,8,-4.191886091575729e-07
validation,lj_noisy,31,100,4.468000042834319e-06,4.89304875372909e-05,0.9086867867517328,5.938750746281585e-06,142,1,1,same_source_cyclic_next_latent,False,r16_d8,456,4.985776286048349e-06,4.89304875372909e-05,0.8981049129696779,6.061507519916631e-06,142,1,1,same_source_cyclic_next_latent,False,ljonly_r16_d8,8,-5.177762432140298e-07
validation,lj_noisy,31,125,8.207815881178249e-06,7.90988706285134e-05,0.8962334630575685,1.0857386769203003e-05,142,1,1,same_source_cyclic_next_latent,False,r16_d8,456,8.86396719579352e-06,7.90988706285134e-05,0.8879381320446027,1.1652056855382398e-05,142,1,1,same_source_cyclic_next_latent,False,ljonly_r16_d8,8,-6.56151314615272e-07
validation,lj_noisy,31,149,1.5169676771620288e-05,0.0001173974960693,0.8707836429265616,1.9638866433524527e-05,142,1,1,same_source_cyclic_next_latent,False,r16_d8,456,1.5787823940627277e-05,0.0001173974960693,0.8655182225410876,2.116158793796785e-05,142,1,1,same_source_cyclic_next_latent,False,ljonly_r16_d8,8,-6.181471690069884e-07
validation,lj_noisy,31,175,3.0620747565990314e-05,0.0001739394210744,0.8239574020837903,3.7926558434264734e-05,142,1,1,same_source_cyclic_next_latent,False,r16_d8,456,3.0563154723495245e-05,0.0001739394210744,0.8242885107085017,4.011014243587852e-05,142,1,1,same_source_cyclic_next_latent,False,ljonly_r16_d8,8,5.759284249506891e-08
validation,lj_noisy,31,199,5.2940031309844926e-05,0.0002400137454969,0.7794291689410311,6.353195931296796e-05,142,1,1,same_source_cyclic_next_latent,False,r16_d8,456,5.169496216694824e-05,0.0002400137454969,0.7846166599337598,6.610746640944853e-05,142,1,1,same_source_cyclic_next_latent,False,ljonly_r16_d8,8,1.2450691428966888e-06
validation,lj_noisy,142,0,7.355950515375298e-08,0.0,,1.905937665469537e-07,157,1,1,same_source_cyclic_next_latent,False,r16_d8,456,6.120849889157398e-07,0.0,,8.208140798160457e-07,157,1,1,same_source_cyclic_next_latent,False,ljonly_r16_d8,8,-5.385254837619868e-07
validation,lj_noisy,142,5,3.908824552922852e-08,9.436170955723357e-08,0.5857615794304767,1.2315254593886493e-07,157,1,1,same_source_cyclic_next_latent,False,r16_d8,456,4.428402178291435e-07,9.436170955723357e-08,-3.693007575923008,6.87091528561723e-07,157,1,1,same_source_cyclic_next_latent,False,ljonly_r16_d8,8,-4.03751972299915e-07
validation,lj_noisy,142,10,4.6557477872966047e-08,3.835527593309962e-07,0.8786151924596425,9.004700984860393e-08,157,1,1,same_source_cyclic_next_latent,False,r16_d8,456,3.34167907567462e-07,3.835527593309962e-07,0.1287563459318419,6.185420033943956e-07,157,1,1,same_source_cyclic_next_latent,False,ljonly_r16_d8,8,-2.8761042969449596e-07
validation,lj_noisy,142,25,3.0385518812181544e-07,2.477869657013798e-06,0.8773724084873753,2.6555571253084054e-07,157,1,1,same_source_cyclic_next_latent,False,r16_d8,456,3.976417417561607e-07,2.477869657013798e-06,0.8395227365448358,8.045949471124914e-07,157,1,1,same_source_cyclic_next_latent,False,ljonly_r16_d8,8,-9.378655363434524e-08
validation,lj_noisy,142,50,1.464019192098931e-06,1.0261092029395512e-05,0.8573232568322284,1.4737029232492205e-06,157,1,1,same_source_cyclic_next_latent,False,r16_d8,456,1.6166617342605605e-06,1.0261092029395512e-05,0.8424473993967483,2.397817070232122e-06,157,1,1,same_source_cyclic_next_latent,False,ljonly_r16_d8,8,-1.5264254216162954e-07
validation,lj_noisy,142,75,3.929433205485111e-06,2.352078990952577e-05,0.8329378723843915,4.381281087262323e-06,157,1,1,same_source_cyclic_next_latent,False,r16_d8,456,4.180783889751183e-06,2.352078990952577e-05,0.8222515525272392,5.5419245654775295e-06,157,1,1,same_source_cyclic_next_latent,False,ljonly_r16_d8,8,-2.5135068426607177e-07
validation,lj_noisy,142,100,7.999016816029325e-06,4.234289735904895e-05,0.811089525872516,9.06615696294466e-06,157,1,1,same_source_cyclic_next_latent,False,r16_d8,456,8.154668648785446e-06,4.234289735904895e-05,0.8074135414107948,9.965624485630542e-06,157,1,1,same_source_cyclic_next_latent,False,ljonly_r16_d8,8,-1.556518327561207e-07
validation,lj_noisy,142,125,1.2987241461814849e-05,6.57610289636068e-05,0.8025085424225616,1.451293246645946e-05,157,1,1,same_source_cyclic_next_latent,False,r16_d8,456,1.3047419997747056e-05,6.57610289636068e-05,0.8015934330199166,1.5338311641244218e-05,157,1,1,same_source_cyclic_next_latent,False,ljonly_r16_d8,8,-6.017853593220765e-08
validation,lj_noisy,142,149,1.851845263445284e-05,9.220665378961712e-05,0.7991635974915066,2.0369949197629467e-05,157,1,1,same_source_cyclic_next_latent,False,r16_d8,456,1.857053030107636e-05,9.220665378961712e-05,0.7985988045564725,2.1722502424381677e-05,157,1,1,same_source_cyclic_next_latent,False,ljonly_r16_d8,8,-5.207766662352126e-08
validation,lj_noisy,142,175,2.548385782574769e-05,0.0001260444259969,0.7978184467565111,2.749715349636972e-05,157,1,1,same_source_cyclic_next_latent,False,r16_d8,456,2.574631798779592e-05,0.0001260444259969,0.7957361637838823,2.9884593459428288e-05,157,1,1,same_source_cyclic_next_latent,False,ljonly_r16_d8,8,-2.624601620482281e-07
validation,lj_noisy,142,199,3.23491076414939e-05,0.000161461342941,0.7996479711350661,3.4836721169995144e-05,157,1,1,same_source_cyclic_next_latent,False,r16_d8,456,3.308006489533e-05,0.000161461342941,0.7951208364010076,3.780225961236283e-05,157,1,1,same_source_cyclic_next_latent,False,ljonly_r16_d8,8,-7.309572538360953e-07
validation,lj_noisy,157,0,1.782961760454782e-07,0.0,,1.381766651320504e-06,12,1,1,same_source_cyclic_next_latent,False,r16_d8,456,7.118568987607432e-07,0.0,,9.200501267514484e-07,12,1,1,same_source_cyclic_next_latent,False,ljonly_r16_d8,8,-5.33560722715265e-07
validation,lj_noisy,157,5,1.1346317307925349e-07,9.083687757538429e-08,-0.2490871120607589,1.303140948039072e-06,12,1,1,same_source_cyclic_next_latent,False,r16_d8,456,5.804132001685502e-07,9.083687757538429e-08,-5.389620775844847,8.332133916155726e-07,12,1,1,same_source_cyclic_next_latent,False,ljonly_r16_d8,8,-4.669500270892968e-07
validation,lj_noisy,157,10,8.0098089938474e-08,3.649991242582473e-07,0.7805526517323852,1.249862293661863e-06,12,1,1,same_source_cyclic_next_latent,False,r16_d8,456,5.117759656059206e-07,3.649991242582473e-07,-0.4021292972851751,7.673310733480321e-07,12,1,1,same_source_cyclic_next_latent,False,ljonly_r16_d8,8,-4.3167787566744664e-07
validation,lj_noisy,157,25,2.394222349266784e-07,2.373865527260932e-06,0.8991424610294021,1.4542171129505732e-06,12,1,1,same_source_cyclic_next_latent,False,r16_d8,456,6.442585345212137e-07,2.373865527260932e-06,0.7286036099675002,9.5457846782665e-07,12,1,1,same_source_cyclic_next_latent,False,ljonly_r16_d8,8,-4.048362995945353e-07
validation,lj_noisy,157,50,1.211225367114821e-06,9.819269507715944e-06,0.8766481186647291,3.1471947750105755e-06,12,1,1,same_source_cyclic_next_latent,False,r16_d8,456,1.8118059870175784e-06,9.819269507715944e-06,0.8154846462260896,2.779630449367687e-06,12,1,1,same_source_cyclic_next_latent,False,ljonly_r16_d8,8,-6.005806199027575e-07
validation,lj_noisy,157,75,3.2661484965501586e-06,2.281349952681921e-05,0.8568326401343852,6.201473752298625e-06,12,1,1,same_source_cyclic_next_latent,False,r16_d8,456,3.942458079109201e-06,2.281349952681921e-05,0.8271874915781989,6.190480235090945e-06,12,1,1,same_source_cyclic_next_latent,False,ljonly_r16_d8,8,-6.763095825590426e-07
validation,lj_noisy,157,100,6.479867352027213e-06,4.15882641391363e-05,0.8441900020075763,1.053741743817227e-05,12,1,1,same_source_cyclic_next_latent,False,r16_d8,456,6.997274340392323e-06,4.15882641391363e-05,0.8317488242119826,1.037703623296693e-05,12,1,1,same_source_cyclic_next_latent,False,ljonly_r16_d8,8,-5.1740698836511e-07
validation,lj_noisy,157,125,1.0755861694633497e-05,6.644261884503067e-05,0.8381180350563809,1.6007074009394273e-05,12,1,1,same_source_cyclic_next_latent,False,r16_d8,456,1.1221708518860396e-05,6.644261884503067e-05,0.831106769812405,1.5646715837647207e-05,12,1,1,same_source_cyclic_next_latent,False,ljonly_r16_d8,8,-4.6584682422689924e-07
validation,lj_noisy,157,149,1.6253721696557477e-05,9.61377882049419e-05,0.8309330597256037,2.305380803591106e-05,12,1,1,same_source_cyclic_next_latent,False,r16_d8,456,1.675552994129248e-05,9.61377882049419e-05,0.825713382280297,2.275779661431443e-05,12,1,1,same_source_cyclic_next_latent,False,ljonly_r16_d8,8,-5.018082447350025e-07
validation,lj_noisy,157,175,2.318237238796428e-05,0.0001335744454991,0.8264460518526411,3.290717359050177e-05,12,1,1,same_source_cyclic_next_latent,False,r16_d8,456,2.3531933038611896e-05,0.0001335744454991,0.8238290793520893,3.168199327774346e-05,12,1,1,same_source_cyclic_next_latent,False,ljonly_r16_d8,8,-3.495606506476179e-07
validation,lj_noisy,157,199,3.120711335213855e-05,0.0001735624682623,0.8201966492838759,4.520167567534372e-05,12,1,1,same_source_cyclic_next_latent,False,r16_d8,456,3.091521648457274e-05,0.0001735624682623,0.8218784464517089,4.129659282625653e-05,12,1,1,same_source_cyclic_next_latent,False,ljonly_r16_d8,8,2.918968675658107e-07
validation,lj_noisy,12,0,7.404018447232374e-07,0.0,,1.3012989086291782e-07,152,1,1,same_source_cyclic_next_latent,False,r16_d8,456,3.8714702554898405e-07,0.0,,2.3587185182805118e-07,152,1,1,same_source_cyclic_next_latent,False,ljonly_r16_d8,8,3.532548191742534e-07
validation,lj_noisy,12,5,5.650076673191506e-07,1.0223686786048348e-07,-4.526457129830921,5.719369156054199e-08,152,1,1,same_source_cyclic_next_latent,False,r16_d8,456,2.636697900015861e-07,1.0223686786048348e-07,-1.579008879276314,1.1545312617045057e-07,152,1,1,same_source_cyclic_next_latent,False,ljonly_r16_d8,8,3.0133787731756456e-07
validation,lj_noisy,12,10,4.437201255313994e-07,4.424935866609303e-07,-0.0027718794293145,7.878364982616405e-08,152,1,1,same_source_cyclic_next_latent,False,r16_d8,456,2.002155525815397e-07,4.424935866609303e-07,0.5475289165378143,8.941855611510618e-08,152,1,1,same_source_cyclic_next_latent,False,ljonly_r16_d8,8,2.435045729498597e-07
validation,lj_noisy,12,25,7.354179842877784e-07,3.1844713248574408e-06,0.7690612006623421,8.500520038978721e-07,152,1,1,same_source_cyclic_next_latent,False,r16_d8,456,6.557835945386614e-07,3.1844713248574408e-06,0.7940682996829878,7.033306133052974e-07,152,1,1,same_source_cyclic_next_latent,False,ljonly_r16_d8,8,7.963438974911696e-08
validation,lj_noisy,12,50,3.507738938424154e-06,1.4166832443152089e-05,0.7523977958728726,4.278232609067345e-06,152,1,1,same_source_cyclic_next_latent,False,r16_d8,456,3.50729305864661e-06,1.4166832443152089e-05,0.752429269371224,3.837234089587582e-06,152,1,1,same_source_cyclic_next_latent,False,ljonly_r16_d8,8,4.4587977754417807e-10
validation,lj_noisy,12,75,8.916613296605647e-06,3.3046842872863635e-05,0.7301825977474081,1.0090535397466738e-05,152,1,1,same_source_cyclic_next_latent,False,r16_d8,456,8.739911208976991e-06,3.3046842872863635e-05,0.7355296164719639,9.468128155276643e-06,152,1,1,same_source_cyclic_next_latent,False,ljonly_r16_d8,8,1.7670208762865514e-07
validation,lj_noisy,12,100,1.4983434994064735e-05,5.7156557886628434e-05,0.7378527408213633,1.6651159967295825e-05,152,1,1,same_source_cyclic_next_latent,False,r16_d8,456,1.4493398339254782e-05,5.7156557886628434e-05,0.7464263266517409,1.5918752978905104e-05,152,1,1,same_source_cyclic_next_latent,False,ljonly_r16_d8,8,4.900366548099538e-07
validation,lj_noisy,12,125,2.286955896124709e-05,8.803003584034741e-05,0.7402073196616248,2.5388684662175365e-05,152,1,1,same_source_cyclic_next_latent,False,r16_d8,456,2.202401628892403e-05,8.803003584034741e-05,0.7498124807211584,2.4346411009901203e-05,152,1,1,same_source_cyclic_next_latent,False,ljonly_r16_d8,8,8.455426723230596e-07
validation,lj_noisy,12,149,3.231352093280293e-05,0.0001241997088072,0.7398261135785504,3.59588120772969e-05,152,1,1,same_source_cyclic_next_latent,False,r16_d8,456,3.1252249755198136e-05,0.0001241997088072,0.7483709901148679,3.447272320045158e-05,152,1,1,same_source_cyclic_next_latent,False,ljonly_r16_d8,8,1.0612711776047945e-06
validation,lj_noisy,12,175,4.2582949390634894e-05,0.0001689234195509,0.7479156560776319,4.8324258386855945e-05,152,1,1,same_source_cyclic_next_latent,False,r16_d8,456,4.262488437234424e-05,0.0001689234195509,0.7476674076001808,4.650272239814512e-05,152,1,1,same_source_cyclic_next_latent,False,ljonly_r16_d8,8,-4.1934981709346175e-08
validation,lj_noisy,12,199,5.1304166845511645e-05,0.000215836931602,0.7623012592669153,6.059892984922044e-05,152,1,1,same_source_cyclic_next_latent,False,r16_d8,456,5.457078077597544e-05,0.000215836931602,0.7471666207867598,5.873313057236373e-05,152,1,1,same_source_cyclic_next_latent,False,ljonly_r16_d8,8,-3.2666139304637977e-06
validation,lj_noisy,152,0,2.036594821674953e-07,0.0,,1.0647703163613188e-07,29,1,1,same_source_cyclic_next_latent,False,r16_d8,456,4.889949423159123e-07,0.0,,5.479272431330173e-07,29,1,1,same_source_cyclic_next_latent,False,ljonly_r16_d8,8,-2.8533546014841704e-07
validation,lj_noisy,152,5,1.1069980132560887e-07,9.695842351220565e-08,-0.1417244352335556,4.9449759842445935e-08,29,1,1,same_source_cyclic_next_latent,False,r16_d8,456,3.373921799720847e-07,9.695842351220565e-08,-2.479761404429312,3.532382493176556e-07,29,1,1,same_source_cyclic_next_latent,False,ljonly_r16_d8,8,-2.2669237864647585e-07
validation,lj_noisy,152,10,6.349332437594057e-08,4.1400659256396477e-07,0.8466369243476943,5.812628955936817e-08,29,1,1,same_source_cyclic_next_latent,False,r16_d8,456,2.342258085263893e-07,4.1400659256396477e-07,0.4342461865744298,2.2161118806707242e-07,29,1,1,same_source_cyclic_next_latent,False,ljonly_r16_d8,8,-1.7073248415044873e-07
validation,lj_noisy,152,25,2.2998210624791682e-07,2.7664339086186374e-06,0.916866943565352,4.772402917296859e-07,29,1,1,same_source_cyclic_next_latent,False,r16_d8,456,2.76155276424106e-07,2.7664339086186374e-06,0.9001764417491548,2.408187640412507e-07,29,1,1,same_source_cyclic_next_latent,False,ljonly_r16_d8,8,-4.617317017618916e-08
validation,lj_noisy,152,50,1.1533558108567377e-06,1.1517513485159723e-05,0.8998606936868072,1.8343135934628665e-06,29,1,1,same_source_cyclic_next_latent,False,r16_d8,456,1.2002251423837151e-06,1.1517513485159723e-05,0.8957912969730661,1.1545988627403858e-06,29,1,1,same_source_cyclic_next_latent,False,ljonly_r16_d8,8,-4.6869331526977476e-08
validation,lj_noisy,152,75,2.8615766041184543e-06,2.6382193027529866e-05,0.891533785643506,3.608494807849638e-06,29,1,1,same_source_cyclic_next_latent,False,r16_d8,456,3.060511971852975e-06,2.6382193027529866e-05,0.8839932689197094,2.993946964124916e-06,29,1,1,same_source_cyclic_next_latent,False,ljonly_r16_d8,8,-1.989353677345207e-07
validation,lj_noisy,152,100,5.392137154558441e-06,4.726915722130798e-05,0.8859269453586159,6.182120159792248e-06,29,1,1,same_source_cyclic_next_latent,False,r16_d8,456,5.641693860525265e-06,4.726915722130798e-05,0.880647462485705,5.781640993518522e-06,29,1,1,same_source_cyclic_next_latent,False,ljonly_r16_d8,8,-2.4955670596682467e-07
validation,lj_noisy,152,125,8.517641617800109e-06,7.386328070424497e-05,0.8846836813015998,9.648487321101127e-06,29,1,1,same_source_cyclic_next_latent,False,r16_d8,456,8.861954484018497e-06,7.386328070424497e-05,0.8800221923596578,9.38610355660785e-06,29,1,1,same_source_cyclic_next_latent,False,ljonly_r16_d8,8,-3.443128662183881e-07
validation,lj_noisy,152,149,1.212699953612173e-05,0.0001050939827109,0.8846080505915014,1.4135243873170111e-05,29,1,1,same_source_cyclic_next_latent,False,r16_d8,456,1.2667105693253689e-05,0.0001050939827109,0.8794687824507423,1.3731085346080364e-05,29,1,1,same_source_cyclic_next_latent,False,ljonly_r16_d8,8,-5.401061571319588e-07
validation,lj_noisy,152,175,1.6744006643421017e-05,0.0001450929412385,0.884598061763098,2.031867734331172e-05,29,1,1,same_source_cyclic_next_latent,False,r16_d8,456,1.766165041772183e-05,0.0001450929412385,0.8782735378650529,1.931483711814508e-05,29,1,1,same_source_cyclic_next_latent,False,ljonly_r16_d8,8,-9.176437743008137e-07
validation,lj_noisy,152,199,2.2063792130211368e-05,0.0001877725881058,0.8824972678239325,2.740071613516193e-05,29,1,1,same_source_cyclic_next_latent,False,r16_d8,456,2.34507297136588e-05,0.0001877725881058,0.8751110055508394,2.546583164075855e-05,29,1,1,same_source_cyclic_next_latent,False,ljonly_r16_d8,8,-1.3869375834474306e-06
validation,lj_noisy,29,0,1.1415556855354225e-07,0.0,,7.573296443297295e-07,95,1,1,same_source_cyclic_next_latent,False,r16_d8,456,5.697057758879964e-07,0.0,,1.0279122761858162e-06,95,1,1,same_source_cyclic_next_latent,False,ljonly_r16_d8,8,-4.5555020733445417e-07
validation,lj_noisy,29,5,5.57995356587071e-08,9.255531097096537e-08,0.3971222712847733,6.512630079669179e-07,95,1,1,same_source_cyclic_next_latent,False,r16_d8,456,3.866791757900501e-07,9.255531097096537e-08,-3.177817261198025,9.198977295454824e-07,95,1,1,same_source_cyclic_next_latent,False,ljonly_r16_d8,8,-3.30879640131343e-07
validation,lj_noisy,29,10,5.52766543648886e-08,3.9399358797709283e-07,0.8597016396924144,5.695516733794648e-07,95,1,1,same_source_cyclic_next_latent,False,r16_d8,456,2.6145761466978e-07,3.9399358797709283e-07,0.3363911935415015,8.270197895399178e-07,95,1,1,same_source_cyclic_next_latent,False,ljonly_r16_d8,8,-2.0618096030489141e-07
validation,lj_noisy,29,25,3.9849297195360123e-07,2.62467051470594e-06,0.8481740966262781,6.062456350264256e-07,95,1,1,same_source_cyclic_next_latent,False,r16_d8,456,2.683280797555199e-07,2.62467051470594e-06,0.8977669470312228,8.877620985003887e-07,95,1,1,same_source_cyclic_next_latent,False,ljonly_r16_d8,8,1.301648921980813e-07
validation,lj_noisy,29,50,1.475396288697084e-06,1.0715701137087308e-05,0.862314535481892,1.6489707377331797e-06,95,1,1,same_source_cyclic_next_latent,False,r16_d8,456,1.05502317637729e-06,1.0715701137087308e-05,0.90154417682238,2.20406718653976e-06,95,1,1,same_source_cyclic_next_latent,False,ljonly_r16_d8,8,4.20373112319794e-07
validation,lj_noisy,29,75,3.0776245694141835e-06,2.4163142370525748e-05,0.8726314432857758,4.107138920517173e-06,95,1,1,same_source_cyclic_next_latent,False,r16_d8,456,2.805882104439661e-06,2.4163142370525748e-05,0.8838775991378389,4.994591108697932e-06,95,1,1,same_source_cyclic_next_latent,False,ljonly_r16_d8,8,2.717424649745226e-07
validation,lj_noisy,29,100,5.850425168318907e-06,4.288870331947692e-05,0.8635905328090889,7.71599206927931e-06,95,1,1,same_source_cyclic_next_latent,False,r16_d8,456,5.718803095078329e-06,4.288870331947692e-05,0.8666594545309728,8.946544767240994e-06,95,1,1,same_source_cyclic_next_latent,False,ljonly_r16_d8,8,1.3162207324057817e-07
validation,lj_noisy,29,125,9.760686225490645e-06,6.650677823927253e-05,0.8532377227720389,1.2277087080292404e-05,95,1,1,same_source_cyclic_next_latent,False,r16_d8,456,9.752360710990615e-06,6.650677823927253e-05,0.8533629057191076,1.4658915461041032e-05,95,1,1,same_source_cyclic_next_latent,False,ljonly_r16_d8,8,8.325514500029385e-09
validation,lj_noisy,29,149,1.4533640751324128e-05,9.352853521704674e-05,0.8446074161474177,1.75092773133656e-05,95,1,1,same_source_cyclic_next_latent,False,r16_d8,456,1.4642784663010389e-05,9.352853521704674e-05,0.84344045772737,2.263594069518149e-05,95,1,1,same_source_cyclic_next_latent,False,ljonly_r16_d8,8,-1.0914391168626025e-07
validation,lj_noisy,29,175,2.1010446289437823e-05,0.0001277870032936,0.835582291251018,2.453350680298172e-05,95,1,1,same_source_cyclic_next_latent,False,r16_d8,456,2.109814158757217e-05,0.0001277870032936,0.8348960297700062,3.361915878485888e-05,95,1,1,same_source_cyclic_next_latent,False,ljonly_r16_d8,8,-8.76952981343459e-08
validation,lj_noisy,29,199,2.825937008310575e-05,0.0001640301925363,0.8277184849560448,3.267209467594512e-05,95,1,1,same_source_cyclic_next_latent,False,r16_d8,456,2.801488517434336e-05,0.0001640301925363,0.8292089721949005,4.530673686531373e-05,95,1,1,same_source_cyclic_next_latent,False,ljonly_r16_d8,8,2.444849087623913e-07
validation,lj_noisy,95,0,4.999222937840386e-07,0.0,,3.5060711667256335e-08,183,1,1,same_source_cyclic_next_latent,False,r16_d8,456,6.140759865047585e-07,0.0,,2.435058661376388e-07,183,1,1,same_source_cyclic_next_latent,False,ljonly_r16_d8,8,-1.1415369272071985e-07
validation,lj_noisy,95,5,3.673121113934031e-07,9.315184712477277e-08,-2.943154352069957,3.85234031341497e-08,183,1,1,same_source_cyclic_next_latent,False,r16_d8,456,4.836723519474617e-07,9.315184712477277e-08,-4.192300173066929,1.3249085384359205e-07,183,1,1,same_source_cyclic_next_latent,False,ljonly_r16_d8,8,-1.1636024055405864e-07
validation,lj_noisy,95,10,2.687173719095881e-07,4.062233927015768e-07,0.3384985287959635,1.194319168007496e-07,183,1,1,same_source_cyclic_next_latent,False,r16_d8,456,3.78385180965779e-07,4.062233927015768e-07,0.0685293172081021,8.238449566988494e-08,183,1,1,same_source_cyclic_next_latent,False,ljonly_r16_d8,8,-1.0966780905619089e-07
validation,lj_noisy,95,25,3.3547718203408294e-07,2.82183304989303e-06,0.8811137384450153,7.894223585935833e-07,183,1,1,same_source_cyclic_next_latent,False,r16_d8,456,4.348373181528586e-07,2.82183304989303e-06,0.8459025355276272,3.870594866839383e-07,183,1,1,same_source_cyclic_next_latent,False,ljonly_r16_d8,8,-9.936013611877565e-08
validation,lj_noisy,95,50,1.7535171537019778e-06,1.2093249097233638e-05,0.8550003279016969,3.017648623426794e-06,183,1,1,same_source_cyclic_next_latent,False,r16_d8,456,1.936814214786864e-06,1.2093249097233638e-05,0.8398433539891348,2.196568175349966e-06,183,1,1,same_source_cyclic_next_latent,False,ljonly_r16_d8,8,-1.8329706108488608e-07
validation,lj_noisy,95,75,5.041975782660302e-06,2.818343091348652e-05,0.8211014195490449,7.050909516692627e-06,183,1,1,same_source_cyclic_next_latent,False,r16_d8,456,5.478988441609545e-06,2.818343091348652e-05,0.8055954060941635,5.977460205031093e-06,183,1,1,same_source_cyclic_next_latent,False,ljonly_r16_d8,8,-4.370126589492429e-07
validation,lj_noisy,95,100,1.0764916623884346e-05,5.138449341757223e-05,0.7905026223299692,1.3975161891721656e-05,183,1,1,same_source_cyclic_next_latent,False,r16_d8,456,1.1544876542757264e-05,5.138449341757223e-05,0.7753237256045575,1.2634098311536944e-05,183,1,1,same_source_cyclic_next_latent,False,ljonly_r16_d8,8,-7.799599188729172e-07
validation,lj_noisy,95,125,1.85304870683467e-05,8.035653445404023e-05,0.7693966371963791,2.351251896470785e-05,183,1,1,same_source_cyclic_next_latent,False,r16_d8,456,1.9808276192634366e-05,8.035653445404023e-05,0.7534951410334443,2.1819099856656976e-05,183,1,1,same_source_cyclic_next_latent,False,ljonly_r16_d8,8,-1.2777891242876649e-06
validation,lj_noisy,95,149,2.9941484172013588e-05,0.0001155957506853,0.7409811001312427,3.747945811483078e-05,183,1,1,same_source_cyclic_next_latent,False,r16_d8,456,3.200156061211601e-05,0.0001155957506853,0.723159714588183,3.495203782222234e-05,183,1,1,same_source_cyclic_next_latent,False,ljonly_r16_d8,8,-2.0600764401024207e-06
validation,lj_noisy,95,175,4.7948989958968014e-05,0.0001621420669835,0.7042779159596773,5.961513306829147e-05,183,1,1,same_source_cyclic_next_latent,False,r16_d8,456,5.1383973186602816e-05,0.0001621420669835,0.6830928941356726,5.532240902539343e-05,183,1,1,same_source_cyclic_next_latent,False,ljonly_r16_d8,8,-3.4349832276348025e-06
validation,lj_noisy,95,199,7.007033127592877e-05,0.0002128292690031,0.6707674108728882,8.675266872160137e-05,183,1,1,same_source_cyclic_next_latent,False,r16_d8,456,7.465307862730697e-05,0.0002128292690031,0.6492349056265776,8.0208366853185e-05,183,1,1,same_source_cyclic_next_latent,False,ljonly_r16_d8,8,-4.5827473513782024e-06
validation,lj_noisy,183,0,3.70112864800376e-08,0.0,,5.121905815030914e-07,147,1,1,same_source_cyclic_next_latent,False,r16_d8,456,5.359980832508882e-07,0.0,,9.797305438041803e-07,147,1,1,same_source_cyclic_next_latent,False,ljonly_r16_d8,8,-4.989867967708506e-07
validation,lj_noisy,183,5,2.898861950484388e-08,9.035466774776069e-08,0.6791685451628222,4.569240843466105e-07,147,1,1,same_source_cyclic_next_latent,False,r16_d8,456,3.977329470217228e-07,9.035466774776069e-08,-3.4019081353058267,9.000769978229073e-07,147,1,1,same_source_cyclic_next_latent,False,ljonly_r16_d8,8,-3.687443275168789e-07
validation,lj_noisy,183,10,6.010171915704633e-08,3.734352276296704e-07,0.8390571785673948,4.312831549668772e-07,147,1,1,same_source_cyclic_next_latent,False,r16_d8,456,3.001469792707212e-07,3.734352276296704e-07,0.196254244207587,8.739009444980184e-07,147,1,1,same_source_cyclic_next_latent,False,ljonly_r16_d8,8,-2.400452601136749e-07
validation,lj_noisy,183,25,3.212127808183141e-07,2.431817392789526e-06,0.8679124584885658,7.000048185545893e-07,147,1,1,same_source_cyclic_next_latent,False,r16_d8,456,3.238222916479572e-07,2.431817392789526e-06,0.8668393882665252,1.3162559753254754e-06,147,1,1,same_source_cyclic_next_latent,False,ljonly_r16_d8,8,-2.6095108296431135e-09
validation,lj_noisy,183,50,1.2363864243525311e-06,1.020561103359796e-05,0.8788522881890937,2.574360905782669e-06,147,1,1,same_source_cyclic_next_latent,False,r16_d8,456,1.31489503019111e-06,1.020561103359796e-05,0.871159597807291,3.886199010594282e-06,147,1,1,same_source_cyclic_next_latent,False,ljonly_r16_d8,8,-7.850860583857887e-08
validation,lj_noisy,183,75,3.291372195235453e-06,2.3695167328696695e-05,0.861095211965465,6.16525403529522e-06,147,1,1,same_source_cyclic_next_latent,False,r16_d8,456,3.643781838036375e-06,2.3695167328696695e-05,0.8462225741017042,7.860482583055273e-06,147,1,1,same_source_cyclic_next_latent,False,ljonly_r16_d8,8,-3.52409642800922e-07
validation,lj_noisy,183,100,6.805872999393614e-06,4.307867129682563e-05,0.8420129313529889,1.0755537914519664e-05,147,1,1,same_source_cyclic_next_latent,False,r16_d8,456,7.344667210418265e-06,4.307867129682563e-05,0.8295057161858315,1.2600259651662782e-05,147,1,1,same_source_cyclic_next_latent,False,ljonly_r16_d8,8,-5.387942110246513e-07
validation,lj_noisy,183,125,1.0845018550753592e-05,6.872970698168501e-05,0.8422076998866944,1.4897730579832569e-05,147,1,1,same_source_cyclic_next_latent,False,r16_d8,456,1.1442694813013077e-05,6.872970698168501e-05,0.833511660160834,1.735020305204671e-05,147,1,1,same_source_cyclic_next_latent,False,ljonly_r16_d8,8,-5.97676262259485e-07
validation,lj_noisy,183,149,1.5422803699038923e-05,9.890592627925798e-05,0.8440659293206244,1.880754280136898e-05,147,1,1,same_source_cyclic_next_latent,False,r16_d8,456,1.591158979863394e-05,9.890592627925798e-05,0.8391239999743996,2.210875391028821e-05,147,1,1,same_source_cyclic_next_latent,False,ljonly_r16_d8,8,-4.887860995950177e-07
validation,lj_noisy,183,175,2.1603069399134256e-05,0.00013746204786,0.8428433903361309,2.3388665795209818e-05,147,1,1,same_source_cyclic_next_latent,False,r16_d8,456,2.149389183614403e-05,0.00013746204786,0.8436376281980708,2.7436486561782655e-05,147,1,1,same_source_cyclic_next_latent,False,ljonly_r16_d8,8,1.0917756299022585e-07
validation,lj_noisy,183,199,2.929409129137639e-05,0.0001797954901121,0.837069932771379,2.880935971916188e-05,147,1,1,same_source_cyclic_next_latent,False,r16_d8,456,2.8146110707893968e-05,0.0001797954901121,0.8434548570137297,3.32865456584841e-05,147,1,1,same_source_cyclic_next_latent,False,ljonly_r16_d8,8,1.147980583482422e-06
validation,lj_noisy,147,0,3.637821635038563e-07,0.0,,7.280257818820246e-08,43,1,1,same_source_cyclic_next_latent,False,r16_d8,456,5.98217525293876e-07,0.0,,4.141246279232292e-07,43,1,1,same_source_cyclic_next_latent,False,ljonly_r16_d8,8,-2.3443536179001967e-07
validation,lj_noisy,147,5,2.547087945004023e-07,1.0630814983869641e-07,-1.3959479577706628,3.086742950131338e-08,43,1,1,same_source_cyclic_next_latent,False,r16_d8,456,4.63910680537083e-07,1.0630814983869641e-07,-3.3638298779631137,2.579280646841653e-07,43,1,1,same_source_cyclic_next_latent,False,ljonly_r16_d8,8,-2.0920188603668072e-07
validation,lj_noisy,147,10,1.941629221846597e-07,4.434336347003409e-07,0.5621375849942706,5.471440189808163e-08,43,1,1,same_source_cyclic_next_latent,False,r16_d8,456,3.928161902422289e-07,4.434336347003409e-07,0.1141488612886069,1.803857259119468e-07,43,1,1,same_source_cyclic_next_latent,False,ljonly_r16_d8,8,-1.9865326805756922e-07
validation,lj_noisy,147,25,3.71312438574023e-07,2.912094714702107e-06,0.8724930076280137,4.251184861914226e-07,43,1,1,same_source_cyclic_next_latent,False,r16_d8,456,6.05304137479834e-07,2.912094714702107e-06,0.7921413289121835,3.692875907290727e-07,43,1,1,same_source_cyclic_next_latent,False,ljonly_r16_d8,8,-2.33991698905811e-07
validation,lj_noisy,147,50,1.7040712236848776e-06,1.199792586703552e-05,0.8579695155171079,1.663451030253782e-06,43,1,1,same_source_cyclic_next_latent,False,r16_d8,456,2.1562311758316355e-06,1.199792586703552e-05,0.8202830056021673,1.6717839343982632e-06,43,1,1,same_source_cyclic_next_latent,False,ljonly_r16_d8,8,-4.5215995214675786e-07
validation,lj_noisy,147,75,4.096127668162808e-06,2.723287980188616e-05,0.8495888904162421,3.893761913786875e-06,43,1,1,same_source_cyclic_next_latent,False,r16_d8,456,4.626015652320348e-06,2.723287980188616e-05,0.8301312352577582,4.019444077130174e-06,43,1,1,same_source_cyclic_next_latent,False,ljonly_r16_d8,8,-5.298879841575399e-07
validation,lj_noisy,147,100,7.361858934018528e-06,4.869244003202766e-05,0.8488089952120651,7.2468606049369555e-06,43,1,1,same_source_cyclic_next_latent,False,r16_d8,456,7.880804332671687e-06,4.869244003202766e-05,0.8381513777603247,7.3967798925878014e-06,43,1,1,same_source_cyclic_next_latent,False,ljonly_r16_d8,8,-5.189453986531589e-07
validation,lj_noisy,147,125,1.1646823622868396e-05,7.65042204875499e-05,0.8477623384874071,1.19129135782714e-05,43,1,1,same_source_cyclic_next_latent,False,r16_d8,456,1.2379123290884309e-05,7.65042204875499e-05,0.8381903218934326,1.2003088158962782e-05,43,1,1,same_source_cyclic_next_latent,False,ljonly_r16_d8,8,-7.322996680159122e-07
validation,lj_noisy,147,149,1.6889622202143073e-05,0.0001096505948225,0.8459687133529123,1.7913745978148654e-05,43,1,1,same_source_cyclic_next_latent,False,r16_d8,456,1.799686287995428e-05,0.0001096505948225,0.8358708139333733,1.769627124303952e-05,43,1,1,same_source_cyclic_next_latent,False,ljonly_r16_d8,8,-1.1072406778112054e-06
validation,lj_noisy,147,175,2.4635934096295387e-05,0.0001528372813481,0.8388093933693348,2.7047106414102014e-05,43,1,1,same_source_cyclic_next_latent,False,r16_d8,456,2.621153362269979e-05,0.0001528372813481,0.8285003934152269,2.5912551791407168e-05,43,1,1,same_source_cyclic_next_latent,False,ljonly_r16_d8,8,-1.5755995264044032e-06
validation,lj_noisy,147,199,3.433465099078603e-05,0.0001997498766286,0.8281117787390668,3.87951840821188e-05,43,1,1,same_source_cyclic_next_latent,False,r16_d8,456,3.662826929939911e-05,0.0001997498766286,0.8166293270483591,3.639717397163622e-05,43,1,1,same_source_cyclic_next_latent,False,ljonly_r16_d8,8,-2.293618308613077e-06
validation,lj_noisy,43,0,9.98957219167096e-08,0.0,,2.708614204038895e-07,13,1,1,same_source_cyclic_next_latent,False,r16_d8,456,6.400008487617015e-07,0.0,,7.860845130380767e-07,13,1,1,same_source_cyclic_next_latent,False,ljonly_r16_d8,8,-5.401051268449919e-07
validation,lj_noisy,43,5,5.2521475168987315e-08,9.6270760252537e-08,0.4544400082515893,1.8008363156241105e-07,13,1,1,same_source_cyclic_next_latent,False,r16_d8,456,4.7345031362056034e-07,9.6270760252537e-08,-3.9179035501392914,6.104985459387535e-07,13,1,1,same_source_cyclic_next_latent,False,ljonly_r16_d8,8,-4.2092883845157303e-07
validation,lj_noisy,43,10,4.928704200324319e-08,4.102923867321806e-07,0.8798733693408368,1.2853548980729101e-07,13,1,1,same_source_cyclic_next_latent,False,r16_d8,456,3.579646090656752e-07,4.102923867321806e-07,0.1275377739354996,4.850951427215477e-07,13,1,1,same_source_cyclic_next_latent,False,ljonly_r16_d8,8,-3.08677567062432e-07
validation,lj_noisy,43,25,2.628327990805701e-07,2.796049102471443e-06,0.9059985038001476,2.787538448956184e-07,13,1,1,same_source_cyclic_next_latent,False,r16_d8,456,4.040493877255358e-07,2.796049102471443e-06,0.8554927424670782,4.435891867160535e-07,13,1,1,same_source_cyclic_next_latent,False,ljonly_r16_d8,8,-1.4121658864496567e-07
validation,lj_noisy,43,50,1.206744627779699e-06,1.1718565474438948e-05,0.8970228369323956,1.4009502820044872e-06,13,1,1,same_source_cyclic_next_latent,False,r16_d8,456,1.5700297808507455e-06,1.1718565474438948e-05,0.8660220157257845,1.34294919007516e-06,13,1,1,same_source_cyclic_next_latent,False,ljonly_r16_d8,8,-3.632851530710466e-07
validation,lj_noisy,43,75,3.269356511736987e-06,2.693894930416718e-05,0.8786383063859416,3.695298346428899e-06,13,1,1,same_source_cyclic_next_latent,False,r16_d8,456,3.940385340683861e-06,2.693894930416718e-05,0.8537290635877056,3.3247858937102137e-06,13,1,1,same_source_cyclic_next_latent,False,ljonly_r16_d8,8,-6.710288289468735e-07
validation,lj_noisy,43,100,6.24066342425067e-06,4.813013947568834e-05,0.8703377240906818,7.273484698089305e-06,13,1,1,same_source_cyclic_next_latent,False,r16_d8,456,7.004671260801842e-06,4.813013947568834e-05,0.8544639318084656,6.29031092103105e-06,13,1,1,same_source_cyclic_next_latent,False,ljonly_r16_d8,8,-7.640078365511718e-07
validation,lj_noisy,43,125,1.0176285286433996e-05,7.53487111069262e-05,0.864944135912385,1.2293304280319717e-05,13,1,1,same_source_cyclic_next_latent,False,r16_d8,456,1.0968050446535926e-05,7.53487111069262e-05,0.8544361239176164,1.0563423529674765e-05,13,1,1,same_source_cyclic_next_latent,False,ljonly_r16_d8,8,-7.917651601019298e-07
validation,lj_noisy,43,149,1.5141985386435408e-05,0.000107481246232,0.8591197449111874,1.8615506633068435e-05,13,1,1,same_source_cyclic_next_latent,False,r16_d8,456,1.6021473129512742e-05,0.000107481246232,0.850937036076769,1.6228461390710436e-05,13,1,1,same_source_cyclic_next_latent,False,ljonly_r16_d8,8,-8.79487743077334e-07
validation,lj_noisy,43,175,2.2178741346579045e-05,0.0001489836140535,0.8511330156173875,2.7243964723311365e-05,13,1,1,same_source_cyclic_next_latent,False,r16_d8,456,2.278569809277542e-05,0.0001489836140535,0.8470590323806935,2.4017825126065876e-05,13,1,1,same_source_cyclic_next_latent,False,ljonly_r16_d8,8,-6.069567461963743e-07
validation,lj_noisy,43,199,3.107743395958096e-05,0.0001935522304847,0.8394364462670237,3.731865581357852e-05,13,1,1,same_source_cyclic_next_latent,False,r16_d8,456,3.0853363568894565e-05,0.0001935522304847,0.8405941202970526,3.310287866042927e-05,13,1,1,same_source_cyclic_next_latent,False,ljonly_r16_d8,8,2.2407039068639278e-07
validation,lj_noisy,13,0,2.432276460240246e-07,0.0,,2.2878856498209646e-07,40,1,1,same_source_cyclic_next_latent,False,r16_d8,456,7.034012128315226e-07,0.0,,7.628996741004812e-07,40,1,1,same_source_cyclic_next_latent,False,ljonly_r16_d8,8,-4.60173566807498e-07
validation,lj_noisy,13,5,1.583516109349148e-07,9.281463064780837e-08,-0.7061061368200783,1.5109759488041166e-07,40,1,1,same_source_cyclic_next_latent,False,r16_d8,456,5.444720159175631e-07,9.281463064780837e-08,-4.866230486695577,6.100668201725057e-07,40,1,1,same_source_cyclic_next_latent,False,ljonly_r16_d8,8,-3.861204049826483e-07
validation,lj_noisy,13,10,1.175353432358861e-07,3.781031523431011e-07,0.6891447677504912,1.1394401155939705e-07,40,1,1,same_source_cyclic_next_latent,False,r16_d8,456,4.557358295187442e-07,3.781031523431011e-07,-0.2053214227243391,5.236763058746874e-07,40,1,1,same_source_cyclic_next_latent,False,ljonly_r16_d8,8,-3.382004862828581e-07
validation,lj_noisy,13,25,2.3691481487730925e-07,2.410028173471801e-06,0.9016962467554815,2.880240970171144e-07,40,1,1,same_source_cyclic_next_latent,False,r16_d8,456,5.1059191719105e-07,2.410028173471801e-06,0.7881386106555305,6.275295731938968e-07,40,1,1,same_source_cyclic_next_latent,False,ljonly_r16_d8,8,-2.7367710231374076e-07
validation,lj_noisy,13,50,1.1120185945401315e-06,9.818084436119534e-06,0.8867377234555907,1.1775985058193328e-06,40,1,1,same_source_cyclic_next_latent,False,r16_d8,456,1.4657955489383312e-06,9.818084436119534e-06,0.8507045281108148,1.920326667459449e-06,40,1,1,same_source_cyclic_next_latent,False,ljonly_r16_d8,8,-3.5377695439819966e-07
validation,lj_noisy,13,75,3.0063501981203444e-06,2.2434529455495067e-05,0.8659945061881396,2.8629160624404904e-06,40,1,1,same_source_cyclic_next_latent,False,r16_d8,456,3.421755991439568e-06,2.2434529455495067e-05,0.8474781475480668,4.610343694366748e-06,40,1,1,same_source_cyclic_next_latent,False,ljonly_r16_d8,8,-4.1540579331922345e-07
validation,lj_noisy,13,100,5.936471097811591e-06,4.028679541079328e-05,0.8526447428424365,5.92382048125728e-06,40,1,1,same_source_cyclic_next_latent,False,r16_d8,456,6.296094852586975e-06,4.028679541079328e-05,0.8437181516080532,8.492475899402052e-06,40,1,1,same_source_cyclic_next_latent,False,ljonly_r16_d8,8,-3.5962375477538444e-07
validation,lj_noisy,13,125,9.719787158246618e-06,6.321443652268499e-05,0.846241021941901,1.0344039765186608e-05,40,1,1,same_source_cyclic_next_latent,False,r16_d8,456,1.018532202579081e-05,6.321443652268499e-05,0.8388766461259884,1.3682003555004483e-05,40,1,1,same_source_cyclic_next_latent,False,ljonly_r16_d8,8,-4.655348675441928e-07
validation,lj_noisy,13,149,1.45345502460259e-05,8.989958587335423e-05,0.8383246140143359,1.6086152754724026e-05,40,1,1,same_source_cyclic_next_latent,False,r16_d8,456,1.5470086509594694e-05,8.989958587335423e-05,0.8279181560259006,2.0678220607806e-05,40,1,1,same_source_cyclic_next_latent,False,ljonly_r16_d8,8,-9.355362635687942e-07
validation,lj_noisy,13,175,2.2772221200284548e-05,0.0001256491668755,0.8187634525038667,2.5746130631887357e-05,40,1,1,same_source_cyclic_next_latent,False,r16_d8,456,2.4822336854413152e-05,0.0001256491668755,0.8024472627104265,3.2019841455621645e-05,40,1,1,same_source_cyclic_next_latent,False,ljonly_r16_d8,8,-2.0501156541286036e-06
validation,lj_noisy,13,199,3.2078245567390695e-05,0.0001638034591451,0.8041662506103147,3.647362973424606e-05,40,1,1,same_source_cyclic_next_latent,False,r16_d8,456,3.560610275599174e-05,0.0001638034591451,0.7826291157597289,4.43630779045634e-05,40,1,1,same_source_cyclic_next_latent,False,ljonly_r16_d8,8,-3.527857188601047e-06
validation,lj_noisy,40,0,2.5094311695283977e-07,0.0,,1.1148198382215924e-06,132,1,1,same_source_cyclic_next_latent,False,r16_d8,456,7.265369390552223e-07,0.0,,1.0506834087209429e-06,132,1,1,same_source_cyclic_next_latent,False,ljonly_r16_d8,8,-4.7559382210238255e-07
validation,lj_noisy,40,5,1.6078980991096614e-07,9.645786747114472e-08,-0.6669434451167633,1.0672068810890778e-06,132,1,1,same_source_cyclic_next_latent,False,r16_d8,456,5.655134032167553e-07,9.645786747114472e-08,-4.8628022580524926,1.0124227856067591e-06,132,1,1,same_source_cyclic_next_latent,False,ljonly_r16_d8,8,-4.047235933057891e-07
validation,lj_noisy,40,10,1.0363959290771164e-07,4.181624433385878e-07,0.7521547079162385,9.91186993815063e-07,132,1,1,same_source_cyclic_next_latent,False,r16_d8,456,4.503016839407792e-07,4.181624433385878e-07,-0.0768582667194914,9.737553909872076e-07,132,1,1,same_source_cyclic_next_latent,False,ljonly_r16_d8,8,-3.4666209103306755e-07
validation,lj_noisy,40,25,3.7017738918621045e-07,2.9362895475060213e-06,0.8739302159418761,1.1361621545802336e-06,132,1,1,same_source_cyclic_next_latent,False,r16_d8,456,5.486219833983341e-07,2.9362895475060213e-06,0.8131580777296592,1.3038676343057889e-06,132,1,1,same_source_cyclic_next_latent,False,ljonly_r16_d8,8,-1.7844459421212367e-07
validation,lj_noisy,40,50,1.950157184182899e-06,1.2648867595999036e-05,0.8458235751633804,2.7908167794521432e-06,132,1,1,same_source_cyclic_next_latent,False,r16_d8,456,1.9774940938077634e-06,1.2648867595999036e-05,0.8436623611718993,3.3260016607528087e-06,132,1,1,same_source_cyclic_next_latent,False,ljonly_r16_d8,8,-2.7336909624864347e-08
validation,lj_noisy,40,75,4.6716490942344535e-06,2.948326982732397e-05,0.8415491523974404,6.244710675673559e-06,132,1,1,same_source_cyclic_next_latent,False,r16_d8,456,5.064403922006022e-06,2.948326982732397e-05,0.8282278745991557,7.242264473461546e-06,132,1,1,same_source_cyclic_next_latent,False,ljonly_r16_d8,8,-3.9275482777156867e-07
validation,lj_noisy,40,100,9.353080713481177e-06,5.388597855926491e-05,0.8264283035484924,1.2478719327191357e-05,132,1,1,same_source_cyclic_next_latent,False,r16_d8,456,1.0211913831881247e-05,5.388597855926491e-05,0.8104903333870058,1.5135942703636829e-05,132,1,1,same_source_cyclic_next_latent,False,ljonly_r16_d8,8,-8.588331184000708e-07
validation,lj_noisy,40,125,1.5889620044617914e-05,8.557874389225617e-05,0.8143274915950743,2.217296241724398e-05,132,1,1,same_source_cyclic_next_latent,False,r16_d8,456,1.710537981125526e-05,8.557874389225617e-05,0.8001211628813929,2.852310899470467e-05,132,1,1,same_source_cyclic_next_latent,False,ljonly_r16_d8,8,-1.2157597666373476e-06
validation,lj_noisy,40,149,2.336534453206696e-05,0.0001225326122948,0.8093132587768932,3.512967668939382e-05,132,1,1,same_source_cyclic_next_latent,False,r16_d8,456,2.4817645680741407e-05,0.0001225326122948,0.7974608945656472,4.483936208998784e-05,132,1,1,same_source_cyclic_next_latent,False,ljonly_r16_d8,8,-1.4523011486744474e-06
validation,lj_noisy,40,175,3.36403027176857e-05,0.0001704702153801,0.8026616987450899,5.427252108347602e-05,132,1,1,same_source_cyclic_next_latent,False,r16_d8,456,3.499345984891988e-05,0.0001704702153801,0.7947239066315743,6.25708416919224e-05,132,1,1,same_source_cyclic_next_latent,False,ljonly_r16_d8,8,-1.353157131234184e-06
validation,lj_noisy,40,199,4.575578714138828e-05,0.0002223484916612,0.7942158869640658,7.570764137199149e-05,132,1,1,same_source_cyclic_next_latent,False,r16_d8,456,4.631879346561618e-05,0.0002223484916612,0.7916837972699937,8.48671916173771e-05,132,1,1,same_source_cyclic_next_latent,False,ljonly_r16_d8,8,-5.630063242278993e-07
validation,lj_noisy,132,0,7.368318506451033e-07,0.0,,1.0361473101738738e-07,61,1,1,same_source_cyclic_next_latent,False,r16_d8,456,5.794113349111285e-07,0.0,,1.854632643016885e-07,61,1,1,same_source_cyclic_next_latent,False,ljonly_r16_d8,8,1.5742051573397475e-07
validation,lj_noisy,132,5,6.085147674639302e-07,1.029204241831394e-07,-4.912478230570858,5.2038046760571894e-08,61,1,1,same_source_cyclic_next_latent,False,r16_d8,456,4.824990469387558e-07,1.029204241831394e-07,-3.68807868572504,8.343010193812007e-08,61,1,1,same_source_cyclic_next_latent,False,ljonly_r16_d8,8,1.260157205251744e-07
validation,lj_noisy,132,10,4.914125497634814e-07,4.412522969232669e-07,-0.1136770350884708,7.022857317906529e-08,61,1,1,same_source_cyclic_next_latent,False,r16_d8,456,4.094303847068659e-07,4.412522969232669e-07,0.0721172726766219,5.7663861241508136e-08,61,1,1,same_source_cyclic_next_latent,False,ljonly_r16_d8,8,8.198216505661549e-08
validation,lj_noisy,132,25,5.497386155184358e-07,3.067184479732532e-06,0.8207676717357494,5.542651706491597e-07,61,1,1,same_source_cyclic_next_latent,False,r16_d8,456,5.838972469973669e-07,3.067184479732532e-06,0.8096308680303819,4.501904413700686e-07,61,1,1,same_source_cyclic_next_latent,False,ljonly_r16_d8,8,-3.4158631478931056e-08
validation,lj_noisy,132,50,2.2538911252922844e-06,1.3521135770133696e-05,0.8333060799322187,2.652812554515549e-06,61,1,1,same_source_cyclic_next_latent,False,r16_d8,456,2.370154561504023e-06,1.3521135770133696e-05,0.8247074356919509,2.4842513539624638e-06,61,1,1,same_source_cyclic_next_latent,False,ljonly_r16_d8,8,-1.1626343621173874e-07
validation,lj_noisy,132,75,6.286443294811761e-06,3.2666182960383594e-05,0.8075550087245963,7.020759767328855e-06,61,1,1,same_source_cyclic_next_latent,False,r16_d8,456,6.327506525849458e-06,3.2666182960383594e-05,0.8062979524261149,6.764100817235885e-06,61,1,1,same_source_cyclic_next_latent,False,ljonly_r16_d8,8,-4.1063231037696823e-08
validation,lj_noisy,132,100,1.3227821909822524e-05,6.118311284808442e-05,0.7837994620727005,1.494174011895666e-05,61,1,1,same_source_cyclic_next_latent,False,r16_d8,456,1.3426040823105724e-05,6.118311284808442e-05,0.7805596969797512,1.4174501302477438e-05,61,1,1,same_source_cyclic_next_latent,False,ljonly_r16_d8,8,-1.9821891328320077e-07
validation,lj_noisy,132,125,2.55121794907609e-05,0.0001014992230921,0.7486465539976603,2.921768464148045e-05,61,1,1,same_source_cyclic_next_latent,False,r16_d8,456,2.663494342414197e-05,0.0001014992230921,0.737584755698355,2.70730524789542e-05,61,1,1,same_source_cyclic_next_latent,False,ljonly_r16_d8,8,-1.1227639333810691e-06
validation,lj_noisy,132,149,4.358717342256568e-05,0.000150934967678,0.7112188507865084,4.9418784328736365e-05,61,1,1,same_source_cyclic_next_latent,False,r16_d8,456,4.654519943869673e-05,0.000150934967678,0.6916208340933798,4.473141234484501e-05,61,1,1,same_source_cyclic_next_latent,False,ljonly_r16_d8,8,-2.95802601613105e-06
validation,lj_noisy,132,175,6.88888831064105e-05,0.0002120805875165,0.6751759134907229,7.677009125472978e-05,61,1,1,same_source_cyclic_next_latent,False,r16_d8,456,7.441006164299324e-05,0.0002120805875165,0.649142514577434,6.848815246485174e-05,61,1,1,same_source_cyclic_next_latent,False,ljonly_r16_d8,8,-5.521178536582738e-06
validation,lj_noisy,132,199,9.04712433111854e-05,0.0002682431077118,0.6627266807229393,0.000100456738437,61,1,1,same_source_cyclic_next_latent,False,r16_d8,456,0.0001003068173304,0.0002682431077118,0.626060038649144,8.953695942182094e-05,61,1,1,same_source_cyclic_next_latent,False,ljonly_r16_d8,8,-9.835574019214597e-06
validation,lj_noisy,61,0,1.546917900441258e-07,0.0,,3.384148499208095e-07,188,1,1,same_source_cyclic_next_latent,False,r16_d8,456,5.114112013870908e-07,0.0,,1.2798924444723523e-06,188,1,1,same_source_cyclic_next_latent,False,ljonly_r16_d8,8,-3.5671941134296503e-07
validation,lj_noisy,61,5,9.574405623880013e-08,9.96304834188777e-08,0.0390084143598684,2.468151762968773e-07,188,1,1,same_source_cyclic_next_latent,False,r16_d8,456,3.7252794982123305e-07,9.96304834188777e-08,-2.739096078205393,1.081019945559092e-06,188,1,1,same_source_cyclic_next_latent,False,ljonly_r16_d8,8,-2.7678389358243294e-07
validation,lj_noisy,61,10,7.532161561130124e-08,4.162667153195798e-07,0.8190544359198292,1.914191756213768e-07,188,1,1,same_source_cyclic_next_latent,False,r16_d8,456,2.8413040809027734e-07,4.162667153195798e-07,0.3174318348462179,9.360840067529352e-07,188,1,1,same_source_cyclic_next_latent,False,ljonly_r16_d8,8,-2.088087924789761e-07
validation,lj_noisy,61,25,1.993423950352735e-07,2.741091520874761e-06,0.9272762716906082,2.835685677382571e-07,188,1,1,same_source_cyclic_next_latent,False,r16_d8,456,3.405902475606126e-07,2.741091520874761e-06,0.8757464882267336,1.057087388289801e-06,188,1,1,same_source_cyclic_next_latent,False,ljonly_r16_d8,8,-1.412478525253391e-07
validation,lj_noisy,61,50,1.044652321979811e-06,1.1338017429807223e-05,0.9078628756352536,1.4424028904613806e-06,188,1,1,same_source_cyclic_next_latent,False,r16_d8,456,1.4010444147061207e-06,1.1338017429807223e-05,0.8764295060066827,2.7643595785775688e-06,188,1,1,same_source_cyclic_next_latent,False,ljonly_r16_d8,8,-3.563920927263098e-07
validation,lj_noisy,61,75,2.882452008634573e-06,2.6031604647869244e-05,0.8892710592517965,4.096294560440583e-06,188,1,1,same_source_cyclic_next_latent,False,r16_d8,456,3.43890383192047e-06,2.6031604647869244e-05,0.8678950499426107,5.041628810431575e-06,188,1,1,same_source_cyclic_next_latent,False,ljonly_r16_d8,8,-5.564518232858973e-07
validation,lj_noisy,61,100,5.144969236425823e-06,4.705508763436228e-05,0.8906607235246402,7.50410208638641e-06,188,1,1,same_source_cyclic_next_latent,False,r16_d8,456,5.763850367657142e-06,4.705508763436228e-05,0.8775084553567369,7.365100373135647e-06,188,1,1,same_source_cyclic_next_latent,False,ljonly_r16_d8,8,-6.188811312313192e-07
validation,lj_noisy,61,125,7.571577043563593e-06,7.433142309309915e-05,0.8981376014544981,1.1179304237884937e-05,188,1,1,same_source_cyclic_next_latent,False,r16_d8,456,8.394716132897884e-06,7.433142309309915e-05,0.8870636968380975,1.0117733836523256e-05,188,1,1,same_source_cyclic_next_latent,False,ljonly_r16_d8,8,-8.231390893342905e-07
validation,lj_noisy,61,149,1.0322733032808172e-05,0.0001063243253156,0.9029127812270412,1.5011953109933527e-05,188,1,1,same_source_cyclic_next_latent,False,r16_d8,456,1.1518489372974727e-05,0.0001063243253156,0.8916664710659693,1.338299989583902e-05,188,1,1,same_source_cyclic_next_latent,False,ljonly_r16_d8,8,-1.1957563401665555e-06
validation,lj_noisy,61,175,1.4557245776813945e-05,0.0001481663784943,0.9017506810604212,2.000494896492455e-05,188,1,1,same_source_cyclic_next_latent,False,r16_d8,456,1.559134034323506e-05,0.0001481663784943,0.8947714015711777,1.7512427803012542e-05,188,1,1,same_source_cyclic_next_latent,False,ljonly_r16_d8,8,-1.034094566421116e-06
validation,lj_noisy,61,199,2.099009361700155e-05,0.0001944780233316,0.8920695857690281,2.7391617550165392e-05,188,1,1,same_source_cyclic_next_latent,False,r16_d8,456,2.0823961676796895e-05,0.0001944780233316,0.8929238310835301,2.328234768356197e-05,188,1,1,same_source_cyclic_next_latent,False,ljonly_r16_d8,8,1.6613194020465355e-07
validation,lj_noisy,188,0,1.680014918292727e-07,0.0,,1.567425158555125e-07,67,1,1,same_source_cyclic_next_latent,False,r16_d8,456,6.42529357719468e-07,0.0,,5.014168777961459e-07,67,1,1,same_source_cyclic_next_latent,False,ljonly_r16_d8,8,-4.7452786589019524e-07
validation,lj_noisy,188,5,9.124278932404196e-08,9.160689984355487e-08,0.0039747062735965,8.074166402138871e-08,67,1,1,same_source_cyclic_next_latent,False,r16_d8,456,4.6203416559365007e-07,9.160689984355487e-08,-4.043661191271687,3.52648186208171e-07,67,1,1,same_source_cyclic_next_latent,False,ljonly_r16_d8,8,-3.707913762696081e-07
validation,lj_noisy,188,10,7.481238384343669e-08,3.833892776583525e-07,0.8048657377682226,6.166671084884001e-08,67,1,1,same_source_cyclic_next_latent,False,r16_d8,456,3.5007064980163705e-07,3.833892776583525e-07,0.0869054764917199,2.641311311890604e-07,67,1,1,same_source_cyclic_next_latent,False,ljonly_r16_d8,8,-2.7525826595820035e-07
validation,lj_noisy,188,25,4.1795200900196505e-07,2.6204288587905467e-06,0.8405024400491186,3.915329784831556e-07,67,1,1,same_source_cyclic_next_latent,False,r16_d8,456,5.611944970951299e-07,2.6204288587905467e-06,0.7858386823925653,4.537324400644138e-07,67,1,1,same_source_cyclic_next_latent,False,ljonly_r16_d8,8,-1.4324248809316487e-07
validation,lj_noisy,188,50,1.936615262820851e-06,1.1088137398473918e-05,0.8253435006056661,1.966167246791884e-06,67,1,1,same_source_cyclic_next_latent,False,r16_d8,456,2.2232250103115803e-06,1.1088137398473918e-05,0.7994951784582353,1.9696899471455254e-06,67,1,1,same_source_cyclic_next_latent,False,ljonly_r16_d8,8,-2.866097474907292e-07
validation,lj_noisy,188,75,4.840806468564551e-06,2.5567558623151854e-05,0.8106660655436566,4.868629275733838e-06,67,1,1,same_source_cyclic_next_latent,False,r16_d8,456,4.950935363012832e-06,2.5567558623151854e-05,0.8063586971291942,4.763091055792756e-06,67,1,1,same_source_cyclic_next_latent,False,ljonly_r16_d8,8,-1.1012889444828033e-07
validation,lj_noisy,188,100,8.88186514202971e-06,4.645999797503464e-05,0.8088276898590827,9.140723705058916e-06,67,1,1,same_source_cyclic_next_latent,False,r16_d8,456,8.378756319871172e-06,4.645999797503464e-05,0.8196565500417475,8.66149457579013e-06,67,1,1,same_source_cyclic_next_latent,False,ljonly_r16_d8,8,5.031088221585378e-07
validation,lj_noisy,188,125,1.3868274436390491e-05,7.364279736066237e-05,0.8116818625388275,1.4765407286176924e-05,67,1,1,same_source_cyclic_next_latent,False,r16_d8,456,1.2867020814155694e-05,7.364279736066237e-05,0.8252779460408053,1.3796196071780288e-05,67,1,1,same_source_cyclic_next_latent,False,ljonly_r16_d8,8,1.0012536222347973e-06
validation,lj_noisy,188,149,1.960960071301088e-05,0.000105726372567,0.8145249833424197,2.1226001990726218e-05,67,1,1,same_source_cyclic_next_latent,False,r16_d8,456,1.844124199124053e-05,0.000105726372567,0.8255757618133247,1.989407064684201e-05,67,1,1,same_source_cyclic_next_latent,False,ljonly_r16_d8,8,1.1683587217703496e-06
validation,lj_noisy,188,175,2.760196730378084e-05,0.000146960519487,0.812181071486922,2.969283195852768e-05,67,1,1,same_source_cyclic_next_latent,False,r16_d8,456,2.6572328351903707e-05,0.000146960519487,0.8191872997955253,2.813345054164529e-05,67,1,1,same_source_cyclic_next_latent,False,ljonly_r16_d8,8,1.029638951877132e-06
validation,lj_noisy,188,199,3.72647336916998e-05,0.0001916797627927,0.8055885861462224,3.9490572817157954e-05,67,1,1,same_source_cyclic_next_latent,False,r16_d8,456,3.689798541017808e-05,0.0001916797627927,0.8075019247072589,3.798617399297655e-05,67,1,1,same_source_cyclic_next_latent,False,ljonly_r16_d8,8,3.667482815217227e-07
validation,lj_noisy,67,0,2.0177526494080666e-07,0.0,,6.499685412109102e-08,15,1,1,same_source_cyclic_next_latent,False,r16_d8,456,6.181195431054221e-07,0.0,,3.867472742058453e-07,15,1,1,same_source_cyclic_next_latent,False,ljonly_r16_d8,8,-4.163442781646154e-07
validation,lj_noisy,67,5,1.2158879769685882e-07,8.974264886774108e-08,-0.3548608073297596,3.5373840745478446e-08,15,1,1,same_source_cyclic_next_latent,False,r16_d8,456,4.79245386486582e-07,8.974264886774108e-08,-4.340218865089145,2.486501671228325e-07,15,1,1,same_source_cyclic_next_latent,False,ljonly_r16_d8,8,-3.5765658878972317e-07
validation,lj_noisy,67,10,8.749395163931696e-08,3.756259161491471e-07,0.7670715787230816,5.5550042787899656e-08,15,1,1,same_source_cyclic_next_latent,False,r16_d8,456,3.842219769012445e-07,3.756259161491471e-07,-0.0228846317107795,1.6232203847721396e-07,15,1,1,same_source_cyclic_next_latent,False,ljonly_r16_d8,8,-2.9672802526192754e-07
validation,lj_noisy,67,25,2.144982147456176e-07,2.4605394628451904e-06,0.912824720763638,3.4377345059510844e-07,15,1,1,same_source_cyclic_next_latent,False,r16_d8,456,3.924732254745322e-07,2.4605394628451904e-06,0.8404930173236463,2.165461978620442e-07,15,1,1,same_source_cyclic_next_latent,False,ljonly_r16_d8,8,-1.779750107289146e-07
validation,lj_noisy,67,50,9.971337249226051e-07,1.0304262104909869e-05,0.9032309431989816,1.260175622519455e-06,15,1,1,same_source_cyclic_next_latent,False,r16_d8,456,1.1537184718690696e-06,1.0304262104909869e-05,0.8880348286832362,1.0110260291185114e-06,15,1,1,same_source_cyclic_next_latent,False,ljonly_r16_d8,8,-1.565847469464645e-07
validation,lj_noisy,67,75,2.689709390324424e-06,2.4312985260621645e-05,0.8893714876436505,2.9791005999868503e-06,15,1,1,same_source_cyclic_next_latent,False,r16_d8,456,2.8299268706177827e-06,2.4312985260621645e-05,0.8836043027920042,2.744244056884781e-06,15,1,1,same_source_cyclic_next_latent,False,ljonly_r16_d8,8,-1.4021748029335868e-07
validation,lj_noisy,67,100,5.28323926118901e-06,4.4734984840033576e-05,0.8818991605768689,5.756905011367053e-06,15,1,1,same_source_cyclic_next_latent,False,r16_d8,456,5.330269232217688e-06,4.4734984840033576e-05,0.8808478587557808,5.401138423621887e-06,15,1,1,same_source_cyclic_next_latent,False,ljonly_r16_d8,8,-4.702997102867812e-08
validation,lj_noisy,67,125,8.937828170019202e-06,7.140247180359438e-05,0.8748246672103406,9.90205899142893e-06,15,1,1,same_source_cyclic_next_latent,False,r16_d8,456,8.901532055460848e-06,7.140247180359438e-05,0.8753329985557622,9.119043170358054e-06,15,1,1,same_source_cyclic_next_latent,False,ljonly_r16_d8,8,3.629611455835402e-08
validation,lj_noisy,67,149,1.348900332232006e-05,0.0001028560582199,0.8688555292146269,1.5123053344723305e-05,15,1,1,same_source_cyclic_next_latent,False,r16_d8,456,1.342029372608522e-05,0.0001028560582199,0.8695235462223168,1.3770550140179694e-05,15,1,1,same_source_cyclic_next_latent,False,ljonly_r16_d8,8,6.87095962348411e-08
validation,lj_noisy,67,175,1.9659508325275965e-05,0.0001433728903066,0.8628784822344763,2.25480707740644e-05,15,1,1,same_source_cyclic_next_latent,False,r16_d8,456,1.9625604181783277e-05,0.0001433728903066,0.8631149575082897,2.038435559370555e-05,15,1,1,same_source_cyclic_next_latent,False,ljonly_r16_d8,8,3.390414349268783e-08
validation,lj_noisy,67,199,2.670040885277558e-05,0.0001868223625933,0.857081301819901,3.165070302202366e-05,15,1,1,same_source_cyclic_next_latent,False,r16_d8,456,2.690004293981474e-05,0.0001868223625933,0.8560127247809003,2.9291601094882932e-05,15,1,1,same_source_cyclic_next_latent,False,ljonly_r16_d8,8,-1.9963408703915775e-07
validation,lj_noisy,15,0,6.887480452633099e-08,0.0,,2.888074561724352e-07,79,1,1,same_source_cyclic_next_latent,False,r16_d8,786,4.987833222003246e-07,0.0,,9.512207839179608e-07,79,1,1,same_source_cyclic_next_latent,False,ljonly_r16_d8,8,-4.2990851767399363e-07
validation,lj_noisy,15,5,3.391592429125012e-08,9.055690952664008e-08,0.6254739205596154,1.9154833807988325e-07,79,1,1,same_source_cyclic_next_latent,False,r16_d8,786,3.480636792119185e-07,9.055690952664008e-08,-2.843590522593143,8.005105200936669e-07,79,1,1,same_source_cyclic_next_latent,False,ljonly_r16_d8,8,-3.141477549206684e-07
validation,lj_noisy,15,10,5.975766725896392e-08,3.651525162240432e-07,0.8363487457873658,1.4174597140481637e-07,79,1,1,same_source_cyclic_next_latent,False,r16_d8,786,2.520186512811051e-07,3.651525162240432e-07,0.3098263326043291,7.053363901832199e-07,79,1,1,same_source_cyclic_next_latent,False,ljonly_r16_d8,8,-1.922609840221412e-07
validation,lj_noisy,15,25,4.830349666917755e-07,2.382581669735373e-06,0.7972640464637567,2.643218408593384e-07,79,1,1,same_source_cyclic_next_latent,False,r16_d8,786,2.9720752081630053e-07,2.382581669735373e-06,0.875258202230142,7.433147288793407e-07,79,1,1,same_source_cyclic_next_latent,False,ljonly_r16_d8,8,1.8582744587547495e-07
validation,lj_noisy,15,50,1.912205107146292e-06,1.0002500857808627e-05,0.8088272988596151,1.443550672775018e-06,79,1,1,same_source_cyclic_next_latent,False,r16_d8,786,1.2988690514248449e-06,1.0002500857808627e-05,0.8701455696041396,1.8855211010304629e-06,79,1,1,same_source_cyclic_next_latent,False,ljonly_r16_d8,8,6.133360557214471e-07
validation,lj_noisy,15,75,4.050695224577794e-06,2.349700662307441e-05,0.827608031543901,4.735031325253658e-06,79,1,1,same_source_cyclic_next_latent,False,r16_d8,786,3.63572507922072e-06,2.349700662307441e-05,0.8452685851630828,4.524519681581296e-06,79,1,1,same_source_cyclic_next_latent,False,ljonly_r16_d8,8,4.149701453570738e-07
validation,lj_noisy,15,100,8.100089871732052e-06,4.446260936674662e-05,0.8178224358152477,1.0266232493449934e-05,79,1,1,same_source_cyclic_next_latent,False,r16_d8,786,8.214102308556903e-06,4.446260936674662e-05,0.8152582040157951,9.309762390330434e-06,79,1,1,same_source_cyclic_next_latent,False,ljonly_r16_d8,8,-1.1401243682485074e-07
validation,lj_noisy,15,125,1.4633441423939075e-05,7.343651668634266e-05,0.8007334486405382,1.6940661225817166e-05,79,1,1,same_source_cyclic_next_latent,False,r16_d8,786,1.4963792636990547e-05,7.343651668634266e-05,0.7962349889101775,1.6132640666910447e-05,79,1,1,same_source_cyclic_next_latent,False,ljonly_r16_d8,8,-3.3035121305147186e-07
validation,lj_noisy,15,149,2.1148707674001344e-05,0.0001065276956069,0.8014722128972264,2.2712656573276035e-05,79,1,1,same_source_cyclic_next_latent,False,r16_d8,786,2.1332270989660174e-05,0.0001065276956069,0.7997490617991668,2.2714204533258453e-05,79,1,1,same_source_cyclic_next_latent,False,ljonly_r16_d8,8,-1.835633156588301e-07
validation,lj_noisy,15,175,2.9455910407705236e-05,0.0001508055138401,0.8046761709328208,2.9639122658409175e-05,79,1,1,same_source_cyclic_next_latent,False,r16_d8,786,2.884438436012715e-05,0.0001508055138401,0.8087312351808443,3.0435890948865563e-05,79,1,1,same_source_cyclic_next_latent,False,ljonly_r16_d8,8,6.115260475780849e-07
validation,lj_noisy,15,199,4.063099549966864e-05,0.0002030775794992,0.7999237749442241,3.922915493603796e-05,79,1,1,same_source_cyclic_next_latent,False,r16_d8,786,3.861766163026914e-05,0.0002030775794992,0.8098378869518827,3.989151082350873e-05,79,1,1,same_source_cyclic_next_latent,False,ljonly_r16_d8,8,2.013333869399503e-06
validation,lj_noisy,79,0,2.883393790398259e-07,0.0,,8.776368645158072e-07,75,1,1,same_source_cyclic_next_latent,False,r16_d8,786,8.50062633617199e-07,0.0,,2.0038314687553797e-06,75,1,1,same_source_cyclic_next_latent,False,ljonly_r16_d8,8,-5.617232545773732e-07
validation,lj_noisy,79,5,1.739131647582326e-07,1.0333684485885897e-07,-0.6829734350392564,6.929819278411742e-07,75,1,1,same_source_cyclic_next_latent,False,r16_d8,786,6.647936743320315e-07,1.0333684485885897e-07,-5.433268552373838,1.830404244174133e-06,75,1,1,same_source_cyclic_next_latent,False,ljonly_r16_d8,8,-4.908805095737989e-07
validation,lj_noisy,79,10,1.0796183858019505e-07,4.55465340110095e-07,0.7629636570060445,5.215464966568106e-07,75,1,1,same_source_cyclic_next_latent,False,r16_d8,786,4.993104312234209e-07,4.55465340110095e-07,-0.0962643855682359,1.6552088482058025e-06,75,1,1,same_source_cyclic_next_latent,False,ljonly_r16_d8,8,-3.9134859264322586e-07
validation,lj_noisy,79,25,3.481940780147852e-07,3.182375849064556e-06,0.8905867519962687,4.703527451965783e-07,75,1,1,same_source_cyclic_next_latent,False,r16_d8,786,4.517470131304435e-07,3.182375849064556e-06,0.8580472469135811,1.5996338333934546e-06,75,1,1,same_source_cyclic_next_latent,False,ljonly_r16_d8,8,-1.0355293511565833e-07
validation,lj_noisy,79,50,1.664365413489577e-06,1.3238345673016738e-05,0.8742769334931331,1.6759067875682376e-06,75,1,1,same_source_cyclic_next_latent,False,r16_d8,786,1.6340754882548936e-06,1.3238345673016738e-05,0.876564978085927,3.0861185678077163e-06,75,1,1,same_source_cyclic_next_latent,False,ljonly_r16_d8,8,3.0289925234683324e-08
validation,lj_noisy,79,75,4.095905751455575e-06,3.010093496413901e-05,0.8639276236324465,4.070747763762483e-06,75,1,1,same_source_cyclic_next_latent,False,r16_d8,786,3.9582937461091205e-06,3.010093496413901e-05,0.8684993090472152,5.933052761974977e-06,75,1,1,same_source_cyclic_next_latent,False,ljonly_r16_d8,8,1.3761200534645468e-07
validation,lj_noisy,79,100,7.568204637209419e-06,5.402554961619899e-05,0.8599143425476569,7.2898778853414115e-06,75,1,1,same_source_cyclic_next_latent,False,r16_d8,786,7.052653927530628e-06,5.402554961619899e-05,0.8694570628594593,9.471431440033484e-06,75,1,1,same_source_cyclic_next_latent,False,ljonly_r16_d8,8,5.155507096787915e-07
validation,lj_noisy,79,125,1.1935201655433048e-05,8.518932736478746e-05,0.8598979235470945,1.1625810657278636e-05,75,1,1,same_source_cyclic_next_latent,False,r16_d8,786,1.123841411754256e-05,8.518932736478746e-05,0.868077205617333,1.4822289813309908e-05,75,1,1,same_source_cyclic_next_latent,False,ljonly_r16_d8,8,6.967875378904881e-07
validation,lj_noisy,79,149,1.74894757947186e-05,0.0001221718266606,0.8568452623426792,1.735617479425855e-05,75,1,1,same_source_cyclic_next_latent,False,r16_d8,786,1.6561030861339532e-05,0.0001221718266606,0.8644447634613626,2.209440390288364e-05,75,1,1,same_source_cyclic_next_latent,False,ljonly_r16_d8,8,9.28444933379069e-07
validation,lj_noisy,79,175,2.57980682363268e-05,0.0001701186993159,0.8483525424302945,2.5902927518473007e-05,75,1,1,same_source_cyclic_next_latent,False,r16_d8,786,2.3930859242682345e-05,0.0001701186993159,0.8593284610162741,3.104931965935975e-05,75,1,1,same_source_cyclic_next_latent,False,ljonly_r16_d8,8,1.8672089936444536e-06
validation,lj_noisy,79,199,3.601900607463904e-05,0.0002213792467955,0.8372972778794229,3.643187301349826e-05,75,1,1,same_source_cyclic_next_latent,False,r16_d8,786,3.2492094760527834e-05,0.0002213792467955,0.8532288133108736,3.830316563835368e-05,75,1,1,same_source_cyclic_next_latent,False,ljonly_r16_d8,8,3.526911314111203e-06
validation,lj_noisy,75,0,5.321701337379636e-07,0.0,,1.3686359068287857e-07,181,1,1,same_source_cyclic_next_latent,False,r16_d8,786,1.1427482604631225e-06,0.0,,2.407346073596273e-07,181,1,1,same_source_cyclic_next_latent,False,ljonly_r16_d8,8,-6.105781267251589e-07
validation,lj_noisy,75,5,3.723181407622178e-07,9.145860246917437e-08,-3.0708925208834854,6.248569661693183e-08,181,1,1,same_source_cyclic_next_latent,False,r16_d8,786,9.718936553326785e-07,9.145860246917437e-08,-9.626596395459355,1.372192315329812e-07,181,1,1,same_source_cyclic_next_latent,False,ljonly_r16_d8,8,-5.995755145704607e-07
validation,lj_noisy,75,10,2.64162338226015e-07,3.900833291936579e-07,0.3228053637358316,6.680949837800655e-08,181,1,1,same_source_cyclic_next_latent,False,r16_d8,786,8.504069910486578e-07,3.900833291936579e-07,-1.180064943576379,9.728118754992465e-08,181,1,1,same_source_cyclic_next_latent,False,ljonly_r16_d8,8,-5.862446528226428e-07
validation,lj_noisy,75,25,4.160904722994019e-07,2.673331437108573e-06,0.8443550745247519,6.409122192962968e-07,181,1,1,same_source_cyclic_next_latent,False,r16_d8,786,9.242680789611768e-07,2.673331437108573e-06,0.654263565627744,4.47230320332892e-07,181,1,1,same_source_cyclic_next_latent,False,ljonly_r16_d8,8,-5.081776066617749e-07
validation,lj_noisy,75,50,1.9746230464079417e-06,1.1298255230940413e-05,0.8252276120475299,2.906049758166773e-06,181,1,1,same_source_cyclic_next_latent,False,r16_d8,786,2.387497715972131e-06,1.1298255230940413e-05,0.7886843882377574,2.185547373301233e-06,181,1,1,same_source_cyclic_next_latent,False,ljonly_r16_d8,8,-4.128746695641894e-07
validation,lj_noisy,75,75,4.905653440800961e-06,2.6090825485880487e-05,0.8119778370578676,6.147467956907349e-06,181,1,1,same_source_cyclic_next_latent,False,r16_d8,786,5.358201178751187e-06,2.6090825485880487e-05,0.7946327462252633,5.315182079357328e-06,181,1,1,same_source_cyclic_next_latent,False,ljonly_r16_d8,8,-4.525477379502263e-07
validation,lj_noisy,75,100,9.13455369300209e-06,4.721252480521798e-05,0.806522660444702,1.0441259291837923e-05,181,1,1,same_source_cyclic_next_latent,False,r16_d8,786,9.557566954754291e-06,4.721252480521798e-05,0.797562892597136,9.937791219272183e-06,181,1,1,same_source_cyclic_next_latent,False,ljonly_r16_d8,8,-4.230132617522014e-07
validation,lj_noisy,75,125,1.5062256352393888e-05,7.473392179235816e-05,0.7984548918194996,1.646160671953112e-05,181,1,1,same_source_cyclic_next_latent,False,r16_d8,786,1.5436418834724464e-05,7.473392179235816e-05,0.7934482967772889,1.632009843888227e-05,181,1,1,same_source_cyclic_next_latent,False,ljonly_r16_d8,8,-3.741624823305756e-07
validation,lj_noisy,75,149,2.267956188006792e-05,0.0001070998841896,0.788239155890176,2.4231321731349453e-05,181,1,1,same_source_cyclic_next_latent,False,r16_d8,786,2.276360464747995e-05,0.0001070998841896,0.7874544419939107,2.392804526607506e-05,181,1,1,same_source_cyclic_next_latent,False,ljonly_r16_d8,8,-8.40427674120326e-08
validation,lj_noisy,75,175,3.3693060686346143e-05,0.0001485866087023,0.7732429525069255,3.5375858715269715e-05,181,1,1,same_source_cyclic_next_latent,False,r16_d8,786,3.239161378587596e-05,0.0001485866087023,0.7820017963343497,3.417601328692399e-05,181,1,1,same_source_cyclic_next_latent,False,ljonly_r16_d8,8,1.3014469004701823e-06
validation,lj_noisy,75,199,4.644795990316197e-05,0.0001919504866236,0.758021140137962,4.824347706744448e-05,181,1,1,same_source_cyclic_next_latent,False,r16_d8,786,4.1839874029392377e-05,0.0001919504866236,0.7820277782810771,4.5798413339070976e-05,181,1,1,same_source_cyclic_next_latent,False,ljonly_r16_d8,8,4.608085873769596e-06
validation,lj_noisy,181,0,2.1388082416251566e-07,0.0,,2.78006041298795e-07,31,1,1,same_source_cyclic_next_latent,False,r16_d8,786,4.550585970264365e-07,0.0,,8.225723036048294e-07,31,1,1,same_source_cyclic_next_latent,False,ljonly_r16_d8,8,-2.4117777286392084e-07
validation,lj_noisy,181,5,1.2082796274626162e-07,8.917994165358324e-08,-0.3548782439846638,1.704455030449026e-07,31,1,1,same_source_cyclic_next_latent,False,r16_d8,786,3.310222211894143e-07,8.917994165358324e-08,-2.711846128754603,6.818532938268618e-07,31,1,1,same_source_cyclic_next_latent,False,ljonly_r16_d8,8,-2.101942584431527e-07
validation,lj_noisy,181,10,7.562495341062458e-08,3.5931097386310284e-07,0.7895278493791908,1.137983360877115e-07,31,1,1,same_source_cyclic_next_latent,False,r16_d8,786,2.4796753450573306e-07,3.5931097386310284e-07,0.309880430759656,6.020161436026683e-07,31,1,1,same_source_cyclic_next_latent,False,ljonly_r16_d8,8,-1.7234258109510847e-07
validation,lj_noisy,181,25,2.4020482669584453e-07,2.322475211258279e-06,0.8965737823459027,2.2443951763762018e-07,31,1,1,same_source_cyclic_next_latent,False,r16_d8,786,2.975196196075558e-07,2.322475211258279e-06,0.8718954595660185,6.919617590028793e-07,31,1,1,same_source_cyclic_next_latent,False,ljonly_r16_d8,8,-5.7314792911711265e-08
validation,lj_noisy,181,50,1.2403003211147734e-06,9.647412298363632e-06,0.8714369944233492,1.1860701079058344e-06,31,1,1,same_source_cyclic_next_latent,False,r16_d8,786,1.349832928099204e-06,9.647412298363632e-06,0.8600834206776714,1.951489366547321e-06,31,1,1,same_source_cyclic_next_latent,False,ljonly_r16_d8,8,-1.0953260698443067e-07
validation,lj_noisy,181,75,3.1623940230929293e-06,2.220537317043636e-05,0.8575842883242667,3.293612735433271e-06,31,1,1,same_source_cyclic_next_latent,False,r16_d8,786,3.6479884784057504e-06,2.220537317043636e-05,0.8357159571061573,4.459654974198202e-06,31,1,1,same_source_cyclic_next_latent,False,ljonly_r16_d8,8,-4.855944553128211e-07
validation,lj_noisy,181,100,6.477242095570546e-06,4.0102699131239206e-05,0.8384836373638276,6.786124231439317e-06,31,1,1,same_source_cyclic_next_latent,False,r16_d8,786,6.877342457300983e-06,4.0102699131239206e-05,0.8285067437781596,7.731630830676295e-06,31,1,1,same_source_cyclic_next_latent,False,ljonly_r16_d8,8,-4.001003617304377e-07
validation,lj_noisy,181,125,1.1194681974302512e-05,6.356189987855032e-05,0.82387748013051,1.1612456546572504e-05,31,1,1,same_source_cyclic_next_latent,False,r16_d8,786,1.1149263627885375e-05,6.356189987855032e-05,0.8245920331332353,1.2145856089773588e-05,31,1,1,same_source_cyclic_next_latent,False,ljonly_r16_d8,8,4.541834641713649e-08
validation,lj_noisy,181,149,1.6922202121349983e-05,9.170166595140472e-05,0.815464616201002,1.7745587683748454e-05,31,1,1,same_source_cyclic_next_latent,False,r16_d8,786,1.655421147006564e-05,9.170166595140472e-05,0.8194775274983752,1.766704735928215e-05,31,1,1,same_source_cyclic_next_latent,False,ljonly_r16_d8,8,3.679906512843445e-07
validation,lj_noisy,181,175,2.457726986904163e-05,0.0001289811043534,0.809450616877234,2.9536266083596278e-05,31,1,1,same_source_cyclic_next_latent,False,r16_d8,786,2.341277286177501e-05,0.0001289811043534,0.8184790479261386,2.4567392756580372e-05,31,1,1,same_source_cyclic_next_latent,False,ljonly_r16_d8,8,1.1644970072666183e-06
validation,lj_noisy,181,199,3.349048347445205e-05,0.0001695594837656,0.8024853418358795,6.294937338680029e-05,31,1,1,same_source_cyclic_next_latent,False,r16_d8,786,3.0490586141240783e-05,0.0001695594837656,0.8201776422993434,3.166816895827651e-05,31,1,1,same_source_cyclic_next_latent,False,ljonly_r16_d8,8,2.9998973332112655e-06
validation,lj_noisy,31,0,2.662528402197495e-07,0.0,,7.154758918659354e-08,142,1,1,same_source_cyclic_next_latent,False,r16_d8,786,7.5436418001118e-07,0.0,,3.84832304689553e-07,142,1,1,same_source_cyclic_next_latent,False,ljonly_r16_d8,8,-4.881113397914305e-07
validation,lj_noisy,31,5,1.4580635365746278e-07,1.0181967979860929e-07,-0.4320056195998198,4.8778723282794096e-08,142,1,1,same_source_cyclic_next_latent,False,r16_d8,786,5.880240223632427e-07,1.0181967979860929e-07,-4.775150968126245,2.2212654471331922e-07,142,1,1,same_source_cyclic_next_latent,False,ljonly_r16_d8,8,-4.4221766870577994e-07
validation,lj_noisy,31,10,8.134213658195223e-08,4.309611654207402e-07,0.8112541381715003,1.0946244088927417e-07,142,1,1,same_source_cyclic_next_latent,False,r16_d8,786,4.668920041694946e-07,4.309611654207402e-07,-0.0833737274533212,1.1733489913012819e-07,142,1,1,same_source_cyclic_next_latent,False,ljonly_r16_d8,8,-3.855498675875424e-07
validation,lj_noisy,31,25,2.2134204868962118e-07,2.8248798571439693e-06,0.9216455000272458,6.892736337249517e-07,142,1,1,same_source_cyclic_next_latent,False,r16_d8,786,4.167092413354112e-07,2.8248798571439693e-06,0.8524860304123816,2.155235137024647e-07,142,1,1,same_source_cyclic_next_latent,False,ljonly_r16_d8,8,-1.9536719264579003e-07
validation,lj_noisy,31,50,1.0110042012456688e-06,1.1657663890218828e-05,0.91327557469778,2.035764964603004e-06,142,1,1,same_source_cyclic_next_latent,False,r16_d8,786,1.0896399089688202e-06,1.1657663890218828e-05,0.9065301659723554,1.2405295137796202e-06,142,1,1,same_source_cyclic_next_latent,False,ljonly_r16_d8,8,-7.863570772315143e-08
validation,lj_noisy,31,75,2.300693040524493e-06,2.6905094273388382e-05,0.9144885716754358,3.3421188163629267e-06,142,1,1,same_source_cyclic_next_latent,False,r16_d8,786,2.57987107943336e-06,2.6905094273388382e-05,0.904112170980754,3.053051159440656e-06,142,1,1,same_source_cyclic_next_latent,False,ljonly_r16_d8,8,-2.7917803890886717e-07
validation,lj_noisy,31,100,4.509558493737131e-06,4.89304875372909e-05,0.9078374502134215,5.516265900951112e-06,142,1,1,same_source_cyclic_next_latent,False,r16_d8,786,4.872449153481284e-06,4.89304875372909e-05,0.9004209972408738,5.978052286081947e-06,142,1,1,same_source_cyclic_next_latent,False,ljonly_r16_d8,8,-3.628906597441528e-07
validation,lj_noisy,31,125,8.455737770418637e-06,7.90988706285134e-05,0.893099133992306,1.0068480150948744e-05,142,1,1,same_source_cyclic_next_latent,False,r16_d8,786,8.716539923625533e-06,7.90988706285134e-05,0.8898019674065559,1.1057114534196444e-05,142,1,1,same_source_cyclic_next_latent,False,ljonly_r16_d8,8,-2.6080215320689604e-07
validation,lj_noisy,31,149,1.5483272363780998e-05,0.0001173974960693,0.8681124139595013,1.9057739336858504e-05,142,1,1,same_source_cyclic_next_latent,False,r16_d8,786,1.567535218782723e-05,0.0001173974960693,0.8664762647188665,1.984936898224987e-05,142,1,1,same_source_cyclic_next_latent,False,ljonly_r16_d8,8,-1.920798240462318e-07
validation,lj_noisy,31,175,2.9945549613330517e-05,0.0001739394210744,0.8278392015544851,3.878270945278928e-05,142,1,1,same_source_cyclic_next_latent,False,r16_d8,786,3.076840948779136e-05,0.0001739394210744,0.8231084747912369,3.759548781090416e-05,142,1,1,same_source_cyclic_next_latent,False,ljonly_r16_d8,8,-8.228598744608428e-07
validation,lj_noisy,31,199,6.15805693087168e-05,0.0002400137454969,0.7434289891139112,6.734053749823943e-05,142,1,1,same_source_cyclic_next_latent,False,r16_d8,786,5.272836278891191e-05,0.0002400137454969,0.780311070602516,6.233472959138453e-05,142,1,1,same_source_cyclic_next_latent,False,ljonly_r16_d8,8,8.852206519804895e-06
validation,lj_noisy,142,0,7.573490989898346e-08,0.0,,1.886377134496797e-07,157,1,1,same_source_cyclic_next_latent,False,r16_d8,786,5.492827312991722e-07,0.0,,8.66339519234316e-07,157,1,1,same_source_cyclic_next_latent,False,ljonly_r16_d8,8,-4.735478214001887e-07
validation,lj_noisy,142,5,4.7691411708683524e-08,9.436170955723357e-08,0.4945893632866298,1.1615082229354813e-07,157,1,1,same_source_cyclic_next_latent,False,r16_d8,786,3.804692596531823e-07,9.436170955723357e-08,-3.0320301681522084,7.224552405205031e-07,157,1,1,same_source_cyclic_next_latent,False,ljonly_r16_d8,8,-3.3277784794449877e-07
validation,lj_noisy,142,10,7.588766948174452e-08,3.835527593309962e-07,0.8021454216256716,8.367796056063527e-08,157,1,1,same_source_cyclic_next_latent,False,r16_d8,786,2.658585742665309e-07,3.835527593309962e-07,0.3068526615992826,6.302554993453668e-07,157,1,1,same_source_cyclic_next_latent,False,ljonly_r16_d8,8,-1.899709047847864e-07
validation,lj_noisy,142,25,4.507302548972803e-07,2.477869657013798e-06,0.8180976736926198,2.490893109552417e-07,157,1,1,same_source_cyclic_next_latent,False,r16_d8,786,3.116512061751564e-07,2.477869657013798e-06,0.8742261501556371,7.333842404477764e-07,157,1,1,same_source_cyclic_next_latent,False,ljonly_r16_d8,8,1.390790487221239e-07
validation,lj_noisy,142,50,1.6253802641585937e-06,1.0261092029395512e-05,0.8415977305824489,1.4790487057325663e-06,157,1,1,same_source_cyclic_next_latent,False,r16_d8,786,1.508475975242618e-06,1.0261092029395512e-05,0.8529906981711883,2.220894884885638e-06,157,1,1,same_source_cyclic_next_latent,False,ljonly_r16_d8,8,1.169042889159757e-07
validation,lj_noisy,142,75,3.879620180669008e-06,2.352078990952577e-05,0.8350557019729263,4.612737029674463e-06,157,1,1,same_source_cyclic_next_latent,False,r16_d8,786,4.078875463164877e-06,2.352078990952577e-05,0.8265842482818591,5.52305164092104e-06,157,1,1,same_source_cyclic_next_latent,False,ljonly_r16_d8,8,-1.9925528249586932e-07
validation,lj_noisy,142,100,8.27179701445857e-06,4.234289735904895e-05,0.8046473545653381,9.882613085210323e-06,157,1,1,same_source_cyclic_next_latent,False,r16_d8,786,8.162835001712665e-06,4.234289735904895e-05,0.8072206790079702,1.0420504622743463e-05,157,1,1,same_source_cyclic_next_latent,False,ljonly_r16_d8,8,1.0896201274590567e-07
validation,lj_noisy,142,125,1.3771447811450344e-05,6.57610289636068e-05,0.7905834499780762,1.5828471077838913e-05,157,1,1,same_source_cyclic_next_latent,False,r16_d8,786,1.3117438356857749e-05,6.57610289636068e-05,0.8005286936109661,1.6325591786880977e-05,157,1,1,same_source_cyclic_next_latent,False,ljonly_r16_d8,8,6.54009454592595e-07
validation,lj_noisy,142,149,1.9657512893900275e-05,9.220665378961712e-05,0.786810256245154,2.1954878320684657e-05,157,1,1,same_source_cyclic_next_latent,False,r16_d8,786,1.8621163690113463e-05,9.220665378961712e-05,0.7980496751069576,2.331186806259211e-05,157,1,1,same_source_cyclic_next_latent,False,ljonly_r16_d8,8,1.0363492037868127e-06
validation,lj_noisy,142,175,2.724439764278941e-05,0.0001260444259969,0.7838508333288114,2.961015525215771e-05,157,1,1,same_source_cyclic_next_latent,False,r16_d8,786,2.570963988546282e-05,0.0001260444259969,0.7960271572335569,3.2040432415669784e-05,157,1,1,same_source_cyclic_next_latent,False,ljonly_r16_d8,8,1.534757757326588e-06
validation,lj_noisy,142,199,3.54501316905953e-05,0.000161461342941,0.7804419866398559,3.800857302849181e-05,157,1,1,same_source_cyclic_next_latent,False,r16_d8,786,3.293384361313656e-05,0.000161461342941,0.7960264481067572,4.030656418763101e-05,157,1,1,same_source_cyclic_next_latent,False,ljonly_r16_d8,8,2.5162880774587393e-06
validation,lj_noisy,157,0,1.826763735834902e-07,0.0,,1.0103520935444976e-06,12,1,1,same_source_cyclic_next_latent,False,r16_d8,786,8.082734552772308e-07,0.0,,8.959917749962187e-07,12,1,1,same_source_cyclic_next_latent,False,ljonly_r16_d8,8,-6.255970816937406e-07
validation,lj_noisy,157,5,1.131227520545508e-07,9.083687757538429e-08,-0.2453395038889549,8.547731908947753e-07,12,1,1,same_source_cyclic_next_latent,False,r16_d8,786,6.61648527966463e-07,9.083687757538429e-08,-6.283919765046635,8.224262728617759e-07,12,1,1,same_source_cyclic_next_latent,False,ljonly_r16_d8,8,-5.485257759119122e-07
validation,lj_noisy,157,10,8.551645436227774e-08,3.649991242582473e-07,0.7657077820773828,7.385127673842362e-07,12,1,1,same_source_cyclic_next_latent,False,r16_d8,786,5.648831802318455e-07,3.649991242582473e-07,-0.5476288645344105,7.578447025480273e-07,12,1,1,same_source_cyclic_next_latent,False,ljonly_r16_d8,8,-4.793667258695677e-07
validation,lj_noisy,157,25,2.527129936424899e-07,2.373865527260932e-06,0.8935436777103036,8.300680747197475e-07,12,1,1,same_source_cyclic_next_latent,False,r16_d8,786,6.11935433880717e-07,2.373865527260932e-06,0.7422198406550878,9.442894111089116e-07,12,1,1,same_source_cyclic_next_latent,False,ljonly_r16_d8,8,-3.5922244023822714e-07
validation,lj_noisy,157,50,1.2192471103844582e-06,9.819269507715944e-06,0.875831179760737,2.715393748076167e-06,12,1,1,same_source_cyclic_next_latent,False,r16_d8,786,1.6948545180639485e-06,9.819269507715944e-06,0.8273950504431986,2.962063490485889e-06,12,1,1,same_source_cyclic_next_latent,False,ljonly_r16_d8,8,-4.756074076794903e-07
validation,lj_noisy,157,75,3.382735485502053e-06,2.281349952681921e-05,0.8517222015182125,7.299437584151747e-06,12,1,1,same_source_cyclic_next_latent,False,r16_d8,786,3.891643700626446e-06,2.281349952681921e-05,0.8294148735904596,7.041006938379724e-06,12,1,1,same_source_cyclic_next_latent,False,ljonly_r16_d8,8,-5.089082151243929e-07
validation,lj_noisy,157,100,7.051106877042912e-06,4.15882641391363e-05,0.830454407679701,1.2551132385851815e-05,12,1,1,same_source_cyclic_next_latent,False,r16_d8,786,7.1228437263926025e-06,4.15882641391363e-05,0.8287294775621638,1.2202762263768818e-05,12,1,1,same_source_cyclic_next_latent,False,ljonly_r16_d8,8,-7.17368493496906e-08
validation,lj_noisy,157,125,1.1790491953433955e-05,6.644261884503067e-05,0.8225462488025367,1.787925066309981e-05,12,1,1,same_source_cyclic_next_latent,False,r16_d8,786,1.1482813533802982e-05,6.644261884503067e-05,0.8271769877014443,1.955142761289608e-05,12,1,1,same_source_cyclic_next_latent,False,ljonly_r16_d8,8,3.0767841963097284e-07
validation,lj_noisy,157,149,1.7650143490755e-05,9.61377882049419e-05,0.8164078473167151,2.4054652385530065e-05,12,1,1,same_source_cyclic_next_latent,False,r16_d8,786,1.7242602552869357e-05,9.61377882049419e-05,0.8206469810173663,2.917093297583051e-05,12,1,1,same_source_cyclic_next_latent,False,ljonly_r16_d8,8,4.0754093788564205e-07
validation,lj_noisy,157,175,2.5512494175927717e-05,0.0001335744454991,0.8090016838131046,3.1953280995367095e-05,12,1,1,same_source_cyclic_next_latent,False,r16_d8,786,2.4345847123186104e-05,0.0001335744454991,0.8177357425500312,3.848535561701283e-05,12,1,1,same_source_cyclic_next_latent,False,ljonly_r16_d8,8,1.166647052741613e-06
validation,lj_noisy,157,199,3.525929059833288e-05,0.0001735624682623,0.7968495668946792,4.131780224270187e-05,12,1,1,same_source_cyclic_next_latent,False,r16_d8,786,3.1968367693480104e-05,0.0001735624682623,0.8158105953808471,4.528337376541458e-05,12,1,1,same_source_cyclic_next_latent,False,ljonly_r16_d8,8,3.2909229048527777e-06
validation,lj_noisy,12,0,5.563553600040905e-07,0.0,,1.4498736788937094e-07,152,1,1,same_source_cyclic_next_latent,False,r16_d8,786,3.869973568271234e-07,0.0,,2.5385259050381137e-07,152,1,1,same_source_cyclic_next_latent,False,ljonly_r16_d8,8,1.6935800317696708e-07
validation,lj_noisy,12,5,3.581094460969325e-07,1.0223686786048348e-07,-2.502742734505746,5.745017617186932e-08,152,1,1,same_source_cyclic_next_latent,False,r16_d8,786,2.688863673938613e-07,1.0223686786048348e-07,-1.630033304236143,1.257977260138432e-07,152,1,1,same_source_cyclic_next_latent,False,ljonly_r16_d8,8,8.922307870307122e-08
validation,lj_noisy,12,10,2.331718036430175e-07,4.424935866609303e-07,0.4730504335609951,6.920314632452573e-08,152,1,1,same_source_cyclic_next_latent,False,r16_d8,786,2.048325740133805e-07,4.424935866609303e-07,0.5370948185734099,9.158463853964349e-08,152,1,1,same_source_cyclic_next_latent,False,ljonly_r16_d8,8,2.8339229629637e-08
validation,lj_noisy,12,25,5.9742893654402e-07,3.1844713248574408e-06,0.8123930550479159,8.461102538603882e-07,152,1,1,same_source_cyclic_next_latent,False,r16_d8,786,6.536941441481758e-07,3.1844713248574408e-06,0.7947244369746556,7.254321303662437e-07,152,1,1,same_source_cyclic_next_latent,False,ljonly_r16_d8,8,-5.6265207604155876e-08
validation,lj_noisy,12,50,3.4041520393657265e-06,1.4166832443152089e-05,0.759709726713736,4.2872266021731775e-06,152,1,1,same_source_cyclic_next_latent,False,r16_d8,786,3.4710637919488363e-06,1.4166832443152089e-05,0.7549865994478768,4.011999408248812e-06,152,1,1,same_source_cyclic_next_latent,False,ljonly_r16_d8,8,-6.691175258310977e-08
validation,lj_noisy,12,75,8.631050150142983e-06,3.3046842872863635e-05,0.7388237604618395,9.735269486554898e-06,152,1,1,same_source_cyclic_next_latent,False,r16_d8,786,8.686383807798848e-06,3.3046842872863635e-05,0.7371493597371246,9.669754945207387e-06,152,1,1,same_source_cyclic_next_latent,False,ljonly_r16_d8,8,-5.5333657655864954e-08
validation,lj_noisy,12,100,1.4580654351448176e-05,5.7156557886628434e-05,0.7448997124639785,1.5657758922316134e-05,152,1,1,same_source_cyclic_next_latent,False,r16_d8,786,1.4407483831746504e-05,5.7156557886628434e-05,0.7479294701349207,1.5979048839653842e-05,152,1,1,same_source_cyclic_next_latent,False,ljonly_r16_d8,8,1.7317051970167255e-07
validation,lj_noisy,12,125,2.2345138859236613e-05,8.803003584034741e-05,0.7461646056834272,2.4007864340092052e-05,152,1,1,same_source_cyclic_next_latent,False,r16_d8,786,2.1608260794891976e-05,8.803003584034741e-05,0.7545353629745075,2.4217322788899764e-05,152,1,1,same_source_cyclic_next_latent,False,ljonly_r16_d8,8,7.368780643446371e-07
validation,lj_noisy,12,149,3.177739927195944e-05,0.0001241997088072,0.7441427232227436,3.491053939796984e-05,152,1,1,same_source_cyclic_next_latent,False,r16_d8,786,3.0363489713636227e-05,0.0001241997088072,0.7555268848435823,3.404914241400547e-05,152,1,1,same_source_cyclic_next_latent,False,ljonly_r16_d8,8,1.413909558323212e-06
validation,lj_noisy,12,175,4.241283386363648e-05,0.0001689234195509,0.7489227131656934,4.824473217013292e-05,152,1,1,same_source_cyclic_next_latent,False,r16_d8,786,4.041195279569365e-05,0.0001689234195509,0.760767613495448,4.546017225948162e-05,152,1,1,same_source_cyclic_next_latent,False,ljonly_r16_d8,8,2.000881067942828e-06
validation,lj_noisy,12,199,5.159074135008268e-05,0.000215836931602,0.7609735230799528,6.123277853475884e-05,152,1,1,same_source_cyclic_next_latent,False,r16_d8,786,4.991697642253712e-05,0.000215836931602,0.7687282892134485,5.662711919285357e-05,152,1,1,same_source_cyclic_next_latent,False,ljonly_r16_d8,8,1.6737649275455624e-06
validation,lj_noisy,152,0,2.1159551977234517e-07,0.0,,2.67069793835617e-07,29,1,1,same_source_cyclic_next_latent,False,r16_d8,786,4.971828957422986e-07,0.0,,5.37008475021139e-07,29,1,1,same_source_cyclic_next_latent,False,ljonly_r16_d8,8,-2.8558737596995343e-07
validation,lj_noisy,152,5,1.0920609128106663e-07,9.695842351220565e-08,-0.1263187593733843,1.304058230289229e-07,29,1,1,same_source_cyclic_next_latent,False,r16_d8,786,3.3846220048872055e-07,9.695842351220565e-08,-2.4907972740100623,3.365883287642646e-07,29,1,1,same_source_cyclic_next_latent,False,ljonly_r16_d8,8,-2.2925610920765394e-07
validation,lj_noisy,152,10,6.19509208377167e-08,4.1400659256396477e-07,0.8503624774329042,6.455366730051537e-08,29,1,1,same_source_cyclic_next_latent,False,r16_d8,786,2.2232127605548163e-07,4.1400659256396477e-07,0.4630006380366211,1.9715922405794123e-07,29,1,1,same_source_cyclic_next_latent,False,ljonly_r16_d8,8,-1.6037035521776493e-07
validation,lj_noisy,152,25,2.588657537216932e-07,2.7664339086186374e-06,0.9064261926101996,3.491829261292878e-07,29,1,1,same_source_cyclic_next_latent,False,r16_d8,786,2.414183484233945e-07,2.7664339086186374e-06,0.9127330142710904,2.216537353660897e-07,29,1,1,same_source_cyclic_next_latent,False,ljonly_r16_d8,8,1.744740529829869e-08
validation,lj_noisy,152,50,1.228367978001188e-06,1.1517513485159723e-05,0.8933478150831831,1.8330667899135733e-06,29,1,1,same_source_cyclic_next_latent,False,r16_d8,786,1.122915364248911e-06,1.1517513485159723e-05,0.902503664033406,1.1779619626395288e-06,29,1,1,same_source_cyclic_next_latent,False,ljonly_r16_d8,8,1.054526137522771e-07
validation,lj_noisy,152,75,2.9566353987320326e-06,2.6382193027529866e-05,0.8879306433833314,3.892836957675172e-06,29,1,1,same_source_cyclic_next_latent,False,r16_d8,786,2.9079901651130058e-06,2.6382193027529866e-05,0.8897745095686885,2.9356751838349737e-06,29,1,1,same_source_cyclic_next_latent,False,ljonly_r16_d8,8,4.864523361902684e-08
validation,lj_noisy,152,100,5.618717295874376e-06,4.726915722130798e-05,0.8811335419083467,6.617500275751809e-06,29,1,1,same_source_cyclic_next_latent,False,r16_d8,786,5.4662482398271095e-06,4.726915722130798e-05,0.8843590924577975,5.519841579371132e-06,29,1,1,same_source_cyclic_next_latent,False,ljonly_r16_d8,8,1.5246905604726635e-07
validation,lj_noisy,152,125,8.776903996476904e-06,7.386328070424497e-05,0.8811736506584321,1.0371270946052393e-05,29,1,1,same_source_cyclic_next_latent,False,r16_d8,786,8.5474930529017e-06,7.386328070424497e-05,0.8842795368496208,8.79788876773091e-06,29,1,1,same_source_cyclic_next_latent,False,ljonly_r16_d8,8,2.2941094357520342e-07
validation,lj_noisy,152,149,1.264350430574268e-05,0.0001050939827109,0.8796933565595751,1.571678149048239e-05,29,1,1,same_source_cyclic_next_latent,False,r16_d8,786,1.2231502296344844e-05,0.0001050939827109,0.8836136762464876,1.2787886589649132e-05,29,1,1,same_source_cyclic_next_latent,False,ljonly_r16_d8,8,4.120020093978349e-07
validation,lj_noisy,152,175,1.8442746295477264e-05,0.0001450929412385,0.8728901203735622,2.401652272965293e-05,29,1,1,same_source_cyclic_next_latent,False,r16_d8,786,1.717406303214375e-05,0.0001450929412385,0.8816340554851103,1.815854739106726e-05,29,1,1,same_source_cyclic_next_latent,False,ljonly_r16_d8,8,1.2686832633335143e-06
validation,lj_noisy,152,199,2.581762964837253e-05,0.0001877725881058,0.8625058646269725,3.449604264460504e-05,29,1,1,same_source_cyclic_next_latent,False,r16_d8,786,2.290180964337196e-05,0.0001877725881058,0.878034329321492,2.4513858079444617e-05,29,1,1,same_source_cyclic_next_latent,False,ljonly_r16_d8,8,2.9158200050005723e-06
validation,lj_noisy,29,0,2.618142502797127e-07,0.0,,6.96783217790653e-07,95,1,1,same_source_cyclic_next_latent,False,r16_d8,786,5.495588197845791e-07,0.0,,9.372577096655732e-07,95,1,1,same_source_cyclic_next_latent,False,ljonly_r16_d8,8,-2.877445695048664e-07
validation,lj_noisy,29,5,1.3424389067040465e-07,9.255531097096537e-08,-0.4504180177463508,5.495849109138362e-07,95,1,1,same_source_cyclic_next_latent,False,r16_d8,786,3.630494234130311e-07,9.255531097096537e-08,-2.922513139488233,8.445142043456144e-07,95,1,1,same_source_cyclic_next_latent,False,ljonly_r16_d8,8,-2.2880553274262644e-07
validation,lj_noisy,29,10,6.641361238735044e-08,3.9399358797709283e-07,0.8314347887529281,4.172389083123562e-07,95,1,1,same_source_cyclic_next_latent,False,r16_d8,786,2.308390776306624e-07,3.9399358797709283e-07,0.4141044812026647,7.555759111710358e-07,95,1,1,same_source_cyclic_next_latent,False,ljonly_r16_d8,8,-1.6442546524331197e-07
validation,lj_noisy,29,25,2.754503327651037e-07,2.62467051470594e-06,0.8950533671857992,3.150950078634196e-07,95,1,1,same_source_cyclic_next_latent,False,r16_d8,786,2.330570367803375e-07,2.62467051470594e-06,0.9112052215794224,7.861279982535052e-07,95,1,1,same_source_cyclic_next_latent,False,ljonly_r16_d8,8,4.239329598476621e-08
validation,lj_noisy,29,50,1.3993710581416965e-06,1.0715701137087308e-05,0.8694092864069867,9.842043482422014e-07,95,1,1,same_source_cyclic_next_latent,False,r16_d8,786,1.0442722668813076e-06,1.0715701137087308e-05,0.9025474625018184,1.9805058855126845e-06,95,1,1,same_source_cyclic_next_latent,False,ljonly_r16_d8,8,3.550987912603889e-07
validation,lj_noisy,29,75,3.083480578425224e-06,2.4163142370525748e-05,0.8723890903284806,2.755697551037884e-06,95,1,1,same_source_cyclic_next_latent,False,r16_d8,786,2.8112112886447e-06,2.4163142370525748e-05,0.883657049007259,4.817619355890201e-06,95,1,1,same_source_cyclic_next_latent,False,ljonly_r16_d8,8,2.7226928978052414e-07
validation,lj_noisy,29,100,5.826343567605363e-06,4.288870331947692e-05,0.8641520233380555,5.9229546423011925e-06,95,1,1,same_source_cyclic_next_latent,False,r16_d8,786,5.7508264035277534e-06,4.288870331947692e-05,0.865912793849467,8.998055818665307e-06,95,1,1,same_source_cyclic_next_latent,False,ljonly_r16_d8,8,7.551716407760978e-08
validation,lj_noisy,29,125,9.968436643248424e-06,6.650677823927253e-05,0.8501139747382618,1.0345250302634668e-05,95,1,1,same_source_cyclic_next_latent,False,r16_d8,786,9.698325811768882e-06,6.650677823927253e-05,0.8541753777806368,1.5001539395598227e-05,95,1,1,same_source_cyclic_next_latent,False,ljonly_r16_d8,8,2.7011083147954196e-07
validation,lj_noisy,29,149,1.543851976748556e-05,9.352853521704674e-05,0.8349325183842748,1.569829873915296e-05,95,1,1,same_source_cyclic_next_latent,False,r16_d8,786,1.4414035831578076e-05,9.352853521704674e-05,0.845886222871681,2.3485210476792417e-05,95,1,1,same_source_cyclic_next_latent,False,ljonly_r16_d8,8,1.024483935907483e-06
validation,lj_noisy,29,175,2.3474625777453184e-05,0.0001277870032936,0.816298800563369,2.334567398065701e-05,95,1,1,same_source_cyclic_next_latent,False,r16_d8,786,2.0763120119227096e-05,0.0001277870032936,0.8375177476263618,3.474331970210187e-05,95,1,1,same_source_cyclic_next_latent,False,ljonly_r16_d8,8,2.7115056582260877e-06
validation,lj_noisy,29,199,3.317812297609635e-05,0.0001640301925363,0.7977316098757025,3.297140574431978e-05,95,1,1,same_source_cyclic_next_latent,False,r16_d8,786,2.7791864340542816e-05,0.0001640301925363,0.8305686050182979,4.5925178710604087e-05,95,1,1,same_source_cyclic_next_latent,False,ljonly_r16_d8,8,5.386258635553531e-06
validation,lj_noisy,95,0,4.781773554896063e-07,0.0,,1.0305107878139097e-07,183,1,1,same_source_cyclic_next_latent,False,r16_d8,786,5.736685579904588e-07,0.0,,2.110035808300381e-07,183,1,1,same_source_cyclic_next_latent,False,ljonly_r16_d8,8,-9.549120250085252e-08
validation,lj_noisy,95,5,3.1995332960832457e-07,9.315184712477277e-08,-2.4347502436506847,4.2606451700066834e-08,183,1,1,same_source_cyclic_next_latent,False,r16_d8,786,4.540775364603178e-07,9.315184712477277e-08,-3.874595088298154,1.0478680678716047e-07,183,1,1,same_source_cyclic_next_latent,False,ljonly_r16_d8,8,-1.3412420685199322e-07
validation,lj_noisy,95,10,1.957466793101048e-07,4.062233927015768e-07,0.5181304601679947,5.7638960271333424e-08,183,1,1,same_source_cyclic_next_latent,False,r16_d8,786,3.536153769800876e-07,4.062233927015768e-07,0.1295051360080992,6.212481906686662e-08,183,1,1,same_source_cyclic_next_latent,False,ljonly_r16_d8,8,-1.578686976699828e-07
validation,lj_noisy,95,25,2.848098006325017e-07,2.82183304989303e-06,0.8990692235873776,6.530195832965546e-07,183,1,1,same_source_cyclic_next_latent,False,r16_d8,786,4.203791377221933e-07,2.82183304989303e-06,0.8510262193795877,4.3599143850769916e-07,183,1,1,same_source_cyclic_next_latent,False,ljonly_r16_d8,8,-1.355693370896916e-07
validation,lj_noisy,95,50,2.029305960604688e-06,1.2093249097233638e-05,0.8321951409180104,3.116480684184353e-06,183,1,1,same_source_cyclic_next_latent,False,r16_d8,786,1.947003738678177e-06,1.2093249097233638e-05,0.8390007744797419,2.4658929760335013e-06,183,1,1,same_source_cyclic_next_latent,False,ljonly_r16_d8,8,8.230222192651127e-08
validation,lj_noisy,95,75,5.680868525814731e-06,2.818343091348652e-05,0.7984323291492419,7.167843250499573e-06,183,1,1,same_source_cyclic_next_latent,False,r16_d8,786,5.5010705182212405e-06,2.818343091348652e-05,0.8048118933742437,6.313894573395373e-06,183,1,1,same_source_cyclic_next_latent,False,ljonly_r16_d8,8,1.7979800759349018e-07
validation,lj_noisy,95,100,1.1710491889971308e-05,5.138449341757223e-05,0.7721006647899227,1.3641250006912742e-05,183,1,1,same_source_cyclic_next_latent,False,r16_d8,786,1.1596365766308736e-05,5.138449341757223e-05,0.7743216874384313,1.2861065442848483e-05,183,1,1,same_source_cyclic_next_latent,False,ljonly_r16_d8,8,1.1412612366257235e-07
validation,lj_noisy,95,125,1.979717490030453e-05,8.035653445404023e-05,0.7536332914950745,2.250079342047684e-05,183,1,1,same_source_cyclic_next_latent,False,r16_d8,786,2.00561189558357e-05,8.035653445404023e-05,0.7504108521839408,2.1887681214138865e-05,183,1,1,same_source_cyclic_next_latent,False,ljonly_r16_d8,8,-2.5894405553117056e-07
validation,lj_noisy,95,149,3.1413266697200015e-05,0.0001155957506853,0.728248949369118,3.5910932638216764e-05,183,1,1,same_source_cyclic_next_latent,False,r16_d8,786,3.275510607636534e-05,0.0001155957506853,0.7166409155857811,3.495154669508338e-05,183,1,1,same_source_cyclic_next_latent,False,ljonly_r16_d8,8,-1.3418393791653216e-06
validation,lj_noisy,95,175,4.917410115012899e-05,0.0001621420669835,0.696722127298826,5.748260082327761e-05,183,1,1,same_source_cyclic_next_latent,False,r16_d8,786,5.3286730690160766e-05,0.0001621420669835,0.6713577686438316,5.532175418920815e-05,183,1,1,same_source_cyclic_next_latent,False,ljonly_r16_d8,8,-4.112629540031776e-06
validation,lj_noisy,95,199,7.064579403959215e-05,0.0002128292690031,0.668063540459017,8.412419992964715e-05,183,1,1,same_source_cyclic_next_latent,False,r16_d8,786,7.822507905075327e-05,0.0002128292690031,0.6324514977796338,8.04271039669402e-05,183,1,1,same_source_cyclic_next_latent,False,ljonly_r16_d8,8,-7.579285011161119e-06
validation,lj_noisy,183,0,1.6619979703591525e-07,0.0,,4.72993065159244e-07,147,1,1,same_source_cyclic_next_latent,False,r16_d8,786,4.308625420890167e-07,0.0,,8.992234370452934e-07,147,1,1,same_source_cyclic_next_latent,False,ljonly_r16_d8,8,-2.6466274505310144e-07
validation,lj_noisy,183,5,8.84302551185101e-08,9.035466774776069e-08,0.0212984306978238,3.730630737663887e-07,147,1,1,same_source_cyclic_next_latent,False,r16_d8,786,2.9962791359139374e-07,9.035466774776069e-08,-2.3161309875860794,8.261145012511406e-07,147,1,1,same_source_cyclic_next_latent,False,ljonly_r16_d8,8,-2.1119765847288363e-07
validation,lj_noisy,183,10,5.601885177952681e-08,3.734352276296704e-07,0.8499904464420808,3.116689129001316e-07,147,1,1,same_source_cyclic_next_latent,False,r16_d8,786,2.0824481339332126e-07,3.734352276296704e-07,0.4423535917724553,7.918808364593133e-07,147,1,1,same_source_cyclic_next_latent,False,ljonly_r16_d8,8,-1.5222596161379445e-07
validation,lj_noisy,183,25,2.433411623314896e-07,2.431817392789526e-06,0.89993444283563,4.365810184481234e-07,147,1,1,same_source_cyclic_next_latent,False,r16_d8,786,2.445583504595561e-07,2.431817392789526e-06,0.8994339167140242,1.130539430960198e-06,147,1,1,same_source_cyclic_next_latent,False,ljonly_r16_d8,8,-1.217188128066482e-09
validation,lj_noisy,183,50,1.2379083500491106e-06,1.020561103359796e-05,0.8787031618220815,1.9139486084895907e-06,147,1,1,same_source_cyclic_next_latent,False,r16_d8,786,1.1744389212253736e-06,1.020561103359796e-05,0.8849222337242724,3.4327326829952653e-06,147,1,1,same_source_cyclic_next_latent,False,ljonly_r16_d8,8,6.346942882373696e-08
validation,lj_noisy,183,75,3.343677690281765e-06,2.3695167328696695e-05,0.8588877789340483,5.529017016669968e-06,147,1,1,same_source_cyclic_next_latent,False,r16_d8,786,3.380645011930028e-06,2.3695167328696695e-05,0.8573276582083553,7.588038442918332e-06,147,1,1,same_source_cyclic_next_latent,False,ljonly_r16_d8,8,-3.6967321648262865e-08
validation,lj_noisy,183,100,7.188221843534848e-06,4.307867129682563e-05,0.8331373362468464,1.0518613635213114e-05,147,1,1,same_source_cyclic_next_latent,False,r16_d8,786,7.080158411554294e-06,4.307867129682563e-05,0.835645849827406,1.27720695672906e-05,147,1,1,same_source_cyclic_next_latent,False,ljonly_r16_d8,8,1.0806343198055401e-07
validation,lj_noisy,183,125,1.1584746061998883e-05,6.872970698168501e-05,0.8314448501128344,1.4660246051789729e-05,147,1,1,same_source_cyclic_next_latent,False,r16_d8,786,1.116944167733891e-05,6.872970698168501e-05,0.8374874247562947,1.8124586858903054e-05,147,1,1,same_source_cyclic_next_latent,False,ljonly_r16_d8,8,4.1530438465997407e-07
validation,lj_noisy,183,149,1.6193249393836595e-05,9.890592627925798e-05,0.8362762475110397,1.8549224478192627e-05,147,1,1,same_source_cyclic_next_latent,False,r16_d8,786,1.5620171325281262e-05,9.890592627925798e-05,0.8420704207230397,2.381723970756866e-05,147,1,1,same_source_cyclic_next_latent,False,ljonly_r16_d8,8,5.730780685553327e-07
validation,lj_noisy,183,175,2.2375979824573733e-05,0.00013746204786,0.8372206716477951,2.3899181542219598e-05,147,1,1,same_source_cyclic_next_latent,False,r16_d8,786,2.130449502146803e-05,0.00013746204786,0.8450154398749989,3.059277150896378e-05,147,1,1,same_source_cyclic_next_latent,False,ljonly_r16_d8,8,1.0714848031057045e-06
validation,lj_noisy,183,199,3.052999818464741e-05,0.0001797954901121,0.8301959734051009,3.080163514823653e-05,147,1,1,same_source_cyclic_next_latent,False,r16_d8,786,2.822546048264485e-05,0.0001797954901121,0.8430135235036322,3.798974648816511e-05,147,1,1,same_source_cyclic_next_latent,False,ljonly_r16_d8,8,2.3045377020025626e-06
validation,lj_noisy,147,0,3.510571673359664e-07,0.0,,7.476655383698018e-08,43,1,1,same_source_cyclic_next_latent,False,r16_d8,786,5.921111210227537e-07,0.0,,3.764080531709624e-07,43,1,1,same_source_cyclic_next_latent,False,ljonly_r16_d8,8,-2.4105395368678723e-07
validation,lj_noisy,147,5,2.1725763588165137e-07,1.0630814983869641e-07,-1.0436592698800695,3.78266697964591e-08,43,1,1,same_source_cyclic_next_latent,False,r16_d8,786,4.5929741077088693e-07,1.0630814983869641e-07,-3.3204346183033806,2.2189536252881226e-07,43,1,1,same_source_cyclic_next_latent,False,ljonly_r16_d8,8,-2.4203977488923556e-07
validation,lj_noisy,147,10,1.5025180744032698e-07,4.434336347003409e-07,0.6611628084056759,8.95248533083759e-08,43,1,1,same_source_cyclic_next_latent,False,r16_d8,786,3.808770259183802e-07,4.434336347003409e-07,0.1410732156667243,1.4444590590301234e-07,43,1,1,same_source_cyclic_next_latent,False,ljonly_r16_d8,8,-2.306252184780532e-07
validation,lj_noisy,147,25,3.399014474325668e-07,2.912094714702107e-06,0.8832793982570251,6.705253099426045e-07,43,1,1,same_source_cyclic_next_latent,False,r16_d8,786,5.562159799410438e-07,2.912094714702107e-06,0.8089979775956766,3.487625974685216e-07,43,1,1,same_source_cyclic_next_latent,False,ljonly_r16_d8,8,-2.1631453250847699e-07
validation,lj_noisy,147,50,1.5601436871293115e-06,1.199792586703552e-05,0.869965550344345,2.1841717625648016e-06,43,1,1,same_source_cyclic_next_latent,False,r16_d8,786,2.0382187813083874e-06,1.199792586703552e-05,0.8301190719215541,1.6575548897890258e-06,43,1,1,same_source_cyclic_next_latent,False,ljonly_r16_d8,8,-4.780750941790759e-07
validation,lj_noisy,147,75,3.780874976655468e-06,2.723287980188616e-05,0.8611650694248794,4.07754305342678e-06,43,1,1,same_source_cyclic_next_latent,False,r16_d8,786,4.604297828336712e-06,2.723287980188616e-05,0.8309287206556165,3.992526217189152e-06,43,1,1,same_source_cyclic_next_latent,False,ljonly_r16_d8,8,-8.23422851681244e-07
validation,lj_noisy,147,100,7.009062755969353e-06,4.869244003202766e-05,0.8560543946584087,7.164787348301616e-06,43,1,1,same_source_cyclic_next_latent,False,r16_d8,786,7.993495273694862e-06,4.869244003202766e-05,0.8358370361305142,7.420650945277885e-06,43,1,1,same_source_cyclic_next_latent,False,ljonly_r16_d8,8,-9.844325177255087e-07
validation,lj_noisy,147,125,1.1334203009027988e-05,7.65042204875499e-05,0.8518486570179159,1.1840034858323634e-05,43,1,1,same_source_cyclic_next_latent,False,r16_d8,786,1.2585959666466806e-05,7.65042204875499e-05,0.8354867275784477,1.2017057997582016e-05,43,1,1,same_source_cyclic_next_latent,False,ljonly_r16_d8,8,-1.2517566574388184e-06
validation,lj_noisy,147,149,1.706461262074299e-05,0.0001096505948225,0.8443728221597725,1.820108991523739e-05,43,1,1,same_source_cyclic_next_latent,False,r16_d8,786,1.8432789147482254e-05,0.0001096505948225,0.8318952197450038,1.7715956346364692e-05,43,1,1,same_source_cyclic_next_latent,False,ljonly_r16_d8,8,-1.368176526739262e-06
validation,lj_noisy,147,175,2.613270044093952e-05,0.0001528372813481,0.8290161915311374,2.816666165017523e-05,43,1,1,same_source_cyclic_next_latent,False,r16_d8,786,2.728519211814273e-05,0.0001528372813481,0.8214755465586736,2.6315754439565356e-05,43,1,1,same_source_cyclic_next_latent,False,ljonly_r16_d8,8,-1.1524916772032123e-06
validation,lj_noisy,147,199,3.780575570999645e-05,0.0001997498766286,0.8107345228538789,4.087414345121943e-05,43,1,1,same_source_cyclic_next_latent,False,r16_d8,786,3.877865310641937e-05,0.0001997498766286,0.8058639446445531,3.78824734070804e-05,43,1,1,same_source_cyclic_next_latent,False,ljonly_r16_d8,8,-9.728973964229226e-07
validation,lj_noisy,43,0,7.512987565405639e-08,0.0,,2.582007425644406e-07,13,1,1,same_source_cyclic_next_latent,False,r16_d8,786,5.634511239804851e-07,0.0,,8.334572498824855e-07,13,1,1,same_source_cyclic_next_latent,False,ljonly_r16_d8,8,-4.883212483264288e-07
validation,lj_noisy,43,5,3.4740804011335065e-08,9.6270760252537e-08,0.6391344171355545,1.586586080293273e-07,13,1,1,same_source_cyclic_next_latent,False,r16_d8,786,3.983722081102314e-07,9.6270760252537e-08,-3.138039494704554,6.474661518041103e-07,13,1,1,same_source_cyclic_next_latent,False,ljonly_r16_d8,8,-3.6363140409889633e-07
validation,lj_noisy,43,10,5.371871836246101e-08,4.102923867321806e-07,0.8690721054068058,1.1220716089610505e-07,13,1,1,same_source_cyclic_next_latent,False,r16_d8,786,2.81379101352286e-07,4.102923867321806e-07,0.3141985802043242,5.096018185213325e-07,13,1,1,same_source_cyclic_next_latent,False,ljonly_r16_d8,8,-2.27660382989825e-07
validation,lj_noisy,43,25,4.231231400808611e-07,2.796049102471443e-06,0.8486710624263143,3.066506053528429e-07,13,1,1,same_source_cyclic_next_latent,False,r16_d8,786,3.166057638281927e-07,2.796049102471443e-06,0.8867667368400851,4.406403206758114e-07,13,1,1,same_source_cyclic_next_latent,False,ljonly_r16_d8,8,1.0651737625266838e-07
validation,lj_noisy,43,50,1.397206688125152e-06,1.1718565474438948e-05,0.8807698185266105,1.48997219184821e-06,13,1,1,same_source_cyclic_next_latent,False,r16_d8,786,1.370864083583001e-06,1.1718565474438948e-05,0.8830177561773077,1.316474254053901e-06,13,1,1,same_source_cyclic_next_latent,False,ljonly_r16_d8,8,2.6342604542150882e-08
validation,lj_noisy,43,75,3.050311761398916e-06,2.693894930416718e-05,0.8867694605696049,3.689744744406198e-06,13,1,1,same_source_cyclic_next_latent,False,r16_d8,786,3.6426697533897823e-06,2.693894930416718e-05,0.8647805557573733,3.2870455015654443e-06,13,1,1,same_source_cyclic_next_latent,False,ljonly_r16_d8,8,-5.923579919908661e-07
validation,lj_noisy,43,100,5.843174221809022e-06,4.813013947568834e-05,0.8785963580105446,6.933270924491808e-06,13,1,1,same_source_cyclic_next_latent,False,r16_d8,786,6.786035555705894e-06,4.813013947568834e-05,0.8590065262716788,6.258155281102518e-06,13,1,1,same_source_cyclic_next_latent,False,ljonly_r16_d8,8,-9.428613338968717e-07
validation,lj_noisy,43,125,9.66641709965188e-06,7.53487111069262e-05,0.8717109163827047,1.142815290222643e-05,13,1,1,same_source_cyclic_next_latent,False,r16_d8,786,1.0838622074516024e-05,7.53487111069262e-05,0.8561538490136201,1.0524863682803698e-05,13,1,1,same_source_cyclic_next_latent,False,ljonly_r16_d8,8,-1.1722049748641439e-06
validation,lj_noisy,43,149,1.4544480109179858e-05,0.000107481246232,0.8646789033523309,1.727823109831661e-05,13,1,1,same_source_cyclic_next_latent,False,r16_d8,786,1.5932957467157394e-05,0.000107481246232,0.8517605812575184,1.612381311133504e-05,13,1,1,same_source_cyclic_next_latent,False,ljonly_r16_d8,8,-1.3884773579775356e-06
validation,lj_noisy,43,175,2.163151657441631e-05,0.0001489836140535,0.854806069030939,2.55033555731643e-05,13,1,1,same_source_cyclic_next_latent,False,r16_d8,786,2.2613237888435837e-05,0.0001489836140535,0.8482166107186546,2.3702610633336008e-05,13,1,1,same_source_cyclic_next_latent,False,ljonly_r16_d8,8,-9.81721314019527e-07
validation,lj_noisy,43,199,3.0606184736825526e-05,0.0001935522304847,0.8418711855700797,3.5144916182616726e-05,13,1,1,same_source_cyclic_next_latent,False,r16_d8,786,3.0365770726348277e-05,0.0001935522304847,0.8431132999589198,3.246260166633874e-05,13,1,1,same_source_cyclic_next_latent,False,ljonly_r16_d8,8,2.404140104772489e-07
validation,lj_noisy,13,0,2.6558703325463284e-07,0.0,,2.2450831238529645e-07,40,1,1,same_source_cyclic_next_latent,False,r16_d8,786,7.476589871657779e-07,0.0,,9.369660460833984e-07,40,1,1,same_source_cyclic_next_latent,False,ljonly_r16_d8,8,-4.820719539111451e-07
validation,lj_noisy,13,5,1.654308618981304e-07,9.281463064780837e-08,-0.782379143713553,1.2045138930716348e-07,40,1,1,same_source_cyclic_next_latent,False,r16_d8,786,5.776190050710284e-07,9.281463064780837e-08,-5.223361565299379,7.689189942539087e-07,40,1,1,same_source_cyclic_next_latent,False,ljonly_r16_d8,8,-4.12188143172898e-07
validation,lj_noisy,13,10,1.1630708485199649e-07,3.781031523431011e-07,0.6923932420789334,7.423791004157465e-08,40,1,1,same_source_cyclic_next_latent,False,r16_d8,786,4.745246826587391e-07,3.781031523431011e-07,-0.2550138228631915,6.582436640201195e-07,40,1,1,same_source_cyclic_next_latent,False,ljonly_r16_d8,8,-3.582175978067426e-07
validation,lj_noisy,13,25,2.172320421323093e-07,2.410028173471801e-06,0.9098632769012934,2.710208093503752e-07,40,1,1,same_source_cyclic_next_latent,False,r16_d8,786,4.919361913380271e-07,2.410028173471801e-06,0.7958794852471117,6.990927658989676e-07,40,1,1,same_source_cyclic_next_latent,False,ljonly_r16_d8,8,-2.7470414920571784e-07
validation,lj_noisy,13,50,1.026056679620524e-06,9.818084436119534e-06,0.895493190520364,1.3991071909913444e-06,40,1,1,same_source_cyclic_next_latent,False,r16_d8,786,1.4207029153112671e-06,9.818084436119534e-06,0.8552973419046311,1.9590843294281512e-06,40,1,1,same_source_cyclic_next_latent,False,ljonly_r16_d8,8,-3.946462356907432e-07
validation,lj_noisy,13,75,2.744646053542965e-06,2.2434529455495067e-05,0.8776597450377682,3.192404392393655e-06,40,1,1,same_source_cyclic_next_latent,False,r16_d8,786,3.4065974432451185e-06,2.2434529455495067e-05,0.8481538268942515,4.738743427878944e-06,40,1,1,same_source_cyclic_next_latent,False,ljonly_r16_d8,8,-6.619513897021534e-07
validation,lj_noisy,13,100,5.432474608824123e-06,4.028679541079328e-05,0.8651549582578935,5.753181085310644e-06,40,1,1,same_source_cyclic_next_latent,False,r16_d8,786,6.304029284365242e-06,4.028679541079328e-05,0.843521202913143,8.526457349944394e-06,40,1,1,same_source_cyclic_next_latent,False,ljonly_r16_d8,8,-8.715546755411197e-07
validation,lj_noisy,13,125,9.065312042366712e-06,6.321443652268499e-05,0.8565942759117444,9.42118731472874e-06,40,1,1,same_source_cyclic_next_latent,False,r16_d8,786,1.01687473943457e-05,6.321443652268499e-05,0.8391388430600569,1.3421338735497557e-05,40,1,1,same_source_cyclic_next_latent,False,ljonly_r16_d8,8,-1.1034353519789891e-06
validation,lj_noisy,13,149,1.4179010577208828e-05,8.989958587335423e-05,0.8422794672582422,1.4552756510965992e-05,40,1,1,same_source_cyclic_next_latent,False,r16_d8,786,1.543224607303273e-05,8.989958587335423e-05,0.8283390749455414,2.010723255807534e-05,40,1,1,same_source_cyclic_next_latent,False,ljonly_r16_d8,8,-1.2532354958239011e-06
validation,lj_noisy,13,175,2.3807260731700808e-05,0.0001256491668755,0.8105259165364244,2.391511407040525e-05,40,1,1,same_source_cyclic_next_latent,False,r16_d8,786,2.4821338229230605e-05,0.0001256491668755,0.802455210436682,3.099536843365058e-05,40,1,1,same_source_cyclic_next_latent,False,ljonly_r16_d8,8,-1.0140774975297973e-06
validation,lj_noisy,13,199,3.562881829566322e-05,0.0001638034591451,0.7824904401799211,3.514373383950442e-05,40,1,1,same_source_cyclic_next_latent,False,r16_d8,786,3.557298987288959e-05,0.0001638034591451,0.7828312658441958,4.2429874156368896e-05,40,1,1,same_source_cyclic_next_latent,False,ljonly_r16_d8,8,5.582842277362943e-08
validation,lj_noisy,40,0,2.217219901012868e-07,0.0,,1.756344659042952e-06,132,1,1,same_source_cyclic_next_latent,False,r16_d8,786,9.274276067117172e-07,0.0,,9.632915407564724e-07,132,1,1,same_source_cyclic_next_latent,False,ljonly_r16_d8,8,-7.057056166104304e-07
validation,lj_noisy,40,5,1.1159936263993588e-07,9.645786747114472e-08,-0.1569752220918705,1.6575047538935903e-06,132,1,1,same_source_cyclic_next_latent,False,r16_d8,786,7.467035061381466e-07,9.645786747114472e-08,-6.741240043084328,9.41521761887998e-07,132,1,1,same_source_cyclic_next_latent,False,ljonly_r16_d8,8,-6.351041434982108e-07
validation,lj_noisy,40,10,5.987381967997862e-08,4.181624433385878e-07,0.8568168408383376,1.5543713516308344e-06,132,1,1,same_source_cyclic_next_latent,False,r16_d8,786,5.954265134278103e-07,4.181624433385878e-07,-0.4239119818459906,8.961829962572665e-07,132,1,1,same_source_cyclic_next_latent,False,ljonly_r16_d8,8,-5.355526937478317e-07
validation,lj_noisy,40,25,4.322779432186508e-07,2.9362895475060213e-06,0.8527808868216651,1.7106041241277126e-06,132,1,1,same_source_cyclic_next_latent,False,r16_d8,786,5.950136028332054e-07,2.9362895475060213e-06,0.7973586755643398,1.1526353773660958e-06,132,1,1,same_source_cyclic_next_latent,False,ljonly_r16_d8,8,-1.6273565961455455e-07
validation,lj_noisy,40,50,2.5522920168441487e-06,1.2648867595999036e-05,0.7982197222420555,3.5174962249584496e-06,132,1,1,same_source_cyclic_next_latent,False,r16_d8,786,1.991209501284174e-06,1.2648867595999036e-05,0.8425780421708253,3.1386907721753232e-06,132,1,1,same_source_cyclic_next_latent,False,ljonly_r16_d8,8,5.610825155599746e-07
validation,lj_noisy,40,75,6.025249604135752e-06,2.948326982732397e-05,0.7956383522104532,7.183787147369003e-06,132,1,1,same_source_cyclic_next_latent,False,r16_d8,786,5.192581284063635e-06,2.948326982732397e-05,0.8238804137236044,7.38461085347808e-06,132,1,1,same_source_cyclic_next_latent,False,ljonly_r16_d8,8,8.326683200721163e-07
validation,lj_noisy,40,100,1.1241177162446547e-05,5.388597855926491e-05,0.7913895699215471,1.272664940188406e-05,132,1,1,same_source_cyclic_next_latent,False,r16_d8,786,1.033169246511534e-05,5.388597855926491e-05,0.8082675170545093,1.5011694813438226e-05,132,1,1,same_source_cyclic_next_latent,False,ljonly_r16_d8,8,9.09484697331207e-07
validation,lj_noisy,40,125,1.8531545720179565e-05,8.557874389225617e-05,0.78345620796315,2.0766678062500432e-05,132,1,1,same_source_cyclic_next_latent,False,r16_d8,786,1.707677984086331e-05,8.557874389225617e-05,0.8004553576719586,2.790750477288384e-05,132,1,1,same_source_cyclic_next_latent,False,ljonly_r16_d8,8,1.4547658793162555e-06
validation,lj_noisy,40,149,2.7524478355189785e-05,0.0001225326122948,0.7753701823564432,3.085119533352554e-05,132,1,1,same_source_cyclic_next_latent,False,r16_d8,786,2.478684109519236e-05,0.0001225326122948,0.7977122936419593,4.657054887502454e-05,132,1,1,same_source_cyclic_next_latent,False,ljonly_r16_d8,8,2.737637259997424e-06
validation,lj_noisy,40,175,4.080972939846106e-05,0.0001704702153801,0.7606049285064549,4.61007803096436e-05,132,1,1,same_source_cyclic_next_latent,False,r16_d8,786,3.523569830576889e-05,0.0001704702153801,0.7933029049844024,7.33417909941636e-05,132,1,1,same_source_cyclic_next_latent,False,ljonly_r16_d8,8,5.5740310926921666e-06
validation,lj_noisy,40,199,5.717497333534993e-05,0.0002223484916612,0.7428587308680448,6.577144813491032e-05,132,1,1,same_source_cyclic_next_latent,False,r16_d8,786,4.706157778855413e-05,0.0002223484916612,0.7883431660051341,0.0001028369078994,132,1,1,same_source_cyclic_next_latent,False,ljonly_r16_d8,8,1.01133955467958e-05
validation,lj_noisy,132,0,1.2120342489652105e-06,0.0,,7.29226314888365e-08,61,1,1,same_source_cyclic_next_latent,False,r16_d8,786,5.647137868436403e-07,0.0,,1.6542354330795209e-07,61,1,1,same_source_cyclic_next_latent,False,ljonly_r16_d8,8,6.473204621215702e-07
validation,lj_noisy,132,5,1.023357299345662e-06,1.029204241831394e-07,-8.943189677538367,5.7621655003003986e-08,61,1,1,same_source_cyclic_next_latent,False,r16_d8,786,4.790757657247013e-07,1.029204241831394e-07,-3.6548172486368777,7.241561661430751e-08,61,1,1,same_source_cyclic_next_latent,False,ljonly_r16_d8,8,5.442815336209608e-07
validation,lj_noisy,132,10,8.555977615287702e-07,4.412522969232669e-07,-0.9390216606114516,1.4264587377965654e-07,61,1,1,same_source_cyclic_next_latent,False,r16_d8,786,4.031506080082181e-07,4.412522969232669e-07,0.0863489871457248,5.2930747784785126e-08,61,1,1,same_source_cyclic_next_latent,False,ljonly_r16_d8,8,4.524471535205521e-07
validation,lj_noisy,132,25,7.992625796759967e-07,3.067184479732532e-06,0.739414898269929,1.002005888040003e-06,61,1,1,same_source_cyclic_next_latent,False,r16_d8,786,5.521405910258181e-07,3.067184479732532e-06,0.8199845510844634,4.912931217404548e-07,61,1,1,same_source_cyclic_next_latent,False,ljonly_r16_d8,8,2.4712198865017854e-07
validation,lj_noisy,132,50,2.386411551924539e-06,1.3521135770133696e-05,0.8235050965765917,3.767880571103888e-06,61,1,1,same_source_cyclic_next_latent,False,r16_d8,786,2.309713863724028e-06,1.3521135770133696e-05,0.8291775259866954,2.6327411433157977e-06,61,1,1,same_source_cyclic_next_latent,False,ljonly_r16_d8,8,7.669768820051061e-08
validation,lj_noisy,132,75,6.351020601869095e-06,3.2666182960383594e-05,0.8055781231136986,7.864504368626513e-06,61,1,1,same_source_cyclic_next_latent,False,r16_d8,786,6.234645752556389e-06,3.2666182960383594e-05,0.8091406712526668,6.8810268203378655e-06,61,1,1,same_source_cyclic_next_latent,False,ljonly_r16_d8,8,1.1637484931270592e-07
validation,lj_noisy,132,100,1.332987903879257e-05,6.118311284808442e-05,0.7821314016517891,1.4855042536510156e-05,61,1,1,same_source_cyclic_next_latent,False,r16_d8,786,1.3106749975122511e-05,6.118311284808442e-05,0.7857783076898012,1.4201004887581805e-05,61,1,1,same_source_cyclic_next_latent,False,ljonly_r16_d8,8,2.231290636700578e-07
validation,lj_noisy,132,125,2.5516090317978524e-05,0.0001014992230921,0.7486080233853218,2.8154441679362208e-05,61,1,1,same_source_cyclic_next_latent,False,r16_d8,786,2.5667613954283297e-05,0.0001014992230921,0.7471151682511769,2.696303818083834e-05,61,1,1,same_source_cyclic_next_latent,False,ljonly_r16_d8,8,-1.515236363047734e-07
validation,lj_noisy,132,149,4.221473864163272e-05,0.000150934967678,0.7203117389491805,4.6979788749013096e-05,61,1,1,same_source_cyclic_next_latent,False,r16_d8,786,4.469949271879159e-05,0.000150934967678,0.7038493239410222,4.4230346247786656e-05,61,1,1,same_source_cyclic_next_latent,False,ljonly_r16_d8,8,-2.4847540771588683e-06
validation,lj_noisy,132,175,6.45027103018947e-05,0.0002120805875165,0.6958575461468648,7.177885709097609e-05,61,1,1,same_source_cyclic_next_latent,False,r16_d8,786,7.291360816452652e-05,0.0002120805875165,0.6561985751815194,6.697752542095259e-05,61,1,1,same_source_cyclic_next_latent,False,ljonly_r16_d8,8,-8.410897862631828e-06
validation,lj_noisy,132,199,8.403796528000385e-05,0.0002682431077118,0.6867096940650421,9.273443720303476e-05,61,1,1,same_source_cyclic_next_latent,False,r16_d8,786,9.965598292183132e-05,0.0002682431077118,0.6284863243201545,8.649550727568567e-05,61,1,1,same_source_cyclic_next_latent,False,ljonly_r16_d8,8,-1.5618017641827478e-05
validation,lj_noisy,61,0,7.66483410075125e-08,0.0,,7.568604019070335e-07,188,1,1,same_source_cyclic_next_latent,False,r16_d8,786,4.032170863865759e-07,0.0,,1.251114440492529e-06,188,1,1,same_source_cyclic_next_latent,False,ljonly_r16_d8,8,-3.265687453790634e-07
validation,lj_noisy,61,5,4.3544190475586226e-08,9.96304834188777e-08,0.5629430975205367,5.615307827611105e-07,188,1,1,same_source_cyclic_next_latent,False,r16_d8,786,2.785217532164097e-07,9.96304834188777e-08,-1.7955475438718609,1.059475380316144e-06,188,1,1,same_source_cyclic_next_latent,False,ljonly_r16_d8,8,-2.349775627408235e-07
validation,lj_noisy,61,10,6.836646093688614e-08,4.162667153195798e-07,0.8357628452604017,4.084185434294341e-07,188,1,1,same_source_cyclic_next_latent,False,r16_d8,786,1.988229172411593e-07,4.162667153195798e-07,0.5223665262582493,8.98732309906336e-07,188,1,1,same_source_cyclic_next_latent,False,ljonly_r16_d8,8,-1.3045645630427316e-07
validation,lj_noisy,61,25,3.79527648419753e-07,2.741091520874761e-06,0.8615414167934696,3.260433061313961e-07,188,1,1,same_source_cyclic_next_latent,False,r16_d8,786,2.4165575496226666e-07,2.741091520874761e-06,0.9118395890389142,8.385141541111807e-07,188,1,1,same_source_cyclic_next_latent,False,ljonly_r16_d8,8,1.3787189345748635e-07
validation,lj_noisy,61,50,1.0047255045719794e-06,1.1338017429807223e-05,0.9113843746676034,1.4003355772729265e-06,188,1,1,same_source_cyclic_next_latent,False,r16_d8,786,1.0966382433252877e-06,1.1338017429807223e-05,0.903277777608432,2.1798553007101877e-06,188,1,1,same_source_cyclic_next_latent,False,ljonly_r16_d8,8,-9.191273875330829e-08
validation,lj_noisy,61,75,2.2567714950127997e-06,2.6031604647869244e-05,0.9133064778164752,4.485062163439579e-06,188,1,1,same_source_cyclic_next_latent,False,r16_d8,786,3.020789563379367e-06,2.6031604647869244e-05,0.8839568438349563,4.679749963543145e-06,188,1,1,same_source_cyclic_next_latent,False,ljonly_r16_d8,8,-7.640180683665672e-07
validation,lj_noisy,61,100,5.044675162935164e-06,4.705508763436228e-05,0.8927921417948597,8.222689757531043e-06,188,1,1,same_source_cyclic_next_latent,False,r16_d8,786,5.531076567422133e-06,4.705508763436228e-05,0.8824552913300063,7.373209427896654e-06,188,1,1,same_source_cyclic_next_latent,False,ljonly_r16_d8,8,-4.864014044869691e-07
validation,lj_noisy,61,125,8.201931450457778e-06,7.433142309309915e-05,0.8896572793960239,1.1080883268732578e-05,188,1,1,same_source_cyclic_next_latent,False,r16_d8,786,8.402266757912003e-06,7.433142309309915e-05,0.8869621163126626,1.047354999172967e-05,188,1,1,same_source_cyclic_next_latent,False,ljonly_r16_d8,8,-2.0033530745422468e-07
validation,lj_noisy,61,149,1.1432993233029263e-05,0.0001063243253156,0.8924705781194742,1.3592902178061196e-05,188,1,1,same_source_cyclic_next_latent,False,r16_d8,786,1.1876464668603148e-05,0.0001063243253156,0.8882996470154458,1.4380092579813208e-05,188,1,1,same_source_cyclic_next_latent,False,ljonly_r16_d8,8,-4.4347143557388505e-07
validation,lj_noisy,61,175,1.6177680663531646e-05,0.0001481663784943,0.8908140913753364,1.714899917715229e-05,188,1,1,same_source_cyclic_next_latent,False,r16_d8,786,1.6519372366019525e-05,0.0001481663784943,0.8885079561646354,1.9518140106811188e-05,188,1,1,same_source_cyclic_next_latent,False,ljonly_r16_d8,8,-3.416917024878785e-07
validation,lj_noisy,61,199,2.2916381567483768e-05,0.0001944780233316,0.8821646725172225,2.255445724586025e-05,188,1,1,same_source_cyclic_next_latent,False,r16_d8,786,2.2151420125737783e-05,0.0001944780233316,0.8860980806660786,2.6080600946443155e-05,188,1,1,same_source_cyclic_next_latent,False,ljonly_r16_d8,8,7.64961441745985e-07
validation,lj_noisy,188,0,4.360465766239941e-07,0.0,,8.087769742814999e-07,67,1,1,same_source_cyclic_next_latent,False,r16_d8,786,6.3855537746349e-07,0.0,,4.513142926043656e-07,67,1,1,same_source_cyclic_next_latent,False,ljonly_r16_d8,8,-2.025088008394959e-07
validation,lj_noisy,188,5,2.6697222210714244e-07,9.160689984355487e-08,-1.914324385642068,6.251851800698205e-07,67,1,1,same_source_cyclic_next_latent,False,r16_d8,786,4.632474883692339e-07,9.160689984355487e-08,-4.056906075419671,3.069402509936481e-07,67,1,1,same_source_cyclic_next_latent,False,ljonly_r16_d8,8,-1.9627526626209146e-07
validation,lj_noisy,188,10,1.690865047976331e-07,3.833892776583525e-07,0.5589691348950291,4.986167709830625e-07,67,1,1,same_source_cyclic_next_latent,False,r16_d8,786,3.4566727435958455e-07,3.833892776583525e-07,0.0983908666647244,2.199466138108619e-07,67,1,1,same_source_cyclic_next_latent,False,ljonly_r16_d8,8,-1.7658076956195146e-07
validation,lj_noisy,188,25,3.888187620759709e-07,2.6204288587905467e-06,0.8516201801198948,5.783198844255821e-07,67,1,1,same_source_cyclic_next_latent,False,r16_d8,786,5.142669010638201e-07,2.6204288587905467e-06,0.8037470472290635,4.3086103573841683e-07,67,1,1,same_source_cyclic_next_latent,False,ljonly_r16_d8,8,-1.2544813898784923e-07
validation,lj_noisy,188,50,1.856944550127082e-06,1.1088137398473918e-05,0.8325287211553983,2.0064430827915203e-06,67,1,1,same_source_cyclic_next_latent,False,r16_d8,786,2.10262351174606e-06,1.1088137398473918e-05,0.8103718022076956,1.998657808144344e-06,67,1,1,same_source_cyclic_next_latent,False,ljonly_r16_d8,8,-2.4567896161897806e-07
validation,lj_noisy,188,75,4.756903308589244e-06,2.5567558623151854e-05,0.8139476913418793,4.901207375951344e-06,67,1,1,same_source_cyclic_next_latent,False,r16_d8,786,4.8766496547614224e-06,2.5567558623151854e-05,0.8092641645360096,4.821120910492027e-06,67,1,1,same_source_cyclic_next_latent,False,ljonly_r16_d8,8,-1.1974634617217816e-07
validation,lj_noisy,188,100,8.77074126037769e-06,4.645999797503464e-05,0.811219508337244,8.975077435025014e-06,67,1,1,same_source_cyclic_next_latent,False,r16_d8,786,8.391478331759572e-06,4.645999797503464e-05,0.8193827228260159,8.75983005244052e-06,67,1,1,same_source_cyclic_next_latent,False,ljonly_r16_d8,8,3.7926292861811817e-07
validation,lj_noisy,188,125,1.3519678759621456e-05,7.364279736066237e-05,0.816415464320164,1.4169780115480536e-05,67,1,1,same_source_cyclic_next_latent,False,r16_d8,786,1.2897170563519468e-05,7.364279736066237e-05,0.8248685407704417,1.3877790479455143e-05,67,1,1,same_source_cyclic_next_latent,False,ljonly_r16_d8,8,6.225081961019879e-07
validation,lj_noisy,188,149,1.912363404699136e-05,0.000105726372567,0.8191214397820041,2.033241253229789e-05,67,1,1,same_source_cyclic_next_latent,False,r16_d8,786,1.84890886885114e-05,0.000105726372567,0.8251232096628143,1.9841245375573635e-05,67,1,1,same_source_cyclic_next_latent,False,ljonly_r16_d8,8,6.345453584799577e-07
validation,lj_noisy,188,175,2.7237147151026875e-05,0.000146960519487,0.8146635079537184,2.8911377739859745e-05,67,1,1,same_source_cyclic_next_latent,False,r16_d8,786,2.6736392101156525e-05,0.000146960519487,0.8180709200370332,2.787955236271955e-05,67,1,1,same_source_cyclic_next_latent,False,ljonly_r16_d8,8,5.007550498703495e-07
validation,lj_noisy,188,199,3.731422475539148e-05,0.0001916797627927,0.8053303895428325,3.923397889593616e-05,67,1,1,same_source_cyclic_next_latent,False,r16_d8,786,3.729778472916223e-05,0.0001916797627927,0.8054161577323885,3.757719969144091e-05,67,1,1,same_source_cyclic_next_latent,False,ljonly_r16_d8,8,1.644002622924745e-08
validation,lj_noisy,67,0,1.0011547146859812e-06,0.0,,7.14011960667449e-08,15,1,1,same_source_cyclic_next_latent,False,r16_d8,786,5.624074219667818e-07,0.0,,3.427122123866866e-07,15,1,1,same_source_cyclic_next_latent,False,ljonly_r16_d8,8,4.387472927191993e-07
validation,lj_noisy,67,5,8.28224870019767e-07,8.974264886774108e-08,-8.228888164872085,4.357622529482797e-08,15,1,1,same_source_cyclic_next_latent,False,r16_d8,786,4.232231844980561e-07,8.974264886774108e-08,-3.715964926796227,2.11967417840242e-07,15,1,1,same_source_cyclic_next_latent,False,ljonly_r16_d8,8,4.0500168552171084e-07
validation,lj_noisy,67,10,6.942759682715405e-07,3.756259161491471e-07,-0.8483175372698972,8.69754686050328e-08,15,1,1,same_source_cyclic_next_latent,False,r16_d8,786,3.230952643207275e-07,3.756259161491471e-07,0.1398483160239713,1.3050971858774574e-07,15,1,1,same_source_cyclic_next_latent,False,ljonly_r16_d8,8,3.71180703950813e-07
validation,lj_noisy,67,25,6.070055746931757e-07,2.4605394628451904e-06,0.7533038653274521,6.09453707056673e-07,15,1,1,same_source_cyclic_next_latent,False,r16_d8,786,3.166132387377729e-07,2.4605394628451904e-06,0.8713236493383999,2.129142870899159e-07,15,1,1,same_source_cyclic_next_latent,False,ljonly_r16_d8,8,2.903923359554028e-07
validation,lj_noisy,67,50,1.3993764014230692e-06,1.0304262104909869e-05,0.8641944093448204,2.228965740869171e-06,15,1,1,same_source_cyclic_next_latent,False,r16_d8,786,1.0668808272384922e-06,1.0304262104909869e-05,0.8964621807581801,1.078665945897228e-06,15,1,1,same_source_cyclic_next_latent,False,ljonly_r16_d8,8,3.32495574184577e-07
validation,lj_noisy,67,75,3.3208536933670985e-06,2.4312985260621645e-05,0.8634123429200734,4.273963440937223e-06,15,1,1,same_source_cyclic_next_latent,False,r16_d8,786,2.8092701995774405e-06,2.4312985260621645e-05,0.884453917548025,2.8286895030760206e-06,15,1,1,same_source_cyclic_next_latent,False,ljonly_r16_d8,8,5.11583493789658e-07
validation,lj_noisy,67,100,5.991955276840599e-06,4.4734984840033576e-05,0.8660566154595326,6.577258318429813e-06,15,1,1,same_source_cyclic_next_latent,False,r16_d8,786,5.399828296503984e-06,4.4734984840033576e-05,0.8792929445307055,5.462637545861071e-06,15,1,1,same_source_cyclic_next_latent,False,ljonly_r16_d8,8,5.92126980336615e-07
validation,lj_noisy,67,125,9.413312000106089e-06,7.140247180359438e-05,0.8681654603499003,1.00077713796054e-05,15,1,1,same_source_cyclic_next_latent,False,r16_d8,786,8.95278571988456e-06,7.140247180359438e-05,0.8746151849685142,9.107664482144172e-06,15,1,1,same_source_cyclic_next_latent,False,ljonly_r16_d8,8,4.605262802215293e-07
validation,lj_noisy,67,149,1.3746857803198507e-05,0.0001028560582199,0.8663485842145848,1.5000279745436274e-05,15,1,1,same_source_cyclic_next_latent,False,r16_d8,786,1.3431101251626387e-05,0.0001028560582199,0.8694184719493162,1.35925965878414e-05,15,1,1,same_source_cyclic_next_latent,False,ljonly_r16_d8,8,3.1575655157212e-07
validation,lj_noisy,67,175,1.9958868506364524e-05,0.0001433728903066,0.8607904990707952,2.239105560875032e-05,15,1,1,same_source_cyclic_next_latent,False,r16_d8,786,1.96499331650557e-05,0.0001433728903066,0.8629452672466205,1.999379674089141e-05,15,1,1,same_source_cyclic_next_latent,False,ljonly_r16_d8,8,3.089353413088247e-07
validation,lj_noisy,67,199,2.729878906393424e-05,0.0001868223625933,0.8538783650683675,3.109073804807849e-05,15,1,1,same_source_cyclic_next_latent,False,r16_d8,786,2.698023854463827e-05,0.0001868223625933,0.855583463509871,2.880305146391038e-05,15,1,1,same_source_cyclic_next_latent,False,ljonly_r16_d8,8,3.185505192959715e-07
validation,lj_noisy,15,0,8.739738888152716e-08,0.0,,2.3054320763549185e-07,79,1,1,same_source_cyclic_next_latent,False,r16_d8,2026,1.4414974884857656e-06,0.0,,2.126309709638008e-06,79,1,1,same_source_cyclic_next_latent,False,ljonly_r16_d8,8,-1.3541000996042385e-06
validation,lj_noisy,15,5,2.293585588120095e-08,9.055690952664008e-08,0.7467243968340851,1.1880305805789249e-07,79,1,1,same_source_cyclic_next_latent,False,r16_d8,2026,1.0829860457306497e-06,9.055690952664008e-08,-10.95917629468192,1.7823894040702726e-06,79,1,1,same_source_cyclic_next_latent,False,ljonly_r16_d8,8,-1.0600501898494488e-06
validation,lj_noisy,15,10,3.502797341070618e-08,3.651525162240432e-07,0.904073032898904,7.04213078961402e-08,79,1,1,same_source_cyclic_next_latent,False,r16_d8,2026,8.119603194245428e-07,3.651525162240432e-07,-1.2236196749260682,1.531094198981009e-06,79,1,1,same_source_cyclic_next_latent,False,ljonly_r16_d8,8,-7.769323460138366e-07
validation,lj_noisy,15,25,4.6500767325596826e-07,2.382581669735373e-06,0.8048303320877914,2.1484430590135162e-07,79,1,1,same_source_cyclic_next_latent,False,r16_d8,2026,5.262074296297214e-07,2.382581669735373e-06,0.7791440115930356,1.3103760920785137e-06,79,1,1,same_source_cyclic_next_latent,False,ljonly_r16_d8,8,-6.119975637375319e-08
validation,lj_noisy,15,50,1.8879322851717009e-06,1.0002500857808627e-05,0.8112539741800818,1.324430741078686e-06,79,1,1,same_source_cyclic_next_latent,False,r16_d8,2026,1.4524340485877474e-06,1.0002500857808627e-05,0.8547929093698723,2.696592218853766e-06,79,1,1,same_source_cyclic_next_latent,False,ljonly_r16_d8,8,4.3549823658395347e-07
validation,lj_noisy,15,75,3.921043116861256e-06,2.349700662307441e-05,0.8331258453572238,4.7110697778407484e-06,79,1,1,same_source_cyclic_next_latent,False,r16_d8,2026,4.176086349616526e-06,2.349700662307441e-05,0.8222715592412717,6.4978980844898615e-06,79,1,1,same_source_cyclic_next_latent,False,ljonly_r16_d8,8,-2.5504323275526986e-07
validation,lj_noisy,15,100,8.003699804248754e-06,4.446260936674662e-05,0.8199903262934747,1.0673068572941702e-05,79,1,1,same_source_cyclic_next_latent,False,r16_d8,2026,9.851619324763304e-06,4.446260936674662e-05,0.778429123592299,1.2280698683753144e-05,79,1,1,same_source_cyclic_next_latent,False,ljonly_r16_d8,8,-1.8479195205145499e-06
validation,lj_noisy,15,125,1.4638176253356503e-05,7.343651668634266e-05,0.8006689735043107,1.7761187336873263e-05,79,1,1,same_source_cyclic_next_latent,False,r16_d8,2026,1.7730681065586396e-05,7.343651668634266e-05,0.7585577058166233,1.9142717064823955e-05,79,1,1,same_source_cyclic_next_latent,False,ljonly_r16_d8,8,-3.092504812229892e-06
validation,lj_noisy,15,149,2.1112917238497172e-05,0.0001065276956069,0.8018081859538128,2.385624247835949e-05,79,1,1,same_source_cyclic_next_latent,False,r16_d8,2026,2.4232842406490818e-05,0.0001065276956069,0.7725207302342625,2.541134563216474e-05,79,1,1,same_source_cyclic_next_latent,False,ljonly_r16_d8,8,-3.1199251679936458e-06
validation,lj_noisy,15,175,2.894638237194158e-05,0.0001508055138401,0.8080548805223368,3.07730988424737e-05,79,1,1,same_source_cyclic_next_latent,False,r16_d8,2026,3.1801369914319366e-05,0.0001508055138401,0.7891232946029807,3.288110747234896e-05,79,1,1,same_source_cyclic_next_latent,False,ljonly_r16_d8,8,-2.854987542377785e-06
validation,lj_noisy,15,199,3.902170283254236e-05,0.0002030775794992,0.8078482965536242,3.983642454841174e-05,79,1,1,same_source_cyclic_next_latent,False,r16_d8,2026,4.243088915245608e-05,0.0002030775794992,0.7910606909089215,4.246963726473041e-05,79,1,1,same_source_cyclic_next_latent,False,ljonly_r16_d8,8,-3.409186319913722e-06
validation,lj_noisy,79,0,2.1240599323846254e-07,0.0,,1.6151111594808754e-06,75,1,1,same_source_cyclic_next_latent,False,r16_d8,2026,1.9440492451394675e-06,0.0,,3.820707661361666e-06,75,1,1,same_source_cyclic_next_latent,False,ljonly_r16_d8,8,-1.731643251901005e-06
validation,lj_noisy,79,5,9.260284627998773e-08,1.0333684485885897e-07,0.1038738757074702,1.394051992065215e-06,75,1,1,same_source_cyclic_next_latent,False,r16_d8,2026,1.554661025693349e-06,1.0333684485885897e-07,-14.044595447216905,3.5412870147411013e-06,75,1,1,same_source_cyclic_next_latent,False,ljonly_r16_d8,8,-1.4620581794133614e-06
validation,lj_noisy,79,10,4.632999761611246e-08,4.55465340110095e-07,0.8982798611966532,1.1867332432302646e-06,75,1,1,same_source_cyclic_next_latent,False,r16_d8,2026,1.2050769555571603e-06,4.55465340110095e-07,-1.6458148390959226,3.2347202250093687e-06,75,1,1,same_source_cyclic_next_latent,False,ljonly_r16_d8,8,-1.1587469579410479e-06
validation,lj_noisy,79,25,3.8264164459178573e-07,3.182375849064556e-06,0.8797622711018683,1.0691754823710653e-06,75,1,1,same_source_cyclic_next_latent,False,r16_d8,2026,8.423868393947487e-07,3.182375849064556e-06,0.7352962442690847,2.9220291253295727e-06,75,1,1,same_source_cyclic_next_latent,False,ljonly_r16_d8,8,-4.5974519480296294e-07
validation,lj_noisy,79,50,1.6759134950916632e-06,1.3238345673016738e-05,0.8734046128960343,2.34983326663496e-06,75,1,1,same_source_cyclic_next_latent,False,r16_d8,2026,2.050902821792988e-06,1.3238345673016738e-05,0.8450786168869067,4.314932084525935e-06,75,1,1,same_source_cyclic_next_latent,False,ljonly_r16_d8,8,-3.749893267013249e-07
validation,lj_noisy,79,75,3.903784545400413e-06,3.010093496413901e-05,0.8703101896983859,4.95001131639583e-06,75,1,1,same_source_cyclic_next_latent,False,r16_d8,2026,4.827922111871885e-06,3.010093496413901e-05,0.8396088986065161,6.944297183508752e-06,75,1,1,same_source_cyclic_next_latent,False,ljonly_r16_d8,8,-9.241375664714724e-07
validation,lj_noisy,79,100,7.366365025518462e-06,5.402554961619899e-05,0.8636503454782117,8.185626938939095e-06,75,1,1,same_source_cyclic_next_latent,False,r16_d8,2026,8.258974958152976e-06,5.402554961619899e-05,0.8471283491454457,9.545809916744474e-06,75,1,1,same_source_cyclic_next_latent,False,ljonly_r16_d8,8,-8.926099326345138e-07
validation,lj_noisy,79,125,1.167438858828973e-05,8.518932736478746e-05,0.8629594932907608,1.2104147572244983e-05,75,1,1,same_source_cyclic_next_latent,False,r16_d8,2026,1.2413188414939214e-05,8.518932736478746e-05,0.8542870474632936,1.291222361032851e-05,75,1,1,same_source_cyclic_next_latent,False,ljonly_r16_d8,8,-7.387998266494833e-07
validation,lj_noisy,79,149,1.6910418707993813e-05,0.0001221718266606,0.861584956448533,1.7005195331876166e-05,75,1,1,same_source_cyclic_next_latent,False,r16_d8,2026,1.787974360922817e-05,0.0001221718266606,0.8536508448965552,1.7629112335271202e-05,75,1,1,same_source_cyclic_next_latent,False,ljonly_r16_d8,8,-9.693249012343585e-07
validation,lj_noisy,79,175,2.4343298719031736e-05,0.0001701186993159,0.8569040392565977,2.424541162326932e-05,75,1,1,same_source_cyclic_next_latent,False,r16_d8,2026,2.6249388611176983e-05,0.0001701186993159,0.8456995690848305,2.485323057044297e-05,75,1,1,same_source_cyclic_next_latent,False,ljonly_r16_d8,8,-1.9060898921452463e-06
validation,lj_noisy,79,199,3.337139787618071e-05,0.0002213792467955,0.849256882209017,3.328652019263245e-05,75,1,1,same_source_cyclic_next_latent,False,r16_d8,2026,3.71707501471974e-05,0.0002213792467955,0.8320946941267461,3.3950094803003594e-05,75,1,1,same_source_cyclic_next_latent,False,ljonly_r16_d8,8,-3.799352271016694e-06
validation,lj_noisy,75,0,9.568618679622889e-07,0.0,,1.4184867325184316e-07,181,1,1,same_source_cyclic_next_latent,False,r16_d8,2026,2.3629825136595173e-06,0.0,,6.56876181892585e-07,181,1,1,same_source_cyclic_next_latent,False,ljonly_r16_d8,8,-1.4061206456972284e-06
validation,lj_noisy,75,5,7.497133651668264e-07,9.145860246917437e-08,-7.197297410262893,4.9509971233874246e-08,181,1,1,same_source_cyclic_next_latent,False,r16_d8,2026,2.0835482246184256e-06,9.145860246917437e-08,-21.7813258498092,4.173138847818336e-07,181,1,1,same_source_cyclic_next_latent,False,ljonly_r16_d8,8,-1.3338348594515992e-06
validation,lj_noisy,75,10,5.9578479749689e-07,3.900833291936579e-07,-0.5273269912057972,4.9287848469248274e-08,181,1,1,same_source_cyclic_next_latent,False,r16_d8,2026,1.844756752689136e-06,3.900833291936579e-07,-3.729135070966599,2.657583877407888e-07,181,1,1,same_source_cyclic_next_latent,False,ljonly_r16_d8,8,-1.248971955192246e-06
validation,lj_noisy,75,25,6.38544747744163e-07,2.673331437108573e-06,0.7611426930157221,6.55868291232764e-07,181,1,1,same_source_cyclic_next_latent,False,r16_d8,2026,1.6656147181492995e-06,2.673331437108573e-06,0.3769516585078584,4.429456623711303e-07,181,1,1,same_source_cyclic_next_latent,False,ljonly_r16_d8,8,-1.0270699704051365e-06
validation,lj_noisy,75,50,2.1450614440254867e-06,1.1298255230940413e-05,0.81014223876345,3.049833367185784e-06,181,1,1,same_source_cyclic_next_latent,False,r16_d8,2026,2.928717321992736e-06,1.1298255230940413e-05,0.74078145146054,2.344191216252512e-06,181,1,1,same_source_cyclic_next_latent,False,ljonly_r16_d8,8,-7.836558779672491e-07
validation,lj_noisy,75,75,5.147434421814978e-06,2.6090825485880487e-05,0.8027109404951329,6.404973646567669e-06,181,1,1,same_source_cyclic_next_latent,False,r16_d8,2026,5.732581485062838e-06,2.6090825485880487e-05,0.7802836292717099,5.706233423552476e-06,181,1,1,same_source_cyclic_next_latent,False,ljonly_r16_d8,8,-5.851470632478595e-07
validation,lj_noisy,75,100,9.333532943855973e-06,4.721252480521798e-05,0.8023081167049888,1.075910677172942e-05,181,1,1,same_source_cyclic_next_latent,False,r16_d8,2026,9.648145351093262e-06,4.721252480521798e-05,0.795644367868525,1.0437962373543996e-05,181,1,1,same_source_cyclic_next_latent,False,ljonly_r16_d8,8,-3.1461240723728964e-07
validation,lj_noisy,75,125,1.4956108316255268e-05,7.473392179235816e-05,0.7998752379433594,1.6675143342581578e-05,181,1,1,same_source_cyclic_next_latent,False,r16_d8,2026,1.5217987311189065e-05,7.473392179235816e-05,0.7963710862990578,1.7081949408748187e-05,181,1,1,same_source_cyclic_next_latent,False,ljonly_r16_d8,8,-2.618789949337969e-07
validation,lj_noisy,75,149,2.190101076848805e-05,0.0001070998841896,0.7955085485461113,2.393254726484884e-05,181,1,1,same_source_cyclic_next_latent,False,r16_d8,2026,2.2290922061074525e-05,0.0001070998841896,0.7918679162939235,2.529236917325761e-05,181,1,1,same_source_cyclic_next_latent,False,ljonly_r16_d8,8,-3.899112925864756e-07
validation,lj_noisy,75,175,3.160676351399161e-05,0.0001485866087023,0.7872839027013963,3.3618278393987566e-05,181,1,1,same_source_cyclic_next_latent,False,r16_d8,2026,3.22449704981409e-05,0.0001485866087023,0.7829887176256812,3.624795499490574e-05,181,1,1,same_source_cyclic_next_latent,False,ljonly_r16_d8,8,-6.382069841492921e-07
validation,lj_noisy,75,199,4.2615221900632605e-05,0.0001919504866236,0.7779884664518746,4.4060448999516666e-05,181,1,1,same_source_cyclic_next_latent,False,r16_d8,2026,4.37309718108736e-05,0.0001919504866236,0.7721757700119409,4.8386355047114193e-05,181,1,1,same_source_cyclic_next_latent,False,ljonly_r16_d8,8,-1.115749910240993e-06
validation,lj_noisy,181,0,2.3459266174086227e-07,0.0,,2.16875037040154e-07,31,1,1,same_source_cyclic_next_latent,False,r16_d8,2026,1.1041133802791592e-06,0.0,,1.7478391782788094e-06,31,1,1,same_source_cyclic_next_latent,False,ljonly_r16_d8,8,-8.695207185382969e-07
validation,lj_noisy,181,5,1.1376940989293872e-07,8.917994165358324e-08,-0.2757286872296074,1.0924463111905425e-07,31,1,1,same_source_cyclic_next_latent,False,r16_d8,2026,8.166336442627653e-07,8.917994165358324e-08,-8.157144859266156,1.447834620194044e-06,31,1,1,same_source_cyclic_next_latent,False,ljonly_r16_d8,8,-7.028642343698266e-07
validation,lj_noisy,181,10,5.696005445088304e-08,3.5931097386310284e-07,0.8414742142760584,6.39022772475073e-08,31,1,1,same_source_cyclic_next_latent,False,r16_d8,2026,6.064301487640478e-07,3.5931097386310284e-07,-0.6877584957789158,1.2277479299882543e-06,31,1,1,same_source_cyclic_next_latent,False,ljonly_r16_d8,8,-5.494700943131647e-07
validation,lj_noisy,181,25,2.2927812892703517e-07,2.322475211258279e-06,0.9012785463476204,2.2194711846168505e-07,31,1,1,same_source_cyclic_next_latent,False,r16_d8,2026,4.102620039247995e-07,2.322475211258279e-06,0.8233513959864716,1.0261210263706744e-06,31,1,1,same_source_cyclic_next_latent,False,ljonly_r16_d8,8,-1.8098387499776433e-07
validation,lj_noisy,181,50,1.2607459893843045e-06,9.647412298363632e-06,0.8693177040232697,1.1871352398884485e-06,31,1,1,same_source_cyclic_next_latent,False,r16_d8,2026,1.254906237591058e-06,9.647412298363632e-06,0.8699230219689158,2.063959300357965e-06,31,1,1,same_source_cyclic_next_latent,False,ljonly_r16_d8,8,5.839751793246462e-09
validation,lj_noisy,181,75,3.1171987302514026e-06,2.220537317043636e-05,0.8596196197053082,3.3517885640321765e-06,31,1,1,same_source_cyclic_next_latent,False,r16_d8,2026,3.3380053992004832e-06,2.220537317043636e-05,0.8496757801105268,4.6072113946138415e-06,31,1,1,same_source_cyclic_next_latent,False,ljonly_r16_d8,8,-2.2080666894908063e-07
validation,lj_noisy,181,100,6.294913873716723e-06,4.0102699131239206e-05,0.8430301697869231,7.145146355469478e-06,31,1,1,same_source_cyclic_next_latent,False,r16_d8,2026,6.588323230971582e-06,4.0102699131239206e-05,0.8357137206797283,8.022790098038968e-06,31,1,1,same_source_cyclic_next_latent,False,ljonly_r16_d8,8,-2.9340935725485906e-07
validation,lj_noisy,181,125,1.0966873560391832e-05,6.356189987855032e-05,0.8274615204808765,1.2416780919011217e-05,31,1,1,same_source_cyclic_next_latent,False,r16_d8,2026,1.091579451895086e-05,6.356189987855032e-05,0.8282651314732882,1.2281698218430392e-05,31,1,1,same_source_cyclic_next_latent,False,ljonly_r16_d8,8,5.107904144097289e-08
validation,lj_noisy,181,149,1.6780812075012363e-05,9.170166595140472e-05,0.8170064643765034,1.905772660393268e-05,31,1,1,same_source_cyclic_next_latent,False,r16_d8,2026,1.6360514564439654e-05,9.170166595140472e-05,0.8215897781714288,1.7550642951391637e-05,31,1,1,same_source_cyclic_next_latent,False,ljonly_r16_d8,8,4.2029751057270914e-07
validation,lj_noisy,181,175,2.429521737212781e-05,0.0001289811043534,0.81163739065567,3.16749355988577e-05,31,1,1,same_source_cyclic_next_latent,False,r16_d8,2026,2.377140845055692e-05,0.0001289811043534,0.8156985197970015,2.4867049432941712e-05,31,1,1,same_source_cyclic_next_latent,False,ljonly_r16_d8,8,5.238089215708897e-07
validation,lj_noisy,181,199,3.2502764952369034e-05,0.0001695594837656,0.8083105454762038,8.376150071853772e-05,31,1,1,same_source_cyclic_next_latent,False,r16_d8,2026,3.2182670111069456e-05,0.0001695594837656,0.8101983481174411,3.461365486145951e-05,31,1,1,same_source_cyclic_next_latent,False,ljonly_r16_d8,8,3.2009484129957855e-07
validation,lj_noisy,31,0,1.9578028798150626e-07,0.0,,3.0876357470788214e-08,142,1,1,same_source_cyclic_next_latent,False,r16_d8,2026,1.6335651480403612e-06,0.0,,8.23198092803068e-07,142,1,1,same_source_cyclic_next_latent,False,ljonly_r16_d8,8,-1.437784860058855e-06
validation,lj_noisy,31,5,8.422913566619172e-08,1.0181967979860929e-07,0.1727617310053436,3.1513678777628236e-08,142,1,1,same_source_cyclic_next_latent,False,r16_d8,2026,1.2946998140250798e-06,1.0181967979860929e-07,-11.715614668852687,5.194461323299038e-07,142,1,1,same_source_cyclic_next_latent,False,ljonly_r16_d8,8,-1.2104706783588881e-06
validation,lj_noisy,31,10,4.1536338812875335e-08,4.309611654207402e-07,0.9036192999609974,1.3756555006239068e-07,142,1,1,same_source_cyclic_next_latent,False,r16_d8,2026,1.0143027111553238e-06,4.309611654207402e-07,-1.3535826253975274,3.02380925631951e-07,142,1,1,same_source_cyclic_next_latent,False,ljonly_r16_d8,8,-9.727663723424484e-07
validation,lj_noisy,31,25,2.6517048468122084e-07,2.8248798571439693e-06,0.9061303495755336,9.1617346242856e-07,142,1,1,same_source_cyclic_next_latent,False,r16_d8,2026,6.678178579022642e-07,2.8248798571439693e-06,0.763594244118599,2.1647369408128725e-07,142,1,1,same_source_cyclic_next_latent,False,ljonly_r16_d8,8,-4.026473732210434e-07
validation,lj_noisy,31,50,1.0725968877522971e-06,1.1657663890218828e-05,0.9079921245068456,2.487257233951823e-06,142,1,1,same_source_cyclic_next_latent,False,r16_d8,2026,1.2297073226363864e-06,1.1657663890218828e-05,0.8945151160458356,1.053766595759953e-06,142,1,1,same_source_cyclic_next_latent,False,ljonly_r16_d8,8,-1.5711043488408926e-07
validation,lj_noisy,31,75,2.274871121699107e-06,2.6905094273388382e-05,0.9154483125543564,3.763349468499655e-06,142,1,1,same_source_cyclic_next_latent,False,r16_d8,2026,2.8152373943157727e-06,2.6905094273388382e-05,0.8953641505318827,2.6544405500317225e-06,142,1,1,same_source_cyclic_next_latent,False,ljonly_r16_d8,8,-5.403662726166658e-07
validation,lj_noisy,31,100,4.4694525058730505e-06,4.89304875372909e-05,0.9086571025382326,5.93122285863501e-06,142,1,1,same_source_cyclic_next_latent,False,r16_d8,2026,5.245562533673365e-06,4.89304875372909e-05,0.8927956209372405,5.369895916373935e-06,142,1,1,same_source_cyclic_next_latent,False,ljonly_r16_d8,8,-7.761100278003141e-07
validation,lj_noisy,31,125,8.344567504536826e-06,7.90988706285134e-05,0.8945045935772338,1.044725922838552e-05,142,1,1,same_source_cyclic_next_latent,False,r16_d8,2026,9.092002983379643e-06,7.90988706285134e-05,0.8850552111410024,1.0001806003856473e-05,142,1,1,same_source_cyclic_next_latent,False,ljonly_r16_d8,8,-7.474354788428172e-07
validation,lj_noisy,31,149,1.5342655387939885e-05,0.0001173974960693,0.8693101990958902,1.908059675770346e-05,142,1,1,same_source_cyclic_next_latent,False,r16_d8,2026,1.6017394955269992e-05,0.0001173974960693,0.8635627207431006,1.851043452916201e-05,142,1,1,same_source_cyclic_next_latent,False,ljonly_r16_d8,8,-6.747395673301071e-07
validation,lj_noisy,31,175,3.143097274005413e-05,0.0001739394210744,0.8192993138306568,3.769971590372734e-05,142,1,1,same_source_cyclic_next_latent,False,r16_d8,2026,3.070262391702272e-05,0.0001739394210744,0.8234866844596507,3.661747177829966e-05,142,1,1,same_source_cyclic_next_latent,False,ljonly_r16_d8,8,7.283488230314106e-07
validation,lj_noisy,31,199,7.984841795405373e-05,0.0002400137454969,0.6673173122284441,6.441195000661537e-05,142,1,1,same_source_cyclic_next_latent,False,r16_d8,2026,5.157697887625545e-05,0.0002400137454969,0.7851082288247352,6.226673576747999e-05,142,1,1,same_source_cyclic_next_latent,False,ljonly_r16_d8,8,2.8271439077798277e-05
validation,lj_noisy,142,0,3.5989014435244826e-08,0.0,,6.084515291604475e-08,157,1,1,same_source_cyclic_next_latent,False,r16_d8,2026,1.1266938599874263e-06,0.0,,1.3610070936920238e-06,157,1,1,same_source_cyclic_next_latent,False,ljonly_r16_d8,8,-1.0907048455521815e-06
validation,lj_noisy,142,5,2.01823286971603e-08,9.436170955723357e-08,0.7861173902861622,1.7612787672760533e-08,157,1,1,same_source_cyclic_next_latent,False,r16_d8,2026,8.04361093287298e-07,9.436170955723357e-08,-7.524231884538144,1.0400932524134987e-06,157,1,1,same_source_cyclic_next_latent,False,ljonly_r16_d8,8,-7.841787645901377e-07
validation,lj_noisy,142,10,8.207413060290493e-08,3.835527593309962e-07,0.7860160600954587,3.8609098140796056e-08,157,1,1,same_source_cyclic_next_latent,False,r16_d8,2026,5.765193122897472e-07,3.835527593309962e-07,-0.50310302367614,8.006687721717753e-07,157,1,1,same_source_cyclic_next_latent,False,ljonly_r16_d8,8,-4.944451816868423e-07
validation,lj_noisy,142,25,6.039395543666615e-07,2.477869657013798e-06,0.7562666169073241,3.874858123253944e-07,157,1,1,same_source_cyclic_next_latent,False,r16_d8,2026,4.560664024211292e-07,2.477869657013798e-06,0.8159441514083686,6.091087811910256e-07,157,1,1,same_source_cyclic_next_latent,False,ljonly_r16_d8,8,1.4787315194553225e-07
validation,lj_noisy,142,50,1.825156232371228e-06,1.0261092029395512e-05,0.8221284608750606,1.4944627082513762e-06,157,1,1,same_source_cyclic_next_latent,False,r16_d8,2026,1.7538019392304705e-06,1.0261092029395512e-05,0.8290823302036219,1.8206127379016836e-06,157,1,1,same_source_cyclic_next_latent,False,ljonly_r16_d8,8,7.135429314075758e-08
validation,lj_noisy,142,75,3.773483285840484e-06,2.352078990952577e-05,0.83956817350287,4.06660637963796e-06,157,1,1,same_source_cyclic_next_latent,False,r16_d8,2026,5.087421413918492e-06,2.352078990952577e-05,0.7837053333035334,5.17954322276637e-06,157,1,1,same_source_cyclic_next_latent,False,ljonly_r16_d8,8,-1.3139381280780084e-06
validation,lj_noisy,142,100,7.72967359807808e-06,4.234289735904895e-05,0.8174505270025836,9.264352229365612e-06,157,1,1,same_source_cyclic_next_latent,False,r16_d8,2026,1.0209486390522216e-05,4.234289735904895e-05,0.7588855031824981,1.073776093107881e-05,157,1,1,same_source_cyclic_next_latent,False,ljonly_r16_d8,8,-2.479812792444136e-06
validation,lj_noisy,142,125,1.28935453176382e-05,6.57610289636068e-05,0.803933339839106,1.554121081426274e-05,157,1,1,same_source_cyclic_next_latent,False,r16_d8,2026,1.5739391528768465e-05,6.57610289636068e-05,0.7606577668138542,1.7244596165255643e-05,157,1,1,same_source_cyclic_next_latent,False,ljonly_r16_d8,8,-2.845846211130265e-06
validation,lj_noisy,142,149,1.8552920664660636e-05,9.220665378961712e-05,0.7987897846613996,2.184951699746307e-05,157,1,1,same_source_cyclic_next_latent,False,r16_d8,2026,2.17178458115086e-05,9.220665378961712e-05,0.7644655247867359,2.459073039062787e-05,157,1,1,same_source_cyclic_next_latent,False,ljonly_r16_d8,8,-3.1649251468479633e-06
validation,lj_noisy,142,175,2.559524000389501e-05,0.0001260444259969,0.7969347727878581,2.893494274758268e-05,157,1,1,same_source_cyclic_next_latent,False,r16_d8,2026,2.978083648486063e-05,0.0001260444259969,0.7637274615731056,3.397387627046555e-05,157,1,1,same_source_cyclic_next_latent,False,ljonly_r16_d8,8,-4.185596480965618e-06
validation,lj_noisy,142,199,3.269551234552637e-05,0.000161461342941,0.7975025368303423,3.582863791962154e-05,157,1,1,same_source_cyclic_next_latent,False,r16_d8,2026,3.843166268779896e-05,0.000161461342941,0.7619760743484386,4.381101462058723e-05,157,1,1,same_source_cyclic_next_latent,False,ljonly_r16_d8,8,-5.7361503422725946e-06
validation,lj_noisy,157,0,5.443608586119809e-08,0.0,,1.7365143776260084e-06,12,1,1,same_source_cyclic_next_latent,False,r16_d8,2026,1.2104611641916565e-06,0.0,,3.699014996527694e-06,12,1,1,same_source_cyclic_next_latent,False,ljonly_r16_d8,8,-1.1560250783304584e-06
validation,lj_noisy,157,5,1.8625936348826144e-08,9.083687757538429e-08,0.7949518208244363,1.5515439599766978e-06,12,1,1,same_source_cyclic_next_latent,False,r16_d8,2026,9.13892222342838e-07,9.083687757538429e-08,-9.060806213692358,3.448332790867425e-06,12,1,1,same_source_cyclic_next_latent,False,ljonly_r16_d8,8,-8.952662859940118e-07
validation,lj_noisy,157,10,4.572314438178182e-08,3.649991242582473e-07,0.8747308107253666,1.4211595953383949e-06,12,1,1,same_source_cyclic_next_latent,False,r16_d8,2026,7.00315695212339e-07,3.649991242582473e-07,-0.9186777410371144,3.2476823434990365e-06,12,1,1,same_source_cyclic_next_latent,False,ljonly_r16_d8,8,-6.545925508305572e-07
validation,lj_noisy,157,25,4.026296380743588e-07,2.373865527260932e-06,0.830390713605867,1.525943275737518e-06,12,1,1,same_source_cyclic_next_latent,False,r16_d8,2026,5.449354603115353e-07,2.373865527260932e-06,0.7704438376758833,3.445502670729184e-06,12,1,1,same_source_cyclic_next_latent,False,ljonly_r16_d8,8,-1.4230582223717647e-07
validation,lj_noisy,157,50,1.320568685514445e-06,9.819269507715944e-06,0.8655125328338582,3.5743253192777047e-06,12,1,1,same_source_cyclic_next_latent,False,r16_d8,2026,1.5249215721269138e-06,9.819269507715944e-06,0.8447011184560484,7.429596735164523e-06,12,1,1,same_source_cyclic_next_latent,False,ljonly_r16_d8,8,-2.0435288661246886e-07
validation,lj_noisy,157,75,3.0590247206419008e-06,2.281349952681921e-05,0.8659116407350939,7.860548976168502e-06,12,1,1,same_source_cyclic_next_latent,False,r16_d8,2026,3.907196969521465e-06,2.281349952681921e-05,0.8287331163319235,1.4719457794853952e-05,12,1,1,same_source_cyclic_next_latent,False,ljonly_r16_d8,8,-8.48172248879564e-07
validation,lj_noisy,157,100,6.582775313290767e-06,4.15882641391363e-05,0.8417155548674102,1.2971647265658248e-05,12,1,1,same_source_cyclic_next_latent,False,r16_d8,2026,7.755140359222423e-06,4.15882641391363e-05,0.8135257501184208,2.057436722679995e-05,12,1,1,same_source_cyclic_next_latent,False,ljonly_r16_d8,8,-1.172365045931656e-06
validation,lj_noisy,157,125,1.1334921509842388e-05,6.644261884503067e-05,0.8294028485499689,1.868665640358813e-05,12,1,1,same_source_cyclic_next_latent,False,r16_d8,2026,1.2557200534502044e-05,6.644261884503067e-05,0.8110068393933991,2.763164411589969e-05,12,1,1,same_source_cyclic_next_latent,False,ljonly_r16_d8,8,-1.222279024659656e-06
validation,lj_noisy,157,149,1.694870115898084e-05,9.61377882049419e-05,0.8237040660551664,2.5394116164534356e-05,12,1,1,same_source_cyclic_next_latent,False,r16_d8,2026,1.850049557106104e-05,9.61377882049419e-05,0.807562708519749,3.692182872327976e-05,12,1,1,same_source_cyclic_next_latent,False,ljonly_r16_d8,8,-1.551794412080202e-06
validation,lj_noisy,157,175,2.382127786404453e-05,0.0001335744454991,0.8216629103341196,3.396077227080241e-05,12,1,1,same_source_cyclic_next_latent,False,r16_d8,2026,2.6104802600457333e-05,0.0001335744454991,0.804567389346701,4.838580207433552e-05,12,1,1,same_source_cyclic_next_latent,False,ljonly_r16_d8,8,-2.2835247364128042e-06
validation,lj_noisy,157,199,3.195173485437408e-05,0.0001735624682623,0.8159064273845777,4.46611775259953e-05,12,1,1,same_source_cyclic_next_latent,False,r16_d8,2026,3.507297515170649e-05,0.0001735624682623,0.7979230446372562,6.211693835211918e-05,12,1,1,same_source_cyclic_next_latent,False,ljonly_r16_d8,8,-3.121240297332406e-06
validation,lj_noisy,12,0,9.003116474559647e-07,0.0,,1.6819272730117518e-07,152,1,1,same_source_cyclic_next_latent,False,r16_d8,2026,1.964933744602604e-06,0.0,,6.793684974581993e-07,152,1,1,same_source_cyclic_next_latent,False,ljonly_r16_d8,8,-1.0646220971466391e-06
validation,lj_noisy,12,5,6.461448265326908e-07,1.0223686786048348e-07,-5.320076505223594,5.6859885688709255e-08,152,1,1,same_source_cyclic_next_latent,False,r16_d8,2026,1.6041542494349414e-06,1.0223686786048348e-07,-14.690565282418811,4.122674965856277e-07,152,1,1,same_source_cyclic_next_latent,False,ljonly_r16_d8,8,-9.580094229022507e-07
validation,lj_noisy,12,10,4.68611972337385e-07,4.424935866609303e-07,-0.0590254558795861,5.609805242556831e-08,152,1,1,same_source_cyclic_next_latent,False,r16_d8,2026,1.2964508186996682e-06,4.424935866609303e-07,-1.9298748225544335,2.564624708156771e-07,152,1,1,same_source_cyclic_next_latent,False,ljonly_r16_d8,8,-8.278388463622832e-07
validation,lj_noisy,12,25,7.012690730334725e-07,3.1844713248574408e-06,0.779784773830593,8.333115601999452e-07,152,1,1,same_source_cyclic_next_latent,False,r16_d8,2026,1.2277371297386708e-06,3.1844713248574408e-06,0.6144612387760682,6.137306058917602e-07,152,1,1,same_source_cyclic_next_latent,False,ljonly_r16_d8,8,-5.264680567051983e-07
validation,lj_noisy,12,50,3.5169841794413514e-06,1.4166832443152089e-05,0.751745198261212,4.306923983676825e-06,152,1,1,same_source_cyclic_next_latent,False,r16_d8,2026,3.973641469201539e-06,1.4166832443152089e-05,0.7195109432438933,3.6193760024616495e-06,152,1,1,same_source_cyclic_next_latent,False,ljonly_r16_d8,8,-4.5665728976018727e-07
validation,lj_noisy,12,75,8.974630873126443e-06,3.3046842872863635e-05,0.7284269814319858,9.90434091363568e-06,152,1,1,same_source_cyclic_next_latent,False,r16_d8,2026,9.5203276941902e-06,3.3046842872863635e-05,0.7119141537720748,9.028412932821084e-06,152,1,1,same_source_cyclic_next_latent,False,ljonly_r16_d8,8,-5.456968210637569e-07
validation,lj_noisy,12,100,1.5052093658596276e-05,5.7156557886628434e-05,0.7366515022046549,1.6120198779390194e-05,152,1,1,same_source_cyclic_next_latent,False,r16_d8,2026,1.4959779946366323e-05,5.7156557886628434e-05,0.7382666049267794,1.4965608897909988e-05,152,1,1,same_source_cyclic_next_latent,False,ljonly_r16_d8,8,9.231371222995222e-08
validation,lj_noisy,12,125,2.262172711198218e-05,8.803003584034741e-05,0.7430226297645808,2.4567039872636087e-05,152,1,1,same_source_cyclic_next_latent,False,r16_d8,2026,2.178388967877254e-05,8.803003584034741e-05,0.7525402611640404,2.2864594939164817e-05,152,1,1,same_source_cyclic_next_latent,False,ljonly_r16_d8,8,8.378374332096428e-07
validation,lj_noisy,12,149,3.134577491437085e-05,0.0001241997088072,0.7476179677441163,3.492716496111825e-05,152,1,1,same_source_cyclic_next_latent,False,r16_d8,2026,3.007096347573679e-05,0.0001241997088072,0.7578821740846654,3.265522173023783e-05,152,1,1,same_source_cyclic_next_latent,False,ljonly_r16_d8,8,1.2748114386340603e-06
validation,lj_noisy,12,175,4.076920231455006e-05,0.0001689234195509,0.7586527526916234,4.679229823523201e-05,152,1,1,same_source_cyclic_next_latent,False,r16_d8,2026,3.947440563933924e-05,0.0001689234195509,0.7663177447848006,4.4097876525484025e-05,152,1,1,same_source_cyclic_next_latent,False,ljonly_r16_d8,8,1.2947966752108186e-06
validation,lj_noisy,12,199,4.853277641814202e-05,0.000215836931602,0.7751414641697479,5.745161615777761e-05,152,1,1,same_source_cyclic_next_latent,False,r16_d8,2026,4.831468686461449e-05,0.000215836931602,0.7761519008540945,5.503761349245906e-05,152,1,1,same_source_cyclic_next_latent,False,ljonly_r16_d8,8,2.18089553527534e-07
validation,lj_noisy,152,0,2.751879151219328e-07,0.0,,3.373369565906615e-07,29,1,1,same_source_cyclic_next_latent,False,r16_d8,2026,1.1817736549346591e-06,0.0,,1.303393787566165e-06,29,1,1,same_source_cyclic_next_latent,False,ljonly_r16_d8,8,-9.065857398127264e-07
validation,lj_noisy,152,5,1.394613491356722e-07,9.695842351220565e-08,-0.4383623834201067,1.732419434574695e-07,29,1,1,same_source_cyclic_next_latent,False,r16_d8,2026,8.728512170819158e-07,9.695842351220565e-08,-8.002324764202017,9.329987165074272e-07,29,1,1,same_source_cyclic_next_latent,False,ljonly_r16_d8,8,-7.333898679462436e-07
validation,lj_noisy,152,10,7.19967232498675e-08,4.1400659256396477e-07,0.8260976406100492,8.703597131898277e-08,29,1,1,same_source_cyclic_next_latent,False,r16_d8,2026,6.354545689646329e-07,4.1400659256396477e-07,-0.5348899760973111,6.300024324445985e-07,29,1,1,same_source_cyclic_next_latent,False,ljonly_r16_d8,8,-5.634578457147654e-07
validation,lj_noisy,152,25,2.503938389963878e-07,2.7664339086186374e-06,0.9094885881002605,3.124215766092675e-07,29,1,1,same_source_cyclic_next_latent,False,r16_d8,2026,4.442818237748725e-07,2.7664339086186374e-06,0.8394026973170252,3.3360282714056666e-07,29,1,1,same_source_cyclic_next_latent,False,ljonly_r16_d8,8,-1.9388798477848473e-07
validation,lj_noisy,152,50,1.2356623528830823e-06,1.1517513485159723e-05,0.8927144861193148,1.5713809489170671e-06,29,1,1,same_source_cyclic_next_latent,False,r16_d8,2026,1.3335027233551957e-06,1.1517513485159723e-05,0.88421956483286,1.156503458332736e-06,29,1,1,same_source_cyclic_next_latent,False,ljonly_r16_d8,8,-9.784037047211335e-08
validation,lj_noisy,152,75,3.0639498618256766e-06,2.6382193027529866e-05,0.8838629579190616,3.4116237657144666e-06,29,1,1,same_source_cyclic_next_latent,False,r16_d8,2026,3.4544327718322165e-06,2.6382193027529866e-05,0.8690619552276223,2.9532777716667624e-06,29,1,1,same_source_cyclic_next_latent,False,ljonly_r16_d8,8,-3.904829100065399e-07
validation,lj_noisy,152,100,5.796350706077647e-06,4.726915722130798e-05,0.8773756282782895,6.061690328351688e-06,29,1,1,same_source_cyclic_next_latent,False,r16_d8,2026,6.353357548505301e-06,4.726915722130798e-05,0.8655919013161222,5.588568001257954e-06,29,1,1,same_source_cyclic_next_latent,False,ljonly_r16_d8,8,-5.570068424276533e-07
validation,lj_noisy,152,125,8.88944214239018e-06,7.386328070424497e-05,0.8796500499621147,9.62911690294277e-06,29,1,1,same_source_cyclic_next_latent,False,r16_d8,2026,9.499856787442695e-06,7.386328070424497e-05,0.8713859349751746,8.763575351622421e-06,29,1,1,same_source_cyclic_next_latent,False,ljonly_r16_d8,8,-6.10414645052515e-07
validation,lj_noisy,152,149,1.2322124348429496e-05,0.0001050939827109,0.8827513809014355,1.4389897842193022e-05,29,1,1,same_source_cyclic_next_latent,False,r16_d8,2026,1.3396564099821262e-05,0.0001050939827109,0.8725277722449178,1.2620565030374564e-05,29,1,1,same_source_cyclic_next_latent,False,ljonly_r16_d8,8,-1.0744397513917664e-06
validation,lj_noisy,152,175,1.6944344679359347e-05,0.0001450929412385,0.883217305165098,2.1453281078720465e-05,29,1,1,same_source_cyclic_next_latent,False,r16_d8,2026,1.9301522115711123e-05,0.0001450929412385,0.8669713223059018,1.80353999894578e-05,29,1,1,same_source_cyclic_next_latent,False,ljonly_r16_d8,8,-2.357177436351776e-06
validation,lj_noisy,152,199,2.2715830709785223e-05,0.0001877725881058,0.879024777051178,3.022746750502847e-05,29,1,1,same_source_cyclic_next_latent,False,r16_d8,2026,2.710059197852388e-05,0.0001877725881058,0.8556733320241414,2.4526840206817724e-05,29,1,1,same_source_cyclic_next_latent,False,ljonly_r16_d8,8,-4.384761268738657e-06
validation,lj_noisy,29,0,3.6273826253818697e-07,0.0,,1.2868346175309853e-06,95,1,1,same_source_cyclic_next_latent,False,r16_d8,2026,1.3842158068655408e-06,0.0,,3.5304969969729427e-06,95,1,1,same_source_cyclic_next_latent,False,ljonly_r16_d8,8,-1.0214775443273538e-06
validation,lj_noisy,29,5,1.9938029538479898e-07,9.255531097096537e-08,-1.1541745502572471,1.0980027127516223e-06,95,1,1,same_source_cyclic_next_latent,False,r16_d8,2026,1.023609229378053e-06,9.255531097096537e-08,-10.059432663990073,3.285131469965563e-06,95,1,1,same_source_cyclic_next_latent,False,ljonly_r16_d8,8,-8.24228933993254e-07
validation,lj_noisy,29,10,1.0237235414933821e-07,3.9399358797709283e-07,0.7401674614174425,9.323095468971588e-07,95,1,1,same_source_cyclic_next_latent,False,r16_d8,2026,7.244544804052566e-07,3.9399358797709283e-07,-0.8387468794222537,3.041874151676893e-06,95,1,1,same_source_cyclic_next_latent,False,ljonly_r16_d8,8,-6.220821262559184e-07
validation,lj_noisy,29,25,2.339693025987799e-07,2.62467051470594e-06,0.9108576481170272,7.942835509311408e-07,95,1,1,same_source_cyclic_next_latent,False,r16_d8,2026,4.0700388126424514e-07,2.62467051470594e-06,0.8449314384476772,2.808196768455673e-06,95,1,1,same_source_cyclic_next_latent,False,ljonly_r16_d8,8,-1.7303457866546523e-07
validation,lj_noisy,29,50,1.1577534451134852e-06,1.0715701137087308e-05,0.8919572848941754,1.6347729570043157e-06,95,1,1,same_source_cyclic_next_latent,False,r16_d8,2026,1.12287250431109e-06,1.0715701137087308e-05,0.8952124093471775,3.944806394429179e-06,95,1,1,same_source_cyclic_next_latent,False,ljonly_r16_d8,8,3.488094080239513e-08
validation,lj_noisy,29,75,2.7350668005965417e-06,2.4163142370525748e-05,0.8868083149676433,3.902955086232396e-06,95,1,1,same_source_cyclic_next_latent,False,r16_d8,2026,3.083628598687937e-06,2.4163142370525748e-05,0.8723829644587389,6.606755505345063e-06,95,1,1,same_source_cyclic_next_latent,False,ljonly_r16_d8,8,-3.4856179809139533e-07
validation,lj_noisy,29,100,5.468153176479973e-06,4.288870331947692e-05,0.8725036489038189,7.532628387707518e-06,95,1,1,same_source_cyclic_next_latent,False,r16_d8,2026,6.398186997103039e-06,4.288870331947692e-05,0.8508188286914832,1.0158300028706437e-05,95,1,1,same_source_cyclic_next_latent,False,ljonly_r16_d8,8,-9.300338206230663e-07
validation,lj_noisy,29,125,9.381382369610948e-06,6.650677823927253e-05,0.8589409588319045,1.2351337318250444e-05,95,1,1,same_source_cyclic_next_latent,False,r16_d8,2026,1.0613593076413965e-05,6.650677823927253e-05,0.8404133630074627,1.4888696568959858e-05,95,1,1,same_source_cyclic_next_latent,False,ljonly_r16_d8,8,-1.2322107068030164e-06
validation,lj_noisy,29,149,1.4292919331637677e-05,9.352853521704674e-05,0.8471811912966577,1.822236117732245e-05,95,1,1,same_source_cyclic_next_latent,False,r16_d8,2026,1.5606025044689886e-05,9.352853521704674e-05,0.833141564673564,2.174945802835282e-05,95,1,1,same_source_cyclic_next_latent,False,ljonly_r16_d8,8,-1.3131057130522095e-06
validation,lj_noisy,29,175,2.128689629898872e-05,0.0001277870032936,0.833418925631467,2.6938534574583173e-05,95,1,1,same_source_cyclic_next_latent,False,r16_d8,2026,2.2610940504819155e-05,0.0001277870032936,0.8230575886276718,3.243457467760891e-05,95,1,1,same_source_cyclic_next_latent,False,ljonly_r16_d8,8,-1.3240442058304359e-06
validation,lj_noisy,29,199,2.955895797640551e-05,0.0001640301925363,0.8197956271381944,3.8319929444696754e-05,95,1,1,same_source_cyclic_next_latent,False,r16_d8,2026,3.070024467888288e-05,0.0001640301925363,0.8128378428130629,4.55222834716551e-05,95,1,1,same_source_cyclic_next_latent,False,ljonly_r16_d8,8,-1.1412867024773732e-06
validation,lj_noisy,95,0,8.067643193498952e-07,0.0,,8.33604829608703e-08,183,1,1,same_source_cyclic_next_latent,False,r16_d8,2026,2.35368884204945e-06,0.0,,6.557405640705838e-07,183,1,1,same_source_cyclic_next_latent,False,ljonly_r16_d8,8,-1.546924522699555e-06
validation,lj_noisy,95,5,5.954863127044518e-07,9.315184712477277e-08,-5.3926409522167,2.0177202131321792e-08,183,1,1,same_source_cyclic_next_latent,False,r16_d8,2026,2.0575992039084667e-06,9.315184712477277e-08,-21.088657041361767,4.0070574414130533e-07,183,1,1,same_source_cyclic_next_latent,False,ljonly_r16_d8,8,-1.4621128912040149e-06
validation,lj_noisy,95,10,4.1503017200739123e-07,4.062233927015768e-07,-0.0216796458895318,4.5952319283060206e-08,183,1,1,same_source_cyclic_next_latent,False,r16_d8,2026,1.7642157672526082e-06,4.062233927015768e-07,-3.342969407841688,2.2530419130362134e-07,183,1,1,same_source_cyclic_next_latent,False,ljonly_r16_d8,8,-1.349185595245217e-06
validation,lj_noisy,95,25,3.223923670248041e-07,2.82183304989303e-06,0.8857507296411369,6.839277375547681e-07,183,1,1,same_source_cyclic_next_latent,False,r16_d8,2026,1.3845128705725074e-06,2.82183304989303e-06,0.5093569158441207,3.400991488433647e-07,183,1,1,same_source_cyclic_next_latent,False,ljonly_r16_d8,8,-1.0621205035477033e-06
validation,lj_noisy,95,50,1.693159106253006e-06,1.2093249097233638e-05,0.8599913809234012,3.0906708161637653e-06,183,1,1,same_source_cyclic_next_latent,False,r16_d8,2026,2.5958195237762997e-06,1.2093249097233638e-05,0.7853497018952418,2.294847035955172e-06,183,1,1,same_source_cyclic_next_latent,False,ljonly_r16_d8,8,-9.026604175232937e-07
validation,lj_noisy,95,75,5.006505034543807e-06,2.818343091348652e-05,0.8223599869756076,6.967929039092269e-06,183,1,1,same_source_cyclic_next_latent,False,r16_d8,2026,6.028664301993558e-06,2.818343091348652e-05,0.7860918948974136,6.2010276451474056e-06,183,1,1,same_source_cyclic_next_latent,False,ljonly_r16_d8,8,-1.0221592674497515e-06
validation,lj_noisy,95,100,1.0678190847102089e-05,5.138449341757223e-05,0.7921904034291714,1.3180126188672148e-05,183,1,1,same_source_cyclic_next_latent,False,r16_d8,2026,1.1958753020735458e-05,5.138449341757223e-05,0.7672692241304483,1.2728477486234624e-05,183,1,1,same_source_cyclic_next_latent,False,ljonly_r16_d8,8,-1.2805621736333689e-06
validation,lj_noisy,95,125,1.832414091040846e-05,8.035653445404023e-05,0.771964519937219,2.153703644580673e-05,183,1,1,same_source_cyclic_next_latent,False,r16_d8,2026,2.024103196163196e-05,8.035653445404023e-05,0.7481096951336449,2.172553831769619e-05,183,1,1,same_source_cyclic_next_latent,False,ljonly_r16_d8,8,-1.9168910512235016e-06
validation,lj_noisy,95,149,2.9532509870477952e-05,0.0001155957506853,0.744519070161378,3.4106818930013105e-05,183,1,1,same_source_cyclic_next_latent,False,r16_d8,2026,3.272515823482536e-05,0.0001155957506853,0.7168999894822041,3.486382411210798e-05,183,1,1,same_source_cyclic_next_latent,False,ljonly_r16_d8,8,-3.1926483643474057e-06
validation,lj_noisy,95,175,4.716110925073736e-05,0.0001621420669835,0.7091371158137831,5.4272415582090616e-05,183,1,1,same_source_cyclic_next_latent,False,r16_d8,2026,5.339838389772922e-05,0.0001621420669835,0.6706691551973296,5.555295501835644e-05,183,1,1,same_source_cyclic_next_latent,False,ljonly_r16_d8,8,-6.237274646991857e-06
validation,lj_noisy,95,199,6.864068564027548e-05,0.0002128292690031,0.67748474652108,7.926832040539011e-05,183,1,1,same_source_cyclic_next_latent,False,r16_d8,2026,7.989938603714108e-05,0.0002128292690031,0.6245845958528916,8.142391743604094e-05,183,1,1,same_source_cyclic_next_latent,False,ljonly_r16_d8,8,-1.1258700396865606e-05
validation,lj_noisy,183,0,1.4745592125109397e-07,0.0,,7.875514143051987e-07,147,1,1,same_source_cyclic_next_latent,False,r16_d8,2026,1.160403940048127e-06,0.0,,2.5874953735183226e-06,147,1,1,same_source_cyclic_next_latent,False,ljonly_r16_d8,8,-1.012948018797033e-06
validation,lj_noisy,183,5,5.8112195944204366e-08,9.035466774776069e-08,0.3568434548790138,6.589221470676421e-07,147,1,1,same_source_cyclic_next_latent,False,r16_d8,2026,8.575765946261527e-07,9.035466774776069e-08,-8.491226253193837,2.3781169602443697e-06,147,1,1,same_source_cyclic_next_latent,False,ljonly_r16_d8,8,-7.994643986819483e-07
validation,lj_noisy,183,10,2.9486482588936272e-08,3.734352276296704e-07,0.921039900878935,5.859275233888184e-07,147,1,1,same_source_cyclic_next_latent,False,r16_d8,2026,6.29432122423168e-07,3.734352276296704e-07,-0.6855188687430569,2.2442166027758503e-06,147,1,1,same_source_cyclic_next_latent,False,ljonly_r16_d8,8,-5.999456398342318e-07
validation,lj_noisy,183,25,2.439294348732801e-07,2.431817392789526e-06,0.8996925362913578,7.754352395750175e-07,147,1,1,same_source_cyclic_next_latent,False,r16_d8,2026,4.334414427376032e-07,2.431817392789526e-06,0.8217623395478701,2.5873225695249857e-06,147,1,1,same_source_cyclic_next_latent,False,ljonly_r16_d8,8,-1.895120078643231e-07
validation,lj_noisy,183,50,1.2088436278645531e-06,1.020561103359796e-05,0.8815510777468482,2.685011850189767e-06,147,1,1,same_source_cyclic_next_latent,False,r16_d8,2026,1.355885956400016e-06,1.020561103359796e-05,0.8671430890383443,5.888894065719796e-06,147,1,1,same_source_cyclic_next_latent,False,ljonly_r16_d8,8,-1.4704232853546294e-07
validation,lj_noisy,183,75,3.227627303203917e-06,2.3695167328696695e-05,0.8637854184175772,6.647353529842803e-06,147,1,1,same_source_cyclic_next_latent,False,r16_d8,2026,3.842104888462927e-06,2.3695167328696695e-05,0.8378528062213835,1.1634912880253978e-05,147,1,1,same_source_cyclic_next_latent,False,ljonly_r16_d8,8,-6.144775852590101e-07
validation,lj_noisy,183,100,6.849394594610203e-06,4.307867129682563e-05,0.8410026496078369,1.1577363693504594e-05,147,1,1,same_source_cyclic_next_latent,False,r16_d8,2026,7.892919711594004e-06,4.307867129682563e-05,0.8167789424792307,1.7805643437895924e-05,147,1,1,same_source_cyclic_next_latent,False,ljonly_r16_d8,8,-1.0435251169838011e-06
validation,lj_noisy,183,125,1.0981078048644122e-05,6.872970698168501e-05,0.8402280683144722,1.571701795910485e-05,147,1,1,same_source_cyclic_next_latent,False,r16_d8,2026,1.2151131159043873e-05,6.872970698168501e-05,0.8232040889933971,2.4035451133386232e-05,147,1,1,same_source_cyclic_next_latent,False,ljonly_r16_d8,8,-1.1700531103997508e-06
validation,lj_noisy,183,149,1.530766166979447e-05,9.890592627925798e-05,0.8452300863491866,1.953599348780699e-05,147,1,1,same_source_cyclic_next_latent,False,r16_d8,2026,1.662858085182961e-05,9.890592627925798e-05,0.8318747776055471,3.154548176098615e-05,147,1,1,same_source_cyclic_next_latent,False,ljonly_r16_d8,8,-1.3209191820351407e-06
validation,lj_noisy,183,175,2.0815406969632025e-05,0.00013746204786,0.8485734259478823,2.438694536976982e-05,147,1,1,same_source_cyclic_next_latent,False,r16_d8,2026,2.256319930893369e-05,0.00013746204786,0.8358586994723871,4.172288026893512e-05,147,1,1,same_source_cyclic_next_latent,False,ljonly_r16_d8,8,-1.7477923393016647e-06
validation,lj_noisy,183,199,2.772381776594557e-05,0.0001797954901121,0.8458035974725975,3.063352778553963e-05,147,1,1,same_source_cyclic_next_latent,False,r16_d8,2026,3.017196650034748e-05,0.0001797954901121,0.832187300796442,5.4217689466895536e-05,147,1,1,same_source_cyclic_next_latent,False,ljonly_r16_d8,8,-2.4481487344019115e-06
validation,lj_noisy,147,0,5.332508976607642e-07,0.0,,5.548101356112056e-08,43,1,1,same_source_cyclic_next_latent,False,r16_d8,2026,1.8100568013323937e-06,0.0,,1.0488572570466204e-06,43,1,1,same_source_cyclic_next_latent,False,ljonly_r16_d8,8,-1.2768059036716295e-06
validation,lj_noisy,147,5,3.6124498592471365e-07,1.0630814983869641e-07,-2.398093057520408,1.805650384767432e-08,43,1,1,same_source_cyclic_next_latent,False,r16_d8,2026,1.5086677649378544e-06,1.0630814983869641e-07,-13.191459142379845,7.370100547632319e-07,43,1,1,same_source_cyclic_next_latent,False,ljonly_r16_d8,8,-1.1474227790131408e-06
validation,lj_noisy,147,10,2.651105432960321e-07,4.434336347003409e-07,0.4021415550149103,8.299355869212378e-08,43,1,1,same_source_cyclic_next_latent,False,r16_d8,2026,1.291436774408794e-06,4.434336347003409e-07,-1.912356378382321,5.311668473950704e-07,43,1,1,same_source_cyclic_next_latent,False,ljonly_r16_d8,8,-1.0263262311127619e-06
validation,lj_noisy,147,25,4.11581083881174e-07,2.912094714702107e-06,0.8586649390889483,7.223880515994097e-07,43,1,1,same_source_cyclic_next_latent,False,r16_d8,2026,1.2691948541032616e-06,2.912094714702107e-06,0.5641642946242241,4.888648845735588e-07,43,1,1,same_source_cyclic_next_latent,False,ljonly_r16_d8,8,-8.576137702220876e-07
validation,lj_noisy,147,50,1.6990190943033667e-06,1.199792586703552e-05,0.8583905990808423,2.2642211661150213e-06,43,1,1,same_source_cyclic_next_latent,False,r16_d8,2026,3.0094065550656524e-06,1.199792586703552e-05,0.7491727663250494,1.7102269112001522e-06,43,1,1,same_source_cyclic_next_latent,False,ljonly_r16_d8,8,-1.3103874607622856e-06
validation,lj_noisy,147,75,4.021324002678739e-06,2.723287980188616e-05,0.8523357047828551,4.135242761549307e-06,43,1,1,same_source_cyclic_next_latent,False,r16_d8,2026,6.030767053744057e-06,2.723287980188616e-05,0.7785483174156864,4.078576694155345e-06,43,1,1,same_source_cyclic_next_latent,False,ljonly_r16_d8,8,-2.0094430510653183e-06
validation,lj_noisy,147,100,7.163436293922132e-06,4.869244003202766e-05,0.8528840146599688,7.1306180871033575e-06,43,1,1,same_source_cyclic_next_latent,False,r16_d8,2026,9.544211025058758e-06,4.869244003202766e-05,0.8039898797681733,7.487203674827469e-06,43,1,1,same_source_cyclic_next_latent,False,ljonly_r16_d8,8,-2.3807747311366256e-06
validation,lj_noisy,147,125,1.1289001122349871e-05,7.65042204875499e-05,0.8524394987569736,1.1628170796029735e-05,43,1,1,same_source_cyclic_next_latent,False,r16_d8,2026,1.4528874089592136e-05,7.65042204875499e-05,0.8100905545210211,1.2308205441513564e-05,43,1,1,same_source_cyclic_next_latent,False,ljonly_r16_d8,8,-3.239872967242265e-06
validation,lj_noisy,147,149,1.6496811440447345e-05,0.0001096505948225,0.8495510994068252,1.7507021766505204e-05,43,1,1,same_source_cyclic_next_latent,False,r16_d8,2026,2.1472204025485556e-05,0.0001096505948225,0.8041761281803774,1.879534102045e-05,43,1,1,same_source_cyclic_next_latent,False,ljonly_r16_d8,8,-4.975392585038211e-06
validation,lj_noisy,147,175,2.4363611373701133e-05,0.0001528372813481,0.8405911754070162,2.617104837554507e-05,43,1,1,same_source_cyclic_next_latent,False,r16_d8,2026,3.245149491704069e-05,0.0001528372813481,0.7876729118001526,2.8633327019633725e-05,43,1,1,same_source_cyclic_next_latent,False,ljonly_r16_d8,8,-8.087883543339558e-06
validation,lj_noisy,147,199,3.446407936280593e-05,0.0001997498766286,0.8274638265390235,3.6888821341563016e-05,43,1,1,same_source_cyclic_next_latent,False,r16_d8,2026,4.7365541831823066e-05,0.0001997498766286,0.762875739243214,4.1098192014032975e-05,43,1,1,same_source_cyclic_next_latent,False,ljonly_r16_d8,8,-1.2901462469017133e-05
validation,lj_noisy,43,0,6.199932300887667e-08,0.0,,2.662128224528715e-07,13,1,1,same_source_cyclic_next_latent,False,r16_d8,2026,1.399628445142298e-06,0.0,,1.127729206018557e-06,13,1,1,same_source_cyclic_next_latent,False,ljonly_r16_d8,8,-1.3376291221334213e-06
validation,lj_noisy,43,5,1.3864502435012582e-08,9.6270760252537e-08,0.8559842843388451,1.544640753081694e-07,13,1,1,same_source_cyclic_next_latent,False,r16_d8,2026,1.085662802324805e-06,9.6270760252537e-08,-10.27718114489695,8.246806828537956e-07,13,1,1,same_source_cyclic_next_latent,False,ljonly_r16_d8,8,-1.0717982998897924e-06
validation,lj_noisy,43,10,4.1347821166937144e-08,4.102923867321806e-07,0.89922352326287,1.1769702723540833e-07,13,1,1,same_source_cyclic_next_latent,False,r16_d8,2026,8.463447898066079e-07,4.102923867321806e-07,-1.0627845340914446,5.930463089498517e-07,13,1,1,same_source_cyclic_next_latent,False,ljonly_r16_d8,8,-8.049969686396707e-07
validation,lj_noisy,43,25,4.5823287564417125e-07,2.796049102471443e-06,0.8361141529170083,4.186913145076687e-07,13,1,1,same_source_cyclic_next_latent,False,r16_d8,2026,6.47865647351864e-07,2.796049102471443e-06,0.7682924642563638,3.787666287280445e-07,13,1,1,same_source_cyclic_next_latent,False,ljonly_r16_d8,8,-1.8963277170769278e-07
validation,lj_noisy,43,50,1.4818746194578123e-06,1.1718565474438948e-05,0.8735447079516565,1.7922612869369914e-06,13,1,1,same_source_cyclic_next_latent,False,r16_d8,2026,1.6681158285791753e-06,1.1718565474438948e-05,0.8576518745218651,1.2038860859320266e-06,13,1,1,same_source_cyclic_next_latent,False,ljonly_r16_d8,8,-1.8624120912136298e-07
validation,lj_noisy,43,75,3.248948132750229e-06,2.693894930416718e-05,0.8793958852638826,4.124027782381745e-06,13,1,1,same_source_cyclic_next_latent,False,r16_d8,2026,4.063392225361895e-06,2.693894930416718e-05,0.8491629283873618,3.1644553928344976e-06,13,1,1,same_source_cyclic_next_latent,False,ljonly_r16_d8,8,-8.144440926116658e-07
validation,lj_noisy,43,100,6.217689133336535e-06,4.813013947568834e-05,0.870815060976974,7.517985068261623e-06,13,1,1,same_source_cyclic_next_latent,False,r16_d8,2026,7.05349657437182e-06,4.813013947568834e-05,0.853449488174978,6.0486618167487904e-06,13,1,1,same_source_cyclic_next_latent,False,ljonly_r16_d8,8,-8.358074410352856e-07
validation,lj_noisy,43,125,1.031379997584736e-05,7.53487111069262e-05,0.8631190922269234,1.2156995580880904e-05,13,1,1,same_source_cyclic_next_latent,False,r16_d8,2026,1.0689610462577548e-05,7.53487111069262e-05,0.8581314755682007,9.948322258424014e-06,13,1,1,same_source_cyclic_next_latent,False,ljonly_r16_d8,8,-3.7581048673018813e-07
validation,lj_noisy,43,149,1.5297620848286897e-05,0.000107481246232,0.8576717205598929,1.809733294066973e-05,13,1,1,same_source_cyclic_next_latent,False,r16_d8,2026,1.5538913430646062e-05,0.000107481246232,0.8554267467545259,1.4974895748309793e-05,13,1,1,same_source_cyclic_next_latent,False,ljonly_r16_d8,8,-2.4129258235916495e-07
validation,lj_noisy,43,175,2.1935618860879916e-05,0.0001489836140535,0.8527648896140252,2.6408928533783183e-05,13,1,1,same_source_cyclic_next_latent,False,r16_d8,2026,2.2517182515002787e-05,0.0001489836140535,0.8488613485580689,2.183918149967212e-05,13,1,1,same_source_cyclic_next_latent,False,ljonly_r16_d8,8,-5.815636541228708e-07
validation,lj_noisy,43,199,3.016845221281983e-05,0.0001935522304847,0.8441327587015766,3.618301707319915e-05,13,1,1,same_source_cyclic_next_latent,False,r16_d8,2026,3.1252675398718566e-05,0.0001935522304847,0.8385310501437206,2.9853370506316423e-05,13,1,1,same_source_cyclic_next_latent,False,ljonly_r16_d8,8,-1.0842231858987361e-06
validation,lj_noisy,13,0,2.670225853762531e-07,0.0,,2.000534919943675e-07,40,1,1,same_source_cyclic_next_latent,False,r16_d8,2026,1.0525795914873015e-06,0.0,,1.5234454622259364e-06,40,1,1,same_source_cyclic_next_latent,False,ljonly_r16_d8,8,-7.855570061110484e-07
validation,lj_noisy,13,5,1.501661159863943e-07,9.281463064780837e-08,-0.6179142764270662,8.22038614956e-08,40,1,1,same_source_cyclic_next_latent,False,r16_d8,2026,7.719924042248749e-07,9.281463064780837e-08,-7.317572335704856,1.1770664514187956e-06,40,1,1,same_source_cyclic_next_latent,False,ljonly_r16_d8,8,-6.218262882384806e-07
validation,lj_noisy,13,10,9.891085284152724e-08,3.781031523431011e-07,0.7384024644370781,4.195380398641646e-08,40,1,1,same_source_cyclic_next_latent,False,r16_d8,2026,5.854887490386318e-07,3.781031523431011e-07,-0.5484894675179628,9.047901130543324e-07,40,1,1,same_source_cyclic_next_latent,False,ljonly_r16_d8,8,-4.865778961971046e-07
validation,lj_noisy,13,25,2.443856317313476e-07,2.410028173471801e-06,0.8985963589880801,3.171112723521219e-07,40,1,1,same_source_cyclic_next_latent,False,r16_d8,2026,4.880713504462619e-07,2.410028173471801e-06,0.7974831349198861,5.667789082508534e-07,40,1,1,same_source_cyclic_next_latent,False,ljonly_r16_d8,8,-2.4368571871491435e-07
validation,lj_noisy,13,50,1.1019444627891062e-06,9.818084436119534e-06,0.8877638026074428,1.5315088148781797e-06,40,1,1,same_source_cyclic_next_latent,False,r16_d8,2026,1.4600467466152622e-06,9.818084436119534e-06,0.8512900600809739,1.3255473731987877e-06,40,1,1,same_source_cyclic_next_latent,False,ljonly_r16_d8,8,-3.5810228382615605e-07
validation,lj_noisy,13,75,2.8038125492457766e-06,2.2434529455495067e-05,0.8750224489972971,3.244287199777318e-06,40,1,1,same_source_cyclic_next_latent,False,r16_d8,2026,3.742972012332757e-06,2.2434529455495067e-05,0.833160217611965,3.341523324706941e-06,40,1,1,same_source_cyclic_next_latent,False,ljonly_r16_d8,8,-9.391594630869804e-07
validation,lj_noisy,13,100,5.514368695003213e-06,4.028679541079328e-05,0.8631221808839664,5.755733582191169e-06,40,1,1,same_source_cyclic_next_latent,False,r16_d8,2026,7.197356808319455e-06,4.028679541079328e-05,0.8213470012958339,6.469295385613805e-06,40,1,1,same_source_cyclic_next_latent,False,ljonly_r16_d8,8,-1.6829881133162417e-06
validation,lj_noisy,13,125,9.16681528906338e-06,6.321443652268499e-05,0.8549885786647201,9.401778697792906e-06,40,1,1,same_source_cyclic_next_latent,False,r16_d8,2026,1.1635535884124693e-05,6.321443652268499e-05,0.8159354646790343,1.07540172393783e-05,40,1,1,same_source_cyclic_next_latent,False,ljonly_r16_d8,8,-2.4687205950613134e-06
validation,lj_noisy,13,149,1.4134092452877668e-05,8.989958587335423e-05,0.8427791149918196,1.446286933060037e-05,40,1,1,same_source_cyclic_next_latent,False,r16_d8,2026,1.7604146705707535e-05,8.989958587335423e-05,0.8041798909896278,1.6535825125174597e-05,40,1,1,same_source_cyclic_next_latent,False,ljonly_r16_d8,8,-3.4700542528298667e-06
validation,lj_noisy,13,175,2.3244312615133825e-05,0.0001256491668755,0.815006233681103,2.358941492275335e-05,40,1,1,same_source_cyclic_next_latent,False,r16_d8,2026,2.8375632609822787e-05,0.0001256491668755,0.7741677615902169,2.655762364156544e-05,40,1,1,same_source_cyclic_next_latent,False,ljonly_r16_d8,8,-5.131319994688962e-06
validation,lj_noisy,13,199,3.420786379138008e-05,0.0001638034591451,0.7911651929091916,3.424929309403524e-05,40,1,1,same_source_cyclic_next_latent,False,r16_d8,2026,4.138821532251313e-05,0.0001638034591451,0.7473300286910092,3.813779403571971e-05,40,1,1,same_source_cyclic_next_latent,False,ljonly_r16_d8,8,-7.180351531133056e-06
validation,lj_noisy,40,0,1.982870827532679e-07,0.0,,2.3810753191355616e-06,132,1,1,same_source_cyclic_next_latent,False,r16_d8,2026,1.5093038427949068e-06,0.0,,4.529298166744411e-06,132,1,1,same_source_cyclic_next_latent,False,ljonly_r16_d8,8,-1.311016760041639e-06
validation,lj_noisy,40,5,7.73300783407649e-08,9.645786747114472e-08,0.1983020113533184,2.2314011403068434e-06,132,1,1,same_source_cyclic_next_latent,False,r16_d8,2026,1.144009502240806e-06,9.645786747114472e-08,-10.860198988776476,4.3598629417829216e-06,132,1,1,same_source_cyclic_next_latent,False,ljonly_r16_d8,8,-1.0666794239000412e-06
validation,lj_noisy,40,10,3.6322301610880465e-08,4.181624433385878e-07,0.9131382978325718,2.085430196530069e-06,132,1,1,same_source_cyclic_next_latent,False,r16_d8,2026,8.240296551775828e-07,4.181624433385878e-07,-0.970596997182654,4.152293968218146e-06,132,1,1,same_source_cyclic_next_latent,False,ljonly_r16_d8,8,-7.877073535667023e-07
validation,lj_noisy,40,25,5.014804287384322e-07,2.9362895475060213e-06,0.8292128822362319,2.1373464278440224e-06,132,1,1,same_source_cyclic_next_latent,False,r16_d8,2026,5.062782975073787e-07,2.9362895475060213e-06,0.8275788918918459,4.084666670678416e-06,132,1,1,same_source_cyclic_next_latent,False,ljonly_r16_d8,8,-4.7978687689465005e-09
validation,lj_noisy,40,50,2.6617763069225475e-06,1.2648867595999036e-05,0.7895640628126668,3.6867752442049095e-06,132,1,1,same_source_cyclic_next_latent,False,r16_d8,2026,1.8908654055849183e-06,1.2648867595999036e-05,0.850511091903356,5.65183290746063e-06,132,1,1,same_source_cyclic_next_latent,False,ljonly_r16_d8,8,7.709109013376292e-07
validation,lj_noisy,40,75,5.838688139192527e-06,2.948326982732397e-05,0.8019660582632713,6.839345587650314e-06,132,1,1,same_source_cyclic_next_latent,False,r16_d8,2026,5.184828296478372e-06,2.948326982732397e-05,0.8241433759944335,8.82051699591102e-06,132,1,1,same_source_cyclic_next_latent,False,ljonly_r16_d8,8,6.538598427141551e-07
validation,lj_noisy,40,100,1.0654475772753358e-05,5.388597855926491e-05,0.8022774002139472,1.2098869774490597e-05,132,1,1,same_source_cyclic_next_latent,False,r16_d8,2026,1.0720451427914668e-05,5.388597855926491e-05,0.8010530435830521,1.4264303899835795e-05,132,1,1,same_source_cyclic_next_latent,False,ljonly_r16_d8,8,-6.597565516130999e-08
validation,lj_noisy,40,125,1.7477133951615542e-05,8.557874389225617e-05,0.795777161982895,1.9571692973840985e-05,132,1,1,same_source_cyclic_next_latent,False,r16_d8,2026,1.8384727809461765e-05,8.557874389225617e-05,0.7851717964847886,2.274129838042427e-05,132,1,1,same_source_cyclic_next_latent,False,ljonly_r16_d8,8,-9.075938578462228e-07
validation,lj_noisy,40,149,2.5810610168264247e-05,0.0001225326122948,0.7893572193976588,2.913480784627609e-05,132,1,1,same_source_cyclic_next_latent,False,r16_d8,2026,2.7397216399549507e-05,0.0001225326122948,0.7764087789655973,3.468671638984233e-05,132,1,1,same_source_cyclic_next_latent,False,ljonly_r16_d8,8,-1.5866062312852591e-06
validation,lj_noisy,40,175,3.790729897445999e-05,0.0001704702153801,0.7776309551207107,4.4563337723957375e-05,132,1,1,same_source_cyclic_next_latent,False,r16_d8,2026,3.9845253922976553e-05,0.0001704702153801,0.7662626645123224,5.393413084675558e-05,132,1,1,same_source_cyclic_next_latent,False,ljonly_r16_d8,8,-1.9379549485165626e-06
validation,lj_noisy,40,199,5.256116128293797e-05,0.0002223484916612,0.7636090944884157,6.391927308868617e-05,132,1,1,same_source_cyclic_next_latent,False,r16_d8,2026,5.413804319687188e-05,0.0002223484916612,0.7565171556038638,7.912558794487268e-05,132,1,1,same_source_cyclic_next_latent,False,ljonly_r16_d8,8,-1.5768819139339098e-06
validation,lj_noisy,132,0,1.5599697462675977e-06,0.0,,4.7249717027852967e-08,61,1,1,same_source_cyclic_next_latent,False,r16_d8,2026,2.995798922711401e-06,0.0,,4.772199986291525e-07,61,1,1,same_source_cyclic_next_latent,False,ljonly_r16_d8,8,-1.4358291764438032e-06
validation,lj_noisy,132,5,1.31592742036446e-06,1.029204241831394e-07,-11.785872491380944,2.9429783054979453e-08,61,1,1,same_source_cyclic_next_latent,False,r16_d8,2026,2.696095634746598e-06,1.029204241831394e-07,-25.195924240936787,2.4496617356817296e-07,61,1,1,same_source_cyclic_next_latent,False,ljonly_r16_d8,8,-1.380168214382138e-06
validation,lj_noisy,132,10,1.1049029353671358e-06,4.412522969232669e-07,-1.5040162806433548,1.3066048154541934e-07,61,1,1,same_source_cyclic_next_latent,False,r16_d8,2026,2.393788463450619e-06,4.412522969232669e-07,-4.424988108032207,1.2015475192583838e-07,61,1,1,same_source_cyclic_next_latent,False,ljonly_r16_d8,8,-1.2888855280834832e-06
validation,lj_noisy,132,25,9.667292033554986e-07,3.067184479732532e-06,0.6848154358684677,1.112360678234836e-06,61,1,1,same_source_cyclic_next_latent,False,r16_d8,2026,1.9830301880574552e-06,3.067184479732532e-06,0.3534688894127484,4.575295520226064e-07,61,1,1,same_source_cyclic_next_latent,False,ljonly_r16_d8,8,-1.0163009847019566e-06
validation,lj_noisy,132,50,2.5014123821165413e-06,1.3521135770133696e-05,0.814999832510978,4.160180196777219e-06,61,1,1,same_source_cyclic_next_latent,False,r16_d8,2026,3.0902333492122125e-06,1.3521135770133696e-05,0.7714516441704471,2.7231360490986845e-06,61,1,1,same_source_cyclic_next_latent,False,ljonly_r16_d8,8,-5.888209670956712e-07
validation,lj_noisy,132,75,6.457911240431713e-06,3.2666182960383594e-05,0.8023059122559975,8.6356758401962e-06,61,1,1,same_source_cyclic_next_latent,False,r16_d8,2026,6.371478775690775e-06,3.2666182960383594e-05,0.8049518432129679,6.7751861934084445e-06,61,1,1,same_source_cyclic_next_latent,False,ljonly_r16_d8,8,8.643246474093758e-08
validation,lj_noisy,132,100,1.3465833035297692e-05,6.118311284808442e-05,0.7799093179725443,1.611413790669758e-05,61,1,1,same_source_cyclic_next_latent,False,r16_d8,2026,1.2778649761457928e-05,6.118311284808442e-05,0.7911409020134873,1.3774110811937136e-05,61,1,1,same_source_cyclic_next_latent,False,ljonly_r16_d8,8,6.871832738397643e-07
validation,lj_noisy,132,125,2.554860657255631e-05,0.0001014992230921,0.7482876637452458,2.9549326427513734e-05,61,1,1,same_source_cyclic_next_latent,False,r16_d8,2026,2.5022416593856175e-05,0.0001014992230921,0.7534718411474968,2.6455390980117954e-05,61,1,1,same_source_cyclic_next_latent,False,ljonly_r16_d8,8,5.261899787001346e-07
validation,lj_noisy,132,149,4.140855526202358e-05,0.000150934967678,0.725653002090594,4.765861740452237e-05,61,1,1,same_source_cyclic_next_latent,False,r16_d8,2026,4.282480222173035e-05,0.000150934967678,0.7162698420350144,4.378137964522466e-05,61,1,1,same_source_cyclic_next_latent,False,ljonly_r16_d8,8,-1.4162469597067684e-06
validation,lj_noisy,132,175,6.134102295618504e-05,0.0002120805875165,0.7107654987451341,7.00635282555595e-05,61,1,1,same_source_cyclic_next_latent,False,r16_d8,2026,6.76390336593613e-05,0.0002120805875165,0.6810691895405723,6.594913429580629e-05,61,1,1,same_source_cyclic_next_latent,False,ljonly_r16_d8,8,-6.29801070317626e-06
validation,lj_noisy,132,199,7.798793376423419e-05,0.0002682431077118,0.7092639791215203,8.761506614973769e-05,61,1,1,same_source_cyclic_next_latent,False,r16_d8,2026,9.005268657347187e-05,0.0002682431077118,0.6642870441607319,8.399563375860453e-05,61,1,1,same_source_cyclic_next_latent,False,ljonly_r16_d8,8,-1.2064752809237689e-05
validation,lj_noisy,61,0,7.092602771763269e-08,0.0,,1.225343112309929e-06,188,1,1,same_source_cyclic_next_latent,False,r16_d8,2026,9.818944590733736e-07,0.0,,4.007869392808061e-06,188,1,1,same_source_cyclic_next_latent,False,ljonly_r16_d8,8,-9.109684313557409e-07
validation,lj_noisy,61,5,1.872619392884189e-08,9.96304834188777e-08,0.812043530391084,1.0057996178147732e-06,188,1,1,same_source_cyclic_next_latent,False,r16_d8,2026,6.733602049280307e-07,9.96304834188777e-08,-5.758576108649537,3.6369212921272265e-06,188,1,1,same_source_cyclic_next_latent,False,ljonly_r16_d8,8,-6.546340109991888e-07
validation,lj_noisy,61,10,4.4104957908075455e-08,4.162667153195798e-07,0.8940463979345195,8.369580086764472e-07,188,1,1,same_source_cyclic_next_latent,False,r16_d8,2026,4.47853949481214e-07,4.162667153195798e-07,-0.0758822000394234,3.319192956041661e-06,188,1,1,same_source_cyclic_next_latent,False,ljonly_r16_d8,8,-4.0374899157313854e-07
validation,lj_noisy,61,25,4.221375036195241e-07,2.741091520874761e-06,0.8459965672781302,7.636609211658651e-07,188,1,1,same_source_cyclic_next_latent,False,r16_d8,2026,2.723153045280924e-07,2.741091520874761e-06,0.9006544281888156,3.104124971287092e-06,188,1,1,same_source_cyclic_next_latent,False,ljonly_r16_d8,8,1.4982219909143174e-07
validation,lj_noisy,61,50,1.1244168263147003e-06,1.1338017429807223e-05,0.9008277387756832,2.179517196054803e-06,188,1,1,same_source_cyclic_next_latent,False,r16_d8,2026,1.0330763871024828e-06,1.1338017429807223e-05,0.9088838596784512,5.279987362882821e-06,188,1,1,same_source_cyclic_next_latent,False,ljonly_r16_d8,8,9.134043921221746e-08
validation,lj_noisy,61,75,2.2783101485401858e-06,2.6031604647869244e-05,0.9124790738274112,5.225551831244957e-06,188,1,1,same_source_cyclic_next_latent,False,r16_d8,2026,3.178527322234004e-06,2.6031604647869244e-05,0.8778973726272317,8.92850130185252e-06,188,1,1,same_source_cyclic_next_latent,False,ljonly_r16_d8,8,-9.00217173693818e-07
validation,lj_noisy,61,100,4.842704584007152e-06,4.705508763436228e-05,0.8970843573465,8.61989155964693e-06,188,1,1,same_source_cyclic_next_latent,False,r16_d8,2026,6.168607797008008e-06,4.705508763436228e-05,0.8689066771070395,1.1681784599204548e-05,188,1,1,same_source_cyclic_next_latent,False,ljonly_r16_d8,8,-1.3259032130008555e-06
validation,lj_noisy,61,125,8.12259895610623e-06,7.433142309309915e-05,0.8907245601105634,1.1781509783759248e-05,188,1,1,same_source_cyclic_next_latent,False,r16_d8,2026,8.954531949711964e-06,7.433142309309915e-05,0.879532348808975,1.4569181075785307e-05,188,1,1,same_source_cyclic_next_latent,False,ljonly_r16_d8,8,-8.319329936057329e-07
validation,lj_noisy,61,149,1.155922200268833e-05,0.0001063243253156,0.8912833731286659,1.489631540607661e-05,188,1,1,same_source_cyclic_next_latent,False,r16_d8,2026,1.228434939548606e-05,0.0001063243253156,0.8844634155070682,1.873485234682448e-05,188,1,1,same_source_cyclic_next_latent,False,ljonly_r16_d8,8,-7.251273927977309e-07
validation,lj_noisy,61,175,1.5815909137018025e-05,0.0001481663784943,0.8932557487215569,1.879460432974156e-05,188,1,1,same_source_cyclic_next_latent,False,r16_d8,2026,1.7411784938303754e-05,0.0001481663784943,0.8824849124663766,2.500687514839228e-05,188,1,1,same_source_cyclic_next_latent,False,ljonly_r16_d8,8,-1.5958758012857288e-06
validation,lj_noisy,61,199,2.122942532878369e-05,0.0001944780233316,0.8908389494859039,2.4091552404570397e-05,188,1,1,same_source_cyclic_next_latent,False,r16_d8,2026,2.464686258463189e-05,0.0001944780233316,0.8732665924796781,3.399946945137344e-05,188,1,1,same_source_cyclic_next_latent,False,ljonly_r16_d8,8,-3.417437255848199e-06
validation,lj_noisy,188,0,6.819630016252631e-07,0.0,,8.585661248616816e-07,67,1,1,same_source_cyclic_next_latent,False,r16_d8,2026,2.308677494511357e-06,0.0,,1.9580693333409727e-06,67,1,1,same_source_cyclic_next_latent,False,ljonly_r16_d8,8,-1.626714492886094e-06
validation,lj_noisy,188,5,4.7955984427972e-07,9.160689984355487e-08,-4.234975150329357,6.421232114917075e-07,67,1,1,same_source_cyclic_next_latent,False,r16_d8,2026,1.948348653968424e-06,9.160689984355487e-08,-20.268579739034827,1.6094920738396468e-06,67,1,1,same_source_cyclic_next_latent,False,ljonly_r16_d8,8,-1.468788809688704e-06
validation,lj_noisy,188,10,3.584333683193109e-07,3.833892776583525e-07,0.0650928724232097,4.955812755724764e-07,67,1,1,same_source_cyclic_next_latent,False,r16_d8,2026,1.662083377595991e-06,3.833892776583525e-07,-3.33523698875354,1.333158252236899e-06,67,1,1,same_source_cyclic_next_latent,False,ljonly_r16_d8,8,-1.30365000927668e-06
validation,lj_noisy,188,25,5.260258149064612e-07,2.6204288587905467e-06,0.7992596467017817,5.669254505846766e-07,67,1,1,same_source_cyclic_next_latent,False,r16_d8,2026,1.488364773649664e-06,2.6204288587905467e-06,0.4320148136604572,1.0802964425238315e-06,67,1,1,same_source_cyclic_next_latent,False,ljonly_r16_d8,8,-9.623389587432028e-07
validation,lj_noisy,188,50,2.0676382064266363e-06,1.1088137398473918e-05,0.8135270034883217,2.0702852907561464e-06,67,1,1,same_source_cyclic_next_latent,False,r16_d8,2026,3.048089411095134e-06,1.1088137398473918e-05,0.7251035677538908,2.259090933875996e-06,67,1,1,same_source_cyclic_next_latent,False,ljonly_r16_d8,8,-9.804512046684977e-07
validation,lj_noisy,188,75,5.000248620490311e-06,2.5567558623151854e-05,0.8044299538258416,5.088757461635396e-06,67,1,1,same_source_cyclic_next_latent,False,r16_d8,2026,5.917375347053167e-06,2.5567558623151854e-05,0.7685592342127306,5.002760190109257e-06,67,1,1,same_source_cyclic_next_latent,False,ljonly_r16_d8,8,-9.171267265628566e-07
validation,lj_noisy,188,100,8.918919775169343e-06,4.645999797503464e-05,0.8080301299203254,9.344929821963888e-06,67,1,1,same_source_cyclic_next_latent,False,r16_d8,2026,9.074612535187043e-06,4.645999797503464e-05,0.8046790156972606,8.737508323974907e-06,67,1,1,same_source_cyclic_next_latent,False,ljonly_r16_d8,8,-1.556927600177005e-07
validation,lj_noisy,188,125,1.3785551345790736e-05,7.364279736066237e-05,0.8128051643899864,1.4831680346105712e-05,67,1,1,same_source_cyclic_next_latent,False,r16_d8,2026,1.336012974206824e-05,7.364279736066237e-05,0.8185819900806105,1.362212424282916e-05,67,1,1,same_source_cyclic_next_latent,False,ljonly_r16_d8,8,4.2542160372249613e-07
validation,lj_noisy,188,149,1.9329341739648956e-05,0.000105726372567,0.8171757786601566,2.11995229619788e-05,67,1,1,same_source_cyclic_next_latent,False,r16_d8,2026,1.9041854102397338e-05,0.000105726372567,0.8198949454136496,1.9616356439655647e-05,67,1,1,same_source_cyclic_next_latent,False,ljonly_r16_d8,8,2.874876372516189e-07
validation,lj_noisy,188,175,2.6774081561597995e-05,0.000146960519487,0.8178144602710156,2.955672243842855e-05,67,1,1,same_source_cyclic_next_latent,False,r16_d8,2026,2.754413799266331e-05,0.000146960519487,0.8125745738460548,2.788607162074186e-05,67,1,1,same_source_cyclic_next_latent,False,ljonly_r16_d8,8,-7.700564310653135e-07
validation,lj_noisy,188,199,3.5780623875325546e-05,0.0001916797627927,0.813331238759888,3.904616096406244e-05,67,1,1,same_source_cyclic_next_latent,False,r16_d8,2026,3.852633744827472e-05,0.0001916797627927,0.7990067553979299,3.761726111406461e-05,67,1,1,same_source_cyclic_next_latent,False,ljonly_r16_d8,8,-2.745713572949171e-06
validation,lj_noisy,67,0,1.0601321491776616e-06,0.0,,7.351555098011886e-08,15,1,1,same_source_cyclic_next_latent,False,r16_d8,2026,2.3767856873746496e-06,0.0,,1.1110872719655165e-06,15,1,1,same_source_cyclic_next_latent,False,ljonly_r16_d8,8,-1.316653538196988e-06
validation,lj_noisy,67,5,8.484511226924951e-07,8.974264886774108e-08,-8.454268771840093,1.869048560365627e-08,15,1,1,same_source_cyclic_next_latent,False,r16_d8,2026,2.035328407146153e-06,8.974264886774108e-08,-21.6796114536995,7.835592441551853e-07,15,1,1,same_source_cyclic_next_latent,False,ljonly_r16_d8,8,-1.186877284453658e-06
validation,lj_noisy,67,10,6.854099297015637e-07,3.756259161491471e-07,-0.8247141643693532,5.101525601958201e-08,15,1,1,same_source_cyclic_next_latent,False,r16_d8,2026,1.7445944422433968e-06,3.756259161491471e-07,-3.6444996663933145,5.249643209026544e-07,15,1,1,same_source_cyclic_next_latent,False,ljonly_r16_d8,8,-1.059184512541833e-06
validation,lj_noisy,67,25,5.450135063256312e-07,2.4605394628451904e-06,0.778498368119885,6.008216359987273e-07,15,1,1,same_source_cyclic_next_latent,False,r16_d8,2026,1.3244142564872163e-06,2.4605394628451904e-06,0.4617382584241265,2.75220685352906e-07,15,1,1,same_source_cyclic_next_latent,False,ljonly_r16_d8,8,-7.794007501615852e-07
validation,lj_noisy,67,50,1.2842269825341646e-06,1.0304262104909869e-05,0.8753693404283414,2.3012648853182327e-06,15,1,1,same_source_cyclic_next_latent,False,r16_d8,2026,1.934079591592308e-06,1.0304262104909869e-05,0.8123029507692026,1.0421061915621976e-06,15,1,1,same_source_cyclic_next_latent,False,ljonly_r16_d8,8,-6.498526090581436e-07
validation,lj_noisy,67,75,3.1939937343850038e-06,2.4312985260621645e-05,0.8686301291204197,4.340162831795169e-06,15,1,1,same_source_cyclic_next_latent,False,r16_d8,2026,3.9447404560633e-06,2.4312985260621645e-05,0.8377517028954741,2.8559111342474357e-06,15,1,1,same_source_cyclic_next_latent,False,ljonly_r16_d8,8,-7.507467216782966e-07
validation,lj_noisy,67,100,5.9917338148807175e-06,4.4734984840033576e-05,0.8660615659912176,6.769722858734895e-06,15,1,1,same_source_cyclic_next_latent,False,r16_d8,2026,6.662433406745549e-06,4.4734984840033576e-05,0.8510688350388508,5.680824415321695e-06,15,1,1,same_source_cyclic_next_latent,False,ljonly_r16_d8,8,-6.706995918648317e-07
validation,lj_noisy,67,125,9.55301584326662e-06,7.140247180359438e-05,0.8662088916257137,1.0312583071936388e-05,15,1,1,same_source_cyclic_next_latent,False,r16_d8,2026,1.0089625902764963e-05,7.140247180359438e-05,0.8586936047463688,9.530726856610272e-06,15,1,1,same_source_cyclic_next_latent,False,ljonly_r16_d8,8,-5.366100594983436e-07
validation,lj_noisy,67,149,1.3779529581370298e-05,0.0001028560582199,0.8660309385772036,1.511381287855329e-05,15,1,1,same_source_cyclic_next_latent,False,r16_d8,2026,1.4405246474780142e-05,0.0001028560582199,0.8599475157410688,1.4018705769558435e-05,15,1,1,same_source_cyclic_next_latent,False,ljonly_r16_d8,8,-6.257168934098445e-07
validation,lj_noisy,67,175,1.9521887224982493e-05,0.0001433728903066,0.8638383645385795,2.176658745156601e-05,15,1,1,same_source_cyclic_next_latent,False,r16_d8,2026,2.037631202256307e-05,0.0001433728903066,0.8578789059843633,2.063342253677547e-05,15,1,1,same_source_cyclic_next_latent,False,ljonly_r16_d8,8,-8.544247975805774e-07
validation,lj_noisy,67,199,2.6273275580024347e-05,0.0001868223625933,0.8593676088059705,2.9446653570630588e-05,15,1,1,same_source_cyclic_next_latent,False,r16_d8,2026,2.7403822969063185e-05,0.0001868223625933,0.8533161523671099,2.9992115742061287e-05,15,1,1,same_source_cyclic_next_latent,False,ljonly_r16_d8,8,-1.1305473890388384e-06
